{"type": "FeatureCollection", "features": [{"type": "Feature", "geometry": {"type": "MultiLineString", "coordinates": [[[-0.2249929, 51.4937016], [-0.2251853, 51.4947177]], [[-0.2055497, 51.5195429], [-0.2043269, 51.5204285], [-0.2033514, 51.5208167], [-0.2022948, 51.5209913], [-0.2014829, 51.520991], [-0.2008533, 51.5209213]], [[-0.1205014, 51.5305316], [-0.1217296, 51.5306154], [-0.1228922, 51.5303567]], [[-0.2255915, 51.4967778], [-0.2256854, 51.4972091]], [[-0.1921683, 51.5004362], [-0.1922323, 51.5005016]], [[-0.189788, 51.4985508], [-0.1907496, 51.4991264]], [[-0.1489436, 51.5232822], [-0.1523706, 51.5230067], [-0.1554892, 51.5224607]], [[-0.0757465, 51.5144404], [-0.0754903, 51.5141723]], [[-0.1554892, 51.5224607], [-0.1649904, 51.520731]], [[-0.0843205, 51.5106401], [-0.0836248, 51.5106159], [-0.0826885, 51.5104458], [-0.0804316, 51.5096966], [-0.0784592, 51.5095854], [-0.0777298, 51.5098131]], [[-0.1228922, 51.5303567], [-0.1256138, 51.5291487], [-0.1267679, 51.5288206], [-0.1312616, 51.5271128], [-0.1338133, 51.5262918]], [[-0.1776024, 51.5181843], [-0.1764656, 51.5175759], [-0.1756838, 51.5174543], [-0.1707503, 51.5182981]], [[-0.1951411, 51.5197246], [-0.193703, 51.5196563]], [[-0.0972349, 51.5202372], [-0.0964925, 51.5200721]], [[-0.0964925, 51.5200721], [-0.0916011, 51.5188906]], [[-0.0916011, 51.5188906], [-0.0888213, 51.5183085]], [[-0.0995268, 51.5201932], [-0.0977976, 51.520272]], [[-0.0977976, 51.520272], [-0.0972349, 51.5202372]], [[-0.1026393, 51.5196528], [-0.0995268, 51.5201932]], [[-0.1063207, 51.5221503], [-0.104784, 51.5203559]], [[-0.1150266, 51.5278325], [-0.1161455, 51.5285095]], [[-0.1759956, 51.515168], [-0.1749549, 51.5157268]], [[-0.169257, 51.4940298], [-0.1676741, 51.4939611]], [[-0.173857, 51.5163517], [-0.1722573, 51.5172301]], [[-0.1743291, 51.5160937], [-0.173857, 51.5163517]], [[-0.1716511, 51.5176733], [-0.1712567, 51.5180278], [-0.1708942, 51.5182226]], [[-0.1708942, 51.5182226], [-0.1707503, 51.5182981]], [[-0.1722573, 51.5172301], [-0.1719434, 51.5173958]], [[-0.1749549, 51.5157268], [-0.1743291, 51.5160937]], [[-0.1917089, 51.5119946], [-0.1902601, 51.5121569]], [[-0.1879168, 51.5123307], [-0.1842659, 51.5126073]], [[-0.1902601, 51.5121569], [-0.189799, 51.5121885]], [[-0.1836497, 51.5126337], [-0.1814303, 51.5129321]], [[-0.1842659, 51.5126073], [-0.1836497, 51.5126337]], [[-0.1957513, 51.5103178], [-0.1955505, 51.5105631]], [[-0.1955505, 51.5105631], [-0.1948462, 51.5111084], [-0.1940958, 51.5114622], [-0.191841, 51.5119744]], [[-0.191841, 51.5119744], [-0.1917089, 51.5119946]], [[-0.1813049, 51.5129597], [-0.1795998, 51.5134381], [-0.1770466, 51.5147751], [-0.1759956, 51.515168]], [[-0.1814303, 51.5129321], [-0.1813049, 51.5129597]], [[-0.168049, 51.5197046], [-0.1683274, 51.5195749]], [[-0.1953334, 51.5068303], [-0.1957247, 51.5078611]], [[-0.1943087, 51.504054], [-0.1943335, 51.5041373]], [[-0.1943335, 51.5041373], [-0.1951787, 51.5064164]], [[-0.1960554, 51.5088138], [-0.1960493, 51.5094641], [-0.1957513, 51.5103178]], [[-0.1957828, 51.5080949], [-0.1960554, 51.5088138]], [[-0.1951787, 51.5064164], [-0.1953334, 51.5068303]], [[-0.0753777, 51.51396], [-0.0753221, 51.5133822]], [[-0.0753221, 51.5133822], [-0.0755511, 51.512521], [-0.0753392, 51.5116296], [-0.0753265, 51.5113036], [-0.0757532, 51.510326]], [[-0.2102343, 51.5174787], [-0.2099036, 51.5175552]], [[-0.2070211, 51.51853], [-0.2055497, 51.5195429]], [[-0.2099036, 51.5175552], [-0.2085306, 51.5178972], [-0.2072281, 51.5184282]], [[-0.2072281, 51.5184282], [-0.2070211, 51.51853]], [[-0.2133153, 51.5165895], [-0.2123877, 51.5169706], [-0.2102343, 51.5174787]], [[-0.104784, 51.5203559], [-0.1042818, 51.5200535]], [[-0.1042818, 51.5200535], [-0.1026393, 51.5196528]], [[-0.170708, 51.5182733], [-0.1708942, 51.5182226]], [[-0.1708942, 51.5182226], [-0.1756717, 51.5174044], [-0.1765032, 51.5175264], [-0.1779369, 51.5182099]], [[-0.116622, 51.528782], [-0.1171166, 51.529065]], [[-0.1532256, 51.4919617], [-0.1526137, 51.4919748]], [[-0.1632849, 51.4937711], [-0.1615964, 51.4936369], [-0.1597363, 51.4933272], [-0.1560365, 51.4922737]], [[-0.1638576, 51.493803], [-0.1632849, 51.4937711]], [[-0.1825919, 51.4944434], [-0.1796913, 51.4937514], [-0.1737493, 51.4941979]], [[-0.1526137, 51.4919748], [-0.1515216, 51.4920732], [-0.1503361, 51.4924062]], [[-0.1560365, 51.4922737], [-0.1550376, 51.4920853]], [[-0.1550376, 51.4920853], [-0.1532256, 51.4919617]], [[-0.1503361, 51.4924062], [-0.1500993, 51.4924963]], [[-0.1674573, 51.4939516], [-0.1638576, 51.493803]], [[-0.1500993, 51.4924963], [-0.1482549, 51.4936351], [-0.1467615, 51.4953795], [-0.1464178, 51.4956783], [-0.1455279, 51.4960906], [-0.1447174, 51.4962982]], [[-0.1676741, 51.4939611], [-0.1674573, 51.4939516]], [[-0.1148108, 51.5108846], [-0.1200928, 51.5091913], [-0.1213007, 51.5084184], [-0.122038, 51.5076094]], [[-0.0808641, 51.5169498], [-0.0786166, 51.5162418], [-0.0772783, 51.5156053]], [[-0.0772783, 51.5156053], [-0.0770281, 51.5154502]], [[-0.0770281, 51.5154502], [-0.0765666, 51.5151357]], [[-0.1145664, 51.5275362], [-0.1150266, 51.5278325]], [[-0.1079375, 51.5232699], [-0.1090463, 51.5238371], [-0.1106654, 51.5250659], [-0.1126427, 51.526257], [-0.1145664, 51.5275362]], [[-0.122038, 51.5076094], [-0.1228509, 51.5063867], [-0.1230074, 51.5053853], [-0.1238859, 51.5022297], [-0.1242144, 51.5017863], [-0.1245651, 51.501496], [-0.1251817, 51.5011187], [-0.1258326, 51.5008439]], [[-0.1789931, 51.5186117], [-0.1776024, 51.5181843]], [[-0.1672074, 51.519932], [-0.1683274, 51.5195749]], [[-0.1048278, 51.5203424], [-0.1063796, 51.5221466]], [[-0.0784406, 51.5095608], [-0.08065, 51.5097107], [-0.0827071, 51.5104214], [-0.0843174, 51.5106056]], [[-0.0757862, 51.5144805], [-0.0757465, 51.5144404]], [[-0.0833928, 51.51735], [-0.0818196, 51.5170871]], [[-0.0843726, 51.5175043], [-0.0833928, 51.51735]], [[-0.1432359, 51.4963742], [-0.1404794, 51.4971713], [-0.1387281, 51.4975365]], [[-0.1433167, 51.4963685], [-0.1432359, 51.4963742]], [[-0.1447174, 51.4962982], [-0.1446004, 51.496316]], [[-0.1446004, 51.496316], [-0.1433167, 51.4963685]], [[-0.1387281, 51.4975365], [-0.1385738, 51.4975781]], [[-0.1129111, 51.5111535], [-0.1148108, 51.5108846]], [[-0.0903013, 51.5114806], [-0.0907421, 51.5114714], [-0.0941162, 51.511876], [-0.0951839, 51.5118217]], [[-0.1875646, 51.496173], [-0.1866349, 51.495494]], [[-0.1866349, 51.495494], [-0.1853634, 51.4950126]], [[-0.1897537, 51.498573], [-0.1891789, 51.4981453], [-0.1886263, 51.4975927], [-0.1882412, 51.4971623], [-0.1875646, 51.496173]], [[-0.1866349, 51.495494], [-0.1873432, 51.4959102]], [[-0.1921338, 51.500451], [-0.1907581, 51.4991809]], [[-0.1918348, 51.5119362], [-0.1940747, 51.5114153], [-0.1950452, 51.5109214], [-0.1955372, 51.5104796]], [[-0.195125, 51.5064246], [-0.1942651, 51.5041472]], [[-0.1722282, 51.5172071], [-0.1738067, 51.5163165]], [[-0.1812951, 51.5129422], [-0.1814192, 51.5129134]], [[-0.191699, 51.5119515], [-0.1918348, 51.5119362]], [[-0.1956765, 51.5078716], [-0.1952778, 51.5068437]], [[-0.1742794, 51.5160583], [-0.1749141, 51.5156993]], [[-0.1952778, 51.5068437], [-0.195125, 51.5064246]], [[-0.1955372, 51.5104796], [-0.1956903, 51.5102932]], [[-0.1942651, 51.5041472], [-0.1942375, 51.5040632]], [[-0.1960156, 51.508822], [-0.1957434, 51.5081005]], [[-0.1738067, 51.5163165], [-0.1742794, 51.5160583]], [[-0.1814192, 51.5129134], [-0.1836412, 51.5126036]], [[-0.190246, 51.5121154], [-0.191699, 51.5119515]], [[-0.1836412, 51.5126036], [-0.1842548, 51.5125804]], [[-0.1715742, 51.5176702], [-0.1718106, 51.5174644]], [[-0.1749141, 51.5156993], [-0.1759579, 51.5151413]], [[-0.1842548, 51.5125804], [-0.1879098, 51.5122953]], [[-0.1705302, 51.5183775], [-0.170708, 51.5182733]], [[-0.1956903, 51.5102932], [-0.19596, 51.5096115], [-0.1960156, 51.508822]], [[-0.1879098, 51.5122953], [-0.1889097, 51.5122283]], [[-0.1942375, 51.5040632], [-0.1931705, 51.5016602], [-0.1921961, 51.5005126]], [[-0.1759579, 51.5151413], [-0.1770395, 51.5147372], [-0.1795927, 51.5134002], [-0.1812951, 51.5129422]], [[-0.1907581, 51.4991809], [-0.1897537, 51.498573]], [[-0.1854238, 51.4949371], [-0.1860207, 51.4950754], [-0.1873432, 51.4959102]], [[-0.1873432, 51.4959102], [-0.187606, 51.4961603]], [[-0.1848898, 51.4948177], [-0.1852745, 51.494868]], [[-0.1674924, 51.493921], [-0.1677054, 51.4939347]], [[-0.1638131, 51.49377], [-0.1674924, 51.493921]], [[-0.1632655, 51.4937367], [-0.1638131, 51.49377]], [[-0.1526119, 51.491947], [-0.1532244, 51.4919338]], [[-0.1500757, 51.492476], [-0.1503145, 51.4923821]], [[-0.1677054, 51.4939347], [-0.169262, 51.4939888]], [[-0.1550494, 51.4920565], [-0.1560548, 51.4922456]], [[-0.1503145, 51.4923821], [-0.1515079, 51.4920477], [-0.1526119, 51.491947]], [[-0.1532244, 51.4919338], [-0.1550494, 51.4920565]], [[-0.1737326, 51.4940649], [-0.1748801, 51.4940841], [-0.17919, 51.4937347], [-0.1801884, 51.4937573]], [[-0.169262, 51.4939888], [-0.1737326, 51.4940649]], [[-0.1560548, 51.4922456], [-0.1597242, 51.4932846], [-0.1632655, 51.4937367]], [[-0.1447102, 51.4962678], [-0.146383, 51.4956607], [-0.1482953, 51.4935509], [-0.1500757, 51.492476]], [[-0.1258326, 51.5008439], [-0.1284429, 51.4998986], [-0.1290265, 51.4997659], [-0.1335942, 51.4995487], [-0.1354815, 51.4989472], [-0.1372808, 51.4980302], [-0.1385532, 51.4975495]], [[-0.1385532, 51.4975495], [-0.1387177, 51.4975064]], [[-0.1432299, 51.4963476], [-0.1433104, 51.4963403]], [[-0.1445971, 51.4962827], [-0.1447102, 51.4962678]], [[-0.1433104, 51.4963403], [-0.1445971, 51.4962827]], [[-0.1387177, 51.4975064], [-0.1432299, 51.4963476]], [[-0.1672693, 51.5200584], [-0.1676958, 51.519891]], [[-0.1933853, 51.519597], [-0.1950166, 51.5196864]], [[-0.1950166, 51.5196864], [-0.1958609, 51.519783], [-0.1975144, 51.5201146], [-0.2004116, 51.5208155]], [[-0.1668361, 51.5203099], [-0.1656381, 51.5205881]], [[-0.165648, 51.5205685], [-0.1672074, 51.519932]], [[-0.1737493, 51.4941979], [-0.169257, 51.4940298]], [[-0.187606, 51.4961603], [-0.188269, 51.497151], [-0.189788, 51.4985508]], [[-0.1801884, 51.4937573], [-0.1848898, 51.4948177]], [[-0.1848898, 51.4948177], [-0.1854238, 51.4949371]], [[-0.2252766, 51.4954472], [-0.2249524, 51.4937036]], [[-0.2252766, 51.4954472], [-0.2250423, 51.4948751]], [[-0.2250423, 51.4948751], [-0.224788, 51.4936827]], [[-0.2256251, 51.4971834], [-0.2255915, 51.4967778]], [[-0.2253599, 51.4958452], [-0.2254592, 51.4961484]], [[-0.2250423, 51.4948751], [-0.2245565, 51.4935464]], [[-0.193703, 51.5196563], [-0.1894618, 51.519246]], [[-0.1894618, 51.519246], [-0.1866198, 51.5189969]], [[-0.2132316, 51.5165454], [-0.2146054, 51.5157844], [-0.219771, 51.5119968], [-0.2206783, 51.5114762], [-0.2237766, 51.510065], [-0.2247341, 51.5093291], [-0.2256044, 51.508289], [-0.2260202, 51.507307], [-0.2267696, 51.5031828], [-0.2256251, 51.4971834]], [[-0.2098946, 51.5175144], [-0.2102014, 51.5174431]], [[-0.2069766, 51.5184829], [-0.2071953, 51.5183715]], [[-0.2071953, 51.5183715], [-0.2084374, 51.5178732], [-0.2098946, 51.5175144]], [[-0.2102014, 51.5174431], [-0.2119473, 51.5170422], [-0.2132316, 51.5165454]], [[-0.179069, 51.5185618], [-0.1815492, 51.5186791]], [[-0.1676958, 51.519891], [-0.168049, 51.5197046]], [[-0.168708, 51.5193973], [-0.1689984, 51.5192818]], [[-0.168382, 51.5196233], [-0.1673162, 51.5201541]], [[-0.168708, 51.5193973], [-0.1705302, 51.5183775]], [[-0.1707503, 51.5182981], [-0.1689984, 51.5192818]], [[-0.1689984, 51.5192818], [-0.168382, 51.5196233]], [[-0.1779369, 51.5182099], [-0.179069, 51.5185618]], [[-0.1649904, 51.520731], [-0.165648, 51.5205685]], [[-0.1662143, 51.5203846], [-0.1672693, 51.5200584]], [[-0.1656381, 51.5205881], [-0.1650076, 51.5207493]], [[-0.1650076, 51.5207493], [-0.155512, 51.5225008]], [[-0.1489664, 51.5233223], [-0.1459327, 51.523848], [-0.1452135, 51.5238868], [-0.144476, 51.5238379]], [[-0.155512, 51.5225008], [-0.1523934, 51.5230468], [-0.1489664, 51.5233223]], [[-0.122908, 51.5303997], [-0.1217474, 51.5306533], [-0.1205086, 51.5305653]], [[-0.1170515, 51.5290793], [-0.1165591, 51.5287951]], [[-0.1149893, 51.527858], [-0.1145206, 51.527562]], [[-0.116108, 51.5285345], [-0.1149893, 51.527858]], [[-0.1145206, 51.527562], [-0.1106376, 51.5250886], [-0.1090112, 51.5238636], [-0.1079003, 51.5232904]], [[-0.1045355, 51.5201414], [-0.1048278, 51.5203424]], [[-0.0977943, 51.5202439], [-0.099514, 51.5201697]], [[-0.099514, 51.5201697], [-0.1019949, 51.5196263], [-0.1026848, 51.5196266]], [[-0.1026848, 51.5196266], [-0.1043232, 51.520037]], [[-0.0767088, 51.5151934], [-0.0770562, 51.5154318]], [[-0.0770562, 51.5154318], [-0.077315, 51.5155846]], [[-0.077315, 51.5155846], [-0.0786351, 51.5162142], [-0.0809028, 51.5169122]], [[-0.0965288, 51.5200441], [-0.0972423, 51.5202064]], [[-0.0972423, 51.5202064], [-0.0974056, 51.5202299]], [[-0.0809028, 51.5169122], [-0.0818321, 51.5170561]], [[-0.0834029, 51.5173233], [-0.0844014, 51.5174723]], [[-0.0844014, 51.5174723], [-0.0888349, 51.5182687]], [[-0.0757156, 51.5140964], [-0.0759637, 51.5143622]], [[-0.0759637, 51.5143622], [-0.0759995, 51.514403]], [[-0.0753714, 51.5133651], [-0.0754022, 51.5136076]], [[-0.0763641, 51.5150037], [-0.0757862, 51.5144805]], [[-0.1031065, 51.5117941], [-0.1021012, 51.5120673], [-0.1014555, 51.5121171], [-0.0964306, 51.5118657], [-0.0943721, 51.5119659], [-0.0903017, 51.5115065]], [[-0.1148135, 51.510911], [-0.1129141, 51.5111794]], [[-0.1221088, 51.5076205], [-0.1213429, 51.508436], [-0.1201321, 51.5092126], [-0.1148135, 51.510911]], [[-0.1258665, 51.5008769], [-0.1246467, 51.5014792], [-0.1239342, 51.5022355], [-0.1230544, 51.5053871], [-0.1229134, 51.5064086], [-0.1221088, 51.5076205]], [[-0.1683274, 51.5195749], [-0.168708, 51.5193973]], [[-0.168382, 51.5196233], [-0.1680878, 51.5197315]], [[-0.170708, 51.5182733], [-0.1715742, 51.5176702]], [[-0.0916011, 51.5188906], [-0.0915117, 51.5188473]], [[-0.0915117, 51.5188473], [-0.0912878, 51.5187572]], [[-0.0912878, 51.5187572], [-0.0892211, 51.5182398]], [[-0.1043232, 51.520037], [-0.1045355, 51.5201414]], [[-0.1680878, 51.5197315], [-0.1676958, 51.519891]], [[-0.2253599, 51.4958452], [-0.2252766, 51.4954472]], [[-0.2251853, 51.4947177], [-0.2254592, 51.4961484]], [[-0.2254592, 51.4961484], [-0.2255915, 51.4967778]], [[-0.1907496, 51.4991264], [-0.1921683, 51.5004362]], [[-0.2256251, 51.4971834], [-0.2253599, 51.4958452]], [[-0.1866265, 51.5189235], [-0.1901584, 51.5192817]], [[-0.1901584, 51.5192817], [-0.1933853, 51.519597]], [[-0.1815492, 51.5186791], [-0.1866265, 51.5189235]], [[-0.1866198, 51.5189969], [-0.1815509, 51.5187139]], [[-0.1815509, 51.5187139], [-0.1789931, 51.5186117]], [[-0.1901584, 51.5192817], [-0.1894618, 51.519246]], [[-0.0818196, 51.5170871], [-0.0808641, 51.5169498]], [[-0.0818321, 51.5170561], [-0.0834029, 51.5173233]], [[-0.0888349, 51.5182687], [-0.0915117, 51.5188473]], [[-0.0915117, 51.5188473], [-0.0965288, 51.5200441]], [[-0.0888213, 51.5183085], [-0.0843726, 51.5175043]], [[-0.0755528, 51.5139], [-0.0757156, 51.5140964]], [[-0.0754903, 51.5141723], [-0.0753777, 51.51396]], [[-0.0759995, 51.514403], [-0.0767088, 51.5151934]], [[-0.0912878, 51.5187572], [-0.0892053, 51.5182739]], [[-0.0754022, 51.5136076], [-0.0754591, 51.5137578]], [[-0.0754591, 51.5137578], [-0.0755528, 51.5139]], [[-0.0757532, 51.510326], [-0.0758561, 51.5102276]], [[-0.0758623, 51.5102688], [-0.0757872, 51.5103408]], [[-0.0761979, 51.509941], [-0.0766185, 51.5097755], [-0.0777223, 51.509719]], [[-0.0757872, 51.5103408], [-0.0753754, 51.5112916], [-0.0756034, 51.5125193], [-0.0753714, 51.5133651]], [[-0.144476, 51.5238379], [-0.1443543, 51.523832]], [[-0.144482, 51.5238155], [-0.1459488, 51.5238049], [-0.1489436, 51.5232822]], [[-0.1338357, 51.5263189], [-0.1297425, 51.5277042], [-0.122908, 51.5303997]], [[-0.1443505, 51.5238065], [-0.144482, 51.5238155]], [[-0.0867277, 51.5108999], [-0.0857716, 51.510677], [-0.0843205, 51.5106401]], [[-0.0843174, 51.5106056], [-0.0857326, 51.5106481], [-0.0868222, 51.5108814]], [[-0.0868222, 51.5108814], [-0.0894123, 51.5114342], [-0.0903013, 51.5114806]], [[-0.0903017, 51.5115065], [-0.0894065, 51.511455], [-0.0867277, 51.5108999]], [[-0.1338133, 51.5262918], [-0.1363623, 51.525398]], [[-0.1363732, 51.5254304], [-0.1338357, 51.5263189]], [[-0.1424383, 51.5239663], [-0.1363732, 51.5254304]], [[-0.1363623, 51.525398], [-0.1424268, 51.5239371]], [[-0.1424268, 51.5239371], [-0.1433785, 51.5238163], [-0.1438686, 51.5237975], [-0.1443505, 51.5238065]], [[-0.1443543, 51.523832], [-0.1424383, 51.5239663]], [[-0.1922323, 51.5005016], [-0.193223, 51.501639], [-0.1943087, 51.504054]], [[-0.1921961, 51.5005126], [-0.1921338, 51.500451]], [[-0.1889165, 51.5122628], [-0.1879168, 51.5123307]], [[-0.1889097, 51.5122283], [-0.1891143, 51.5122133]], [[-0.2256854, 51.4972091], [-0.2268513, 51.5033105], [-0.226078, 51.507328], [-0.2256157, 51.5083681], [-0.2247485, 51.5093878], [-0.2238362, 51.5100783], [-0.2198831, 51.5119934], [-0.2147079, 51.5157867], [-0.2133153, 51.5165895]], [[-0.1385738, 51.4975781], [-0.1353477, 51.4990453], [-0.1335941, 51.4995883], [-0.129045, 51.4998143], [-0.1258665, 51.5008769]], [[-0.0953423, 51.5118136], [-0.1014551, 51.5120912], [-0.1030891, 51.5117671]], [[-0.0951839, 51.5118217], [-0.0952673, 51.5118182]], [[-0.1718106, 51.5174644], [-0.1719164, 51.517375]], [[-0.1719164, 51.517375], [-0.1722282, 51.5172071]], [[-0.1718461, 51.5174882], [-0.1716511, 51.5176733]], [[-0.1719434, 51.5173958], [-0.1718461, 51.5174882]], [[-0.2008533, 51.5209213], [-0.2004297, 51.5208393]], [[-0.2004297, 51.5208393], [-0.1951411, 51.5197246]], [[-0.2008379, 51.5208991], [-0.202547, 51.5209487], [-0.2038999, 51.5205888], [-0.2069766, 51.5184829]], [[-0.2004116, 51.5208155], [-0.2008379, 51.5208991]], [[-0.189799, 51.5121885], [-0.1896664, 51.5121985]], [[-0.1896664, 51.5121985], [-0.1891231, 51.5122474]], [[-0.1897878, 51.5121576], [-0.190246, 51.5121154]], [[-0.189654, 51.512166], [-0.1897878, 51.5121576]], [[-0.1891231, 51.5122474], [-0.1889165, 51.5122628]], [[-0.1891143, 51.5122133], [-0.189654, 51.512166]], [[-0.1032605, 51.5117468], [-0.1031065, 51.5117941]], [[-0.1129141, 51.5111794], [-0.1114619, 51.5112381], [-0.1055329, 51.5112073], [-0.1032605, 51.5117468]], [[-0.103252, 51.5117186], [-0.1055402, 51.511178], [-0.1129111, 51.5111535]], [[-0.1030891, 51.5117671], [-0.103252, 51.5117186]], [[-0.1853634, 51.4950126], [-0.1851894, 51.4949622]], [[-0.0952673, 51.5118182], [-0.0953423, 51.5118136]], [[-0.2249632, 51.4935445], [-0.224979, 51.4936258]], [[-0.2249381, 51.4936287], [-0.2249228, 51.4935468]], [[-0.1673162, 51.5201541], [-0.1668361, 51.5203099]], [[-0.2249524, 51.4937036], [-0.2249381, 51.4936287]], [[-0.224979, 51.4936258], [-0.2249929, 51.4937016]], [[-0.0777223, 51.509719], [-0.0784406, 51.5095608]], [[-0.0777298, 51.5098131], [-0.0762519, 51.509986]], [[-0.0762519, 51.509986], [-0.0758623, 51.5102688]], [[-0.0758561, 51.5102276], [-0.0761979, 51.509941]], [[-0.1197851, 51.5303936], [-0.1190208, 51.5301511]], [[-0.1200306, 51.5304214], [-0.1205014, 51.5305316]], [[-0.1183975, 51.5298026], [-0.1185345, 51.5298839]], [[-0.1184824, 51.5298983], [-0.1183347, 51.5298175]], [[-0.1183347, 51.5298175], [-0.1178544, 51.5295382]], [[-0.1178544, 51.5295382], [-0.1177427, 51.5294699]], [[-0.1179294, 51.5295252], [-0.1183975, 51.5298026]], [[-0.1178124, 51.5294559], [-0.1179294, 51.5295252]], [[-0.1173151, 51.5291756], [-0.1178124, 51.5294559]], [[-0.1171166, 51.529065], [-0.1173151, 51.5291756]], [[-0.1177427, 51.5294699], [-0.1172463, 51.5291888]], [[-0.1172463, 51.5291888], [-0.1170515, 51.5290793]], [[-0.1163731, 51.5286859], [-0.116108, 51.5285345]], [[-0.1165591, 51.5287951], [-0.1163731, 51.5286859]], [[-0.1161455, 51.5285095], [-0.1164327, 51.528673]], [[-0.1164327, 51.528673], [-0.116622, 51.528782]], [[-0.1189126, 51.5301075], [-0.1184824, 51.5298983]], [[-0.1190208, 51.5301511], [-0.1189126, 51.5301075]], [[-0.1185345, 51.5298839], [-0.1189731, 51.5300903]], [[-0.1189731, 51.5300903], [-0.1190817, 51.5301359]], [[-0.1190817, 51.5301359], [-0.1197548, 51.530353]], [[-0.1197548, 51.530353], [-0.1200306, 51.5304214]], [[-0.1205086, 51.5305653], [-0.1199667, 51.5304384]], [[-0.1199667, 51.5304384], [-0.1197851, 51.5303936]], [[-0.1067513, 51.5225213], [-0.1075325, 51.5230171]], [[-0.1066423, 51.5224317], [-0.1067513, 51.5225213]], [[-0.1074488, 51.5230015], [-0.1067129, 51.5225353]], [[-0.1067129, 51.5225353], [-0.106601, 51.5224475]], [[-0.1065156, 51.5223045], [-0.1066423, 51.5224317]], [[-0.1063796, 51.5221466], [-0.1065156, 51.5223045]], [[-0.106601, 51.5224475], [-0.106456, 51.5223086]], [[-0.106456, 51.5223086], [-0.1063207, 51.5221503]], [[-0.1079003, 51.5232904], [-0.1076779, 51.523148]], [[-0.1077502, 51.5231524], [-0.1079375, 51.5232699]], [[-0.1076779, 51.523148], [-0.1074488, 51.5230015]], [[-0.1075325, 51.5230171], [-0.1077502, 51.5231524]], [[-0.1851894, 51.4949622], [-0.1825919, 51.4944434]], [[-0.0974056, 51.5202299], [-0.0977943, 51.5202439]], [[-0.1957434, 51.5081005], [-0.1956765, 51.5078716]], [[-0.1957247, 51.5078611], [-0.1957828, 51.5080949]], [[-0.0765666, 51.5151357], [-0.0763641, 51.5150037]], [[-0.077315, 51.5155846], [-0.0771571, 51.5155106]], [[-0.0771571, 51.5155106], [-0.0770281, 51.5154502]], [[-0.0772783, 51.5156053], [-0.0771571, 51.5155106]], [[-0.0771571, 51.5155106], [-0.0770562, 51.5154318]]]}, "properties": {"route": "Circle", "mode": "rail", "color": "#FFD300"}}, {"type": "Feature", "geometry": {"type": "MultiLineString", "coordinates": [[[-0.2249929, 51.4937016], [-0.2251853, 51.4947177]], [[-0.2055497, 51.5195429], [-0.2043269, 51.5204285], [-0.2033514, 51.5208167], [-0.2022948, 51.5209913], [-0.2014829, 51.520991], [-0.2008533, 51.5209213]], [[-0.1205014, 51.5305316], [-0.1217296, 51.5306154], [-0.1228922, 51.5303567]], [[-0.0247947, 51.5269047], [-0.0241355, 51.5267389], [-0.0236437, 51.526526], [-0.0209724, 51.5251112]], [[-0.2255915, 51.4967778], [-0.2256854, 51.4972091]], [[-0.1489436, 51.5232822], [-0.1523706, 51.5230067], [-0.1554892, 51.5224607]], [[-0.1554892, 51.5224607], [-0.1649904, 51.520731]], [[-0.0763641, 51.5150037], [-0.0749968, 51.514586], [-0.073758, 51.5146606]], [[-0.1228922, 51.5303567], [-0.1256138, 51.5291487], [-0.1267679, 51.5288206], [-0.1312616, 51.5271128], [-0.1338133, 51.5262918]], [[-0.0141987, 51.5244965], [-0.0153676, 51.5244849], [-0.0184868, 51.5245819]], [[-0.0254192, 51.5269379], [-0.0353244, 51.5248539], [-0.0373896, 51.5240708], [-0.0387262, 51.5232884], [-0.0409493, 51.5225621], [-0.0422882, 51.5223058], [-0.0454382, 51.521964], [-0.0514288, 51.5207839], [-0.0578613, 51.5196307], [-0.058463, 51.5196499]], [[-0.0600268, 51.5196066], [-0.0621801, 51.5190818], [-0.062816, 51.5187776]], [[-0.1776024, 51.5181843], [-0.1764656, 51.5175759], [-0.1756838, 51.5174543], [-0.1707503, 51.5182981]], [[-0.1951411, 51.5197246], [-0.193703, 51.5196563]], [[-0.0080429, 51.5254009], [-0.0064191, 51.5257764]], [[-0.0064191, 51.5257764], [0.0040652, 51.5282392]], [[0.0690187, 51.5439512], [0.0697118, 51.5437962]], [[0.0697118, 51.5437962], [0.0710553, 51.5435309]], [[0.0187254, 51.5316029], [0.0524073, 51.5393605], [0.0556488, 51.5404232], [0.0582924, 51.5415889], [0.059132, 51.5420993], [0.0602573, 51.5431659], [0.0609278, 51.5436839], [0.061834, 51.5441184], [0.0626882, 51.5444012], [0.0640027, 51.5446403], [0.0646828, 51.5446869], [0.0653813, 51.544677], [0.0666419, 51.5445067], [0.0690187, 51.5439512]], [[-0.0132917, 51.5246039], [-0.0100091, 51.5249901], [-0.0080429, 51.5254009]], [[-0.0080664, 51.5253639], [-0.0099959, 51.52496], [-0.0141987, 51.5244965]], [[-0.0972349, 51.5202372], [-0.0964925, 51.5200721]], [[-0.0964925, 51.5200721], [-0.0916011, 51.5188906]], [[-0.0916011, 51.5188906], [-0.0888213, 51.5183085]], [[-0.0995268, 51.5201932], [-0.0977976, 51.520272]], [[-0.0977976, 51.520272], [-0.0972349, 51.5202372]], [[-0.1026393, 51.5196528], [-0.0995268, 51.5201932]], [[-0.1063207, 51.5221503], [-0.104784, 51.5203559]], [[-0.1150266, 51.5278325], [-0.1161455, 51.5285095]], [[0.0040652, 51.5282392], [0.0049701, 51.5284923]], [[0.0049701, 51.5284923], [0.0100914, 51.5296594]], [[-0.168049, 51.5197046], [-0.1683274, 51.5195749]], [[0.0770276, 51.5415987], [0.0791937, 51.5405863], [0.0809226, 51.5397036]], [[0.0809226, 51.5397036], [0.0810967, 51.5396162]], [[0.0689999, 51.5439183], [0.065606, 51.5446265], [0.064436, 51.544647], [0.0628727, 51.5444126], [0.0608904, 51.543591], [0.0591786, 51.5420767], [0.0583298, 51.541563], [0.0556746, 51.5403961], [0.0524247, 51.53933], [0.0187501, 51.5315682]], [[-0.2102343, 51.5174787], [-0.2099036, 51.5175552]], [[-0.2070211, 51.51853], [-0.2055497, 51.5195429]], [[-0.2099036, 51.5175552], [-0.2085306, 51.5178972], [-0.2072281, 51.5184282]], [[-0.2072281, 51.5184282], [-0.2070211, 51.51853]], [[-0.2133153, 51.5165895], [-0.2123877, 51.5169706], [-0.2102343, 51.5174787]], [[-0.058463, 51.5196499], [-0.0597982, 51.5196486]], [[-0.0597982, 51.5196486], [-0.0600268, 51.5196066]], [[-0.104784, 51.5203559], [-0.1042818, 51.5200535]], [[-0.1042818, 51.5200535], [-0.1026393, 51.5196528]], [[-0.170708, 51.5182733], [-0.1756717, 51.5174044], [-0.1765032, 51.5175264], [-0.1779369, 51.5182099]], [[-0.116622, 51.528782], [-0.1171166, 51.529065]], [[-0.0808641, 51.5169498], [-0.0786166, 51.5162418], [-0.0772783, 51.5156053]], [[-0.0772783, 51.5156053], [-0.0770281, 51.5154502]], [[-0.0770281, 51.5154502], [-0.0765666, 51.5151357]], [[-0.1145664, 51.5275362], [-0.1150266, 51.5278325]], [[-0.1079375, 51.5232699], [-0.1090463, 51.5238371], [-0.1106654, 51.5250659], [-0.1126427, 51.526257], [-0.1145664, 51.5275362]], [[-0.1789931, 51.5186117], [-0.1776024, 51.5181843]], [[-0.1672074, 51.519932], [-0.1683274, 51.5195749]], [[-0.1048278, 51.5203424], [-0.1063796, 51.5221466]], [[-0.0833928, 51.51735], [-0.0818196, 51.5170871]], [[-0.0843726, 51.5175043], [-0.0833928, 51.51735]], [[-0.1933853, 51.519597], [-0.1950166, 51.5196864]], [[-0.1950166, 51.5196864], [-0.1958609, 51.519783], [-0.1975144, 51.5201146], [-0.2004116, 51.5208155]], [[-0.1668361, 51.5203099], [-0.1656381, 51.5205881]], [[-0.165648, 51.5205685], [-0.1672074, 51.519932]], [[-0.0064443, 51.5257365], [-0.0080664, 51.5253639]], [[-0.2252766, 51.4954472], [-0.2249524, 51.4937036]], [[-0.2252766, 51.4954472], [-0.2250423, 51.4948751]], [[-0.2250423, 51.4948751], [-0.224788, 51.4936827]], [[-0.2256251, 51.4971834], [-0.2255915, 51.4967778]], [[-0.2253599, 51.4958452], [-0.2254592, 51.4961484]], [[-0.2250423, 51.4948751], [-0.2245565, 51.4935464]], [[-0.193703, 51.5196563], [-0.1894618, 51.519246]], [[-0.1894618, 51.519246], [-0.1866198, 51.5189969]], [[-0.2132316, 51.5165454], [-0.2146054, 51.5157844], [-0.219771, 51.5119968], [-0.2206783, 51.5114762], [-0.2237766, 51.510065], [-0.2247341, 51.5093291], [-0.2256044, 51.508289], [-0.2260202, 51.507307], [-0.2267696, 51.5031828], [-0.2256251, 51.4971834]], [[-0.2098946, 51.5175144], [-0.2102014, 51.5174431]], [[-0.2069766, 51.5184829], [-0.2071953, 51.5183715]], [[-0.2071953, 51.5183715], [-0.2084374, 51.5178732], [-0.2098946, 51.5175144]], [[-0.2102014, 51.5174431], [-0.2119473, 51.5170422], [-0.2132316, 51.5165454]], [[-0.0210117, 51.5250871], [-0.0239657, 51.5266368], [-0.0248073, 51.5268754]], [[-0.0184767, 51.5246152], [-0.0141917, 51.5245258]], [[-0.179069, 51.5185618], [-0.1815492, 51.5186791]], [[-0.168382, 51.5196233], [-0.1673162, 51.5201541]], [[-0.168708, 51.5193973], [-0.1705302, 51.5183775]], [[-0.1707503, 51.5182981], [-0.168382, 51.5196233]], [[-0.1779369, 51.5182099], [-0.179069, 51.5185618]], [[-0.1649904, 51.520731], [-0.165648, 51.5205685]], [[-0.1662143, 51.5203846], [-0.1672693, 51.5200584]], [[-0.1656381, 51.5205881], [-0.1650076, 51.5207493]], [[-0.1650076, 51.5207493], [-0.155512, 51.5225008]], [[-0.1489664, 51.5233223], [-0.1459327, 51.523848], [-0.1452135, 51.5238868], [-0.144476, 51.5238379]], [[-0.155512, 51.5225008], [-0.1523934, 51.5230468], [-0.1489664, 51.5233223]], [[-0.122908, 51.5303997], [-0.1217474, 51.5306533], [-0.1205086, 51.5305653]], [[-0.1170515, 51.5290793], [-0.1165591, 51.5287951]], [[-0.1149893, 51.527858], [-0.1145206, 51.527562]], [[-0.116108, 51.5285345], [-0.1149893, 51.527858]], [[-0.1145206, 51.527562], [-0.1106376, 51.5250886], [-0.1090112, 51.5238636], [-0.1079003, 51.5232904]], [[-0.1045355, 51.5201414], [-0.1048278, 51.5203424]], [[-0.0977943, 51.5202439], [-0.099514, 51.5201697]], [[-0.099514, 51.5201697], [-0.1019949, 51.5196263], [-0.1026848, 51.5196266]], [[-0.1026848, 51.5196266], [-0.1043232, 51.520037]], [[-0.0767088, 51.5151934], [-0.0770562, 51.5154318]], [[-0.0770562, 51.5154318], [-0.077315, 51.5155846]], [[-0.077315, 51.5155846], [-0.0786351, 51.5162142], [-0.0809028, 51.5169122]], [[-0.0965288, 51.5200441], [-0.0972423, 51.5202064]], [[-0.0972423, 51.5202064], [-0.0974056, 51.5202299]], [[-0.0809028, 51.5169122], [-0.0818321, 51.5170561]], [[-0.0834029, 51.5173233], [-0.0844014, 51.5174723]], [[-0.0844014, 51.5174723], [-0.0888349, 51.5182687]], [[-0.0719595, 51.51522], [-0.0737435, 51.5146415]], [[-0.0737435, 51.5146415], [-0.0744878, 51.5145347], [-0.0752266, 51.5145937], [-0.0758881, 51.5147305], [-0.076614, 51.5151238]], [[-0.1683274, 51.5195749], [-0.168708, 51.5193973]], [[-0.168382, 51.5196233], [-0.1680878, 51.5197315]], [[0.0696929, 51.5437632], [0.0689999, 51.5439183]], [[0.0797733, 51.5402563], [0.0778254, 51.5411749]], [[0.0040711, 51.5281895], [-0.0064443, 51.5257365]], [[0.0049128, 51.5283789], [0.0040711, 51.5281895]], [[-0.0916011, 51.5188906], [-0.0915117, 51.5188473]], [[-0.0915117, 51.5188473], [-0.0912878, 51.5187572]], [[-0.0912878, 51.5187572], [-0.0892211, 51.5182398]], [[-0.073758, 51.5146606], [-0.0719752, 51.515243]], [[-0.0603141, 51.5197597], [-0.0600281, 51.5197885]], [[-0.0719752, 51.515243], [-0.0699181, 51.5159499], [-0.0675782, 51.5170645], [-0.0633722, 51.5184283], [-0.0628378, 51.5188134]], [[-0.0628378, 51.5188134], [-0.0617838, 51.5193876], [-0.0603141, 51.5197597]], [[-0.0583709, 51.5196712], [-0.057864, 51.5196586], [-0.0454445, 51.5219935], [-0.0409556, 51.5225916], [-0.0387539, 51.5233109], [-0.0374122, 51.5241009], [-0.0353384, 51.524877], [-0.0318352, 51.5257258], [-0.0253973, 51.5269642]], [[-0.0600281, 51.5197885], [-0.0583709, 51.5196712]], [[0.0778254, 51.5411749], [0.0742732, 51.5427326], [0.0721303, 51.5432854]], [[0.0770276, 51.5415987], [0.0778254, 51.5411749]], [[0.071719, 51.5433568], [0.0714482, 51.5434038]], [[-0.1043232, 51.520037], [-0.1045355, 51.5201414]], [[-0.062816, 51.5187776], [-0.0632863, 51.5184048], [-0.0675266, 51.517011], [-0.0697193, 51.5159933], [-0.0719595, 51.51522]], [[-0.2253599, 51.4958452], [-0.2252766, 51.4954472]], [[-0.2251853, 51.4947177], [-0.2254592, 51.4961484]], [[-0.2254592, 51.4961484], [-0.2255915, 51.4967778]], [[-0.2256251, 51.4971834], [-0.2253599, 51.4958452]], [[-0.1866265, 51.5189235], [-0.1901584, 51.5192817]], [[-0.1901584, 51.5192817], [-0.1933853, 51.519597]], [[-0.1815492, 51.5186791], [-0.1866265, 51.5189235]], [[-0.1866198, 51.5189969], [-0.1815509, 51.5187139]], [[-0.1815509, 51.5187139], [-0.1789931, 51.5186117]], [[-0.1901584, 51.5192817], [-0.1894618, 51.519246]], [[-0.0141917, 51.5245258], [-0.0132917, 51.5246039]], [[0.0721303, 51.5432854], [0.071719, 51.5433568]], [[0.0714482, 51.5434038], [0.0696929, 51.5437632]], [[0.0710553, 51.5435309], [0.0717436, 51.5434105]], [[0.0717436, 51.5434105], [0.0739648, 51.5428769], [0.0770276, 51.5415987]], [[-0.0818196, 51.5170871], [-0.0808641, 51.5169498]], [[-0.0818321, 51.5170561], [-0.0834029, 51.5173233]], [[-0.0888349, 51.5182687], [-0.0915117, 51.5188473]], [[-0.0915117, 51.5188473], [-0.0965288, 51.5200441]], [[-0.0888213, 51.5183085], [-0.0843726, 51.5175043]], [[-0.0912878, 51.5187572], [-0.0892053, 51.5182739]], [[-0.144476, 51.5238379], [-0.1443543, 51.523832]], [[-0.144482, 51.5238155], [-0.1459488, 51.5238049], [-0.1489436, 51.5232822]], [[-0.1338357, 51.5263189], [-0.1297425, 51.5277042], [-0.122908, 51.5303997]], [[-0.1443505, 51.5238065], [-0.144482, 51.5238155]], [[-0.1338133, 51.5262918], [-0.1363623, 51.525398]], [[-0.1363732, 51.5254304], [-0.1338357, 51.5263189]], [[-0.1424383, 51.5239663], [-0.1363732, 51.5254304]], [[-0.1363623, 51.525398], [-0.1424268, 51.5239371]], [[-0.1424268, 51.5239371], [-0.1433785, 51.5238163], [-0.1438686, 51.5237975], [-0.1443505, 51.5238065]], [[-0.1443543, 51.523832], [-0.1424383, 51.5239663]], [[0.0100914, 51.5296594], [0.0187254, 51.5316029]], [[0.0187501, 51.5315682], [0.0049128, 51.5283789]], [[0.0808302, 51.5394156], [0.0806573, 51.5395037]], [[-0.2256854, 51.4972091], [-0.2268513, 51.5033105], [-0.226078, 51.507328], [-0.2256157, 51.5083681], [-0.2247485, 51.5093878], [-0.2238362, 51.5100783], [-0.2198831, 51.5119934], [-0.2147079, 51.5157867], [-0.2133153, 51.5165895]], [[-0.2008533, 51.5209213], [-0.2004297, 51.5208393]], [[-0.2004297, 51.5208393], [-0.1951411, 51.5197246]], [[-0.2008379, 51.5208991], [-0.202547, 51.5209487], [-0.2038999, 51.5205888], [-0.2069766, 51.5184829]], [[-0.2004116, 51.5208155], [-0.2008379, 51.5208991]], [[-0.2249632, 51.4935445], [-0.224979, 51.4936258]], [[-0.2249381, 51.4936287], [-0.2249228, 51.4935468]], [[-0.1673162, 51.5201541], [-0.1668361, 51.5203099]], [[-0.2249524, 51.4937036], [-0.2249381, 51.4936287]], [[-0.224979, 51.4936258], [-0.2249929, 51.4937016]], [[-0.1197851, 51.5303936], [-0.1190208, 51.5301511]], [[-0.1200306, 51.5304214], [-0.1205014, 51.5305316]], [[-0.1183975, 51.5298026], [-0.1185345, 51.5298839]], [[-0.1184824, 51.5298983], [-0.1183347, 51.5298175]], [[-0.1183347, 51.5298175], [-0.1178544, 51.5295382]], [[-0.1178544, 51.5295382], [-0.1177427, 51.5294699]], [[-0.1179294, 51.5295252], [-0.1183975, 51.5298026]], [[-0.1178124, 51.5294559], [-0.1179294, 51.5295252]], [[-0.1173151, 51.5291756], [-0.1178124, 51.5294559]], [[-0.1171166, 51.529065], [-0.1173151, 51.5291756]], [[-0.1177427, 51.5294699], [-0.1172463, 51.5291888]], [[-0.1172463, 51.5291888], [-0.1170515, 51.5290793]], [[-0.1163731, 51.5286859], [-0.116108, 51.5285345]], [[-0.1165591, 51.5287951], [-0.1163731, 51.5286859]], [[-0.1161455, 51.5285095], [-0.1164327, 51.528673]], [[-0.1164327, 51.528673], [-0.116622, 51.528782]], [[-0.1189126, 51.5301075], [-0.1184824, 51.5298983]], [[-0.1190208, 51.5301511], [-0.1189126, 51.5301075]], [[-0.1185345, 51.5298839], [-0.1189731, 51.5300903]], [[-0.1189731, 51.5300903], [-0.1190817, 51.5301359]], [[-0.1190817, 51.5301359], [-0.1197548, 51.530353]], [[-0.1197548, 51.530353], [-0.1200306, 51.5304214]], [[-0.1205086, 51.5305653], [-0.1199667, 51.5304384]], [[-0.1199667, 51.5304384], [-0.1197851, 51.5303936]], [[-0.1067513, 51.5225213], [-0.1075325, 51.5230171]], [[-0.1066423, 51.5224317], [-0.1067513, 51.5225213]], [[-0.1074488, 51.5230015], [-0.1067129, 51.5225353]], [[-0.1067129, 51.5225353], [-0.106601, 51.5224475]], [[-0.1065156, 51.5223045], [-0.1066423, 51.5224317]], [[-0.1063796, 51.5221466], [-0.1065156, 51.5223045]], [[-0.106601, 51.5224475], [-0.106456, 51.5223086]], [[-0.106456, 51.5223086], [-0.1063207, 51.5221503]], [[-0.1079003, 51.5232904], [-0.1076779, 51.523148]], [[-0.1077502, 51.5231524], [-0.1079375, 51.5232699]], [[-0.1076779, 51.523148], [-0.1074488, 51.5230015]], [[-0.1075325, 51.5230171], [-0.1077502, 51.5231524]], [[-0.0253973, 51.5269642], [-0.0247947, 51.5269047]], [[-0.0248073, 51.5268754], [-0.0254192, 51.5269379]], [[-0.0209724, 51.5251112], [-0.0200103, 51.5247115], [-0.0184767, 51.5246152]], [[-0.0184868, 51.5245819], [-0.0200335, 51.5246818], [-0.0210117, 51.5250871]], [[-0.0974056, 51.5202299], [-0.0977943, 51.5202439]], [[-0.0765666, 51.5151357], [-0.0763641, 51.5150037]], [[-0.077315, 51.5155846], [-0.0771571, 51.5155106]], [[-0.0771571, 51.5155106], [-0.0770281, 51.5154502]], [[-0.0772783, 51.5156053], [-0.0771571, 51.5155106]], [[-0.0771571, 51.5155106], [-0.0770562, 51.5154318]]]}, "properties": {"route": "Hammersmith & City", "mode": "rail", "color": "#F3A9BB"}}, {"type": "Feature", "geometry": {"type": "MultiLineString", "coordinates": [[[-0.1861961, 51.6159196], [-0.1868707, 51.6138556]], [[-0.1901733, 51.6478736], [-0.1912574, 51.6488736], [-0.1937772, 51.6503131]], [[-0.1008294, 51.5439753], [-0.10115, 51.5443441]], [[-0.1414201, 51.5445965], [-0.1413999, 51.5441348], [-0.1418758, 51.5423092], [-0.142376, 51.5391387]], [[-0.1598402, 51.5844575], [-0.1519613, 51.5802119], [-0.1446478, 51.5770629], [-0.1396898, 51.5720882], [-0.1369771, 51.5691164], [-0.1351217, 51.5666664], [-0.1347307, 51.5655378]], [[-0.1347307, 51.5655378], [-0.1347353, 51.565286]], [[-0.1347353, 51.565286], [-0.1347906, 51.5650137]], [[-0.1347906, 51.5650137], [-0.1349317, 51.5646488]], [[-0.1349317, 51.5646488], [-0.1355405, 51.5636147]], [[-0.1355405, 51.5636147], [-0.1362844, 51.5622573]], [[-0.1362844, 51.5622573], [-0.1369001, 51.5611387]], [[-0.1369001, 51.5611387], [-0.1371898, 51.5605494]], [[-0.1371898, 51.5605494], [-0.1375555, 51.5595046]], [[-0.1375555, 51.5595046], [-0.1377832, 51.5585142]], [[-0.1377832, 51.5585142], [-0.1379893, 51.5577641]], [[-0.1379893, 51.5577641], [-0.1382656, 51.5571186]], [[-0.1382656, 51.5571186], [-0.1383349, 51.5569769]], [[-0.1383349, 51.5569769], [-0.138356, 51.5569343]], [[-0.138356, 51.5569343], [-0.138371, 51.5569079]], [[-0.138371, 51.5569079], [-0.1384043, 51.5568487]], [[-0.1384043, 51.5568487], [-0.1387568, 51.5562795]], [[-0.1387568, 51.5562795], [-0.1395186, 51.5552335]], [[-0.1395186, 51.5552335], [-0.1400013, 51.5545186]], [[-0.1400013, 51.5545186], [-0.1405168, 51.5538237]], [[-0.1405168, 51.5538237], [-0.1406528, 51.5535761]], [[-0.1406528, 51.5535761], [-0.1408473, 51.5531753]], [[-0.1408473, 51.5531753], [-0.1409725, 51.5527687]], [[-0.1409725, 51.5527687], [-0.1410941, 51.5520954]], [[-0.1410941, 51.5520954], [-0.1410706, 51.5517077]], [[-0.1410706, 51.5517077], [-0.1410275, 51.5514729]], [[-0.1610908, 51.5850589], [-0.163775, 51.5865067]], [[-0.1642559, 51.5867414], [-0.163775, 51.5865067]], [[-0.1633774, 51.5496284], [-0.1600326, 51.5476249], [-0.1584079, 51.5468291], [-0.1567303, 51.5462398], [-0.1534021, 51.5442547], [-0.1508476, 51.5433562], [-0.1470595, 51.5424816], [-0.1458561, 51.541852], [-0.143902, 51.5405323]], [[-0.1947092, 51.4041324], [-0.1947086, 51.4034911]], [[-0.1947086, 51.4034911], [-0.1946906, 51.4031912]], [[-0.1897246, 51.6473684], [-0.1838039, 51.6396781]], [[-0.1861459, 51.6160805], [-0.1861961, 51.6159196]], [[-0.089508, 51.5144517], [-0.08965312457220093, 51.514618100708695]], [[-0.08965312457220093, 51.514618100708695], [-0.089714, 51.5148582], [-0.0891509, 51.5163785], [-0.0875071, 51.5200759], [-0.0870991, 51.5218693], [-0.08717269274052843, 51.52245752049604]], [[-0.08717269274052843, 51.52245752049604], [-0.08743103680401329, 51.523628881688374]], [[-0.08743103680401329, 51.523628881688374], [-0.0874804, 51.5238527], [-0.08748728810880493, 51.523908983099574]], [[-0.08748728810880493, 51.523908983099574], [-0.0876272, 51.52532], [-0.08770847063874017, 51.525732760876]], [[-0.08770847063874017, 51.525732760876], [-0.0880649, 51.5266866], [-0.0887608, 51.5273266], [-0.0977697, 51.5296713], [-0.1018847, 51.5308225], [-0.1071171, 51.5317952], [-0.109252, 51.5318041], [-0.1136127, 51.5313617], [-0.1234513, 51.5305833], [-0.1271316, 51.5304161], [-0.1284111, 51.53021]], [[-0.1599768, 51.5843587], [-0.1610908, 51.5850589]], [[-0.1055395, 51.5527536], [-0.1054636, 51.5525955]], [[-0.1060129, 51.5538325], [-0.1065839, 51.5547027]], [[-0.1080168, 51.5581034], [-0.1084016, 51.5590025], [-0.1083801, 51.559781], [-0.1080824, 51.5604259], [-0.1072944, 51.561419], [-0.1069731, 51.5621702]], [[-0.1069627, 51.5557309], [-0.1071766, 51.5565005], [-0.1080168, 51.5581034]], [[-0.1066953, 51.5549932], [-0.1069627, 51.5557309]], [[-0.2386376, 51.5898032], [-0.2432583, 51.5913691], [-0.2444727, 51.5919001], [-0.2458043, 51.592656], [-0.2503217, 51.5956013]], [[-0.2714031, 51.6108797], [-0.2709935, 51.6095651], [-0.2704018, 51.6085065], [-0.2688048, 51.606318], [-0.2673477, 51.6048873], [-0.2651832, 51.6034321], [-0.2592999, 51.6008553]], [[-0.2592999, 51.6008553], [-0.2581883, 51.6004126]], [[-0.2552501, 51.5991882], [-0.2551704, 51.5991448]], [[-0.2497551, 51.5953678], [-0.2447951, 51.5921103], [-0.2430255, 51.5913314], [-0.2385993, 51.5898483]], [[-0.1901224, 51.6478845], [-0.1897246, 51.6473684]], [[-0.1868707, 51.6138556], [-0.1869801, 51.6135369]], [[-0.1869801, 51.6135369], [-0.1882772, 51.6094751], [-0.1887219, 51.6085775], [-0.1890968, 51.6080355], [-0.1901549, 51.606953], [-0.1909328, 51.6063684], [-0.1942017, 51.6044429], [-0.1948564, 51.6038295], [-0.1950544, 51.6033138], [-0.1949619, 51.6026705], [-0.1945231, 51.6020587], [-0.1937022, 51.6015007]], [[-0.2066341, 51.5735802], [-0.2051554, 51.573205], [-0.2037969, 51.5731123], [-0.2001677, 51.5736067], [-0.1988076, 51.5736402], [-0.1980746, 51.5735729], [-0.1970172, 51.5733659], [-0.1954067, 51.5727995]], [[-0.2079774, 51.5741396], [-0.2066341, 51.5735802]], [[-0.2114757, 51.5757115], [-0.2100473, 51.5750682]], [[-0.1838039, 51.6396781], [-0.1804049, 51.635262], [-0.17972, 51.6342461], [-0.1794842, 51.6337638], [-0.1792017, 51.6328555], [-0.1791136, 51.6321244], [-0.179134, 51.6303684]], [[-0.1064414, 51.4875283], [-0.1067937, 51.4869276], [-0.1069838, 51.4850639], [-0.1073985, 51.4842568], [-0.1081129, 51.4834575], [-0.1101179, 51.482312], [-0.11240584361259702, 51.481747813742]], [[-0.11240584361259702, 51.481747813742], [-0.11261905068763646, 51.48170874850826]], [[-0.11261905068763646, 51.48170874850826], [-0.1250993, 51.4795698], [-0.1271105, 51.4796125], [-0.1357736, 51.4811482], [-0.1390352, 51.4810589], [-0.1411037, 51.4804531]], [[-0.1411037, 51.4804531], [-0.1415276, 51.480252]], [[-0.1659279, 51.5878697], [-0.1683569, 51.5896511]], [[-0.1659279, 51.5878697], [-0.1642826, 51.5869194]], [[-0.1694268, 51.5904227], [-0.1709517, 51.5914302], [-0.1735347, 51.5927688], [-0.1876696, 51.5988176]], [[-0.179134, 51.6303684], [-0.1792663, 51.6292313], [-0.1797701, 51.6279873], [-0.1850221, 51.6189851], [-0.1861459, 51.6160805]], [[-0.1862037, 51.6160838], [-0.1850649, 51.6189941], [-0.1798297, 51.6279954], [-0.1793247, 51.6292408], [-0.179172, 51.6303695], [-0.1792583, 51.6328538], [-0.1797677, 51.6342334], [-0.1841914, 51.6400981]], [[-0.1897749, 51.6473571], [-0.1901733, 51.6478736]], [[-0.1054517, 51.4907252], [-0.1095656, 51.4965194]], [[-0.1373356, 51.5236732], [-0.1307839, 51.5169443], [-0.1294773, 51.5138276]], [[-0.138513, 51.5257874], [-0.138304, 51.5250264], [-0.1373356, 51.5236732]], [[-0.1211646, 51.5070353], [-0.1224029, 51.5073256], [-0.1235663, 51.5078884]], [[-0.1095656, 51.4965194], [-0.1147799, 51.5038951], [-0.1157239, 51.5049219], [-0.1162416, 51.5053785], [-0.1174082, 51.5059817], [-0.1190472, 51.506567], [-0.1211646, 51.5070353]], [[-0.0868153, 51.510907], [-0.0885199, 51.5130454]], [[-0.1374358, 51.5288147], [-0.1364904, 51.5281741]], [[-0.1337992, 51.5295171], [-0.1340017, 51.5288297], [-0.1345608392098323, 51.52816144025831]], [[-0.1345608392098323, 51.52816144025831], [-0.13519093944898172, 51.52772862153714]], [[-0.13519093944898172, 51.52772862153714], [-0.1352413, 51.5276987]], [[-0.1352413, 51.5276987], [-0.1381804, 51.5265107], [-0.1384237, 51.526255], [-0.138513, 51.5257874]], [[-0.1364904, 51.5281741], [-0.1354246, 51.528059], [-0.1345608392098323, 51.52816144025831]], [[-0.1345608392098323, 51.52816144025831], [-0.133994241255243, 51.52829772983151]], [[-0.133994241255243, 51.52829772983151], [-0.1309924, 51.5293015]], [[-0.1284111, 51.53021], [-0.1313367, 51.52859], [-0.1336718, 51.5278852], [-0.13501711405623676, 51.527719968370626]], [[-0.13501711405623676, 51.527719968370626], [-0.13519093944898172, 51.52772862153714]], [[-0.13519093944898172, 51.52772862153714], [-0.1365457, 51.5281018]], [[-0.1309924, 51.5293015], [-0.1281968, 51.5303886]], [[-0.1122267, 51.482153], [-0.1073654, 51.4870023]], [[-0.1072479, 51.486945], [-0.1120687, 51.4821103]], [[-0.1011798, 51.4926893], [-0.10354758744490165, 51.49077527159483]], [[-0.10354758744490165, 51.49077527159483], [-0.1071323, 51.4870701]], [[-0.1073654, 51.4870023], [-0.10353361702241319, 51.49091037041797]], [[-0.10353361702241319, 51.49091037041797], [-0.1010434, 51.4929824], [-0.1008416, 51.4933216], [-0.1005185, 51.4955941], [-0.0994, 51.4971003]], [[-0.1031381, 51.5468466], [-0.1025174, 51.5457838], [-0.1010504, 51.5443697], [-0.0998661, 51.5428388], [-0.098956, 51.5422469], [-0.0958839, 51.5405764], [-0.0925155, 51.5385775], [-0.0910854, 51.5374939], [-0.0886231, 51.5346587], [-0.0874062, 51.532996], [-0.0864806, 51.5310777], [-0.0877962, 51.527299], [-0.08757991424836338, 51.525731525263964]], [[-0.08757991424836338, 51.525731525263964], [-0.08745209885155568, 51.52442320251076]], [[-0.08745209885155568, 51.52442320251076], [-0.08741051871929063, 51.5241659754185]], [[-0.08741051871929063, 51.5241659754185], [-0.0870094, 51.5222169], [-0.0870064, 51.5216921], [-0.0871694, 51.5206624], [-0.0871868, 51.520465]], [[-0.1073233, 51.5594994], [-0.1074031, 51.5587411]], [[-0.1062527, 51.5635471], [-0.1064277, 51.5624752]], [[-0.1434296, 51.5399969], [-0.14255385516506847, 51.5389674431594]], [[-0.14255385516506847, 51.5389674431594], [-0.1425258, 51.5389302]], [[-0.1425566, 51.5389404], [-0.1424867, 51.5386083], [-0.1420298, 51.5380154]], [[-0.1938723, 51.5723861], [-0.187914, 51.5711543]], [[-0.2109878, 51.6084222], [-0.2101489, 51.6082557]], [[-0.1235663, 51.5078884], [-0.1246049, 51.5081928], [-0.1267081, 51.5091443]], [[-0.1267081, 51.5091443], [-0.1278486, 51.5095884], [-0.1284162, 51.5101485], [-0.1285625, 51.5121199], [-0.1294773, 51.5138276]], [[-0.0870075, 51.5086936], [-0.0869595, 51.5079016], [-0.0872852, 51.5070036], [-0.088819, 51.5062105], [-0.0902736, 51.5048831], [-0.0916453, 51.5033], [-0.0920786, 51.5027122], [-0.092634, 51.5017623], [-0.09309475353560219, 51.50135487279033]], [[-0.09309475353560219, 51.50135487279033], [-0.0931576, 51.5012993], [-0.09320218996803496, 51.501264265025114]], [[-0.09320218996803496, 51.501264265025114], [-0.09350290490766175, 51.50103937720861]], [[-0.09350290490766175, 51.50103937720861], [-0.0968818, 51.4990977], [-0.0993663, 51.4970547]], [[-0.1414799, 51.5444525], [-0.1419357, 51.5464381], [-0.1410783, 51.5494436], [-0.1407580553165908, 51.55002300487517]], [[-0.1407580553165908, 51.55002300487517], [-0.1405972, 51.5508573], [-0.1408783355393339, 51.55109757610254]], [[-0.1408783355393339, 51.55109757610254], [-0.1412436, 51.5516995], [-0.1410159, 51.5532011], [-0.1385207, 51.5569681], [-0.1373577, 51.5605767], [-0.135098, 51.56468]], [[-0.2256283, 51.5827415], [-0.2219832, 51.5803808], [-0.2178892, 51.5784319]], [[-0.2385993, 51.5898483], [-0.2347325, 51.5882575], [-0.2325097, 51.5872452], [-0.2298574, 51.5857856], [-0.2274518, 51.5841427]], [[-0.1890486, 51.5713559], [-0.1935975, 51.5721901], [-0.1950113, 51.5726224]], [[-0.1916399, 51.6491621], [-0.1907688, 51.6485492], [-0.1901224, 51.6478845]], [[-0.1940163, 51.6504841], [-0.1916399, 51.6491621]], [[-0.1864841, 51.570696], [-0.1879393, 51.5711085]], [[-0.2551916, 51.5991114], [-0.2552809, 51.5991601]], [[-0.2580047, 51.6002938], [-0.2582196, 51.6003778]], [[-0.2582196, 51.6003778], [-0.2642566, 51.6028649], [-0.2659458, 51.6038078], [-0.2675526, 51.6049969], [-0.2687212, 51.6061403], [-0.2702266, 51.6081661], [-0.2710572, 51.6095819], [-0.2716919, 51.6114039], [-0.272573, 51.6123947]], [[-0.272573, 51.6123947], [-0.2750551, 51.6136255]], [[-0.2552809, 51.5991601], [-0.2580047, 51.6002938]], [[-0.1950113, 51.5726224], [-0.1953832, 51.5727372]], [[-0.2101431, 51.5750753], [-0.2115652, 51.5757117]], [[-0.2179222, 51.5784009], [-0.2217992, 51.5802378], [-0.2257597, 51.5827233]], [[-0.2275057, 51.5841126], [-0.2298957, 51.5857405], [-0.232548, 51.5872001], [-0.2386376, 51.5898032]], [[-0.1953832, 51.5727372], [-0.1955965, 51.5728175]], [[-0.1954067, 51.5727995], [-0.1950113, 51.5726224]], [[-0.1954007, 51.5727229], [-0.1955965, 51.5728175]], [[-0.1955965, 51.5728175], [-0.1970314, 51.573337], [-0.1988396, 51.5736088], [-0.2002672, 51.5735596], [-0.20381, 51.5730818], [-0.2051693, 51.5731723], [-0.2066729, 51.5735522]], [[-0.2066729, 51.5735522], [-0.2080047, 51.5741064]], [[-0.1609521, 51.5851675], [-0.1598402, 51.5844575]], [[-0.1947092, 51.4041324], [-0.1947957, 51.4036486]], [[-0.1947957, 51.4036486], [-0.1948903, 51.4033272]], [[-0.1947086, 51.4034911], [-0.1947474, 51.4033176]], [[-0.1947474, 51.4033176], [-0.1947802, 51.4031924]], [[-0.1949229, 51.4016369], [-0.1948208, 51.4023874]], [[-0.1948208, 51.4023874], [-0.1947802, 51.4031924]], [[-0.1948903, 51.4033272], [-0.1947908, 51.4040534]], [[-0.1947908, 51.4040534], [-0.1947923, 51.404155]], [[-0.1062684, 51.5549325], [-0.1061515, 51.554394]], [[-0.1074031, 51.5587411], [-0.1062684, 51.5549325]], [[-0.2068693, 51.6071203], [-0.2066808, 51.6070368]], [[-0.2093448, 51.6080622], [-0.2088526, 51.607922]], [[-0.2066808, 51.6070368], [-0.2030246, 51.6054707]], [[-0.1937087, 51.6014609], [-0.1945836, 51.6017749]], [[-0.1982514, 51.6033944], [-0.1981138, 51.603326]], [[-0.2088526, 51.607922], [-0.2068693, 51.6071203]], [[-0.2012133, 51.604699], [-0.1982514, 51.6033944]], [[-0.2012133, 51.604699], [-0.2030246, 51.6054707]], [[-0.2581883, 51.6004126], [-0.2579739, 51.6003317]], [[-0.2742546, 51.6134349], [-0.2731107, 51.6128277]], [[-0.2579739, 51.6003317], [-0.2552501, 51.5991882]], [[-0.1947053, 51.404159], [-0.1947092, 51.4041324]], [[-0.1269448, 51.5305654], [-0.1185949, 51.5310371]], [[-0.187914, 51.5711543], [-0.1864841, 51.570696]], [[-0.2731107, 51.6128277], [-0.2722581, 51.6121762]], [[-0.2722581, 51.6121762], [-0.271777, 51.6116241], [-0.2714031, 51.6108797]], [[-0.1414799, 51.5444525], [-0.1424036, 51.5396902]], [[-0.1416545, 51.5456212], [-0.14159, 51.5454689]], [[-0.14159, 51.5454689], [-0.1415253, 51.5452431]], [[-0.1415253, 51.5452431], [-0.1414514, 51.544971]], [[-0.1414514, 51.544971], [-0.1414277, 51.5448494]], [[-0.1414277, 51.5448494], [-0.1414107, 51.5447271]], [[-0.1414107, 51.5447271], [-0.1414201, 51.5445965]], [[-0.1980746, 51.6033069], [-0.1981138, 51.603326]], [[-0.1946351, 51.6017948], [-0.1980746, 51.6033069]], [[-0.1281968, 51.5303886], [-0.1269448, 51.5305654]], [[-0.1879393, 51.5711085], [-0.1940244, 51.5722012]], [[-0.1032296, 51.5463511], [-0.1046989, 51.5504012]], [[-0.1055726, 51.5525754], [-0.1056416, 51.5527345]], [[-0.10115, 51.5443441], [-0.1025495, 51.5454], [-0.1032296, 51.5463511]], [[-0.1425372, 51.5386159], [-0.1425566, 51.5389404]], [[-0.142376, 51.5391387], [-0.142399, 51.5385961]], [[-0.1425258, 51.5389302], [-0.1424721, 51.5387271]], [[-0.1427771, 51.5388024], [-0.1428751, 51.5391981]], [[-0.1420298, 51.5380154], [-0.1422094001455742, 51.53815379601336]], [[-0.1422094001455742, 51.53815379601336], [-0.1425416, 51.538412]], [[-0.1425416, 51.538412], [-0.1427771, 51.5388024]], [[-0.1424721, 51.5387271], [-0.14239634651524022, 51.538587946705256]], [[-0.14239634651524022, 51.538587946705256], [-0.1418988, 51.5380439]], [[-0.1365457, 51.5281018], [-0.1373447, 51.528541], [-0.1378185, 51.5290716], [-0.1389544, 51.5313234], [-0.1392374, 51.5324916], [-0.13912647126820335, 51.53509901633753]], [[-0.13912647126820335, 51.53509901633753], [-0.1393228, 51.5353893]], [[-0.1392015, 51.5353732], [-0.13896237849553358, 51.534877397698004]], [[-0.13896237849553358, 51.534877397698004], [-0.1390477, 51.5322787], [-0.1385423, 51.5306635], [-0.1374358, 51.5288147]], [[-0.1391752, 51.5353624], [-0.1340511, 51.5302912], [-0.1336789, 51.5294921], [-0.1337292, 51.528765], [-0.133994241255243, 51.52829772983151]], [[-0.133994241255243, 51.52829772983151], [-0.13501711405623676, 51.527719968370626]], [[-0.13501711405623676, 51.527719968370626], [-0.1380724, 51.526495], [-0.1383218, 51.5262354], [-0.1382985, 51.5256805], [-0.1372014, 51.5237134], [-0.13077, 51.5170681], [-0.1298428, 51.5152395], [-0.1292277, 51.5135043], [-0.1284467, 51.5122506], [-0.1283136, 51.5104159], [-0.1280943, 51.5099766], [-0.127528, 51.5095608], [-0.1261234, 51.509086]], [[-0.1261234, 51.509086], [-0.1244833, 51.508308], [-0.1233373, 51.5080115]], [[-0.1061515, 51.554394], [-0.1060129, 51.5538325]], [[-0.1061494, 51.5538055], [-0.1065839, 51.5547027]], [[-0.1065839, 51.5547027], [-0.1066953, 51.5549932]], [[-0.1410275, 51.5514729], [-0.1408783355393339, 51.55109757610254]], [[-0.1408783355393339, 51.55109757610254], [-0.1408173, 51.550944]], [[-0.1408173, 51.550944], [-0.1407567, 51.5506794]], [[-0.1407567, 51.5506794], [-0.1407436, 51.5503331]], [[-0.1407436, 51.5503331], [-0.1407580553165908, 51.55002300487517]], [[-0.1407580553165908, 51.55002300487517], [-0.1407613, 51.5499534]], [[-0.1407613, 51.5499534], [-0.1409074, 51.5494254]], [[-0.1409074, 51.5494254], [-0.1412016, 51.5483599]], [[-0.1412016, 51.5483599], [-0.1413975, 51.5477468]], [[-0.1413975, 51.5477468], [-0.1417219, 51.5466554]], [[-0.1417219, 51.5466554], [-0.1417618, 51.5464347]], [[-0.1417618, 51.5464347], [-0.1417219, 51.5459379]], [[-0.1417219, 51.5459379], [-0.1416545, 51.5456212]], [[-0.135098, 51.56468], [-0.1349111, 51.5652497], [-0.1351582, 51.5663069], [-0.1366924, 51.5684997], [-0.1398706, 51.5720222], [-0.1448048, 51.5769759], [-0.1520889, 51.5801082], [-0.1599768, 51.5843587]], [[-0.1416081, 51.4803279], [-0.1412106, 51.4805255]], [[-0.1412106, 51.4805255], [-0.1387474, 51.4812888], [-0.135727, 51.4813991], [-0.1275076, 51.479853], [-0.1259505, 51.4796913], [-0.1241288, 51.4798658], [-0.116203, 51.4814391], [-0.1149668, 51.4818596], [-0.1135051, 51.4828173], [-0.1130851, 51.4832998], [-0.1121206, 51.4850951], [-0.1112792, 51.4858368], [-0.1103376, 51.4863519], [-0.1076874, 51.4872164], [-0.1068417, 51.4876687]], [[-0.0994, 51.4971003], [-0.0973078, 51.4989254], [-0.09350290490766175, 51.50103937720861]], [[-0.09350290490766175, 51.50103937720861], [-0.0934106, 51.5010885], [-0.09320218996803496, 51.501264265025114]], [[-0.09320218996803496, 51.501264265025114], [-0.09309475353560219, 51.50135487279033]], [[-0.09309475353560219, 51.50135487279033], [-0.0925979, 51.5017739], [-0.0921231, 51.5026071], [-0.0910721, 51.503831], [-0.0869254, 51.5069263], [-0.0867181, 51.5074273], [-0.0866365, 51.5083587], [-0.0870989, 51.5094249], [-0.0868153, 51.510907]], [[-0.1233373, 51.5080115], [-0.118532, 51.5065004], [-0.1161294, 51.5054327], [-0.1145803, 51.5039515], [-0.1080836, 51.4946088], [-0.1072731, 51.4938895], [-0.1041182, 51.4920144], [-0.1036364, 51.4914678], [-0.10353361702241319, 51.49091037041797]], [[-0.10353361702241319, 51.49091037041797], [-0.10354758744490165, 51.49077527159483]], [[-0.10354758744490165, 51.49077527159483], [-0.1040668, 51.4898358], [-0.1063789, 51.487594]], [[-0.1064277, 51.5624752], [-0.1070785, 51.5601875]], [[-0.0897283, 51.514049], [-0.0892978, 51.5129413], [-0.0873707, 51.5102209], [-0.0873224, 51.5094178]], [[-0.1393283, 51.5353716], [-0.1393228, 51.5353893]], [[-0.1371762, 51.5330935], [-0.1343383, 51.5304611], [-0.1337992, 51.5295171]], [[-0.1425372, 51.5386159], [-0.1428751, 51.5391981]], [[-0.1392015, 51.5353732], [-0.1391752, 51.5353624]], [[-0.1419358, 51.5379449], [-0.1392015, 51.5353732]], [[-0.142371, 51.5389405], [-0.1418988, 51.5380439]], [[-0.143902, 51.5405323], [-0.1434296, 51.5399969]], [[-0.0885199, 51.5130454], [-0.089508, 51.5144517]], [[-0.1393228, 51.5353893], [-0.13978404018124338, 51.53583480317548]], [[-0.13978404018124338, 51.53583480317548], [-0.1397982164852684, 51.535847877998165]], [[-0.1397982164852684, 51.535847877998165], [-0.1415614394099263, 51.5374741006763]], [[-0.1415614394099263, 51.5374741006763], [-0.142041, 51.5379164], [-0.1422094001455742, 51.53815379601336]], [[-0.1422094001455742, 51.53815379601336], [-0.1425372, 51.5386159]], [[-0.1424036, 51.5396902], [-0.14255385516506847, 51.5389674431594]], [[-0.14255385516506847, 51.5389674431594], [-0.1425566, 51.5389404]], [[-0.142376, 51.5391387], [-0.142371, 51.5389405]], [[-0.142399, 51.5385961], [-0.14239634651524022, 51.538587946705256]], [[-0.14239634651524022, 51.538587946705256], [-0.1419358, 51.5379449]], [[-0.0993663, 51.4970547], [-0.1003951, 51.4956943], [-0.1007467, 51.4933089], [-0.1011798, 51.4926893]], [[-0.1659835, 51.5513141], [-0.1645809, 51.550156], [-0.1634521, 51.5495618]], [[-0.1659835, 51.5513141], [-0.1633774, 51.5496284]], [[-0.1792145, 51.5571266], [-0.178534, 51.5565357], [-0.177414, 51.5560136]], [[-0.1792145, 51.5571266], [-0.177414, 51.5560136]], [[-0.1864841, 51.570696], [-0.1831208, 51.5693901], [-0.1819698, 51.5686432], [-0.1814176, 51.5680077], [-0.1798914, 51.5647331], [-0.1794979, 51.5631941], [-0.1793663, 51.5601883], [-0.1794524, 51.5590985], [-0.1797531, 51.5579536], [-0.1792145, 51.5571266]], [[-0.177414, 51.5560136], [-0.17189, 51.5544767], [-0.1687866, 51.5530053], [-0.1659835, 51.5513141]], [[-0.1876696, 51.5988176], [-0.1908139, 51.6000772]], [[-0.1912363, 51.6002996], [-0.1937087, 51.6014609]], [[-0.1912363, 51.6002996], [-0.1908139, 51.6000772]], [[-0.1862587, 51.6159247], [-0.1862037, 51.6160838]], [[-0.1869232, 51.6138559], [-0.1862587, 51.6159247]], [[-0.1870355, 51.6135386], [-0.1869232, 51.6138559]], [[-0.1937087, 51.6014609], [-0.1944472, 51.6019328], [-0.1949608, 51.6025598], [-0.1951212, 51.603107], [-0.194941, 51.6038178], [-0.1943957, 51.6043647], [-0.1909706, 51.6064074], [-0.1890491, 51.6082244], [-0.1883337, 51.6094894], [-0.1870355, 51.6135386]], [[-0.1946906, 51.4031912], [-0.1946872, 51.402391]], [[-0.1946906, 51.4031912], [-0.1947474, 51.4033176]], [[-0.1947474, 51.4033176], [-0.1947954, 51.4034896]], [[-0.1947802, 51.4031924], [-0.1947954, 51.4034896]], [[-0.1947954, 51.4034896], [-0.1947957, 51.4036486]], [[-0.1947957, 51.4036486], [-0.1947908, 51.4040534]], [[-0.1948903, 51.4033272], [-0.1949383, 51.4023892]], [[-0.1120687, 51.4821103], [-0.11240584361259702, 51.481747813742]], [[-0.11240584361259702, 51.481747813742], [-0.1232966, 51.4714602], [-0.1242936, 51.470587], [-0.1277072, 51.467993], [-0.1291559, 51.4659426], [-0.1300635, 51.4649704], [-0.1308221, 51.464483], [-0.1327855, 51.4636124], [-0.1347759, 51.4628782], [-0.1376298, 51.4619559], [-0.1414932, 51.4595184], [-0.1435462, 51.4571492], [-0.1473927, 51.4530117], [-0.147823, 51.4521274], [-0.1480253, 51.4488776], [-0.1487346, 51.4475908], [-0.1496033, 51.4462982], [-0.1500049, 51.4459604], [-0.1512747, 51.445168], [-0.155187, 51.4404878], [-0.1566684, 51.4378739], [-0.1583335, 51.4363843], [-0.1592987, 51.4357824], [-0.1612097, 51.4348656], [-0.1627351, 51.4337909], [-0.1634107, 51.4331139], [-0.1640189, 51.4318777], [-0.1647738, 51.4310947], [-0.169267, 51.4267819], [-0.1706979, 51.4250323], [-0.1741451, 51.4222527], [-0.1783738, 51.4176668], [-0.1788199, 51.4173148], [-0.1799872, 51.4167279], [-0.1820346, 51.4162393], [-0.1916553, 51.4154595], [-0.1940562, 51.4144661], [-0.1955202, 51.4132362], [-0.1957482, 51.4128544], [-0.1957616, 51.4120785], [-0.1948979, 51.40965], [-0.1946973, 51.4080981], [-0.1947053, 51.404159]], [[-0.1947923, 51.404155], [-0.1947731, 51.4080971], [-0.194973, 51.4096439], [-0.1958373, 51.4120755], [-0.1958234, 51.4128619], [-0.1955899, 51.4132528], [-0.1941162, 51.4144909], [-0.19195, 51.4154454], [-0.1870577, 51.4159747], [-0.1820437, 51.4162848], [-0.1800252, 51.4167594], [-0.1788843, 51.4173365], [-0.17421, 51.4222663], [-0.1707886, 51.4250591], [-0.1693501, 51.4267952], [-0.1648741, 51.4311089], [-0.1641133, 51.4319057], [-0.163668, 51.4328858], [-0.1628331, 51.4338029], [-0.1612817, 51.434908], [-0.1583958, 51.4364074], [-0.1567395, 51.4378887], [-0.1552579, 51.4405025], [-0.153208, 51.4430921], [-0.1513567, 51.4451882], [-0.1496692, 51.4463177], [-0.1488235, 51.4476052], [-0.1481223, 51.4487849], [-0.1478846, 51.4521304], [-0.1474632, 51.4530268], [-0.1415587, 51.4595394], [-0.1376593, 51.4619873], [-0.1328119, 51.4636377], [-0.1301018, 51.464989], [-0.1292202, 51.4659435], [-0.1277488, 51.4680087], [-0.1243321, 51.4706053], [-0.1225247, 51.4722106], [-0.11261905068763646, 51.48170874850826]], [[-0.11261905068763646, 51.48170874850826], [-0.1122267, 51.482153]], [[-0.1185949, 51.5310371], [-0.1092709, 51.5318544], [-0.1057636, 51.5318736], [-0.0887248, 51.5273709], [-0.0882125, 51.5270192], [-0.08780183794604596, 51.5263016025145]], [[-0.08780183794604596, 51.5263016025145], [-0.08757991424836338, 51.525731525263964]], [[-0.08757991424836338, 51.525731525263964], [-0.087543, 51.5256367], [-0.08745209885155568, 51.52442320251076]], [[-0.08745209885155568, 51.52442320251076], [-0.0874454, 51.5243338], [-0.08741051871929063, 51.5241659754185]], [[-0.08741051871929063, 51.5241659754185], [-0.087005, 51.5222149], [-0.087005, 51.5216926], [-0.0871928138831494, 51.52039707125554]], [[-0.0871928138831494, 51.52039707125554], [-0.087222012830779, 51.52007711761298]], [[-0.087222012830779, 51.52007711761298], [-0.08723171474653009, 51.519970806819735]], [[-0.08723171474653009, 51.519970806819735], [-0.08725102385224286, 51.519774336358836]], [[-0.08725102385224286, 51.519774336358836], [-0.08743889138822038, 51.519260863509714]], [[-0.08743889138822038, 51.519260863509714], [-0.0874891, 51.5191486], [-0.0876011617597165, 51.51897171302694]], [[-0.0876011617597165, 51.51897171302694], [-0.0881026, 51.5182651], [-0.0893651, 51.5153735]], [[-0.1841914, 51.6400981], [-0.1897749, 51.6473571]], [[-0.1415276, 51.480252], [-0.1413656, 51.4803901]], [[-0.1413656, 51.4803901], [-0.1412106, 51.4805255]], [[-0.1411037, 51.4804531], [-0.1413656, 51.4803901]], [[-0.1413656, 51.4803901], [-0.1416081, 51.4803279]], [[-0.1055444, 51.5525085], [-0.1052251, 51.5520239]], [[-0.1069731, 51.5621702], [-0.1068082, 51.5632035]], [[-0.2115728, 51.6085072], [-0.2109878, 51.6084222]], [[-0.1046989, 51.5504012], [-0.1055444, 51.5525085]], [[-0.1055444, 51.5525085], [-0.1055726, 51.5525754]], [[-0.1056416, 51.5527345], [-0.1060595, 51.5536048]], [[-0.1060595, 51.5536048], [-0.1061494, 51.5538055]], [[-0.1054636, 51.5525955], [-0.1052251, 51.5520239]], [[-0.1052251, 51.5520239], [-0.1031381, 51.5468466]], [[-0.1060129, 51.5538325], [-0.1055395, 51.5527536]], [[-0.1073654, 51.4870023], [-0.1068417, 51.4876687]], [[-0.1064414, 51.4875283], [-0.1071323, 51.4870701]], [[-0.2101489, 51.6082557], [-0.2093448, 51.6080622]], [[-0.2755014, 51.613986], [-0.2742546, 51.6134349]], [[-0.0879932, 51.518685], [-0.0880023, 51.5186636]], [[-0.2274518, 51.5841427], [-0.2258015, 51.5828898]], [[-0.2259614, 51.5828684], [-0.2269068, 51.583607]], [[-0.2258015, 51.5828898], [-0.2256283, 51.5827415]], [[-0.2257597, 51.5827233], [-0.2259614, 51.5828684]], [[-0.1261234, 51.509086], [-0.1267081, 51.5091443]], [[-0.0873369, 51.5200807], [-0.0870938, 51.5218691], [-0.08717269274052843, 51.52245752049604]], [[-0.08717269274052843, 51.52245752049604], [-0.0872897, 51.5229251], [-0.08743103680401329, 51.523628881688374]], [[-0.08743103680401329, 51.523628881688374], [-0.08748728810880493, 51.523908983099574]], [[-0.08748728810880493, 51.523908983099574], [-0.08770847063874017, 51.525732760876]], [[-0.08770847063874017, 51.525732760876], [-0.08780183794604596, 51.5263016025145]], [[-0.08780183794604596, 51.5263016025145], [-0.0879556, 51.5272384], [-0.0866158, 51.5309298], [-0.0868307, 51.5317118], [-0.0877137, 51.5331982], [-0.089147, 51.5351249], [-0.0911307, 51.5374379], [-0.0941112, 51.5394458]], [[-0.1063789, 51.487594], [-0.1064414, 51.4875283]], [[-0.1068417, 51.4876687], [-0.1057708, 51.4887485]], [[-0.1415276, 51.480252], [-0.1438791, 51.4790947]], [[-0.1423914, 51.4799625], [-0.1416081, 51.4803279]], [[-0.1441872, 51.4790816], [-0.1423914, 51.4799625]], [[-0.1948256, 51.650944], [-0.1940163, 51.6504841]], [[-0.1937772, 51.6503131], [-0.195138, 51.6510709]], [[-0.2750551, 51.6136255], [-0.275335, 51.6137518]], [[-0.0873224, 51.5094178], [-0.0870075, 51.5086936]], [[-0.1420298, 51.5380154], [-0.1415614394099263, 51.5374741006763]], [[-0.1415614394099263, 51.5374741006763], [-0.1412747, 51.5371833], [-0.1397982164852684, 51.535847877998165]], [[-0.1397982164852684, 51.535847877998165], [-0.1397863, 51.5358371], [-0.13978404018124338, 51.53583480317548]], [[-0.13978404018124338, 51.53583480317548], [-0.1393283, 51.5353716]], [[-0.1428751, 51.5391981], [-0.1442932, 51.5407235], [-0.146378, 51.542066], [-0.147893, 51.5426288], [-0.151546, 51.5434303], [-0.1532412, 51.54401], [-0.1564023, 51.5459964], [-0.1584796, 51.5467962], [-0.1600662, 51.5475526], [-0.1634521, 51.5495618]], [[-0.1418988, 51.5380439], [-0.1391752, 51.5353624]], [[-0.1425258, 51.5389302], [-0.142399, 51.5385961]], [[-0.1071323, 51.4870701], [-0.1072479, 51.486945]], [[-0.2157465, 51.5775656], [-0.2131478, 51.5765055]], [[-0.2132865, 51.5764719], [-0.2158386, 51.5775566]], [[-0.2130273, 51.5763649], [-0.2132865, 51.5764719]], [[-0.2131478, 51.5765055], [-0.2129172, 51.5763974]], [[-0.2118801, 51.5758541], [-0.2130273, 51.5763649]], [[-0.2115652, 51.5757117], [-0.2118801, 51.5758541]], [[-0.2080047, 51.5741064], [-0.2097319, 51.5748894]], [[-0.2096544, 51.574893], [-0.2079774, 51.5741396]], [[-0.2100473, 51.5750682], [-0.2096544, 51.574893]], [[-0.2097319, 51.5748894], [-0.2101431, 51.5750753]], [[-0.2129172, 51.5763974], [-0.2118078, 51.5758602]], [[-0.2118078, 51.5758602], [-0.2114757, 51.5757115]], [[-0.2158386, 51.5775566], [-0.2177276, 51.5783211]], [[-0.2176967, 51.5783506], [-0.2157465, 51.5775656]], [[-0.2178892, 51.5784319], [-0.2176967, 51.5783506]], [[-0.2177276, 51.5783211], [-0.2179222, 51.5784009]], [[-0.1070785, 51.5601875], [-0.1073233, 51.5594994]], [[-0.0873369, 51.5200807], [-0.087414, 51.5198119]], [[-0.087414, 51.5198119], [-0.0879932, 51.518685]], [[-0.087221, 51.5200787], [-0.08723171474653009, 51.519970806819735]], [[-0.08723171474653009, 51.519970806819735], [-0.0872483, 51.5198038]], [[-0.0872483, 51.5198038], [-0.08725102385224286, 51.519774336358836]], [[-0.08725102385224286, 51.519774336358836], [-0.0873048, 51.5195344], [-0.08743889138822038, 51.519260863509714]], [[-0.08743889138822038, 51.519260863509714], [-0.0876011617597165, 51.51897171302694]], [[-0.0876011617597165, 51.51897171302694], [-0.0878551, 51.5185254]], [[-0.0872483, 51.5198038], [-0.0872996, 51.5199559]], [[-0.0872996, 51.5199559], [-0.0873369, 51.5200807]], [[-0.087221, 51.5200787], [-0.087222012830779, 51.52007711761298]], [[-0.087222012830779, 51.52007711761298], [-0.0872996, 51.5199559]], [[-0.0872996, 51.5199559], [-0.087414, 51.5198119]], [[-0.0893651, 51.5153735], [-0.08965312457220093, 51.514618100708695]], [[-0.08965312457220093, 51.514618100708695], [-0.0897283, 51.514049]], [[-0.0878551, 51.5185254], [-0.0878794, 51.5184828]], [[-0.2722581, 51.6121762], [-0.272573, 51.6123947]], [[-0.1940244, 51.5722012], [-0.1954007, 51.5727229]], [[-0.1954067, 51.5727995], [-0.1938723, 51.5723861]], [[-0.2269068, 51.583607], [-0.2275057, 51.5841126]], [[-0.2503217, 51.5956013], [-0.2533361, 51.5979791], [-0.2551916, 51.5991114]], [[-0.2551704, 51.5991448], [-0.2535201, 51.5981784], [-0.2497551, 51.5953678]], [[-0.1393283, 51.5353716], [-0.13912647126820335, 51.53509901633753]], [[-0.13912647126820335, 51.53509901633753], [-0.13896237849553358, 51.534877397698004]], [[-0.13896237849553358, 51.534877397698004], [-0.1371762, 51.5330935]], [[-0.1057708, 51.4887485], [-0.1052972, 51.489403], [-0.1051733, 51.4898712], [-0.1054517, 51.4907252]], [[-0.0941112, 51.5394458], [-0.0970401, 51.5411352]], [[-0.0970401, 51.5411352], [-0.0998488, 51.5427482], [-0.1008294, 51.5439753]], [[-0.0871868, 51.520465], [-0.0871928138831494, 51.52039707125554]], [[-0.0871928138831494, 51.52039707125554], [-0.087221, 51.5200787]]]}, "properties": {"route": "Northern", "mode": "rail", "color": "#1C1C1C"}}, {"type": "Feature", "geometry": {"type": "MultiLineString", "coordinates": [[[-0.1205014, 51.5305316], [-0.1217296, 51.5306154], [-0.1228922, 51.5303567]], [[-0.4130913, 51.5730947], [-0.4229952, 51.5709509], [-0.4384978, 51.564477], [-0.4398672, 51.5637517]], [[-0.1489436, 51.5232822], [-0.1523706, 51.5230067], [-0.1554892, 51.5224607]], [[-0.3735384, 51.5755169], [-0.3798773, 51.5765288]], [[-0.3595131, 51.5768958], [-0.3619287, 51.575853], [-0.3628023, 51.5755604], [-0.3641776, 51.5752101], [-0.3652019, 51.5750336], [-0.3667706, 51.5748684], [-0.3680406, 51.5748259], [-0.3691764, 51.5748627]], [[-0.3970519, 51.5765759], [-0.3976249, 51.5764796]], [[-0.4399385, 51.5637592], [-0.4385816, 51.564476], [-0.423052, 51.5709702], [-0.4131246, 51.5731219]], [[-0.4420062, 51.5619731], [-0.4426797, 51.5610336], [-0.4438096, 51.5580699], [-0.4444999, 51.5570516], [-0.4452527, 51.5562641], [-0.4462543, 51.5554628], [-0.4473365, 51.554812], [-0.4484938, 51.5542648]], [[-0.1792514, 51.5463872], [-0.180175, 51.546888]], [[-0.1679911, 51.5292685], [-0.1672098, 51.5287379]], [[-0.1578594, 51.523744], [-0.1580124, 51.5238349]], [[-0.3124865, 51.5776034], [-0.3087778, 51.5766111], [-0.2991165, 51.5733509], [-0.2950025, 51.5720772]], [[-0.3130925, 51.577738], [-0.3124865, 51.5776034]], [[-0.4186896, 51.6051908], [-0.4181469, 51.6048427]], [[-0.1228922, 51.5303567], [-0.1256138, 51.5291487], [-0.1267679, 51.5288206], [-0.1312616, 51.5271128], [-0.1338133, 51.5262918]], [[-0.2491237, 51.5539837], [-0.2453085, 51.5530151], [-0.2332358, 51.5511184]], [[-0.3473198, 51.5801937], [-0.3457815, 51.5799692], [-0.342084, 51.5797707]], [[-0.0972349, 51.5202372], [-0.0964925, 51.5200721]], [[-0.0964925, 51.5200721], [-0.0916011, 51.5188906]], [[-0.0916011, 51.5188906], [-0.0888213, 51.5183085]], [[-0.0995268, 51.5201932], [-0.0977976, 51.520272]], [[-0.0977976, 51.520272], [-0.0972349, 51.5202372]], [[-0.1026393, 51.5196528], [-0.0995268, 51.5201932]], [[-0.1063207, 51.5221503], [-0.104784, 51.5203559]], [[-0.1150266, 51.5278325], [-0.1161455, 51.5285095]], [[-0.3337502, 51.5786424], [-0.3324032, 51.5785497], [-0.3300337, 51.5785936]], [[-0.3300337, 51.5785936], [-0.3298066, 51.5785987]], [[-0.3298066, 51.5785987], [-0.3268487, 51.5786658]], [[-0.4189601, 51.6052444], [-0.4184424, 51.6049103]], [[-0.4279833, 51.6233704], [-0.4261566, 51.6204581], [-0.4256764, 51.6194875], [-0.4253277, 51.6185548], [-0.4250115, 51.6171013], [-0.4248174, 51.6137484], [-0.4242253, 51.6118232], [-0.4236238, 51.610407], [-0.4224687, 51.6085087], [-0.4218199, 51.6076959], [-0.4205632, 51.6064339], [-0.4189601, 51.6052444]], [[-0.381971, 51.5932405], [-0.3622291, 51.5848267]], [[-0.3835713, 51.5938273], [-0.382255, 51.5932395]], [[-0.4170642, 51.60416], [-0.4064098, 51.5992739], [-0.403526, 51.5982099], [-0.3999615, 51.5973071], [-0.3909126, 51.5959343], [-0.3888471, 51.5955766], [-0.3861821, 51.5949111], [-0.383646, 51.5939653]], [[-0.4171418, 51.6041024], [-0.4154996, 51.603256], [-0.4098404, 51.6006311], [-0.4059187, 51.5989731], [-0.403109, 51.5979892], [-0.4011137, 51.5974694], [-0.3994512, 51.5971345], [-0.3904731, 51.595779], [-0.3888724, 51.5954842], [-0.3874711, 51.5951675], [-0.3863, 51.5948343], [-0.3851897, 51.594468], [-0.3838125, 51.5939319]], [[-0.1025236, 51.5050817], [-0.1021142, 51.5046277], [-0.1015131, 51.504304], [-0.1006447, 51.5041349], [-0.0996881, 51.5041826]], [[-0.4172319, 51.6042558], [-0.4170642, 51.60416]], [[-0.4173081, 51.6041933], [-0.4171418, 51.6041024]], [[-0.4184424, 51.6049103], [-0.4173081, 51.6041933]], [[-0.459556, 51.5507157], [-0.4596627, 51.5506813]], [[-0.4492472, 51.5539791], [-0.4495145, 51.5538884]], [[-0.4654344, 51.5489027], [-0.465749, 51.548805]], [[-0.4611316, 51.5502508], [-0.4654344, 51.5489027]], [[-0.2330139, 51.5510831], [-0.2282259, 51.5503271]], [[-0.2332358, 51.5511184], [-0.2330139, 51.5510831]], [[-0.3473198, 51.5801937], [-0.34762958392064586, 51.58025698293385]], [[-0.34762958392064586, 51.58025698293385], [-0.34784099020753206, 51.580300169197486]], [[-0.34784099020753206, 51.580300169197486], [-0.3481187, 51.5803569]], [[-0.3527816, 51.5814648], [-0.3513572, 51.5810527]], [[-0.3620007, 51.5846014], [-0.3541615, 51.5819446]], [[-0.3541615, 51.5819446], [-0.3539628, 51.5818768]], [[-0.3539126, 51.581944], [-0.3498442, 51.5807825]], [[-0.3541056, 51.5820123], [-0.3539126, 51.581944]], [[-0.3619191, 51.5847172], [-0.3541056, 51.5820123]], [[-0.3622291, 51.5848267], [-0.3619191, 51.5847172]], [[-0.36237, 51.5847251], [-0.3620007, 51.5846014]], [[-0.3819813, 51.5931187], [-0.36237, 51.5847251]], [[-0.4278718, 51.6233884], [-0.426025, 51.6205012], [-0.4252083, 51.6185678], [-0.4248984, 51.6171152], [-0.4246987, 51.6137498], [-0.4233259, 51.6101072], [-0.4223472, 51.6085336], [-0.4213009, 51.6072935], [-0.4204452, 51.6064733], [-0.4186896, 51.6051908]], [[-0.4608834, 51.5503248], [-0.4611316, 51.5502508]], [[-0.4596627, 51.5506813], [-0.4608834, 51.5503248]], [[-0.1669409, 51.5285709], [-0.1654919, 51.5277637]], [[-0.1672098, 51.5287379], [-0.1669409, 51.5285709]], [[-0.1568002, 51.5226236], [-0.1579078, 51.5237215]], [[-0.1578081, 51.523771], [-0.1564919, 51.5227115]], [[-0.1554892, 51.5224607], [-0.1561264, 51.5225482], [-0.1565394, 51.5227056]], [[-0.1581381, 51.5239208], [-0.1580683, 51.5238958]], [[-0.1580683, 51.5238958], [-0.1579448, 51.5238555]], [[-0.1579078, 51.5237215], [-0.1580124, 51.5238349]], [[-0.1577669, 51.5237867], [-0.1568212, 51.5230195], [-0.1561468, 51.5227252]], [[-0.104784, 51.5203559], [-0.1042818, 51.5200535]], [[-0.1042818, 51.5200535], [-0.1026393, 51.5196528]], [[-0.116622, 51.528782], [-0.1171166, 51.529065]], [[-0.0808641, 51.5169498], [-0.0786166, 51.5162418], [-0.0772783, 51.5156053]], [[-0.0772783, 51.5156053], [-0.0770281, 51.5154502]], [[-0.0770281, 51.5154502], [-0.0765666, 51.5151357]], [[-0.1145664, 51.5275362], [-0.1150266, 51.5278325]], [[-0.1079375, 51.5232699], [-0.1090463, 51.5238371], [-0.1106654, 51.5250659], [-0.1126427, 51.526257], [-0.1145664, 51.5275362]], [[-0.1565394, 51.5227056], [-0.1578594, 51.523744]], [[-0.1048278, 51.5203424], [-0.1063796, 51.5221466]], [[-0.1759528, 51.5363641], [-0.1759732, 51.5366959]], [[-0.1680346, 51.5292483], [-0.1751733, 51.5351192], [-0.1756882, 51.5356072], [-0.1758761, 51.5360825]], [[-0.1758761, 51.5360825], [-0.1759528, 51.5363641]], [[-0.1759732, 51.5366959], [-0.1759992, 51.536997]], [[-0.1753107, 51.5434819], [-0.1753749, 51.5437239]], [[-0.1759992, 51.536997], [-0.1759363, 51.5379493], [-0.1753088, 51.5411606], [-0.1753107, 51.5434819]], [[-0.0833928, 51.51735], [-0.0818196, 51.5170871]], [[-0.0843726, 51.5175043], [-0.0833928, 51.51735]], [[-0.1830546, 51.547378], [-0.1907679, 51.5466598]], [[-0.1959651, 51.546448], [-0.1912078, 51.5468303]], [[-0.1800085, 51.5470848], [-0.1783119, 51.5456765], [-0.1764122, 51.544939], [-0.1759156, 51.5446415], [-0.1755079, 51.5441889], [-0.1753242, 51.543729]], [[-0.1753749, 51.5437239], [-0.1755335, 51.5441369], [-0.1760974, 51.5446985], [-0.1783596, 51.545643], [-0.1792514, 51.5463872]], [[-0.2053106, 51.5470795], [-0.1959651, 51.546448]], [[-0.1959467, 51.5463185], [-0.2053341, 51.5468958]], [[-0.2332958, 51.5510134], [-0.2453469, 51.5529088], [-0.2534718, 51.5549137], [-0.2603012, 51.5569174], [-0.2718359, 51.5614577], [-0.2764549, 51.5625501]], [[-0.208452, 51.5472713], [-0.2053106, 51.5470795]], [[-0.233053, 51.5509721], [-0.2332958, 51.5510134]], [[-0.2775827, 51.5627762], [-0.2789616, 51.5631784]], [[-0.2059589, 51.5469416], [-0.2094584, 51.5472866], [-0.2280392, 51.5501774]], [[-0.3407148, 51.5798677], [-0.3387642, 51.5798872], [-0.33807, 51.5798169], [-0.337743, 51.5797604]], [[-0.337743, 51.5797604], [-0.3350726, 51.5790268]], [[-0.1655308, 51.5277443], [-0.1669861, 51.528531]], [[-0.1672558, 51.5286966], [-0.1680346, 51.5292483]], [[-0.1669861, 51.528531], [-0.1672558, 51.5286966]], [[-0.1654919, 51.5277637], [-0.1626291, 51.5263322], [-0.1581115, 51.5239394]], [[-0.1581115, 51.5239394], [-0.1579448, 51.5238555]], [[-0.1564919, 51.5227115], [-0.155512, 51.5225008]], [[-0.3391741, 51.5798624], [-0.3384357, 51.5798335], [-0.337743, 51.5797604]], [[-0.3527931, 51.5797186], [-0.3525904, 51.5797677]], [[-0.3525642, 51.5797375], [-0.3527456, 51.5796915]], [[-0.3413, 51.5798189], [-0.3419878, 51.5798507]], [[-0.3419878, 51.5798507], [-0.3452062, 51.5800189]], [[-0.3473451, 51.5802723], [-0.344888, 51.5800225], [-0.3414639, 51.579861]], [[-0.3414639, 51.579861], [-0.3412926, 51.5798547]], [[-0.3683717, 51.5748634], [-0.3658847, 51.5749796], [-0.3639727, 51.57529], [-0.3619739, 51.5758808], [-0.3595709, 51.5769218]], [[-0.3419878, 51.5798507], [-0.3414639, 51.579861]], [[-0.3483848, 51.5803683], [-0.34810276220355385, 51.5803111111371]], [[-0.34810276220355385, 51.5803111111371], [-0.3479444, 51.580279]], [[-0.337277, 51.5792573], [-0.3391668, 51.5796081]], [[-0.3391668, 51.5796081], [-0.3451896, 51.5798707], [-0.347574, 51.5802039]], [[-0.3478585, 51.5803414], [-0.34986, 51.5807558]], [[-0.3131251, 51.5777849], [-0.3125181, 51.5776546]], [[-0.353937, 51.581917], [-0.354132, 51.5819832]], [[-0.3124508, 51.5775455], [-0.313048, 51.5776738]], [[-0.354132, 51.5819832], [-0.3619465, 51.5846867]], [[-0.3124182, 51.5774928], [-0.3130118, 51.5776218]], [[-0.34986, 51.5807558], [-0.3507075, 51.5809012]], [[-0.3314755, 51.5784739], [-0.3324981, 51.578485]], [[-0.3324981, 51.578485], [-0.3329309, 51.5785189], [-0.3335827, 51.5785896]], [[-0.339921, 51.5797462], [-0.3408771, 51.5798028]], [[-0.3380357, 51.5796403], [-0.3390737, 51.5797141]], [[-0.3471853, 51.5801999], [-0.3473830842847547, 51.5802412466972]], [[-0.3473830842847547, 51.5802412466972], [-0.34760895405517866, 51.58028873879701]], [[-0.34760895405517866, 51.58028873879701], [-0.3478585, 51.5803414]], [[-0.3314754, 51.5785039], [-0.3324981, 51.578485]], [[-0.3324981, 51.578485], [-0.3337475, 51.5785289]], [[-0.3310117, 51.5784825], [-0.3321756, 51.5784099]], [[-0.3513572, 51.5810527], [-0.350495, 51.5808905]], [[-0.313048, 51.5776738], [-0.3165478, 51.5782856], [-0.3193151, 51.5785659], [-0.3229833, 51.5786745], [-0.3295829, 51.5785468]], [[-0.3130118, 51.5776218], [-0.3165717, 51.5782189], [-0.3202372, 51.5785626], [-0.3295829, 51.5785176]], [[-0.3125181, 51.5776546], [-0.3087543, 51.5766422], [-0.299091, 51.573379], [-0.2949959, 51.5721476]], [[-0.3391668, 51.5796081], [-0.3379233, 51.5795058]], [[-0.465749, 51.548805], [-0.4671023, 51.5484452], [-0.4692489, 51.5480751], [-0.4730741, 51.5479577]], [[-0.4127977, 51.5731632], [-0.4130913, 51.5730947]], [[-0.4484938, 51.5542648], [-0.4492472, 51.5539791]], [[-0.1489664, 51.5233223], [-0.1459327, 51.523848], [-0.1452135, 51.5238868], [-0.144476, 51.5238379]], [[-0.155512, 51.5225008], [-0.1523934, 51.5230468], [-0.1489664, 51.5233223]], [[-0.122908, 51.5303997], [-0.1217474, 51.5306533], [-0.1205086, 51.5305653]], [[-0.1170515, 51.5290793], [-0.1165591, 51.5287951]], [[-0.1149893, 51.527858], [-0.1145206, 51.527562]], [[-0.116108, 51.5285345], [-0.1149893, 51.527858]], [[-0.1145206, 51.527562], [-0.1106376, 51.5250886], [-0.1090112, 51.5238636], [-0.1079003, 51.5232904]], [[-0.1045355, 51.5201414], [-0.1048278, 51.5203424]], [[-0.0977943, 51.5202439], [-0.099514, 51.5201697]], [[-0.099514, 51.5201697], [-0.1019949, 51.5196263], [-0.1026848, 51.5196266]], [[-0.1026848, 51.5196266], [-0.1043232, 51.520037]], [[-0.0767088, 51.5151934], [-0.0770562, 51.5154318]], [[-0.0770562, 51.5154318], [-0.077315, 51.5155846]], [[-0.077315, 51.5155846], [-0.0786351, 51.5162142], [-0.0809028, 51.5169122]], [[-0.0965288, 51.5200441], [-0.0972423, 51.5202064]], [[-0.0972423, 51.5202064], [-0.0974056, 51.5202299]], [[-0.0809028, 51.5169122], [-0.0818321, 51.5170561]], [[-0.0834029, 51.5173233], [-0.0844014, 51.5174723]], [[-0.0844014, 51.5174723], [-0.0888349, 51.5182687]], [[-0.0753717, 51.5136997], [-0.0754007, 51.5137706]], [[-0.0758834, 51.5144452], [-0.0758458, 51.5144051]], [[-0.0758458, 51.5144051], [-0.0757044, 51.5142527]], [[-0.0758744, 51.5143948], [-0.0759106, 51.5144354]], [[-0.0759106, 51.5144354], [-0.076614, 51.5151238]], [[-0.4595816, 51.5507445], [-0.450319, 51.5536634]], [[-0.4610709, 51.5503052], [-0.4607903, 51.5503938]], [[-0.4596864, 51.5507101], [-0.4595816, 51.5507445]], [[-0.4493171, 51.5539865], [-0.4485709, 51.5542753]], [[-0.4657147, 51.5488698], [-0.4654326, 51.5489471]], [[-0.473093, 51.5479987], [-0.4689708, 51.5481502], [-0.4657147, 51.5488698]], [[-0.4607903, 51.5503938], [-0.4596864, 51.5507101]], [[-0.4760753, 51.5472117], [-0.477767, 51.5465623]], [[-0.4654326, 51.5489471], [-0.4610709, 51.5503052]], [[-0.4131246, 51.5731219], [-0.4128118, 51.5731917]], [[-0.4128118, 51.5731917], [-0.4126477, 51.5732261]], [[-0.1579448, 51.5238555], [-0.1578081, 51.523771]], [[-0.1758125, 51.5360899], [-0.1756063, 51.5356148], [-0.1751465, 51.535167], [-0.1679911, 51.5292685]], [[-0.1580124, 51.5238349], [-0.1581381, 51.5239208]], [[-0.1581381, 51.5239208], [-0.1655308, 51.5277443]], [[-0.1759378, 51.5369981], [-0.1759104, 51.5366972]], [[-0.1758849, 51.5363948], [-0.1758125, 51.5360899]], [[-0.1759104, 51.5366972], [-0.1758849, 51.5363948]], [[-0.1753242, 51.543729], [-0.1752623, 51.5434868]], [[-0.1752623, 51.5434868], [-0.1752589, 51.5411584], [-0.1759378, 51.5369981]], [[-0.0916011, 51.5188906], [-0.0915117, 51.5188473]], [[-0.0915117, 51.5188473], [-0.0912878, 51.5187572]], [[-0.0912878, 51.5187572], [-0.0892211, 51.5182398]], [[-0.3620282, 51.5845696], [-0.3623989, 51.5846918]], [[-0.4185963, 51.6049455], [-0.4190867, 51.6052695]], [[-0.4171778, 51.6040784], [-0.4173483, 51.6041686]], [[-0.3513795, 51.5810266], [-0.3521311, 51.5812249], [-0.3538354, 51.5817957]], [[-0.3623989, 51.5846918], [-0.3819868, 51.5930825]], [[-0.4173483, 51.6041686], [-0.4185963, 51.6049455]], [[-0.4190867, 51.6052695], [-0.4207148, 51.6064993], [-0.4216498, 51.6073942], [-0.4227972, 51.6089106], [-0.4236766, 51.6103953], [-0.424279, 51.6118131], [-0.4248536, 51.6136321], [-0.4250535, 51.6169728], [-0.4254231, 51.6186807], [-0.4262269, 51.6204853], [-0.4280276, 51.6233633]], [[-0.3838806, 51.5939183], [-0.3863239, 51.5948071], [-0.389274, 51.5955354], [-0.3999553, 51.5971909], [-0.401622, 51.5975521], [-0.4036116, 51.5981033], [-0.4056673, 51.5988307], [-0.4087648, 51.6001128], [-0.4149044, 51.6029342], [-0.4171778, 51.6040784]], [[-0.3822606, 51.5932055], [-0.3836448, 51.5938166]], [[-0.1043232, 51.520037], [-0.1045355, 51.5201414]], [[-0.3837036, 51.5939537], [-0.3859883, 51.5948088], [-0.3883599, 51.5954351], [-0.3902161, 51.5957901], [-0.3997517, 51.5972372], [-0.4034389, 51.5981469], [-0.4067345, 51.5993689], [-0.417104, 51.6041395]], [[-0.4182786, 51.6048728], [-0.4187989, 51.6052124]], [[-0.3619465, 51.5846867], [-0.3622572, 51.5847955]], [[-0.417104, 51.6041395], [-0.4172654, 51.6042322]], [[-0.3622572, 51.5847955], [-0.3819761, 51.5932042]], [[-0.4172654, 51.6042322], [-0.4182786, 51.6048728]], [[-0.4187989, 51.6052124], [-0.4205364, 51.606489], [-0.4217619, 51.6077088], [-0.4226873, 51.6089316], [-0.4233605, 51.6100935], [-0.4246815, 51.6134251], [-0.4249847, 51.6173922], [-0.4253649, 51.6188662], [-0.4261449, 51.6206162], [-0.4279229, 51.6233802]], [[-0.4181469, 51.6048427], [-0.4172319, 51.6042558]], [[-0.3702897, 51.5749827], [-0.370486, 51.5750181]], [[-0.3513572, 51.5810527], [-0.3507362, 51.5809076]], [[-0.3507362, 51.5809076], [-0.3507075, 51.5809012]], [[-0.3507075, 51.5809012], [-0.3481187, 51.5803569]], [[-0.3480488, 51.580425], [-0.3412941, 51.5798902]], [[-0.3407148, 51.5798677], [-0.339917, 51.5798502]], [[-0.2762875, 51.5627292], [-0.2723303, 51.5618042], [-0.2611145, 51.5573325], [-0.2545509, 51.5553407]], [[-0.3539873, 51.5818491], [-0.3541862, 51.5819165]], [[-0.3513795, 51.5810266], [-0.3483848, 51.5803683]], [[-0.3541862, 51.5819165], [-0.3620282, 51.5845696]], [[-0.3518576, 51.5812242], [-0.353937, 51.581917]], [[-0.1580124, 51.5238349], [-0.1580683, 51.5238958]], [[-0.1580683, 51.5238958], [-0.1581115, 51.5239394]], [[-0.1579448, 51.5238555], [-0.1577669, 51.5237867]], [[-0.3380357, 51.5796403], [-0.3394718, 51.5797677]], [[-0.2775827, 51.5627762], [-0.2789846, 51.5631512]], [[-0.0755949, 51.5141316], [-0.0754246, 51.5139061]], [[-0.0756244, 51.5141228], [-0.0757317, 51.5142427]], [[-0.1889163, 51.5469693], [-0.1824913, 51.5475589], [-0.1811194, 51.5474351], [-0.1800085, 51.5470848]], [[-0.1912134, 51.5466233], [-0.1959467, 51.5463185]], [[-0.1907679, 51.5466598], [-0.1912134, 51.5466233]], [[-0.1912078, 51.5468303], [-0.1907987, 51.5468549]], [[-0.3255738, 51.5787201], [-0.3229835, 51.5787475], [-0.3184229, 51.5786375], [-0.3165052, 51.5783845], [-0.3131251, 51.5777849]], [[-0.3263073, 51.5786773], [-0.3220633, 51.5787046], [-0.3181879, 51.5785686], [-0.3130925, 51.577738]], [[-0.3268487, 51.5786658], [-0.3263073, 51.5786773]], [[-0.3268493, 51.5786959], [-0.3263089, 51.578708]], [[-0.2950199, 51.5718891], [-0.3083231, 51.5763812], [-0.3124182, 51.5774928]], [[-0.2950123, 51.5719713], [-0.3088092, 51.5765731], [-0.3124508, 51.5775455]], [[-0.2946104, 51.5718398], [-0.2950123, 51.5719713]], [[-0.2946201, 51.5717585], [-0.2950199, 51.5718891]], [[-0.2949959, 51.5721476], [-0.2945894, 51.5720174]], [[-0.2950025, 51.5720772], [-0.2945985, 51.5719406]], [[-0.2945985, 51.5719406], [-0.2911363, 51.5705107], [-0.2878882, 51.5688616], [-0.2845062, 51.5660086], [-0.2830427, 51.5650646], [-0.2815916, 51.5643631], [-0.2790459, 51.5634864]], [[-0.2945894, 51.5720174], [-0.2913044, 51.5706392], [-0.2880505, 51.5690021], [-0.2868063, 51.5681263], [-0.284135, 51.5657834], [-0.2818922, 51.5645251]], [[-0.2790273, 51.5635131], [-0.2787756, 51.5634285]], [[-0.2789846, 51.5631512], [-0.279526, 51.5633238]], [[-0.2790459, 51.5634864], [-0.2787949, 51.5634011]], [[-0.2789616, 51.5631784], [-0.2795028, 51.5633496]], [[-0.2795028, 51.5633496], [-0.2819983, 51.5643151], [-0.2837433, 51.565276], [-0.2872956, 51.5681814], [-0.288499, 51.5690183], [-0.2894072, 51.5695602], [-0.2914274, 51.5705664], [-0.2946104, 51.5718398]], [[-0.279526, 51.5633238], [-0.282166, 51.5643494], [-0.2837286, 51.5652212], [-0.2848556, 51.5660086], [-0.2873932, 51.5682068], [-0.2896467, 51.5696562], [-0.2919338, 51.5707395], [-0.2946201, 51.5717585]], [[-0.2787949, 51.5634011], [-0.2774255, 51.5629796], [-0.2762875, 51.5627292]], [[-0.2787756, 51.5634285], [-0.2762875, 51.5627292]], [[-0.0818196, 51.5170871], [-0.0808641, 51.5169498]], [[-0.0818321, 51.5170561], [-0.0834029, 51.5173233]], [[-0.0888349, 51.5182687], [-0.0915117, 51.5188473]], [[-0.0915117, 51.5188473], [-0.0965288, 51.5200441]], [[-0.0888213, 51.5183085], [-0.0843726, 51.5175043]], [[-0.0912878, 51.5187572], [-0.0892053, 51.5182739]], [[-0.0765666, 51.5151357], [-0.0758834, 51.5144452]], [[-0.0996881, 51.5041826], [-0.0968074, 51.5042812]], [[-0.2282259, 51.5503271], [-0.2279918, 51.5502907]], [[-0.2279918, 51.5502907], [-0.208452, 51.5472713]], [[-0.2282735, 51.5502135], [-0.233053, 51.5509721]], [[-0.2280392, 51.5501774], [-0.2282735, 51.5502135]], [[-0.0754007, 51.5137706], [-0.0756244, 51.5141228]], [[-0.144476, 51.5238379], [-0.1443543, 51.523832]], [[-0.144482, 51.5238155], [-0.1459488, 51.5238049], [-0.1489436, 51.5232822]], [[-0.1338357, 51.5263189], [-0.1297425, 51.5277042], [-0.122908, 51.5303997]], [[-0.1443505, 51.5238065], [-0.144482, 51.5238155]], [[-0.1338133, 51.5262918], [-0.1363623, 51.525398]], [[-0.1363732, 51.5254304], [-0.1338357, 51.5263189]], [[-0.1424383, 51.5239663], [-0.1363732, 51.5254304]], [[-0.1363623, 51.525398], [-0.1424268, 51.5239371]], [[-0.1424268, 51.5239371], [-0.1433785, 51.5238163], [-0.1438686, 51.5237975], [-0.1443505, 51.5238065]], [[-0.1443543, 51.523832], [-0.1424383, 51.5239663]], [[-0.370481, 51.5750438], [-0.37026, 51.5750054]], [[-0.3710334, 51.5751497], [-0.370481, 51.5750438]], [[-0.3710443, 51.5751251], [-0.3713177, 51.5751719]], [[-0.370486, 51.5750181], [-0.3710443, 51.5751251]], [[-0.4743584, 51.5477436], [-0.4746544, 51.5476833]], [[-0.4746544, 51.5476833], [-0.4749629, 51.5476193]], [[-0.4749566, 51.5475864], [-0.4746544, 51.5476833]], [[-0.4746544, 51.5476833], [-0.4743702, 51.5477724]], [[-0.4760753, 51.5472117], [-0.4755534, 51.5474309]], [[-0.3298066, 51.5785987], [-0.3281399, 51.5786674]], [[-0.3300337, 51.5785936], [-0.3316401, 51.5785894]], [[-0.4126329, 51.5732001], [-0.4127977, 51.5731632]], [[-0.3970624, 51.5765999], [-0.3951689, 51.5768648], [-0.393066, 51.5770639], [-0.3912544, 51.5771873], [-0.3889934, 51.5772469], [-0.3863018, 51.5772035], [-0.3846468, 51.5771063], [-0.3825295, 51.576916], [-0.3799642, 51.5765794]], [[-0.4502987, 51.55364], [-0.459556, 51.5507157]], [[-0.450319, 51.5536634], [-0.4495337, 51.5539119]], [[-0.4495337, 51.5539119], [-0.4493171, 51.5539865]], [[-0.4495145, 51.5538884], [-0.4502987, 51.55364]], [[-0.0757317, 51.5142427], [-0.0758744, 51.5143948]], [[-0.0757044, 51.5142527], [-0.0755949, 51.5141316]], [[-0.477664, 51.5464894], [-0.478193, 51.5462839]], [[-0.3976249, 51.5764796], [-0.4126329, 51.5732001]], [[-0.3798784, 51.5765681], [-0.3733929, 51.5755671]], [[-0.3799642, 51.5765794], [-0.3798784, 51.5765681]], [[-0.379963, 51.5765408], [-0.3849737, 51.5770982], [-0.3889371, 51.5772075], [-0.3924516, 51.5770903], [-0.3970519, 51.5765759]], [[-0.3798773, 51.5765288], [-0.379963, 51.5765408]], [[-0.4783501, 51.5464442], [-0.477822, 51.5466499]], [[-0.0998124, 51.5041358], [-0.1007611, 51.5041111], [-0.1014635, 51.5042526], [-0.1021165, 51.5045773], [-0.1025663, 51.5050675]], [[-0.0966828, 51.5042505], [-0.0967873, 51.5042459]], [[-0.096702, 51.5042842], [-0.0946579, 51.5043554]], [[-0.0968074, 51.5042812], [-0.096702, 51.5042842]], [[-0.3527456, 51.5796915], [-0.3547596, 51.5790168], [-0.359332, 51.5769752]], [[-0.3593935, 51.5769965], [-0.3548299, 51.5790296], [-0.3527931, 51.5797186]], [[-0.359332, 51.5769752], [-0.3595131, 51.5768958]], [[-0.3595709, 51.5769218], [-0.3593935, 51.5769965]], [[-0.4399381, 51.5637042], [-0.4419093, 51.5620765]], [[-0.4398672, 51.5637517], [-0.4399381, 51.5637042]], [[-0.4485709, 51.5542753], [-0.4463523, 51.5554747], [-0.4446825, 51.5569372], [-0.443988, 51.5578468], [-0.4430504, 51.5603851], [-0.4426305, 51.5611969], [-0.4420368, 51.5619988]], [[-0.4399722, 51.5637351], [-0.4399385, 51.5637592]], [[-0.4419963, 51.5619853], [-0.4420062, 51.5619731]], [[-0.4419093, 51.5620765], [-0.4419963, 51.5619853]], [[-0.1024694, 51.5050944], [-0.1021191, 51.5046889], [-0.1014679, 51.5043275], [-0.0996881, 51.5041826]], [[-0.0967873, 51.5042459], [-0.0998124, 51.5041358]], [[-0.4420368, 51.5619988], [-0.4419449, 51.5620942]], [[-0.4419449, 51.5620942], [-0.4399722, 51.5637351]], [[-0.348258, 51.5803176], [-0.34810276220355385, 51.5803111111371]], [[-0.34810276220355385, 51.5803111111371], [-0.34784099020753206, 51.580300169197486]], [[-0.34784099020753206, 51.580300169197486], [-0.34760895405517866, 51.58028873879701]], [[-0.34760895405517866, 51.58028873879701], [-0.3473451, 51.5802723]], [[-0.3469436, 51.5801979], [-0.3473830842847547, 51.5802412466972]], [[-0.3473830842847547, 51.5802412466972], [-0.34762958392064586, 51.58025698293385]], [[-0.34762958392064586, 51.58025698293385], [-0.3478988609967776, 51.58026976679497]], [[-0.3478988609967776, 51.58026976679497], [-0.3480639, 51.5802755]], [[-0.3480639, 51.5802755], [-0.350434, 51.5801685], [-0.3525642, 51.5797375]], [[-0.3525904, 51.5797677], [-0.3505291, 51.580189], [-0.348258, 51.5803176]], [[-0.477767, 51.5465623], [-0.4782651, 51.5463669]], [[-0.4755319, 51.5474084], [-0.477664, 51.5464894]], [[-0.4755319, 51.5474084], [-0.4760753, 51.5472117]], [[-0.477822, 51.5466499], [-0.4755534, 51.5474309]], [[-0.3310091, 51.5783981], [-0.332186, 51.5783711], [-0.3331862, 51.5783833]], [[-0.3337513, 51.5784955], [-0.3321756, 51.5784099]], [[-0.180175, 51.546888], [-0.1803348, 51.5469603]], [[-0.1197851, 51.5303936], [-0.1190208, 51.5301511]], [[-0.1200306, 51.5304214], [-0.1205014, 51.5305316]], [[-0.1183975, 51.5298026], [-0.1185345, 51.5298839]], [[-0.1184824, 51.5298983], [-0.1183347, 51.5298175]], [[-0.1183347, 51.5298175], [-0.1178544, 51.5295382]], [[-0.1178544, 51.5295382], [-0.1177427, 51.5294699]], [[-0.1179294, 51.5295252], [-0.1183975, 51.5298026]], [[-0.1178124, 51.5294559], [-0.1179294, 51.5295252]], [[-0.1173151, 51.5291756], [-0.1178124, 51.5294559]], [[-0.1171166, 51.529065], [-0.1173151, 51.5291756]], [[-0.1177427, 51.5294699], [-0.1172463, 51.5291888]], [[-0.1172463, 51.5291888], [-0.1170515, 51.5290793]], [[-0.1163731, 51.5286859], [-0.116108, 51.5285345]], [[-0.1165591, 51.5287951], [-0.1163731, 51.5286859]], [[-0.1161455, 51.5285095], [-0.1164327, 51.528673]], [[-0.1164327, 51.528673], [-0.116622, 51.528782]], [[-0.1189126, 51.5301075], [-0.1184824, 51.5298983]], [[-0.1190208, 51.5301511], [-0.1189126, 51.5301075]], [[-0.1185345, 51.5298839], [-0.1189731, 51.5300903]], [[-0.1189731, 51.5300903], [-0.1190817, 51.5301359]], [[-0.1190817, 51.5301359], [-0.1197548, 51.530353]], [[-0.1197548, 51.530353], [-0.1200306, 51.5304214]], [[-0.1205086, 51.5305653], [-0.1199667, 51.5304384]], [[-0.1199667, 51.5304384], [-0.1197851, 51.5303936]], [[-0.1067513, 51.5225213], [-0.1075325, 51.5230171]], [[-0.1066423, 51.5224317], [-0.1067513, 51.5225213]], [[-0.1074488, 51.5230015], [-0.1067129, 51.5225353]], [[-0.1067129, 51.5225353], [-0.106601, 51.5224475]], [[-0.1065156, 51.5223045], [-0.1066423, 51.5224317]], [[-0.1063796, 51.5221466], [-0.1065156, 51.5223045]], [[-0.106601, 51.5224475], [-0.106456, 51.5223086]], [[-0.106456, 51.5223086], [-0.1063207, 51.5221503]], [[-0.1079003, 51.5232904], [-0.1076779, 51.523148]], [[-0.1077502, 51.5231524], [-0.1079375, 51.5232699]], [[-0.1076779, 51.523148], [-0.1074488, 51.5230015]], [[-0.1075325, 51.5230171], [-0.1077502, 51.5231524]], [[-0.0953826, 51.5042505], [-0.0962158, 51.5042623], [-0.0966828, 51.5042505]], [[-0.3321756, 51.5784099], [-0.3331862, 51.5783833]], [[-0.3321756, 51.5784099], [-0.3310084, 51.5784302]], [[-0.3507362, 51.5809076], [-0.3513795, 51.5810266]], [[-0.3504626, 51.5808836], [-0.3498442, 51.5807825]], [[-0.3822454, 51.5933238], [-0.3834586, 51.5938436]], [[-0.3833884, 51.5938551], [-0.3822399, 51.5933598]], [[-0.3819868, 51.5930825], [-0.3822606, 51.5932055]], [[-0.382255, 51.5932395], [-0.3819813, 51.5931187]], [[-0.3819761, 51.5932042], [-0.3822454, 51.5933238]], [[-0.3822399, 51.5933598], [-0.381971, 51.5932405]], [[-0.383646, 51.5939653], [-0.3833884, 51.5938551]], [[-0.3834586, 51.5938436], [-0.3837036, 51.5939537]], [[-0.3838125, 51.5939319], [-0.3835713, 51.5938273]], [[-0.3836448, 51.5938166], [-0.3838806, 51.5939183]], [[-0.3305078, 51.5786151], [-0.3281399, 51.5786674]], [[-0.3281399, 51.5786674], [-0.3268493, 51.5786959]], [[-0.3341793, 51.5787893], [-0.3337508, 51.5787041]], [[-0.338023, 51.5797378], [-0.3351247, 51.5789558]], [[-0.3341838, 51.5787184], [-0.3337502, 51.5786424]], [[-0.3341706, 51.5786782], [-0.3380357, 51.5796403]], [[-0.3337492, 51.5786074], [-0.3341706, 51.5786782]], [[-0.3390737, 51.5797141], [-0.339921, 51.5797462]], [[-0.339921, 51.5797462], [-0.3412999, 51.5797767]], [[-0.3337475, 51.5785289], [-0.3337716, 51.5785312]], [[-0.3337474, 51.5785282], [-0.3337716, 51.5785312]], [[-0.3337716, 51.5785312], [-0.3341717, 51.5785931]], [[-0.3349015, 51.5787186], [-0.3341713, 51.5785603]], [[-0.3331862, 51.5783833], [-0.3337447, 51.5784336]], [[-0.3337447, 51.5784336], [-0.3341727, 51.5784873]], [[-0.3539628, 51.5818768], [-0.3527816, 51.5814648]], [[-0.3498442, 51.5807825], [-0.3480488, 51.580425]], [[-0.3412941, 51.5798902], [-0.3407148, 51.5798677]], [[-0.3412926, 51.5798547], [-0.339917, 51.5798502]], [[-0.339917, 51.5798502], [-0.3391741, 51.5798624]], [[-0.3391741, 51.5798624], [-0.338023, 51.5797378]], [[-0.3351247, 51.5789558], [-0.3341838, 51.5787184]], [[-0.3350726, 51.5790268], [-0.3341793, 51.5787893]], [[-0.3394718, 51.5797677], [-0.3408771, 51.5798028]], [[-0.3408771, 51.5798028], [-0.3413, 51.5798189]], [[-0.3412999, 51.5797767], [-0.3448057, 51.5799234], [-0.3471853, 51.5801999]], [[-0.3479444, 51.580279], [-0.3478988609967776, 51.58026976679497]], [[-0.3478988609967776, 51.58026976679497], [-0.347574, 51.5802039]], [[-0.3538354, 51.5817957], [-0.3539873, 51.5818491]], [[-0.34986, 51.5807558], [-0.3504626, 51.5808836]], [[-0.3504626, 51.5808836], [-0.350495, 51.5808905]], [[-0.350495, 51.5808905], [-0.3518576, 51.5812242]], [[-0.3295829, 51.5785468], [-0.3314754, 51.5785039]], [[-0.3314754, 51.5785039], [-0.3335827, 51.5785896]], [[-0.3335827, 51.5785896], [-0.3337492, 51.5786074]], [[-0.3307731, 51.5784884], [-0.3310117, 51.5784825]], [[-0.3310117, 51.5784825], [-0.3314755, 51.5784739]], [[-0.3314755, 51.5784739], [-0.3328935, 51.5784617], [-0.3337474, 51.5785282]], [[-0.3295829, 51.5785176], [-0.3307731, 51.5784884]], [[-0.3341717, 51.5785931], [-0.337178, 51.5793792]], [[-0.3372114, 51.5793523], [-0.3349015, 51.5787186]], [[-0.3341727, 51.5784873], [-0.337277, 51.5792573]], [[-0.3263089, 51.578708], [-0.3255738, 51.5787201]], [[-0.1803348, 51.5469603], [-0.1818019, 51.5473717], [-0.1822516, 51.5474105], [-0.1830546, 51.547378]], [[-0.2053341, 51.5468958], [-0.2059589, 51.5469416]], [[-0.2764549, 51.5625501], [-0.2775827, 51.5627762]], [[-0.3337508, 51.5787041], [-0.3316401, 51.5785894]], [[-0.3316401, 51.5785894], [-0.3305078, 51.5786151]], [[-0.3393224, 51.5796791], [-0.3379233, 51.5795058]], [[-0.3379233, 51.5795058], [-0.3372114, 51.5793523]], [[-0.342084, 51.5797707], [-0.3393224, 51.5796791]], [[-0.2818922, 51.5645251], [-0.2790273, 51.5635131]], [[-0.2545509, 51.5553407], [-0.2541013, 51.5552162]], [[-0.2541013, 51.5552162], [-0.2491237, 51.5539837]], [[-0.1907987, 51.5468549], [-0.1889163, 51.5469693]], [[-0.3713177, 51.5751719], [-0.3735384, 51.5755169]], [[-0.3733929, 51.5755671], [-0.3710334, 51.5751497]], [[-0.4755534, 51.5474309], [-0.4749629, 51.5476193]], [[-0.4749629, 51.5476193], [-0.4743702, 51.5477724]], [[-0.4743702, 51.5477724], [-0.473093, 51.5479987]], [[-0.4730741, 51.5479577], [-0.4743584, 51.5477436]], [[-0.4743584, 51.5477436], [-0.4749566, 51.5475864]], [[-0.4749566, 51.5475864], [-0.4755319, 51.5474084]], [[-0.3452062, 51.5800189], [-0.3469436, 51.5801979]], [[-0.3691764, 51.5748627], [-0.3702897, 51.5749827]], [[-0.37026, 51.5750054], [-0.3683717, 51.5748634]], [[-0.337178, 51.5793792], [-0.3390737, 51.5797141]], [[-0.0974056, 51.5202299], [-0.0977943, 51.5202439]], [[-0.4126477, 51.5732261], [-0.3976425, 51.5765052]], [[-0.3976425, 51.5765052], [-0.3970624, 51.5765999]], [[-0.076614, 51.5151238], [-0.0767088, 51.5151934]], [[-0.0765666, 51.5151357], [-0.0763641, 51.5150037]], [[-0.077315, 51.5155846], [-0.0771571, 51.5155106]], [[-0.0771571, 51.5155106], [-0.0770281, 51.5154502]], [[-0.0772783, 51.5156053], [-0.0771571, 51.5155106]], [[-0.0771571, 51.5155106], [-0.0770562, 51.5154318]]]}, "properties": {"route": "Metropolitan", "mode": "rail", "color": "#9B0056"}}, {"type": "Feature", "geometry": {"type": "MultiLineString", "coordinates": [[[-0.1465731, 51.4749391], [-0.1504289, 51.4733496]], [[-0.1504289, 51.4733496], [-0.1552512, 51.4712632]], [[-0.1140573, 51.5034661], [-0.11413733390078183, 51.50340686040576]], [[-0.11413733390078183, 51.50340686040576], [-0.11420614281201713, 51.5033559205145]], [[-0.11420614281201713, 51.5033559205145], [-0.1150307, 51.5027006], [-0.1152925, 51.5022295], [-0.1153378, 51.5019701]], [[-0.2457388, 51.467575], [-0.2497831, 51.4678965]], [[-0.4105101, 51.4478067], [-0.4055976, 51.4488606], [-0.4039141, 51.4491786], [-0.3906337, 51.4512345]], [[-0.3577786, 51.449507], [-0.346303, 51.4479942]], [[-0.3141377, 51.4596044], [-0.3202086, 51.4551887], [-0.3238978, 51.4528688], [-0.3255154, 51.4519364], [-0.3288607, 51.4504423], [-0.3312711, 51.4496056], [-0.3334703, 51.4490436], [-0.3356688, 51.4485616], [-0.3372085, 51.4482748], [-0.3386422, 51.4480757], [-0.3404288, 51.4479295], [-0.3421916, 51.4478507]], [[-0.1876963, 51.4609801], [-0.1882221, 51.4608921]], [[-0.2498941, 51.4679011], [-0.2526483, 51.4679376], [-0.2584479, 51.467662], [-0.2605846, 51.4676198], [-0.2631279, 51.4677474], [-0.2655161, 51.4680254]], [[-0.2655161, 51.4680254], [-0.2687677, 51.4679774], [-0.27798, 51.4666227]], [[-0.27798, 51.4666227], [-0.2978755, 51.463479]], [[-0.3141693, 51.4596259], [-0.3126701, 51.4607182]], [[-0.1221928, 51.4897427], [-0.122405, 51.48923], [-0.1224791, 51.4888371]], [[-0.1844067, 51.461623], [-0.1849436, 51.4615225]], [[-0.1991043, 51.4603436], [-0.1993051, 51.460326]], [[-0.1131417, 51.5050063], [-0.1090701, 51.5065723], [-0.1084586, 51.5080127], [-0.1072361, 51.508749], [-0.1055763, 51.5101285]], [[-0.1153378, 51.5019701], [-0.1153581, 51.5000367]], [[-0.1977256, 51.4604614], [-0.1991043, 51.4603436]], [[-0.1141987, 51.503544], [-0.11430971101081674, 51.50345775878294]], [[-0.11430971101081674, 51.50345775878294], [-0.11523, 51.5026241], [-0.1154845, 51.5019798]], [[-0.1154813, 51.5002169], [-0.1154845, 51.5019798]], [[-0.113979, 51.5034226], [-0.11409548036954034, 51.503340719199784]], [[-0.11409548036954034, 51.503340719199784], [-0.11415135962746013, 51.50330145269422]], [[-0.11415135962746013, 51.50330145269422], [-0.1147951, 51.5028332], [-0.1152415, 51.5022295], [-0.1153101, 51.5000364]], [[-0.1138328, 51.5033415], [-0.11400010381187356, 51.50321575576878]], [[-0.11400010381187356, 51.50321575576878], [-0.11403977676394796, 51.50318593522835]], [[-0.11403977676394796, 51.50318593522835], [-0.1147436, 51.5026569], [-0.1150698, 51.5021654], [-0.1151944, 51.5000355]], [[-0.1137637, 51.5033032], [-0.11394260354524197, 51.503167213305616]], [[-0.11394260354524197, 51.503167213305616], [-0.11398821126319332, 51.50313255143997]], [[-0.11398821126319332, 51.50313255143997], [-0.1146492, 51.5026302], [-0.114984, 51.5021333], [-0.1151428, 51.500035]], [[-0.1805867, 51.4623173], [-0.1807374, 51.4622886]], [[-0.1855486, 51.4613805], [-0.1857646, 51.4613403]], [[-0.1110572, 51.5020635], [-0.1108236, 51.501987]], [[-0.1108236, 51.501987], [-0.1106162, 51.501913]], [[-0.1423007, 51.476853], [-0.1428992, 51.476605]], [[-0.1463315, 51.4750439], [-0.1465731, 51.4749391]], [[-0.1428992, 51.476605], [-0.1440427, 51.4761077]], [[-0.1882221, 51.4608921], [-0.1905817, 51.4606601]], [[-0.1912444, 51.4606308], [-0.1952521, 51.4605623]], [[-0.1873687, 51.4610388], [-0.1876963, 51.4609801]], [[-0.2497831, 51.4678965], [-0.2498941, 51.4679011]], [[-0.1410204, 51.4774158], [-0.1423007, 51.476853]], [[-0.1055763, 51.5101285], [-0.1044674, 51.5115487]], [[-0.0963089, 51.5118997], [-0.0982998, 51.5118963], [-0.1026719, 51.5121143], [-0.1035903, 51.5120113], [-0.1044674, 51.5115487]], [[-0.2172834, 51.4612722], [-0.2194482, 51.461813], [-0.2224712, 51.4629228], [-0.223578, 51.4632624], [-0.2249475, 51.463598], [-0.2356562, 51.4657513], [-0.243184, 51.4671481]], [[-0.242331, 51.4670629], [-0.235654, 51.4657869], [-0.2249233, 51.4636318], [-0.222603, 51.4630064], [-0.219205, 51.4617809], [-0.2172639, 51.4613268]], [[-0.1487893, 51.4740973], [-0.1516101, 51.4728721]], [[-0.1516101, 51.4728721], [-0.1552819, 51.471286]], [[-0.1464307, 51.475194], [-0.1435559, 51.4764406]], [[-0.1440427, 51.4761077], [-0.1450775, 51.4757046]], [[-0.3891471, 51.451462], [-0.3889295, 51.4514977]], [[-0.3889295, 51.4514977], [-0.3860076, 51.4519175], [-0.3832434, 51.4521528], [-0.3804532, 51.4522336], [-0.3774196, 51.452136]], [[-0.1428889, 51.4767429], [-0.1423894, 51.4769595]], [[-0.1342663, 51.479769], [-0.1326576, 51.4803404]], [[-0.1435559, 51.4764406], [-0.1428889, 51.4767429]], [[-0.1409951, 51.4773877], [-0.1422773, 51.4768251]], [[-0.1553577, 51.4713277], [-0.1501509, 51.4735804]], [[-0.1501509, 51.4735804], [-0.1466726, 51.4750878]], [[-0.155314, 51.47131], [-0.1516896, 51.472877]], [[-0.1516896, 51.472877], [-0.1504304, 51.473421]], [[-0.1466365, 51.4750303], [-0.1463844, 51.4751436]], [[-0.1422773, 51.4768251], [-0.1429447, 51.4765386]], [[-0.1466726, 51.4750878], [-0.1464307, 51.475194]], [[-0.123816, 51.4844193], [-0.1230107, 51.4859786]], [[-0.1254951, 51.4829755], [-0.1263988, 51.4825635], [-0.1272846, 51.4822771]], [[-0.1225794, 51.4877436], [-0.1227965, 51.4864824]], [[-0.1238797, 51.4844175], [-0.1231929, 51.4859905]], [[-0.1239807, 51.4842698], [-0.1238797, 51.4844175]], [[-0.1256235, 51.4830005], [-0.1254786, 51.4830809]], [[-0.1255697, 51.4829901], [-0.1254207, 51.4830695]], [[-0.1252973, 51.4830451], [-0.1254391, 51.4829646]], [[-0.1237268, 51.4844219], [-0.1238489, 51.484272]], [[-0.1253519, 51.4830559], [-0.1254951, 51.4829755]], [[-0.1236572, 51.484424], [-0.1237856, 51.4842727]], [[-0.1239202, 51.4842711], [-0.123816, 51.4844193]], [[-0.1254391, 51.4829646], [-0.1263721, 51.482537], [-0.1272932, 51.4822385]], [[-0.1326822, 51.4803725], [-0.1299395, 51.4814499], [-0.1283807, 51.4819947]], [[-0.1238489, 51.484272], [-0.1246022, 51.4835537], [-0.1253519, 51.4830559]], [[-0.1254786, 51.4830809], [-0.1239807, 51.4842698]], [[-0.1254207, 51.4830695], [-0.1239202, 51.4842711]], [[-0.1237856, 51.4842727], [-0.1245496, 51.4835382], [-0.1252973, 51.4830451]], [[-0.1225144, 51.4877417], [-0.1226135, 51.4864665]], [[-0.1224791, 51.4888371], [-0.1224884, 51.4887621]], [[-0.1225895, 51.4887705], [-0.12258, 51.4888477]], [[-0.1225281, 51.4888423], [-0.1225334, 51.4887658]], [[-0.12243, 51.488832], [-0.1224388, 51.4887579]], [[-0.1195118, 51.4919081], [-0.1202616, 51.4914577]], [[-0.1205133, 51.4914371], [-0.1204249, 51.4914895]], [[-0.1222938, 51.4897575], [-0.1222506, 51.4898356]], [[-0.1185525, 51.4926272], [-0.1186218, 51.4925734]], [[-0.1202616, 51.4914577], [-0.1203481, 51.4914069]], [[-0.1196489, 51.4919485], [-0.11953, 51.4920237]], [[-0.1173417, 51.4937423], [-0.1174, 51.4936818]], [[-0.1221986, 51.4898273], [-0.1222432, 51.4897501]], [[-0.1174563, 51.4936927], [-0.1173935, 51.493752]], [[-0.119436, 51.4919933], [-0.1195527, 51.4919202]], [[-0.1185925, 51.492647], [-0.1186627, 51.4925931]], [[-0.1187017, 51.4926119], [-0.1186327, 51.4926668]], [[-0.1203164, 51.4914684], [-0.1204015, 51.4914167]], [[-0.1203719, 51.4914792], [-0.1204579, 51.491427]], [[-0.1172415, 51.4937237], [-0.1173007, 51.4936625]], [[-0.1195993, 51.4919339], [-0.1203719, 51.4914792]], [[-0.1204249, 51.4914895], [-0.1196489, 51.4919485]], [[-0.1194853, 51.4920093], [-0.1195993, 51.4919339]], [[-0.1185178, 51.49261], [-0.1185876, 51.4925569]], [[-0.1221497, 51.4898196], [-0.1221928, 51.4897427]], [[-0.1195527, 51.4919202], [-0.1203164, 51.4914684]], [[-0.1193977, 51.4919809], [-0.1195118, 51.4919081]], [[-0.1221068, 51.4898128], [-0.1221493, 51.4897363]], [[-0.1172846, 51.4937317], [-0.1173445, 51.493671]], [[-0.1185876, 51.4925569], [-0.1193977, 51.4919809]], [[-0.11953, 51.4920237], [-0.1187017, 51.4926119]], [[-0.1186627, 51.4925931], [-0.1194853, 51.4920093]], [[-0.1186218, 51.4925734], [-0.119436, 51.4919933]], [[-0.1222432, 51.4897501], [-0.1225281, 51.4888423]], [[-0.1186327, 51.4926668], [-0.1174563, 51.4936927]], [[-0.1174, 51.4936818], [-0.1185925, 51.492647]], [[-0.1221493, 51.4897363], [-0.12243, 51.488832]], [[-0.1173445, 51.493671], [-0.1185525, 51.4926272]], [[-0.1173007, 51.4936625], [-0.1185178, 51.49261]], [[-0.12258, 51.4888477], [-0.1222938, 51.4897575]], [[-0.1204579, 51.491427], [-0.1214349, 51.490721], [-0.1218311, 51.49033], [-0.1221986, 51.4898273]], [[-0.1203481, 51.4914069], [-0.121453, 51.490597], [-0.1221068, 51.4898128]], [[-0.1204015, 51.4914167], [-0.121608, 51.4905003], [-0.1221497, 51.4898196]], [[-0.1222506, 51.4898356], [-0.1216662, 51.4905619], [-0.1205133, 51.4914371]], [[-0.1148989, 51.4980903], [-0.1150242, 51.4974425]], [[-0.1149483, 51.4980896], [-0.1151799, 51.4970791]], [[-0.1152346, 51.4995132], [-0.1149311, 51.4984926]], [[-0.1150127, 51.4989791], [-0.1148938, 51.4985675], [-0.1148791, 51.4982707]], [[-0.1149311, 51.4984926], [-0.1149483, 51.4980896]], [[-0.1150127, 51.4989791], [-0.1151372, 51.4993687]], [[-0.1150127, 51.4989791], [-0.1149311, 51.4984926]], [[-0.342197, 51.4478914], [-0.3385721, 51.448118], [-0.3356858, 51.4485873], [-0.3324804, 51.449329], [-0.3298438, 51.4502042], [-0.3252324, 51.4521282], [-0.3192866, 51.4559133]], [[-0.1807761, 51.4623442], [-0.180639, 51.4623728]], [[-0.1807989, 51.4623768], [-0.1806675, 51.4624018]], [[-0.1871992, 51.4612023], [-0.1858082, 51.461407]], [[-0.1991115, 51.4603745], [-0.1993122, 51.4603569]], [[-0.1849697, 51.4615561], [-0.1844289, 51.4616588]], [[-0.1857834, 51.4613697], [-0.1873316, 51.4610736]], [[-0.1855684, 51.4614099], [-0.1857834, 51.4613697]], [[-0.1874868, 51.4611837], [-0.1871694, 51.4612368]], [[-0.1875186, 51.461152], [-0.1871992, 51.4612023]], [[-0.1871694, 51.4612368], [-0.1858283, 51.4614385]], [[-0.1873316, 51.4610736], [-0.1876654, 51.4610121]], [[-0.1858283, 51.4614385], [-0.1856088, 51.4614768]], [[-0.1849933, 51.4615846], [-0.1844488, 51.4616875]], [[-0.1858082, 51.461407], [-0.1855901, 51.461446]], [[-0.180612, 51.462347], [-0.1807574, 51.4623173]], [[-0.2427964, 51.4671899], [-0.2355091, 51.4657918], [-0.2249309, 51.4636703], [-0.2225679, 51.4630284], [-0.2192478, 51.4618272], [-0.2172423, 51.461356]], [[-0.1993193, 51.4603877], [-0.1991186, 51.4604049]], [[-0.1912614, 51.4606644], [-0.1952386, 51.4606028]], [[-0.1991261, 51.4604366], [-0.1973901, 51.4605862], [-0.195236, 51.4606659]], [[-0.2676911, 51.4680631], [-0.2655235, 51.4680613], [-0.2605876, 51.4676524], [-0.2526443, 51.4679655], [-0.2498986, 51.467938]], [[-0.1999758, 51.4603649], [-0.1993264, 51.4604189]], [[-0.1905672, 51.4607317], [-0.189798, 51.4608024], [-0.1875186, 51.461152]], [[-0.1991186, 51.4604049], [-0.1973937, 51.460554], [-0.1952434, 51.4606359]], [[-0.1905606, 51.4607641], [-0.1874868, 51.4611837]], [[-0.1876654, 51.4610121], [-0.1905744, 51.4606959]], [[-0.1961503, 51.4605839], [-0.1991115, 51.4603745]], [[-0.195236, 51.4606659], [-0.1912841, 51.4607249]], [[-0.1952434, 51.4606359], [-0.1912718, 51.4606958]], [[-0.2497825, 51.467934], [-0.2459651, 51.4676439]], [[-0.2498986, 51.467938], [-0.2497825, 51.467934]], [[-0.3016534, 51.4629876], [-0.2982158, 51.46343]], [[-0.3126288, 51.4606948], [-0.3141377, 51.4596044]], [[-0.303509, 51.4630205], [-0.3061742, 51.4631905], [-0.3083843, 51.4629071], [-0.3107059, 51.4620303], [-0.3126288, 51.4606948]], [[-0.2978755, 51.463479], [-0.29752, 51.4635706]], [[-0.3126701, 51.4607182], [-0.3106869, 51.4620837], [-0.3085472, 51.4629034], [-0.3059942, 51.4632294], [-0.3034929, 51.4630536]], [[-0.3016527, 51.4629606], [-0.303509, 51.4630205]], [[-0.3034929, 51.4630536], [-0.3016534, 51.4629876]], [[-0.3421916, 51.4478507], [-0.3423946, 51.4478509]], [[-0.3460591, 51.4479452], [-0.3463172, 51.4479629]], [[-0.342395, 51.4478908], [-0.342197, 51.4478914]], [[-0.346303, 51.4479942], [-0.3460527, 51.4479771]], [[-0.3774272, 51.452105], [-0.3829559, 51.452136], [-0.3888907, 51.4514667]], [[-0.3460527, 51.4479771], [-0.3445803, 51.4479125]], [[-0.3423946, 51.4478509], [-0.3444061, 51.4478736]], [[-0.3888907, 51.4514667], [-0.389107, 51.4514331]], [[-0.1952386, 51.4606028], [-0.1961503, 51.4605839]], [[-0.1970014, 51.4605115], [-0.1977256, 51.4604614]], [[-0.1952521, 51.4605623], [-0.1970014, 51.4605115]], [[-0.1806675, 51.4624018], [-0.1765605, 51.4635386]], [[-0.1763372, 51.4634992], [-0.1764904, 51.4634503]], [[-0.180639, 51.4623728], [-0.1765372, 51.4635093]], [[-0.1765142, 51.4634803], [-0.180612, 51.462347]], [[-0.1765605, 51.4635386], [-0.1764067, 51.4635864]], [[-0.1765372, 51.4635093], [-0.1763835, 51.4635572]], [[-0.1764904, 51.4634503], [-0.1805867, 51.4623173]], [[-0.1763604, 51.4635282], [-0.1765142, 51.4634803]], [[-0.1692652, 51.4654235], [-0.1689167, 51.46556]], [[-0.1552819, 51.471286], [-0.1570827, 51.4705416], [-0.1620219, 51.4686642], [-0.1648083, 51.4673045], [-0.168307, 51.4657909]], [[-0.1552512, 51.4712632], [-0.1569658, 51.4705489], [-0.1616934, 51.4687606], [-0.1647505, 51.4672938], [-0.1675625, 51.4660743]], [[-0.1667302, 51.4665454], [-0.1618649, 51.4688235], [-0.1553577, 51.4713277]], [[-0.3445832, 51.4478782], [-0.3460591, 51.4479452]], [[-0.3444049, 51.4479075], [-0.342395, 51.4478908]], [[-0.3444061, 51.4478736], [-0.3445832, 51.4478782]], [[-0.3445803, 51.4479125], [-0.3444049, 51.4479075]], [[-0.1843894, 51.4615937], [-0.1849179, 51.4614922]], [[-0.1807574, 51.4623173], [-0.1844067, 51.461623]], [[-0.1807374, 51.4622886], [-0.1843894, 51.4615937]], [[-0.1844289, 51.4616588], [-0.1807761, 51.4623442]], [[-0.1844488, 51.4616875], [-0.1807989, 51.4623768]], [[-0.1856088, 51.4614768], [-0.1849933, 51.4615846]], [[-0.1855901, 51.461446], [-0.1849697, 51.4615561]], [[-0.1849436, 51.4615225], [-0.1855684, 51.4614099]], [[-0.1849179, 51.4614922], [-0.1855486, 51.4613805]], [[-0.1912841, 51.4607249], [-0.1909651, 51.4607424]], [[-0.1909651, 51.4607424], [-0.1905606, 51.4607641]], [[-0.1909737, 51.460708], [-0.1905672, 51.4607317]], [[-0.1912718, 51.4606958], [-0.1909737, 51.460708]], [[-0.1905744, 51.4606959], [-0.1909838, 51.4606746]], [[-0.1909838, 51.4606746], [-0.1912614, 51.4606644]], [[-0.1905817, 51.4606601], [-0.1909946, 51.4606397]], [[-0.1909946, 51.4606397], [-0.1912444, 51.4606308]], [[-0.1429447, 51.4765386], [-0.1463315, 51.4750439]], [[-0.2982158, 51.46343], [-0.29752, 51.4635706]], [[-0.29752, 51.4635706], [-0.2859351, 51.4654998], [-0.2696356, 51.4678944], [-0.2688807, 51.4679891], [-0.2676911, 51.4680631]], [[-0.1723412, 51.4646554], [-0.1699803, 51.4652924]], [[-0.1692239, 51.4652934], [-0.1722792, 51.4644719]], [[-0.172609, 51.4644706], [-0.1751649, 51.4638605]], [[-0.1755467, 51.4637989], [-0.1726267, 51.4644968]], [[-0.1743255, 51.4640285], [-0.1763372, 51.4634992]], [[-0.1764067, 51.4635864], [-0.1723412, 51.4646554]], [[-0.1692508, 51.4653953], [-0.1701108, 51.4651015], [-0.172609, 51.4644706]], [[-0.1726267, 51.4644968], [-0.1692652, 51.4654235]], [[-0.2459651, 51.4676439], [-0.2432081, 51.4672618]], [[-0.2173001, 51.4612316], [-0.2199278, 51.4619305], [-0.2226891, 51.4629531], [-0.2249548, 51.4635678], [-0.2457388, 51.467575]], [[-0.3774196, 51.452136], [-0.3752797, 51.451953], [-0.3733506, 51.4517147], [-0.3577786, 51.449507]], [[-0.3463172, 51.4479629], [-0.3491333, 51.4482577], [-0.3744556, 51.4518285], [-0.3774272, 51.452105]], [[-0.2978755, 51.463479], [-0.299883, 51.4630897], [-0.3016527, 51.4629606]], [[-0.389107, 51.4514331], [-0.3901923, 51.4512665]], [[-0.4970933, 51.4323736], [-0.4520535, 51.4389207], [-0.4105101, 51.4478067]], [[-0.169304, 51.4654986], [-0.1689596, 51.4656137]], [[-0.1675625, 51.4660743], [-0.1686763, 51.4655567]], [[-0.168307, 51.4657909], [-0.1687201, 51.4656105]], [[-0.1857646, 51.4613403], [-0.1873687, 51.4610388]], [[-0.0963089, 51.5118997], [-0.0959493, 51.5119602]], [[-0.0959493, 51.5119602], [-0.0954054, 51.5120516]], [[-0.0954054, 51.5120516], [-0.0927292, 51.5125118], [-0.0913615, 51.5129105]], [[-0.0963089, 51.5118997], [-0.0957936, 51.5119583]], [[-0.0957936, 51.5119583], [-0.0956418, 51.5119759]], [[-0.0956418, 51.5119759], [-0.0926461, 51.5124371], [-0.0911734, 51.5128234]], [[-0.1429447, 51.4765386], [-0.1440427, 51.4761077]], [[-0.1463844, 51.4751436], [-0.1450775, 51.4757046]], [[-0.1342663, 51.479769], [-0.1346379, 51.4796459]], [[-0.1326576, 51.4803404], [-0.1341773, 51.479762]], [[-0.1342663, 51.479769], [-0.1326822, 51.4803725]], [[-0.1341773, 51.479762], [-0.1330172, 51.4801702]], [[-0.2432081, 51.4672618], [-0.2427964, 51.4671899]], [[-0.2459651, 51.4676439], [-0.242331, 51.4670629]], [[-0.243184, 51.4671481], [-0.2457388, 51.467575]], [[-0.1751649, 51.4638605], [-0.1763604, 51.4635282]], [[-0.1722792, 51.4644719], [-0.1743255, 51.4640285]], [[-0.3192866, 51.4559133], [-0.3141693, 51.4596259]], [[-0.1341773, 51.479762], [-0.1395413, 51.4780149]], [[-0.1423894, 51.4769595], [-0.139851, 51.4780687]], [[-0.1275803, 51.4821576], [-0.1330172, 51.4801702]], [[-0.1272932, 51.4822385], [-0.1275803, 51.4821576]], [[-0.1272846, 51.4822771], [-0.1275687, 51.4821979]], [[-0.1275687, 51.4821979], [-0.1326576, 51.4803404]], [[-0.1275572, 51.4822383], [-0.1272759, 51.4823161]], [[-0.1272759, 51.4823161], [-0.1264276, 51.4825989], [-0.1255697, 51.4829901]], [[-0.1272673, 51.4823546], [-0.1256235, 51.4830005]], [[-0.1275464, 51.4822759], [-0.1272673, 51.4823546]], [[-0.1688437, 51.4654685], [-0.1692239, 51.4652934]], [[-0.1688957, 51.4655336], [-0.1692508, 51.4653953]], [[-0.1689167, 51.46556], [-0.1687417, 51.465637]], [[-0.1689596, 51.4656137], [-0.1687732, 51.4656756]], [[-0.1687732, 51.4656756], [-0.1667302, 51.4665454]], [[-0.1687417, 51.465637], [-0.1647109, 51.4673879], [-0.1619389, 51.4687452], [-0.155314, 51.47131]], [[-0.1687201, 51.4656105], [-0.1688957, 51.4655336]], [[-0.1686763, 51.4655567], [-0.1688437, 51.4654685]], [[-0.1230682, 51.4865008], [-0.1226859, 51.4877467]], [[-0.1228953, 51.4864893], [-0.1226377, 51.4877453]], [[-0.1227965, 51.4864824], [-0.1229211, 51.4859694]], [[-0.1226135, 51.4864665], [-0.1227526, 51.4859518]], [[-0.1227526, 51.4859518], [-0.1236572, 51.484424]], [[-0.1229211, 51.4859694], [-0.1237268, 51.4844219]], [[-0.1230107, 51.4859786], [-0.1228953, 51.4864893]], [[-0.1231929, 51.4859905], [-0.1230682, 51.4865008]], [[-0.1346379, 51.4796459], [-0.1395787, 51.4780449]], [[-0.1396917, 51.4781356], [-0.1378944, 51.478861], [-0.1339628, 51.4799496], [-0.1299435, 51.4814853], [-0.1283999, 51.4820209]], [[-0.139851, 51.4780687], [-0.1396917, 51.4781356]], [[-0.1397326, 51.4779736], [-0.1410204, 51.4774158]], [[-0.1395787, 51.4780449], [-0.1397326, 51.4779736]], [[-0.1397026, 51.4779496], [-0.1409951, 51.4773877]], [[-0.1395413, 51.4780149], [-0.1397026, 51.4779496]], [[-0.3901761, 51.4513044], [-0.3891471, 51.451462]], [[-0.3906337, 51.4512345], [-0.3901761, 51.4513044]], [[-0.3906198, 51.4512003], [-0.4049475, 51.448963], [-0.4519373, 51.4389091], [-0.4971011, 51.4323353]], [[-0.3901923, 51.4512665], [-0.3906198, 51.4512003]], [[-0.1115443, 51.5021136], [-0.1113639, 51.5020962]], [[-0.1113639, 51.5020962], [-0.1111958, 51.502077]], [[-0.1111958, 51.502077], [-0.1110572, 51.5020635]], [[-0.1111958, 51.502077], [-0.110652, 51.5018764]], [[-0.1115495, 51.5020585], [-0.1109189, 51.5017169]], [[-0.1113639, 51.5020962], [-0.1106839, 51.5018358]], [[-0.1117812, 51.5022055], [-0.1117123, 51.5021374]], [[-0.1115432, 51.5020589], [-0.1108688, 51.5017463]], [[-0.1117123, 51.5021374], [-0.1115432, 51.5020589]], [[-0.2162775, 51.4611742], [-0.2137542, 51.4606749], [-0.2117295, 51.4603489], [-0.2085807, 51.4600729], [-0.2051325, 51.4600476], [-0.2002484, 51.4603161]], [[-0.2162675, 51.4611964], [-0.2128292, 51.4605662], [-0.2092211, 51.4601617], [-0.2056588, 51.4600674], [-0.200316, 51.4603418]], [[-0.2001753, 51.4602883], [-0.2059177, 51.4599923], [-0.2089389, 51.4600578], [-0.2117567, 51.4603104], [-0.2163149, 51.4610797]], [[-0.2001097, 51.4602634], [-0.205172, 51.4599801], [-0.208924, 51.4600044], [-0.2128573, 51.4604118], [-0.2163249, 51.4610521]], [[-0.2172423, 51.461356], [-0.2162675, 51.4611964]], [[-0.2163149, 51.4610797], [-0.2172834, 51.4612722]], [[-0.2163249, 51.4610521], [-0.2173001, 51.4612316]], [[-0.2172639, 51.4613268], [-0.2162775, 51.4611742]], [[-0.1107083, 51.5018106], [-0.1115443, 51.5021136]], [[-0.1115443, 51.5021136], [-0.1119108, 51.5022736]], [[-0.1130809, 51.5051308], [-0.1090755, 51.506782], [-0.1087336, 51.5079326], [-0.1065583, 51.5094495], [-0.1046101, 51.5114768], [-0.103866, 51.5119559], [-0.1036015, 51.5120407], [-0.1029759, 51.5121277], [-0.101831, 51.5121619], [-0.0970991, 51.5119091]], [[-0.0963249, 51.5119311], [-0.0959493, 51.5119602]], [[-0.0959493, 51.5119602], [-0.0959226, 51.5119615]], [[-0.0957291, 51.5119714], [-0.0956418, 51.5119759]], [[-0.0959226, 51.5119615], [-0.0957291, 51.5119714]], [[-0.0970991, 51.5119091], [-0.0963249, 51.5119311]], [[-0.0963249, 51.5119311], [-0.0954054, 51.5120516]], [[-0.1119108, 51.5022736], [-0.1121289, 51.5023097], [-0.11398821126319332, 51.50313255143997]], [[-0.11398821126319332, 51.50313255143997], [-0.11403977676394796, 51.50318593522835]], [[-0.11403977676394796, 51.50318593522835], [-0.11415135962746013, 51.50330145269422]], [[-0.11415135962746013, 51.50330145269422], [-0.11420614281201713, 51.5033559205145]], [[-0.11420614281201713, 51.5033559205145], [-0.11430971101081674, 51.50345775878294]], [[-0.11430971101081674, 51.50345775878294], [-0.1142548, 51.504193], [-0.1138912, 51.5046955], [-0.1130809, 51.5051308]], [[-0.1119108, 51.5022736], [-0.11394260354524197, 51.503167213305616]], [[-0.11394260354524197, 51.503167213305616], [-0.11400010381187356, 51.50321575576878]], [[-0.11400010381187356, 51.50321575576878], [-0.11409548036954034, 51.503340719199784]], [[-0.11409548036954034, 51.503340719199784], [-0.11413733390078183, 51.50340686040576]], [[-0.11413733390078183, 51.50340686040576], [-0.114213, 51.5038305], [-0.1140834, 51.5043086], [-0.1136079, 51.504799], [-0.1131417, 51.5050063]], [[-0.1226722, 51.4878313], [-0.1225895, 51.4887705]], [[-0.1226859, 51.4877467], [-0.1226722, 51.4878313]], [[-0.1224884, 51.4887621], [-0.1225711, 51.4878289]], [[-0.1225711, 51.4878289], [-0.1225794, 51.4877436]], [[-0.1224388, 51.4887579], [-0.1225095, 51.4878274]], [[-0.1225095, 51.4878274], [-0.1225144, 51.4877417]], [[-0.122624, 51.4878301], [-0.1225334, 51.4887658]], [[-0.1226377, 51.4877453], [-0.122624, 51.4878301]], [[-0.1148791, 51.4982707], [-0.1148989, 51.4980903]], [[-0.1152346, 51.4995132], [-0.11530351865049691, 51.49972566327724]], [[-0.11530351865049691, 51.49972566327724], [-0.1154089, 51.5000371]], [[-0.1153581, 51.5000367], [-0.11530351865049691, 51.49972566327724]], [[-0.11530351865049691, 51.49972566327724], [-0.1152975, 51.4996998], [-0.1152346, 51.4995132]], [[-0.1152908, 51.4998802], [-0.1151372, 51.4993687]], [[-0.1152039, 51.4997856], [-0.1151372, 51.4993687]], [[-0.11515, 51.4997727], [-0.1148977, 51.4988077], [-0.1148791, 51.4982707]], [[-0.1151428, 51.500035], [-0.11515, 51.4997727]], [[-0.1151944, 51.5000355], [-0.1152039, 51.4997856]], [[-0.1153101, 51.5000364], [-0.1152908, 51.4998802]], [[-0.1154089, 51.5000371], [-0.1154813, 51.5002169]], [[-0.1516101, 51.4728721], [-0.1504289, 51.4733496]], [[-0.1516896, 51.472877], [-0.1501509, 51.4735804]], [[-0.200316, 51.4603418], [-0.1999758, 51.4603649]], [[-0.2002484, 51.4603161], [-0.1999054, 51.4603384]], [[-0.1998392, 51.4603134], [-0.2001753, 51.4602883]], [[-0.1997719, 51.460288], [-0.2001097, 51.4602634]], [[-0.1993264, 51.4604189], [-0.1991261, 51.4604366]], [[-0.1999054, 51.4603384], [-0.1993193, 51.4603877]], [[-0.1993122, 51.4603569], [-0.1998392, 51.4603134]], [[-0.1993051, 51.460326], [-0.1997719, 51.460288]], [[-0.1763835, 51.4635572], [-0.1755467, 51.4637989]], [[-0.1699803, 51.4652924], [-0.169304, 51.4654986]], [[-0.1283999, 51.4820209], [-0.1275464, 51.4822759]], [[-0.1283807, 51.4819947], [-0.1275572, 51.4822383]], [[-0.1487893, 51.4740973], [-0.1466365, 51.4750303]], [[-0.1504304, 51.473421], [-0.1487893, 51.4740973]]]}, "properties": {"route": "Waterloo & City", "mode": "rail", "color": "#95CDBA"}}, {"type": "Feature", "geometry": {"type": "MultiLineString", "coordinates": [[[-0.0672891, 51.5110622], [-0.066341, 51.5111282]], [[-0.066341, 51.5111282], [-0.0658621, 51.5111665]], [[-0.0108899, 51.4834807], [-0.0096339, 51.4868918]], [[-0.0125343, 51.4784293], [-0.0108983, 51.4794225], [-0.0105678, 51.4801027], [-0.0106476, 51.4808647]], [[-0.0160714, 51.4780388], [-0.0137062, 51.4781448]], [[-0.0658621, 51.5111665], [-0.0605196, 51.5115307], [-0.0572234, 51.5116724]], [[-0.0572234, 51.5116724], [-0.0567509, 51.5116987]], [[-0.0159852, 51.5075982], [-0.0156294, 51.5075496]], [[-0.0156294, 51.5075496], [-0.0141695, 51.5074706], [-0.0126441, 51.5074787]], [[-0.014426, 51.4963003], [-0.0143546, 51.4968201], [-0.0140046, 51.4977359]], [[-0.0146243, 51.4905239], [-0.0149176, 51.4910435], [-0.0149448, 51.492122]], [[0.0407601, 51.5036088], [0.0393132, 51.5027374], [0.0384285, 51.5024531], [0.0376877, 51.5023794], [0.0357991, 51.5024244], [0.0340664, 51.5022859]], [[-0.0141834, 51.5075065], [-0.012236797722395856, 51.50752643455739]], [[-0.012236797722395856, 51.50752643455739], [-0.012142683600133793, 51.50752655895295]], [[-0.012142683600133793, 51.50752655895295], [-0.0115953, 51.5075333]], [[0.0039284, 51.5126704], [0.0035549, 51.5118314], [0.0028863, 51.5109805], [0.0022762, 51.5104775], [0.0020313, 51.510329], [0.0012806, 51.5100336], [-0.0010411, 51.5095723]], [[-0.0109714, 51.4883348], [-0.0134135, 51.4896116], [-0.0146243, 51.4905239]], [[-0.0702986, 51.5107256], [-0.0695119, 51.5108385], [-0.068105, 51.5109571]], [[-0.068105, 51.5109571], [-0.0672891, 51.5110622]], [[-0.0196854, 51.4704492], [-0.0211657, 51.4714809], [-0.0215265, 51.4718276], [-0.0217968, 51.472327], [-0.0220694, 51.4734635]], [[0.0647423, 51.5145189], [0.0688857, 51.5143603], [0.06965, 51.5142384]], [[0.06965, 51.5142384], [0.0704479, 51.5139402], [0.0710513, 51.5135478]], [[0.0710513, 51.5135478], [0.0713338, 51.5132504], [0.0715645, 51.5127502], [0.0716739, 51.5113488]], [[0.0718351, 51.5086371], [0.0718329, 51.508302], [0.0717129, 51.5079601], [0.0714579, 51.5076451], [0.0710703, 51.5073784]], [[0.0681723, 51.5071653], [0.0673493, 51.5074432], [0.0658451, 51.5082604]], [[0.0658451, 51.5082604], [0.0642601, 51.5084604]], [[0.0546791, 51.5087583], [0.0543361, 51.508771]], [[0.0383191, 51.5081047], [0.0371987, 51.5082629], [0.0367188, 51.5083998], [0.0360803, 51.5086652]], [[0.0032427, 51.5115054], [0.0038668, 51.5126769]], [[-0.0159759, 51.5076435], [-0.0156148, 51.5075823]], [[-0.0156148, 51.5075823], [-0.0141834, 51.5075065]], [[-0.0009811, 51.5096149], [0.0017633, 51.510248], [0.0025341, 51.5107278], [0.0032427, 51.5115054]], [[-0.0431718, 51.5122192], [-0.0543342, 51.5117904]], [[-0.0217839, 51.5288951], [-0.0221977, 51.529597], [-0.0217313, 51.5302802]], [[-0.0217313, 51.5302802], [-0.0215798, 51.5303975]], [[-0.0215798, 51.5303975], [-0.0194787, 51.5313697]], [[-0.0088399, 51.5372636], [-0.0073242, 51.5385173]], [[-0.0094292, 51.5368202], [-0.0088399, 51.5372636]], [[-0.0038302, 51.5408609], [-0.005152, 51.5401147]], [[0.0458613, 51.5040591], [0.0444209, 51.5040915], [0.0432208, 51.5038537], [0.0426062, 51.5038676]], [[0.0426062, 51.5038676], [0.0414944, 51.5039028]], [[0.0641156, 51.5019236], [0.0615484, 51.5019812]], [[0.0756223, 51.4961474], [0.0750037, 51.4971631], [0.0743748, 51.4978194], [0.0697143, 51.500958]], [[-0.0137134, 51.4658779], [-0.0137881, 51.4659892]], [[-0.0137881, 51.4659892], [-0.0139592, 51.4662466]], [[0.011254, 51.5083957], [0.0109076, 51.5088555], [0.0105882, 51.5096602]], [[-0.0204802, 51.5083197], [-0.0191357, 51.5080319]], [[-0.0127565, 51.5096198], [-0.0133916, 51.5109355]], [[-0.0159759, 51.5076435], [-0.0157968, 51.5075932]], [[-0.0157968, 51.5075932], [-0.0156294, 51.5075496]], [[-0.0159852, 51.5075982], [-0.0157968, 51.5075932]], [[-0.0157968, 51.5075932], [-0.0156148, 51.5075823]], [[-0.0130553, 51.5109286], [-0.0124763, 51.509226], [-0.0118168, 51.5082446]], [[-0.0202963, 51.5268827], [-0.0208619, 51.5277065]], [[-0.0212013, 51.5281574], [-0.0217839, 51.5288951]], [[-0.0188799, 51.5316286], [-0.0184126, 51.5318506]], [[0.0633465, 51.5084906], [0.0556203, 51.5087323]], [[0.049618, 51.5029442], [0.0486705, 51.5034473]], [[0.0598728, 51.5020929], [0.0592711, 51.5021116]], [[0.0592711, 51.5021116], [0.0571656, 51.502184], [0.0511923, 51.5025504]], [[-0.0208619, 51.5277065], [-0.0212013, 51.5281574]], [[-0.0184126, 51.5318506], [-0.0180933, 51.5320123]], [[-0.0180933, 51.5320123], [-0.0177183, 51.5322068]], [[0.0354103, 51.5089971], [0.0340331, 51.5093244]], [[0.0038668, 51.5126769], [0.0040524, 51.5133204], [0.0042896, 51.5136678], [0.0050244, 51.5142232], [0.0059713, 51.5147264]], [[0.0543361, 51.508771], [0.0507193, 51.5088865]], [[-0.0104315, 51.5416873], [-0.0113852, 51.5418269], [-0.012211, 51.5420978], [-0.0128006, 51.5424563], [-0.0131299, 51.5428129], [-0.0133306, 51.5432825], [-0.0133073, 51.5437747], [-0.0130807, 51.5442113], [-0.0126382, 51.5446681]], [[-0.0715036, 51.5107359], [-0.0732628, 51.5106259]], [[-0.0195885, 51.5076395], [-0.01886899885416083, 51.50780346911781]], [[-0.01886899885416083, 51.50780346911781], [-0.0184338, 51.5078327], [-0.0180289, 51.5078056]], [[-0.0190217, 51.5315651], [-0.0188799, 51.5316286]], [[-0.0194787, 51.5313697], [-0.0190217, 51.5315651]], [[-0.007738, 51.5422646], [-0.0072245, 51.5423752], [-0.0064278, 51.5424253], [-0.0052959, 51.542306], [-0.0043572, 51.5419932], [-0.0033153, 51.5413228]], [[0.0105882, 51.5096602], [0.0105759, 51.5098599]], [[0.0105759, 51.5098599], [0.0106006, 51.5107849]], [[0.0156326, 51.5089748], [0.0146653, 51.5089837], [0.0138475, 51.5090702], [0.0128496, 51.5093083], [0.0118921, 51.5096794]], [[0.0156326, 51.5089748], [0.0146101, 51.5089562], [0.0136965, 51.5090711], [0.0120143, 51.5095121], [0.0113245, 51.5098571]], [[0.0079069, 51.5143081], [0.0085574, 51.5136888]], [[-0.0065412, 51.5392547], [-0.0060529, 51.5396905], [-0.0054569, 51.5400187]], [[-0.0054569, 51.5400187], [-0.0044084, 51.5407047]], [[-0.0208212, 51.5277193], [-0.0202549, 51.5268932]], [[-0.0211554, 51.5281657], [-0.0208212, 51.5277193]], [[-0.00542, 51.5399816], [-0.0065412, 51.5392547]], [[-0.0073242, 51.5385173], [-0.0071897, 51.5386456]], [[-0.0865663, 51.5108074], [-0.0833037, 51.5105027], [-0.0804641, 51.5095825], [-0.0776513, 51.5093493], [-0.0751067, 51.5096463], [-0.0724014, 51.510368]], [[-0.0724014, 51.510368], [-0.0717358, 51.5105354]], [[-0.0717358, 51.5105354], [-0.0702986, 51.5107256]], [[-0.003354, 51.5413073], [-0.0044001, 51.5419624], [-0.00519, 51.5422526], [-0.0063715, 51.5423936], [-0.0074176, 51.5423093]], [[-0.0180577, 51.5077691], [-0.018806714269420325, 51.50778948458982]], [[-0.018806714269420325, 51.50778948458982], [-0.019642, 51.5075869]], [[-0.0209664, 51.5056416], [-0.0204366, 51.5074623], [-0.0207837, 51.507797]], [[-0.0207536, 51.50571], [-0.0206704, 51.5061144]], [[-0.0120222, 51.5450631], [-0.0126304, 51.5446113]], [[-0.0026141, 51.5405902], [-0.0021524, 51.5400081], [-0.0016894, 51.5390898]], [[-0.0112202, 51.5454545], [-0.010656, 51.5456954], [-0.0102308, 51.5457898], [-0.0088491, 51.5457794]], [[-0.0126382, 51.5446681], [-0.012103, 51.5450591]], [[-0.0026141, 51.5405902], [-0.0024222, 51.5402792]], [[-0.0126304, 51.5446113], [-0.0130976, 51.544109], [-0.0132867, 51.5436426], [-0.0132501, 51.543165], [-0.0129743, 51.5426844], [-0.0120322, 51.5420582], [-0.0104309, 51.5417205]], [[-0.0203576, 51.5072661], [-0.0202733, 51.5073966]], [[-0.0202733, 51.5073966], [-0.019969942214403374, 51.50754966823104]], [[-0.019969942214403374, 51.50754966823104], [-0.0195885, 51.5076395]], [[-0.0203033, 51.5072604], [-0.0206167, 51.5061071]], [[0.0101012, 51.5106634], [0.0094586, 51.5118268], [0.009311, 51.5122658]], [[0.0096517, 51.5112843], [0.0092761, 51.5117335]], [[0.0092761, 51.5117335], [0.0090958, 51.5123375]], [[0.0071575, 51.5147654], [0.0079069, 51.5143081]], [[0.0088371, 51.5130885], [0.0078454, 51.5141245]], [[0.0059814, 51.5146946], [0.0043472, 51.5136617], [0.0039284, 51.5126704]], [[0.0106546, 51.5107595], [0.0107267, 51.5105842]], [[0.0107267, 51.5105842], [0.0106555, 51.509661]], [[0.020742, 51.5094248], [0.0233865, 51.5096452], [0.0247468, 51.5096944]], [[0.0090093, 51.5129709], [0.0090443, 51.5128523]], [[0.0090958, 51.5123375], [0.0089932, 51.5128084]], [[0.0098542, 51.5110069], [0.0096517, 51.5112843]], [[0.0091296, 51.5126494], [0.0092425, 51.5122649]], [[0.0106555, 51.509661], [0.0112991, 51.50841]], [[0.0098877, 51.5120666], [0.0096061, 51.512429]], [[0.0091296, 51.5126494], [0.009311, 51.5122658]], [[0.009311, 51.5122658], [0.0095727, 51.5117188]], [[-0.0088596, 51.5456638], [-0.0107887, 51.545593]], [[-0.0191431, 51.5250758], [-0.0202963, 51.5268827]], [[-0.0202549, 51.5268932], [-0.0190889, 51.5250872]], [[-0.0024222, 51.5402792], [-0.0019161, 51.5394758]], [[0.0556203, 51.5087323], [0.0552691, 51.5087422]], [[0.0507205, 51.508913], [0.054338, 51.5088006]], [[0.0637067, 51.508478], [0.0633465, 51.5084906]], [[0.0552703, 51.508772], [0.055622, 51.5087595]], [[0.0633481, 51.508519], [0.0637097, 51.5085071]], [[0.054338, 51.5088006], [0.0546819, 51.5087873]], [[0.071791, 51.5086354], [0.0717741, 51.5089265]], [[0.0697214, 51.5070953], [0.0705098, 51.5071947], [0.0712429, 51.507523]], [[0.0389556, 51.5081103], [0.0392514, 51.5080733]], [[0.0637097, 51.5085071], [0.0642647, 51.5084896]], [[0.0546819, 51.5087873], [0.0552703, 51.508772]], [[0.0642601, 51.5084604], [0.0637067, 51.508478]], [[0.0552691, 51.5087422], [0.0546791, 51.5087583]], [[0.0045873, 51.5264796], [0.0047417, 51.5258984]], [[0.0361115, 51.5086868], [0.037213, 51.508291], [0.0383235, 51.5081323]], [[0.0642647, 51.5084896], [0.0659368, 51.5082591]], [[0.055622, 51.5087595], [0.0633481, 51.508519]], [[0.0659368, 51.5082591], [0.0673742, 51.5074669], [0.0681892, 51.5071928]], [[0.0340653, 51.5094431], [0.0354502, 51.5090245]], [[0.0696315, 51.5142096], [0.0647561, 51.5144903]], [[0.06443, 51.5145002], [0.0640379, 51.5145391]], [[0.0627655, 51.5144358], [0.0636785, 51.51455]], [[0.0710273, 51.5135366], [0.0696315, 51.5142096]], [[0.0751749, 51.4901131], [0.0763246, 51.4906994], [0.0769761, 51.4913701], [0.0773022, 51.4921071], [0.0771873, 51.493148]], [[0.0774497, 51.4930739], [0.0775455, 51.492302], [0.0772566, 51.4914411], [0.0764823, 51.4906231], [0.0752852, 51.4899974]], [[0.0426162, 51.5039004], [0.0444162, 51.5041251], [0.0466997, 51.5040655]], [[0.058713, 51.5021632], [0.0592711, 51.5021116]], [[0.071648, 51.4896198], [0.0714669, 51.4896404]], [[0.0714669, 51.4896404], [0.0712876, 51.4896562]], [[0.0603047, 51.5021125], [0.0598728, 51.5020929]], [[0.0317732, 51.5022169], [0.0322964, 51.5022062]], [[0.0466997, 51.5040655], [0.0461377, 51.504057], [0.0458613, 51.5040591]], [[0.071315, 51.4896255], [0.0714669, 51.4896404]], [[0.0714669, 51.4896404], [0.071625, 51.4896559]], [[0.0511958, 51.5025848], [0.058713, 51.5021632]], [[0.058713, 51.5021632], [0.0603047, 51.5021125]], [[0.0712876, 51.4896562], [0.071625, 51.4896559]], [[0.071625, 51.4896559], [0.0719571, 51.4896613]], [[0.0719647, 51.4896141], [0.071648, 51.4896198]], [[0.071648, 51.4896198], [0.071315, 51.4896255]], [[0.0700011, 51.4898729], [0.0709026, 51.4896644]], [[0.0709008, 51.4896304], [0.0699687, 51.489824]], [[0.0488738, 51.5034967], [0.049649, 51.5029707]], [[0.0414784, 51.5039355], [0.0426162, 51.5039004]], [[0.0701996, 51.5007986], [0.0746682, 51.4977643], [0.0753312, 51.497046], [0.0758568, 51.4961426]], [[0.0615578, 51.5020769], [0.0641237, 51.5019673]], [[0.0161497, 51.505508], [0.0196351, 51.5038236]], [[-0.0203576, 51.5072661], [-0.0203675, 51.507574], [-0.0207837, 51.507797]], [[-0.0154794, 51.5192245], [-0.0170587, 51.5218434]], [[-0.0233046, 51.5083735], [-0.0227887, 51.5082515]], [[-0.0227887, 51.5082515], [-0.0207515, 51.50783]], [[-0.0170211, 51.5218526], [-0.0154383, 51.5192443]], [[-0.0119735, 51.5074651], [-0.0126916, 51.5074128], [-0.0141194, 51.5073976], [-0.015843, 51.5074749]], [[-0.0242571, 51.5086914], [-0.02246389106944531, 51.508242795643206]], [[-0.02246389106944531, 51.508242795643206], [-0.0218885, 51.5081159]], [[-0.0154383, 51.5192443], [-0.01532, 51.5189957]], [[-0.0153609, 51.5189795], [-0.0154794, 51.5192245]], [[-0.0219057, 51.5083275], [-0.0215434, 51.5083337]], [[-0.0572234, 51.5116724], [-0.0575472, 51.511625]], [[-0.0654669, 51.5111651], [-0.0658621, 51.5111665]], [[-0.0093761, 51.5076647], [-0.0091182, 51.507713]], [[-0.0667752, 51.5110677], [-0.066341, 51.5111282]], [[-0.0254235, 51.5089791], [-0.0257158, 51.5090478]], [[-0.0160473, 51.5075766], [-0.0180577, 51.5077691]], [[-0.0702801, 51.5106988], [-0.0717251, 51.5104883]], [[-0.0205929, 51.5056034], [-0.0211641, 51.504085]], [[-0.0210467, 51.5046195], [-0.0211641, 51.504085]], [[-0.0207536, 51.50571], [-0.0208377, 51.5053702]], [[-0.0206167, 51.5061071], [-0.0205929, 51.5056034]], [[-0.0209664, 51.5056416], [-0.0206704, 51.5061144]], [[-0.013076, 51.4652237], [-0.0127937, 51.464837]], [[-0.0144972, 51.495172], [-0.0145317, 51.4948561]], [[-0.0147474, 51.492865], [-0.0147565, 51.492965]], [[-0.0147565, 51.492965], [-0.0147681, 51.4930928]], [[-0.0145317, 51.4948561], [-0.0145665, 51.4949944]], [[-0.013915, 51.4662589], [-0.013859, 51.46614]], [[-0.013859, 51.46614], [-0.0137881, 51.4659892]], [[-0.0137567, 51.466031], [-0.013859, 51.46614]], [[-0.013859, 51.46614], [-0.0139592, 51.4662466]], [[-0.0147132, 51.4931027], [-0.0147565, 51.492965]], [[-0.0147565, 51.492965], [-0.0147918, 51.4928527]], [[-0.0145317, 51.4948561], [-0.0146551, 51.4936845]], [[-0.0136922, 51.4781182], [-0.016066, 51.4780075]], [[-0.0220196, 51.4734736], [-0.0214805, 51.4718364], [-0.0196446, 51.4704669]], [[-0.0114471, 51.5353547], [-0.0102191, 51.5361856]], [[-0.0112694, 51.5454321], [-0.0116376, 51.545238]], [[-0.0112202, 51.5454545], [-0.0107887, 51.545593]], [[0.0091937, 51.5122624], [0.0089932, 51.5128084]], [[0.0094992, 51.5115427], [0.0093296, 51.51183]], [[0.009088, 51.5131949], [0.0082112, 51.5141127]], [[-0.011637, 51.5351412], [-0.0125141, 51.5343716], [-0.0131434, 51.5340161]], [[0.034062, 51.502319], [0.0357899, 51.5024576], [0.0384135, 51.5024863], [0.039281, 51.5027638], [0.0407192, 51.5036316]], [[0.0196053, 51.5037927], [0.0162509, 51.5054121]], [[-0.0141978, 51.5335011], [-0.0131746, 51.5340387]], [[-0.0104435, 51.4808686], [-0.0103505, 51.480027], [-0.0106866, 51.4794012], [-0.011266, 51.4789517], [-0.012496, 51.4783933]], [[-0.0156596, 51.4679087], [-0.014201, 51.4666579]], [[-0.013224, 51.4651738], [-0.0137134, 51.4658779]], [[-0.0136296, 51.4659041], [-0.013076, 51.4652237]], [[-0.0131584, 51.4650786], [-0.013224, 51.4651738]], [[0.029247, 51.5096906], [0.0272482, 51.5096039]], [[0.0292051, 51.5097438], [0.0305457, 51.5097418]], [[0.0305457, 51.5097418], [0.0311917, 51.5097212]], [[0.0203531, 51.5093817], [0.020742, 51.5094248]], [[0.0305457, 51.5097418], [0.0297565, 51.5097244]], [[0.0297565, 51.5097244], [0.029247, 51.5096906]], [[0.0292051, 51.5097438], [0.0297565, 51.5097244]], [[0.0297565, 51.5097244], [0.0303682, 51.5096893]], [[-0.0150887, 51.4917545], [-0.014801, 51.4927535]], [[-0.0145607, 51.4905464], [-0.0133272, 51.4896522], [-0.0109139, 51.4883731]], [[-0.0144793, 51.4945669], [-0.0146674, 51.4934337]], [[-0.0216291, 51.5025779], [-0.0214453, 51.5032695]], [[-0.0213766, 51.5032624], [-0.0215751, 51.5025722]], [[-0.0214453, 51.5032695], [-0.0212176, 51.5040917]], [[-0.0139384, 51.4977484], [-0.0143713, 51.4964134]], [[-0.0726782, 51.5106738], [-0.0709008, 51.5108204]], [[-0.0715036, 51.5107359], [-0.0709008, 51.5108204]], [[-0.0677847, 51.5109651], [-0.068105, 51.5109571]], [[-0.068105, 51.5109571], [-0.0685197, 51.5109479]], [[-0.0709008, 51.5108204], [-0.0679611, 51.5110146]], [[-0.0147285, 51.4934378], [-0.0145665, 51.4949944]], [[-0.0145665, 51.4949944], [-0.0145501, 51.4951731]], [[-0.0148993, 51.492054], [-0.0148579, 51.4911292], [-0.0145607, 51.4905464]], [[-0.0146674, 51.4934337], [-0.0146831, 51.4933429]], [[-0.0147408, 51.4933446], [-0.0147285, 51.4934378]], [[-0.0203487, 51.5077795], [-0.019969942214403374, 51.50754966823104]], [[-0.019969942214403374, 51.50754966823104], [-0.019950802624978378, 51.50751789825131]], [[-0.019950802624978378, 51.50751789825131], [-0.0201002, 51.5070686]], [[-0.0218885, 51.5081159], [-0.0213697, 51.5080195]], [[-0.0116634, 51.5351645], [-0.0114471, 51.5353547]], [[-0.0172369, 51.4779431], [-0.0170694, 51.4779692]], [[-0.0170694, 51.4779692], [-0.0169096, 51.4779941]], [[-0.0172378, 51.4779765], [-0.0170694, 51.4779692]], [[-0.0170694, 51.4779692], [-0.0169079, 51.4779622]], [[-0.0131434, 51.5340161], [-0.0141664, 51.5334782]], [[-0.017404, 51.5323635], [-0.0169828, 51.5325426], [-0.0164842, 51.5327159], [-0.0148002, 51.5332071], [-0.0141978, 51.5335011]], [[-0.0131746, 51.5340387], [-0.0116634, 51.5351645]], [[-0.0141664, 51.5334782], [-0.0150024, 51.533105], [-0.017404, 51.5323635]], [[-0.0102191, 51.5361856], [-0.0094292, 51.5368202]], [[-0.0177183, 51.5322068], [-0.017404, 51.5323635]], [[-0.0875952, 51.5117032], [-0.0869629, 51.5110133], [-0.0865663, 51.5108074]], [[-0.0866096, 51.5107506], [-0.0874618, 51.5111452], [-0.0882346, 51.5120279]], [[-0.0887158, 51.5129938], [-0.0898844, 51.514687]], [[-0.009527, 51.486817], [-0.0107466, 51.4834673]], [[0.0047591, 51.5185874], [0.0056039, 51.5169125], [0.0071662, 51.5150502]], [[0.0402712, 51.508042], [0.0399349, 51.5080525]], [[0.0438428, 51.5079677], [0.0448212, 51.5080561], [0.0472077, 51.508881], [0.0476498, 51.5089681], [0.048101, 51.5089931]], [[0.0480506, 51.508964], [0.0471561, 51.5088346], [0.0448451, 51.5080247], [0.0438885, 51.5079301]], [[0.0399373, 51.5080789], [0.0402737, 51.5080684]], [[-0.0248828, 51.5088448], [-0.0242571, 51.5086914]], [[-0.0217839, 51.5288951], [-0.0211554, 51.5281657]], [[-0.0201002, 51.5070686], [-0.0205929, 51.5056034]], [[-0.0206167, 51.5061071], [-0.0207536, 51.50571]], [[-0.0150991, 51.5074637], [-0.015843, 51.5074749]], [[-0.0679611, 51.5110146], [-0.0672891, 51.5110622]], [[0.0113245, 51.5098571], [0.0107267, 51.5105842]], [[0.0107267, 51.5105842], [0.0106006, 51.5107849]], [[0.0105882, 51.5096602], [0.0101012, 51.5106634]], [[0.0101012, 51.5106634], [0.0098542, 51.5110069]], [[0.0095727, 51.5117188], [0.0105759, 51.5098599]], [[0.0105759, 51.5098599], [0.0106555, 51.509661]], [[0.01162, 51.5099552], [0.0131554, 51.5092973], [0.015283, 51.5090082]], [[0.011942, 51.5096933], [0.0126609, 51.5094035], [0.0136847, 51.5091328], [0.015283, 51.5090082]], [[-0.0018082, 51.5392032], [-0.0019161, 51.5394758]], [[-0.0019161, 51.5394758], [-0.0016894, 51.5390898]], [[0.0090443, 51.5128523], [0.0091296, 51.5126494]], [[-0.0252564, 51.5089237], [-0.0248828, 51.5088448]], [[0.0089932, 51.5128084], [0.0088371, 51.5130885]], [[-0.0071897, 51.5386456], [-0.0065412, 51.5392547]], [[-0.0204425, 51.5069468], [-0.0203576, 51.5072661]], [[-0.0206704, 51.5061144], [-0.0204425, 51.5069468]], [[-0.0212176, 51.5040917], [-0.0212374, 51.5046403], [-0.0209664, 51.5056416]], [[-0.0205111, 51.5082838], [-0.0215434, 51.5083337]], [[-0.0215434, 51.5083337], [-0.02246389106944531, 51.508242795643206]], [[-0.02246389106944531, 51.508242795643206], [-0.0227887, 51.5082515]], [[-0.0227887, 51.5082515], [-0.0233191, 51.5083437]], [[-0.0212176, 51.5040917], [-0.0210467, 51.5046195]], [[-0.0703467, 51.5108339], [-0.0715036, 51.5107359]], [[-0.0679611, 51.5110146], [-0.0685197, 51.5109479]], [[-0.0677847, 51.5109651], [-0.0702801, 51.5106988]], [[0.0247392, 51.5096032], [0.0203531, 51.5093817]], [[-0.0717251, 51.5104883], [-0.0723609, 51.510309]], [[-0.0723609, 51.510309], [-0.075074, 51.5095856], [-0.077655, 51.5092851], [-0.0804976, 51.509521], [-0.0833335, 51.510441], [-0.0866096, 51.5107506]], [[-0.0114126, 51.5353371], [-0.011637, 51.5351412]], [[-0.0102191, 51.5361856], [-0.0114126, 51.5353371]], [[0.0712429, 51.507523], [0.0717079, 51.5080491], [0.071791, 51.5086354]], [[0.0697242, 51.5070675], [0.0688367, 51.5070815], [0.0681723, 51.5071653]], [[0.0716232, 51.5113712], [0.0714961, 51.5128327], [0.0710273, 51.5135366]], [[0.0718183, 51.5089272], [0.0718351, 51.5086371]], [[0.0078454, 51.5141245], [0.0072449, 51.5146517]], [[0.0044458, 51.5286456], [0.0045441, 51.529833], [0.0043124, 51.5312903]], [[0.0085574, 51.5136888], [0.0090093, 51.5129709]], [[0.009219, 51.513234], [0.0098877, 51.5120666]], [[-0.0245787, 51.5087157], [-0.0233046, 51.5083735]], [[-0.0887158, 51.5129938], [-0.0875952, 51.5117032]], [[-0.0882346, 51.5120279], [-0.0887158, 51.5129938]], [[-0.0150738, 51.4909422], [-0.0150887, 51.4917545]], [[-0.0208377, 51.5053702], [-0.0209865, 51.5048246]], [[-0.0209865, 51.5048246], [-0.0210467, 51.5046195]], [[-0.0732628, 51.5106259], [-0.0741792, 51.5106217]], [[-0.0741792, 51.5106217], [-0.0744137, 51.5106233]], [[0.061028, 51.5143798], [0.0625926, 51.5145135]], [[0.0611873, 51.5142902], [0.0610527, 51.5142785]], [[-0.0086192, 51.5456601], [-0.0088596, 51.5456638]], [[-0.0088491, 51.5457794], [-0.0086195, 51.5457755]], [[-0.0044084, 51.5407047], [-0.0042474, 51.5408086]], [[-0.005152, 51.5401147], [-0.00542, 51.5399816]], [[-0.014201, 51.4666579], [-0.0140568, 51.466468]], [[-0.0142751, 51.4666702], [-0.0157469, 51.4679476]], [[-0.0141071, 51.4664617], [-0.0142751, 51.4666702]], [[-0.0140568, 51.466468], [-0.013915, 51.4662589]], [[-0.013915, 51.4662589], [-0.0137567, 51.466031]], [[-0.0233191, 51.5083437], [-0.025097, 51.5088486]], [[-0.0252564, 51.5089237], [-0.0245787, 51.5087157]], [[0.0137611, 51.5060307], [0.0131101, 51.5063054], [0.0125815, 51.5067643]], [[0.0126295, 51.506778], [0.0131519, 51.5063265], [0.0137887, 51.5060593]], [[0.0125815, 51.5067643], [0.0119086, 51.5076157]], [[0.0119588, 51.5076289], [0.0126295, 51.506778]], [[-0.0190889, 51.5250872], [-0.0176132, 51.5227444]], [[-0.017639, 51.5227332], [-0.0191431, 51.5250758]], [[-0.0175007, 51.5225255], [-0.017639, 51.5227332]], [[-0.0176132, 51.5227444], [-0.0175513, 51.5226497]], [[-0.0174939, 51.5225619], [-0.0174749, 51.5225327]], [[-0.0175321, 51.5226203], [-0.0174939, 51.5225619]], [[-0.0175513, 51.5226497], [-0.0175321, 51.5226203]], [[0.0716318, 51.5111547], [0.0716232, 51.5113712]], [[0.0717273, 51.5096397], [0.0716318, 51.5111547]], [[0.0716787, 51.5111537], [0.0717373, 51.5103917]], [[0.0716739, 51.5113488], [0.0716787, 51.5111537]], [[0.0717742, 51.5096432], [0.0718183, 51.5089272]], [[0.0043575, 51.5312915], [0.0046147, 51.5296921], [0.0046555, 51.5286504]], [[0.0046713, 51.5279345], [0.0046736, 51.5278717]], [[-0.0685197, 51.5109479], [-0.0703467, 51.5108339]], [[0.0728093, 51.4896998], [0.0751749, 51.4901131]], [[0.0752852, 51.4899974], [0.0742497, 51.4897214], [0.0728021, 51.4896106]], [[0.0660211, 51.50187], [0.0673106, 51.5018483]], [[0.0672977, 51.5017274], [0.0660194, 51.501812]], [[0.0728021, 51.4896106], [0.0719647, 51.4896141]], [[0.0719571, 51.4896613], [0.0728093, 51.4896998]], [[0.049649, 51.5029707], [0.0502584, 51.5026954], [0.0511958, 51.5025848]], [[0.0511923, 51.5025504], [0.0502357, 51.5026655], [0.049618, 51.5029442]], [[0.0119086, 51.5076157], [0.011254, 51.5083957]], [[0.0112991, 51.50841], [0.0119588, 51.5076289]], [[-0.012103, 51.5450591], [-0.0112694, 51.5454321]], [[-0.0116376, 51.545238], [-0.0120222, 51.5450631]], [[-0.0024222, 51.5402792], [-0.0026835, 51.5405749]], [[-0.0026835, 51.5405749], [-0.0031528, 51.5411096]], [[-0.0031242, 51.5411309], [-0.0026141, 51.5405902]], [[-0.0018082, 51.5392032], [-0.0026835, 51.5405749]], [[0.0046736, 51.5278717], [0.0047417, 51.5258984]], [[0.0071256, 51.5150376], [0.0055573, 51.5169011], [0.0047151, 51.5185796]], [[0.0045873, 51.5264796], [0.0045289, 51.5276957]], [[0.0047417, 51.5258984], [0.0047404, 51.52564]], [[0.0106006, 51.5107849], [0.0096061, 51.512429]], [[0.0100983, 51.5116727], [0.0106546, 51.5107595]], [[0.0098877, 51.5120666], [0.0100983, 51.5116727]], [[-0.0112694, 51.5454321], [-0.0112202, 51.5454545]], [[-0.0650994, 51.5111915], [-0.0654669, 51.5111651]], [[-0.0654669, 51.5111651], [-0.0667752, 51.5110677]], [[-0.0667752, 51.5110677], [-0.0677847, 51.5109651]], [[-0.0385071, 51.5123223], [-0.0359298, 51.5120744], [-0.0344095, 51.5118401], [-0.0325807, 51.5114778], [-0.0313691, 51.5111618], [-0.0296773, 51.5106371], [-0.0273535, 51.5097007]], [[-0.0277347, 51.5098305], [-0.0299566, 51.510697], [-0.0327593, 51.5114814], [-0.0354466, 51.5119841], [-0.0383035, 51.5122789]], [[-0.0431483, 51.512253], [-0.0413189, 51.5122397]], [[-0.0412404, 51.5122148], [-0.0431718, 51.5122192]], [[-0.0413189, 51.5122397], [-0.0399876, 51.5123792]], [[-0.0399685, 51.5123543], [-0.0412404, 51.5122148]], [[-0.0544833, 51.5118399], [-0.0431483, 51.512253]], [[-0.0565108, 51.5116498], [-0.0575472, 51.511625]], [[-0.0575472, 51.511625], [-0.0650994, 51.5111915]], [[-0.0567509, 51.5116987], [-0.0544833, 51.5118399]], [[-0.0543342, 51.5117904], [-0.0565108, 51.5116498]], [[-0.0399876, 51.5123792], [-0.0385071, 51.5123223]], [[-0.0383035, 51.5122789], [-0.0399685, 51.5123543]], [[-0.0273535, 51.5097007], [-0.0259361, 51.5091636]], [[-0.0260175, 51.509159], [-0.0277347, 51.5098305]], [[-0.025097, 51.5088486], [-0.0257158, 51.5090478]], [[-0.0257158, 51.5090478], [-0.0260175, 51.509159]], [[-0.0259361, 51.5091636], [-0.0254235, 51.5089791]], [[-0.0254235, 51.5089791], [-0.0252564, 51.5089237]], [[-0.0195008, 51.5079688], [-0.0205111, 51.5082838]], [[-0.0191357, 51.5080319], [-0.0175394, 51.507859]], [[-0.015843, 51.5074749], [-0.017751, 51.5076721]], [[-0.017751, 51.5076721], [-0.018806714269420325, 51.50778948458982]], [[-0.018806714269420325, 51.50778948458982], [-0.01886899885416083, 51.50780346911781]], [[-0.01886899885416083, 51.50780346911781], [-0.0195008, 51.5079688]], [[-0.0175394, 51.507859], [-0.0159759, 51.5076435]], [[-0.0115953, 51.5075333], [-0.0098135, 51.5076817]], [[-0.0098135, 51.5076817], [-0.0091182, 51.507713]], [[-0.0091182, 51.507713], [-0.008129, 51.5078041]], [[-0.0078225, 51.5078203], [-0.0093761, 51.5076647]], [[-0.0093761, 51.5076647], [-0.0119735, 51.5074651]], [[-0.008129, 51.5078041], [-0.0063801, 51.5080772]], [[-0.0063008, 51.5080595], [-0.0078225, 51.5078203]], [[-0.003107, 51.5091877], [-0.0039518, 51.5089814], [-0.005456, 51.5082745], [-0.0063008, 51.5080595]], [[-0.0063801, 51.5080772], [-0.0054967, 51.5082959], [-0.0041563, 51.508941], [-0.0033025, 51.5091941]], [[-0.0010411, 51.5095723], [-0.003107, 51.5091877]], [[-0.0033025, 51.5091941], [-0.0009811, 51.5096149]], [[0.0072449, 51.5146517], [0.0066566, 51.5147991], [0.0059814, 51.5146946]], [[0.0059713, 51.5147264], [0.0065417, 51.5148412], [0.0071575, 51.5147654]], [[0.0168094, 51.5089896], [0.0163378, 51.5089628], [0.0156326, 51.5089748]], [[0.015283, 51.5090082], [0.0168264, 51.5090274]], [[0.0168264, 51.5090274], [0.0188675, 51.5093105]], [[0.0188775, 51.5092816], [0.0168094, 51.5089896]], [[0.0203531, 51.5093817], [0.0188775, 51.5092816]], [[0.0188675, 51.5093105], [0.020742, 51.5094248]], [[0.0272482, 51.5096039], [0.0267721, 51.5095903], [0.0247392, 51.5096032]], [[0.0247468, 51.5096944], [0.0273808, 51.5096906]], [[0.0273808, 51.5096906], [0.0292051, 51.5097438]], [[0.0311682, 51.5096488], [0.0303682, 51.5096893]], [[0.0303682, 51.5096893], [0.0297564, 51.5096913], [0.029247, 51.5096906]], [[0.0311917, 51.5097212], [0.0325248, 51.5096229]], [[0.0324901, 51.5095055], [0.0311682, 51.5096488]], [[0.0325248, 51.5096229], [0.0340653, 51.5094431]], [[0.0340331, 51.5093244], [0.0324901, 51.5095055]], [[0.0360803, 51.5086652], [0.0354103, 51.5089971]], [[0.0354502, 51.5090245], [0.0361115, 51.5086868]], [[0.0383235, 51.5081323], [0.0389556, 51.5081103]], [[0.0389556, 51.5081103], [0.0399373, 51.5080789]], [[0.0399349, 51.5080525], [0.0392514, 51.5080733]], [[0.0392514, 51.5080733], [0.0383191, 51.5081047]], [[0.0438885, 51.5079301], [0.0402712, 51.508042]], [[0.0402737, 51.5080684], [0.0438428, 51.5079677]], [[0.048101, 51.5089931], [0.0507205, 51.508913]], [[0.0507193, 51.5088865], [0.0480506, 51.508964]], [[0.0681892, 51.5071928], [0.0697214, 51.5070953]], [[0.0710703, 51.5073784], [0.0704566, 51.5071515], [0.0697242, 51.5070675]], [[0.0717373, 51.5103917], [0.0717742, 51.5096432]], [[0.0717741, 51.5089265], [0.0717273, 51.5096397]], [[0.0647561, 51.5144903], [0.06443, 51.5145002]], [[0.06443, 51.5145002], [0.0627655, 51.5144358]], [[0.0625926, 51.5145135], [0.0636785, 51.51455]], [[0.0636785, 51.51455], [0.0640379, 51.5145391]], [[-0.01532, 51.5189957], [-0.0149739, 51.5181586], [-0.0143174, 51.5159753]], [[-0.0143881, 51.516065], [-0.0153609, 51.5189795]], [[-0.014028, 51.5148344], [-0.0143881, 51.516065]], [[-0.0143174, 51.5159753], [-0.0139011, 51.5145313]], [[-0.0139011, 51.5145313], [-0.0133586, 51.5125581], [-0.0130553, 51.5109286]], [[-0.0132313, 51.5114829], [-0.014028, 51.5148344]], [[-0.0125902, 51.507445], [-0.0150991, 51.5074637]], [[-0.011889, 51.5082724], [-0.0126498, 51.5094891], [-0.0132313, 51.5114829]], [[-0.0126441, 51.5074787], [-0.012236797722395856, 51.50752643455739]], [[-0.012236797722395856, 51.50752643455739], [-0.0117944, 51.5078705], [-0.011889, 51.5082724]], [[-0.0118168, 51.5082446], [-0.0117445, 51.5078609], [-0.012142683600133793, 51.50752655895295]], [[-0.012142683600133793, 51.50752655895295], [-0.0125902, 51.507445]], [[-0.0180289, 51.5078056], [-0.0159852, 51.5075982]], [[-0.0150991, 51.5074637], [-0.0160473, 51.5075766]], [[-0.019642, 51.5075869], [-0.019950802624978378, 51.50751789825131]], [[-0.019950802624978378, 51.50751789825131], [-0.0203033, 51.5072604]], [[-0.0207515, 51.50783], [-0.0203581, 51.5076444], [-0.0202733, 51.5073966]], [[-0.0202733, 51.5073966], [-0.0203033, 51.5072604]], [[-0.0207837, 51.507797], [-0.0233191, 51.5083437]], [[-0.0211641, 51.504085], [-0.0213766, 51.5032624]], [[-0.0218409, 51.501809], [-0.0216291, 51.5025779]], [[-0.0215751, 51.5025722], [-0.0217875, 51.5017962]], [[-0.0217875, 51.5017962], [-0.0218202, 51.5014458], [-0.0215054, 51.5011543], [-0.0185188, 51.5005811]], [[-0.0185043, 51.5005386], [-0.0215498, 51.5011288], [-0.0218602, 51.50139], [-0.0218409, 51.501809]], [[-0.0185188, 51.5005811], [-0.0172773, 51.5001661]], [[-0.0174238, 51.5001467], [-0.0185043, 51.5005386]], [[-0.0144461, 51.4998078], [-0.0174238, 51.5001467]], [[-0.0172773, 51.5001661], [-0.0145803, 51.4998609]], [[-0.0145803, 51.4998609], [-0.0141564, 51.4997823], [-0.013905, 51.4996497], [-0.0137359, 51.499456], [-0.0137234, 51.4991165]], [[-0.0137692, 51.4992646], [-0.013976, 51.4996441], [-0.0144461, 51.4998078]], [[-0.0140046, 51.4977359], [-0.0137692, 51.4992646]], [[-0.0137234, 51.4991165], [-0.0139384, 51.4977484]], [[-0.0143713, 51.4964134], [-0.0144972, 51.495172]], [[-0.0145501, 51.4951731], [-0.014426, 51.4963003]], [[-0.0144972, 51.495172], [-0.0144793, 51.4945669]], [[-0.0146831, 51.4933429], [-0.0147132, 51.4931027]], [[-0.0147132, 51.4931027], [-0.0147474, 51.492865]], [[-0.0147474, 51.492865], [-0.0148993, 51.492054]], [[-0.0149448, 51.492122], [-0.014801, 51.4927535]], [[-0.014801, 51.4927535], [-0.0147918, 51.4928527]], [[-0.0147918, 51.4928527], [-0.0147681, 51.4930928]], [[-0.0147681, 51.4930928], [-0.0147408, 51.4933446]], [[-0.0109139, 51.4883731], [-0.0102353, 51.4879547]], [[-0.0102983, 51.4879146], [-0.0109714, 51.4883348]], [[-0.0102353, 51.4879547], [-0.0096782, 51.4873983], [-0.009527, 51.486817]], [[-0.0096339, 51.4868918], [-0.0098099, 51.4874131], [-0.0102983, 51.4879146]], [[-0.0107466, 51.4834673], [-0.0108316, 51.4824609]], [[-0.0110295, 51.4824648], [-0.0108899, 51.4834807]], [[-0.0108316, 51.4824609], [-0.0106459, 51.4817118]], [[-0.0108866, 51.4818055], [-0.0110295, 51.4824648]], [[-0.0106459, 51.4817118], [-0.0104435, 51.4808686]], [[-0.0106476, 51.4808647], [-0.0108866, 51.4818055]], [[-0.0137062, 51.4781448], [-0.0125343, 51.4784293]], [[-0.012496, 51.4783933], [-0.0136922, 51.4781182]], [[-0.0169096, 51.4779941], [-0.0160714, 51.4780388]], [[-0.016066, 51.4780075], [-0.0169079, 51.4779622]], [[-0.0169079, 51.4779622], [-0.0172369, 51.4779431]], [[-0.0172369, 51.4779431], [-0.018581, 51.4776976], [-0.0203008, 51.4765837], [-0.0208176, 51.4764023], [-0.0217889, 51.4762147]], [[-0.0218063, 51.476247], [-0.0203354, 51.4766076], [-0.0186112, 51.4777248], [-0.0172378, 51.4779765]], [[-0.0172378, 51.4779765], [-0.0169096, 51.4779941]], [[-0.0217889, 51.4762147], [-0.022389, 51.475988], [-0.0227271, 51.4756398], [-0.0227915, 51.4752668], [-0.0226152, 51.4747379]], [[-0.0226649, 51.474729], [-0.0228437, 51.4752597], [-0.0227811, 51.4756457], [-0.0224189, 51.4760184], [-0.0218063, 51.476247]], [[-0.0226152, 51.4747379], [-0.0220196, 51.4734736]], [[-0.0220694, 51.4734635], [-0.0226649, 51.474729]], [[-0.0196446, 51.4704669], [-0.0187831, 51.4698292], [-0.0175384, 51.4694698]], [[-0.01751, 51.4694284], [-0.0188164, 51.4698031], [-0.0196854, 51.4704492]], [[-0.0175384, 51.4694698], [-0.0171472, 51.4693702], [-0.016767, 51.4691774], [-0.0161752, 51.4685349]], [[-0.0162226, 51.4685178], [-0.0168087, 51.4691573], [-0.01751, 51.4694284]], [[-0.0161752, 51.4685349], [-0.0156596, 51.4679087]], [[-0.0157469, 51.4679476], [-0.0162226, 51.4685178]], [[-0.0213697, 51.5080195], [-0.0203487, 51.5077795]], [[-0.0104309, 51.5417205], [-0.0093575, 51.5417289], [-0.007738, 51.5422646]], [[-0.0074176, 51.5423093], [-0.0091426, 51.5417412], [-0.0099139, 51.5416634], [-0.0104315, 51.5416873]], [[-0.0033153, 51.5413228], [-0.0031242, 51.5411309]], [[-0.0031528, 51.5411096], [-0.003354, 51.5413073]], [[-0.0016894, 51.5390898], [-0.0011041, 51.5384011], [-0.0003778, 51.5378972]], [[-0.0004977, 51.5379548], [-0.0012388, 51.5384889], [-0.0018082, 51.5392032]], [[0.0006942, 51.5368481], [-0.0004977, 51.5379548]], [[-0.0003778, 51.5378972], [0.0007207, 51.5368578]], [[0.0007207, 51.5368578], [0.001859, 51.535299], [0.0024274, 51.534169]], [[0.0023998, 51.5341654], [0.0018222, 51.5352888], [0.0006942, 51.5368481]], [[0.0031785, 51.5330457], [0.0040065, 51.5321424]], [[0.0039784, 51.532131], [0.0031528, 51.5330381]], [[0.0040065, 51.5321424], [0.004269, 51.5317151], [0.0043575, 51.5312915]], [[0.0043124, 51.5312903], [0.0039784, 51.532131]], [[0.0024274, 51.534169], [0.0031785, 51.5330457]], [[0.0031528, 51.5330381], [0.0023998, 51.5341654]], [[0.0046555, 51.5286504], [0.0046713, 51.5279345]], [[0.0045289, 51.5276957], [0.0044458, 51.5286456]], [[0.0044505, 51.5235776], [0.0046496, 51.5251938], [0.0045873, 51.5264796]], [[0.0047404, 51.52564], [0.0044913, 51.523577]], [[0.0044913, 51.523577], [0.0042982, 51.5211938]], [[0.0041765, 51.5215242], [0.0044505, 51.5235776]], [[0.0044289, 51.5194605], [0.0041765, 51.5215242]], [[0.0042982, 51.5211938], [0.0045253, 51.5196843]], [[0.0047151, 51.5185796], [0.0044289, 51.5194605]], [[0.0045253, 51.5196843], [0.0047591, 51.5185874]], [[0.0071662, 51.5150502], [0.0080023, 51.5144691]], [[0.0078813, 51.5144358], [0.0071256, 51.5150376]], [[0.0082112, 51.5141127], [0.0078813, 51.5144358]], [[0.0080023, 51.5144691], [0.008566, 51.5139677]], [[0.0096061, 51.512429], [0.009088, 51.5131949]], [[0.008566, 51.5139677], [0.009219, 51.513234]], [[0.0137887, 51.5060593], [0.0153362, 51.5057956], [0.0161497, 51.505508]], [[0.0162509, 51.5054121], [0.0153179, 51.5057623], [0.0137611, 51.5060307]], [[0.0216846, 51.5031184], [0.0231732, 51.5026569], [0.0242582, 51.5025068]], [[0.0242381, 51.5024753], [0.0231531, 51.5026244], [0.0216611, 51.503089]], [[0.0196351, 51.5038236], [0.0216846, 51.5031184]], [[0.0216611, 51.503089], [0.0196053, 51.5037927]], [[0.0242582, 51.5025068], [0.0254063, 51.5023003]], [[0.025394, 51.5022655], [0.0242381, 51.5024753]], [[0.0254063, 51.5023003], [0.0280929, 51.5020928], [0.0317732, 51.5022169]], [[0.0322964, 51.5022062], [0.0280957, 51.5020571], [0.025394, 51.5022655]], [[0.0317732, 51.5022169], [0.034062, 51.502319]], [[0.0340664, 51.5022859], [0.0322964, 51.5022062]], [[0.0407192, 51.5036316], [0.041099, 51.5038289], [0.0414784, 51.5039355]], [[0.0414944, 51.5039028], [0.0407601, 51.5036088]], [[0.0466997, 51.5040655], [0.0473681, 51.5040098], [0.0488738, 51.5034967]], [[0.0486705, 51.5034473], [0.0470361, 51.5039841], [0.0458613, 51.5040591]], [[0.0603047, 51.5021125], [0.0615578, 51.5020769]], [[0.0615484, 51.5019812], [0.0598728, 51.5020929]], [[0.0641237, 51.5019673], [0.0660211, 51.50187]], [[0.0660194, 51.501812], [0.0641156, 51.5019236]], [[0.0673106, 51.5018483], [0.0690611, 51.5014351], [0.0701996, 51.5007986]], [[0.0697143, 51.500958], [0.0686377, 51.5014539], [0.0672977, 51.5017274]], [[0.0771873, 51.493148], [0.0756223, 51.4961474]], [[0.0758568, 51.4961426], [0.0774497, 51.4930739]], [[-0.0170587, 51.5218434], [-0.0175007, 51.5225255]], [[-0.0174749, 51.5225327], [-0.0170211, 51.5218526]], [[-0.0127937, 51.464837], [-0.0127572, 51.4647869]], [[-0.0129253, 51.4647431], [-0.0131584, 51.4650786]], [[0.0106546, 51.5107595], [0.01162, 51.5099552]], [[-0.0139592, 51.4662466], [-0.0141071, 51.4664617]], [[-0.0137567, 51.466031], [-0.0136296, 51.4659041]], [[-0.0107887, 51.545593], [-0.0116376, 51.545238]], [[0.0640379, 51.5145391], [0.0647423, 51.5145189]], [[0.0627655, 51.5144358], [0.0611873, 51.5142902]], [[0.0709026, 51.4896644], [0.0712876, 51.4896562]], [[0.071315, 51.4896255], [0.0709008, 51.4896304]]]}, "properties": {"route": "DLR", "mode": "rail", "color": "#00A4A7"}}, {"type": "Feature", "geometry": {"type": "MultiLineString", "coordinates": [[[-0.2118355, 51.4547746], [-0.2124186, 51.4554065], [-0.2126923, 51.4560493], [-0.2126347, 51.4568749], [-0.2122466, 51.4575338]], [[-0.2881568, 51.5147071], [-0.2878088, 51.5141871], [-0.2876731, 51.5135529], [-0.288013, 51.5122393], [-0.2881994, 51.5106295]], [[-0.2220358, 51.4911802], [-0.2210169, 51.4906068], [-0.2195538, 51.4902981], [-0.214492, 51.4904269]], [[-0.2077081, 51.4499427], [-0.2082137, 51.4508771], [-0.209384, 51.4523698]], [[-0.2045392, 51.4389778], [-0.2052885, 51.440083], [-0.2059762, 51.4415601], [-0.2063365, 51.4429857], [-0.2065733, 51.4445239]], [[-0.209384, 51.4523698], [-0.2094734, 51.4524765]], [[-0.2065733, 51.4445239], [-0.206624, 51.4448964]], [[-0.2044275, 51.4388316], [-0.2045392, 51.4389778]], [[-0.1980856, 51.4295681], [-0.1978115, 51.4308782], [-0.1978926, 51.4318748], [-0.1981736, 51.4326691], [-0.1987942, 51.4336281]], [[-0.2831028, 51.4802434], [-0.2840778, 51.4788828], [-0.2848378, 51.4773683], [-0.2871404, 51.46962], [-0.2875945, 51.4685894], [-0.2880388, 51.4678824]], [[-0.0247947, 51.5269047], [-0.0241355, 51.5267389], [-0.0236437, 51.526526], [-0.0209724, 51.5251112]], [[-0.1921683, 51.5004362], [-0.1922323, 51.5005016]], [[-0.0843205, 51.5106401], [-0.0836248, 51.5106159], [-0.0826885, 51.5104458], [-0.0804316, 51.5096966], [-0.0784592, 51.5095854], [-0.077918, 51.509777]], [[-0.077918, 51.509777], [-0.0777298, 51.5098131]], [[-0.3011353, 51.4633819], [-0.2992866, 51.4635114]], [[-0.2039961, 51.4230729], [-0.2062671, 51.4217254]], [[-0.2109571, 51.4593468], [-0.2107091, 51.4607907], [-0.2101693, 51.4622955], [-0.2104027, 51.4636819], [-0.2104092, 51.4641356]], [[-0.2852759, 51.5054621], [-0.2858461, 51.5058483]], [[-0.2858461, 51.5058483], [-0.2868303, 51.5067283], [-0.2874091, 51.5075387], [-0.2882007, 51.5096327], [-0.2882656, 51.5101333]], [[-0.2882686, 51.5102288], [-0.2882484, 51.5106479]], [[-0.2882068, 51.5146948], [-0.2886751, 51.5151218]], [[-0.2817639, 51.5038582], [-0.2813968, 51.5036668]], [[-0.2089031, 51.46778], [-0.2086887, 51.4690357]], [[-0.2086887, 51.4690357], [-0.2085812, 51.4693542]], [[-0.3018215, 51.5152286], [-0.2994824, 51.5152218]], [[-0.2556094, 51.4950188], [-0.2601124, 51.4948115]], [[-0.2737614, 51.4925324], [-0.274945, 51.491822]], [[-0.2026769, 51.4238632], [-0.2023562, 51.4240908]], [[-0.2026769, 51.4238632], [-0.2035677, 51.4232987]], [[-0.2035677, 51.4232987], [-0.2039961, 51.4230729]], [[-0.2039961, 51.4230729], [-0.2043307, 51.4228506]], [[-0.2043307, 51.4228506], [-0.2061604, 51.4216595]], [[-0.200951, 51.4905188], [-0.2001501, 51.4901232], [-0.1989875, 51.4898633], [-0.1977069, 51.4898514], [-0.1967312, 51.4900355], [-0.1963408, 51.49018]], [[-0.2043466, 51.4940121], [-0.2032221, 51.4930837], [-0.2010637, 51.4906448]], [[-0.0141987, 51.5244965], [-0.0153676, 51.5244849], [-0.0184868, 51.5245819]], [[-0.0254192, 51.5269379], [-0.0353244, 51.5248539], [-0.0373896, 51.5240708], [-0.0387262, 51.5232884], [-0.0409493, 51.5225621], [-0.0422882, 51.5223058], [-0.0454382, 51.521964], [-0.0514288, 51.5207839], [-0.0578613, 51.5196307], [-0.058463, 51.5196499]], [[-0.0600268, 51.5196066], [-0.0621801, 51.5190818], [-0.062816, 51.5187776]], [[-0.20764, 51.4498116], [-0.2077081, 51.4499427]], [[-0.206624, 51.4448964], [-0.2069069, 51.4475448], [-0.20764, 51.4498116]], [[-0.1987942, 51.4336281], [-0.2006265, 51.4354884], [-0.2029268, 51.4372662], [-0.2044275, 51.4388316]], [[0.0836992, 51.5381877], [0.0815537, 51.5390477]], [[-0.2884181, 51.4674158], [-0.2890826, 51.4666149], [-0.2898658, 51.4658504], [-0.2905369, 51.4653069], [-0.2911356, 51.4649558], [-0.291749, 51.4647051], [-0.2925583, 51.4644948], [-0.295786, 51.4639455]], [[-0.2880897, 51.467895], [-0.2871801, 51.4696214], [-0.2850131, 51.4770773], [-0.284161, 51.4788167], [-0.2831428, 51.4802656]], [[-0.0080429, 51.5254009], [-0.0064191, 51.5257764]], [[-0.0064191, 51.5257764], [0.0040652, 51.5282392]], [[0.0690187, 51.5439512], [0.0697118, 51.5437962]], [[0.0697118, 51.5437962], [0.0710553, 51.5435309]], [[0.0187254, 51.5316029], [0.0524073, 51.5393605], [0.0556488, 51.5404232], [0.0582924, 51.5415889], [0.059132, 51.5420993], [0.0602573, 51.5431659], [0.0609278, 51.5436839], [0.061834, 51.5441184], [0.0626882, 51.5444012], [0.0640027, 51.5446403], [0.0646828, 51.5446869], [0.0653813, 51.544677], [0.0666419, 51.5445067], [0.0690187, 51.5439512]], [[-0.0132917, 51.5246039], [-0.0100091, 51.5249901], [-0.0080429, 51.5254009]], [[-0.0080664, 51.5253639], [-0.0099959, 51.52496], [-0.0141987, 51.5244965]], [[-0.2785602, 51.4847451], [-0.2800402, 51.4833106]], [[0.0040652, 51.5282392], [0.0049701, 51.5284923]], [[0.0049701, 51.5284923], [0.0100914, 51.5296594]], [[-0.2886253, 51.5151313], [-0.2881568, 51.5147071]], [[0.2171969, 51.553696], [0.2273274, 51.5558609], [0.235585, 51.5585474]], [[0.1871148, 51.5478398], [0.1873857, 51.5478456]], [[0.1873857, 51.5478456], [0.1948532, 51.5491399]], [[-0.210365, 51.464425], [-0.2090388, 51.4671165]], [[-0.2090168, 51.4672129], [-0.2089249, 51.4676803]], [[-0.1759956, 51.515168], [-0.1749549, 51.5157268]], [[-0.2061326, 51.4216423], [-0.2038572, 51.423106]], [[-0.2038572, 51.423106], [-0.203502, 51.4232943]], [[-0.2043307, 51.4228506], [-0.2038572, 51.423106]], [[-0.203502, 51.4232943], [-0.2029605, 51.4236202]], [[-0.2029605, 51.4236202], [-0.202602, 51.4238636]], [[-0.2029605, 51.4236202], [-0.2035677, 51.4232987]], [[-0.169257, 51.4940298], [-0.1676741, 51.4939611]], [[-0.2089249, 51.4676803], [-0.2089031, 51.46778]], [[-0.173857, 51.5163517], [-0.1722573, 51.5172301]], [[-0.1743291, 51.5160937], [-0.173857, 51.5163517]], [[-0.1716511, 51.5176733], [-0.1712567, 51.5180278], [-0.1707503, 51.5182981]], [[-0.1722573, 51.5172301], [-0.1719434, 51.5173958]], [[-0.1749549, 51.5157268], [-0.1743291, 51.5160937]], [[-0.1917089, 51.5119946], [-0.1902601, 51.5121569]], [[-0.1879168, 51.5123307], [-0.1842659, 51.5126073]], [[-0.1902601, 51.5121569], [-0.189799, 51.5121885]], [[-0.1836497, 51.5126337], [-0.1814303, 51.5129321]], [[-0.1842659, 51.5126073], [-0.1836497, 51.5126337]], [[-0.1957513, 51.5103178], [-0.1955505, 51.5105631]], [[-0.1955505, 51.5105631], [-0.1948462, 51.5111084], [-0.1940958, 51.5114622], [-0.191841, 51.5119744]], [[-0.191841, 51.5119744], [-0.1917089, 51.5119946]], [[-0.1813049, 51.5129597], [-0.1795998, 51.5134381], [-0.1770466, 51.5147751], [-0.1759956, 51.515168]], [[-0.1814303, 51.5129321], [-0.1813049, 51.5129597]], [[-0.168049, 51.5197046], [-0.1683274, 51.5195749]], [[-0.1953334, 51.5068303], [-0.1957247, 51.5078611]], [[-0.1943087, 51.504054], [-0.1943335, 51.5041373]], [[-0.1943335, 51.5041373], [-0.1951787, 51.5064164]], [[-0.1960554, 51.5088138], [-0.1960493, 51.5094641], [-0.1957513, 51.5103178]], [[-0.1957828, 51.5080949], [-0.1960554, 51.5088138]], [[-0.1951787, 51.5064164], [-0.1953334, 51.5068303]], [[0.164164, 51.5439863], [0.1613901, 51.5434688]], [[0.1277885, 51.5404493], [0.1476229, 51.5417514]], [[0.236948, 51.5587685], [0.2346045, 51.5581726], [0.227347, 51.5558317], [0.2172117, 51.5536674]], [[0.2373653, 51.5588424], [0.236948, 51.5587685]], [[0.2368466, 51.5587848], [0.237268, 51.5588588]], [[0.237268, 51.5588588], [0.2393925, 51.5591285]], [[0.2495447, 51.5590692], [0.2467375, 51.5591077]], [[0.2467375, 51.5591077], [0.2421277, 51.5592288], [0.2393994, 51.5590976]], [[0.2482217, 51.5591191], [0.252555, 51.5591268]], [[0.0770276, 51.5415987], [0.0809226, 51.5397036]], [[0.0728421, 51.5431026], [0.0721239, 51.5432708]], [[0.0770618, 51.5413712], [0.0744958, 51.542552], [0.0728421, 51.5431026]], [[-0.2800402, 51.4833106], [-0.2829311, 51.480446]], [[-0.2829311, 51.480446], [-0.2831028, 51.4802434]], [[-0.2772961, 51.4864018], [-0.2778085, 51.4855904], [-0.2783126, 51.4849954]], [[-0.277246, 51.4865017], [-0.2772961, 51.4864018]], [[0.0809226, 51.5397036], [0.0810967, 51.5396162]], [[-0.0737435, 51.5146415], [-0.0749286, 51.5141097], [-0.0753221, 51.5133822]], [[-0.1917934, 51.484078], [-0.1935925, 51.4858944], [-0.1953946, 51.4871497]], [[-0.195889, 51.4793929], [-0.1953039, 51.4802102], [-0.1940019, 51.4812009]], [[-0.2993764, 51.5150923], [-0.3008763, 51.5150862]], [[-0.0753221, 51.5133822], [-0.0755511, 51.512521], [-0.0753392, 51.5116296], [-0.0753265, 51.5113036], [-0.0757532, 51.510326]], [[-0.0777485, 51.5097856], [-0.0781689, 51.5096531]], [[-0.0777296, 51.5097865], [-0.0766274, 51.5098382], [-0.0763671, 51.5099001]], [[0.0689999, 51.5439183], [0.065606, 51.5446265], [0.064436, 51.544647], [0.0628727, 51.5444126], [0.0608904, 51.543591], [0.0591786, 51.5420767], [0.0583298, 51.541563], [0.0556746, 51.5403961], [0.0524247, 51.53933], [0.0187501, 51.5315682]], [[-0.2750388, 51.4980215], [-0.2730955, 51.4970948], [-0.2715217, 51.4958842], [-0.2705721, 51.4953646], [-0.2688537, 51.4948019], [-0.2670181, 51.4945369]], [[-0.058463, 51.5196499], [-0.0597982, 51.5196486]], [[-0.0597982, 51.5196486], [-0.0600268, 51.5196066]], [[0.0850749, 51.5379266], [0.0836992, 51.5381877]], [[-0.1532256, 51.4919617], [-0.1526137, 51.4919748]], [[-0.1632849, 51.4937711], [-0.1615964, 51.4936369], [-0.1597363, 51.4933272], [-0.1560365, 51.4922737]], [[-0.1638576, 51.493803], [-0.1632849, 51.4937711]], [[-0.1825919, 51.4944434], [-0.1796913, 51.4937514], [-0.1737493, 51.4941979]], [[-0.1526137, 51.4919748], [-0.1515216, 51.4920732], [-0.1503361, 51.4924062]], [[-0.1560365, 51.4922737], [-0.1550376, 51.4920853]], [[-0.1550376, 51.4920853], [-0.1532256, 51.4919617]], [[-0.1503361, 51.4924062], [-0.1500993, 51.4924963]], [[-0.1674573, 51.4939516], [-0.1638576, 51.493803]], [[-0.1500993, 51.4924963], [-0.1482549, 51.4936351], [-0.1467615, 51.4953795], [-0.1464178, 51.4956783], [-0.1455279, 51.4960906], [-0.1447174, 51.4962982]], [[-0.1676741, 51.4939611], [-0.1674573, 51.4939516]], [[-0.1148108, 51.5108846], [-0.1200928, 51.5091913], [-0.1213007, 51.5084184], [-0.122038, 51.5076094]], [[-0.122038, 51.5076094], [-0.1228509, 51.5063867], [-0.1230074, 51.5053853], [-0.1238859, 51.5022297], [-0.1242144, 51.5017863], [-0.1245651, 51.501496], [-0.1251817, 51.5011187], [-0.1258326, 51.5008439]], [[-0.0784406, 51.5095608], [-0.08065, 51.5097107], [-0.0827071, 51.5104214], [-0.0843174, 51.5106056]], [[-0.2019301, 51.4244373], [-0.2008256, 51.4256238], [-0.198779, 51.4283013], [-0.1980856, 51.4295681]], [[-0.1953594, 51.4871744], [-0.1936667, 51.4860135], [-0.1917549, 51.4840869]], [[-0.2021743, 51.4241894], [-0.2019826, 51.424393]], [[-0.2295135, 51.4937886], [-0.2266582, 51.4937681]], [[-0.2241081, 51.4930354], [-0.2235711, 51.4926581]], [[0.2507301, 51.5590402], [0.2502233, 51.5590536]], [[0.2502091, 51.5590872], [0.2507328, 51.5590719]], [[0.2517981, 51.5590405], [0.2525213, 51.5590192]], [[0.1870886, 51.5478004], [0.1687523, 51.5446386], [0.1600186, 51.5431946]], [[0.1600186, 51.5431946], [0.1545413, 51.5422609], [0.1521009, 51.5419884], [0.148246, 51.5417103]], [[0.1486052, 51.5417977], [0.1545323, 51.542291], [0.1606893, 51.5433479]], [[0.1606893, 51.5433479], [0.1613901, 51.5434688]], [[0.1613901, 51.5434688], [0.1871148, 51.5478398]], [[0.2525389, 51.5589885], [0.2517952, 51.559009]], [[-0.2766931, 51.4890019], [-0.2769032, 51.487359], [-0.277246, 51.4865017]], [[-0.2766379, 51.4893583], [-0.2766931, 51.4890019]], [[-0.2227424, 51.4914853], [-0.2229132, 51.4916474]], [[-0.2144762, 51.4902649], [-0.2198923, 51.4901956], [-0.2212825, 51.4905416], [-0.222363, 51.4911682]], [[-0.2043466, 51.4940121], [-0.2077417, 51.4959378]], [[-0.1957382, 51.4903822], [-0.1961068, 51.4900678]], [[-0.1961068, 51.4900678], [-0.19683103244088576, 51.48967843017204]], [[-0.19683103244088576, 51.48967843017204], [-0.1981148, 51.4894608], [-0.1997458, 51.4896816]], [[-0.2008335, 51.4903376], [-0.2009353, 51.4904243]], [[-0.2009353, 51.4904243], [-0.2012291, 51.4906924]], [[-0.2012291, 51.4906924], [-0.2030213, 51.4927896], [-0.2043466, 51.4940121]], [[-0.2341204, 51.4940841], [-0.2303994, 51.4938464]], [[-0.2295284, 51.4935863], [-0.2358305, 51.4940173]], [[-0.2449631, 51.4949804], [-0.2423176, 51.4949798], [-0.2397912, 51.4947617]], [[-0.2603197, 51.4951254], [-0.2601376, 51.4951332]], [[-0.2554311, 51.495206], [-0.2551452, 51.4952188]], [[-0.260129, 51.4950088], [-0.2603152, 51.4949986]], [[-0.2603152, 51.4949986], [-0.2613761, 51.4949095]], [[-0.2613973, 51.4950357], [-0.2603197, 51.4951254]], [[-0.2556094, 51.4950188], [-0.2591115, 51.4950169]], [[-0.2601376, 51.4951332], [-0.2554311, 51.495206]], [[-0.2522047, 51.4952417], [-0.2516315, 51.4952467], [-0.2502833, 51.4952346]], [[-0.2482163, 51.495023], [-0.2502906, 51.4950844]], [[-0.2397919, 51.4946471], [-0.2423285, 51.4948779], [-0.2454764, 51.4948331], [-0.2482163, 51.495023]], [[-0.2264851, 51.493618], [-0.2288327, 51.4935397], [-0.2295284, 51.4935863]], [[-0.2674139, 51.4940757], [-0.26598029231841686, 51.49443566245617]], [[-0.26598029231841686, 51.49443566245617], [-0.26550501049676384, 51.494575360439384]], [[-0.26550501049676384, 51.494575360439384], [-0.2613973, 51.4950357]], [[-0.2654308, 51.4944707], [-0.26598029231841686, 51.49443566245617]], [[-0.26598029231841686, 51.49443566245617], [-0.2668087, 51.4944156]], [[-0.2651133, 51.4946173], [-0.2613973, 51.4950357]], [[-0.2613761, 51.4949095], [-0.2654308, 51.4944707]], [[-0.2751277, 51.4979055], [-0.2774279, 51.499034], [-0.2781928, 51.499726], [-0.2786962, 51.5005364]], [[-0.2789153, 51.5015348], [-0.2778337, 51.4998742], [-0.2750388, 51.4980215]], [[-0.288221, 51.5101341], [-0.2875684, 51.5080335], [-0.2866407, 51.5067818], [-0.2855549, 51.5059659], [-0.2817639, 51.5038582]], [[-0.2812132, 51.5035727], [-0.2802778, 51.5031198]], [[-0.2786962, 51.5005364], [-0.2795592, 51.5020603], [-0.2803094, 51.5028105], [-0.2843768, 51.50494]], [[-0.2969608, 51.5152231], [-0.2948852, 51.5152851], [-0.2925407, 51.515847], [-0.2913211, 51.5159453], [-0.2905083, 51.5158919], [-0.2898762, 51.5157705], [-0.2893303, 51.5155771], [-0.2886253, 51.5151313]], [[-0.2886751, 51.5151218], [-0.2898858, 51.5157349], [-0.2914599, 51.5159134], [-0.292487, 51.5158229], [-0.2949306, 51.5152457], [-0.296948, 51.5151872]], [[-0.1921316, 51.4824918], [-0.191606, 51.4833162], [-0.1917934, 51.484078]], [[-0.1935621, 51.4815022], [-0.1921316, 51.4824918]], [[-0.1432359, 51.4963742], [-0.1404794, 51.4971713], [-0.1387281, 51.4975365]], [[-0.1433167, 51.4963685], [-0.1432359, 51.4963742]], [[-0.1447174, 51.4962982], [-0.1446004, 51.496316]], [[-0.1446004, 51.496316], [-0.1433167, 51.4963685]], [[-0.1387281, 51.4975365], [-0.1385738, 51.4975781]], [[0.2476257, 51.5591222], [0.2467375, 51.5591077]], [[0.2495651, 51.5591007], [0.2498903, 51.5590786]], [[0.2498903, 51.5590786], [0.2502233, 51.5590536]], [[0.2502091, 51.5590872], [0.2498903, 51.5590786]], [[0.2498903, 51.5590786], [0.2495447, 51.5590692]], [[-0.1129111, 51.5111535], [-0.1148108, 51.5108846]], [[-0.0903013, 51.5114806], [-0.0907421, 51.5114714], [-0.0941162, 51.511876], [-0.0951839, 51.5118217]], [[-0.2089926, 51.4671085], [-0.2103189, 51.4643861]], [[-0.2088731, 51.4676753], [-0.2089462, 51.4673151]], [[-0.2089462, 51.4673151], [-0.208969, 51.4672077]], [[-0.2086823, 51.4688178], [-0.2086887, 51.4690357]], [[-0.2088539, 51.4677772], [-0.2088731, 51.4676753]], [[-0.2109166, 51.4593384], [-0.2112416, 51.4587025], [-0.212003, 51.4577634]], [[-0.2089462, 51.4673151], [-0.2089249, 51.4676803]], [[-0.192458, 51.4925943], [-0.1932035, 51.4919553]], [[-0.192348, 51.4926687], [-0.192458, 51.4925943]], [[-0.1919497, 51.4929769], [-0.192348, 51.4926687]], [[-0.1910507, 51.4935348], [-0.192348, 51.4926687]], [[-0.1956328, 51.4905463], [-0.1953885, 51.4906865]], [[-0.1953885, 51.4906865], [-0.1951236, 51.4908422]], [[-0.1934671, 51.4920949], [-0.1927731, 51.4925078]], [[-0.1927731, 51.4925078], [-0.1925661, 51.492651]], [[-0.194877, 51.4908609], [-0.1957105, 51.490369]], [[-0.1925661, 51.492651], [-0.1911562, 51.4936163]], [[-0.194877, 51.4908609], [-0.1954553, 51.4905762]], [[-0.1933507, 51.4920333], [-0.1930047, 51.4922838]], [[-0.1930047, 51.4922838], [-0.1925293, 51.4926302]], [[-0.191117, 51.4935963], [-0.1903513, 51.494064]], [[-0.1932035, 51.4919553], [-0.194877, 51.4908609]], [[-0.1885115, 51.4948408], [-0.18925197341342226, 51.49452817216196]], [[-0.18925197341342226, 51.49452817216196], [-0.191087, 51.4935686]], [[-0.1957942, 51.490411], [-0.1955532, 51.4905574]], [[-0.1955532, 51.4905574], [-0.1951236, 51.4908422]], [[-0.1958319, 51.4904318], [-0.1956328, 51.4905463]], [[-0.1911562, 51.4936163], [-0.1900354, 51.4943637]], [[-0.1856131, 51.4949223], [-0.1858688, 51.4949656]], [[-0.1897559, 51.4942365], [-0.1910507, 51.4935348]], [[-0.1885469, 51.4955488], [-0.18916928728262966, 51.49462351943299]], [[-0.18916928728262966, 51.49462351943299], [-0.18925197341342226, 51.49452817216196]], [[-0.18925197341342226, 51.49452817216196], [-0.1897559, 51.4942365]], [[-0.1898205, 51.4985298], [-0.1892542, 51.4980981], [-0.1883001, 51.4971308], [-0.1881279, 51.4966748], [-0.1881982, 51.4960891]], [[-0.1957105, 51.490369], [-0.1963636, 51.4895088], [-0.1964981, 51.4890063], [-0.196466, 51.4884746], [-0.1958561, 51.4875118]], [[-0.1958561, 51.4875118], [-0.1953594, 51.4871744]], [[-0.2048639, 51.4734513], [-0.201049, 51.4753533]], [[-0.2050725, 51.473302], [-0.2048639, 51.4734513]], [[-0.2060694, 51.4713539], [-0.2059825, 51.471528]], [[-0.2085812, 51.4693542], [-0.2084536, 51.4695746]], [[-0.2070757, 51.4705176], [-0.206918, 51.4706017]], [[-0.206918, 51.4706017], [-0.2060694, 51.4713539]], [[-0.2084536, 51.4695746], [-0.2079747, 51.4700289], [-0.2070757, 51.4705176]], [[-0.2059825, 51.471528], [-0.2056634, 51.4726044], [-0.2053875, 51.4730126], [-0.2050725, 51.473302]], [[-0.1958495, 51.4793834], [-0.1963971, 51.478212], [-0.1967206, 51.4777897], [-0.197145, 51.4773821], [-0.1980623, 51.4767929], [-0.2006717, 51.4755073]], [[-0.204822, 51.4734261], [-0.205031, 51.4732801]], [[-0.2064626, 51.4451034], [-0.2064057, 51.4446206]], [[-0.2076505, 51.449951], [-0.207585, 51.4498171]], [[-0.2084237, 51.4695299], [-0.2085315, 51.4693467]], [[-0.2059166, 51.471542], [-0.205989, 51.4713835]], [[-0.2068799, 51.4705757], [-0.2070411, 51.4704922]], [[-0.2044798, 51.43899], [-0.204365, 51.4388435]], [[-0.1920956, 51.4824613], [-0.1935137, 51.4814751]], [[-0.2093398, 51.4523754], [-0.2081802, 51.450913], [-0.2076505, 51.449951]], [[-0.204365, 51.4388435], [-0.2028536, 51.4372763], [-0.2005342, 51.4355213], [-0.1990239, 51.4341451], [-0.1982637, 51.4331085], [-0.1977664, 51.4314988], [-0.1978612, 51.43015], [-0.1983389, 51.4288973], [-0.1992269, 51.427623], [-0.2009285, 51.4254175], [-0.2021743, 51.4241894]], [[-0.2021743, 51.4241894], [-0.202602, 51.4238636]], [[-0.2117938, 51.4547938], [-0.2098921, 51.4530535], [-0.2095395, 51.4526338]], [[-0.205989, 51.4713835], [-0.2068799, 51.4705757]], [[-0.2070411, 51.4704922], [-0.2079259, 51.4700095], [-0.2084237, 51.4695299]], [[-0.205031, 51.4732801], [-0.2056456, 51.4725444], [-0.2059166, 51.471542]], [[-0.2064057, 51.4446206], [-0.2062815, 51.4429899], [-0.2059109, 51.4415707], [-0.205235, 51.440099], [-0.2044798, 51.43899]], [[-0.1939646, 51.4811779], [-0.1958495, 51.4793834]], [[-0.207585, 51.4498171], [-0.2069652, 51.4480309], [-0.2064626, 51.4451034]], [[-0.1917549, 51.4840869], [-0.19152, 51.4833027], [-0.1916167, 51.4829765], [-0.1920956, 51.4824613]], [[-0.2085315, 51.4693467], [-0.2086823, 51.4688178]], [[-0.2086823, 51.4688178], [-0.2088539, 51.4677772]], [[-0.1921338, 51.500451], [-0.1907581, 51.4991809]], [[-0.1907633, 51.4990175], [-0.1910204, 51.499248]], [[-0.1912599, 51.4994138], [-0.1916651, 51.4996909]], [[-0.1907581, 51.4991809], [-0.1902609, 51.4987789]], [[-0.1898571, 51.498506], [-0.1902954, 51.498762]], [[-0.1902954, 51.498762], [-0.1907633, 51.4990175]], [[-0.1907633, 51.4990175], [-0.1916651, 51.4996909]], [[-0.1916651, 51.4996909], [-0.1923547, 51.5003562]], [[-0.1924349, 51.5005147], [-0.1917707, 51.4998727]], [[-0.1918348, 51.5119362], [-0.1940747, 51.5114153], [-0.1950452, 51.5109214], [-0.1955372, 51.5104796]], [[-0.195125, 51.5064246], [-0.1942651, 51.5041472]], [[-0.1722282, 51.5172071], [-0.1738067, 51.5163165]], [[-0.1812951, 51.5129422], [-0.1814192, 51.5129134]], [[-0.191699, 51.5119515], [-0.1918348, 51.5119362]], [[-0.1956765, 51.5078716], [-0.1952778, 51.5068437]], [[-0.1742794, 51.5160583], [-0.1749141, 51.5156993]], [[-0.1952778, 51.5068437], [-0.195125, 51.5064246]], [[-0.1955372, 51.5104796], [-0.1956903, 51.5102932]], [[-0.1942651, 51.5041472], [-0.1942375, 51.5040632]], [[-0.1960156, 51.508822], [-0.1957434, 51.5081005]], [[-0.1738067, 51.5163165], [-0.1742794, 51.5160583]], [[-0.1814192, 51.5129134], [-0.1836412, 51.5126036]], [[-0.190246, 51.5121154], [-0.191699, 51.5119515]], [[-0.1836412, 51.5126036], [-0.1842548, 51.5125804]], [[-0.1715742, 51.5176702], [-0.1718106, 51.5174644]], [[-0.1749141, 51.5156993], [-0.1759579, 51.5151413]], [[-0.1842548, 51.5125804], [-0.1879098, 51.5122953]], [[-0.1705302, 51.5183775], [-0.170708, 51.5182733]], [[-0.1956903, 51.5102932], [-0.19596, 51.5096115], [-0.1960156, 51.508822]], [[-0.1879098, 51.5122953], [-0.1889097, 51.5122283]], [[-0.1942375, 51.5040632], [-0.1931705, 51.5016602], [-0.1921961, 51.5005126]], [[-0.1759579, 51.5151413], [-0.1770395, 51.5147372], [-0.1795927, 51.5134002], [-0.1812951, 51.5129422]], [[-0.1801884, 51.4937573], [-0.1852745, 51.494868]], [[-0.1852745, 51.494868], [-0.1856131, 51.4949223]], [[-0.1848898, 51.4948177], [-0.1852745, 51.494868]], [[-0.1674924, 51.493921], [-0.1677054, 51.4939347]], [[-0.1638131, 51.49377], [-0.1674924, 51.493921]], [[-0.1632655, 51.4937367], [-0.1638131, 51.49377]], [[-0.1526119, 51.491947], [-0.1532244, 51.4919338]], [[-0.1500757, 51.492476], [-0.1503145, 51.4923821]], [[-0.1677054, 51.4939347], [-0.169262, 51.4939888]], [[-0.1550494, 51.4920565], [-0.1560548, 51.4922456]], [[-0.1503145, 51.4923821], [-0.1515079, 51.4920477], [-0.1526119, 51.491947]], [[-0.1532244, 51.4919338], [-0.1550494, 51.4920565]], [[-0.1737326, 51.4940649], [-0.1748801, 51.4940841], [-0.17919, 51.4937347], [-0.1801884, 51.4937573]], [[-0.169262, 51.4939888], [-0.1737326, 51.4940649]], [[-0.1560548, 51.4922456], [-0.1597242, 51.4932846], [-0.1632655, 51.4937367]], [[-0.1447102, 51.4962678], [-0.146383, 51.4956607], [-0.1482953, 51.4935509], [-0.1500757, 51.492476]], [[-0.1258326, 51.5008439], [-0.1284429, 51.4998986], [-0.1290265, 51.4997659], [-0.1335942, 51.4995487], [-0.1354815, 51.4989472], [-0.1372808, 51.4980302], [-0.1385532, 51.4975495]], [[-0.1385532, 51.4975495], [-0.1387177, 51.4975064]], [[-0.1432299, 51.4963476], [-0.1433104, 51.4963403]], [[-0.1445971, 51.4962827], [-0.1447102, 51.4962678]], [[-0.1433104, 51.4963403], [-0.1445971, 51.4962827]], [[-0.1387177, 51.4975064], [-0.1432299, 51.4963476]], [[-0.1672547, 51.5200286], [-0.1676723, 51.5198611]], [[-0.2068054, 51.4904364], [-0.208218, 51.4901039], [-0.209806, 51.4899709], [-0.2131257, 51.4901897]], [[-0.2010637, 51.4906448], [-0.2001187, 51.4901565], [-0.1988758, 51.4898979], [-0.1977136, 51.4899034], [-0.1963408, 51.49018]], [[-0.2017805, 51.490994], [-0.2012291, 51.4906924]], [[-0.2012291, 51.4906924], [-0.200951, 51.4905188]], [[-0.1737493, 51.4941979], [-0.169257, 51.4940298]], [[-0.0064443, 51.5257365], [-0.0080664, 51.5253639]], [[-0.1892952, 51.4945736], [-0.18916928728262966, 51.49462351943299]], [[-0.18916928728262966, 51.49462351943299], [-0.1884815, 51.4948962]], [[-0.1903513, 51.494064], [-0.1900354, 51.4943637]], [[-0.1930047, 51.4922838], [-0.1927731, 51.4925078]], [[-0.2980323, 51.5151875], [-0.2974008, 51.5152206]], [[-0.2994778, 51.5151987], [-0.2990993, 51.515206]], [[-0.2990993, 51.515206], [-0.2987802, 51.5152195]], [[-0.2994824, 51.5152218], [-0.2990993, 51.515206]], [[-0.2990993, 51.515206], [-0.2988491, 51.5151898]], [[-0.2994824, 51.5152218], [-0.2987802, 51.5152195]], [[-0.2987802, 51.5152195], [-0.2974008, 51.5152206]], [[-0.2980323, 51.5151875], [-0.2988491, 51.5151898]], [[-0.2988491, 51.5151898], [-0.2994778, 51.5151987]], [[-0.2994778, 51.5151987], [-0.3018235, 51.5151988]], [[-0.2993764, 51.5150923], [-0.2980323, 51.5151875]], [[-0.2602378, 51.494796], [-0.2674049, 51.4940477]], [[-0.2601124, 51.4948115], [-0.2602378, 51.494796]], [[-0.2843768, 51.50494], [-0.2851016, 51.5053605]], [[-0.0210117, 51.5250871], [-0.0239657, 51.5266368], [-0.0248073, 51.5268754]], [[-0.0184767, 51.5246152], [-0.0141917, 51.5245258]], [[-0.168708, 51.5193973], [-0.1689984, 51.5192818]], [[-0.168708, 51.5193973], [-0.1705302, 51.5183775]], [[-0.1707503, 51.5182981], [-0.1689984, 51.5192818]], [[-0.1689984, 51.5192818], [-0.168382, 51.5196233]], [[-0.1680878, 51.5197315], [-0.1676723, 51.5198611]], [[-0.1661583, 51.5203797], [-0.1672547, 51.5200286]], [[-0.0753714, 51.5133651], [-0.0749753, 51.5141279], [-0.073758, 51.5146606]], [[-0.0719595, 51.51522], [-0.0737435, 51.5146415]], [[-0.1031065, 51.5117941], [-0.1021012, 51.5120673], [-0.1014555, 51.5121171], [-0.0964306, 51.5118657], [-0.0943721, 51.5119659], [-0.0903017, 51.5115065]], [[-0.1148135, 51.510911], [-0.1129141, 51.5111794]], [[-0.1221088, 51.5076205], [-0.1213429, 51.508436], [-0.1201321, 51.5092126], [-0.1148135, 51.510911]], [[-0.1258665, 51.5008769], [-0.1246467, 51.5014792], [-0.1239342, 51.5022355], [-0.1230544, 51.5053871], [-0.1229134, 51.5064086], [-0.1221088, 51.5076205]], [[-0.1683274, 51.5195749], [-0.168708, 51.5193973]], [[-0.168382, 51.5196233], [-0.1680878, 51.5197315]], [[-0.170708, 51.5182733], [-0.1715742, 51.5176702]], [[-0.2767194, 51.4893877], [-0.2762292, 51.4906551], [-0.2752284, 51.4917334]], [[-0.2767615, 51.4890341], [-0.2767194, 51.4893877]], [[-0.2773387, 51.4864213], [-0.2772885, 51.4865216]], [[-0.2880388, 51.4678824], [-0.2884181, 51.4674158]], [[-0.2831428, 51.4802656], [-0.2829741, 51.4804678]], [[-0.296835, 51.463754], [-0.2957998, 51.4639761]], [[-0.2972161, 51.4636829], [-0.2978711, 51.4636001]], [[-0.2785925, 51.484767], [-0.2784278, 51.4849333]], [[-0.297618, 51.4636113], [-0.2982392, 51.4635235]], [[-0.2829741, 51.4804678], [-0.280078, 51.4833326]], [[-0.299163, 51.4634582], [-0.298245, 51.4635515]], [[-0.2772885, 51.4865216], [-0.2769713, 51.4873669], [-0.2767615, 51.4890341]], [[-0.2957998, 51.4639761], [-0.2924853, 51.4645468], [-0.2912388, 51.4649463], [-0.2898339, 51.4659334], [-0.2884582, 51.4674267]], [[-0.296835, 51.463754], [-0.2972161, 51.4636829]], [[-0.2972161, 51.4636829], [-0.297618, 51.4636113]], [[-0.280078, 51.4833326], [-0.2785925, 51.484767]], [[-0.2982392, 51.4635235], [-0.299163, 51.4634582]], [[-0.2978711, 51.4636001], [-0.2972325, 51.4637109]], [[0.0696929, 51.5437632], [0.0689999, 51.5439183]], [[0.1600186, 51.5431946], [0.1606893, 51.5433479]], [[0.1873568, 51.5478043], [0.1870886, 51.5478004]], [[0.2152131, 51.5532365], [0.2158116, 51.5533981]], [[0.0040711, 51.5281895], [-0.0064443, 51.5257365]], [[0.0049128, 51.5283789], [0.0040711, 51.5281895]], [[-0.073758, 51.5146606], [-0.0719752, 51.515243]], [[-0.0603141, 51.5197597], [-0.0600281, 51.5197885]], [[-0.0719752, 51.515243], [-0.0699181, 51.5159499], [-0.0675782, 51.5170645], [-0.0633722, 51.5184283], [-0.0628378, 51.5188134]], [[-0.0628378, 51.5188134], [-0.0617838, 51.5193876], [-0.0603141, 51.5197597]], [[-0.0583709, 51.5196712], [-0.057864, 51.5196586], [-0.0454445, 51.5219935], [-0.0409556, 51.5225916], [-0.0387539, 51.5233109], [-0.0374122, 51.5241009], [-0.0353384, 51.524877], [-0.0318352, 51.5257258], [-0.0253973, 51.5269642]], [[-0.0600281, 51.5197885], [-0.0583709, 51.5196712]], [[0.071719, 51.5433568], [0.0714482, 51.5434038]], [[0.2502233, 51.5590536], [0.2495447, 51.5590692]], [[0.2476257, 51.5591222], [0.2482217, 51.5591191]], [[0.2482217, 51.5591191], [0.2495651, 51.5591007]], [[0.2495651, 51.5591007], [0.2502091, 51.5590872]], [[-0.1881982, 51.4960891], [-0.1882453, 51.4959698]], [[-0.1882453, 51.4959698], [-0.1885469, 51.4955488]], [[-0.1883054, 51.495964], [-0.1882585, 51.4960884]], [[-0.1882585, 51.4960884], [-0.1882037, 51.4967603], [-0.1883726, 51.4971674], [-0.1898571, 51.498506]], [[-0.062816, 51.5187776], [-0.0632863, 51.5184048], [-0.0675266, 51.517011], [-0.0697193, 51.5159933], [-0.0719595, 51.51522]], [[-0.1924893, 51.4926115], [-0.1933156, 51.4920145]], [[-0.2131385, 51.4903266], [-0.2098059, 51.4900776], [-0.2068199, 51.490467]], [[-0.191087, 51.4935686], [-0.1919497, 51.4929769]], [[-0.1925293, 51.4926302], [-0.191117, 51.4935963]], [[-0.1933156, 51.4920145], [-0.1954553, 51.4905762]], [[-0.1953946, 51.4871497], [-0.1963775, 51.487904], [-0.1969005, 51.4884875], [-0.1970727, 51.4889678], [-0.19683103244088576, 51.48967843017204]], [[-0.19683103244088576, 51.48967843017204], [-0.1957942, 51.490411]], [[-0.2802778, 51.5031198], [-0.2793804, 51.5023306], [-0.2789153, 51.5015348]], [[-0.1951236, 51.4908422], [-0.1933507, 51.4920333]], [[-0.1956328, 51.4905463], [-0.1951944, 51.4908685]], [[-0.1951944, 51.4908685], [-0.1934671, 51.4920949]], [[-0.2009353, 51.4904243], [-0.2017623, 51.4909474]], [[-0.2851016, 51.5053605], [-0.2852759, 51.5054621]], [[-0.1907496, 51.4991264], [-0.1921683, 51.5004362]], [[-0.1676723, 51.5198611], [-0.168049, 51.5197046]], [[-0.2884582, 51.4674267], [-0.2880897, 51.467895]], [[-0.3011185, 51.4633013], [-0.3013001, 51.4632866]], [[-0.1902609, 51.4987789], [-0.1898205, 51.4985298]], [[-0.1902954, 51.498762], [-0.1905552, 51.4989445]], [[-0.1905552, 51.4989445], [-0.1907496, 51.4991264]], [[-0.1900354, 51.4943637], [-0.1892028, 51.494959], [-0.1883054, 51.495964]], [[-0.2023562, 51.4240908], [-0.2019826, 51.424393]], [[-0.2019826, 51.424393], [-0.2019301, 51.4244373]], [[-0.203502, 51.4232943], [-0.2060311, 51.4215872]], [[-0.1997458, 51.4896816], [-0.2008335, 51.4903376]], [[-0.1961068, 51.4900678], [-0.1964352, 51.4895266], [-0.1965901, 51.4887274], [-0.1963528, 51.4880511], [-0.1958561, 51.4875118]], [[-0.2596768, 51.4950235], [-0.260129, 51.4950088]], [[-0.2591115, 51.4950169], [-0.2594389, 51.4950254], [-0.2596768, 51.4950235]], [[-0.2097577, 51.4973802], [-0.20999, 51.4975682]], [[-0.2672825, 51.4944359], [-0.2691336, 51.4947346], [-0.2708129, 51.4953202], [-0.2732549, 51.4970144], [-0.2751277, 51.4979055]], [[-0.2668087, 51.4944156], [-0.2672825, 51.4944359]], [[-0.2670181, 51.4945369], [-0.2665401, 51.494525]], [[-0.2665401, 51.494525], [-0.26550501049676384, 51.494575360439384]], [[-0.26550501049676384, 51.494575360439384], [-0.2651133, 51.4946173]], [[0.1948812, 51.5490793], [0.1873568, 51.5478043]], [[0.1948532, 51.5491399], [0.2024505, 51.5504454], [0.2158116, 51.5533981]], [[0.2158116, 51.5533981], [0.2171969, 51.553696]], [[0.2172117, 51.5536674], [0.2152131, 51.5532365]], [[0.2152131, 51.5532365], [0.2024663, 51.5504164], [0.1948812, 51.5490793]], [[0.1476229, 51.5417514], [0.1482341, 51.5417819]], [[0.148246, 51.5417103], [0.1475666, 51.541665]], [[0.1482341, 51.5417819], [0.1486052, 51.5417977]], [[0.1475666, 51.541665], [0.1277866, 51.5404219]], [[0.127289, 51.5403457], [0.1226556, 51.5399758], [0.1121389, 51.5392385]], [[0.1121326, 51.5392702], [0.1272841, 51.5403746]], [[0.1277866, 51.5404219], [0.127289, 51.5403457]], [[0.1272841, 51.5403746], [0.1277885, 51.5404493]], [[0.1121389, 51.5392385], [0.0906283, 51.5374957], [0.0885498, 51.5374868], [0.086438, 51.5377184]], [[0.2393925, 51.5591285], [0.241783, 51.559259], [0.2476257, 51.5591222]], [[0.2393994, 51.5590976], [0.2373653, 51.5588424]], [[0.086438, 51.5377184], [0.0850749, 51.5379266]], [[0.0864768, 51.5378121], [0.0878104, 51.5377176], [0.0923436, 51.5380244], [0.0962563, 51.5379873], [0.1121326, 51.5392702]], [[0.0818159, 51.5392552], [0.0838186, 51.5383965], [0.0864768, 51.5378121]], [[0.0815537, 51.5390477], [0.0808302, 51.5394156]], [[-0.0141917, 51.5245258], [-0.0132917, 51.5246039]], [[-0.2095395, 51.4526338], [-0.2094248, 51.4524837]], [[-0.209586, 51.4526214], [-0.2118355, 51.4547746]], [[-0.2094248, 51.4524837], [-0.2093398, 51.4523754]], [[-0.2094734, 51.4524765], [-0.209586, 51.4526214]], [[-0.2502906, 51.4950844], [-0.2551439, 51.4950241]], [[-0.2502833, 51.4952346], [-0.2482126, 51.4951289]], [[0.079327, 51.5401805], [0.0770618, 51.5413712]], [[0.0721239, 51.5432708], [0.071719, 51.5433568]], [[0.0714482, 51.5434038], [0.0696929, 51.5437632]], [[0.0710553, 51.5435309], [0.0717436, 51.5434105]], [[0.0717436, 51.5434105], [0.0739648, 51.5428769], [0.0770276, 51.5415987]], [[-0.274945, 51.491822], [-0.275114, 51.4916831]], [[-0.275114, 51.4916831], [-0.2760729, 51.4906405], [-0.2766379, 51.4893583]], [[-0.2750445, 51.4918675], [-0.2738102, 51.4925676]], [[-0.2752284, 51.4917334], [-0.2750445, 51.4918675]], [[-0.2358305, 51.4940173], [-0.2397919, 51.4946471]], [[-0.298245, 51.4635515], [-0.2978711, 51.4636001]], [[-0.2729669, 51.4928968], [-0.2737614, 51.4925324]], [[-0.2738102, 51.4925676], [-0.2730072, 51.492936]], [[-0.295786, 51.4639455], [-0.296835, 51.463754]], [[-0.2972325, 51.4637109], [-0.2957998, 51.4639761]], [[-0.299163, 51.4634582], [-0.2992738, 51.46345]], [[-0.2992866, 51.4635114], [-0.298245, 51.4635515]], [[-0.2992738, 51.46345], [-0.3011185, 51.4633013]], [[-0.3013169, 51.4633673], [-0.3011353, 51.4633819]], [[-0.0757532, 51.510326], [-0.0758561, 51.5102276]], [[-0.0758623, 51.5102688], [-0.0757872, 51.5103408]], [[-0.0761979, 51.509941], [-0.0766185, 51.5097755], [-0.0777223, 51.509719]], [[-0.0757872, 51.5103408], [-0.0753754, 51.5112916], [-0.0756034, 51.5125193], [-0.0753714, 51.5133651]], [[-0.2783445, 51.4850191], [-0.2773387, 51.4864213]], [[-0.2783126, 51.4849954], [-0.278395, 51.4849091]], [[-0.2784278, 51.4849333], [-0.2783445, 51.4850191]], [[-0.278395, 51.4849091], [-0.2785602, 51.4847451]], [[-0.200826, 51.4754656], [-0.2006715, 51.4755437]], [[-0.2010087, 51.4753407], [-0.204822, 51.4734261]], [[-0.2006715, 51.4755437], [-0.1971893, 51.4774013], [-0.1964262, 51.4782416], [-0.195889, 51.4793929]], [[-0.2006717, 51.4755073], [-0.2008261, 51.4754332]], [[-0.2882656, 51.5101333], [-0.2882686, 51.5102288]], [[-0.2882484, 51.5106479], [-0.2880662, 51.5122419], [-0.2877285, 51.5135491], [-0.2878399, 51.5141322], [-0.2882068, 51.5146948]], [[-0.2881994, 51.5106295], [-0.288221, 51.5101341]], [[-0.202602, 51.4238636], [-0.2023562, 51.4240908]], [[-0.1903513, 51.494064], [-0.1892952, 51.4945736]], [[-0.1954553, 51.4905762], [-0.1957382, 51.4903822]], [[-0.1963408, 51.49018], [-0.1958319, 51.4904318]], [[-0.0867277, 51.5108999], [-0.0857716, 51.510677], [-0.0843205, 51.5106401]], [[-0.0843174, 51.5106056], [-0.0857326, 51.5106481], [-0.0868222, 51.5108814]], [[-0.0868222, 51.5108814], [-0.0894123, 51.5114342], [-0.0903013, 51.5114806]], [[-0.0903017, 51.5115065], [-0.0894065, 51.511455], [-0.0867277, 51.5108999]], [[-0.2243196, 51.4929226], [-0.2264851, 51.493618]], [[-0.2266582, 51.4937681], [-0.2253445, 51.4935095], [-0.2241081, 51.4930354]], [[-0.222363, 51.4911682], [-0.2226978, 51.4914482]], [[-0.2223697, 51.4914726], [-0.2220358, 51.4911802]], [[-0.2226978, 51.4914482], [-0.2227424, 51.4914853]], [[-0.2224784, 51.4915878], [-0.2223697, 51.4914726]], [[0.0100914, 51.5296594], [0.0187254, 51.5316029]], [[0.0187501, 51.5315682], [0.0049128, 51.5283789]], [[-0.2813968, 51.5036668], [-0.2812132, 51.5035727]], [[0.0810967, 51.5396162], [0.0818159, 51.5392552]], [[0.0808302, 51.5394156], [0.0806573, 51.5395037]], [[-0.2103914, 51.4642999], [-0.210365, 51.464425]], [[-0.2103189, 51.4643861], [-0.2103416, 51.4642852]], [[-0.2104092, 51.4641356], [-0.2103914, 51.4642999]], [[-0.2103416, 51.4642852], [-0.2103643, 51.46412]], [[-0.2103643, 51.46412], [-0.2101263, 51.4622639], [-0.2106646, 51.4607892], [-0.2109166, 51.4593384]], [[-0.1922323, 51.5005016], [-0.193223, 51.501639], [-0.1943087, 51.504054]], [[-0.1921961, 51.5005126], [-0.1921338, 51.500451]], [[-0.1917707, 51.4998727], [-0.1912599, 51.4994138]], [[-0.1912599, 51.4994138], [-0.1910204, 51.499248]], [[-0.1910204, 51.499248], [-0.1905552, 51.4989445]], [[-0.1905552, 51.4989445], [-0.1902609, 51.4987789]], [[-0.1923547, 51.5003562], [-0.1924895, 51.5004974]], [[-0.2122133, 51.4574989], [-0.2126247, 51.4567299], [-0.2126389, 51.4560563], [-0.2123693, 51.4554184], [-0.2117938, 51.4547938]], [[-0.2120444, 51.4577773], [-0.2109571, 51.4593468]], [[-0.1889165, 51.5122628], [-0.1879168, 51.5123307]], [[-0.1889097, 51.5122283], [-0.1891143, 51.5122133]], [[-0.1385738, 51.4975781], [-0.1353477, 51.4990453], [-0.1335941, 51.4995883], [-0.129045, 51.4998143], [-0.1258665, 51.5008769]], [[-0.0953423, 51.5118136], [-0.1014551, 51.5120912], [-0.1030891, 51.5117671]], [[-0.0951839, 51.5118217], [-0.0952673, 51.5118182]], [[0.2517952, 51.559009], [0.2507301, 51.5590402]], [[-0.1718106, 51.5174644], [-0.1719164, 51.517375]], [[-0.1719164, 51.517375], [-0.1722282, 51.5172071]], [[-0.1718461, 51.5174882], [-0.1716511, 51.5176733]], [[-0.1719434, 51.5173958], [-0.1718461, 51.5174882]], [[-0.189799, 51.5121885], [-0.1896664, 51.5121985]], [[-0.1896664, 51.5121985], [-0.1891231, 51.5122474]], [[-0.1897878, 51.5121576], [-0.190246, 51.5121154]], [[-0.189654, 51.512166], [-0.1897878, 51.5121576]], [[-0.1891231, 51.5122474], [-0.1889165, 51.5122628]], [[-0.1891143, 51.5122133], [-0.189654, 51.512166]], [[-0.1032605, 51.5117468], [-0.1031065, 51.5117941]], [[-0.1129141, 51.5111794], [-0.1114619, 51.5112381], [-0.1055329, 51.5112073], [-0.1032605, 51.5117468]], [[-0.103252, 51.5117186], [-0.1055402, 51.511178], [-0.1129111, 51.5111535]], [[-0.1030891, 51.5117671], [-0.103252, 51.5117186]], [[-0.1853739, 51.4949883], [-0.1851894, 51.4949622]], [[-0.1884815, 51.4948962], [-0.1875627, 51.4950913], [-0.1864131, 51.4951065]], [[-0.1864131, 51.4951065], [-0.1859027, 51.4950639]], [[-0.1859027, 51.4950639], [-0.1853739, 51.4949883]], [[-0.1858688, 51.4949656], [-0.1862279, 51.4950102]], [[-0.1862279, 51.4950102], [-0.1873692, 51.4950287], [-0.1885115, 51.4948408]], [[0.2507328, 51.5590719], [0.2517981, 51.5590405]], [[-0.1919497, 51.4929769], [-0.1924893, 51.4926115]], [[0.0806573, 51.5395037], [0.079327, 51.5401805]], [[0.235691, 51.55857], [0.2368466, 51.5587848]], [[0.235585, 51.5585474], [0.235691, 51.55857]], [[-0.0952673, 51.5118182], [-0.0953423, 51.5118136]], [[-0.1936536, 51.4813836], [-0.1939646, 51.4811779]], [[-0.1935137, 51.4814751], [-0.1936536, 51.4813836]], [[-0.1940019, 51.4812009], [-0.1936986, 51.48141]], [[-0.1936986, 51.48141], [-0.1935621, 51.4815022]], [[-0.2136093, 51.4902241], [-0.2144762, 51.4902649]], [[-0.214492, 51.4904269], [-0.2135782, 51.4903815]], [[-0.2135782, 51.4903815], [-0.2131385, 51.4903266]], [[-0.2131257, 51.4901897], [-0.2136093, 51.4902241]], [[-0.2027241, 51.4912213], [-0.2041932, 51.491176], [-0.206327, 51.4905656]], [[-0.2063384, 51.490596], [-0.2042149, 51.4912156], [-0.2027057, 51.4912557]], [[-0.2068199, 51.490467], [-0.2063384, 51.490596]], [[-0.206327, 51.4905656], [-0.2068054, 51.4904364]], [[-0.2021495, 51.4911294], [-0.2017805, 51.490994]], [[-0.2025511, 51.4912325], [-0.2021495, 51.4911294]], [[-0.2021786, 51.4910979], [-0.2025679, 51.4912]], [[-0.2017623, 51.4909474], [-0.2021786, 51.4910979]], [[-0.2027057, 51.4912557], [-0.2025511, 51.4912325]], [[-0.2025679, 51.4912], [-0.2027241, 51.4912213]], [[-0.2079601, 51.49612], [-0.2097577, 51.4973802]], [[-0.2077417, 51.4959378], [-0.2079601, 51.49612]], [[-0.1955532, 51.4905574], [-0.1953885, 51.4906865]], [[-0.1953885, 51.4906865], [-0.1951944, 51.4908685]], [[-0.0777223, 51.509719], [-0.0781689, 51.5096531]], [[-0.0781689, 51.5096531], [-0.0784406, 51.5095608]], [[-0.077918, 51.509777], [-0.0777485, 51.5097856]], [[-0.0777298, 51.5098131], [-0.0762519, 51.509986]], [[-0.0777485, 51.5097856], [-0.0777296, 51.5097865]], [[-0.0762519, 51.509986], [-0.0758623, 51.5102688]], [[-0.0763671, 51.5099001], [-0.0762249, 51.5099676]], [[-0.0758561, 51.5102276], [-0.0761979, 51.509941]], [[-0.2674049, 51.4940477], [-0.2706168, 51.4936475], [-0.2729669, 51.4928968]], [[-0.2730072, 51.492936], [-0.2706401, 51.4936924], [-0.2674139, 51.4940757]], [[-0.2090388, 51.4671165], [-0.2090168, 51.4672129]], [[-0.208969, 51.4672077], [-0.2089926, 51.4671085]], [[-0.2122466, 51.4575338], [-0.2120444, 51.4577773]], [[-0.212003, 51.4577634], [-0.2122133, 51.4574989]], [[-0.0253973, 51.5269642], [-0.0247947, 51.5269047]], [[-0.0248073, 51.5268754], [-0.0254192, 51.5269379]], [[-0.2974008, 51.5152206], [-0.2969608, 51.5152231]], [[-0.296948, 51.5151872], [-0.2980323, 51.5151875]], [[-0.2551452, 51.4952188], [-0.2527762, 51.4952338]], [[-0.2527762, 51.4952338], [-0.2522047, 51.4952417]], [[-0.2482126, 51.4951289], [-0.2453022, 51.49499]], [[-0.2453022, 51.49499], [-0.2449631, 51.4949804]], [[-0.2397912, 51.4947617], [-0.2347923, 51.4941486]], [[-0.2347923, 51.4941486], [-0.2341204, 51.4940841]], [[-0.2303994, 51.4938464], [-0.2295135, 51.4937886]], [[-0.1851894, 51.4949622], [-0.1825919, 51.4944434]], [[-0.0209724, 51.5251112], [-0.0200103, 51.5247115], [-0.0184767, 51.5246152]], [[-0.0184868, 51.5245819], [-0.0200335, 51.5246818], [-0.0210117, 51.5250871]], [[-0.2009254, 51.4754155], [-0.200826, 51.4754656]], [[-0.201049, 51.4753533], [-0.2009704, 51.4753929]], [[-0.2009704, 51.4753929], [-0.2009254, 51.4754155]], [[-0.2009003, 51.4753959], [-0.2009786, 51.475356]], [[-0.2008261, 51.4754332], [-0.2009003, 51.4753959]], [[-0.2009786, 51.475356], [-0.2010087, 51.4753407]], [[-0.1957434, 51.5081005], [-0.1956765, 51.5078716]], [[-0.1957247, 51.5078611], [-0.1957828, 51.5080949]], [[-0.2238616, 51.4925455], [-0.2243196, 51.4929226]], [[-0.2235711, 51.4926581], [-0.2226294, 51.4917594]], [[-0.2229132, 51.4916474], [-0.2238616, 51.4925455]], [[-0.2226294, 51.4917594], [-0.2224784, 51.4915878]]]}, "properties": {"route": "District", "mode": "rail", "color": "#00A651"}}, {"type": "Feature", "geometry": {"type": "MultiLineString", "coordinates": [[[0.0339455, 51.6066349], [0.0332683, 51.6053964]], [[0.0332683, 51.6053964], [0.0297399, 51.5990248], [0.0285783, 51.5963486]], [[-0.4370109, 51.5694318], [-0.4356199, 51.5689597]], [[-0.4356199, 51.5689597], [-0.4324954, 51.5679726]], [[-0.4324954, 51.5679726], [-0.4317786, 51.5677426]], [[0.0899485, 51.5754803], [0.0897848, 51.5766874], [0.0884373, 51.5808824], [0.0882617, 51.5816786], [0.0881924, 51.5831755], [0.0892744, 51.5896582], [0.0909093, 51.5952909]], [[0.0939171, 51.6053026], [0.0938991, 51.6057093]], [[0.0940078, 51.6055934], [0.0940261, 51.6057529]], [[0.0940261, 51.6057529], [0.0949844, 51.6088295], [0.0950241, 51.6096024]], [[0.0950241, 51.6096024], [0.0948884, 51.6101045], [0.0941802, 51.611394]], [[0.0941802, 51.611394], [0.0940095, 51.6116849]], [[-0.0066075, 51.5557729], [-0.0074793, 51.554832], [-0.007838, 51.554034], [-0.0078369, 51.5529757], [-0.0073705, 51.552047]], [[0.0085731, 51.5685401], [0.0078063, 51.5676866], [0.0061687, 51.5652687], [0.0047167, 51.5636132], [0.0036025, 51.5626355]], [[0.0285783, 51.5963486], [0.0283931, 51.5958218]], [[0.0283931, 51.5958218], [0.0271618, 51.5905931], [0.0266664, 51.5891455], [0.0250865, 51.5861693], [0.0218861, 51.5811796]], [[0.0925138, 51.61314], [0.0913969, 51.6136979], [0.0891754, 51.6143651]], [[0.0935509, 51.6037759], [0.0936088, 51.603962]], [[0.0667714, 51.5765954], [0.0681886, 51.5764152], [0.0706528, 51.5756518], [0.080804, 51.5706235], [0.0818465, 51.5702452], [0.0834475, 51.5699373], [0.0859406, 51.5698747], [0.0870802, 51.5700588], [0.0878683, 51.5703671], [0.0887927, 51.5711305], [0.0896507, 51.573133]], [[0.0460994, 51.6174664], [0.042619, 51.6167731], [0.0416268, 51.6163328], [0.040864, 51.6157905]], [[0.0911132, 51.5959492], [0.0926305, 51.600776]], [[-0.2536529, 51.5221369], [-0.2531187, 51.5219054], [-0.252239, 51.5213438], [-0.2506571, 51.5198281]], [[0.0896181, 51.5723861], [0.0889497, 51.5710858], [0.0882414, 51.5704769], [0.0874254, 51.570081], [0.0854554, 51.5697741], [0.0827115, 51.569968], [0.0807344, 51.5705649], [0.0705717, 51.5755993], [0.069012, 51.5760988], [0.0675667, 51.5763231]], [[-0.0053184, 51.5401965], [-0.0062728, 51.5395549], [-0.0087029, 51.5372052], [-0.0165789, 51.5327131], [-0.0217992, 51.5288102], [-0.0246765, 51.5273737]], [[-0.2242567, 51.5125466], [-0.224248, 51.5110541]], [[-0.224248, 51.5110541], [-0.2242688, 51.5108584]], [[-0.2398441, 51.5154233], [-0.23525576825758918, 51.51578073047866]], [[-0.23525576825758918, 51.51578073047866], [-0.2308782, 51.5161122], [-0.2286538, 51.5158962], [-0.2266548, 51.5154314]], [[-0.2354744, 51.5157273], [-0.2398236, 51.5153665]], [[-0.2351716, 51.5158013], [-0.23525576825758918, 51.51578073047866]], [[-0.23525576825758918, 51.51578073047866], [-0.2354744, 51.5157273]], [[-0.0006232, 51.5435897], [-0.0015157, 51.5429315]], [[-0.0028307, 51.5420165], [-0.0053184, 51.5401965]], [[0.0218861, 51.5811796], [0.021722, 51.5809552]], [[-0.2421703, 51.5152795], [-0.2418205, 51.5152915]], [[-0.2418205, 51.5152915], [-0.2398441, 51.5154233]], [[-0.2985599, 51.5150377], [-0.3010518, 51.5150298]], [[-0.4073837, 51.5597334], [-0.4071368, 51.5596523]], [[-0.4071368, 51.5596523], [-0.3983104, 51.5566888]], [[-0.3983104, 51.5566888], [-0.3980628, 51.5566033]], [[-0.4120928, 51.5612574], [-0.4073837, 51.5597334]], [[-0.4126929, 51.5614672], [-0.4120928, 51.5612574]], [[-0.3568771, 51.5452181], [-0.3835375, 51.5520206], [-0.3856754, 51.5524358]], [[0.0537122, 51.618692], [0.053211, 51.6186063]], [[0.053211, 51.6186063], [0.0463093, 51.617504]], [[-0.2983777, 51.531083], [-0.2945731, 51.5305298], [-0.2914366, 51.5299444], [-0.2717746, 51.5260809], [-0.2693055, 51.5254395], [-0.2673608, 51.5252419], [-0.2663816, 51.5250632]], [[-0.3076821, 51.5326962], [-0.3081606, 51.5328262]], [[-0.3031187, 51.5316918], [-0.3052284, 51.532089], [-0.3076821, 51.5326962]], [[-0.2302108, 51.5161686], [-0.2325867, 51.5161776], [-0.2351716, 51.5158013]], [[-0.4313435, 51.5676014], [-0.4311347, 51.5675347]], [[-0.4311347, 51.5675347], [-0.4126929, 51.5614672]], [[-0.0073705, 51.552047], [-0.0066555, 51.551206], [-0.0059811, 51.5507461], [-0.0049188, 51.5501677], [-0.0009317, 51.5485412], [0.0002106, 51.5475829], [0.0008921, 51.5464146], [0.0010296, 51.5454201], [0.0003879, 51.5443962], [-0.0006232, 51.5435897]], [[-0.2439286, 51.5154368], [-0.2421703, 51.5152795]], [[-0.2445897, 51.5155604], [-0.2439286, 51.5154368]], [[-0.2473279, 51.5167151], [-0.2471196, 51.5165731]], [[-0.2471196, 51.5165731], [-0.2460237, 51.5160222], [-0.2445897, 51.5155604]], [[0.0394314, 51.5765621], [0.0351507, 51.5765814], [0.0305552, 51.5760362], [0.0238125, 51.5740506]], [[0.0620773, 51.5764544], [0.0454682, 51.5762531], [0.0394314, 51.5765621]], [[-0.0865068, 51.5139843], [-0.08933, 51.5132277], [-0.0963522, 51.5145224]], [[-0.0527019, 51.5272332], [-0.0508555, 51.5267743], [-0.0475162, 51.5249723], [-0.0461343, 51.5243987], [-0.043435, 51.524023], [-0.0406266, 51.5239398], [-0.0378381, 51.524222], [-0.0344893, 51.5252219], [-0.0261805, 51.5271851], [-0.0219924, 51.5289802], [-0.0167155, 51.532792], [-0.0093138, 51.5370958], [-0.0054601, 51.5402954]], [[-0.2243039, 51.5101698], [-0.2243546, 51.5098265]], [[-0.2505083, 51.5196732], [-0.2473279, 51.5167151]], [[-0.2506571, 51.5198281], [-0.2505083, 51.5196732]], [[-0.2254333, 51.5149913], [-0.2266338, 51.5154586]], [[-0.2266338, 51.5154586], [-0.2282215, 51.5158909], [-0.2302108, 51.5161686]], [[0.0909093, 51.5952909], [0.090982, 51.5955278]], [[0.090982, 51.5955278], [0.0911132, 51.5959492]], [[-0.340487, 51.541006], [-0.3398582, 51.5408455]], [[-0.3431866, 51.5416109], [-0.3435846, 51.5417175]], [[-0.3026038, 51.5316467], [-0.2985862, 51.5311111]], [[-0.3467307, 51.5425287], [-0.3523661, 51.5440035]], [[-0.3081606, 51.5328262], [-0.3094972, 51.5331619]], [[-0.3346467, 51.5394517], [-0.3352343, 51.5395933]], [[-0.3417063, 51.5411726], [-0.3431866, 51.5416109]], [[-0.3194551, 51.5357049], [-0.3196904, 51.5357674]], [[-0.3429224, 51.5416906], [-0.340487, 51.541006]], [[-0.3404979, 51.5408841], [-0.3417063, 51.5411726]], [[-0.2985862, 51.5311111], [-0.2983777, 51.531083]], [[-0.3431005, 51.5417421], [-0.3429224, 51.5416906]], [[-0.3196904, 51.5357674], [-0.3240105, 51.5368052]], [[-0.3434869, 51.5418472], [-0.3431005, 51.5417421]], [[-0.3240105, 51.5368052], [-0.3242769, 51.5368814]], [[-0.3352112, 51.539622], [-0.3346219, 51.5394823]], [[-0.3352343, 51.5395933], [-0.3393703, 51.5406479]], [[-0.3242769, 51.5368814], [-0.3346467, 51.5394517]], [[-0.3346219, 51.5394823], [-0.3242788, 51.5369744]], [[-0.3030912, 51.5317276], [-0.3026038, 51.5316467]], [[-0.0832941, 51.5168738], [-0.0836017, 51.5161886], [-0.0845113, 51.5152061], [-0.0855258, 51.5146588], [-0.0861349, 51.5141267], [-0.0865068, 51.5139843]], [[-0.082806, 51.5179223], [-0.0818524, 51.5188379]], [[-0.0825668, 51.5179588], [-0.0830069, 51.5175218], [-0.0832941, 51.5168738]], [[-0.0817144, 51.5187664], [-0.0825668, 51.5179588]], [[-0.1402341, 51.5154251], [-0.1422192, 51.5152213]], [[-0.1422192, 51.5152213], [-0.1498819, 51.5142531], [-0.1750689, 51.5116952], [-0.1827255, 51.510556], [-0.1918041, 51.5099051], [-0.1954168, 51.5092846]], [[-0.1299375, 51.5163842], [-0.1328803, 51.5161252]], [[-0.1328803, 51.5161252], [-0.1402341, 51.5154251]], [[-0.1484305, 51.487663], [-0.148751, 51.4894626]], [[-0.1484774, 51.4876597], [-0.1488047, 51.4889874], [-0.148751, 51.4894626]], [[-0.148751, 51.4894626], [-0.1486907, 51.4896697]], [[-0.2663816, 51.5250632], [-0.2653562, 51.5248414]], [[-0.2653562, 51.5248414], [-0.2574773, 51.5231487]], [[-0.2574773, 51.5231487], [-0.2554829, 51.5227343], [-0.2536529, 51.5221369]], [[-0.2255375, 51.5149822], [-0.2249788, 51.5144011], [-0.2244339, 51.5129949], [-0.2243761, 51.5121257]], [[-0.2524874, 51.5214411], [-0.2544916, 51.522408], [-0.2572335, 51.5230531]], [[-0.2572335, 51.5230531], [-0.2634783, 51.5243541]], [[-0.2634783, 51.5243541], [-0.2662625, 51.5249985]], [[-0.2240487, 51.5119444], [-0.2241776, 51.5126942], [-0.2248311, 51.5143364], [-0.2254333, 51.5149913]], [[-0.2662625, 51.5249985], [-0.26874322784500365, 51.52518543108111]], [[-0.26874322784500365, 51.52518543108111], [-0.26885874853020514, 51.52520624803367]], [[-0.26885874853020514, 51.52520624803367], [-0.2720109, 51.526095], [-0.2913616, 51.5298934], [-0.2983964, 51.5310483]], [[-0.2266548, 51.5154314], [-0.2255375, 51.5149822]], [[-0.2418147, 51.5152611], [-0.2421643, 51.5152469]], [[-0.2505198, 51.5196452], [-0.2506824, 51.5198101]], [[-0.2243601, 51.5101962], [-0.2243546, 51.5098265]], [[-0.2977756, 51.5150229], [-0.2985599, 51.5150377]], [[-0.2976224, 51.5150247], [-0.2967041, 51.5150789]], [[-0.2692844, 51.5251686], [-0.26885874853020514, 51.52520624803367]], [[-0.26885874853020514, 51.52520624803367], [-0.2684998, 51.5252262]], [[-0.2685147, 51.5251986], [-0.26874322784500365, 51.52518543108111]], [[-0.26874322784500365, 51.52518543108111], [-0.269305, 51.5251322]], [[-0.2440339, 51.5154209], [-0.2447104, 51.5155471]], [[-0.2471521, 51.5165543], [-0.2473614, 51.5166956]], [[-0.2421643, 51.5152469], [-0.2440339, 51.5154209]], [[-0.2506824, 51.5198101], [-0.2524874, 51.5214411]], [[-0.2398236, 51.5153665], [-0.2418147, 51.5152611]], [[-0.269305, 51.5251322], [-0.2705998, 51.5248605], [-0.272149, 51.5241976], [-0.2830055, 51.5164653], [-0.2836557, 51.5160388], [-0.2847597, 51.5155158], [-0.2864079, 51.5151223], [-0.2877195, 51.5150278], [-0.2976224, 51.5150247]], [[-0.2985599, 51.5150377], [-0.2967041, 51.5150789]], [[-0.2967041, 51.5150789], [-0.2871032, 51.5150939], [-0.2847992, 51.5155562], [-0.2831005, 51.5164636], [-0.2721892, 51.5242276], [-0.2706177, 51.5248925], [-0.2692844, 51.5251686]], [[-0.2684998, 51.5252262], [-0.2674366, 51.525206], [-0.2663816, 51.5250632]], [[-0.2473614, 51.5166956], [-0.2505198, 51.5196452]], [[-0.2976224, 51.5150247], [-0.2977756, 51.5150229]], [[-0.2977756, 51.5150229], [-0.3008709, 51.5149182]], [[-0.262892, 51.5242693], [-0.2580863, 51.5232587]], [[-0.2662625, 51.5249985], [-0.2673807, 51.5251643], [-0.2678709, 51.5251949], [-0.2681775, 51.5252018], [-0.2685147, 51.5251986]], [[-0.2447104, 51.5155471], [-0.2460505, 51.515996], [-0.2471521, 51.5165543]], [[-0.2168437, 51.5045616], [-0.21891, 51.5042876], [-0.22156403988934448, 51.50469464788341]], [[-0.22156403988934448, 51.50469464788341], [-0.2217193, 51.504904], [-0.2215643, 51.5071331], [-0.2217574, 51.5080842], [-0.2222544, 51.508812], [-0.2239132, 51.5099995], [-0.2241765, 51.5104546]], [[-0.2572335, 51.5230531], [-0.2580863, 51.5232587]], [[-0.2653562, 51.5248414], [-0.262892, 51.5242693]], [[0.0466166, 51.6251955], [0.0455213, 51.6224473], [0.0443518, 51.6204254], [0.0430594, 51.6186153], [0.0410582, 51.616037]], [[0.0410582, 51.616037], [0.040864, 51.6157905]], [[0.0408016, 51.615811], [0.0445661, 51.6208794], [0.0454408, 51.6224676], [0.0465598, 51.6252034]], [[0.0332683, 51.6053964], [0.0333703, 51.6056705]], [[0.0285131, 51.5963578], [0.0296675, 51.5990371], [0.0333703, 51.6056705]], [[0.0333703, 51.6056705], [0.0339019, 51.6066431]], [[0.040864, 51.6157905], [0.0358449, 51.6094951], [0.0346439, 51.6077857]], [[0.0346439, 51.6077857], [0.0339455, 51.6066349]], [[0.0408016, 51.615811], [0.0410582, 51.616037]], [[0.0410582, 51.616037], [0.0413791, 51.6162479]], [[0.0925536, 51.6131556], [0.0933793, 51.6124793], [0.0940095, 51.6116849]], [[0.0940095, 51.6116849], [0.0949286, 51.6104029], [0.0951898, 51.6094327], [0.0951407, 51.6088226], [0.0940767, 51.6053256]], [[0.0940767, 51.6053256], [0.0939261, 51.6048387]], [[0.0939261, 51.6048387], [0.0938468, 51.604566]], [[0.0938468, 51.604566], [0.0937091, 51.6041257]], [[0.0926747, 51.6009226], [0.0928029, 51.6013201]], [[0.0928029, 51.6013201], [0.092938, 51.6017594]], [[0.092938, 51.6017594], [0.0929773, 51.6018909]], [[0.0929773, 51.6018909], [0.0934109, 51.6033077]], [[0.0413791, 51.6162479], [0.0423249, 51.6167013], [0.0431893, 51.616973], [0.0460875, 51.6174898]], [[0.0926305, 51.600776], [0.0926747, 51.6009226]], [[0.0932376, 51.6025804], [0.0929878, 51.6017522]], [[0.0929878, 51.6017522], [0.0928537, 51.601315]], [[0.053195, 51.6186414], [0.0536974, 51.6187245]], [[0.0463093, 51.617504], [0.0460994, 51.6174664]], [[0.0927317, 51.6009192], [0.0926868, 51.6007756]], [[0.0460875, 51.6174898], [0.0463035, 51.6175273]], [[0.0463035, 51.6175273], [0.053195, 51.6186414]], [[0.0892009, 51.6144], [0.0914133, 51.6137249], [0.0925536, 51.6131556]], [[0.0926868, 51.6007756], [0.0911452, 51.5959458]], [[0.0612324, 51.6194459], [0.0586044, 51.6193547], [0.0537122, 51.618692]], [[0.0536974, 51.6187245], [0.0585986, 51.619378], [0.0612265, 51.6194692]], [[0.0897906, 51.5728126], [0.0896181, 51.5723861]], [[0.0910181, 51.5955155], [0.0909509, 51.5952915]], [[0.0911452, 51.5959458], [0.0910181, 51.5955155]], [[0.0909509, 51.5952915], [0.0893362, 51.5896507], [0.0882449, 51.5831736], [0.0883165, 51.5816759], [0.0897173, 51.5776146], [0.0899913, 51.5754764]], [[0.0896507, 51.573133], [0.0899485, 51.5754803]], [[0.0899913, 51.5754764], [0.0900116, 51.5737579], [0.0897906, 51.5728126]], [[0.0093919, 51.5695716], [0.0111194, 51.5710113]], [[-0.0042132, 51.5574277], [0.0017582, 51.5612476], [0.003901, 51.562966], [0.0053472, 51.5644468], [0.0079447, 51.5680347], [0.0086004, 51.5688114], [0.0093919, 51.5695716]], [[0.0394316, 51.5766363], [0.047247, 51.5763379], [0.0555933, 51.5763965], [0.0620868, 51.5766375]], [[0.0111194, 51.5710113], [0.0125111, 51.5717149]], [[0.0125111, 51.5717149], [0.012690533537771663, 51.57175198417851]], [[0.012690533537771663, 51.57175198417851], [0.0165862, 51.5721964], [0.0189832, 51.5726367], [0.0286655, 51.5756764], [0.0305185, 51.5761129], [0.0351548, 51.5766506], [0.0394316, 51.5766363]], [[0.0283283, 51.5958325], [0.0285131, 51.5963578]], [[0.021722, 51.5809552], [0.0206475, 51.5795046]], [[0.0218392, 51.581193], [0.0255063, 51.5870048], [0.0266158, 51.5891512], [0.0271282, 51.5905956], [0.0283283, 51.5958325]], [[0.0113665, 51.5709191], [0.0094784, 51.5695373], [0.0085731, 51.5685401]], [[0.093676, 51.6041855], [0.0938543, 51.6047819]], [[0.0938543, 51.6047819], [0.0939665, 51.6051353]], [[0.0939665, 51.6051353], [0.0941276, 51.6056641]], [[0.093659, 51.603965], [0.0934581, 51.6033034]], [[0.0936088, 51.603962], [0.0936565, 51.6041204]], [[0.0937091, 51.6041257], [0.093659, 51.603965]], [[0.0929773, 51.6018909], [0.0930607, 51.6024082]], [[0.0930607, 51.6024082], [0.0934056, 51.6037808]], [[0.0939857, 51.6053579], [0.0940078, 51.6055934]], [[0.0934056, 51.6037808], [0.0934742, 51.603933]], [[0.093676, 51.6041855], [0.0938468, 51.604566]], [[0.0938991, 51.6057093], [0.0939735, 51.605465]], [[0.0939735, 51.605465], [0.0939857, 51.6053579]], [[0.0939857, 51.6053579], [0.0939665, 51.6051353]], [[0.0939665, 51.6051353], [0.0939261, 51.6048387]], [[0.0938543, 51.6047819], [0.0939171, 51.6053026]], [[0.0941686, 51.6111811], [0.0938475, 51.6118305]], [[0.0939171, 51.6053026], [0.0939735, 51.605465]], [[0.0939735, 51.605465], [0.0940078, 51.6055934]], [[0.0935573, 51.6041062], [0.0938365, 51.6050654]], [[0.0938365, 51.6050654], [0.0939171, 51.6053026]], [[-0.0013824, 51.5431486], [-5.86e-05, 51.5441455], [0.0007671, 51.5451339], [0.0008286, 51.5460716], [0.0003831, 51.5471021], [-0.0002141, 51.5478488], [-0.0010464, 51.5484733], [-0.0055185, 51.5503907], [-0.0067122, 51.5511586], [-0.0074349, 51.5520271]], [[-0.0054601, 51.5402954], [-0.0029603, 51.5420789]], [[-0.0074349, 51.5520271], [-0.007897, 51.5529701], [-0.0078966, 51.5540392], [-0.0075453, 51.5548455], [-0.0066488, 51.5557879]], [[-0.1957442, 51.509265], [-0.1918505, 51.5099767], [-0.1827631, 51.5106225], [-0.1744145, 51.5118857], [-0.1538986, 51.5139416], [-0.1460719, 51.5148697]], [[-0.1460719, 51.5148697], [-0.1402345, 51.5155284]], [[-0.2066079, 51.5068043], [-0.2168437, 51.5045616]], [[-0.2243546, 51.5098265], [-0.2243355, 51.5059616], [-0.2239102, 51.505407], [-0.2232926, 51.505014], [-0.22156403988934448, 51.50469464788341]], [[-0.22156403988934448, 51.50469464788341], [-0.2191669, 51.5043902], [-0.2177739, 51.5044651], [-0.2067942, 51.5068782]], [[-0.2005926, 51.508484], [-0.1983807, 51.5085873], [-0.1957442, 51.509265]], [[-0.1179229, 51.517846], [-0.1146824, 51.5182254], [-0.1135563, 51.5182965], [-0.1112699, 51.5182126], [-0.1065442, 51.5176699], [-0.1051585, 51.5173743], [-0.0993861, 51.5156232]], [[-0.0833782, 51.5168889], [-0.082806, 51.5179223]], [[-0.1326089, 51.5162614], [-0.129849, 51.5165065]], [[-0.1098743, 51.5179651], [-0.1135547, 51.5182724], [-0.1162871, 51.517979]], [[-0.1954168, 51.5092846], [-0.1979842, 51.5086159], [-0.1983374, 51.5085617], [-0.2005454, 51.5084358]], [[-0.1402345, 51.5155284], [-0.1326089, 51.5162614]], [[-0.0865177, 51.5140532], [-0.0842592, 51.5155065], [-0.0836788, 51.5162131], [-0.0833782, 51.5168889]], [[-0.1209828, 51.5174713], [-0.1264042, 51.5169454], [-0.1299375, 51.5163842]], [[-0.0993861, 51.5156232], [-0.0953155, 51.5143426]], [[-0.0906968, 51.5135691], [-0.0893214, 51.5133598], [-0.0865177, 51.5140532]], [[-0.0352695, 51.5248137], [-0.038101, 51.5238321]], [[-0.038101, 51.5238321], [-0.0420885, 51.5238363], [-0.0447811, 51.5240395], [-0.0462087, 51.5243024], [-0.0476273, 51.5249009], [-0.049847, 51.5261308], [-0.0527519, 51.5270347]], [[-0.0246765, 51.5273737], [-0.0279743, 51.5263796]], [[-0.0279743, 51.5263796], [-0.0352695, 51.5248137]], [[-0.2242347, 51.5108605], [-0.2242198, 51.5107904]], [[-0.2242198, 51.5107904], [-0.2241749, 51.5105935]], [[-0.2243485, 51.5105371], [-0.2242709, 51.5107987]], [[-0.2242847, 51.5105377], [-0.2242198, 51.5107904]], [[-0.2242198, 51.5107904], [-0.2242002, 51.5108586]], [[-0.3026212, 51.5316106], [-0.3031187, 51.5316918]], [[-0.2983964, 51.5310483], [-0.2986128, 51.5310823]], [[-0.2986128, 51.5310823], [-0.3026212, 51.5316106]], [[-0.262892, 51.5242693], [-0.2634783, 51.5243541]], [[-0.3561924, 51.5450826], [-0.3525312, 51.5440908]], [[-0.3194329, 51.5357401], [-0.3097419, 51.5332773]], [[-0.3984182, 51.5566148], [-0.4071821, 51.5596181]], [[-0.3242788, 51.5369744], [-0.3240287, 51.5369063]], [[-0.3196776, 51.5358046], [-0.3194329, 51.5357401]], [[-0.4071821, 51.5596181], [-0.4074385, 51.5597]], [[-0.3981981, 51.5565389], [-0.3984182, 51.5566148]], [[-0.4338586, 51.5683568], [-0.4324954, 51.5679726]], [[-0.356849, 51.5452598], [-0.3561924, 51.5450826]], [[-0.4317786, 51.5677426], [-0.4313435, 51.5676014]], [[-0.3562184, 51.5450441], [-0.3568771, 51.5452181]], [[-0.4356199, 51.5689597], [-0.4346064, 51.5685912]], [[-0.4311916, 51.5675053], [-0.4314114, 51.5675739]], [[-0.3081057, 51.5328544], [-0.30765, 51.5327241]], [[-0.411999, 51.5611748], [-0.4127137, 51.5614333]], [[-0.4127137, 51.5614333], [-0.4311916, 51.5675053]], [[-0.4314114, 51.5675739], [-0.4325303, 51.5679369]], [[-0.4325303, 51.5679369], [-0.4317786, 51.5677426]], [[-0.30765, 51.5327241], [-0.3030912, 51.5317276]], [[-0.3240287, 51.5369063], [-0.3196776, 51.5358046]], [[-0.4325303, 51.5679369], [-0.4338586, 51.5683568]], [[-0.4338586, 51.5683568], [-0.4346064, 51.5685912]], [[-0.4346064, 51.5685912], [-0.4370662, 51.5693551]], [[-0.4074385, 51.5597], [-0.4109741, 51.5607837]], [[0.0948349, 51.6092695], [0.0948384, 51.6089638], [0.0947634, 51.6086145], [0.0941148, 51.6064488]], [[0.094629, 51.6096894], [0.0946545, 51.6091715], [0.0940522, 51.6069166], [0.0940277, 51.6065046]], [[0.0938071, 51.6060575], [0.0938147, 51.6062244]], [[0.0938147, 51.6062244], [0.0938463, 51.6067749], [0.0945128, 51.6093684], [0.0945359, 51.609702]], [[0.0945359, 51.609702], [0.0945262, 51.6098753]], [[0.0940397, 51.6062995], [0.0940277, 51.6065046]], [[0.0940277, 51.6065046], [0.094725, 51.6092583], [0.0946167, 51.6099278]], [[0.0934265, 51.606804], [0.0935593, 51.6047452], [0.0934812, 51.6043667]], [[0.0934812, 51.6043667], [0.0934199, 51.6041408]], [[0.0934199, 51.6041408], [0.0933992, 51.604074]], [[0.0945359, 51.609702], [0.0945779, 51.6093644], [0.0938641, 51.6063982]], [[0.0938641, 51.6063982], [0.0938147, 51.6062244]], [[0.0944564, 51.6105392], [0.0945096, 51.6103201]], [[0.0945096, 51.6103201], [0.0945199, 51.6101062]], [[0.0945199, 51.6101062], [0.0936988, 51.6069261], [0.0936888, 51.6064956]], [[0.0940436, 51.6060734], [0.0941148, 51.6064488]], [[0.0941148, 51.6064488], [0.0948349, 51.6092695]], [[0.0948349, 51.6092695], [0.0947685, 51.6096358]], [[0.0934199, 51.6041408], [0.0935545, 51.604436]], [[0.0935545, 51.604436], [0.0936111, 51.604641]], [[0.0936111, 51.604641], [0.0936627, 51.6049641], [0.0934724, 51.6066212]], [[0.0934724, 51.6066212], [0.0934927, 51.607058]], [[0.0933261, 51.6088539], [0.0929826, 51.6075602]], [[0.0934743, 51.6088387], [0.0931371, 51.6075452]], [[0.0933406, 51.6049115], [0.0934386, 51.6053916]], [[0.0934386, 51.6053916], [0.0934265, 51.606804]], [[0.0934265, 51.606804], [0.0934927, 51.607058]], [[0.0934927, 51.607058], [0.0936646, 51.607713]], [[0.0937504, 51.606108], [0.0937238, 51.6063061]], [[0.0937238, 51.6063061], [0.0936888, 51.6064956]], [[0.0936888, 51.6064956], [0.0936691, 51.6070364], [0.0944687, 51.6101202]], [[0.0938641, 51.6063982], [0.0945872, 51.6091783], [0.094629, 51.6096894]], [[0.094629, 51.6096894], [0.0946167, 51.6099278]], [[0.0946167, 51.6099278], [0.0945801, 51.6100937]], [[0.0945801, 51.6100937], [0.0945096, 51.6103201]], [[0.0931429, 51.6067076], [0.0931987, 51.6069893]], [[0.0931987, 51.6069893], [0.0934826, 51.6073726]], [[0.0934826, 51.6073726], [0.0936646, 51.607713]], [[0.0936646, 51.607713], [0.0942443, 51.6096998]], [[0.0942443, 51.6096998], [0.0943321, 51.6098996]], [[0.0933399, 51.6093664], [0.0929969, 51.6091192]], [[0.0929969, 51.6091192], [0.092083, 51.6083739], [0.0918107, 51.6074256]], [[0.0930693, 51.6075518], [0.0934053, 51.6088458]], [[0.0938991, 51.6057093], [0.093839, 51.6058656]], [[0.093839, 51.6058656], [0.0937504, 51.606108]], [[0.0937504, 51.606108], [0.0936286, 51.6064114]], [[0.0936286, 51.6064114], [0.0935374, 51.6069531], [0.0942443, 51.6096998]], [[0.094465, 51.6103638], [0.0944687, 51.6101202]], [[0.0944687, 51.6101202], [0.0936072, 51.60704], [0.0936286, 51.6064114]], [[0.0931477, 51.6066469], [0.0932583, 51.6052661]], [[0.0937238, 51.6063061], [0.0937838, 51.6069784], [0.0944877, 51.6097025]], [[0.0944877, 51.6097025], [0.0945262, 51.6098753]], [[0.0945262, 51.6098753], [0.0945199, 51.6101062]], [[0.0932228, 51.6037117], [0.0932018, 51.6035248]], [[0.0932018, 51.6035248], [0.0931833, 51.6033419]], [[0.0943431, 51.6106927], [0.0942115, 51.6111011]], [[0.0931112, 51.603348], [0.0932018, 51.6035248]], [[0.0932018, 51.6035248], [0.0932875, 51.6037055]], [[0.0945801, 51.6100937], [0.0947685, 51.6096358]], [[0.0947685, 51.6096358], [0.0947627, 51.6091606], [0.0940397, 51.6062995]], [[0.0940397, 51.6062995], [0.0940436, 51.6060734]], [[0.0940436, 51.6060734], [0.0940261, 51.6057529]], [[0.0930762, 51.6066448], [0.0931832, 51.6052638]], [[0.0924141, 51.6089178], [0.0933399, 51.6093664]], [[0.0933399, 51.6093664], [0.0938648, 51.6096454]], [[0.0938648, 51.6096454], [0.094046, 51.6097809]], [[0.094046, 51.6097809], [0.0943847, 51.6104947]], [[0.0943847, 51.6104947], [0.0943431, 51.6106927]], [[0.0943431, 51.6106927], [0.0937712, 51.6116382], [0.0920107, 51.6132068]], [[0.0932695, 51.6075323], [0.0936037, 51.6088254]], [[0.0931869, 51.6051824], [0.0932872, 51.6048809]], [[0.0931309, 51.6068993], [0.0932284, 51.60738]], [[0.0935545, 51.604436], [0.0938365, 51.6050654]], [[0.0934826, 51.6073726], [0.0932222, 51.606712]], [[0.0927676, 51.6018545], [0.0931112, 51.603348]], [[0.0931112, 51.603348], [0.0932228, 51.6037117]], [[0.0932228, 51.6037117], [0.0932752, 51.603887]], [[0.0934812, 51.6043667], [0.0934386, 51.6053916]], [[0.0934724, 51.6066212], [0.0936111, 51.604641]], [[0.0943507, 51.6108845], [0.0944564, 51.6105392]], [[0.0944564, 51.6105392], [0.094465, 51.6103638]], [[0.094465, 51.6103638], [0.0943851, 51.6100253]], [[0.0935453, 51.6088314], [0.0932051, 51.6075385]], [[0.093474, 51.6075123], [0.0938142, 51.6088039]], [[0.0936826, 51.6088174], [0.0933429, 51.6075251]], [[0.0937422, 51.6088113], [0.0934086, 51.6075187]], [[0.0929969, 51.6091192], [0.0925934, 51.6085927], [0.0922726, 51.6073972]], [[0.0928266, 51.6018509], [0.0931833, 51.6033419]], [[0.0931833, 51.6033419], [0.0932875, 51.6037055]], [[0.0932875, 51.6037055], [0.0933333, 51.6038528]], [[0.0944877, 51.6097025], [0.0937765, 51.6066088]], [[0.0216826, 51.5809708], [0.0218392, 51.581193]], [[0.0093919, 51.5695716], [0.0111325, 51.5709396], [0.0125111, 51.5717149]], [[0.0125111, 51.5717149], [0.0138932, 51.5724475]], [[0.0036025, 51.5626355], [0.0018279, 51.5612236], [-0.005462, 51.5565882]], [[0.0206475, 51.5795046], [0.0168652, 51.5744248], [0.0162, 51.5737004], [0.0153558, 51.5731365]], [[0.0206044, 51.5795184], [0.0216826, 51.5809708]], [[-0.3525312, 51.5440908], [-0.3522296, 51.5440066]], [[-0.3522296, 51.5440066], [-0.3464948, 51.5426012]], [[-0.3527195, 51.5441013], [-0.3562184, 51.5450441]], [[-0.3523661, 51.5440035], [-0.3527195, 51.5441013]], [[-0.3094146, 51.5331925], [-0.3081057, 51.5328544]], [[-0.3098051, 51.5332428], [-0.3194551, 51.5357049]], [[-0.3097419, 51.5332773], [-0.3094146, 51.5331925]], [[-0.3094972, 51.5331619], [-0.3098051, 51.5332428]], [[0.0139859, 51.5724463], [0.012690533537771663, 51.57175198417851]], [[0.012690533537771663, 51.57175198417851], [0.0111927, 51.5709212], [0.0099947, 51.5700124], [0.008895, 51.5690637], [0.0080063, 51.5680645], [0.0061217, 51.5652947], [0.0046792, 51.5636233], [0.0036025, 51.5626355]], [[0.0153558, 51.5731365], [0.0139859, 51.5724463]], [[0.0138932, 51.5724475], [0.0153361, 51.57318]], [[0.0153361, 51.57318], [0.0161484, 51.5737242], [0.0168249, 51.5744419], [0.0206044, 51.5795184]], [[-0.339421, 51.5407288], [-0.3352112, 51.539622]], [[-0.3398582, 51.5408455], [-0.339421, 51.5407288]], [[-0.3397915, 51.5407376], [-0.3404979, 51.5408841]], [[-0.3393703, 51.5406479], [-0.3397915, 51.5407376]], [[-0.2041725, 51.5076498], [-0.2020246, 51.5082797], [-0.2005926, 51.508484]], [[-0.2005454, 51.5084358], [-0.2020168, 51.5082268], [-0.2041236, 51.5075519]], [[-0.2067942, 51.5068782], [-0.2055399, 51.5072495]], [[-0.2044528, 51.5074347], [-0.2049412, 51.5072812]], [[0.0339019, 51.6066431], [0.0347737, 51.6080693]], [[0.0347737, 51.6080693], [0.0357947, 51.6095087], [0.0408016, 51.615811]], [[-0.1212144, 51.5175018], [-0.1179229, 51.517846]], [[-0.1162871, 51.517979], [-0.1179083, 51.5177992]], [[-0.1179083, 51.5177992], [-0.1209828, 51.5174713]], [[-0.129849, 51.5165065], [-0.1252581, 51.5171424], [-0.1212144, 51.5175018]], [[-0.0953155, 51.5143426], [-0.0906968, 51.5135691]], [[-0.1030763, 51.5166219], [-0.1056791, 51.5174574], [-0.1098743, 51.5179651]], [[-0.0976983, 51.5150108], [-0.1030763, 51.5166219]], [[0.0648672, 51.5766417], [0.0667714, 51.5765954]], [[0.0675667, 51.5763231], [0.0647865, 51.5764105]], [[0.0647865, 51.5764105], [0.0620773, 51.5764544]], [[0.0620868, 51.5766375], [0.0648672, 51.5766417]], [[-0.2049412, 51.5072812], [-0.2066079, 51.5068043]], [[-0.2041236, 51.5075519], [-0.2044528, 51.5074347]], [[-0.2055399, 51.5072495], [-0.2041725, 51.5076498]], [[-0.0568367, 51.5273816], [-0.0527019, 51.5272332]], [[-0.0818524, 51.5188379], [-0.0777279, 51.5218712], [-0.0755819, 51.5231808], [-0.0698913, 51.5256763], [-0.0664355, 51.5262827], [-0.0568367, 51.5273816]], [[-0.0568366, 51.5272338], [-0.0576133, 51.5271785]], [[-0.0576133, 51.5271785], [-0.0664179, 51.526209], [-0.0698155, 51.5255843], [-0.0760624, 51.5227635], [-0.0817144, 51.5187664]], [[-0.0527519, 51.5270347], [-0.0568366, 51.5272338]], [[-0.3435846, 51.5417175], [-0.3458696, 51.5423079]], [[-0.3457662, 51.5424221], [-0.3434869, 51.5418472]], [[0.0238125, 51.5740506], [0.0182797, 51.572347], [0.0166485, 51.5720414], [0.0127549, 51.5716578], [0.0113665, 51.5709191]], [[-0.2580863, 51.5232587], [-0.2574773, 51.5231487]], [[-0.3856653, 51.5524716], [-0.3835169, 51.5520512], [-0.356849, 51.5452598]], [[-0.4110742, 51.5608222], [-0.411999, 51.5611748]], [[-0.4109741, 51.5607837], [-0.4110742, 51.5608222]], [[0.0932477, 51.6088619], [0.0929165, 51.6075667]], [[-0.3010518, 51.5150298], [-0.3011993, 51.5150173]], [[-0.3008709, 51.5149182], [-0.3009782, 51.5149155]], [[0.0940767, 51.6053256], [0.0941276, 51.6056641]], [[0.0930607, 51.6024082], [0.0929494, 51.6019925]], [[0.0929878, 51.6017522], [0.092877, 51.6014763]], [[0.092877, 51.6014763], [0.0928029, 51.6013201]], [[0.0928537, 51.601315], [0.092877, 51.6014763]], [[0.092877, 51.6014763], [0.092938, 51.6017594]], [[0.093839, 51.6058656], [0.0938071, 51.6060575]], [[0.0938071, 51.6060575], [0.0937765, 51.6066088]], [[-0.2243623, 51.5102449], [-0.2243601, 51.5101962]], [[-0.2242963, 51.5102481], [-0.2243039, 51.5101698]], [[-0.2243611, 51.5103979], [-0.2243623, 51.5102449]], [[-0.2242922, 51.510397], [-0.2242963, 51.5102481]], [[-0.2243638, 51.5105393], [-0.2243646, 51.5104503]], [[-0.2243646, 51.5104503], [-0.2243611, 51.5103979]], [[-0.2243646, 51.5104503], [-0.2243485, 51.5105371]], [[-0.2242892, 51.5105381], [-0.2242905, 51.510519]], [[-0.2242905, 51.510519], [-0.2242922, 51.510397]], [[-0.2242905, 51.510519], [-0.2242847, 51.5105377]], [[-0.2241765, 51.5104546], [-0.2241826, 51.5105386]], [[-0.2243574, 51.510859], [-0.2243638, 51.5105393]], [[-0.2242706, 51.5108036], [-0.2242709, 51.5107987]], [[-0.2242709, 51.5107987], [-0.2242892, 51.5105381]], [[-0.224248, 51.5110541], [-0.2242347, 51.5108605]], [[-0.2242002, 51.5108586], [-0.2241588, 51.5110192]], [[-0.2241826, 51.5105386], [-0.2241749, 51.5105935]], [[-0.2241749, 51.5105935], [-0.224171, 51.5107742]], [[-0.224171, 51.5107742], [-0.2241724, 51.5108609]], [[-0.2242688, 51.5108584], [-0.2242706, 51.5108036]], [[-0.2243816, 51.5117729], [-0.2243574, 51.510859]], [[-0.2243761, 51.5121257], [-0.224384, 51.5119461]], [[-0.224384, 51.5119461], [-0.2243816, 51.5117729]], [[-0.3464948, 51.5426012], [-0.3460122, 51.5424841]], [[-0.3460828, 51.5423632], [-0.3467307, 51.5425287]], [[-0.3458782, 51.5423101], [-0.3459717, 51.5423344]], [[-0.3458696, 51.5423079], [-0.3458782, 51.5423101]], [[-0.3458028, 51.5424313], [-0.3457662, 51.5424221]], [[-0.3458968, 51.542455], [-0.3458028, 51.5424313]], [[-0.3459717, 51.5423344], [-0.3460828, 51.5423632]], [[-0.3460122, 51.5424841], [-0.3458968, 51.542455]], [[-0.0963522, 51.5145224], [-0.0976983, 51.5150108]], [[-0.4376928, 51.5696587], [-0.4375871, 51.5696218]], [[0.0347737, 51.6080693], [0.0346439, 51.6077857]], [[0.0936565, 51.6041204], [0.093676, 51.6041855]], [[-0.3857708, 51.5524489], [-0.3881777, 51.5528396], [-0.3900512, 51.553375], [-0.3981981, 51.5565389]], [[-0.3856754, 51.5524358], [-0.3857708, 51.5524489]], [[-0.3980628, 51.5566033], [-0.3900173, 51.5534135], [-0.3881799, 51.5528862], [-0.3857624, 51.5524862]], [[-0.3857624, 51.5524862], [-0.3856653, 51.5524716]], [[-0.4370662, 51.5693551], [-0.4377495, 51.5695763]], [[-0.4375871, 51.5696218], [-0.4370109, 51.5694318]], [[-0.005462, 51.5565882], [-0.0066075, 51.5557729]], [[-0.0066488, 51.5557879], [-0.0059969, 51.5562856], [-0.0042132, 51.5574277]], [[-0.2241724, 51.5108609], [-0.2241588, 51.5110192]], [[-0.2241588, 51.5110192], [-0.2240487, 51.5119444]], [[0.0933218, 51.6044466], [0.0933244, 51.604069]], [[0.0933121, 51.6045545], [0.0933218, 51.6044466]], [[0.0929784, 51.6070135], [0.0930714, 51.6067077]], [[0.0930714, 51.6067077], [0.0930762, 51.6066448]], [[0.0931148, 51.6074549], [0.0931157, 51.6071034]], [[0.0931157, 51.6071034], [0.0931309, 51.6068993]], [[0.0931309, 51.6068993], [0.0931429, 51.6067076]], [[0.0931429, 51.6067076], [0.0931477, 51.6066469]], [[0.0933321, 51.6052683], [0.093227, 51.6066493]], [[0.0933009, 51.6046706], [0.0933406, 51.6049115]], [[0.0933406, 51.6049115], [0.0933321, 51.6052683]], [[0.0932583, 51.6052661], [0.0932872, 51.6048809]], [[0.0932872, 51.6048809], [0.0933009, 51.6046706]], [[0.0933009, 51.6046706], [0.0933121, 51.6045545]], [[0.0931832, 51.6052638], [0.0931869, 51.6051824]], [[0.0931869, 51.6051824], [0.0932778, 51.6040676]], [[0.0938142, 51.6088039], [0.094061, 51.6095103]], [[0.094201, 51.6097067], [0.094061, 51.6095103]], [[0.094061, 51.6095103], [0.0937422, 51.6088113]], [[0.0940181, 51.6095223], [0.0936826, 51.6088174]], [[0.0936037, 51.6088254], [0.0940181, 51.6095223]], [[0.0940181, 51.6095223], [0.094201, 51.6097067]], [[0.094201, 51.6097067], [0.0943321, 51.6098996]], [[0.0943321, 51.6098996], [0.0943851, 51.6100253]], [[0.0943851, 51.6100253], [0.0943847, 51.6104947]], [[0.0937475, 51.609412], [0.0935453, 51.6088314]], [[0.0938893, 51.6096186], [0.0937475, 51.609412]], [[0.0937475, 51.609412], [0.0934743, 51.6088387]], [[0.0934053, 51.6088458], [0.093526, 51.609202], [0.0938893, 51.6096186]], [[0.0938893, 51.6096186], [0.094046, 51.6097809]], [[0.0936524, 51.6094988], [0.0933261, 51.6088539]], [[0.0938648, 51.6096454], [0.0936524, 51.6094988]], [[0.0936524, 51.6094988], [0.0932477, 51.6088619]], [[0.0929165, 51.6075667], [0.0929143, 51.6075583]], [[0.0929826, 51.6075602], [0.0929784, 51.6070135]], [[0.0930714, 51.6067077], [0.0930445, 51.6070899]], [[0.0930445, 51.6070899], [0.0930693, 51.6075518]], [[0.0931371, 51.6075452], [0.0931148, 51.6074549]], [[0.0931148, 51.6074549], [0.0930445, 51.6070899]], [[0.0932051, 51.6075385], [0.0931157, 51.6071034]], [[0.093227, 51.6066493], [0.0932222, 51.606712]], [[0.0932222, 51.606712], [0.0931987, 51.6069893]], [[0.0931987, 51.6069893], [0.0932284, 51.60738]], [[0.0932284, 51.60738], [0.0932695, 51.6075323]], [[0.0933429, 51.6075251], [0.0933276, 51.6074668]], [[0.0934086, 51.6075187], [0.0933931, 51.6074594]], [[0.0934576, 51.6074524], [0.093474, 51.6075123]], [[0.0950241, 51.6096024], [0.0943507, 51.6108845]], [[0.0943507, 51.6108845], [0.0942115, 51.6111011]], [[0.0942115, 51.6111011], [0.0941686, 51.6111811]], [[0.0941686, 51.6111811], [0.0938326, 51.6116603], [0.0922311, 51.6131521]], [[0.0928537, 51.601315], [0.0927317, 51.6009192]], [[0.0941276, 51.6056641], [0.0951221, 51.6091955], [0.0949619, 51.610194], [0.0941802, 51.611394]], [[0.0941802, 51.611394], [0.0938475, 51.6118305]], [[0.0938475, 51.6118305], [0.0925138, 51.61314]], [[0.0934109, 51.6033077], [0.0935509, 51.6037759]], [[0.0934581, 51.6033034], [0.0932376, 51.6025804]], [[-0.0568367, 51.5273816], [-0.0576133, 51.5271785]], [[-0.0028352, 51.5421595], [-0.0013824, 51.5431486]], [[-0.0029603, 51.5420789], [-0.0028352, 51.5421595]], [[-0.0015157, 51.5429315], [-0.0027127, 51.5420994]], [[-0.0027127, 51.5420994], [-0.0028307, 51.5420165]]]}, "properties": {"route": "Central", "mode": "rail", "color": "#E21836"}}, {"type": "Feature", "geometry": {"type": "MultiLineString", "coordinates": [[[-0.0022313, 51.5394523], [-0.0034048, 51.5408799]], [[-0.2849051, 51.5767969], [-0.2821288, 51.5782563], [-0.2811874, 51.5789379], [-0.2804235, 51.5797528], [-0.279693, 51.5811074], [-0.2786225, 51.5847165]], [[-0.2884226, 51.5692535], [-0.2890975, 51.5700648], [-0.2899506, 51.5712688]], [[0.0101974, 51.5110965], [0.0092604, 51.5127419], [0.0078485, 51.5140999]], [[-0.1390889, 51.5060404], [-0.1386522, 51.5060419]], [[-0.1386522, 51.5060419], [-0.1340287305011834, 51.50575494953527]], [[-0.1340287305011834, 51.50575494953527], [-0.1325034, 51.5057477], [-0.1311693, 51.5059393], [-0.1282507, 51.5068863]], [[-0.1282507, 51.5068863], [-0.1278566, 51.5070134]], [[-0.1278566, 51.5070134], [-0.1254574, 51.508147], [-0.1233972, 51.5096428], [-0.1211018, 51.5106137], [-0.1169163, 51.5119952]], [[-0.0008495, 51.5380252], [-0.0015222, 51.5385889], [-0.0017409, 51.5388773]], [[-0.2786225, 51.5847165], [-0.2783952, 51.5854323]], [[-0.2783952, 51.5854323], [-0.278445, 51.5869938], [-0.2788362, 51.5881597], [-0.2794441, 51.5890968]], [[-0.2794441, 51.5890968], [-0.279572, 51.5892602]], [[-0.279572, 51.5892602], [-0.2825908, 51.592341], [-0.2836499, 51.5930266], [-0.2854947, 51.5938767]], [[-0.2899506, 51.5712688], [-0.290188, 51.5716459]], [[-0.2904016, 51.5721311], [-0.290475, 51.5726422], [-0.2903879, 51.5732027], [-0.2900405, 51.57385], [-0.2895793, 51.5743172], [-0.2888676, 51.5747672], [-0.2849051, 51.5767969]], [[0.0078485, 51.5140999], [0.0069677, 51.5150256]], [[0.0069677, 51.5150256], [0.0065502, 51.5154622]], [[-0.287886, 51.5687503], [-0.2884226, 51.5692535]], [[-0.2332794, 51.5510449], [-0.2453307, 51.5529411], [-0.2472248, 51.553345], [-0.2534548, 51.5549533], [-0.2580385, 51.5562313], [-0.2612104, 51.5572815], [-0.272412, 51.5617447], [-0.2777091, 51.5629194], [-0.2788865, 51.5632745]], [[-0.2084587, 51.5471906], [-0.2280266, 51.5502077]], [[-0.2330437, 51.551004], [-0.2332794, 51.5510449]], [[-0.0032087, 51.5410245], [-0.0019724, 51.5393313]], [[-0.1554435, 51.5243021], [-0.1604451, 51.5228142], [-0.16117151865660115, 51.52273232562345]], [[-0.16117151865660115, 51.52273232562345], [-0.162116, 51.5226591], [-0.1626172, 51.522705], [-0.1632827, 51.5227946], [-0.1640475, 51.5230081], [-0.1656086, 51.5237434], [-0.1666387, 51.5246233], [-0.1672808, 51.5261693], [-0.1677657, 51.5281176], [-0.1686764, 51.5295592], [-0.172653, 51.5329081], [-0.1731034, 51.5334106]], [[-0.1554194, 51.5242837], [-0.15286753414247797, 51.52485888101866]], [[-0.15286753414247797, 51.52485888101866], [-0.1524567, 51.5249197], [-0.1519434, 51.524895], [-0.1499578, 51.5245756], [-0.1483746, 51.5239077], [-0.1469288, 51.5228597], [-0.1464896, 51.521906], [-0.1463916, 51.5209408], [-0.1466274, 51.5200692], [-0.1489623, 51.5171669], [-0.1496514, 51.5157778], [-0.1496016, 51.5146419], [-0.148509, 51.5093302], [-0.1479968, 51.508422], [-0.1471819, 51.5077476]], [[-0.1112909, 51.5036537], [-0.1155481, 51.5027625]], [[-0.0896389, 51.504992], [-0.092849, 51.5043211]], [[-0.092849, 51.5043211], [-0.093959, 51.5041504], [-0.1022795, 51.504008]], [[-0.0664118, 51.4972889], [-0.0695738, 51.497294], [-0.0724661, 51.4979436], [-0.0744085, 51.4988298], [-0.0816183, 51.5026705], [-0.0837253, 51.5040168]], [[-0.1573448, 51.5236738], [-0.1554194, 51.5242837]], [[-0.120557, 51.5015174], [-0.121473, 51.5013445], [-0.12348744627594242, 51.50113315295359]], [[-0.12348744627594242, 51.50113315295359], [-0.12489193108946342, 51.50097821283903]], [[-0.12489193108946342, 51.50097821283903], [-0.12552242787604984, 51.500915754841515]], [[-0.12552242787604984, 51.500915754841515], [-0.1274042, 51.5009189], [-0.1290225, 51.5013573], [-0.13024142391278098, 51.501928879033116]], [[-0.13024142391278098, 51.501928879033116], [-0.1318118, 51.502747], [-0.1334866, 51.5043485]], [[-0.118564, 51.501972], [-0.120557, 51.5015174]], [[-0.0837253, 51.5040168], [-0.0849979, 51.5045859], [-0.0866267, 51.5048896]], [[0.0065502, 51.5154622], [0.0054495, 51.5168839], [0.0046994, 51.5181816], [0.004195, 51.5199497], [0.0040476, 51.5215551], [0.0044299, 51.5251608], [0.0040062, 51.5296365], [0.0042307, 51.5306072], [0.004186, 51.5311306], [0.0037233, 51.5321195], [0.0025159, 51.5336446], [0.0017413, 51.5351733], [0.000753, 51.5365727], [-0.0008495, 51.5380252]], [[-0.0016808, 51.5388707], [0.0007557, 51.5366339], [0.001783, 51.5351839], [0.0026554, 51.5335189], [0.003763, 51.5321306], [0.0042018, 51.5312346], [0.0042771, 51.5306021], [0.004055, 51.5296756], [0.0044244, 51.5283027], [0.0045155, 51.5254142], [0.0041008, 51.521554], [0.0042479, 51.5199532], [0.0050372, 51.5176171], [0.0065924, 51.515474]], [[0.0070332, 51.5150349], [0.0079345, 51.5142997]], [[0.0065924, 51.515474], [0.0070332, 51.5150349]], [[-0.1791043, 51.5464789], [-0.1756361, 51.5444699]], [[-0.1959574, 51.5464107], [-0.1912068, 51.5467966]], [[-0.180791, 51.5472377], [-0.1818734, 51.5474454], [-0.1828821, 51.5474369], [-0.1862639, 51.5470536], [-0.1907766, 51.5467067]], [[-0.1800083, 51.5470009], [-0.1791043, 51.5464789]], [[-0.2053143, 51.5470528], [-0.1959574, 51.5464107]], [[-0.1959515, 51.5463496], [-0.205328, 51.5469181]], [[-0.205328, 51.5469181], [-0.2084587, 51.5471906]], [[-0.3025452, 51.6190616], [-0.301612, 51.6177635]], [[-0.287849, 51.5687689], [-0.2840844, 51.5656215], [-0.2819292, 51.5644454], [-0.2793841, 51.5634833]], [[-0.2883689, 51.5692734], [-0.287849, 51.5687689]], [[-0.2332613, 51.5510859], [-0.2330224, 51.5510465]], [[-0.2330224, 51.5510465], [-0.2282394, 51.5502949]], [[-0.0019724, 51.5393313], [-0.0016808, 51.5388707]], [[-0.2946663, 51.6076674], [-0.2952501, 51.6092603], [-0.2957357, 51.6100631], [-0.3004792, 51.6162181]], [[-0.2783289, 51.5854524], [-0.2785659, 51.5847351]], [[-0.2854947, 51.5938767], [-0.2857306, 51.5939778]], [[-0.2946141, 51.6076712], [-0.2945032, 51.6073341]], [[-0.290315, 51.5719071], [-0.2904016, 51.5721311]], [[-0.2945517, 51.6073288], [-0.2946663, 51.6076674]], [[-0.2857084, 51.5940012], [-0.2854633, 51.5938985]], [[-0.290188, 51.5716459], [-0.290315, 51.5719071]], [[-0.2902377, 51.571894], [-0.2900831, 51.5716101]], [[-0.2854633, 51.5938985], [-0.2836223, 51.5930539], [-0.2823808, 51.5922338], [-0.279401, 51.5891305], [-0.2789107, 51.5884095], [-0.2784116, 51.5870442], [-0.278278, 51.5864573], [-0.2783289, 51.5854524]], [[-0.301612, 51.6177635], [-0.3000852, 51.6157801]], [[-0.3000852, 51.6157801], [-0.2956017, 51.6099704], [-0.2950848, 51.6090053], [-0.2946141, 51.6076712]], [[-0.2945032, 51.6073341], [-0.2924828, 51.6009492], [-0.2915975, 51.5983796], [-0.2911106, 51.5974541], [-0.2902082, 51.5963881], [-0.2892986, 51.5956916], [-0.2857084, 51.5940012]], [[-0.2857306, 51.5939778], [-0.2892698, 51.5956281], [-0.2903104, 51.5964251], [-0.2912054, 51.5975108], [-0.2916567, 51.5984148], [-0.2927553, 51.6016838], [-0.2945517, 51.6073288]], [[-0.2785659, 51.5847351], [-0.2797458, 51.5808289], [-0.2802038, 51.579981], [-0.2806698, 51.579391], [-0.2813027, 51.5787832], [-0.2823885, 51.5780527], [-0.2895858, 51.5742573], [-0.2900369, 51.5737794], [-0.290351, 51.5731428], [-0.2904154, 51.5725666], [-0.2902377, 51.571894]], [[-0.3016583, 51.6177509], [-0.3027144, 51.6190237]], [[-0.2900831, 51.5716101], [-0.2883689, 51.5692734]], [[-0.1327444, 51.5046768], [-0.1318295, 51.5030936], [-0.1312252, 51.502525], [-0.13024142391278098, 51.501928879033116]], [[-0.13024142391278098, 51.501928879033116], [-0.1294039, 51.50146], [-0.1277449, 51.5008963], [-0.12552242787604984, 51.500915754841515]], [[-0.12552242787604984, 51.500915754841515], [-0.1254363, 51.5009245], [-0.12489193108946342, 51.50097821283903]], [[-0.12489193108946342, 51.50097821283903], [-0.1246995, 51.5009972], [-0.12348744627594242, 51.50113315295359]], [[-0.12348744627594242, 51.50113315295359], [-0.1181732, 51.5021375]], [[-0.1390546, 51.5062475], [-0.1343496, 51.505944]], [[-0.1343496, 51.505944], [-0.1325412, 51.5059], [-0.1312595, 51.5060841], [-0.1282759, 51.5069279]], [[-0.1282759, 51.5069279], [-0.127903, 51.5070593]], [[-0.127903, 51.5070593], [-0.1255579, 51.5085802], [-0.1234682, 51.509688], [-0.1211398, 51.5106674], [-0.1169485, 51.5120369]], [[-0.1372442, 51.5063565], [-0.1357093, 51.5062507], [-0.1343496, 51.505944]], [[-0.1343496, 51.505944], [-0.1340287305011834, 51.50575494953527]], [[-0.1340287305011834, 51.50575494953527], [-0.1334733, 51.5054277], [-0.1327444, 51.5046768]], [[-0.0472002, 51.4982061], [-0.0450277, 51.4985808], [-0.0334655, 51.5021976], [-0.0313481, 51.5029506], [-0.0290588, 51.5040438], [-0.0266094, 51.5044692], [-0.0245288, 51.5043659], [-0.0116914, 51.5027971], [-0.0091892, 51.5021556], [-0.0068456, 51.50106]], [[0.0102424, 51.5111071], [0.0118807, 51.5089752], [0.0123616, 51.5080659], [0.0123371, 51.506745], [0.0118342, 51.5057928], [0.0103109, 51.504052], [0.0083266, 51.5025454], [0.0064915, 51.501473]], [[0.0064539, 51.5016417], [0.0101169, 51.504181], [0.0116382, 51.5061156], [0.0119017, 51.5066696], [0.0120269, 51.5080998], [0.0101974, 51.5110965]], [[0.008579, 51.5136926], [0.0094215, 51.5126115], [0.0102424, 51.5111071]], [[-0.0068812, 51.5008337], [-0.0093686, 51.501993], [-0.0111603, 51.5025244], [-0.0248628, 51.5042307]], [[-0.0020439, 51.5392319], [-0.0021264, 51.5393603]], [[-0.0021264, 51.5393603], [-0.002193, 51.5394681]], [[-0.0022313, 51.5394523], [-0.0021264, 51.5393603]], [[-0.0021264, 51.5393603], [-0.0019852, 51.5392256]], [[-0.1334866, 51.5043485], [-0.1359976, 51.5055818], [-0.1386522, 51.5060419]], [[-0.1390889, 51.5060404], [-0.1432295, 51.5061745], [-0.1448721, 51.5064322]], [[-0.1452151, 51.5067774], [-0.1440861, 51.5065054], [-0.1390546, 51.5062475]], [[-0.1390546, 51.5062475], [-0.1372442, 51.5063565]], [[-0.1912068, 51.5467966], [-0.1907933, 51.5468234]], [[-0.1912105, 51.5466793], [-0.1959515, 51.5463496]], [[-0.1907766, 51.5467067], [-0.1912105, 51.5466793]], [[-0.1907933, 51.5468234], [-0.1827413, 51.5474731], [-0.1817276, 51.5474573], [-0.180773, 51.5472622]], [[-0.2794057, 51.5634586], [-0.2822338, 51.5644816], [-0.2837484, 51.56533], [-0.287886, 51.5687503]], [[-0.2788865, 51.5632745], [-0.2794057, 51.5634586]], [[-0.2793841, 51.5634833], [-0.2788683, 51.5632987]], [[-0.2788683, 51.5632987], [-0.2723823, 51.561793], [-0.2610992, 51.5572884], [-0.2542841, 51.5552324], [-0.2453202, 51.5529845], [-0.2332613, 51.5510859]], [[-0.3007165, 51.616526], [-0.3025829, 51.6187828]], [[-0.3004792, 51.6162181], [-0.3000852, 51.6157801]], [[-0.1467296, 51.5073469], [-0.1452151, 51.5067774]], [[-0.2282394, 51.5502949], [-0.2280048, 51.5502597]], [[-0.2280048, 51.5502597], [-0.2084528, 51.5472421]], [[-0.228261, 51.5502432], [-0.2330437, 51.551004]], [[-0.2280266, 51.5502077], [-0.228261, 51.5502432]], [[-0.1448721, 51.5064322], [-0.1468126, 51.5072494]], [[-0.1069129, 51.5043981], [-0.1044218, 51.5043472]], [[-0.0636181, 51.4979396], [-0.0603627, 51.4982203], [-0.0511822, 51.4979201]], [[-0.064943, 51.497715], [-0.0636181, 51.4979396]], [[0.0018911, 51.4995789], [0.0023135, 51.4997607]], [[0.0023135, 51.4997607], [0.0061481, 51.5014798]], [[0.0061481, 51.5014798], [0.0064539, 51.5016417]], [[-0.0068456, 51.50106], [-0.0041821, 51.4996979], [-0.002099, 51.4991281], [-0.0001355, 51.4991152], [0.0018911, 51.4995789]], [[0.0024344, 51.4996038], [0.0003805, 51.4990308], [-0.0021951, 51.4989997], [-0.0045073, 51.4996279], [-0.0068812, 51.5008337]], [[0.0064915, 51.501473], [0.0024344, 51.4996038]], [[-0.0248628, 51.5042307], [-0.0269255, 51.504265], [-0.0286192, 51.5039686], [-0.0322269, 51.5023843], [-0.044646, 51.4984738], [-0.0472112, 51.4979935]], [[-0.1022795, 51.504008], [-0.1068224, 51.5041252]], [[-0.1068224, 51.5041252], [-0.1080894, 51.5041545], [-0.1112909, 51.5036537]], [[-0.0511637, 51.4977334], [-0.0610698, 51.4979682], [-0.0648383, 51.4974871]], [[-0.0472112, 51.4979935], [-0.0511637, 51.4977334]], [[-0.0511822, 51.4979201], [-0.0472002, 51.4982061]], [[-0.2084528, 51.5472421], [-0.2053143, 51.5470528]], [[-0.1741443, 51.5358175], [-0.1738255, 51.5347036], [-0.1732742, 51.5337372], [-0.1725224, 51.532903], [-0.1686341, 51.5295648], [-0.1678974, 51.5285352], [-0.1665699, 51.5246467], [-0.1655196, 51.5237867], [-0.1640613, 51.5230551], [-0.1628784, 51.5227625], [-0.16117151865660115, 51.52273232562345]], [[-0.16117151865660115, 51.52273232562345], [-0.1604245, 51.5227869], [-0.1593023, 51.5230841]], [[-0.1731034, 51.5334106], [-0.1741826, 51.5346221], [-0.1745284, 51.535806], [-0.1744137, 51.5383043], [-0.1738497, 51.5414974], [-0.1742722, 51.5428035]], [[-0.1756361, 51.5444699], [-0.1739881, 51.5429116], [-0.1736995, 51.5422285]], [[-0.1736995, 51.5422285], [-0.1735439, 51.5414934], [-0.1740849, 51.5381421], [-0.1741443, 51.5358175]], [[-0.0648383, 51.4974871], [-0.0664118, 51.4972889]], [[-0.0863312, 51.5050175], [-0.0848946, 51.5047328], [-0.0839679, 51.5043643], [-0.0811544, 51.5027191], [-0.0721426, 51.4980648], [-0.0689905, 51.4974822], [-0.064943, 51.497715]], [[-0.1181732, 51.5021375], [-0.1145713, 51.5031065], [-0.1086236, 51.5042681]], [[-0.1076259, 51.504383], [-0.1069129, 51.5043981]], [[-0.1086236, 51.5042681], [-0.1076259, 51.504383]], [[-0.1155481, 51.5027625], [-0.118564, 51.501972]], [[-0.092849, 51.5043211], [-0.0940074, 51.5043657]], [[-0.1282759, 51.5069279], [-0.1280559, 51.5069739]], [[-0.1280559, 51.5069739], [-0.1278566, 51.5070134]], [[-0.1282507, 51.5068863], [-0.1280559, 51.5069739]], [[-0.1280559, 51.5069739], [-0.127903, 51.5070593]], [[-0.1479468, 51.5081], [-0.1485427, 51.5087966], [-0.1488834, 51.5098307], [-0.1498285, 51.5145633], [-0.1498923, 51.5157898], [-0.1493266, 51.5171052], [-0.1468365, 51.520079], [-0.1465876, 51.5210775], [-0.146616, 51.5218846]], [[-0.1469807, 51.5075438], [-0.1467296, 51.5073469]], [[-0.1471819, 51.5077476], [-0.1469807, 51.5075438]], [[-0.146616, 51.5218846], [-0.1469944, 51.5227768]], [[-0.1469944, 51.5227768], [-0.1483588, 51.5238407], [-0.1499818, 51.5245391], [-0.1518944, 51.5248528], [-0.1525103, 51.5248837], [-0.15286753414247797, 51.52485888101866]], [[-0.15286753414247797, 51.52485888101866], [-0.1554435, 51.5243021]], [[0.0058108, 51.5012559], [0.0031561, 51.5000208]], [[0.0064915, 51.501473], [0.0058108, 51.5012559]], [[0.0023135, 51.4997607], [0.0031561, 51.5000208]], [[-0.1793971, 51.5466102], [-0.1800508, 51.5469707]], [[-0.1593023, 51.5230841], [-0.1573448, 51.5236738]], [[-0.1468126, 51.5072494], [-0.1479468, 51.5081]], [[-0.0901281, 51.5051181], [-0.0863312, 51.5050175]], [[-0.0866267, 51.5048896], [-0.0896389, 51.504992]], [[-0.1044218, 51.5043472], [-0.100107, 51.5041728], [-0.0940074, 51.5043657]], [[-0.0940074, 51.5043657], [-0.0901281, 51.5051181]], [[-0.3013845, 51.6173991], [-0.3016583, 51.6177509]], [[-0.3025829, 51.6187828], [-0.3029896, 51.6193119]], [[-0.3028881, 51.6195078], [-0.3025452, 51.6190616]], [[-0.3027144, 51.6190237], [-0.3029427, 51.6193227]], [[-0.0019852, 51.5392256], [-0.0018604, 51.5390867]], [[-0.0018604, 51.5390867], [-0.0016808, 51.5388707]], [[-0.0033746, 51.5408921], [-0.002193, 51.5394681]], [[-0.0017409, 51.5388773], [-0.0018604, 51.5390867]], [[-0.0018604, 51.5390867], [-0.0019724, 51.5393313]], [[-0.180773, 51.5472622], [-0.1800083, 51.5470009]], [[0.0079345, 51.5142997], [0.008579, 51.5136926]], [[-0.1800508, 51.5469707], [-0.180791, 51.5472377]], [[-0.3007165, 51.616526], [-0.3013845, 51.6173991]], [[-0.3004792, 51.6162181], [-0.3007165, 51.616526]], [[0.0031561, 51.5000208], [0.0024344, 51.4996038]], [[0.0058108, 51.5012559], [0.0061481, 51.5014798]], [[-0.0017409, 51.5388773], [-0.0020439, 51.5392319]], [[-0.0020439, 51.5392319], [-0.0022313, 51.5394523]], [[-0.002193, 51.5394681], [-0.0019852, 51.5392256]]]}, "properties": {"route": "Jubilee", "mode": "rail", "color": "#A0A5A9"}}, {"type": "Feature", "geometry": {"type": "MultiLineString", "coordinates": [[[-0.4130913, 51.5730947], [-0.4229952, 51.5709509], [-0.4384978, 51.564477], [-0.4398672, 51.5637517]], [[-0.3516025, 51.5641909], [-0.3508387, 51.5634735]], [[-0.2881568, 51.5147071], [-0.2878088, 51.5141871], [-0.2876731, 51.5135529], [-0.288013, 51.5122393], [-0.2881994, 51.5106295]], [[-0.2852759, 51.5054621], [-0.2854404434651179, 51.505568266831354]], [[-0.2854404434651179, 51.505568266831354], [-0.28560726764573335, 51.50567954756189]], [[-0.28560726764573335, 51.50567954756189], [-0.2857271329609603, 51.50576424112969]], [[-0.2857271329609603, 51.50576424112969], [-0.2858461, 51.5058483]], [[-0.3007897, 51.503174], [-0.2930441, 51.5043319], [-0.2919407, 51.5045919], [-0.2912029, 51.5048243], [-0.2892542, 51.5055855], [-0.2882031, 51.5058125]], [[-0.2858461, 51.5058483], [-0.2868303, 51.5067283], [-0.2874091, 51.5075387], [-0.2882007, 51.5096327], [-0.2882656, 51.5101333]], [[-0.3205952, 51.497895], [-0.323332, 51.4966977], [-0.3275381, 51.4939011]], [[-0.2882686, 51.5102288], [-0.2882484, 51.5106479]], [[-0.2882068, 51.5146948], [-0.2886751, 51.5151218]], [[-0.2893454, 51.5314567], [-0.286594, 51.5296914], [-0.2856894, 51.5289646]], [[-0.2910805, 51.5327916], [-0.2894929, 51.5315624]], [[-0.2931359, 51.5349369], [-0.2913994, 51.5330988]], [[-0.3735384, 51.5755169], [-0.3798773, 51.5765288]], [[-0.3970519, 51.5765759], [-0.3976249, 51.5764796]], [[-0.4399385, 51.5637592], [-0.4385816, 51.564476], [-0.423052, 51.5709702], [-0.4131246, 51.5731219]], [[-0.4420062, 51.5619731], [-0.4426797, 51.5610336], [-0.4438096, 51.5580699], [-0.4444999, 51.5570516], [-0.4452527, 51.5562641], [-0.4462543, 51.5554628], [-0.4473365, 51.554812], [-0.4484938, 51.5542648]], [[-0.2817639, 51.5038582], [-0.2813968, 51.5036668]], [[-0.168419, 51.4970683], [-0.1633896, 51.4998383], [-0.1622356, 51.500784]], [[-0.1133675, 51.5524761], [-0.1163384, 51.5504828], [-0.1177184, 51.5492012], [-0.1200623, 51.5459002], [-0.1217531, 51.5425365], [-0.1223057, 51.5405761], [-0.1227858, 51.5343279], [-0.1227922, 51.5317268], [-0.1232607, 51.5300273], [-0.1236738, 51.5293544]], [[-0.1236738, 51.5293544], [-0.1252613, 51.5263358], [-0.125402, 51.5257947], [-0.1253179, 51.5253411], [-0.1242324, 51.5233526], [-0.1242735, 51.5222283]], [[-0.1802151, 51.4937348], [-0.1827982, 51.4942014], [-0.1862058, 51.4949512], [-0.1882435, 51.4948199], [-0.1910304, 51.4935099], [-0.1959162, 51.4903981]], [[-0.1022093, 51.5891181], [-0.1020112, 51.5883971], [-0.1008304, 51.5864335], [-0.1003143, 51.5851425], [-0.0988482, 51.5773349], [-0.0958656, 51.5734109], [-0.0954735, 51.5727032], [-0.095341, 51.5719177], [-0.0957272, 51.5710518], [-0.0971493, 51.5698718], [-0.0985012, 51.5691916], [-0.1036221, 51.5688011], [-0.1042872, 51.5686307], [-0.1052747, 51.5680901]], [[-0.1329426, 51.6150879], [-0.1329787, 51.6148749]], [[-0.1329787, 51.6148749], [-0.1330374, 51.6145565]], [[-0.1330374, 51.6145565], [-0.13307, 51.6143855]], [[-0.13307, 51.6143855], [-0.1331052, 51.6141872]], [[-0.1331052, 51.6141872], [-0.1331461, 51.6139639]], [[-0.1331461, 51.6139639], [-0.133205, 51.613677], [-0.1333716, 51.6134189], [-0.134362, 51.6127295]], [[-0.1346806, 51.6128033], [-0.1336319, 51.6135155], [-0.1333028, 51.6138677], [-0.1331467, 51.6141507]], [[-0.1331467, 51.6141507], [-0.13307, 51.6143855]], [[-0.3535266, 51.4760662], [-0.3534422, 51.4762345]], [[-0.3534422, 51.4762345], [-0.3534334, 51.4788503], [-0.3532764, 51.4797205], [-0.3527079, 51.480728], [-0.3520904, 51.4813691], [-0.351602, 51.4817501], [-0.3506214, 51.4823398], [-0.349383, 51.4828098], [-0.3485565, 51.4830239], [-0.3447873, 51.4836994], [-0.3425631, 51.4844991], [-0.335635, 51.489821], [-0.334302, 51.490564], [-0.3307126, 51.4923285]], [[-0.4675106, 51.4732509], [-0.4661963, 51.4735159], [-0.462717, 51.4736836], [-0.4591657, 51.4730879]], [[-0.2825398, 51.5041774], [-0.2854404434651179, 51.505568266831354]], [[-0.2854404434651179, 51.505568266831354], [-0.2865655, 51.5057994], [-0.2880567, 51.5057958]], [[-0.2882031, 51.5058125], [-0.2870591, 51.5058756], [-0.28560726764573335, 51.50567954756189]], [[-0.28560726764573335, 51.50567954756189], [-0.2841456, 51.5051681], [-0.2823217, 51.5041121]], [[-0.2751001, 51.4979332], [-0.2771832, 51.4989297], [-0.2783996, 51.5001064]], [[-0.2783996, 51.5001064], [-0.2788486, 51.501106]], [[-0.4141524, 51.4693748], [-0.4113988, 51.470297]], [[-0.4067029, 51.4719111], [-0.4031837, 51.473083], [-0.3976889, 51.4748219], [-0.3964845, 51.4750854], [-0.3954945, 51.4751888], [-0.3929699, 51.4750065], [-0.3873218, 51.4735678], [-0.3856543, 51.4736696]], [[-0.4905674, 51.4725208], [-0.4901043, 51.4725477]], [[-0.2886253, 51.5151313], [-0.2881568, 51.5147071]], [[-0.2965012, 51.5388301], [-0.2957865, 51.5379973]], [[-0.2968157, 51.5391721], [-0.2965012, 51.5388301]], [[-0.2956211, 51.5378098], [-0.2932895, 51.5351152]], [[-0.2957865, 51.5379973], [-0.2956211, 51.5378098]], [[-0.1262165, 51.6333796], [-0.1252415, 51.6343985]], [[-0.1248287, 51.6364753], [-0.1248259, 51.635331], [-0.1251834, 51.6343842]], [[-0.459556, 51.5507157], [-0.4596627, 51.5506813]], [[-0.4492472, 51.5539791], [-0.4495145, 51.5538884]], [[-0.4654344, 51.5489027], [-0.465749, 51.548805]], [[-0.4611316, 51.5502508], [-0.4654344, 51.5489027]], [[-0.4608834, 51.5503248], [-0.4611316, 51.5502508]], [[-0.4596627, 51.5506813], [-0.4608834, 51.5503248]], [[-0.3597149, 51.5703807], [-0.3592301, 51.5700621]], [[-0.3580829, 51.5692474], [-0.3568668, 51.5682228]], [[-0.3151302, 51.4991249], [-0.3167417, 51.4986736]], [[-0.3171492, 51.4985969], [-0.3194659, 51.4982288], [-0.3205952, 51.497895]], [[-0.3167417, 51.4986736], [-0.3171492, 51.4985969]], [[-0.1608199, 51.5017546], [-0.1589237, 51.5021441], [-0.155379, 51.5026421]], [[-0.3206235, 51.4979296], [-0.3184396, 51.4985983], [-0.3144519, 51.4994511]], [[-0.2613867, 51.4950014], [-0.2603224, 51.4950901]], [[-0.1398097, 51.508114], [-0.1340881, 51.5099849], [-0.1299794, 51.5108366], [-0.1271328, 51.5117791], [-0.1253211, 51.5125229], [-0.1222491, 51.5143455]], [[-0.2226293, 51.491529], [-0.2227944, 51.4916946]], [[-0.2131305, 51.4902801], [-0.2103419, 51.490034], [-0.2085405, 51.4901353]], [[-0.2144949, 51.4903359], [-0.2188759, 51.490176], [-0.2197335, 51.4902101], [-0.2211202, 51.4905179], [-0.2222787, 51.4911754]], [[-0.2085405, 51.4901353], [-0.2082915, 51.4901607]], [[-0.2397917, 51.4947227], [-0.2364024, 51.4941968], [-0.229517, 51.4936495]], [[-0.2295126, 51.4936158], [-0.2364106, 51.4941661], [-0.2397898, 51.4946828]], [[-0.2651103, 51.4945347], [-0.2667318, 51.4944503]], [[-0.2603224, 51.4950901], [-0.2601396, 51.4950993]], [[-0.2601359, 51.4950444], [-0.2603197, 51.4950335]], [[-0.2551451, 51.4951048], [-0.2554326, 51.4950996]], [[-0.2554321, 51.4951318], [-0.2551449, 51.4951377]], [[-0.2603197, 51.4950335], [-0.2613798, 51.4949437]], [[-0.2651132, 51.4945831], [-0.2613867, 51.4950014]], [[-0.2613798, 51.4949437], [-0.2651103, 51.4945347]], [[-0.2554326, 51.4950996], [-0.2589624, 51.4950499]], [[-0.2482145, 51.4950537], [-0.2502895, 51.4951153]], [[-0.2551449, 51.4951377], [-0.2502878, 51.49517]], [[-0.2601396, 51.4950993], [-0.2554321, 51.4951318]], [[-0.2482139, 51.4950991], [-0.2423197, 51.4949465], [-0.2397917, 51.4947227]], [[-0.2397898, 51.4946828], [-0.2423235, 51.4949078], [-0.2482145, 51.4950537]], [[-0.2264745, 51.4936529], [-0.2288194, 51.4935731], [-0.2295126, 51.4936158]], [[-0.288221, 51.5101341], [-0.2876718, 51.5082783], [-0.2870936, 51.5072731], [-0.2860811, 51.5063156], [-0.2844468041757614, 51.505393764308835]], [[-0.2844468041757614, 51.505393764308835], [-0.2817639, 51.5038582]], [[-0.2812132, 51.5035727], [-0.2802778, 51.5031198]], [[-0.2804795, 51.5031237], [-0.2800381, 51.5028024], [-0.2795245, 51.5022936], [-0.2792, 51.5018533], [-0.2787815, 51.5010909]], [[-0.2783996, 51.5001064], [-0.2786962, 51.5005364]], [[-0.2789153, 51.5015348], [-0.2787815, 51.5010909]], [[-0.28476, 51.5055046], [-0.2844468041757614, 51.505393764308835]], [[-0.2844468041757614, 51.505393764308835], [-0.2830778, 51.5048055]], [[-0.2830778, 51.5048055], [-0.2802778, 51.5031198]], [[-0.2881421, 51.5058825], [-0.287056, 51.5059229], [-0.2857271329609603, 51.50576424112969]], [[-0.2857271329609603, 51.50576424112969], [-0.28476, 51.5055046]], [[-0.2786962, 51.5005364], [-0.2795592, 51.5020603], [-0.2803094, 51.5028105], [-0.2843768, 51.50494]], [[-0.2853347, 51.5286221], [-0.2848788, 51.5281097], [-0.2842364, 51.5271572], [-0.2840005, 51.5266628], [-0.2837924, 51.526046], [-0.2836264, 51.5250668], [-0.2835571, 51.5236729], [-0.2837207, 51.5222666], [-0.2841956, 51.5212172], [-0.2850107, 51.5202106], [-0.285638, 51.5196804], [-0.2877909, 51.5183086]], [[-0.287838, 51.5183378], [-0.2850682, 51.5202305], [-0.284287, 51.5211614], [-0.2837405, 51.5223929], [-0.2836207, 51.524278], [-0.2838341, 51.5260392], [-0.2842873, 51.5271501], [-0.2854219, 51.5286395]], [[-0.3007655, 51.503105], [-0.3026379, 51.502667], [-0.307828, 51.5007162], [-0.314618, 51.499239]], [[-0.3144519, 51.4994511], [-0.3078619, 51.5009197], [-0.302705, 51.5027745], [-0.3007943, 51.5032196]], [[-0.3007814, 51.5031456], [-0.3026507, 51.5027056], [-0.3068503, 51.5011052], [-0.3078357, 51.5007988], [-0.3139091, 51.499448]], [[-0.2881308, 51.5057414], [-0.2891033, 51.5055297], [-0.2913693, 51.5046786], [-0.293013, 51.5042573], [-0.3007655, 51.503105]], [[-0.2880567, 51.5057958], [-0.289137, 51.5055702], [-0.2913974, 51.5047074], [-0.2926473, 51.5043643], [-0.3007814, 51.5031456]], [[-0.3007943, 51.5032196], [-0.29306, 51.5043607], [-0.2913799, 51.5047987], [-0.2892192, 51.5056438], [-0.2881421, 51.5058825]], [[-0.3856162, 51.4735809], [-0.3867614, 51.4734699], [-0.3885689, 51.4736275], [-0.3932488, 51.4748414], [-0.3950029, 51.4751416], [-0.3959712, 51.4751195], [-0.3983124, 51.4746076], [-0.4066849, 51.4718885]], [[-0.3140972, 51.4994516], [-0.3078476, 51.5008303], [-0.3026663, 51.5027302], [-0.3007897, 51.503174]], [[-0.3672484, 51.4712276], [-0.3701204, 51.4711737], [-0.371417, 51.4712693], [-0.3722828, 51.4713968], [-0.3730703, 51.4715664], [-0.374364, 51.4719408], [-0.3784007, 51.4735364], [-0.3801549, 51.4738872], [-0.3821636, 51.4740483], [-0.3845412, 51.4737619]], [[-0.363546, 51.471372], [-0.363786, 51.4713539]], [[-0.3670596, 51.4712331], [-0.3672484, 51.4712276]], [[-0.3533737, 51.4762271], [-0.3534607, 51.4760564]], [[-0.3295914, 51.4928829], [-0.3279771, 51.4936822]], [[-0.3566129, 51.4731332], [-0.3568675, 51.4730398]], [[-0.3279771, 51.4936822], [-0.3275761, 51.4939238]], [[-0.4066849, 51.4718885], [-0.4112018, 51.4703268]], [[-0.3307126, 51.4923285], [-0.3295914, 51.4928829]], [[-0.3306906, 51.4923024], [-0.3356257, 51.4897735], [-0.3418341, 51.4848726], [-0.3427399, 51.4843492], [-0.3447322, 51.4836656], [-0.3493486, 51.4827735], [-0.351566, 51.4817217], [-0.3526294, 51.4807261], [-0.3531864, 51.4797835], [-0.3533795, 51.4788559], [-0.3533737, 51.4762271]], [[-0.363786, 51.4713539], [-0.3670596, 51.4712331]], [[-0.4141305, 51.4693481], [-0.4227026, 51.4666456]], [[-0.3568675, 51.4730398], [-0.3613362, 51.4717419], [-0.363546, 51.471372]], [[-0.3275761, 51.4939238], [-0.3233749, 51.4967162], [-0.3206235, 51.4979296]], [[-0.4341498, 51.4663355], [-0.4389091, 51.4665835], [-0.4413312, 51.4669237], [-0.4448093, 51.4679777], [-0.4506247, 51.4703727]], [[-0.3534607, 51.4760564], [-0.3538066, 51.4753343], [-0.3544056, 51.4745239], [-0.3550031, 51.4740101], [-0.3555357, 51.473653], [-0.3566129, 51.4731332]], [[-0.4558977, 51.4725622], [-0.4592086, 51.4729214]], [[-0.1208429, 51.5180905], [-0.1206341, 51.5176408], [-0.1204211, 51.517239], [-0.11991199309666437, 51.516429953799054]], [[-0.11991199309666437, 51.516429953799054], [-0.1175438, 51.5134108]], [[-0.1175438, 51.5134108], [-0.1170079, 51.5129129], [-0.1166351, 51.5128829], [-0.1157426, 51.5122646], [-0.1152752, 51.5115544]], [[-0.1242735, 51.5222283], [-0.1242349, 51.5218397], [-0.1239121, 51.5213654], [-0.1225539, 51.5201934]], [[-0.1348403, 51.6128466], [-0.1332647, 51.6139711]], [[-0.1332647, 51.6139711], [-0.1331467, 51.6141507]], [[-0.1328708, 51.6137222], [-0.1328393, 51.6122317]], [[-0.1328393, 51.6122317], [-0.1322919, 51.6110088]], [[-0.1342255, 51.6187064], [-0.1334382, 51.6177762]], [[-0.1334382, 51.6177762], [-0.1331824, 51.6173501], [-0.1330351, 51.6169104], [-0.1328694, 51.615549]], [[-0.1328694, 51.615549], [-0.1328756, 51.6150402]], [[-0.1328756, 51.6150402], [-0.1328722, 51.6139043]], [[-0.1328722, 51.6139043], [-0.1328708, 51.6137222]], [[-0.1340966, 51.6275213], [-0.1350099, 51.6264235], [-0.135556, 51.6252864], [-0.1357425, 51.6241], [-0.1355854, 51.6226741]], [[-0.1355854, 51.6226741], [-0.1351085, 51.6200112], [-0.1342255, 51.6187064]], [[-0.1261596, 51.6333496], [-0.127758, 51.632301], [-0.1305378, 51.6301654], [-0.1327801, 51.6286487], [-0.1340966, 51.6275213]], [[-0.1325663, 51.6478936], [-0.1348168, 51.6488679], [-0.1371698, 51.6495088], [-0.1399423, 51.6499628], [-0.143724, 51.6502356], [-0.1457937, 51.6506148]], [[-0.1457937, 51.6506148], [-0.145869, 51.65063]], [[-0.145869, 51.65063], [-0.1464528, 51.6507492]], [[-0.1464528, 51.6507492], [-0.1465237, 51.6507646]], [[-0.1465237, 51.6507646], [-0.1472234, 51.6509528]], [[-0.1472234, 51.6509528], [-0.1490308, 51.6515073]], [[-0.1318876, 51.6475736], [-0.1325663, 51.6478936]], [[-0.1341704, 51.6482109], [-0.1344749, 51.6483083]], [[-0.1344749, 51.6483083], [-0.134873, 51.6484661]], [[-0.134873, 51.6484661], [-0.1350792, 51.6485497]], [[-0.1350792, 51.6485497], [-0.1353793, 51.6486691]], [[-0.1353793, 51.6486691], [-0.1356933, 51.6487738], [-0.1362906, 51.6489046], [-0.1408296, 51.6497454], [-0.1414964, 51.6498121]], [[-0.1414964, 51.6498121], [-0.1418559, 51.6498051]], [[-0.1418559, 51.6498051], [-0.1421888, 51.6498073]], [[-0.1341704, 51.6482109], [-0.1338403, 51.6481494]], [[-0.1338403, 51.6481494], [-0.1337822, 51.6481412]], [[-0.1337822, 51.6481412], [-0.1332959, 51.648059]], [[-0.1332959, 51.648059], [-0.1326778, 51.647907]], [[-0.1326778, 51.647907], [-0.1326011, 51.6478813]], [[-0.1421465, 51.6493001], [-0.1424868, 51.6493623]], [[-0.1424868, 51.6493623], [-0.1428177, 51.649423]], [[-0.1428177, 51.649423], [-0.1428832, 51.6494355]], [[-0.1428832, 51.6494355], [-0.1439956, 51.6496695]], [[-0.1439956, 51.6496695], [-0.1459556, 51.6505032], [-0.1469932, 51.6508374]], [[-0.1469932, 51.6508374], [-0.1473438, 51.650934]], [[-0.1421888, 51.6498073], [-0.1425816, 51.649854]], [[-0.1425816, 51.649854], [-0.1447822, 51.6502636], [-0.1452352, 51.6504219]], [[-0.1452352, 51.6504219], [-0.1452754, 51.6504423]], [[-0.1452754, 51.6504423], [-0.1455003, 51.650536], [-0.1457937, 51.6506148]], [[-0.1326778, 51.647907], [-0.1330613, 51.6479678]], [[-0.1330613, 51.6479678], [-0.1334086, 51.6480101]], [[-0.1334086, 51.6480101], [-0.1335262, 51.6480278]], [[-0.1335262, 51.6480278], [-0.1346612, 51.6481676]], [[-0.1346612, 51.6481676], [-0.1347345, 51.6481763]], [[-0.1347345, 51.6481763], [-0.1356347, 51.6482036]], [[-0.1356347, 51.6482036], [-0.1377276, 51.6484677]], [[-0.1377276, 51.6484677], [-0.1380512, 51.648507]], [[-0.1380512, 51.648507], [-0.1383638, 51.648555]], [[-0.1383638, 51.648555], [-0.1421465, 51.6493001]], [[-0.1341704, 51.6482109], [-0.1344945, 51.6482903]], [[-0.1344945, 51.6482903], [-0.1349681, 51.6483904]], [[-0.1349681, 51.6483904], [-0.1415364, 51.64966]], [[-0.1423157, 51.6497453], [-0.1441788, 51.6499209], [-0.1452352, 51.6504219]], [[-0.1347345, 51.6481763], [-0.1377041, 51.6485467]], [[-0.1377041, 51.6485467], [-0.1382077, 51.6486157]], [[-0.1382077, 51.6486157], [-0.1419043, 51.6492991]], [[-0.1419043, 51.6492991], [-0.1423578, 51.6493708]], [[-0.1316106, 51.6475575], [-0.1298718, 51.6467669], [-0.129499, 51.6465729], [-0.1289918, 51.646236]], [[-0.1289918, 51.646236], [-0.128316, 51.6456248], [-0.1278285, 51.6448351], [-0.1251488, 51.6377818], [-0.1248287, 51.6364753]], [[-0.1489526, 51.6515957], [-0.1465072, 51.6507946]], [[-0.1465072, 51.6507946], [-0.146435, 51.6507782]], [[-0.146435, 51.6507782], [-0.1458577, 51.6506604]], [[-0.1458577, 51.6506604], [-0.1433498, 51.6502257], [-0.1394654, 51.6499436], [-0.1367013, 51.6494489], [-0.1347905, 51.6489042], [-0.1324549, 51.6479335]], [[-0.1324549, 51.6479335], [-0.1318075, 51.647643]], [[-0.1494154, 51.651522], [-0.1473438, 51.650934]], [[-0.1473438, 51.650934], [-0.1465237, 51.6507646]], [[-0.1472234, 51.6509528], [-0.1465072, 51.6507946]], [[-0.1452754, 51.6504423], [-0.1458103, 51.6505815]], [[-0.146435, 51.6507782], [-0.1461574, 51.6507065]], [[-0.1461574, 51.6507065], [-0.145869, 51.65063]], [[-0.1301961, 51.6468061], [-0.1295338, 51.6465331], [-0.1289918, 51.646236]], [[-0.1458577, 51.6506604], [-0.1461574, 51.6507065]], [[-0.1461574, 51.6507065], [-0.1464528, 51.6507492]], [[-0.4454086, 51.4587806], [-0.4482141, 51.4569124], [-0.4489857, 51.4565674], [-0.4519307, 51.4560258], [-0.4552358, 51.4559987], [-0.4565162, 51.4561826], [-0.4582538, 51.456799], [-0.4600616, 51.4577711], [-0.4700397, 51.4640591], [-0.4709554, 51.4647897], [-0.4716458, 51.4655944], [-0.4719854, 51.4662615], [-0.4721474, 51.4671487], [-0.4721061, 51.4680617], [-0.4718765, 51.4688554], [-0.4712097, 51.4701553], [-0.4702876, 51.4714104], [-0.4694938, 51.4721031], [-0.46867050730626536, 51.47252638583583]], [[-0.46867050730626536, 51.47252638583583], [-0.4671898, 51.4729722], [-0.4657425, 51.4731957], [-0.4612739, 51.4731805]], [[-0.4612739, 51.4731805], [-0.4591657, 51.4730879]], [[-0.4612739, 51.4731805], [-0.4592086, 51.4729214]], [[-0.4635109, 51.4729064], [-0.46867050730626536, 51.47252638583583]], [[-0.46867050730626536, 51.47252638583583], [-0.472094, 51.4724049]], [[-0.472094, 51.4724049], [-0.4769327, 51.472333], [-0.4838013, 51.4725181], [-0.4877355, 51.4724184]], [[-0.3022544, 51.5415546], [-0.3035301, 51.5422304], [-0.3041176, 51.5427459], [-0.3049064, 51.5439466]], [[-0.3048527, 51.543954], [-0.303861, 51.5425869], [-0.3022223, 51.5415891]], [[-0.3049064, 51.5439466], [-0.3050027, 51.544123]], [[-0.2956715, 51.5378011], [-0.295837, 51.5379917]], [[-0.3020815, 51.5414857], [-0.3022544, 51.5415546]], [[-0.3049494, 51.5441376], [-0.3048527, 51.543954]], [[-0.3022223, 51.5415891], [-0.3020499, 51.5415233]], [[-0.2990232, 51.5403884], [-0.2993653, 51.5405143]], [[-0.2993408, 51.5405403], [-0.2989986, 51.5404146]], [[-0.2965644, 51.5388371], [-0.2968643, 51.5391651]], [[-0.295837, 51.5379917], [-0.2965644, 51.5388371]], [[-0.3272398, 51.555221], [-0.3165624, 51.5511769], [-0.3087549, 51.5475878], [-0.3070363, 51.5465341]], [[-0.3020499, 51.5415233], [-0.2993408, 51.5405403]], [[-0.2993653, 51.5405143], [-0.3020815, 51.5414857]], [[-0.2968643, 51.5391651], [-0.2976682, 51.5397784], [-0.2990232, 51.5403884]], [[-0.2989986, 51.5404146], [-0.2976387, 51.5398014], [-0.2968157, 51.5391721]], [[-0.465749, 51.548805], [-0.4671023, 51.5484452], [-0.4692489, 51.5480751], [-0.4730741, 51.5479577]], [[-0.4127977, 51.5731632], [-0.4130913, 51.5730947]], [[-0.4484938, 51.5542648], [-0.4492472, 51.5539791]], [[-0.2843768, 51.50494], [-0.2851016, 51.5053605]], [[-0.2814359, 51.503557], [-0.2851016, 51.5053605]], [[-0.2858104, 51.5055731], [-0.2870312, 51.5057752], [-0.2881308, 51.5057414]], [[-0.3567894, 51.5680916], [-0.3569101, 51.5682077]], [[-0.3549126, 51.5662945], [-0.3551603, 51.5664918]], [[-0.3525555, 51.5648602], [-0.352736, 51.5649724]], [[-0.3569101, 51.5682077], [-0.3581149, 51.5692211]], [[-0.355745, 51.5670707], [-0.3567894, 51.5680916]], [[-0.352736, 51.5649724], [-0.3549126, 51.5662945]], [[-0.293328, 51.5351056], [-0.2956715, 51.5378011]], [[-0.2857793, 51.5289771], [-0.2893934, 51.5314401]], [[-0.2854219, 51.5286395], [-0.2857793, 51.5289771]], [[-0.2911102, 51.5327628], [-0.2914349, 51.533067]], [[-0.2931735, 51.5349301], [-0.293328, 51.5351056]], [[-0.2893934, 51.5314401], [-0.2895593, 51.5315563]], [[-0.3592681, 51.5700382], [-0.3597579, 51.5703555]], [[-0.3597579, 51.5703555], [-0.3648321, 51.5732069], [-0.3687363, 51.5746387]], [[-0.2914349, 51.533067], [-0.2931735, 51.5349301]], [[-0.2895593, 51.5315563], [-0.2911102, 51.5327628]], [[-0.4595816, 51.5507445], [-0.450319, 51.5536634]], [[-0.4610709, 51.5503052], [-0.4607903, 51.5503938]], [[-0.4596864, 51.5507101], [-0.4595816, 51.5507445]], [[-0.4493171, 51.5539865], [-0.4485709, 51.5542753]], [[-0.4657147, 51.5488698], [-0.4654326, 51.5489471]], [[-0.473093, 51.5479987], [-0.4689708, 51.5481502], [-0.4657147, 51.5488698]], [[-0.4607903, 51.5503938], [-0.4596864, 51.5507101]], [[-0.4760753, 51.5472117], [-0.477767, 51.5465623]], [[-0.4654326, 51.5489471], [-0.4610709, 51.5503052]], [[-0.4131246, 51.5731219], [-0.4128118, 51.5731917]], [[-0.4128118, 51.5731917], [-0.4126477, 51.5732261]], [[-0.195989, 51.4904461], [-0.1903853, 51.4940997], [-0.1883081, 51.4949127], [-0.1861855, 51.4950565], [-0.1827544, 51.4942427], [-0.180186, 51.4938244]], [[-0.180186, 51.4938244], [-0.1765938, 51.4940543]], [[-0.1765982, 51.4939295], [-0.1792027, 51.4937169], [-0.1802151, 51.4937348]], [[-0.1726501, 51.4939932], [-0.1718523, 51.494137], [-0.171012, 51.4948895], [-0.1698322, 51.4953399], [-0.1688968, 51.49675]], [[-0.1689227, 51.4965603], [-0.1696698, 51.4953516], [-0.1709295, 51.4948497], [-0.171519, 51.4942851], [-0.1719546, 51.4940623]], [[-0.1719546, 51.4940623], [-0.1726722, 51.4939539], [-0.1743256, 51.4940653], [-0.1765982, 51.4939295]], [[-0.1765938, 51.4940543], [-0.1743191, 51.4941486]], [[-0.1620852, 51.5007019], [-0.1636481, 51.4995725], [-0.1689227, 51.4965603]], [[-0.1341607, 51.6275481], [-0.1328328, 51.6286813], [-0.1278107, 51.6323336], [-0.1262165, 51.6333796]], [[-0.1248851, 51.6364729], [-0.1250961, 51.6373618], [-0.1279094, 51.644867], [-0.1288104, 51.6459798], [-0.1301961, 51.6468061]], [[-0.1301961, 51.6468061], [-0.1316958, 51.6474871]], [[-0.1328986, 51.6122287], [-0.1329207, 51.6137233]], [[-0.1342809, 51.6186888], [-0.1351542, 51.6199928], [-0.1356427, 51.6226708]], [[-0.1329207, 51.6137233], [-0.1329252, 51.6143762]], [[-0.1329252, 51.6143762], [-0.1329285, 51.6144247]], [[-0.1329285, 51.6144247], [-0.1329787, 51.6148749]], [[-0.1329787, 51.6148749], [-0.1330382, 51.6152417]], [[-0.1330382, 51.6152417], [-0.1333537, 51.6171088], [-0.1338747, 51.6181959]], [[-0.1338747, 51.6181959], [-0.1342809, 51.6186888]], [[-0.1356427, 51.6226708], [-0.1358053, 51.6239708], [-0.1356116, 51.625293], [-0.1350722, 51.6264453], [-0.1341607, 51.6275481]], [[-0.1252415, 51.6343985], [-0.1248859, 51.6353216], [-0.1248851, 51.6364729]], [[-0.1377276, 51.6484677], [-0.1387126, 51.6485211], [-0.1411091, 51.6489637], [-0.1418464, 51.6491769]], [[-0.1415642, 51.6493304], [-0.1387682, 51.6488472], [-0.1381584, 51.6486452]], [[-0.1381584, 51.6486452], [-0.1377041, 51.6485467]], [[-0.1356831, 51.6484959], [-0.1419679, 51.6497002]], [[-0.1418559, 51.6498051], [-0.1411302, 51.6497554], [-0.1353793, 51.6486691]], [[-0.1424868, 51.6493623], [-0.1421629, 51.6492787]], [[-0.1421629, 51.6492787], [-0.1418464, 51.6491769]], [[-0.1418464, 51.6491769], [-0.138541, 51.6485478], [-0.1380512, 51.648507]], [[-0.1329285, 51.6144247], [-0.1329426, 51.6150879]], [[-0.1329426, 51.6150879], [-0.1329637, 51.6155403]], [[-0.1329637, 51.6155403], [-0.1331716, 51.616957]], [[-0.1331716, 51.616957], [-0.1332573, 51.6173969], [-0.1334382, 51.6177762]], [[-0.1403746, 51.6492741], [-0.1411104, 51.6494205], [-0.1416448, 51.6496146]], [[-0.1416448, 51.6496146], [-0.1419679, 51.6497002]], [[-0.1419679, 51.6497002], [-0.1423157, 51.6497453]], [[-0.1469932, 51.6508374], [-0.1464526, 51.6506154]], [[-0.1464526, 51.6506154], [-0.1464013, 51.6505896]], [[-0.1464013, 51.6505896], [-0.1443705, 51.6495044]], [[-0.1428177, 51.649423], [-0.1423578, 51.6493708]], [[-0.1423578, 51.6493708], [-0.141975, 51.6493372]], [[-0.141975, 51.6493372], [-0.1415642, 51.6493304]], [[-0.1415642, 51.6493304], [-0.1414182, 51.6493311], [-0.1411902, 51.6493271]], [[-0.1411902, 51.6493271], [-0.1406874, 51.6493147], [-0.1403746, 51.6492741]], [[-0.1344749, 51.6483083], [-0.1358436, 51.6488623], [-0.1408095, 51.6497884], [-0.1411306, 51.6498172], [-0.1414964, 51.6498121]], [[-0.1419311, 51.6497191], [-0.1415364, 51.64966]], [[-0.1415364, 51.64966], [-0.134794, 51.6483801]], [[-0.1418393, 51.6497837], [-0.1409152, 51.6496317]], [[-0.1409152, 51.6496317], [-0.134873, 51.6484661]], [[-0.1350792, 51.6485497], [-0.1408669, 51.6496655], [-0.1418393, 51.6497837]], [[-0.1418393, 51.6497837], [-0.1421888, 51.6498073]], [[-0.1346612, 51.6481676], [-0.135588, 51.6483662]], [[-0.135588, 51.6483662], [-0.1411902, 51.6493271]], [[-0.1344945, 51.6482903], [-0.134794, 51.6483801]], [[-0.134794, 51.6483801], [-0.1415486, 51.6496945]], [[-0.1415486, 51.6496945], [-0.1419311, 51.6497191]], [[-0.1419311, 51.6497191], [-0.1423157, 51.6497453]], [[-0.1421629, 51.6492787], [-0.141288, 51.6489512], [-0.1387121, 51.6484728], [-0.1357021, 51.6481222], [-0.1342795, 51.64805]], [[-0.1342795, 51.64805], [-0.1335262, 51.6480278]], [[-0.1329252, 51.6143762], [-0.1328722, 51.6139043]], [[-0.1330395, 51.6148067], [-0.1330382, 51.6152417]], [[-0.1332959, 51.648059], [-0.1329367, 51.6479968]], [[-0.1415486, 51.6496945], [-0.1409152, 51.6496317]], [[-0.1337822, 51.6481412], [-0.1330613, 51.6479678]], [[-0.1330613, 51.6479678], [-0.1327271, 51.6478671]], [[-0.1329637, 51.6155403], [-0.1329077, 51.6152647]], [[-0.1329077, 51.6152647], [-0.1328756, 51.6150402]], [[-0.1468645, 51.6507511], [-0.1464526, 51.6506154]], [[-0.135588, 51.6483662], [-0.1338403, 51.6481494]], [[-0.1331288, 51.6153778], [-0.1330395, 51.6148067]], [[-0.1330395, 51.6148067], [-0.1330374, 51.6145565]], [[-0.1342795, 51.64805], [-0.1356347, 51.6482036]], [[-0.1338747, 51.6181959], [-0.1331716, 51.616957]], [[-0.1443482, 51.6499007], [-0.1428832, 51.6494355]], [[-0.1443419, 51.6495443], [-0.1464013, 51.6505896]], [[-0.1383638, 51.648555], [-0.1390299, 51.6487193], [-0.1421465, 51.6493001]], [[-0.1425816, 51.649854], [-0.1450419, 51.6503821]], [[-0.1347484, 51.6128187], [-0.1332647, 51.6139711]], [[-0.1416448, 51.6496146], [-0.1363895, 51.6485816]], [[-0.1345252, 51.6127605], [-0.1335145, 51.6134742], [-0.1333093, 51.6137048], [-0.133161, 51.614003]], [[-0.1381584, 51.6486452], [-0.1412281, 51.6492578], [-0.141975, 51.6493372]], [[-0.1344596, 51.6127371], [-0.1334394, 51.6134434], [-0.1331461, 51.6139639]], [[-0.1419043, 51.6492991], [-0.1409206, 51.6491659], [-0.1382077, 51.6486157]], [[-0.1331052, 51.6141872], [-0.133161, 51.614003]], [[-0.133161, 51.614003], [-0.1336992, 51.6133851], [-0.1345877, 51.6127804]], [[-0.1403746, 51.6492741], [-0.1363895, 51.6485816]], [[-0.1363895, 51.6485816], [-0.1356831, 51.6484959]], [[-0.1356831, 51.6484959], [-0.1349681, 51.6483904]], [[-0.1459626, 51.6504525], [-0.1439956, 51.6496695]], [[-0.2241864, 51.4929977], [-0.2236839, 51.4926136]], [[-0.2085301, 51.4901009], [-0.2103462, 51.4900053], [-0.2131251, 51.4902471]], [[-0.2221437, 51.4911755], [-0.2210411, 51.4905777], [-0.2198344, 51.4903027], [-0.2144911, 51.4903646]], [[-0.2750697, 51.4979931], [-0.2731416, 51.497074], [-0.2715655, 51.4958642], [-0.270456, 51.4952721], [-0.2688726, 51.4947749], [-0.2670958, 51.4945062]], [[-0.229517, 51.4936495], [-0.2266143, 51.4937144]], [[-0.3670634, 51.4712805], [-0.3637983, 51.4714013]], [[-0.3635761, 51.4714262], [-0.3613723, 51.4718056], [-0.3568989, 51.4730715]], [[-0.3566444, 51.4731628], [-0.3555081, 51.4737114], [-0.3547256, 51.474286], [-0.3538954, 51.4752946], [-0.3535266, 51.4760662]], [[-0.3275381, 51.4939011], [-0.3279456, 51.4936562]], [[-0.3568989, 51.4730715], [-0.3566444, 51.4731628]], [[-0.3295558, 51.492853], [-0.3306906, 51.4923024]], [[-0.3672568, 51.4712677], [-0.3670634, 51.4712805]], [[-0.3637983, 51.4714013], [-0.3635761, 51.4714262]], [[-0.3279456, 51.4936562], [-0.3295558, 51.492853]], [[-0.3845691, 51.4738571], [-0.3821353, 51.4740928], [-0.3796509, 51.4738503], [-0.3780778, 51.4734797], [-0.3744773, 51.4720219], [-0.3728403, 51.471549], [-0.3703492, 51.47122], [-0.3672568, 51.4712677]], [[-0.3527081, 51.5650075], [-0.3525138, 51.5648817]], [[-0.3568668, 51.5682228], [-0.3567409, 51.568109]], [[-0.3550407, 51.5664926], [-0.3547901, 51.5662911]], [[-0.3525138, 51.5648817], [-0.3516025, 51.5641909]], [[-0.3547901, 51.5662911], [-0.3527081, 51.5650075]], [[-0.3567409, 51.568109], [-0.3557083, 51.5670874]], [[-0.2932895, 51.5351152], [-0.2931359, 51.5349369]], [[-0.2856894, 51.5289646], [-0.2853347, 51.5286221]], [[-0.1554382, 51.5024952], [-0.1582665, 51.5021776], [-0.1604698, 51.5017447]], [[-0.132366, 51.6109872], [-0.1328986, 51.6122287]], [[-0.2810716, 51.5034004], [-0.2814359, 51.503557]], [[-0.487744, 51.4725978], [-0.472212, 51.4726254], [-0.4691366, 51.4729265], [-0.4675106, 51.4732509]], [[-0.4900501, 51.4724402], [-0.4905678, 51.472467]], [[-0.4592086, 51.4729214], [-0.4635109, 51.4729064]], [[-0.2802778, 51.5031198], [-0.2793804, 51.5023306], [-0.2789153, 51.5015348]], [[-0.3702897, 51.5749827], [-0.370486, 51.5750181]], [[-0.2776642, 51.4996299], [-0.2750697, 51.4979931]], [[-0.4225506, 51.4668055], [-0.4141524, 51.4693748]], [[-0.2913994, 51.5330988], [-0.2910805, 51.5327916]], [[-0.2894929, 51.5315624], [-0.2893454, 51.5314567]], [[-0.3686292, 51.5746428], [-0.3648983, 51.573284], [-0.3597149, 51.5703807]], [[-0.2851016, 51.5053605], [-0.2852759, 51.5054621]], [[-0.1208753, 51.5183267], [-0.1211475, 51.5189726], [-0.1242527, 51.5216572], [-0.1243674, 51.5220016], [-0.1243174, 51.5233459], [-0.1254469, 51.5254724], [-0.1253351, 51.5263467], [-0.1239123, 51.5290547], [-0.123645, 51.529957]], [[-0.123645, 51.529957], [-0.1230809, 51.5318833], [-0.122531, 51.5383675]], [[-0.1236738, 51.5293544], [-0.123645, 51.529957]], [[-0.1068379, 51.5651674], [-0.1062473, 51.5668577], [-0.1057347, 51.5676529], [-0.1052747, 51.5680901]], [[-0.4113988, 51.470297], [-0.4112282, 51.4703563]], [[-0.4113723, 51.4702676], [-0.4141305, 51.4693481]], [[-0.4112018, 51.4703268], [-0.4113723, 51.4702676]], [[-0.4112282, 51.4703563], [-0.4067029, 51.4719111]], [[-0.2589624, 51.4950499], [-0.2594501, 51.4950556]], [[-0.2594501, 51.4950556], [-0.2601359, 51.4950444]], [[-0.1208515, 51.5184921], [-0.1206931, 51.5177802], [-0.11991199309666437, 51.516429953799054]], [[-0.11991199309666437, 51.516429953799054], [-0.1201093, 51.5160562]], [[-0.1221909, 51.5143206], [-0.125262, 51.5124774], [-0.1272684, 51.5116406], [-0.1299411, 51.5107832], [-0.1340143, 51.5098704], [-0.1397525, 51.5080578]], [[-0.2671836, 51.4944645], [-0.2686514, 51.4946586], [-0.2704587, 51.4951992], [-0.2716597, 51.4958353], [-0.2732109, 51.4970301], [-0.2751001, 51.4979332]], [[-0.2667318, 51.4944503], [-0.2671836, 51.4944645]], [[-0.2670958, 51.4945062], [-0.2666433, 51.4944911]], [[-0.2666433, 51.4944911], [-0.2651132, 51.4945831]], [[-0.2502878, 51.49517], [-0.2482139, 51.4950991]], [[-0.2502895, 51.4951153], [-0.2551451, 51.4951048]], [[-0.2882656, 51.5101333], [-0.2882686, 51.5102288]], [[-0.2882484, 51.5106479], [-0.2880662, 51.5122419], [-0.2877285, 51.5135491], [-0.2878399, 51.5141322], [-0.2882068, 51.5146948]], [[-0.2881994, 51.5106295], [-0.288221, 51.5101341]], [[-0.4276444, 51.466119], [-0.4341498, 51.4663355]], [[-0.122531, 51.5383675], [-0.1224145, 51.5405876], [-0.1218298, 51.5425427], [-0.1210627, 51.5441074], [-0.1201132, 51.5459022], [-0.1183536, 51.5484214], [-0.1177561, 51.54921], [-0.1163567, 51.5504906]], [[-0.1201093, 51.5160562], [-0.1215985, 51.5150096], [-0.1221909, 51.5143206]], [[-0.1225539, 51.5201934], [-0.1213034, 51.5191982], [-0.1209214, 51.5187717], [-0.1208515, 51.5184921]], [[-0.1222491, 51.5143455], [-0.1216752, 51.5150322], [-0.1204017, 51.5159211], [-0.1202977, 51.5161568]], [[-0.1202977, 51.5161568], [-0.1208429, 51.5180905]], [[-0.1208429, 51.5180905], [-0.1208753, 51.5183267]], [[-0.1263426, 51.6079524], [-0.1229216, 51.6063263]], [[-0.1322919, 51.6110088], [-0.1318705, 51.6104634], [-0.1308781, 51.6097846], [-0.1254787, 51.6077592], [-0.1229216, 51.6063263]], [[-0.132366, 51.6109872], [-0.1318466, 51.61033], [-0.1308132, 51.6096607], [-0.1263426, 51.6079524]], [[-0.1100542, 51.5554466], [-0.1081348, 51.5576475]], [[-0.1070072, 51.5592842], [-0.1071133, 51.5588141], [-0.1077327, 51.5578255], [-0.109866, 51.5555065], [-0.1118883, 51.5537388]], [[-0.1081348, 51.5576475], [-0.1071566, 51.5592382]], [[-0.2242771, 51.4929619], [-0.2264745, 51.4936529]], [[-0.2266143, 51.4937144], [-0.225353, 51.4934494], [-0.2241864, 51.4929977]], [[-0.2222787, 51.4911754], [-0.2225503, 51.491452]], [[-0.2224473, 51.4914549], [-0.2221437, 51.4911755]], [[-0.2225503, 51.491452], [-0.2226293, 51.491529]], [[-0.2225538, 51.4915536], [-0.2224473, 51.4914549]], [[-0.1604698, 51.5017447], [-0.1620852, 51.5007019]], [[-0.1622356, 51.500784], [-0.1608199, 51.5017546]], [[-0.1528548, 51.5028806], [-0.1554382, 51.5024952]], [[-0.155379, 51.5026421], [-0.1529126, 51.5030133]], [[-0.1397525, 51.5080578], [-0.1428352, 51.5067094], [-0.1480071, 51.5040595], [-0.1493187, 51.5035704], [-0.1506048, 51.5032954]], [[-0.1506236, 51.5033728], [-0.1480787, 51.5041204], [-0.1417049, 51.5073665], [-0.1398097, 51.508114]], [[-0.1118883, 51.5537388], [-0.1133675, 51.5524761]], [[-0.1163567, 51.5504906], [-0.111964, 51.5538138]], [[-0.111964, 51.5538138], [-0.1100542, 51.5554466]], [[-0.4227026, 51.4666456], [-0.426204, 51.4661644]], [[-0.4258351, 51.4662982], [-0.4225506, 51.4668055]], [[-0.4470409, 51.4690384], [-0.4434575, 51.467694], [-0.440085, 51.4668385], [-0.4276797, 51.4662352], [-0.4258351, 51.4662982]], [[-0.1036684, 51.5909417], [-0.1033892, 51.5904338], [-0.1024818, 51.5896783], [-0.1022093, 51.5891181]], [[-0.1229216, 51.6063263], [-0.1223803, 51.6060093], [-0.1209711, 51.6038871], [-0.1197219, 51.6025403], [-0.1187083, 51.6019424], [-0.1145267, 51.6002727], [-0.112278, 51.5991906], [-0.1097553, 51.5974189], [-0.1039279, 51.5922268], [-0.1037153, 51.5918195], [-0.1036684, 51.5909417]], [[-0.1036684, 51.5909417], [-0.1021642, 51.5898561], [-0.1020005, 51.5893987], [-0.1022093, 51.5891181]], [[-0.2813968, 51.5036668], [-0.2812132, 51.5035727]], [[-0.1506048, 51.5032954], [-0.1528548, 51.5028806]], [[-0.1529126, 51.5030133], [-0.1506236, 51.5033728]], [[-0.370481, 51.5750438], [-0.37026, 51.5750054]], [[-0.3710334, 51.5751497], [-0.370481, 51.5750438]], [[-0.3710443, 51.5751251], [-0.3713177, 51.5751719]], [[-0.370486, 51.5750181], [-0.3710443, 51.5751251]], [[-0.4743584, 51.5477436], [-0.4746544, 51.5476833]], [[-0.4746544, 51.5476833], [-0.4749629, 51.5476193]], [[-0.4749566, 51.5475864], [-0.4746544, 51.5476833]], [[-0.4746544, 51.5476833], [-0.4743702, 51.5477724]], [[-0.4760753, 51.5472117], [-0.4755534, 51.5474309]], [[-0.4126329, 51.5732001], [-0.4127977, 51.5731632]], [[-0.3970624, 51.5765999], [-0.3951689, 51.5768648], [-0.393066, 51.5770639], [-0.3912544, 51.5771873], [-0.3889934, 51.5772469], [-0.3863018, 51.5772035], [-0.3846468, 51.5771063], [-0.3825295, 51.576916], [-0.3799642, 51.5765794]], [[-0.4502987, 51.55364], [-0.459556, 51.5507157]], [[-0.450319, 51.5536634], [-0.4495337, 51.5539119]], [[-0.4495337, 51.5539119], [-0.4493171, 51.5539865]], [[-0.4495145, 51.5538884], [-0.4502987, 51.55364]], [[-0.3508855, 51.5634611], [-0.3525555, 51.5648602]], [[-0.3508387, 51.5634735], [-0.3476318, 51.5599429], [-0.3466272, 51.5591943], [-0.3448312, 51.5582395], [-0.342964, 51.5576831], [-0.3389469, 51.5574112], [-0.3379826, 51.5572668], [-0.3359937, 51.5568408]], [[-0.477664, 51.5464894], [-0.478193, 51.5462839]], [[-0.1251834, 51.6343842], [-0.1261596, 51.6333496]], [[-0.3976249, 51.5764796], [-0.4126329, 51.5732001]], [[-0.3798784, 51.5765681], [-0.3733929, 51.5755671]], [[-0.3799642, 51.5765794], [-0.3798784, 51.5765681]], [[-0.379963, 51.5765408], [-0.3849737, 51.5770982], [-0.3889371, 51.5772075], [-0.3924516, 51.5770903], [-0.3970519, 51.5765759]], [[-0.3798773, 51.5765288], [-0.379963, 51.5765408]], [[-0.4783501, 51.5464442], [-0.477822, 51.5466499]], [[-0.4877355, 51.4724184], [-0.4900501, 51.4724402]], [[-0.4901043, 51.4725477], [-0.487744, 51.4725978]], [[-0.1490308, 51.6515073], [-0.1493503, 51.6516051]], [[-0.1492749, 51.6517013], [-0.1489526, 51.6515957]], [[-0.426204, 51.4661644], [-0.4337384, 51.4651687], [-0.437, 51.4643205], [-0.4393439, 51.4631896], [-0.4454086, 51.4587806]], [[-0.2136524, 51.4903017], [-0.2144949, 51.4903359]], [[-0.2131251, 51.4902471], [-0.2136524, 51.4903017]], [[-0.2144911, 51.4903646], [-0.2136468, 51.4903268]], [[-0.2136468, 51.4903268], [-0.2131305, 51.4902801]], [[-0.3359937, 51.5568408], [-0.3322571, 51.5560591], [-0.3287568, 51.5556361], [-0.3272398, 51.555221]], [[-0.3360086, 51.5568111], [-0.3389737, 51.557381], [-0.3426224, 51.5575866], [-0.3439429, 51.5578674], [-0.3450394, 51.5582861], [-0.3465335, 51.5590809], [-0.3476928, 51.5599275], [-0.3508855, 51.5634611]], [[-0.307078, 51.5465111], [-0.3088071, 51.547566], [-0.3163404, 51.551051], [-0.3272562, 51.5551896], [-0.3287848, 51.5555989], [-0.3322717, 51.5560279], [-0.3360086, 51.5568111]], [[-0.4399381, 51.5637042], [-0.4419093, 51.5620765]], [[-0.4398672, 51.5637517], [-0.4399381, 51.5637042]], [[-0.4485709, 51.5542753], [-0.4463523, 51.5554747], [-0.4446825, 51.5569372], [-0.443988, 51.5578468], [-0.4430504, 51.5603851], [-0.4426305, 51.5611969], [-0.4420368, 51.5619988]], [[-0.4399722, 51.5637351], [-0.4399385, 51.5637592]], [[-0.4419963, 51.5619853], [-0.4420062, 51.5619731]], [[-0.4419093, 51.5620765], [-0.4419963, 51.5619853]], [[-0.1334086, 51.6480101], [-0.1327271, 51.6478671]], [[-0.1327271, 51.6478671], [-0.1326781, 51.6478551]], [[-0.3551603, 51.5664918], [-0.3556469, 51.5669691]], [[-0.3556469, 51.5669691], [-0.355745, 51.5670707]], [[-0.3555976, 51.5669807], [-0.3550407, 51.5664926]], [[-0.3557083, 51.5670874], [-0.3555976, 51.5669807]], [[-0.4420368, 51.5619988], [-0.4419449, 51.5620942]], [[-0.4419449, 51.5620942], [-0.4399722, 51.5637351]], [[-0.3149312, 51.4992856], [-0.3140972, 51.4994516]], [[-0.477767, 51.5465623], [-0.4782651, 51.5463669]], [[-0.4755319, 51.5474084], [-0.477664, 51.5464894]], [[-0.4755319, 51.5474084], [-0.4760753, 51.5472117]], [[-0.477822, 51.5466499], [-0.4755534, 51.5474309]], [[-0.4544443, 51.4722974], [-0.4470409, 51.4690384]], [[-0.2823217, 51.5041121], [-0.2817639, 51.5038582]], [[-0.2812132, 51.5035727], [-0.2804795, 51.5031237]], [[-0.2787815, 51.5010909], [-0.2782784, 51.5002516], [-0.2776642, 51.4996299]], [[-0.2082915, 51.4901607], [-0.2045122, 51.4912367], [-0.2035672, 51.4913861], [-0.2024817, 51.4913179], [-0.2010404, 51.4907336]], [[-0.426204, 51.4661644], [-0.4276444, 51.466119]], [[-0.4506247, 51.4703727], [-0.4545073, 51.4721509]], [[-0.2044583, 51.4911864], [-0.2074626, 51.4902875], [-0.2085301, 51.4901009]], [[-0.1976862, 51.4899827], [-0.198872, 51.4899672], [-0.1995153, 51.4900651], [-0.2018668, 51.4910549]], [[-0.2018668, 51.4910549], [-0.2028775, 51.49131], [-0.2044583, 51.4911864]], [[-0.2788486, 51.501106], [-0.279835, 51.5025637], [-0.2810716, 51.5034004]], [[-0.2810716, 51.5034004], [-0.2825398, 51.5041774]], [[-0.2843768, 51.50494], [-0.2858104, 51.5055731]], [[-0.2886751, 51.5151218], [-0.2894574, 51.5159373], [-0.2895079, 51.5164746], [-0.2893307, 51.5168591], [-0.2890453, 51.5172176], [-0.2885397, 51.5177641], [-0.287838, 51.5183378]], [[-0.3687363, 51.5746387], [-0.3702897, 51.5749827]], [[-0.37026, 51.5750054], [-0.3686292, 51.5746428]], [[-0.3713177, 51.5751719], [-0.3735384, 51.5755169]], [[-0.3733929, 51.5755671], [-0.3710334, 51.5751497]], [[-0.4755534, 51.5474309], [-0.4749629, 51.5476193]], [[-0.4749629, 51.5476193], [-0.4743702, 51.5477724]], [[-0.4743702, 51.5477724], [-0.473093, 51.5479987]], [[-0.4730741, 51.5479577], [-0.4743584, 51.5477436]], [[-0.4743584, 51.5477436], [-0.4749566, 51.5475864]], [[-0.4749566, 51.5475864], [-0.4755319, 51.5474084]], [[-0.2877909, 51.5183086], [-0.2887358, 51.5174837], [-0.2894348, 51.5165335], [-0.289395, 51.5159262], [-0.2886253, 51.5151313]], [[-0.4591657, 51.4730879], [-0.4558044, 51.4727079], [-0.4544443, 51.4722974]], [[-0.4545073, 51.4721509], [-0.4558977, 51.4725622]], [[-0.3139091, 51.499448], [-0.3144699, 51.49933]], [[-0.3144699, 51.49933], [-0.3151302, 51.4991249]], [[-0.3144699, 51.49933], [-0.3148252, 51.499255]], [[-0.314618, 51.499239], [-0.3151302, 51.4991249]], [[-0.3592301, 51.5700621], [-0.3581932, 51.5693285]], [[-0.3581932, 51.5693285], [-0.3580829, 51.5692474]], [[-0.3582164, 51.5692955], [-0.3592681, 51.5700382]], [[-0.3581149, 51.5692211], [-0.3582164, 51.5692955]], [[-0.3845412, 51.4737619], [-0.3856162, 51.4735809]], [[-0.3856543, 51.4736696], [-0.3845691, 51.4738571]], [[-0.1316958, 51.6474871], [-0.1318876, 51.6475736]], [[-0.1318075, 51.647643], [-0.1316106, 51.6475575]], [[-0.1328694, 51.615549], [-0.1329077, 51.6152647]], [[-0.1329077, 51.6152647], [-0.1329426, 51.6150879]], [[-0.2010404, 51.4907336], [-0.2000737, 51.4903036], [-0.1988723, 51.4900212], [-0.1973199, 51.4900659], [-0.195989, 51.4904461]], [[-0.1959162, 51.4903981], [-0.1965779, 51.4901745], [-0.1976862, 51.4899827]], [[-0.4126477, 51.5732261], [-0.3976425, 51.5765052]], [[-0.3976425, 51.5765052], [-0.3970624, 51.5765999]], [[-0.3050027, 51.544123], [-0.3057916, 51.545297], [-0.3070149, 51.5464669]], [[-0.3070149, 51.5464669], [-0.307078, 51.5465111]], [[-0.3069754, 51.5464876], [-0.3057456, 51.5453134], [-0.3049494, 51.5441376]], [[-0.3070363, 51.5465341], [-0.3069754, 51.5464876]], [[-0.107033, 51.564044], [-0.1068379, 51.5651674]], [[-0.1071566, 51.5592382], [-0.1072092, 51.5618268], [-0.107033, 51.564044]], [[-0.1066035, 51.5640158], [-0.1068937, 51.5621713]], [[-0.1064805, 51.5651473], [-0.1066035, 51.5640158]], [[-0.1743191, 51.4941486], [-0.1726501, 51.4939932]], [[-0.1688968, 51.49675], [-0.168419, 51.4970683]], [[-0.2227944, 51.4916946], [-0.2237524, 51.4925877]], [[-0.2236839, 51.4926136], [-0.2227371, 51.491717]], [[-0.2237524, 51.4925877], [-0.2242771, 51.4929619]], [[-0.2227371, 51.491717], [-0.2225538, 51.4915536]], [[-0.1070428, 51.5610346], [-0.1070072, 51.5592842]], [[-0.1052747, 51.5680901], [-0.1060299, 51.5670869], [-0.1064805, 51.5651473]], [[-0.1068937, 51.5621713], [-0.1070428, 51.5610346]]]}, "properties": {"route": "Piccadilly", "mode": "rail", "color": "#003688"}}, {"type": "Feature", "geometry": {"type": "MultiLineString", "coordinates": [[[0.0719125, 51.5596299], [0.0706556, 51.5593701]], [[-0.0094799, 51.5368486], [-0.0111611, 51.5356648]], [[0.0672256, 51.4929866], [0.0664448, 51.4935741], [0.0659382, 51.4942194], [0.0646774, 51.497342], [0.0640007, 51.498175], [0.062886, 51.4990407]], [[0.0373931, 51.5087697], [0.0378159, 51.5086069], [0.0386141, 51.5081686], [0.0392352, 51.5077123], [0.0395985, 51.5073481], [0.0400459, 51.5067842], [0.0415085, 51.5044703]], [[-0.012858, 51.5346364], [-0.0125817, 51.5347844]], [[-0.0094799, 51.5368486], [-0.0088726, 51.5373064]], [[0.1605142, 51.5707451], [0.1608971, 51.5707807]], [[0.1609052, 51.5707493], [0.1648193, 51.5711293], [0.1706755, 51.5719468], [0.176492, 51.573096], [0.1787673, 51.5736508]], [[0.0642035, 51.5579082], [0.0639967, 51.5578558]], [[-0.3061694, 51.5144181], [-0.3208781, 51.5134954]], [[0.1608971, 51.5707807], [0.1706676, 51.5719757], [0.1787487, 51.573683]], [[0.0640245, 51.5578252], [0.0611466, 51.5569526]], [[0.0611217, 51.5569761], [0.0639967, 51.5578558]], [[0.0546467, 51.554722], [0.0601331, 51.5565271]], [[0.0611466, 51.5569526], [0.0602421, 51.5565375]], [[0.0601331, 51.5565271], [0.0611217, 51.5569761]], [[0.0251778, 51.5098454], [0.0309088, 51.5098795]], [[-0.0125133, 51.5347475], [-0.0128018, 51.5345794]], [[0.0719125, 51.5596299], [0.0730578, 51.5598718]], [[0.0730768, 51.5598429], [0.0719328, 51.5595935]], [[-0.0072614, 51.5387217], [-0.0037799, 51.5415125]], [[-0.0073979, 51.5385889], [-0.0072614, 51.5387217]], [[-0.00743, 51.53862], [-0.0072915, 51.5387536]], [[-0.0088988, 51.5373406], [-0.0095259, 51.5368736]], [[-0.0103362, 51.5363061], [-0.0095259, 51.5368736]], [[0.0602421, 51.5565375], [0.0546698, 51.5546908]], [[-0.0088726, 51.5373064], [-0.0073979, 51.5385889]], [[-0.0088988, 51.5373406], [-0.00743, 51.53862]], [[0.0107239, 51.5469725], [0.02466, 51.5494343]], [[1.32e-05, 51.5439803], [0.0027078, 51.5450741]], [[0.0655207, 51.5582127], [0.0699131, 51.5592201]], [[0.0642266, 51.5578812], [0.0652974, 51.558158]], [[0.0652974, 51.558158], [0.0655062, 51.5582092]], [[0.0655038, 51.5582401], [0.0652798, 51.5581872]], [[0.0640245, 51.5578252], [0.0642266, 51.5578812]], [[0.0706556, 51.5593701], [0.0698991, 51.5592443]], [[0.0698991, 51.5592443], [0.0664166, 51.5584605]], [[0.0706708, 51.5593429], [0.0719328, 51.5595935]], [[0.0699131, 51.5592201], [0.0706708, 51.5593429]], [[0.0730768, 51.5598429], [0.0867319, 51.5627379], [0.0970594, 51.5640159]], [[0.0970594, 51.5640159], [0.0978239, 51.5640816]], [[0.1008254, 51.5643403], [0.0978593, 51.5641172]], [[0.1008254, 51.5643403], [0.1039424, 51.5646752]], [[0.1609052, 51.5707493], [0.1605203, 51.5707152]], [[0.2094696, 51.5833651], [0.2048668, 51.5814532]], [[0.265517, 51.6054337], [0.249966, 51.5994431]], [[0.2498178, 51.5994248], [0.2358131, 51.5938712]], [[0.2654954, 51.6054589], [0.2499387, 51.5994726]], [[0.1605203, 51.5707152], [0.1459601, 51.5693861], [0.1293231, 51.5681307], [0.119722, 51.5667708], [0.1109129, 51.5656484], [0.1071485, 51.5650687], [0.1039548, 51.5646391]], [[0.0652798, 51.5581872], [0.0642035, 51.5579082]], [[0.1787487, 51.573683], [0.1789661, 51.5737399]], [[0.1789871, 51.5737086], [0.1833931, 51.5749755]], [[0.1787673, 51.5736508], [0.1789871, 51.5737086]], [[0.1789661, 51.5737399], [0.1833731, 51.5750015]], [[0.1833931, 51.5749755], [0.1836691, 51.5750466]], [[0.1836691, 51.5750466], [0.1870293, 51.5759804]], [[0.1833731, 51.5750015], [0.1836422, 51.5750702]], [[0.1836422, 51.5750702], [0.1870165, 51.5760091]], [[0.1874276, 51.5761251], [0.201906, 51.5804566]], [[0.1870293, 51.5759804], [0.1874325, 51.5760927]], [[0.1870165, 51.5760091], [0.1874276, 51.5761251]], [[0.097057, 51.5640418], [0.0867225, 51.562772], [0.0730578, 51.5598718]], [[0.0978239, 51.5640816], [0.1021124, 51.5644208], [0.1039548, 51.5646391]], [[0.0978593, 51.5641172], [0.097057, 51.5640418]], [[-0.0072915, 51.5387536], [-0.0043928, 51.5413144]], [[-0.1701781, 51.5119034], [-0.1676332, 51.511309], [-0.1642928, 51.5110813], [-0.1620478, 51.5112893], [-0.1554791, 51.51255]], [[-0.4199995, 51.5031483], [-0.4158555, 51.5028626]], [[0.0219473, 51.5096323], [0.0157664, 51.5090254], [0.0144601, 51.5090353], [0.0130916, 51.5092551], [0.0088858, 51.5104716], [0.0063937, 51.5105539], [-0.0003831, 51.5093801], [-0.0096148, 51.5060406]], [[-0.009191, 51.506344], [-0.0014, 51.5093625], [0.0063784, 51.5107058], [0.0089059, 51.510608], [0.0129704, 51.5094209], [0.014431, 51.5091935], [0.0162409, 51.5091933], [0.0187515, 51.5095208], [0.0219381, 51.5097012]], [[-0.0043928, 51.5413144], [-0.0031163, 51.5421518]], [[0.2499387, 51.5994726], [0.2498178, 51.5994248]], [[0.2498474, 51.5993956], [0.2358355, 51.5938452]], [[0.249966, 51.5994431], [0.2498474, 51.5993956]], [[0.0498521, 51.5015109], [0.0464269, 51.5019272], [0.0453787, 51.5021491], [0.0445909, 51.5023976], [0.0436744, 51.502764], [0.0428167, 51.503224], [0.0420871, 51.5038075], [0.0414642, 51.5044544]], [[0.062886, 51.4990407], [0.0609365, 51.4998637], [0.0561625, 51.5006694]], [[0.0561825, 51.5007228], [0.0606753, 51.5000061], [0.063047, 51.4991382]], [[-0.1912581, 51.5195506], [-0.1901318, 51.5194602]], [[-0.0128018, 51.5345794], [-0.015409, 51.5331698], [-0.0172027, 51.5317911], [-0.018036, 51.5301749], [-0.0188742, 51.527216], [-0.0192899, 51.5263902], [-0.0207122, 51.5247641], [-0.0222894, 51.5236411], [-0.0247855, 51.5222529], [-0.030918, 51.5184058], [-0.0334929, 51.5172844], [-0.0374626, 51.51646], [-0.0396352, 51.5163256], [-0.04201177168872364, 51.51653261438705]], [[-0.04201177168872364, 51.51653261438705], [-0.0448162, 51.5172795]], [[-0.0446375, 51.5177075], [-0.04201177168872364, 51.51653261438705]], [[-0.04201177168872364, 51.51653261438705], [-0.0408551, 51.5155749], [-0.039557, 51.5141128], [-0.0384802, 51.5133493], [-0.0367835, 51.5126098], [-0.0335385, 51.5118833], [-0.0318346, 51.5112682], [-0.0307583, 51.5106545], [-0.0269496, 51.5079184]], [[-0.0272929, 51.5078172], [-0.0308549, 51.5103607], [-0.0324334, 51.5112633], [-0.0336513, 51.5117106], [-0.0370002, 51.5124789], [-0.0386562, 51.5131461], [-0.0397988, 51.5138485], [-0.0421963, 51.5159757], [-0.0448162, 51.5172795]], [[-0.0446375, 51.5177075], [-0.0412606, 51.5170474], [-0.037645, 51.5170642], [-0.0338491, 51.5177742], [-0.032066, 51.5183718], [-0.0302745, 51.5192285], [-0.0229377, 51.5237948], [-0.0216154, 51.5247823], [-0.0202861, 51.5264958], [-0.0196204, 51.5277696], [-0.0188474, 51.5299196], [-0.0180596, 51.5311579], [-0.0160822, 51.532814], [-0.012858, 51.5346364]], [[-0.1553145, 51.5122284], [-0.1619958, 51.5111547], [-0.1642864, 51.510958], [-0.1676821, 51.5111694], [-0.1702946, 51.5117627]], [[-0.0115408, 51.5354026], [-0.0120323, 51.5350616]], [[-1.78e-05, 51.5440072], [0.0016642, 51.5447231], [0.0038693, 51.5454924], [0.0052916, 51.5458504], [0.0076075, 51.5463467]], [[0.0107392, 51.5469419], [0.0051646, 51.5457997], [0.0027078, 51.5450741]], [[-0.0028075, 51.5421459], [-0.000623, 51.5436345]], [[0.0076075, 51.5463467], [0.0107239, 51.5469725]], [[0.0517629, 51.5537894], [0.0468272, 51.5525005]], [[0.0246544, 51.5494014], [0.0107392, 51.5469419]], [[0.0250531, 51.5494778], [0.0246544, 51.5494014]], [[0.02466, 51.5494343], [0.0250612, 51.5495117]], [[0.0250612, 51.5495117], [0.0274002, 51.5499509], [0.0304415, 51.5504335], [0.0415983, 51.5515465], [0.0465908, 51.5524745]], [[0.1039424, 51.5646752], [0.110902, 51.5656801], [0.1298176, 51.5682159], [0.1459526, 51.5694147], [0.1605142, 51.5707451]], [[0.2092123, 51.5833019], [0.2194729, 51.5873802]], [[0.2358131, 51.5938712], [0.2340079, 51.5932348], [0.2194729, 51.5873802]], [[0.201906, 51.5804566], [0.2070473, 51.5824424]], [[0.2358355, 51.5938452], [0.2124058, 51.5845148]], [[0.2124058, 51.5845148], [0.2094696, 51.5833651]], [[0.201928, 51.5804257], [0.1874325, 51.5760927]], [[-0.2042567, 51.5221872], [-0.2027564, 51.5217725]], [[0.0664166, 51.5584605], [0.0655038, 51.5582401]], [[-0.011581, 51.5354231], [-0.0103362, 51.5363061]], [[0.0414642, 51.5044544], [0.0395552, 51.5073331], [0.0385787, 51.5081471], [0.0373653, 51.5087454]], [[0.0373653, 51.5087454], [0.0336018, 51.5095774], [0.0317128, 51.5098053], [0.0296882, 51.5098175]], [[0.0415085, 51.5044703], [0.0428582, 51.5032392], [0.0446127, 51.5024201], [0.0464403, 51.5019587], [0.0498615, 51.501543]], [[0.063047, 51.4991382], [0.0647691, 51.4977785], [0.0651503, 51.4971678], [0.0659679, 51.4949042], [0.0667108, 51.4937938], [0.0676265, 51.4930183]], [[0.0886743, 51.4903882], [0.0920071, 51.4902797], [0.0965561, 51.4904001]], [[0.0965593, 51.4903483], [0.0920019, 51.4902127], [0.0887191, 51.4902599]], [[0.1022995, 51.4905362], [0.1112693, 51.4908098]], [[0.1112693, 51.4908098], [0.1168915, 51.4910465]], [[0.1127559, 51.4908303], [0.1041341, 51.4905396]], [[-0.192931, 51.519713], [-0.1923488, 51.519653]], [[-0.1901427, 51.5194107], [-0.1923577, 51.5196226]], [[0.0468272, 51.5525005], [0.0466083, 51.5524422]], [[0.0466083, 51.5524422], [0.0417253, 51.5515292], [0.0315984, 51.5505302], [0.0250531, 51.5494778]], [[0.0465908, 51.5524745], [0.0468174, 51.5525262]], [[0.0468174, 51.5525262], [0.0517065, 51.5538089]], [[-0.4199995, 51.5031483], [-0.420255, 51.5031595]], [[-0.1923577, 51.5196226], [-0.1952874, 51.5199552], [-0.2001238, 51.521057]], [[-0.2014576, 51.521411], [-0.2025708, 51.5216837]], [[0.1021462, 51.4904997], [0.0965593, 51.4903483]], [[0.1023006, 51.4905038], [0.1021462, 51.4904997]], [[0.1021442, 51.4905336], [0.1022995, 51.4905362]], [[0.0965561, 51.4904001], [0.1018255, 51.4905277]], [[0.1112693, 51.4908098], [0.1127559, 51.4908303]], [[0.1168915, 51.4910465], [0.1142949, 51.4908831]], [[-0.2018442, 51.5215366], [-0.192931, 51.519713]], [[0.2048668, 51.5814532], [0.201928, 51.5804257]], [[0.2070473, 51.5824424], [0.2092123, 51.5833019]], [[0.0517065, 51.5538089], [0.053635, 51.5543906]], [[0.0536557, 51.5543617], [0.0517629, 51.5537894]], [[-0.0025679, 51.5424913], [-1.78e-05, 51.5440072]], [[-0.000623, 51.5436345], [1.32e-05, 51.5439803]], [[0.053635, 51.5543906], [0.0546467, 51.554722]], [[0.0546698, 51.5546908], [0.0536557, 51.5543617]], [[-0.1901318, 51.5194602], [-0.1835817, 51.5190467]], [[-0.1835796, 51.5189555], [-0.1901427, 51.5194107]], [[0.1210182, 51.4911182], [0.1181837, 51.4910176]], [[0.1206131, 51.491211], [0.1210457, 51.4912252]], [[0.0655062, 51.5582092], [0.0655207, 51.5582127]], [[-0.2027564, 51.5217725], [-0.2018442, 51.5215366]], [[-0.012226, 51.5349318], [-0.0125133, 51.5347475]], [[-0.0125817, 51.5347844], [-0.0122715, 51.5349646]], [[-0.1798605, 51.5177216], [-0.1771694, 51.515862]], [[-0.1788127, 51.51681], [-0.1800269, 51.5176161]], [[-0.0120323, 51.5350616], [-0.012226, 51.5349318]], [[-0.0122715, 51.5349646], [-0.0120959, 51.5350752]], [[-0.0111611, 51.5356648], [-0.0115408, 51.5354026]], [[-0.0120959, 51.5350752], [-0.011581, 51.5354231]], [[-0.1923488, 51.519653], [-0.1912581, 51.5195506]], [[0.0772764, 51.4913427], [0.0826147, 51.4910604], [0.0886743, 51.4903882]], [[0.0887191, 51.4902599], [0.0820883, 51.4909737], [0.0773175, 51.4912207]], [[0.0704506, 51.4920601], [0.0742896, 51.4913058]], [[0.074157, 51.4911211], [0.0703949, 51.4919328]], [[0.0691948, 51.492379], [0.0704506, 51.4920601]], [[0.0703949, 51.4919328], [0.0692995, 51.4921757]], [[0.0676265, 51.4930183], [0.0691948, 51.492379]], [[0.0692995, 51.4921757], [0.0672256, 51.4929866]], [[0.0742896, 51.4913058], [0.0751129, 51.4912399]], [[0.0753014, 51.4910773], [0.074157, 51.4911211]], [[0.0773175, 51.4912207], [0.0753014, 51.4910773]], [[0.0751129, 51.4912399], [0.0772764, 51.4913427]], [[0.0561625, 51.5006694], [0.0535405, 51.5010805]], [[0.0535484, 51.5011116], [0.0561825, 51.5007228]], [[0.0498615, 51.501543], [0.0535484, 51.5011116]], [[0.0535405, 51.5010805], [0.0498521, 51.5015109]], [[0.0296882, 51.5098175], [0.0250529, 51.509758]], [[0.0309088, 51.5098795], [0.0320723, 51.5098161], [0.0341958, 51.5095132], [0.0373931, 51.5087697]], [[0.0226632, 51.5097353], [0.0239178, 51.5097945]], [[0.023906, 51.509752], [0.0224573, 51.5096668]], [[0.0250529, 51.509758], [0.023906, 51.509752]], [[0.0239178, 51.5097945], [0.0251778, 51.5098454]], [[0.0219381, 51.5097012], [0.0226632, 51.5097353]], [[0.0224573, 51.5096668], [0.0219473, 51.5096323]], [[-0.0136804, 51.5055995], [-0.0233554, 51.5066462]], [[-0.023273, 51.5068342], [-0.013472, 51.5058129]], [[-0.013472, 51.5058129], [-0.0116015, 51.5058077]], [[-0.0115625, 51.505628], [-0.0129259, 51.5055637], [-0.0136804, 51.5055995]], [[-0.0116015, 51.5058077], [-0.009191, 51.506344]], [[-0.0096148, 51.5060406], [-0.0115625, 51.505628]], [[-0.0251686, 51.5071768], [-0.023273, 51.5068342]], [[-0.0233554, 51.5066462], [-0.0256407, 51.507089]], [[-0.0269496, 51.5079184], [-0.0251686, 51.5071768]], [[-0.0256407, 51.507089], [-0.0272929, 51.5078172]], [[-0.0496291, 51.5194785], [-0.0446375, 51.5177075]], [[-0.0448162, 51.5172795], [-0.0499768, 51.5192276]], [[-0.0561737, 51.5205867], [-0.0532822, 51.5204796]], [[-0.0530533, 51.51999], [-0.0563231, 51.5201369]], [[-0.0532822, 51.5204796], [-0.0518955, 51.5202078], [-0.0496291, 51.5194785]], [[-0.0499768, 51.5192276], [-0.0530533, 51.51999]], [[-0.0563231, 51.5201369], [-0.0605791, 51.5199679]], [[-0.0613369, 51.5203731], [-0.0561737, 51.5205867]], [[-0.0639898, 51.5202703], [-0.0613369, 51.5203731]], [[-0.0605791, 51.5199679], [-0.0644526, 51.5198795]], [[-0.0667044, 51.5201668], [-0.0639898, 51.5202703]], [[-0.0644526, 51.5198795], [-0.0678376, 51.5199035]], [[-0.0786064, 51.5178942], [-0.0755097, 51.5193249], [-0.0733053, 51.5199273], [-0.0667044, 51.5201668]], [[-0.0678376, 51.5199035], [-0.0718314, 51.5199063], [-0.0733676, 51.5197529], [-0.0755756, 51.5191076], [-0.0781681, 51.51789]], [[-0.0819283, 51.5172107], [-0.0799239, 51.5174835]], [[-0.0796091, 51.5172355], [-0.0812997, 51.5167376], [-0.0823243, 51.5166519]], [[-0.0799239, 51.5174835], [-0.0786064, 51.5178942]], [[-0.0781681, 51.51789], [-0.0796091, 51.5172355]], [[-0.0889721, 51.518274], [-0.0819283, 51.5172107]], [[-0.0823243, 51.5166519], [-0.0842385, 51.5169037], [-0.087972, 51.5177539]], [[-0.0972391, 51.5202515], [-0.0947192, 51.5199137], [-0.0889721, 51.518274]], [[-0.087972, 51.5177539], [-0.0905409, 51.5184004], [-0.0952112, 51.5199082], [-0.0971865, 51.5201313]], [[-0.1062483, 51.519621], [-0.100328, 51.5202241], [-0.0972391, 51.5202515]], [[-0.0971865, 51.5201313], [-0.0996008, 51.5200305], [-0.1060184, 51.5192889]], [[-0.1060184, 51.5192889], [-0.1091405, 51.5193274]], [[-0.1088813, 51.5194332], [-0.1062483, 51.519621]], [[-0.1120069, 51.5198885], [-0.1088813, 51.5194332]], [[-0.1091405, 51.5193274], [-0.1120478, 51.5197435]], [[-0.1175828, 51.5194427], [-0.1151398, 51.5200247], [-0.1135135, 51.5200569], [-0.1120069, 51.5198885]], [[-0.1120478, 51.5197435], [-0.1145666, 51.5199171], [-0.1161759, 51.5196813], [-0.1174164, 51.5193143]], [[-0.1194117, 51.5187836], [-0.1175828, 51.5194427]], [[-0.1174164, 51.5193143], [-0.1191293, 51.5185573]], [[-0.1191293, 51.5185573], [-0.1209583, 51.5175344]], [[-0.121386, 51.5178003], [-0.1194117, 51.5187836]], [[-0.1285264, 51.51563], [-0.1264416, 51.5157382], [-0.1244787, 51.5161706], [-0.1232821, 51.5166375], [-0.121386, 51.5178003]], [[-0.1209583, 51.5175344], [-0.1234423, 51.5155637], [-0.1245256, 51.5149675], [-0.1264347, 51.5146217], [-0.1284999, 51.5147971]], [[-0.1284999, 51.5147971], [-0.1327841, 51.5150177]], [[-0.1325415, 51.5156749], [-0.1285264, 51.51563]], [[-0.1362798, 51.5151369], [-0.1325415, 51.5156749]], [[-0.1327841, 51.5150177], [-0.1360267, 51.5148807]], [[-0.1403333, 51.5141198], [-0.1389593, 51.5143347], [-0.1362798, 51.5151369]], [[-0.1360267, 51.5148807], [-0.1403102, 51.5139447]], [[-0.1428013, 51.5140772], [-0.1403333, 51.5141198]], [[-0.1403102, 51.5139447], [-0.1439285, 51.5136005]], [[-0.1451445, 51.5139683], [-0.1428013, 51.5140772]], [[-0.1439285, 51.5136005], [-0.1497194, 51.5130997]], [[-0.1498578, 51.5134983], [-0.1451445, 51.5139683]], [[-0.1497194, 51.5130997], [-0.1519735, 51.512762]], [[-0.1521209, 51.5131771], [-0.1498578, 51.5134983]], [[-0.1519735, 51.512762], [-0.1553145, 51.5122284]], [[-0.1554791, 51.51255], [-0.1521209, 51.5131771]], [[-0.1766828, 51.5153515], [-0.1788127, 51.51681]], [[-0.1744544, 51.5138191], [-0.1766828, 51.5153515]], [[-0.1771694, 51.515862], [-0.1738943, 51.5135938]], [[-0.1738943, 51.5135938], [-0.1719485, 51.5125469], [-0.1701781, 51.5119034]], [[-0.1702946, 51.5117627], [-0.1720847, 51.5124207], [-0.1744544, 51.5138191]], [[-0.1816367, 51.518636], [-0.1798605, 51.5177216]], [[-0.1800269, 51.5176161], [-0.1808299, 51.5181702], [-0.1817077, 51.5185312]], [[-0.1835817, 51.5190467], [-0.1816367, 51.518636]], [[-0.1817077, 51.5185312], [-0.1835796, 51.5189555]], [[-0.2001238, 51.521057], [-0.2014576, 51.521411]], [[0.1041341, 51.4905396], [0.1023006, 51.4905038]], [[0.1018255, 51.4905277], [0.1021442, 51.4905336]], [[0.1168915, 51.4910465], [0.1206131, 51.491211]], [[0.1181837, 51.4910176], [0.1142949, 51.4908831]], [[0.1142949, 51.4908831], [0.1127559, 51.4908303]], [[-0.0029874, 51.5422316], [-0.0025679, 51.5424913]], [[-0.0031163, 51.5421518], [-0.0029874, 51.5422316]], [[-0.0037799, 51.5415125], [-0.0029328, 51.5420656]], [[-0.0029328, 51.5420656], [-0.0028075, 51.5421459]]]}, "properties": {"route": "Elizabeth Line", "mode": "rail", "color": "#6950A1"}}, {"type": "Feature", "geometry": {"type": "MultiLineString", "coordinates": [[[-0.0798059, 51.3692094], [-0.0826637, 51.366008]], [[-0.1524511, 51.3916936], [-0.1530894, 51.3918354]], [[-0.1122873, 51.3732125], [-0.1099306, 51.3734269]], [[-0.1524511, 51.3916936], [-0.1391025, 51.3885815]], [[-0.1391025, 51.3885815], [-0.1348417, 51.3878818], [-0.1319336, 51.3869355], [-0.1307121, 51.3862593], [-0.1296598, 51.3858906]], [[-0.1296598, 51.3858906], [-0.1283953, 51.3854429], [-0.1276464, 51.3850731], [-0.1236871, 51.3823591], [-0.1230912, 51.3818787], [-0.1205119, 51.3792809], [-0.1158823, 51.3753596], [-0.1145466, 51.3741447], [-0.1136883, 51.3736147], [-0.1122873, 51.3732125]], [[-0.1099306, 51.3734269], [-0.1091342, 51.3736223], [-0.1079535, 51.3746112]], [[-0.1062197, 51.3745898], [-0.1061082, 51.3743454], [-0.1057977, 51.3742374]], [[-0.0809872, 51.3751054], [-0.0791686, 51.3750757]], [[-0.0791686, 51.3750757], [-0.0785829, 51.3750778], [-0.0784093, 51.3750734], [-0.0782209, 51.3750509], [-0.0770475, 51.374832], [-0.0761524, 51.3745478]], [[-0.0761524, 51.3745478], [-0.075787, 51.3744194]], [[-0.075787, 51.3744194], [-0.0754258, 51.3742487], [-0.0754013, 51.3740431], [-0.0761592, 51.3731825]], [[-0.0761592, 51.3731825], [-0.0778592, 51.3712978]], [[-0.0577698, 51.3919425], [-0.0574574, 51.3921587]], [[-0.0574574, 51.3921587], [-0.0560018, 51.3931064]], [[-0.1371524, 51.3880204], [-0.1369971, 51.388011]], [[-0.1369971, 51.388011], [-0.1368335, 51.3880081]], [[-0.1368335, 51.3880081], [-0.1366769, 51.3880054]], [[-0.1366769, 51.3880054], [-0.1365147, 51.388002]], [[-0.1365147, 51.388002], [-0.1363481, 51.3879986]], [[-0.1363481, 51.3879986], [-0.1361762, 51.3879985]], [[-0.1361762, 51.3879985], [-0.1359602, 51.3879813], [-0.1339303, 51.3873362]], [[-0.1339303, 51.3873362], [-0.1322414, 51.386936], [-0.1313588, 51.3864772]], [[-0.1313588, 51.3864772], [-0.1311604, 51.3863546]], [[-0.1311604, 51.3863546], [-0.130887, 51.386216], [-0.1302356, 51.3860444]], [[-0.1339303, 51.3873362], [-0.1340769, 51.387337]], [[-0.1340769, 51.387337], [-0.1342219, 51.3873377]], [[-0.1342219, 51.3873377], [-0.1344007, 51.3873399]], [[-0.1344007, 51.3873399], [-0.1345468, 51.3873416]], [[-0.1345468, 51.3873416], [-0.1347165, 51.3873447]], [[-0.1347165, 51.3873447], [-0.1348746, 51.3873484]], [[-0.1348746, 51.3873484], [-0.1350812, 51.3873527]], [[-0.1350812, 51.3873527], [-0.1357779, 51.3875773]], [[-0.1357779, 51.3875773], [-0.1371524, 51.3880204]], [[-0.1371524, 51.3880204], [-0.1384282, 51.3883862]], [[-0.1369971, 51.388011], [-0.1348746, 51.3873484]], [[-0.1366769, 51.3880054], [-0.1345468, 51.3873416]], [[-0.1363481, 51.3879986], [-0.1342219, 51.3873377]], [[-0.154283, 51.3919811], [-0.1530894, 51.3918354]], [[-0.0935495, 51.3746564], [-0.0949333, 51.3744218]], [[-0.0506186, 51.4062255], [-0.0489996, 51.407045]], [[-0.1057977, 51.3742374], [-0.1054365, 51.3743406]], [[-0.10477, 51.3738463], [-0.1053891, 51.3740573], [-0.1054365, 51.3743406]], [[-0.0949333, 51.3744218], [-0.0953778, 51.3743579]], [[-0.0953778, 51.3743579], [-0.1028667, 51.3733716], [-0.10477, 51.3738463]], [[-0.0272087, 51.4109183], [-0.030347, 51.4113839], [-0.0338289, 51.4113977]], [[-0.0552317, 51.4039951], [-0.0555314, 51.4038496]], [[-0.0577698, 51.3919425], [-0.0573764, 51.3924648], [-0.0577113, 51.393119], [-0.060458, 51.3945193], [-0.060815, 51.3948431], [-0.061206, 51.3953948], [-0.0617758, 51.3968991], [-0.0617727, 51.3974412], [-0.061612, 51.39766], [-0.0612915, 51.3978835], [-0.0599686, 51.3984085], [-0.0597118, 51.3988224], [-0.0600372, 51.3993648], [-0.0616584, 51.4004468]], [[-0.1079535, 51.3746112], [-0.1071209, 51.3752419]], [[-0.043575, 51.4094889], [-0.0440399, 51.4093193]], [[-0.0489996, 51.407045], [-0.0440399, 51.4093193]], [[-0.0560018, 51.3931064], [-0.0523477, 51.3957648]], [[-0.0523477, 51.3957648], [-0.051075, 51.3968398]], [[-0.051075, 51.3968398], [-0.0495263, 51.3983499]], [[-0.0261862, 51.4106661], [-0.0264385, 51.4107268]], [[-0.1585295, 51.3930128], [-0.1564588, 51.3924599], [-0.1562552, 51.3923814]], [[-0.2058897, 51.4210384], [-0.2074363, 51.4200565]], [[-0.0750085, 51.3745174], [-0.0740539, 51.3757905], [-0.0735388, 51.3770608], [-0.0731074, 51.3814435]], [[-0.0731074, 51.3814435], [-0.0726798, 51.3825855], [-0.0719539, 51.3836126], [-0.0711389, 51.3843606], [-0.0699172, 51.3852073], [-0.0694698, 51.3854644], [-0.0659507, 51.3868073], [-0.0642786, 51.3876511], [-0.0577698, 51.3919425]], [[-0.1053385, 51.3740203], [-0.106159, 51.3743221], [-0.1064898, 51.3752642], [-0.1071209, 51.3752419]], [[-0.0761767, 51.3745173], [-0.0782273, 51.3750236], [-0.0794541, 51.3750501]], [[-0.0794541, 51.3750501], [-0.0832932, 51.3750257], [-0.0858947, 51.3752053], [-0.0884598, 51.3750113], [-0.0908966, 51.3752857], [-0.091821, 51.3750573]], [[-0.0922385, 51.3749669], [-0.0930878, 51.3747958]], [[-0.0919328, 51.3750659], [-0.0908291, 51.3753218], [-0.0884807, 51.3750378], [-0.0859063, 51.3752383], [-0.083283, 51.3750609], [-0.0809872, 51.3751054]], [[-0.091821, 51.3750573], [-0.0935495, 51.3746564]], [[-0.1834355, 51.4041421], [-0.1785985, 51.4011468], [-0.1752793, 51.3989485], [-0.1737535, 51.3981577]], [[-0.2075632, 51.4199179], [-0.2079329, 51.4192177], [-0.208022, 51.4187019]], [[-0.208022, 51.4187019], [-0.2077865, 51.4177777], [-0.2068009, 51.4168186], [-0.2041785, 51.4157289], [-0.2029299, 51.4150763], [-0.2020828, 51.4144599], [-0.2004199, 51.4128533], [-0.1989369, 51.411853], [-0.1915007, 51.4082044]], [[-0.0827519, 51.3659084], [-0.0834979, 51.3649399], [-0.0835101, 51.3647015], [-0.0833022, 51.3645503], [-0.0773758, 51.3639546]], [[-0.0773758, 51.3639546], [-0.0748377, 51.3636307], [-0.0729771, 51.3632855], [-0.0697689, 51.3632046], [-0.0672254, 51.3629863], [-0.0661214, 51.3627531], [-0.0653618, 51.3624377], [-0.0649488, 51.3621883], [-0.0634121, 51.3608078], [-0.0620906, 51.3601673], [-0.0612616, 51.3599265], [-0.0579418, 51.3596444], [-0.0567661, 51.3593607], [-0.0561555, 51.3590501], [-0.0556615, 51.358319], [-0.0538347, 51.3576163], [-0.0510328, 51.3561118], [-0.0488321, 51.3553032], [-0.0466803, 51.3548044], [-0.0436564, 51.3545304], [-0.0412582, 51.3548607], [-0.0407678, 51.3548495], [-0.0376187, 51.3540764], [-0.0372266, 51.3541776], [-0.0367574, 51.3547233], [-0.0350811, 51.3559084], [-0.0346147, 51.3561352], [-0.0341968, 51.3562379], [-0.0337033, 51.3562971], [-0.0320292, 51.3562054], [-0.031612, 51.3560721], [-0.0307202, 51.3555693]], [[-0.0307202, 51.3555693], [-0.0257903, 51.3527556], [-0.0249652, 51.3521345], [-0.0245209, 51.3516065], [-0.0217006, 51.3468388], [-0.0205498, 51.34576], [-0.0192033, 51.3442439], [-0.0189958, 51.3438797]], [[-0.0353636, 51.4112897], [-0.0357698, 51.4112579]], [[-0.0357698, 51.4112579], [-0.0381439, 51.4109255], [-0.0409806, 51.4102989]], [[-0.2053281, 51.4213972], [-0.2054816, 51.4212978]], [[-0.0826637, 51.366008], [-0.0827519, 51.3659084]], [[-0.018403, 51.3432566], [-0.0189958, 51.3438797]], [[-0.0552317, 51.4039951], [-0.0506186, 51.4062255]], [[-0.0930878, 51.3747958], [-0.0935495, 51.3746564]], [[-0.0922385, 51.3749669], [-0.0919328, 51.3750659]], [[-0.0934045, 51.3747353], [-0.0919328, 51.3750659]], [[-0.1071209, 51.3752419], [-0.1065654, 51.3753854], [-0.1062814, 51.3750326]], [[-0.0555314, 51.4038496], [-0.0585239, 51.402419], [-0.0609833, 51.4018083]], [[-0.1549111, 51.3920363], [-0.1562552, 51.3923814]], [[-0.0338289, 51.4113977], [-0.0341645, 51.4113788]], [[-0.0341645, 51.4113788], [-0.0353636, 51.4112897]], [[-0.0409806, 51.4102989], [-0.0427281, 51.4097824]], [[-0.0616584, 51.4004468], [-0.0600046, 51.3993949], [-0.0596608, 51.3989087], [-0.0599724, 51.3983551], [-0.061202, 51.3978832], [-0.061698, 51.3974715], [-0.0617181, 51.3968958], [-0.061148, 51.3954164], [-0.0603293, 51.3944959], [-0.0576351, 51.3931074], [-0.0573178, 51.3926135], [-0.0574574, 51.3921587]], [[-0.0574574, 51.3921587], [-0.0577047, 51.3919405]], [[-0.0489996, 51.407045], [-0.0502546, 51.4063757], [-0.0506186, 51.4062255]], [[-0.0560018, 51.3931064], [-0.0577047, 51.3919405]], [[-0.0577047, 51.3919405], [-0.0635033, 51.3880458], [-0.0661048, 51.3866986], [-0.0694128, 51.3854472], [-0.0711035, 51.3843445], [-0.0724657, 51.3828484], [-0.0730844, 51.3811811]], [[-0.0730844, 51.3811811], [-0.0735027, 51.3769741], [-0.0738497, 51.376038], [-0.0746836, 51.3748148]], [[-0.0762018, 51.3731956], [-0.0754574, 51.3741069], [-0.0756051, 51.3743138], [-0.0761767, 51.3745173]], [[-0.0827107, 51.3660306], [-0.079839, 51.3692219]], [[-0.0827954, 51.3659251], [-0.0827107, 51.3660306]], [[-0.0189958, 51.3438797], [-0.0205467, 51.3456848], [-0.021744, 51.3468174], [-0.024842, 51.351952], [-0.0257522, 51.3526934], [-0.0309571, 51.3556697]], [[-0.0309571, 51.3556697], [-0.0321844, 51.3561922], [-0.0343742, 51.3561568], [-0.0352321, 51.3557478], [-0.0366267, 51.3547518], [-0.037121, 51.354179], [-0.037509, 51.3540302], [-0.0409289, 51.3548212], [-0.0440171, 51.3544841], [-0.0468178, 51.3547847], [-0.0488708, 51.3552706], [-0.0509728, 51.3560463], [-0.0540669, 51.3576772], [-0.0556904, 51.3582798], [-0.0561911, 51.3590176], [-0.0567521, 51.3593039], [-0.0582916, 51.3596489], [-0.0612921, 51.3598854], [-0.0621372, 51.3601382], [-0.0635592, 51.3608413], [-0.0649298, 51.3621176], [-0.0661262, 51.3627073], [-0.0698292, 51.3631695], [-0.0727185, 51.3632072], [-0.0777517, 51.36395]], [[-0.0777517, 51.36395], [-0.0833063, 51.3645082], [-0.0835351, 51.364665], [-0.0835723, 51.3648744], [-0.0827954, 51.3659251]], [[-0.0779031, 51.3713134], [-0.0762018, 51.3731956]], [[-0.018403, 51.3432566], [-0.0174316, 51.3426682]], [[-0.1865552, 51.40578], [-0.186403, 51.4057056]], [[-0.1867982, 51.4058963], [-0.1865552, 51.40578]], [[-0.1834355, 51.4041421], [-0.186403, 51.4057056]], [[-0.1869213, 51.4059566], [-0.1867982, 51.4058963]], [[-0.1737535, 51.3981577], [-0.1753635, 51.3989581], [-0.1834355, 51.4041421]], [[-0.1915007, 51.4082044], [-0.1989669, 51.4118268], [-0.2004481, 51.4128399], [-0.2027495, 51.4149193], [-0.2042059, 51.4157069], [-0.206396, 51.4165518], [-0.2071107, 51.4169923], [-0.2078266, 51.4177658], [-0.2080381, 51.4183673], [-0.208004, 51.4192277], [-0.2075632, 51.4199179]], [[-0.1122873, 51.3732125], [-0.1133114, 51.3734264], [-0.1140838, 51.3737647], [-0.1145717, 51.3741151], [-0.1202731, 51.3790082], [-0.1237352, 51.3823449], [-0.1276702, 51.3850426], [-0.129983, 51.3859599]], [[-0.129983, 51.3859599], [-0.1302356, 51.3860444]], [[-0.1302356, 51.3860444], [-0.1308044, 51.3862652], [-0.1320494, 51.3869416], [-0.1346854, 51.3877947], [-0.1384282, 51.3883862]], [[-0.1384282, 51.3883862], [-0.1387911, 51.3884728]], [[-0.1387911, 51.3884728], [-0.1524511, 51.3916936]], [[-0.0934045, 51.3747353], [-0.0930878, 51.3747958]], [[-0.132237, 51.3867323], [-0.1335146, 51.3871462]], [[-0.1334735, 51.3871958], [-0.1321982, 51.3867791]], [[-0.091821, 51.3750573], [-0.0922385, 51.3749669]], [[-0.0794541, 51.3750501], [-0.0791686, 51.3750757]], [[-0.0731074, 51.3814435], [-0.0730844, 51.3811811]], [[-0.1391025, 51.3885815], [-0.1387911, 51.3884728]], [[-0.1296598, 51.3858906], [-0.129983, 51.3859599]], [[-0.0773758, 51.3639546], [-0.0777517, 51.36395]], [[-0.0307202, 51.3555693], [-0.0309571, 51.3556697]], [[-0.1365147, 51.388002], [-0.1344007, 51.3873399]], [[-0.1335146, 51.3871462], [-0.1340493, 51.387292]], [[-0.1340769, 51.387337], [-0.1361762, 51.3879985]], [[-0.132237, 51.3867323], [-0.1311604, 51.3863546]], [[-0.1321982, 51.3867791], [-0.1313588, 51.3864772]], [[-0.1347165, 51.3873447], [-0.1368335, 51.3880081]], [[-0.2076941, 51.4195363], [-0.208022, 51.4187019]], [[-0.1374069, 51.3880447], [-0.1357779, 51.3875773]], [[-0.051075, 51.3968398], [-0.0519554, 51.3961636], [-0.0523477, 51.3957648]], [[-0.1350812, 51.3873527], [-0.1340493, 51.387292]], [[-0.1340493, 51.387292], [-0.1334735, 51.3871958]], [[-0.1054365, 51.3743406], [-0.1033391, 51.3761686], [-0.1029291, 51.3775772], [-0.1019954, 51.3783525], [-0.1015096, 51.3792627], [-0.100393, 51.3796629], [-0.0999818, 51.3796392]], [[-0.0999818, 51.3796392], [-0.0995137, 51.3780031], [-0.0967184, 51.3743785], [-0.0963978, 51.3742781], [-0.0950908, 51.3744288]], [[-0.0950908, 51.3744288], [-0.0934045, 51.3747353]], [[-0.1915007, 51.4082044], [-0.1869213, 51.4059566]], [[-0.1725536, 51.397768], [-0.1688473, 51.3972533], [-0.1675526, 51.3969107], [-0.1668264, 51.3966453], [-0.1660113, 51.3962737], [-0.163005, 51.3944764], [-0.1598578, 51.3934311]], [[-0.1737535, 51.3981577], [-0.1725536, 51.397768]], [[-0.1598578, 51.3934311], [-0.1613397, 51.3937869], [-0.162814, 51.3943604], [-0.1661333, 51.3963127], [-0.167519, 51.3968778], [-0.1691387, 51.3972837], [-0.1725536, 51.397768]], [[-0.2058463, 51.4210662], [-0.2050412, 51.421556]], [[-0.0786033, 51.3705094], [-0.0798059, 51.3692094]], [[-0.0779161, 51.3712285], [-0.078565, 51.3705483]], [[-0.0779637, 51.3712454], [-0.0779031, 51.3713134]], [[-0.0786179, 51.3705656], [-0.0779637, 51.3712454]], [[-0.0778592, 51.3712978], [-0.0779161, 51.3712285]], [[-0.078565, 51.3705483], [-0.0786033, 51.3705094]], [[-0.079839, 51.3692219], [-0.0786547, 51.3705262]], [[-0.0786547, 51.3705262], [-0.0786179, 51.3705656]], [[-0.018403, 51.3432566], [-0.0175057, 51.3426259]], [[-0.2074363, 51.4200565], [-0.2075632, 51.4199179]], [[-0.1585295, 51.3930128], [-0.1598578, 51.3934311]], [[-0.0427281, 51.4097824], [-0.0414915, 51.4101622], [-0.0409806, 51.4102989]], [[-0.0427281, 51.4097824], [-0.043575, 51.4094889]], [[-0.0272087, 51.4109183], [-0.0264062, 51.410775]], [[-0.0950908, 51.3744288], [-0.0953778, 51.3743579]], [[-0.1562552, 51.3923814], [-0.1585295, 51.3930128]], [[-0.2054816, 51.4212978], [-0.2058463, 51.4210662]], [[-0.2050412, 51.421556], [-0.2041839, 51.4221942]], [[-0.0264385, 51.4107268], [-0.0272087, 51.4109183]], [[-0.0264062, 51.410775], [-0.0261587, 51.4107184]], [[-0.0174316, 51.3426682], [-0.0172333, 51.3425375]], [[-0.0175057, 51.3426259], [-0.0173036, 51.3424922]], [[-0.0495263, 51.3983499], [-0.0495135, 51.3983618]], [[-0.10477, 51.3738463], [-0.1053385, 51.3740203]], [[-0.0746836, 51.3748148], [-0.0751473, 51.3743825], [-0.0753923, 51.3743458], [-0.075787, 51.3744194]], [[-0.075787, 51.3744194], [-0.0761767, 51.3745173]], [[-0.0761524, 51.3745478], [-0.0754513, 51.3743876], [-0.0750085, 51.3745174]], [[-0.0609833, 51.4018083], [-0.0621734, 51.4015421], [-0.0624561, 51.401309], [-0.0623662, 51.4009344], [-0.0616584, 51.4004468]], [[-0.1549111, 51.3920363], [-0.154283, 51.3919811]], [[-0.2058463, 51.4210662], [-0.2058897, 51.4210384]], [[-0.1062814, 51.3750326], [-0.1062197, 51.3745898]]]}, "properties": {"route": "Tramlink", "mode": "rail", "color": "#84B817"}}, {"type": "Feature", "geometry": {"type": "MultiLineString", "coordinates": [[[-0.2831028, 51.4802434], [-0.2840778, 51.4788828], [-0.2848378, 51.4773683], [-0.2871404, 51.46962], [-0.2875945, 51.4685894], [-0.2880388, 51.4678824]], [[-0.3012627, 51.4631062], [-0.2992432, 51.4632972]], [[-0.2737614, 51.4925324], [-0.274945, 51.491822]], [[-0.2884181, 51.4674158], [-0.2890826, 51.4666149], [-0.2898658, 51.4658504], [-0.2905369, 51.4653069], [-0.2911356, 51.4649558], [-0.291749, 51.4647051], [-0.2925583, 51.4644948], [-0.295786, 51.4639455]], [[-0.2880897, 51.467895], [-0.2871801, 51.4696214], [-0.2850131, 51.4770773], [-0.284161, 51.4788167], [-0.2831428, 51.4802656]], [[-0.2785602, 51.4847451], [-0.2800402, 51.4833106]], [[-0.2800402, 51.4833106], [-0.2829311, 51.480446]], [[-0.2829311, 51.480446], [-0.2831028, 51.4802434]], [[-0.2772961, 51.4864018], [-0.2778085, 51.4855904], [-0.2783126, 51.4849954]], [[-0.277246, 51.4865017], [-0.2772961, 51.4864018]], [[-0.2766931, 51.4890019], [-0.2769032, 51.487359], [-0.277246, 51.4865017]], [[-0.2766379, 51.4893583], [-0.2766931, 51.4890019]], [[-0.2767194, 51.4893877], [-0.2762292, 51.4906551], [-0.2752284, 51.4917334]], [[-0.2767615, 51.4890341], [-0.2767194, 51.4893877]], [[-0.2773387, 51.4864213], [-0.2772885, 51.4865216]], [[-0.2880388, 51.4678824], [-0.2884181, 51.4674158]], [[-0.2831428, 51.4802656], [-0.2829741, 51.4804678]], [[-0.296835, 51.463754], [-0.2957998, 51.4639761]], [[-0.2785925, 51.484767], [-0.2784278, 51.4849333]], [[-0.297618, 51.4636113], [-0.2982392, 51.4635235]], [[-0.2829741, 51.4804678], [-0.280078, 51.4833326]], [[-0.2772885, 51.4865216], [-0.2769713, 51.4873669], [-0.2767615, 51.4890341]], [[-0.2957998, 51.4639761], [-0.2924853, 51.4645468], [-0.2912388, 51.4649463], [-0.2898339, 51.4659334], [-0.2884582, 51.4674267]], [[-0.296835, 51.463754], [-0.297618, 51.4636113]], [[-0.280078, 51.4833326], [-0.2785925, 51.484767]], [[-0.3011125, 51.4632722], [-0.3012941, 51.4632576]], [[-0.2992507, 51.4633408], [-0.3010931, 51.4631788]], [[-0.2992432, 51.4632972], [-0.298149, 51.4635145]], [[-0.2884582, 51.4674267], [-0.2880897, 51.467895]], [[-0.274945, 51.491822], [-0.275114, 51.4916831]], [[-0.275114, 51.4916831], [-0.2760729, 51.4906405], [-0.2766379, 51.4893583]], [[-0.2750445, 51.4918675], [-0.2738102, 51.4925676]], [[-0.2752284, 51.4917334], [-0.2750445, 51.4918675]], [[-0.295786, 51.4639455], [-0.296835, 51.463754]], [[-0.297618, 51.4636113], [-0.298149, 51.4635145]], [[-0.2982392, 51.4635235], [-0.2992678, 51.463421]], [[-0.298149, 51.4635145], [-0.2992507, 51.4633408]], [[-0.2992678, 51.463421], [-0.3011125, 51.4632722]], [[-0.3010931, 51.4631788], [-0.3012747, 51.4631642]], [[-0.2783445, 51.4850191], [-0.2773387, 51.4864213]], [[-0.2783126, 51.4849954], [-0.278395, 51.4849091]], [[-0.2784278, 51.4849333], [-0.2783445, 51.4850191]], [[-0.278395, 51.4849091], [-0.2785602, 51.4847451]]]}, "properties": {"route": "Overground", "mode": "rail", "color": "#EE7C0E"}}, {"type": "Feature", "geometry": {"type": "MultiLineString", "coordinates": [[[-0.0800042, 51.5796031], [-0.0823807, 51.5781403], [-0.0856643, 51.5749591], [-0.0870317, 51.5739396], [-0.0878851, 51.5735131], [-0.0955821, 51.5708457], [-0.098779, 51.5701041], [-0.1032607, 51.5693998], [-0.1044654, 51.5689969], [-0.1052448, 51.5684487], [-0.1055312, 51.5680606], [-0.1062634, 51.5655473]], [[-0.1304706, 51.5290805], [-0.1291599, 51.5294367]], [[-0.1291599, 51.5294367], [-0.1237215, 51.530405], [-0.1208822, 51.5311881]], [[-0.1435382, 51.5080795], [-0.1437469, 51.5091406], [-0.1436604, 51.5099587], [-0.1423529, 51.5127321], [-0.1420502, 51.5143572], [-0.1425939, 51.5166083], [-0.1426316, 51.5176237]], [[-0.1212298, 51.4729947], [-0.123811, 51.4707186], [-0.1246261, 51.4695797], [-0.1247808, 51.4689548]], [[-0.1064317, 51.5640102], [-0.1068335, 51.5617738], [-0.1068436, 51.5592914]], [[-0.1068436, 51.5592914], [-0.1067607, 51.557599], [-0.1056903, 51.5529247], [-0.1048083, 51.5505002]], [[-0.1247808, 51.4689548], [-0.1247975, 51.4676099], [-0.1243082, 51.4664666], [-0.1233219, 51.465346], [-0.1221524, 51.4645797], [-0.1195184, 51.4636202], [-0.1135491, 51.4624759]], [[-0.1426316, 51.5176237], [-0.1426426, 51.5186805]], [[-0.1417451, 51.5129218], [-0.1432583, 51.5106343], [-0.1435347, 51.5092739], [-0.1432069, 51.5080752], [-0.1414442, 51.5055896], [-0.1403449, 51.5028305], [-0.140124, 51.5017842], [-0.1403655, 51.5005395], [-0.140771, 51.4996085], [-0.1425213, 51.4972281]], [[-0.1426426, 51.5186805], [-0.1426483, 51.5202063], [-0.14145702857797893, 51.52209105430017]], [[-0.14145702857797893, 51.52209105430017], [-0.1397455, 51.5235686]], [[-0.1339879, 51.5278552], [-0.1304706, 51.5290805]], [[-0.1372745, 51.5258577], [-0.1363962, 51.5265421], [-0.1339879, 51.5278552]], [[-0.1210137, 51.5313319], [-0.1240429, 51.5304743], [-0.1284599, 51.5297542], [-0.1335572, 51.5282066], [-0.1355352, 51.5272812], [-0.1364331, 51.5266798], [-0.1401454, 51.5235041]], [[-0.0931973, 51.3617515], [-0.0933876, 51.3607148]], [[-0.1426533, 51.4972813], [-0.1410038, 51.4996495], [-0.1403343, 51.5017901], [-0.1405476, 51.5028081], [-0.1414815, 51.5050369], [-0.1435382, 51.5080795]], [[-0.0767917, 51.5814729], [-0.0746692, 51.5824003]], [[-0.0746692, 51.5824003], [-0.0721357, 51.5834937]], [[-0.0721357, 51.5834937], [-0.070914, 51.5842585]], [[-0.0807738, 51.5793669], [-0.0796348, 51.5799756]], [[-0.142227, 51.5176523], [-0.1414978, 51.5143448], [-0.1416089, 51.5132326]], [[-0.1416089, 51.5132326], [-0.1417451, 51.5129218]], [[-0.0550333, 51.5874512], [-0.0588795, 51.5880051], [-0.0631228, 51.5876767], [-0.065179, 51.5870264], [-0.0720425, 51.5833671]], [[-0.0549893, 51.5876042], [-0.0514956, 51.5867389], [-0.0500664, 51.5865445], [-0.0435775, 51.5869541], [-0.038833, 51.5866414], [-0.0208991, 51.5830831]], [[-0.0727884, 51.5834588], [-0.070914, 51.5842585]], [[-0.070914, 51.5842585], [-0.0651712, 51.5873599], [-0.0631872, 51.5879583], [-0.0595332, 51.5882541], [-0.0549893, 51.5876042]], [[-0.1437674, 51.4935941], [-0.1434109, 51.4916432], [-0.143024, 51.4910098], [-0.1417263, 51.4901796], [-0.139084, 51.4895616], [-0.1329187, 51.4890755], [-0.1301236, 51.488485], [-0.1283721, 51.4878393], [-0.1243434, 51.4859279], [-0.1223854, 51.4848015], [-0.1217043, 51.4840512], [-0.1213306, 51.4833565], [-0.1192857, 51.4764757], [-0.1193655, 51.4754385], [-0.1197089, 51.474595], [-0.1212298, 51.4729947]], [[-0.1208822, 51.5311881], [-0.1202915, 51.5314053]], [[-0.1202915, 51.5314053], [-0.1055657, 51.5382972]], [[-0.1029069, 51.5427158], [-0.1031766, 51.5450042], [-0.1036984, 51.5467941]], [[-0.1055657, 51.5382972], [-0.10437769843865999, 51.53911689143655]], [[-0.10437769843865999, 51.53911689143655], [-0.1037894, 51.539671], [-0.103167, 51.5407735], [-0.1029069, 51.5427158]], [[-0.1433883, 51.4957774], [-0.1438091, 51.4942877]], [[-0.1438091, 51.4942877], [-0.1438779, 51.4935921]], [[-0.144007, 51.4935958], [-0.1439482, 51.494298]], [[-0.1439482, 51.494298], [-0.1436586, 51.4958365]], [[-0.14388, 51.4923187], [-0.144007, 51.4935958]], [[-0.144007, 51.4935958], [-0.14391151492266735, 51.493929635902006]], [[-0.14391151492266735, 51.493929635902006], [-0.1438091, 51.4942877]], [[-0.1437427, 51.492333], [-0.1438779, 51.4935921]], [[-0.1438779, 51.4935921], [-0.14391151492266735, 51.493929635902006]], [[-0.14391151492266735, 51.493929635902006], [-0.1439482, 51.494298]], [[-0.1032773, 51.5468257], [-0.1021366, 51.5445996], [-0.1020294, 51.5430769], [-0.1021689, 51.5421714], [-0.1027767, 51.5407174], [-0.1032224, 51.5400705], [-0.10437769843865999, 51.53911689143655]], [[-0.10437769843865999, 51.53911689143655], [-0.1203976, 51.5315338]], [[-0.1203976, 51.5315338], [-0.1210137, 51.5313319]], [[-0.1066226, 51.5651495], [-0.106125, 51.5673585], [-0.1057608, 51.5681561], [-0.1046358, 51.5690993], [-0.103358, 51.5695198], [-0.0988524, 51.570218], [-0.0956396, 51.5709279], [-0.0879755, 51.5736177], [-0.0871665, 51.5740288], [-0.0858377, 51.5750234], [-0.0825543, 51.5781944], [-0.0807738, 51.5793669]], [[-0.1397455, 51.5235686], [-0.1372745, 51.5258577]], [[-0.1433883, 51.4957774], [-0.1437674, 51.4935941]], [[-0.1436586, 51.4958365], [-0.1426533, 51.4972813]], [[-0.1401454, 51.5235041], [-0.14145702857797893, 51.52209105430017]], [[-0.14145702857797893, 51.52209105430017], [-0.1423126, 51.5198978], [-0.142227, 51.5176523]], [[-0.0208991, 51.5830831], [-0.0199949, 51.582941]], [[-0.0209383, 51.5830256], [-0.039829, 51.5866592], [-0.0435144, 51.5868129], [-0.0500647, 51.5864144], [-0.0515506, 51.5866133], [-0.0550333, 51.5874512]], [[-0.1425213, 51.4972281], [-0.1433883, 51.4957774]], [[-0.1078024, 51.4589645], [-0.1113425, 51.4616015], [-0.1123521, 51.4620538], [-0.1136141, 51.4623466]], [[-0.0720425, 51.5833671], [-0.0760568, 51.5816008], [-0.0800042, 51.5796031]], [[-0.0796348, 51.5799756], [-0.0767917, 51.5814729]], [[-0.0767917, 51.5814729], [-0.0751139, 51.5824478], [-0.0727884, 51.5834588]], [[-0.2323544, 51.5244279], [-0.229869, 51.5220838]], [[-0.1048083, 51.5505002], [-0.1032773, 51.5468257]], [[-0.1068041, 51.5640293], [-0.1066226, 51.5651495]], [[-0.1036984, 51.5467941], [-0.1067355, 51.555199], [-0.1070661, 51.5576026], [-0.1069176, 51.5592866]], [[-0.1063067, 51.5651517], [-0.1064317, 51.5640102]], [[-0.1062634, 51.5655473], [-0.1063067, 51.5651517]], [[-0.1136141, 51.4623466], [-0.1202909, 51.4635917], [-0.121961, 51.464121], [-0.123236, 51.4646857], [-0.1242804, 51.465407], [-0.1250697, 51.4662085], [-0.1255491, 51.4670015], [-0.1258014, 51.4679003], [-0.1257789, 51.4688554], [-0.1256959, 51.4694342], [-0.1252636, 51.4702226], [-0.1232026, 51.4719112], [-0.1222451, 51.4731642], [-0.1210684, 51.4742971], [-0.1204695, 51.4751219], [-0.1199464, 51.4764156], [-0.1199615, 51.4775328], [-0.1212077, 51.4822695], [-0.1216691, 51.4834535], [-0.1225806, 51.4846975], [-0.1285958, 51.4877197], [-0.1302772, 51.4883418], [-0.1329542, 51.4888907], [-0.1391708, 51.4893583], [-0.1409728, 51.4897824], [-0.1425437, 51.4904159], [-0.1432358, 51.4909463], [-0.1440071, 51.492305], [-0.1441467, 51.4936013], [-0.1439564, 51.494976], [-0.1436586, 51.4958365]], [[-0.1135491, 51.4624759], [-0.1122761, 51.4621802], [-0.1112061, 51.4617043], [-0.1076797, 51.4589924]], [[-0.0199245, 51.582818], [-0.0209383, 51.5830256]], [[-0.1202915, 51.5314053], [-0.119764, 51.5317004]], [[-0.119764, 51.5317004], [-0.1180252, 51.5325208]], [[-0.1203976, 51.5315338], [-0.119764, 51.5317004]], [[-0.1070818, 51.561732], [-0.1068041, 51.5640293]], [[-0.1069176, 51.5592866], [-0.1069216, 51.560856], [-0.1070818, 51.561732]]]}, "properties": {"route": "Victoria", "mode": "rail", "color": "#0098D4"}}, {"type": "Feature", "geometry": {"type": "MultiLineString", "coordinates": [[[-0.1766735, 51.5170476], [-0.1779188, 51.5185295], [-0.1786596, 51.5197706], [-0.182428, 51.5223374]], [[-0.1962827, 51.5354516], [-0.1951783, 51.5353902], [-0.1920827, 51.5344061]], [[-0.2250489, 51.5305349], [-0.2292287, 51.5302739]], [[-0.1626501, 51.5223201], [-0.1652279, 51.5221602]], [[-0.1652279, 51.5221602], [-0.1692393, 51.5209072], [-0.1702657, 51.5204413]], [[-0.1120769, 51.4986724], [-0.1129998, 51.4991285]], [[-0.1129998, 51.4991285], [-0.1134151, 51.4993188]], [[-0.1134151, 51.4993188], [-0.1145734, 51.4998636]], [[-0.2250489, 51.5305349], [-0.2205239, 51.5310241], [-0.2121947, 51.5328279], [-0.2098562, 51.533183]], [[-0.1022601, 51.4966234], [-0.1046487, 51.4983825], [-0.1060327, 51.4985151]], [[-0.1462254, 51.5229585], [-0.1469105, 51.5241661]], [[-0.1441839, 51.5183804], [-0.1462254, 51.5229585]], [[-0.1469105, 51.5241661], [-0.1476505, 51.5246987], [-0.1488339, 51.5247635], [-0.1541691, 51.5238926], [-0.158137, 51.5229875]], [[-0.1259933, 51.507163], [-0.1302171, 51.5075807]], [[-0.1302171, 51.5075807], [-0.1310083, 51.5077164], [-0.1314852, 51.5080402]], [[-0.2038549, 51.5343162], [-0.2033052, 51.5343554]], [[-0.3357402, 51.5924598], [-0.3352928, 51.5922299]], [[-0.3357402, 51.5924598], [-0.3376703, 51.593418]], [[-0.3357402, 51.5924598], [-0.3353731, 51.5923356]], [[-0.1259385, 51.5072077], [-0.1224109, 51.5064767], [-0.118924, 51.5047638], [-0.1157949, 51.5039998]], [[-0.1296846, 51.5075914], [-0.1277331, 51.5075028], [-0.1259385, 51.5072077]], [[-0.1013036, 51.4958111], [-0.1007703, 51.4954111]], [[-0.110884, 51.4984143], [-0.1098775, 51.4983435], [-0.1059791, 51.4985939]], [[-0.1006719, 51.4955434], [-0.1002001, 51.4950555], [-0.099123, 51.4935075]], [[-0.1921027, 51.5343765], [-0.1952895, 51.5352281], [-0.1962879, 51.535283]], [[-0.1045656, 51.4984428], [-0.1021568, 51.4966742]], [[-0.2063519, 51.5338431], [-0.2033052, 51.5343554]], [[-0.2048001, 51.5341642], [-0.2038549, 51.5343162]], [[-0.2038549, 51.5343162], [-0.2015153, 51.5347052]], [[-0.2015153, 51.5347052], [-0.2008834, 51.5348153]], [[-0.2071103, 51.5337843], [-0.2066129, 51.5338748]], [[-0.1007703, 51.4954111], [-0.100075, 51.4947851], [-0.0990955, 51.4932887]], [[-0.101666, 51.4962905], [-0.1011026, 51.495876]], [[-0.182428, 51.5223374], [-0.1835698, 51.5230247], [-0.1840665, 51.5236963]], [[-0.1840665, 51.5236963], [-0.1841388, 51.5245912], [-0.1840984, 51.5252648], [-0.1838331, 51.5260692], [-0.1833565, 51.5270259], [-0.1832933, 51.5273331], [-0.1837539, 51.5280177], [-0.1859863, 51.5297951]], [[-0.1839538, 51.5237134], [-0.1823427, 51.5223652]], [[-0.1741996, 51.5161168], [-0.1733032, 51.5164203], [-0.1720769, 51.5175834], [-0.1715582, 51.5183501], [-0.1710754, 51.5197573]], [[-0.1962879, 51.535283], [-0.201502, 51.534671]], [[-0.2008834, 51.5348153], [-0.1962827, 51.5354516]], [[-0.1858544, 51.529847], [-0.1836814, 51.528057], [-0.1833055, 51.52745], [-0.1832719, 51.5273343], [-0.183335, 51.5270204], [-0.1840709, 51.5252608], [-0.1840987, 51.5242869], [-0.1839538, 51.5237134]], [[-0.1823427, 51.5223652], [-0.1785834, 51.5198078], [-0.1776138, 51.5182414], [-0.1769842, 51.5175344]], [[-0.1710211, 51.5197102], [-0.1716244, 51.5181362]], [[-0.1419346, 51.5154771], [-0.1416266, 51.5145135], [-0.1412321, 51.5139331], [-0.1381169, 51.5103588], [-0.1373854, 51.5100082], [-0.1362104, 51.5099071]], [[-0.1011026, 51.495876], [-0.1006719, 51.4955434]], [[-0.1016865, 51.4961745], [-0.1013036, 51.4958111]], [[-0.1766735, 51.5170476], [-0.1762551, 51.5169058]], [[-0.2098562, 51.533183], [-0.2091051, 51.5333143]], [[-0.2099441, 51.5333132], [-0.2088321, 51.5334709]], [[-0.2091051, 51.5333143], [-0.2087854, 51.533371]], [[-0.2088321, 51.5334709], [-0.2073294, 51.5337472]], [[-0.2087854, 51.533371], [-0.2072776, 51.5336326]], [[-0.2073294, 51.5337472], [-0.2071103, 51.5337843]], [[-0.2071103, 51.5337843], [-0.2048001, 51.5341642]], [[-0.2072776, 51.5336326], [-0.2063519, 51.5338431]], [[-0.1019108, 51.4964819], [-0.1020777, 51.4965495]], [[-0.1020777, 51.4965495], [-0.1022601, 51.4966234]], [[-0.1021568, 51.4966742], [-0.1020777, 51.4965495]], [[-0.1020777, 51.4965495], [-0.1019912, 51.4964129]], [[-0.1022601, 51.4966234], [-0.1019912, 51.4964129]], [[-0.1019912, 51.4964129], [-0.1016865, 51.4961745]], [[-0.1021568, 51.4966742], [-0.1019108, 51.4964819]], [[-0.1019108, 51.4964819], [-0.101666, 51.4962905]], [[-0.1060327, 51.4985151], [-0.1093909, 51.4982761]], [[-0.1059791, 51.4985939], [-0.1045656, 51.4984428]], [[-0.1093909, 51.4982761], [-0.1109182, 51.4983451], [-0.1120769, 51.4986724]], [[-0.1129998, 51.4991285], [-0.1131828, 51.4992445]], [[-0.1131828, 51.4992445], [-0.113363, 51.4993587]], [[-0.1134151, 51.4993188], [-0.1131828, 51.4992445]], [[-0.1131828, 51.4992445], [-0.1129515, 51.4991705]], [[-0.1148184, 51.5029231], [-0.1151349, 51.5006794], [-0.1150437, 51.5002409], [-0.1145654, 51.499908]], [[-0.1157949, 51.5039998], [-0.115446, 51.5038842], [-0.11521, 51.5037589], [-0.1149739, 51.503542], [-0.114813, 51.5031525], [-0.1148184, 51.5029231]], [[-0.1314852, 51.5080402], [-0.132617, 51.5094911], [-0.133298, 51.5100003], [-0.1357011, 51.5099163]], [[-0.1357011, 51.5099163], [-0.1365106, 51.5098538], [-0.1372662, 51.5099219], [-0.1381779, 51.5103571]], [[-0.1381779, 51.5103571], [-0.141065, 51.5136367], [-0.141648, 51.5144875], [-0.1422483, 51.5162613]], [[-0.1422483, 51.5162613], [-0.1429848, 51.5176713], [-0.1440783, 51.5182741], [-0.1441839, 51.5183804]], [[-0.158137, 51.5229875], [-0.1616064, 51.5224191], [-0.1626501, 51.5223201]], [[-0.1716244, 51.5181362], [-0.1726338, 51.5168863], [-0.1732475, 51.5163962], [-0.1742675, 51.5159857]], [[-0.1742675, 51.5159857], [-0.1753726, 51.5160675], [-0.1766735, 51.5170476]], [[-0.1859863, 51.5297951], [-0.1905424, 51.5336567], [-0.1921027, 51.5343765]], [[-0.2033052, 51.5343554], [-0.201502, 51.534671]], [[-0.1920827, 51.5344061], [-0.1902457, 51.5335442], [-0.1858544, 51.529847]], [[-0.1769842, 51.5175344], [-0.1762551, 51.5169058]], [[-0.1762551, 51.5169058], [-0.1750716, 51.5161945]], [[-0.1750716, 51.5161945], [-0.1741996, 51.5161168]], [[-0.165248, 51.5221923], [-0.1616304, 51.5224492], [-0.158154, 51.5230191]], [[-0.1564509, 51.5234151], [-0.1539211, 51.5239697]], [[-0.1539211, 51.5239697], [-0.1488476, 51.524796], [-0.1479106, 51.5247921], [-0.1474235, 51.5246221], [-0.1468763, 51.5241763], [-0.146181, 51.5229676], [-0.1441335, 51.5183885]], [[-0.1441335, 51.5183885], [-0.1431115, 51.5178376]], [[-0.1431115, 51.5178376], [-0.142682, 51.5173139], [-0.1421295, 51.5160484], [-0.1419346, 51.5154771]], [[-0.1336725, 51.5100696], [-0.133271, 51.5100403], [-0.1327256, 51.5096864], [-0.1314463, 51.5080904]], [[-0.1357011, 51.5099163], [-0.1352266, 51.5100211]], [[-0.1362104, 51.5099071], [-0.1352266, 51.5100211]], [[-0.1352266, 51.5100211], [-0.1336725, 51.5100696]], [[-0.1314463, 51.5080904], [-0.1308182, 51.5077069], [-0.1296846, 51.5075914]], [[-0.1158091, 51.5039854], [-0.1191475, 51.5047959], [-0.1224657, 51.506432], [-0.1259933, 51.507163]], [[-0.1151854, 51.5009033], [-0.1148393, 51.5029215]], [[-0.1148393, 51.5029215], [-0.1149943, 51.503534], [-0.1158091, 51.5039854]], [[-0.1145734, 51.4998636], [-0.115086, 51.5002116], [-0.1151854, 51.5009033]], [[-0.1145654, 51.499908], [-0.113363, 51.4993587]], [[-0.113363, 51.4993587], [-0.1129515, 51.4991705]], [[-0.1129515, 51.4991705], [-0.110884, 51.4984143]], [[-0.158154, 51.5230191], [-0.1564509, 51.5234151]], [[-0.1679587, 51.5213641], [-0.165248, 51.5221923]], [[-0.1702657, 51.5204413], [-0.1708017, 51.5200787], [-0.1710211, 51.5197102]], [[-0.1710754, 51.5197573], [-0.1708245, 51.5201292], [-0.1700681, 51.5206066], [-0.169279, 51.5209451], [-0.1679587, 51.5213641]]]}, "properties": {"route": "Bakerloo", "mode": "rail", "color": "#8C4729"}}]}