{"type":"FeatureCollection","features":[{"type":"Feature","properties":{"LSOA21CD":"E01000136","LSOA21NM":"Barnet 038B","MEAN_PTAL_":"3","mean_AI":12.6686572293,"borough":"Camden"},"geometry":{"type":"Polygon","coordinates":[[[-0.185659,51.567053],[-0.186091,51.566941],[-0.186144,51.566922],[-0.186176,51.56691],[-0.186195,51.566903],[-0.186208,51.566898],[-0.186246,51.566881],[-0.186299,51.566859],[-0.186306,51.566856],[-0.186348,51.566837],[-0.186385,51.56682],[-0.186396,51.566814],[-0.186453,51.566787],[-0.186507,51.566761],[-0.186541,51.566744],[-0.186604,51.566712],[-0.18662,51.566703],[-0.186697,51.566661],[-0.186751,51.56663],[-0.186989,51.56647],[-0.186992,51.566467],[-0.187085,51.566335],[-0.187169,51.566213],[-0.187253,51.566184],[-0.187282,51.566169],[-0.187366,51.566126],[-0.187389,51.566118],[-0.187423,51.566106],[-0.187506,51.566085],[-0.187585,51.566073],[-0.187705,51.566054],[-0.187789,51.566031],[-0.187793,51.56603],[-0.187894,51.565995],[-0.187991,51.565952],[-0.18807,51.565917],[-0.188313,51.565838],[-0.18839,51.565813],[-0.18836,51.565774],[-0.188476,51.565703],[-0.188485,51.565697],[-0.188676,51.56558],[-0.188862,51.565569],[-0.189125,51.565553],[-0.189139,51.565549],[-0.189164,51.565541],[-0.189186,51.565533],[-0.189213,51.565522],[-0.189229,51.565516],[-0.189288,51.565481],[-0.189341,51.565436],[-0.189399,51.565357],[-0.189473,51.565298],[-0.189618,51.565256],[-0.189648,51.565227],[-0.189657,51.565219],[-0.189662,51.565214],[-0.189824,51.565058],[-0.189872,51.564968],[-0.189876,51.564961],[-0.189911,51.56481],[-0.18995,51.564742],[-0.189972,51.564703],[-0.189978,51.564685],[-0.189996,51.564629],[-0.189996,51.564586],[-0.189996,51.564582],[-0.189997,51.564527],[-0.190072,51.564187],[-0.190073,51.564182],[-0.19012,51.563972],[-0.19013,51.563828],[-0.19013,51.563823],[-0.190136,51.563753],[-0.190124,51.563562],[-0.19012,51.563498],[-0.190137,51.563443],[-0.190268,51.563023],[-0.19027,51.563018],[-0.190321,51.562854],[-0.190336,51.562807],[-0.190338,51.562801],[-0.190347,51.562768],[-0.190393,51.562685],[-0.190424,51.562625],[-0.190427,51.56262],[-0.190462,51.562556],[-0.190493,51.562512],[-0.190496,51.562509],[-0.190502,51.562501],[-0.190509,51.562491],[-0.190534,51.562457],[-0.190538,51.562449],[-0.190555,51.562418],[-0.190569,51.562374],[-0.19058,51.562342],[-0.190582,51.562329],[-0.190584,51.562322],[-0.190593,51.562263],[-0.190603,51.562207],[-0.190603,51.562204],[-0.190606,51.562195],[-0.190614,51.562159],[-0.190619,51.562142],[-0.190648,51.562022],[-0.190688,51.561976],[-0.1907,51.561962],[-0.190717,51.561946],[-0.190732,51.561932],[-0.190752,51.561913],[-0.190762,51.561905],[-0.190819,51.561852],[-0.190847,51.561825],[-0.190887,51.561789],[-0.190902,51.56178],[-0.190911,51.561774],[-0.190942,51.561755],[-0.191016,51.56171],[-0.191056,51.561693],[-0.191094,51.561678],[-0.191169,51.561648],[-0.191188,51.561643],[-0.191222,51.561634],[-0.191247,51.561628],[-0.191269,51.561623],[-0.19128,51.561621],[-0.191287,51.56162],[-0.191299,51.561618],[-0.191355,51.561609],[-0.191372,51.561607],[-0.191454,51.561602],[-0.191463,51.561602],[-0.191513,51.561598],[-0.191536,51.561596],[-0.191595,51.561592],[-0.191621,51.56159],[-0.191646,51.561588],[-0.19194,51.561567],[-0.192024,51.561561],[-0.192083,51.561556],[-0.192092,51.561556],[-0.1922,51.561548],[-0.192228,51.561546],[-0.192296,51.561541],[-0.192342,51.561517],[-0.192404,51.561485],[-0.192411,51.561481],[-0.192439,51.561467],[-0.192453,51.561459],[-0.192503,51.561478],[-0.192572,51.56149],[-0.192584,51.561492],[-0.19269,51.561505],[-0.192881,51.56153],[-0.192877,51.561549],[-0.192769,51.561544],[-0.192695,51.561541],[-0.192669,51.56154],[-0.192693,51.561549],[-0.192607,51.56188],[-0.192607,51.561883],[-0.192755,51.561917],[-0.19282,51.561915],[-0.192824,51.561916],[-0.192886,51.561929],[-0.192898,51.561929],[-0.19302,51.561925],[-0.193031,51.561927],[-0.193118,51.561942],[-0.193182,51.561938],[-0.193188,51.561939],[-0.193326,51.56196],[-0.19336,51.561972],[-0.193541,51.561976],[-0.193552,51.561979],[-0.193558,51.56198],[-0.193582,51.561983],[-0.193677,51.561993],[-0.193683,51.561994],[-0.193773,51.562025],[-0.193852,51.562026],[-0.193866,51.562028],[-0.193962,51.562048],[-0.193968,51.562049],[-0.194014,51.562074],[-0.194017,51.562076],[-0.194162,51.562106],[-0.194169,51.562107],[-0.194243,51.562151],[-0.19425,51.562162],[-0.194275,51.562198],[-0.194281,51.5622],[-0.19447,51.562265],[-0.194478,51.562272],[-0.194616,51.562385],[-0.194623,51.562391],[-0.194655,51.56245],[-0.194657,51.562454],[-0.194653,51.562457],[-0.194536,51.562737],[-0.194767,51.562816],[-0.194844,51.562834],[-0.194864,51.562838],[-0.195033,51.562877],[-0.195156,51.562905],[-0.195166,51.562907],[-0.195183,51.562911],[-0.195248,51.562926],[-0.195477,51.562986],[-0.19549,51.562989],[-0.195624,51.563076],[-0.195631,51.563081],[-0.195707,51.56313],[-0.19588,51.563242],[-0.195955,51.563291],[-0.196069,51.563365],[-0.19608,51.563372],[-0.196101,51.563353],[-0.196142,51.563316],[-0.196148,51.563335],[-0.196155,51.563356],[-0.196322,51.563576],[-0.196327,51.563584],[-0.196323,51.563587],[-0.195988,51.563812],[-0.196141,51.564005],[-0.196055,51.564195],[-0.196003,51.564257],[-0.19595,51.564299],[-0.195936,51.564325],[-0.195927,51.564343],[-0.195904,51.564368],[-0.195885,51.564407],[-0.195839,51.564459],[-0.195818,51.5645],[-0.195776,51.564552],[-0.19576,51.564588],[-0.195731,51.564629],[-0.195697,51.564719],[-0.195691,51.564727],[-0.195681,51.564779],[-0.195653,51.564837],[-0.195634,51.56486],[-0.195627,51.564868],[-0.195639,51.564892],[-0.195685,51.564988],[-0.195698,51.565058],[-0.195685,51.565138],[-0.195628,51.565241],[-0.195531,51.565306],[-0.195265,51.565403],[-0.195192,51.565416],[-0.195076,51.56561],[-0.195015,51.565672],[-0.19501,51.565709],[-0.195007,51.565731],[-0.194852,51.565945],[-0.195798,51.566164],[-0.195823,51.56617],[-0.195862,51.566096],[-0.195921,51.565987],[-0.195984,51.565869],[-0.196051,51.565882],[-0.196723,51.566009],[-0.197136,51.566087],[-0.197189,51.566097],[-0.197282,51.566115],[-0.197331,51.566124],[-0.197379,51.566185],[-0.197431,51.56625],[-0.19749,51.566325],[-0.197503,51.566341],[-0.197529,51.566373],[-0.197564,51.566418],[-0.197591,51.566452],[-0.197599,51.566462],[-0.197662,51.566542],[-0.19769,51.566576],[-0.197709,51.566601],[-0.197728,51.566625],[-0.197749,51.566651],[-0.197788,51.5667],[-0.197814,51.566732],[-0.197828,51.56675],[-0.197851,51.56678],[-0.19787,51.566803],[-0.197894,51.566834],[-0.19792,51.566866],[-0.197938,51.566888],[-0.197969,51.566925],[-0.198033,51.567004],[-0.19807,51.56705],[-0.198074,51.567055],[-0.198105,51.567093],[-0.198192,51.5672],[-0.198231,51.567248],[-0.198268,51.567293],[-0.198287,51.567317],[-0.198308,51.567343],[-0.198344,51.567386],[-0.198346,51.567389],[-0.198361,51.567408],[-0.198376,51.567426],[-0.198314,51.567429],[-0.198231,51.567433],[-0.198109,51.567437],[-0.197964,51.567442],[-0.19787,51.567445],[-0.19777,51.567446],[-0.197598,51.567447],[-0.197564,51.567447],[-0.197557,51.567447],[-0.197457,51.567441],[-0.197358,51.567434],[-0.197235,51.567427],[-0.197208,51.567425],[-0.197027,51.567409],[-0.196887,51.567396],[-0.196821,51.56739],[-0.196733,51.567383],[-0.196727,51.567382],[-0.196645,51.567375],[-0.19659,51.56737],[-0.196521,51.567364],[-0.196449,51.567357],[-0.196425,51.567355],[-0.19641,51.567354],[-0.196244,51.567339],[-0.196124,51.567326],[-0.196116,51.567325],[-0.19611,51.567325],[-0.196099,51.567323],[-0.196057,51.567318],[-0.195841,51.567286],[-0.195617,51.567246],[-0.195504,51.567228],[-0.195408,51.567208],[-0.195351,51.567198],[-0.195346,51.567202],[-0.195265,51.567189],[-0.195226,51.567269],[-0.195212,51.5673],[-0.195184,51.567359],[-0.195165,51.567399],[-0.195159,51.567412],[-0.195137,51.567448],[-0.195097,51.567514],[-0.19502,51.567644],[-0.195013,51.567657],[-0.194973,51.567733],[-0.194957,51.567763],[-0.194947,51.567782],[-0.194926,51.567822],[-0.194882,51.567912],[-0.194869,51.567938],[-0.194847,51.567983],[-0.194845,51.567991],[-0.194831,51.568028],[-0.194829,51.568037],[-0.194825,51.568057],[-0.194797,51.568197],[-0.194795,51.568207],[-0.194789,51.568235],[-0.194788,51.568238],[-0.194778,51.568288],[-0.194773,51.568414],[-0.194741,51.568415],[-0.194739,51.568433],[-0.194599,51.568438],[-0.194223,51.568441],[-0.194062,51.568439],[-0.194036,51.568438],[-0.193901,51.568436],[-0.193673,51.568433],[-0.193531,51.56843],[-0.19333,51.568427],[-0.19331,51.568427],[-0.193272,51.568426],[-0.193273,51.568462],[-0.19328,51.568585],[-0.193281,51.568592],[-0.193282,51.568618],[-0.193289,51.568745],[-0.19329,51.568754],[-0.19329,51.568768],[-0.193293,51.568808],[-0.193295,51.568854],[-0.193296,51.568865],[-0.193301,51.568963],[-0.193307,51.569068],[-0.193309,51.569103],[-0.19331,51.569114],[-0.193311,51.569141],[-0.19332,51.569295],[-0.193324,51.56938],[-0.19333,51.569473],[-0.19333,51.569478],[-0.19333,51.569488],[-0.193331,51.569524],[-0.193333,51.569597],[-0.193333,51.569628],[-0.193334,51.569649],[-0.193336,51.569776],[-0.193336,51.569783],[-0.193338,51.569871],[-0.193339,51.569925],[-0.19334,51.569961],[-0.19334,51.569974],[-0.193339,51.569994],[-0.193338,51.570034],[-0.193335,51.5701],[-0.19333,51.570217],[-0.193329,51.57024],[-0.193326,51.570339],[-0.193325,51.570345],[-0.193323,51.570403],[-0.193322,51.570425],[-0.193321,51.570465],[-0.19332,51.570468],[-0.193315,51.570514],[-0.193314,51.570522],[-0.193299,51.570651],[-0.193287,51.570751],[-0.193287,51.570756],[-0.193258,51.570998],[-0.193257,51.571011],[-0.193256,51.571025],[-0.193239,51.571158],[-0.193214,51.571365],[-0.193208,51.571364],[-0.193007,51.571334],[-0.192938,51.571324],[-0.192912,51.571321],[-0.192815,51.571312],[-0.192753,51.571307],[-0.192721,51.571304],[-0.192564,51.57129],[-0.192505,51.571281],[-0.192421,51.571268],[-0.192321,51.571254],[-0.192203,51.571236],[-0.192126,51.571225],[-0.191937,51.571197],[-0.191908,51.571192],[-0.191899,51.571191],[-0.191818,51.571179],[-0.191768,51.571172],[-0.191714,51.571164],[-0.191623,51.57115],[-0.191605,51.571147],[-0.191542,51.571138],[-0.191489,51.57113],[-0.191348,51.571109],[-0.191339,51.571108],[-0.191189,51.571086],[-0.191097,51.571072],[-0.190949,51.57105],[-0.190908,51.571044],[-0.190883,51.57104],[-0.190781,51.571025],[-0.190687,51.571011],[-0.19052,51.570987],[-0.190419,51.570972],[-0.190385,51.570967],[-0.190276,51.57095],[-0.190263,51.570948],[-0.190221,51.570939],[-0.19014,51.570923],[-0.190052,51.570905],[-0.189955,51.570885],[-0.189856,51.570865],[-0.189843,51.570862],[-0.189827,51.57086],[-0.189817,51.570858],[-0.189812,51.570857],[-0.189735,51.570843],[-0.189661,51.570831],[-0.189657,51.57083],[-0.189645,51.570828],[-0.189626,51.570824],[-0.189549,51.570811],[-0.189457,51.570795],[-0.189391,51.570783],[-0.18937,51.57078],[-0.189219,51.570741],[-0.189181,51.570731],[-0.189084,51.570699],[-0.189065,51.570692],[-0.189023,51.570677],[-0.188983,51.570663],[-0.188945,51.57065],[-0.188914,51.57064],[-0.188897,51.570634],[-0.188813,51.570608],[-0.188743,51.570586],[-0.188705,51.570574],[-0.188668,51.570563],[-0.188659,51.57056],[-0.188583,51.570537],[-0.188578,51.570535],[-0.18848,51.570505],[-0.188461,51.570499],[-0.188428,51.570489],[-0.188339,51.570461],[-0.188333,51.57046],[-0.188291,51.570447],[-0.188279,51.570443],[-0.188244,51.570432],[-0.188232,51.570429],[-0.188224,51.570426],[-0.188214,51.570423],[-0.188189,51.570415],[-0.188161,51.570407],[-0.188103,51.570389],[-0.188093,51.570386],[-0.188079,51.570381],[-0.187965,51.570346],[-0.187958,51.570344],[-0.187895,51.570325],[-0.187887,51.570322],[-0.18787,51.570317],[-0.187862,51.570315],[-0.187836,51.570307],[-0.187825,51.570303],[-0.187766,51.570285],[-0.187755,51.570281],[-0.187719,51.57027],[-0.187671,51.570256],[-0.187652,51.57025],[-0.187581,51.570228],[-0.187482,51.570197],[-0.187476,51.570196],[-0.187466,51.570193],[-0.187444,51.570186],[-0.187432,51.570182],[-0.187323,51.570148],[-0.187311,51.570145],[-0.187297,51.57014],[-0.187292,51.570139],[-0.187224,51.570118],[-0.187203,51.570108],[-0.187117,51.570067],[-0.187111,51.570064],[-0.187093,51.570056],[-0.187026,51.570024],[-0.187005,51.570013],[-0.186994,51.570009],[-0.186989,51.570006],[-0.186911,51.569964],[-0.1869,51.569958],[-0.186841,51.569926],[-0.186835,51.569923],[-0.186814,51.569909],[-0.186782,51.569889],[-0.186739,51.569862],[-0.186733,51.569858],[-0.186675,51.569821],[-0.186659,51.569812],[-0.186615,51.569783],[-0.186595,51.569771],[-0.186575,51.569761],[-0.18657,51.569758],[-0.186468,51.569705],[-0.186431,51.569686],[-0.186367,51.569653],[-0.186294,51.569615],[-0.186243,51.569588],[-0.186039,51.569482],[-0.185972,51.569447],[-0.185964,51.569443],[-0.185954,51.569438],[-0.185943,51.569431],[-0.185888,51.569397],[-0.185843,51.56937],[-0.185828,51.56936],[-0.185761,51.569318],[-0.185714,51.569288],[-0.185703,51.569282],[-0.185694,51.569276],[-0.185637,51.56924],[-0.185552,51.569186],[-0.18554,51.569179],[-0.18547,51.569135],[-0.185108,51.568887],[-0.18509,51.568872],[-0.185028,51.568821],[-0.184993,51.568792],[-0.184888,51.568706],[-0.18476,51.56861],[-0.184727,51.568586],[-0.184541,51.568462],[-0.184523,51.56845],[-0.184472,51.568416],[-0.184111,51.568253],[-0.184075,51.568237],[-0.183768,51.568098],[-0.183762,51.568096],[-0.183749,51.56809],[-0.183622,51.56804],[-0.183579,51.568024],[-0.183543,51.568009],[-0.183576,51.568001],[-0.183581,51.568],[-0.183693,51.567974],[-0.183575,51.56787],[-0.183567,51.567863],[-0.183545,51.567844],[-0.183458,51.567769],[-0.18359,51.567662],[-0.183639,51.567622],[-0.183669,51.567597],[-0.183676,51.567592],[-0.183686,51.567583],[-0.183787,51.567501],[-0.183801,51.567495],[-0.183983,51.567416],[-0.184057,51.567396],[-0.184169,51.567365],[-0.184436,51.567309],[-0.184726,51.567249],[-0.185065,51.567195],[-0.185217,51.567171],[-0.185659,51.567053]]]}},{"type":"Feature","properties":{"LSOA21CD":"E01000139","LSOA21NM":"Barnet 041B","MEAN_PTAL_":"2","mean_AI":8.7989439576,"borough":"Camden"},"geometry":{"type":"Polygon","coordinates":[[[-0.198422,51.562769],[-0.198415,51.562767],[-0.198405,51.562772],[-0.198251,51.562783],[-0.198237,51.562784],[-0.198185,51.562782],[-0.198127,51.562772],[-0.198026,51.562739],[-0.197951,51.562699],[-0.197933,51.56269],[-0.197919,51.562682],[-0.197889,51.562666],[-0.197882,51.562662],[-0.197887,51.562623],[-0.197899,51.562598],[-0.197901,51.562593],[-0.197919,51.562527],[-0.197915,51.562503],[-0.197922,51.562454],[-0.197931,51.562393],[-0.197936,51.562383],[-0.197935,51.562336],[-0.19794,51.562318],[-0.197875,51.56224],[-0.19785,51.562168],[-0.197849,51.562165],[-0.197852,51.562081],[-0.197905,51.562004],[-0.197944,51.561949],[-0.197957,51.561945],[-0.197962,51.561945],[-0.198019,51.561946],[-0.198031,51.561946],[-0.198074,51.561951],[-0.198089,51.561955],[-0.198138,51.56198],[-0.198158,51.561991],[-0.198181,51.562004],[-0.198324,51.562083],[-0.198329,51.562086],[-0.198341,51.562093],[-0.198418,51.562038],[-0.198564,51.561934],[-0.198638,51.561881],[-0.198645,51.561877],[-0.198667,51.561889],[-0.198671,51.561927],[-0.198676,51.561931],[-0.198779,51.562],[-0.198787,51.562004],[-0.198806,51.562018],[-0.19882,51.562025],[-0.198868,51.562061],[-0.198873,51.562066],[-0.198881,51.562071],[-0.198888,51.562076],[-0.198919,51.562098],[-0.198922,51.562099],[-0.19893,51.562103],[-0.198955,51.562115],[-0.19896,51.562118],[-0.198967,51.562123],[-0.198995,51.562143],[-0.199054,51.562173],[-0.199059,51.562177],[-0.199066,51.562183],[-0.199072,51.562185],[-0.19908,51.562189],[-0.199127,51.562224],[-0.19914,51.562233],[-0.199237,51.562279],[-0.199251,51.562286],[-0.199304,51.562304],[-0.199311,51.562302],[-0.199333,51.562295],[-0.199405,51.562273],[-0.199444,51.562261],[-0.199449,51.56226],[-0.199452,51.562258],[-0.199481,51.56224],[-0.199597,51.562167],[-0.199621,51.562152],[-0.199937,51.561906],[-0.199914,51.561884],[-0.199852,51.561838],[-0.199849,51.561835],[-0.199842,51.561714],[-0.199835,51.561686],[-0.199816,51.56164],[-0.199794,51.561587],[-0.199792,51.561581],[-0.199745,51.561523],[-0.199733,51.561508],[-0.199592,51.56158],[-0.199591,51.561566],[-0.199586,51.561469],[-0.199544,51.561432],[-0.199535,51.561424],[-0.199471,51.561367],[-0.199445,51.561344],[-0.199345,51.561296],[-0.199271,51.56126],[-0.199184,51.561217],[-0.199056,51.561156],[-0.198841,51.561052],[-0.198812,51.561038],[-0.198762,51.561013],[-0.198751,51.561008],[-0.198577,51.560924],[-0.198469,51.560872],[-0.198433,51.560854],[-0.198281,51.560846],[-0.198257,51.560845],[-0.198236,51.560863],[-0.19823,51.560869],[-0.198254,51.560801],[-0.198101,51.560738],[-0.198025,51.560733],[-0.198017,51.560732],[-0.197914,51.560708],[-0.197909,51.560705],[-0.197873,51.560683],[-0.197761,51.560614],[-0.197754,51.560612],[-0.197713,51.560603],[-0.197606,51.560539],[-0.197027,51.560553],[-0.19703,51.560583],[-0.197034,51.56062],[-0.197041,51.560692],[-0.19703,51.560685],[-0.196989,51.560655],[-0.196915,51.560602],[-0.196922,51.560543],[-0.196921,51.560488],[-0.196921,51.560452],[-0.196921,51.560446],[-0.196919,51.560366],[-0.196918,51.560286],[-0.196917,51.560198],[-0.196916,51.560153],[-0.196916,51.56011],[-0.196915,51.559994],[-0.196914,51.559915],[-0.196914,51.559877],[-0.196908,51.55987],[-0.196826,51.55979],[-0.196826,51.559784],[-0.196815,51.559656],[-0.196808,51.559584],[-0.196794,51.559541],[-0.196759,51.559442],[-0.196742,51.559392],[-0.19672,51.559351],[-0.196656,51.559234],[-0.196723,51.55921],[-0.196737,51.559205],[-0.196793,51.559186],[-0.196832,51.559172],[-0.196858,51.559163],[-0.196904,51.559147],[-0.197009,51.55911],[-0.197201,51.559052],[-0.197213,51.559049],[-0.197321,51.559016],[-0.197346,51.559005],[-0.197436,51.558963],[-0.19754,51.558915],[-0.197565,51.5589],[-0.197599,51.558881],[-0.197962,51.559118],[-0.198073,51.559038],[-0.198144,51.558988],[-0.198192,51.558953],[-0.198201,51.558947],[-0.198206,51.558943],[-0.198343,51.558843],[-0.198353,51.558836],[-0.198381,51.558815],[-0.198456,51.558761],[-0.198467,51.558583],[-0.198475,51.558451],[-0.198475,51.558393],[-0.198475,51.55839],[-0.198475,51.558358],[-0.198475,51.558351],[-0.198474,51.55826],[-0.198483,51.558223],[-0.198487,51.558213],[-0.198497,51.558189],[-0.198509,51.558159],[-0.198536,51.558125],[-0.198556,51.558099],[-0.198559,51.558096],[-0.198578,51.558076],[-0.198615,51.558038],[-0.198667,51.557994],[-0.198766,51.557909],[-0.198815,51.557879],[-0.198848,51.557857],[-0.198857,51.557852],[-0.198884,51.557835],[-0.198955,51.5578],[-0.199028,51.557764],[-0.199102,51.557719],[-0.199281,51.557495],[-0.199475,51.557253],[-0.199601,51.557057],[-0.199623,51.557009],[-0.199635,51.556982],[-0.199638,51.556973],[-0.19965,51.556935],[-0.199652,51.556903],[-0.199652,51.5569],[-0.199653,51.556883],[-0.199646,51.556827],[-0.19958,51.55665],[-0.199494,51.556504],[-0.199477,51.556462],[-0.19946,51.556344],[-0.199455,51.55633],[-0.199439,51.556287],[-0.199422,51.556258],[-0.199408,51.556234],[-0.199395,51.556211],[-0.199385,51.556194],[-0.199406,51.556194],[-0.199435,51.556194],[-0.199967,51.556189],[-0.200145,51.556184],[-0.200277,51.556172],[-0.200293,51.556171],[-0.200422,51.556159],[-0.20052,51.556151],[-0.200526,51.55615],[-0.200534,51.556149],[-0.200844,51.556087],[-0.200953,51.556065],[-0.200957,51.556064],[-0.201225,51.556017],[-0.201286,51.556007],[-0.201297,51.556005],[-0.201494,51.55597],[-0.201525,51.555965],[-0.201827,51.555918],[-0.202052,51.555885],[-0.202389,51.555836],[-0.202915,51.555759],[-0.202968,51.555753],[-0.202984,51.555751],[-0.203306,51.555713],[-0.2035,51.55569],[-0.203522,51.555687],[-0.203571,51.55568],[-0.20393,51.555629],[-0.20405,51.555612],[-0.204055,51.555611],[-0.204089,51.555606],[-0.204193,51.555567],[-0.204385,51.555495],[-0.204597,51.555448],[-0.204752,51.555413],[-0.204789,51.555405],[-0.204976,51.555374],[-0.205025,51.555366],[-0.205126,51.555351],[-0.20524,51.555334],[-0.205266,51.55533],[-0.205365,51.555322],[-0.205409,51.555319],[-0.205552,51.555308],[-0.205723,51.555294],[-0.205749,51.555292],[-0.205753,51.555306],[-0.205774,51.555366],[-0.2058,51.555495],[-0.205825,51.555612],[-0.205825,51.555624],[-0.205841,51.555939],[-0.205854,51.556022],[-0.205576,51.556421],[-0.204977,51.556988],[-0.2049,51.557046],[-0.204952,51.557091],[-0.205358,51.557483],[-0.205388,51.557514],[-0.205411,51.557551],[-0.205482,51.557679],[-0.205492,51.557696],[-0.205455,51.557745],[-0.205448,51.557752],[-0.205361,51.557839],[-0.205354,51.557846],[-0.205285,51.55806],[-0.205269,51.55811],[-0.205261,51.558129],[-0.205245,51.558157],[-0.205189,51.558255],[-0.205183,51.558271],[-0.205175,51.55829],[-0.20516,51.558331],[-0.205099,51.558432],[-0.205089,51.558448],[-0.205086,51.558458],[-0.205081,51.558487],[-0.205069,51.55857],[-0.205053,51.558604],[-0.205039,51.558632],[-0.205015,51.558757],[-0.205017,51.558762],[-0.205079,51.558923],[-0.205327,51.559108],[-0.205414,51.559072],[-0.205432,51.559064],[-0.205517,51.559028],[-0.205555,51.559067],[-0.205553,51.55907],[-0.205557,51.559071],[-0.206151,51.559152],[-0.20617,51.55916],[-0.206266,51.559245],[-0.206309,51.559248],[-0.206316,51.559251],[-0.206417,51.559303],[-0.206434,51.559311],[-0.206587,51.559449],[-0.206591,51.559453],[-0.206598,51.559454],[-0.206728,51.559545],[-0.206805,51.559645],[-0.206812,51.559664],[-0.206818,51.55968],[-0.206821,51.559688],[-0.20684,51.559696],[-0.206856,51.559703],[-0.206971,51.559789],[-0.206978,51.559797],[-0.207052,51.559888],[-0.207099,51.559907],[-0.207107,51.55991],[-0.207299,51.560062],[-0.207319,51.560078],[-0.207372,51.560131],[-0.207422,51.560139],[-0.207323,51.560158],[-0.207251,51.560172],[-0.207237,51.560175],[-0.207037,51.560213],[-0.206911,51.560237],[-0.206963,51.560259],[-0.206678,51.560323],[-0.20667,51.560325],[-0.206045,51.560465],[-0.206036,51.560467],[-0.205985,51.560478],[-0.206017,51.560509],[-0.206074,51.560565],[-0.20621,51.560698],[-0.206225,51.560712],[-0.206271,51.560757],[-0.206278,51.560757],[-0.206365,51.560754],[-0.206381,51.560754],[-0.206497,51.56075],[-0.206562,51.560748],[-0.206643,51.560745],[-0.206701,51.560743],[-0.20682,51.560739],[-0.206848,51.560736],[-0.206907,51.560731],[-0.207052,51.560706],[-0.207117,51.560694],[-0.207151,51.560688],[-0.207216,51.560675],[-0.207227,51.560673],[-0.207455,51.560626],[-0.207488,51.56062],[-0.207626,51.560591],[-0.20766,51.560584],[-0.207669,51.560583],[-0.207748,51.560566],[-0.207818,51.560552],[-0.207862,51.560543],[-0.207919,51.560531],[-0.207951,51.560525],[-0.20798,51.560519],[-0.208025,51.560509],[-0.208141,51.560486],[-0.208159,51.560482],[-0.208216,51.56047],[-0.208237,51.560466],[-0.208336,51.560446],[-0.208407,51.560431],[-0.208481,51.560416],[-0.208489,51.560414],[-0.208516,51.560409],[-0.208594,51.560393],[-0.208666,51.560378],[-0.208705,51.56037],[-0.20879,51.560353],[-0.208897,51.560331],[-0.208899,51.56033],[-0.208931,51.560321],[-0.209063,51.560284],[-0.209162,51.560257],[-0.20923,51.560238],[-0.209417,51.560185],[-0.209451,51.560176],[-0.209475,51.560177],[-0.209488,51.560174],[-0.209567,51.560144],[-0.20957,51.560142],[-0.209576,51.56015],[-0.209598,51.560179],[-0.209612,51.560197],[-0.209611,51.560224],[-0.209624,51.560251],[-0.209608,51.560296],[-0.209619,51.560386],[-0.209632,51.560422],[-0.209678,51.560477],[-0.209737,51.560546],[-0.209811,51.560633],[-0.209837,51.560664],[-0.209887,51.560723],[-0.209902,51.560741],[-0.209949,51.560796],[-0.20992,51.560805],[-0.20961,51.560903],[-0.209431,51.560959],[-0.209318,51.560865],[-0.209324,51.560819],[-0.209039,51.560696],[-0.208877,51.560702],[-0.208843,51.560705],[-0.208758,51.560714],[-0.208688,51.560725],[-0.208669,51.56073],[-0.208628,51.560741],[-0.208609,51.560747],[-0.208598,51.560751],[-0.208588,51.560754],[-0.208579,51.560756],[-0.208541,51.560766],[-0.208506,51.560774],[-0.208497,51.560777],[-0.208488,51.56078],[-0.208406,51.560812],[-0.208387,51.560821],[-0.2083,51.560847],[-0.20826,51.560853],[-0.208239,51.560858],[-0.208229,51.56086],[-0.208221,51.560861],[-0.208171,51.560871],[-0.208147,51.560877],[-0.207993,51.56096],[-0.208027,51.560904],[-0.207968,51.560891],[-0.207853,51.560875],[-0.207829,51.560873],[-0.207704,51.560874],[-0.207666,51.560878],[-0.207648,51.56088],[-0.207502,51.560914],[-0.207483,51.561006],[-0.207452,51.561159],[-0.20743,51.561163],[-0.207149,51.561179],[-0.207015,51.561204],[-0.206968,51.561213],[-0.206917,51.561222],[-0.206915,51.561227],[-0.206832,51.561252],[-0.206826,51.561254],[-0.206821,51.561256],[-0.206817,51.561257],[-0.206792,51.561246],[-0.206759,51.561252],[-0.206618,51.561293],[-0.206581,51.561235],[-0.206547,51.561181],[-0.206421,51.561203],[-0.206383,51.561209],[-0.20625,51.561225],[-0.206074,51.561247],[-0.206072,51.561249],[-0.205995,51.561258],[-0.205883,51.561272],[-0.205875,51.561273],[-0.205855,51.561275],[-0.205813,51.56128],[-0.205697,51.561294],[-0.205585,51.561308],[-0.205552,51.561312],[-0.205434,51.561326],[-0.2054,51.56133],[-0.205272,51.561346],[-0.205233,51.561352],[-0.205163,51.56132],[-0.20504,51.561339],[-0.20502,51.561307],[-0.204962,51.561214],[-0.204828,51.561001],[-0.204821,51.56099],[-0.20482,51.560987],[-0.204776,51.561004],[-0.204766,51.561008],[-0.204433,51.561123],[-0.204389,51.561138],[-0.204352,51.561151],[-0.204231,51.561193],[-0.204203,51.561202],[-0.204139,51.561224],[-0.204117,51.561232],[-0.204075,51.561247],[-0.204052,51.561255],[-0.203893,51.561309],[-0.203854,51.561323],[-0.20362,51.561418],[-0.203536,51.561345],[-0.203305,51.561189],[-0.203115,51.56106],[-0.203103,51.561053],[-0.202903,51.56094],[-0.202761,51.560875],[-0.202574,51.560804],[-0.202494,51.560865],[-0.20249,51.560869],[-0.202483,51.560875],[-0.202507,51.560916],[-0.202528,51.560925],[-0.202783,51.561046],[-0.202812,51.561062],[-0.202592,51.561061],[-0.202528,51.561143],[-0.202479,51.561181],[-0.202392,51.561232],[-0.202365,51.561245],[-0.202315,51.561268],[-0.202299,51.561275],[-0.202074,51.561353],[-0.202069,51.561354],[-0.20205,51.561359],[-0.202027,51.561365],[-0.201878,51.561387],[-0.201864,51.561428],[-0.20186,51.561441],[-0.201815,51.561521],[-0.201805,51.561532],[-0.201723,51.56163],[-0.201709,51.561645],[-0.201616,51.561719],[-0.201514,51.56176],[-0.2015,51.561765],[-0.201273,51.561826],[-0.201246,51.561833],[-0.201296,51.561889],[-0.20139,51.561969],[-0.2014,51.561978],[-0.201565,51.562141],[-0.201579,51.562154],[-0.201586,51.56216],[-0.201449,51.562211],[-0.201105,51.56234],[-0.20098,51.562387],[-0.200765,51.562467],[-0.200639,51.56243],[-0.200381,51.562355],[-0.200344,51.562387],[-0.200308,51.562394],[-0.199732,51.562494],[-0.199696,51.562511],[-0.19967,51.562523],[-0.199564,51.562593],[-0.199497,51.562651],[-0.19926,51.562628],[-0.199198,51.562618],[-0.199426,51.562757],[-0.199442,51.562771],[-0.199523,51.562848],[-0.199572,51.56293],[-0.19956,51.562933],[-0.199492,51.562955],[-0.1994,51.562966],[-0.199021,51.563013],[-0.198968,51.56302],[-0.198834,51.563033],[-0.198659,51.563051],[-0.198607,51.563047],[-0.198587,51.563042],[-0.19859,51.563033],[-0.198661,51.56282],[-0.198422,51.562769]]]}},{"type":"Feature","properties":{"LSOA21CD":"E01000140","LSOA21NM":"Barnet 041C","MEAN_PTAL_":"3","mean_AI":13.3981582911,"borough":"Camden"},"geometry":{"type":"Polygon","coordinates":[[[-0.194852,51.565945],[-0.195007,51.565731],[-0.19501,51.565709],[-0.195015,51.565672],[-0.195076,51.56561],[-0.195192,51.565416],[-0.195265,51.565403],[-0.195531,51.565306],[-0.195628,51.565241],[-0.195685,51.565138],[-0.195698,51.565058],[-0.195685,51.564988],[-0.195639,51.564892],[-0.195627,51.564868],[-0.195634,51.56486],[-0.195653,51.564837],[-0.195681,51.564779],[-0.195691,51.564727],[-0.195697,51.564719],[-0.195731,51.564629],[-0.19576,51.564588],[-0.195776,51.564552],[-0.195818,51.5645],[-0.195839,51.564459],[-0.195885,51.564407],[-0.195904,51.564368],[-0.195927,51.564343],[-0.195936,51.564325],[-0.19595,51.564299],[-0.196003,51.564257],[-0.196055,51.564195],[-0.196141,51.564005],[-0.195988,51.563812],[-0.196323,51.563587],[-0.196327,51.563584],[-0.196322,51.563576],[-0.196155,51.563356],[-0.196148,51.563335],[-0.196142,51.563316],[-0.196101,51.563353],[-0.19608,51.563372],[-0.196069,51.563365],[-0.195955,51.563291],[-0.19588,51.563242],[-0.195707,51.56313],[-0.195631,51.563081],[-0.195624,51.563076],[-0.19549,51.562989],[-0.195477,51.562986],[-0.195248,51.562926],[-0.195183,51.562911],[-0.195166,51.562907],[-0.195156,51.562905],[-0.195033,51.562877],[-0.194864,51.562838],[-0.194844,51.562834],[-0.194767,51.562816],[-0.194536,51.562737],[-0.194653,51.562457],[-0.194657,51.562454],[-0.194655,51.56245],[-0.194623,51.562391],[-0.194616,51.562385],[-0.194478,51.562272],[-0.19447,51.562265],[-0.194281,51.5622],[-0.194275,51.562198],[-0.19425,51.562162],[-0.194243,51.562151],[-0.194169,51.562107],[-0.194162,51.562106],[-0.194017,51.562076],[-0.194014,51.562074],[-0.193968,51.562049],[-0.193962,51.562048],[-0.193866,51.562028],[-0.193852,51.562026],[-0.193773,51.562025],[-0.193683,51.561994],[-0.193677,51.561993],[-0.193582,51.561983],[-0.193558,51.56198],[-0.193552,51.561979],[-0.193541,51.561976],[-0.19336,51.561972],[-0.193326,51.56196],[-0.193188,51.561939],[-0.193182,51.561938],[-0.193118,51.561942],[-0.193031,51.561927],[-0.19302,51.561925],[-0.192898,51.561929],[-0.192886,51.561929],[-0.192824,51.561916],[-0.19282,51.561915],[-0.192755,51.561917],[-0.192607,51.561883],[-0.192607,51.56188],[-0.192693,51.561549],[-0.192669,51.56154],[-0.192695,51.561541],[-0.192769,51.561544],[-0.192877,51.561549],[-0.192881,51.56153],[-0.19269,51.561505],[-0.192584,51.561492],[-0.192572,51.56149],[-0.192503,51.561478],[-0.192453,51.561459],[-0.192626,51.56137],[-0.192707,51.561328],[-0.192726,51.561318],[-0.192948,51.561241],[-0.192952,51.56124],[-0.19297,51.561234],[-0.193053,51.5612],[-0.19313,51.561169],[-0.193187,51.561146],[-0.193256,51.561118],[-0.193262,51.561116],[-0.193299,51.561101],[-0.193331,51.561088],[-0.193336,51.561086],[-0.193377,51.561069],[-0.193403,51.561059],[-0.193466,51.561033],[-0.193573,51.56099],[-0.193651,51.560958],[-0.193692,51.560942],[-0.193707,51.560936],[-0.193713,51.560933],[-0.193789,51.560903],[-0.193811,51.560885],[-0.193856,51.560848],[-0.19387,51.560857],[-0.194003,51.560945],[-0.194032,51.560936],[-0.19407,51.560924],[-0.194157,51.560897],[-0.194167,51.560894],[-0.194237,51.560872],[-0.194254,51.560836],[-0.194272,51.560798],[-0.1943,51.560796],[-0.194315,51.560794],[-0.194321,51.560794],[-0.194424,51.560786],[-0.194441,51.560784],[-0.19448,51.560781],[-0.194502,51.56078],[-0.194513,51.560761],[-0.194523,51.560744],[-0.194545,51.560707],[-0.194557,51.560693],[-0.194569,51.56068],[-0.194584,51.560663],[-0.194588,51.560658],[-0.194611,51.560621],[-0.194647,51.560613],[-0.194674,51.560608],[-0.194682,51.560606],[-0.194708,51.5606],[-0.194801,51.56058],[-0.194811,51.560578],[-0.194979,51.560543],[-0.194991,51.56054],[-0.195003,51.560537],[-0.195039,51.56053],[-0.195123,51.560519],[-0.19516,51.560514],[-0.195166,51.560514],[-0.195183,51.560511],[-0.195227,51.560506],[-0.195295,51.560511],[-0.195307,51.560512],[-0.195331,51.560514],[-0.195339,51.560514],[-0.195353,51.560515],[-0.195401,51.560519],[-0.19542,51.560521],[-0.195445,51.560527],[-0.195455,51.56053],[-0.19546,51.560531],[-0.19554,51.560551],[-0.19556,51.560557],[-0.195621,51.560572],[-0.195635,51.560576],[-0.195654,51.560581],[-0.195683,51.560588],[-0.195704,51.560593],[-0.19571,51.560594],[-0.195784,51.560612],[-0.19579,51.560614],[-0.195802,51.560617],[-0.195827,51.560623],[-0.19584,51.560626],[-0.195873,51.560634],[-0.195914,51.560644],[-0.195939,51.56065],[-0.195962,51.560655],[-0.195969,51.560657],[-0.195983,51.56066],[-0.196036,51.560673],[-0.196046,51.560675],[-0.196074,51.560682],[-0.1961,51.560656],[-0.196122,51.560633],[-0.196127,51.560633],[-0.196134,51.560634],[-0.196172,51.56064],[-0.196182,51.560642],[-0.196189,51.560643],[-0.196198,51.560644],[-0.196206,51.560645],[-0.196239,51.56065],[-0.196253,51.560652],[-0.196328,51.560663],[-0.196373,51.56067],[-0.196379,51.560671],[-0.19641,51.560675],[-0.196428,51.560678],[-0.196449,51.560681],[-0.196463,51.560683],[-0.196473,51.560685],[-0.196509,51.560647],[-0.196512,51.560644],[-0.196523,51.560646],[-0.196541,51.56065],[-0.196604,51.560663],[-0.196609,51.560664],[-0.196686,51.56068],[-0.196732,51.560611],[-0.196762,51.56061],[-0.19677,51.56061],[-0.196802,51.56061],[-0.196895,51.56061],[-0.196914,51.56061],[-0.196915,51.560602],[-0.196989,51.560655],[-0.19703,51.560685],[-0.197041,51.560692],[-0.197034,51.56062],[-0.19703,51.560583],[-0.197027,51.560553],[-0.197606,51.560539],[-0.197713,51.560603],[-0.197754,51.560612],[-0.197761,51.560614],[-0.197873,51.560683],[-0.197909,51.560705],[-0.197914,51.560708],[-0.198017,51.560732],[-0.198025,51.560733],[-0.198101,51.560738],[-0.198254,51.560801],[-0.19823,51.560869],[-0.198236,51.560863],[-0.198257,51.560845],[-0.198281,51.560846],[-0.198433,51.560854],[-0.198469,51.560872],[-0.198577,51.560924],[-0.198751,51.561008],[-0.198762,51.561013],[-0.198812,51.561038],[-0.198841,51.561052],[-0.199056,51.561156],[-0.199184,51.561217],[-0.199271,51.56126],[-0.199345,51.561296],[-0.199445,51.561344],[-0.199471,51.561367],[-0.199535,51.561424],[-0.199544,51.561432],[-0.199586,51.561469],[-0.199591,51.561566],[-0.199592,51.56158],[-0.199733,51.561508],[-0.199745,51.561523],[-0.199792,51.561581],[-0.199794,51.561587],[-0.199816,51.56164],[-0.199835,51.561686],[-0.199842,51.561714],[-0.199849,51.561835],[-0.199852,51.561838],[-0.199914,51.561884],[-0.199937,51.561906],[-0.199621,51.562152],[-0.199597,51.562167],[-0.199481,51.56224],[-0.199452,51.562258],[-0.199449,51.56226],[-0.199444,51.562261],[-0.199405,51.562273],[-0.199333,51.562295],[-0.199311,51.562302],[-0.199304,51.562304],[-0.199251,51.562286],[-0.199237,51.562279],[-0.19914,51.562233],[-0.199127,51.562224],[-0.19908,51.562189],[-0.199072,51.562185],[-0.199066,51.562183],[-0.199059,51.562177],[-0.199054,51.562173],[-0.198995,51.562143],[-0.198967,51.562123],[-0.19896,51.562118],[-0.198955,51.562115],[-0.19893,51.562103],[-0.198922,51.562099],[-0.198919,51.562098],[-0.198888,51.562076],[-0.198881,51.562071],[-0.198873,51.562066],[-0.198868,51.562061],[-0.19882,51.562025],[-0.198806,51.562018],[-0.198787,51.562004],[-0.198779,51.562],[-0.198676,51.561931],[-0.198671,51.561927],[-0.198667,51.561889],[-0.198645,51.561877],[-0.198638,51.561881],[-0.198564,51.561934],[-0.198418,51.562038],[-0.198341,51.562093],[-0.198329,51.562086],[-0.198324,51.562083],[-0.198181,51.562004],[-0.198158,51.561991],[-0.198138,51.56198],[-0.198089,51.561955],[-0.198074,51.561951],[-0.198031,51.561946],[-0.198019,51.561946],[-0.197962,51.561945],[-0.197957,51.561945],[-0.197944,51.561949],[-0.197905,51.562004],[-0.197852,51.562081],[-0.197849,51.562165],[-0.19785,51.562168],[-0.197875,51.56224],[-0.19794,51.562318],[-0.197935,51.562336],[-0.197936,51.562383],[-0.197931,51.562393],[-0.197922,51.562454],[-0.197915,51.562503],[-0.197919,51.562527],[-0.197901,51.562593],[-0.197899,51.562598],[-0.197887,51.562623],[-0.197882,51.562662],[-0.197889,51.562666],[-0.197919,51.562682],[-0.197933,51.56269],[-0.197951,51.562699],[-0.198026,51.562739],[-0.198127,51.562772],[-0.198185,51.562782],[-0.198237,51.562784],[-0.198251,51.562783],[-0.198405,51.562772],[-0.198415,51.562767],[-0.198422,51.562769],[-0.198661,51.56282],[-0.19859,51.563033],[-0.198587,51.563042],[-0.198607,51.563047],[-0.198659,51.563051],[-0.198505,51.563066],[-0.198415,51.563065],[-0.198376,51.563064],[-0.198354,51.563235],[-0.198365,51.563323],[-0.198416,51.563321],[-0.198654,51.563312],[-0.19873,51.563319],[-0.198748,51.563323],[-0.198883,51.56335],[-0.199006,51.563388],[-0.199026,51.563398],[-0.199071,51.56342],[-0.199099,51.563437],[-0.199176,51.563475],[-0.199187,51.563472],[-0.199286,51.563448],[-0.199294,51.563555],[-0.199326,51.563627],[-0.1994,51.563791],[-0.199424,51.563899],[-0.199498,51.56404],[-0.199419,51.564058],[-0.199413,51.56408],[-0.19933,51.564104],[-0.199147,51.564159],[-0.198919,51.564227],[-0.198752,51.564269],[-0.198755,51.564277],[-0.198732,51.564284],[-0.198736,51.56429],[-0.198751,51.564313],[-0.198785,51.564366],[-0.198902,51.564484],[-0.198931,51.564534],[-0.198939,51.564555],[-0.198443,51.564658],[-0.198309,51.564686],[-0.198201,51.564687],[-0.198091,51.564668],[-0.197774,51.564617],[-0.197458,51.564566],[-0.197439,51.564609],[-0.197429,51.564632],[-0.197376,51.564623],[-0.197265,51.564606],[-0.197161,51.564863],[-0.196894,51.564823],[-0.196773,51.564957],[-0.196808,51.565074],[-0.196819,51.56511],[-0.19682,51.565113],[-0.196831,51.565131],[-0.196808,51.565236],[-0.196798,51.565349],[-0.196806,51.565534],[-0.19679,51.565553],[-0.196828,51.565662],[-0.196873,51.565793],[-0.196723,51.566009],[-0.196051,51.565882],[-0.195984,51.565869],[-0.195921,51.565987],[-0.195862,51.566096],[-0.195823,51.56617],[-0.195798,51.566164],[-0.194852,51.565945]]]}},{"type":"Feature","properties":{"LSOA21CD":"E01000141","LSOA21NM":"Barnet 039A","MEAN_PTAL_":"4","mean_AI":15.3034261302,"borough":"Camden"},"geometry":{"type":"Polygon","coordinates":[[[-0.215488,51.563386],[-0.215442,51.563382],[-0.215314,51.563413],[-0.215304,51.563415],[-0.215245,51.563341],[-0.215166,51.563244],[-0.214919,51.562936],[-0.214723,51.562667],[-0.214672,51.562606],[-0.214647,51.562574],[-0.21464,51.562567],[-0.214613,51.56253],[-0.214535,51.562431],[-0.214524,51.562417],[-0.214358,51.562205],[-0.214335,51.562175],[-0.214311,51.562144],[-0.214214,51.562021],[-0.214211,51.562017],[-0.214176,51.56197],[-0.213983,51.561713],[-0.213925,51.561639],[-0.213859,51.561552],[-0.2137,51.561347],[-0.213642,51.561273],[-0.21355,51.561156],[-0.213409,51.560975],[-0.213618,51.560852],[-0.213682,51.560749],[-0.213619,51.560486],[-0.21363,51.560473],[-0.213636,51.560465],[-0.21368,51.560413],[-0.213717,51.560368],[-0.213733,51.56035],[-0.213801,51.560268],[-0.213822,51.560243],[-0.213833,51.560229],[-0.214077,51.559937],[-0.214156,51.559842],[-0.214041,51.559765],[-0.213945,51.5597],[-0.213927,51.559688],[-0.213843,51.559632],[-0.213312,51.559188],[-0.213205,51.559099],[-0.213081,51.558996],[-0.212942,51.55888],[-0.212845,51.558799],[-0.212714,51.55869],[-0.212626,51.558594],[-0.212328,51.559026],[-0.212321,51.559037],[-0.212313,51.559049],[-0.212011,51.559159],[-0.212,51.559163],[-0.212034,51.559207],[-0.212073,51.559255],[-0.212087,51.559272],[-0.212135,51.559332],[-0.212142,51.559335],[-0.212145,51.559337],[-0.212151,51.559343],[-0.212204,51.559412],[-0.212241,51.559462],[-0.212247,51.559468],[-0.212265,51.559491],[-0.212279,51.559509],[-0.212319,51.55956],[-0.212351,51.559601],[-0.212418,51.559685],[-0.212446,51.559721],[-0.212467,51.559748],[-0.212588,51.559901],[-0.212821,51.559766],[-0.212832,51.559768],[-0.213211,51.559847],[-0.21332,51.55987],[-0.212839,51.560068],[-0.212833,51.560067],[-0.212762,51.560052],[-0.212714,51.560042],[-0.212704,51.560037],[-0.212681,51.560022],[-0.212696,51.560043],[-0.212723,51.560078],[-0.212858,51.560256],[-0.21288,51.560285],[-0.212937,51.560359],[-0.213015,51.560461],[-0.213005,51.560466],[-0.212851,51.560535],[-0.212839,51.56054],[-0.212695,51.56058],[-0.212673,51.560582],[-0.212632,51.560588],[-0.212509,51.560589],[-0.212455,51.560584],[-0.212438,51.560583],[-0.212417,51.560581],[-0.212335,51.560583],[-0.212289,51.560581],[-0.212271,51.56058],[-0.212189,51.560491],[-0.212184,51.560486],[-0.21215,51.560434],[-0.212139,51.560407],[-0.212136,51.560399],[-0.212127,51.560377],[-0.212122,51.560364],[-0.212118,51.56036],[-0.212064,51.56029],[-0.212054,51.560269],[-0.212039,51.560241],[-0.212036,51.56023],[-0.212024,51.560207],[-0.212003,51.560185],[-0.211949,51.560132],[-0.211946,51.560127],[-0.211934,51.560112],[-0.211909,51.560087],[-0.211906,51.560082],[-0.211876,51.56004],[-0.211849,51.560014],[-0.211843,51.560005],[-0.211836,51.559996],[-0.211819,51.559979],[-0.211817,51.559977],[-0.211787,51.559936],[-0.211768,51.559909],[-0.211764,51.559902],[-0.211755,51.559893],[-0.211732,51.55987],[-0.21173,51.559867],[-0.211695,51.559822],[-0.211691,51.559816],[-0.211679,51.559805],[-0.211667,51.559794],[-0.211622,51.559733],[-0.211618,51.559727],[-0.211601,51.55969],[-0.211587,51.559645],[-0.211585,51.559642],[-0.211561,51.559622],[-0.211507,51.559579],[-0.211499,51.559571],[-0.211475,51.559547],[-0.211451,51.559529],[-0.211437,51.559518],[-0.21133,51.559473],[-0.211323,51.559471],[-0.21129,51.55947],[-0.211272,51.55947],[-0.211263,51.559472],[-0.211222,51.559506],[-0.210804,51.559634],[-0.210726,51.559658],[-0.210723,51.559654],[-0.210697,51.559623],[-0.210669,51.559588],[-0.21066,51.55959],[-0.210495,51.559383],[-0.210499,51.55938],[-0.210674,51.559233],[-0.210682,51.559226],[-0.210897,51.559057],[-0.210917,51.559044],[-0.211003,51.558986],[-0.210992,51.558978],[-0.210989,51.558982],[-0.21098,51.558983],[-0.210819,51.55883],[-0.210685,51.558693],[-0.210677,51.558686],[-0.210613,51.55863],[-0.210599,51.558617],[-0.210497,51.558619],[-0.21041,51.558626],[-0.210372,51.558629],[-0.210391,51.558592],[-0.210572,51.558538],[-0.210562,51.558461],[-0.210514,51.558373],[-0.210499,51.55836],[-0.210471,51.558334],[-0.210422,51.558275],[-0.210419,51.558273],[-0.210383,51.558251],[-0.210344,51.55821],[-0.210305,51.558183],[-0.210295,51.558172],[-0.210292,51.558168],[-0.210219,51.558113],[-0.210217,51.558111],[-0.210202,51.558091],[-0.210164,51.558059],[-0.210156,51.558052],[-0.210151,51.558046],[-0.21008,51.557978],[-0.210065,51.557962],[-0.210049,51.557946],[-0.21,51.557922],[-0.209996,51.557918],[-0.209921,51.557855],[-0.209919,51.557851],[-0.209887,51.557783],[-0.209884,51.557769],[-0.209815,51.557714],[-0.209811,51.557711],[-0.209806,51.557703],[-0.209766,51.557669],[-0.20973,51.557639],[-0.209728,51.557636],[-0.209664,51.557583],[-0.209659,51.557579],[-0.209655,51.557571],[-0.209626,51.557541],[-0.209629,51.557537],[-0.209631,51.557532],[-0.209685,51.557442],[-0.209694,51.557438],[-0.209958,51.557315],[-0.210083,51.557407],[-0.210076,51.557394],[-0.210071,51.557372],[-0.210076,51.557371],[-0.210111,51.557399],[-0.210282,51.557322],[-0.210367,51.557301],[-0.210377,51.557321],[-0.210394,51.557421],[-0.21051,51.557466],[-0.210514,51.557467],[-0.210556,51.557493],[-0.210567,51.557485],[-0.210591,51.557468],[-0.210597,51.557465],[-0.210626,51.55745],[-0.210634,51.557446],[-0.210677,51.557431],[-0.210695,51.557427],[-0.210737,51.557417],[-0.210767,51.557414],[-0.210783,51.557412],[-0.210858,51.557411],[-0.210886,51.557413],[-0.210909,51.557419],[-0.210997,51.55744],[-0.211017,51.557445],[-0.211055,51.55745],[-0.211136,51.557457],[-0.211171,51.55746],[-0.21124,51.557461],[-0.211249,51.557461],[-0.211466,51.557454],[-0.211471,51.557453],[-0.211552,51.557446],[-0.211566,51.557458],[-0.211572,51.557463],[-0.211591,51.557481],[-0.211594,51.557485],[-0.211605,51.557496],[-0.211635,51.557521],[-0.211656,51.557536],[-0.211687,51.557561],[-0.211704,51.557575],[-0.211766,51.557637],[-0.211769,51.55764],[-0.211799,51.557679],[-0.211813,51.557692],[-0.21182,51.557698],[-0.211826,51.557702],[-0.211841,51.557715],[-0.211861,51.557731],[-0.211883,51.557746],[-0.211969,51.557768],[-0.212054,51.557809],[-0.212194,51.557876],[-0.21221,51.557873],[-0.212565,51.557806],[-0.21262,51.557795],[-0.212657,51.557794],[-0.212732,51.557776],[-0.21275,51.557771],[-0.212797,51.557759],[-0.212832,51.557736],[-0.212915,51.55768],[-0.212914,51.557632],[-0.212914,51.557616],[-0.212914,51.557603],[-0.213036,51.557586],[-0.21312,51.557574],[-0.213199,51.55755],[-0.213233,51.557527],[-0.213236,51.557524],[-0.213278,51.55748],[-0.213282,51.557472],[-0.213276,51.557466],[-0.21319,51.557407],[-0.213155,51.557368],[-0.21313,51.557351],[-0.213094,51.55731],[-0.213078,51.557266],[-0.213049,51.557237],[-0.213041,51.557232],[-0.213008,51.557196],[-0.213004,51.557191],[-0.212955,51.55716],[-0.212928,51.557137],[-0.212876,51.557067],[-0.212873,51.557065],[-0.212868,51.557057],[-0.212834,51.55702],[-0.212816,51.557007],[-0.212772,51.556958],[-0.212761,51.55695],[-0.212722,51.556916],[-0.212708,51.556889],[-0.212699,51.556881],[-0.212673,51.556858],[-0.212657,51.556841],[-0.21265,51.556836],[-0.212622,51.556797],[-0.212612,51.556779],[-0.212588,51.556736],[-0.212574,51.556726],[-0.212569,51.556723],[-0.212567,51.556721],[-0.212523,51.556698],[-0.212471,51.556663],[-0.212442,51.556627],[-0.212433,51.556608],[-0.21239,51.556567],[-0.212381,51.556561],[-0.212238,51.556571],[-0.212225,51.556578],[-0.212182,51.5566],[-0.212048,51.556722],[-0.211963,51.55663],[-0.211949,51.556615],[-0.211917,51.556581],[-0.211804,51.556465],[-0.211793,51.556453],[-0.211791,51.556451],[-0.2118,51.556449],[-0.211799,51.556443],[-0.211781,51.55644],[-0.21157,51.556195],[-0.211608,51.556181],[-0.211654,51.556164],[-0.211674,51.556157],[-0.211711,51.556119],[-0.211727,51.556103],[-0.211752,51.556077],[-0.211771,51.556061],[-0.211793,51.556043],[-0.211802,51.556035],[-0.211813,51.556026],[-0.211823,51.556018],[-0.211843,51.556005],[-0.211873,51.555985],[-0.211923,51.555952],[-0.211951,51.555934],[-0.211971,51.55592],[-0.211987,51.555912],[-0.212009,51.555902],[-0.212036,51.555889],[-0.212053,51.555882],[-0.212109,51.555861],[-0.212113,51.555859],[-0.212209,51.555822],[-0.212253,51.555804],[-0.212259,51.555802],[-0.212273,51.555795],[-0.212358,51.555755],[-0.212375,51.555746],[-0.212413,51.555728],[-0.212431,51.55572],[-0.212517,51.555679],[-0.212584,51.55564],[-0.212629,51.555614],[-0.212642,51.555607],[-0.212699,51.555575],[-0.212719,51.555563],[-0.212737,51.555553],[-0.212769,51.555534],[-0.212775,51.555531],[-0.212859,51.555483],[-0.212889,51.555466],[-0.213011,51.555396],[-0.21302,51.555391],[-0.213147,51.555318],[-0.213438,51.555152],[-0.213516,51.555223],[-0.213527,51.555233],[-0.213577,51.555279],[-0.213582,51.555283],[-0.213612,51.555311],[-0.213646,51.555342],[-0.213672,51.555366],[-0.213676,51.555369],[-0.213712,51.555402],[-0.213726,51.555414],[-0.213797,51.555476],[-0.213817,51.555494],[-0.213832,51.555506],[-0.213867,51.555537],[-0.213922,51.555584],[-0.213945,51.555604],[-0.21395,51.555609],[-0.213954,51.555612],[-0.21396,51.555617],[-0.213985,51.555639],[-0.213992,51.555645],[-0.214004,51.555655],[-0.214031,51.555679],[-0.214036,51.555683],[-0.21406,51.555704],[-0.214111,51.555748],[-0.214245,51.555864],[-0.214263,51.55588],[-0.214328,51.555933],[-0.21441,51.556],[-0.214412,51.556002],[-0.214442,51.556027],[-0.214482,51.556059],[-0.214499,51.556073],[-0.21467,51.556213],[-0.214684,51.556225],[-0.214781,51.556304],[-0.214785,51.556308],[-0.214789,51.556311],[-0.214832,51.556346],[-0.214843,51.556355],[-0.214913,51.55641],[-0.214939,51.556429],[-0.215023,51.556495],[-0.215164,51.556605],[-0.215216,51.556645],[-0.215337,51.55674],[-0.215343,51.556744],[-0.21535,51.556748],[-0.215404,51.556792],[-0.215478,51.556849],[-0.215494,51.556862],[-0.215502,51.556868],[-0.215516,51.556879],[-0.21558,51.556931],[-0.215621,51.556964],[-0.21564,51.55698],[-0.215676,51.557008],[-0.215711,51.557037],[-0.215714,51.55704],[-0.215737,51.557058],[-0.215783,51.557094],[-0.215804,51.557112],[-0.215812,51.557118],[-0.215865,51.557161],[-0.215887,51.557178],[-0.215908,51.557195],[-0.215941,51.557222],[-0.215977,51.557251],[-0.216025,51.55729],[-0.216114,51.557362],[-0.216153,51.557393],[-0.216217,51.55744],[-0.21632,51.557515],[-0.216338,51.557529],[-0.216434,51.557599],[-0.216458,51.557616],[-0.216474,51.557628],[-0.216597,51.557718],[-0.216716,51.557806],[-0.216737,51.55782],[-0.216767,51.557849],[-0.216818,51.557899],[-0.216914,51.557992],[-0.21692,51.557998],[-0.21697,51.558043],[-0.216977,51.558049],[-0.217005,51.558075],[-0.217017,51.558085],[-0.217058,51.558123],[-0.217135,51.558192],[-0.217141,51.558197],[-0.21715,51.558205],[-0.217175,51.558224],[-0.217194,51.55824],[-0.21728,51.558306],[-0.217294,51.558317],[-0.217327,51.558343],[-0.217493,51.558473],[-0.217745,51.558669],[-0.217853,51.558758],[-0.218063,51.558933],[-0.218098,51.558962],[-0.218101,51.558965],[-0.218113,51.558974],[-0.218129,51.558987],[-0.218188,51.559037],[-0.218296,51.559127],[-0.218324,51.559151],[-0.21833,51.559157],[-0.218348,51.559173],[-0.218364,51.559187],[-0.218382,51.559203],[-0.218491,51.559299],[-0.218507,51.559314],[-0.218512,51.559318],[-0.218581,51.55938],[-0.218599,51.559396],[-0.218619,51.559414],[-0.218627,51.559421],[-0.218663,51.559457],[-0.21876,51.559555],[-0.218805,51.5596],[-0.21885,51.559645],[-0.218883,51.559679],[-0.218954,51.559751],[-0.218998,51.559795],[-0.219001,51.559798],[-0.219028,51.559828],[-0.219094,51.559899],[-0.219099,51.559904],[-0.219112,51.559919],[-0.219153,51.559963],[-0.219216,51.560031],[-0.219239,51.560056],[-0.219286,51.560107],[-0.219299,51.560121],[-0.219309,51.560133],[-0.219392,51.560231],[-0.219417,51.560261],[-0.219444,51.560292],[-0.219523,51.560386],[-0.219538,51.560403],[-0.219552,51.56042],[-0.219589,51.560464],[-0.219598,51.560474],[-0.219738,51.56064],[-0.219759,51.560664],[-0.219803,51.560716],[-0.219891,51.56082],[-0.219925,51.56086],[-0.219945,51.560884],[-0.219963,51.560904],[-0.21998,51.560925],[-0.219993,51.560941],[-0.220041,51.560997],[-0.220057,51.561017],[-0.220166,51.561145],[-0.220285,51.561285],[-0.220289,51.561289],[-0.220564,51.5616],[-0.220577,51.561613],[-0.220623,51.561661],[-0.220626,51.561663],[-0.220703,51.561743],[-0.221071,51.562121],[-0.221181,51.562234],[-0.221255,51.562302],[-0.22134,51.56238],[-0.221342,51.562382],[-0.221394,51.56243],[-0.221409,51.562444],[-0.221528,51.562553],[-0.221535,51.56256],[-0.221775,51.562793],[-0.22193,51.562943],[-0.221938,51.562949],[-0.222152,51.563124],[-0.222046,51.563163],[-0.221598,51.563328],[-0.221543,51.563348],[-0.221507,51.563361],[-0.221365,51.563403],[-0.220465,51.563672],[-0.220432,51.563682],[-0.220124,51.563774],[-0.219967,51.563821],[-0.219911,51.563837],[-0.219794,51.563872],[-0.219433,51.56398],[-0.219387,51.563994],[-0.219357,51.564003],[-0.218992,51.564112],[-0.218824,51.564162],[-0.218812,51.564165],[-0.218506,51.564257],[-0.218241,51.564336],[-0.21818,51.564354],[-0.218056,51.564391],[-0.217573,51.564535],[-0.217553,51.564546],[-0.217286,51.564686],[-0.217202,51.564625],[-0.21719,51.564616],[-0.216972,51.564456],[-0.216697,51.564255],[-0.21669,51.56425],[-0.216575,51.564165],[-0.216569,51.564161],[-0.216555,51.564151],[-0.21649,51.564103],[-0.216482,51.564097],[-0.216399,51.564036],[-0.216395,51.564034],[-0.216385,51.564026],[-0.216328,51.563984],[-0.216308,51.56397],[-0.216243,51.563922],[-0.216233,51.563915],[-0.215794,51.563579],[-0.215755,51.563549],[-0.215673,51.563487],[-0.215638,51.563459],[-0.215548,51.563408],[-0.215488,51.563386]]]}},{"type":"Feature","properties":{"LSOA21CD":"E01000143","LSOA21NM":"Barnet 041D","MEAN_PTAL_":"3","mean_AI":12.2792643294,"borough":"Camden"},"geometry":{"type":"Polygon","coordinates":[[[-0.207323,51.560158],[-0.207422,51.560139],[-0.207372,51.560131],[-0.207319,51.560078],[-0.207299,51.560062],[-0.207107,51.55991],[-0.207099,51.559907],[-0.207052,51.559888],[-0.206978,51.559797],[-0.206971,51.559789],[-0.206856,51.559703],[-0.20684,51.559696],[-0.206821,51.559688],[-0.206818,51.55968],[-0.206812,51.559664],[-0.206805,51.559645],[-0.206728,51.559545],[-0.206598,51.559454],[-0.206591,51.559453],[-0.206587,51.559449],[-0.206434,51.559311],[-0.206417,51.559303],[-0.206316,51.559251],[-0.206309,51.559248],[-0.206266,51.559245],[-0.20617,51.55916],[-0.206151,51.559152],[-0.205557,51.559071],[-0.205553,51.55907],[-0.205555,51.559067],[-0.205517,51.559028],[-0.205432,51.559064],[-0.205414,51.559072],[-0.205327,51.559108],[-0.205079,51.558923],[-0.205017,51.558762],[-0.205015,51.558757],[-0.205039,51.558632],[-0.205053,51.558604],[-0.205069,51.55857],[-0.205081,51.558487],[-0.205086,51.558458],[-0.205089,51.558448],[-0.205099,51.558432],[-0.20516,51.558331],[-0.205175,51.55829],[-0.205183,51.558271],[-0.205189,51.558255],[-0.205245,51.558157],[-0.205261,51.558129],[-0.205269,51.55811],[-0.205285,51.55806],[-0.205354,51.557846],[-0.205361,51.557839],[-0.205448,51.557752],[-0.205455,51.557745],[-0.205492,51.557696],[-0.205482,51.557679],[-0.205411,51.557551],[-0.205388,51.557514],[-0.205358,51.557483],[-0.204952,51.557091],[-0.2049,51.557046],[-0.204977,51.556988],[-0.205576,51.556421],[-0.205854,51.556022],[-0.205876,51.556151],[-0.205958,51.556388],[-0.205978,51.556445],[-0.205984,51.556444],[-0.206218,51.556381],[-0.206429,51.556324],[-0.206451,51.556318],[-0.206455,51.556317],[-0.206609,51.556276],[-0.206668,51.55626],[-0.206698,51.556252],[-0.206736,51.556244],[-0.206827,51.556224],[-0.20685,51.556219],[-0.206883,51.556212],[-0.206998,51.556186],[-0.207006,51.556185],[-0.207017,51.556182],[-0.207024,51.556181],[-0.207039,51.556178],[-0.207223,51.556137],[-0.207266,51.556128],[-0.207278,51.556125],[-0.207282,51.556124],[-0.207344,51.556111],[-0.207382,51.556102],[-0.207449,51.556088],[-0.207509,51.556075],[-0.207534,51.556069],[-0.20758,51.556059],[-0.207679,51.556037],[-0.207687,51.556036],[-0.207712,51.55603],[-0.207762,51.556019],[-0.207789,51.556013],[-0.207907,51.555988],[-0.207918,51.555985],[-0.207956,51.555977],[-0.208049,51.555957],[-0.208074,51.555951],[-0.208079,51.55595],[-0.208166,51.555931],[-0.208187,51.555926],[-0.208234,51.555916],[-0.208265,51.555907],[-0.208336,51.555887],[-0.208367,51.555877],[-0.208492,51.555841],[-0.208552,51.555823],[-0.208559,51.555821],[-0.208628,51.555801],[-0.208783,51.555756],[-0.208852,51.555736],[-0.208912,51.55578],[-0.208917,51.555784],[-0.208934,51.555797],[-0.208941,51.555801],[-0.208956,51.555813],[-0.209046,51.55588],[-0.209103,51.55593],[-0.209116,51.555943],[-0.209123,51.555949],[-0.209136,51.555961],[-0.209165,51.555987],[-0.209197,51.556015],[-0.209223,51.556038],[-0.209227,51.556042],[-0.209233,51.556048],[-0.209253,51.556066],[-0.209267,51.556078],[-0.209273,51.556083],[-0.209283,51.556093],[-0.20929,51.556099],[-0.209321,51.556127],[-0.209339,51.556146],[-0.209347,51.556154],[-0.209365,51.556172],[-0.209368,51.556175],[-0.209386,51.556194],[-0.209416,51.556226],[-0.209426,51.556235],[-0.209428,51.556238],[-0.209434,51.556244],[-0.209443,51.556253],[-0.209469,51.55628],[-0.209472,51.556284],[-0.209486,51.556297],[-0.209533,51.556347],[-0.209542,51.556356],[-0.209563,51.556378],[-0.209586,51.556401],[-0.209598,51.556414],[-0.209615,51.556432],[-0.209642,51.556459],[-0.20966,51.556479],[-0.209663,51.556482],[-0.20968,51.5565],[-0.209685,51.556505],[-0.209698,51.556518],[-0.209779,51.556602],[-0.209781,51.556604],[-0.209787,51.556611],[-0.20981,51.556634],[-0.209817,51.556642],[-0.209833,51.556658],[-0.209851,51.556677],[-0.209886,51.556713],[-0.209892,51.55672],[-0.209895,51.556722],[-0.209943,51.556773],[-0.210002,51.556752],[-0.210065,51.55673],[-0.21007,51.556728],[-0.210762,51.556486],[-0.21078,51.556479],[-0.21082,51.556465],[-0.210836,51.55646],[-0.210861,51.556451],[-0.210897,51.556438],[-0.210905,51.556435],[-0.210987,51.556407],[-0.211148,51.55635],[-0.211223,51.556324],[-0.211563,51.556198],[-0.21157,51.556195],[-0.211781,51.55644],[-0.211799,51.556443],[-0.2118,51.556449],[-0.211791,51.556451],[-0.211793,51.556453],[-0.211804,51.556465],[-0.211917,51.556581],[-0.211949,51.556615],[-0.211963,51.55663],[-0.212048,51.556722],[-0.212182,51.5566],[-0.212225,51.556578],[-0.212238,51.556571],[-0.212381,51.556561],[-0.21239,51.556567],[-0.212433,51.556608],[-0.212442,51.556627],[-0.212471,51.556663],[-0.212523,51.556698],[-0.212567,51.556721],[-0.212569,51.556723],[-0.212574,51.556726],[-0.212588,51.556736],[-0.212612,51.556779],[-0.212622,51.556797],[-0.21265,51.556836],[-0.212657,51.556841],[-0.212673,51.556858],[-0.212699,51.556881],[-0.212708,51.556889],[-0.212722,51.556916],[-0.212761,51.55695],[-0.212772,51.556958],[-0.212816,51.557007],[-0.212834,51.55702],[-0.212868,51.557057],[-0.212873,51.557065],[-0.212876,51.557067],[-0.212928,51.557137],[-0.212955,51.55716],[-0.213004,51.557191],[-0.213008,51.557196],[-0.213041,51.557232],[-0.213049,51.557237],[-0.213078,51.557266],[-0.213094,51.55731],[-0.21313,51.557351],[-0.213155,51.557368],[-0.21319,51.557407],[-0.213276,51.557466],[-0.213282,51.557472],[-0.213278,51.55748],[-0.213236,51.557524],[-0.213233,51.557527],[-0.213199,51.55755],[-0.21312,51.557574],[-0.213036,51.557586],[-0.212914,51.557603],[-0.212914,51.557616],[-0.212914,51.557632],[-0.212915,51.55768],[-0.212832,51.557736],[-0.212797,51.557759],[-0.21275,51.557771],[-0.212732,51.557776],[-0.212657,51.557794],[-0.21262,51.557795],[-0.212565,51.557806],[-0.21221,51.557873],[-0.212194,51.557876],[-0.212054,51.557809],[-0.211969,51.557768],[-0.211883,51.557746],[-0.211861,51.557731],[-0.211841,51.557715],[-0.211826,51.557702],[-0.21182,51.557698],[-0.211813,51.557692],[-0.211799,51.557679],[-0.211769,51.55764],[-0.211766,51.557637],[-0.211704,51.557575],[-0.211687,51.557561],[-0.211656,51.557536],[-0.211635,51.557521],[-0.211605,51.557496],[-0.211594,51.557485],[-0.211591,51.557481],[-0.211572,51.557463],[-0.211566,51.557458],[-0.211552,51.557446],[-0.211471,51.557453],[-0.211466,51.557454],[-0.211249,51.557461],[-0.21124,51.557461],[-0.211171,51.55746],[-0.211136,51.557457],[-0.211055,51.55745],[-0.211017,51.557445],[-0.210997,51.55744],[-0.210909,51.557419],[-0.210886,51.557413],[-0.210858,51.557411],[-0.210783,51.557412],[-0.210767,51.557414],[-0.210737,51.557417],[-0.210695,51.557427],[-0.210677,51.557431],[-0.210634,51.557446],[-0.210626,51.55745],[-0.210597,51.557465],[-0.210591,51.557468],[-0.210567,51.557485],[-0.210556,51.557493],[-0.210514,51.557467],[-0.21051,51.557466],[-0.210394,51.557421],[-0.210377,51.557321],[-0.210367,51.557301],[-0.210282,51.557322],[-0.210111,51.557399],[-0.210076,51.557371],[-0.210071,51.557372],[-0.210076,51.557394],[-0.210083,51.557407],[-0.209958,51.557315],[-0.209694,51.557438],[-0.209685,51.557442],[-0.209631,51.557532],[-0.209629,51.557537],[-0.209626,51.557541],[-0.209655,51.557571],[-0.209659,51.557579],[-0.209664,51.557583],[-0.209728,51.557636],[-0.20973,51.557639],[-0.209766,51.557669],[-0.209806,51.557703],[-0.209811,51.557711],[-0.209815,51.557714],[-0.209884,51.557769],[-0.209887,51.557783],[-0.209919,51.557851],[-0.209921,51.557855],[-0.209996,51.557918],[-0.21,51.557922],[-0.210049,51.557946],[-0.210065,51.557962],[-0.21008,51.557978],[-0.210151,51.558046],[-0.210156,51.558052],[-0.210164,51.558059],[-0.210202,51.558091],[-0.210217,51.558111],[-0.210219,51.558113],[-0.210292,51.558168],[-0.210295,51.558172],[-0.210305,51.558183],[-0.210344,51.55821],[-0.210383,51.558251],[-0.210419,51.558273],[-0.210422,51.558275],[-0.210471,51.558334],[-0.210499,51.55836],[-0.210514,51.558373],[-0.210562,51.558461],[-0.210572,51.558538],[-0.210391,51.558592],[-0.210372,51.558629],[-0.21041,51.558626],[-0.210497,51.558619],[-0.210599,51.558617],[-0.210613,51.55863],[-0.210677,51.558686],[-0.210685,51.558693],[-0.210819,51.55883],[-0.21098,51.558983],[-0.210989,51.558982],[-0.210992,51.558978],[-0.211003,51.558986],[-0.210917,51.559044],[-0.210897,51.559057],[-0.210682,51.559226],[-0.210674,51.559233],[-0.210499,51.55938],[-0.210495,51.559383],[-0.21066,51.55959],[-0.210669,51.559588],[-0.210697,51.559623],[-0.210723,51.559654],[-0.21072,51.559664],[-0.210788,51.559751],[-0.210805,51.559773],[-0.210806,51.559774],[-0.210846,51.559825],[-0.210749,51.559906],[-0.210507,51.560046],[-0.210341,51.559958],[-0.210218,51.559893],[-0.210172,51.559762],[-0.210162,51.559735],[-0.210139,51.559704],[-0.210128,51.559714],[-0.210106,51.559734],[-0.209896,51.559923],[-0.20988,51.559937],[-0.209822,51.559984],[-0.209777,51.56002],[-0.209701,51.560073],[-0.209659,51.560108],[-0.209575,51.56014],[-0.20957,51.560142],[-0.209567,51.560144],[-0.209488,51.560174],[-0.209475,51.560177],[-0.209451,51.560176],[-0.209417,51.560185],[-0.20923,51.560238],[-0.209162,51.560257],[-0.209063,51.560284],[-0.208931,51.560321],[-0.208899,51.56033],[-0.208897,51.560331],[-0.20879,51.560353],[-0.208705,51.56037],[-0.208666,51.560378],[-0.208594,51.560393],[-0.208516,51.560409],[-0.208489,51.560414],[-0.208481,51.560416],[-0.208407,51.560431],[-0.208336,51.560446],[-0.208237,51.560466],[-0.208216,51.56047],[-0.208159,51.560482],[-0.208141,51.560486],[-0.208025,51.560509],[-0.20798,51.560519],[-0.207951,51.560525],[-0.207919,51.560531],[-0.207862,51.560543],[-0.207818,51.560552],[-0.207748,51.560566],[-0.207669,51.560583],[-0.20766,51.560584],[-0.207626,51.560591],[-0.207488,51.56062],[-0.207455,51.560626],[-0.207227,51.560673],[-0.207216,51.560675],[-0.207151,51.560688],[-0.207117,51.560694],[-0.207052,51.560706],[-0.206907,51.560731],[-0.206848,51.560736],[-0.20682,51.560739],[-0.206701,51.560743],[-0.206643,51.560745],[-0.206562,51.560748],[-0.206497,51.56075],[-0.206381,51.560754],[-0.206365,51.560754],[-0.206278,51.560757],[-0.206271,51.560757],[-0.206225,51.560712],[-0.20621,51.560698],[-0.206074,51.560565],[-0.206017,51.560509],[-0.205985,51.560478],[-0.206036,51.560467],[-0.206045,51.560465],[-0.20667,51.560325],[-0.206678,51.560323],[-0.206963,51.560259],[-0.206911,51.560237],[-0.207037,51.560213],[-0.207237,51.560175],[-0.207251,51.560172],[-0.207323,51.560158]]]}},{"type":"Feature","properties":{"LSOA21CD":"E01000490","LSOA21NM":"Brent 023A","MEAN_PTAL_":"4","mean_AI":18.9396856528,"borough":"Camden"},"geometry":{"type":"Polygon","coordinates":[[[-0.202497,51.545123],[-0.202587,51.545092],[-0.202641,51.545072],[-0.202755,51.54503],[-0.20276,51.545028],[-0.20285,51.544995],[-0.202901,51.544976],[-0.202979,51.544948],[-0.203154,51.544876],[-0.20323,51.544845],[-0.203294,51.544819],[-0.203401,51.544775],[-0.203538,51.544719],[-0.20359,51.544698],[-0.203698,51.544654],[-0.203728,51.544642],[-0.203743,51.544636],[-0.203777,51.544622],[-0.203847,51.544593],[-0.203913,51.544566],[-0.203936,51.544557],[-0.204072,51.544501],[-0.204084,51.544496],[-0.204123,51.54448],[-0.204231,51.544436],[-0.204235,51.544435],[-0.204305,51.544406],[-0.204392,51.544371],[-0.204442,51.54435],[-0.204562,51.544301],[-0.204596,51.544285],[-0.204604,51.544282],[-0.204694,51.544241],[-0.204704,51.544236],[-0.204718,51.54423],[-0.204731,51.544223],[-0.204781,51.5442],[-0.204789,51.544196],[-0.204806,51.544188],[-0.204872,51.544158],[-0.20488,51.544153],[-0.204977,51.544108],[-0.205038,51.544079],[-0.205068,51.544064],[-0.205129,51.544033],[-0.205178,51.544009],[-0.205228,51.543985],[-0.205308,51.543946],[-0.205315,51.543942],[-0.205377,51.543912],[-0.205399,51.543901],[-0.205404,51.543898],[-0.205536,51.543832],[-0.205603,51.543798],[-0.205665,51.543767],[-0.205737,51.543731],[-0.205805,51.543697],[-0.205883,51.543658],[-0.205919,51.543639],[-0.206008,51.543594],[-0.206033,51.543582],[-0.206079,51.543559],[-0.206179,51.543508],[-0.206185,51.543505],[-0.206223,51.543485],[-0.206256,51.543467],[-0.206319,51.543433],[-0.206339,51.543423],[-0.206385,51.543398],[-0.206453,51.54336],[-0.206465,51.543354],[-0.206504,51.543333],[-0.206558,51.543303],[-0.206567,51.543298],[-0.206604,51.543278],[-0.206635,51.543261],[-0.206641,51.543257],[-0.20667,51.543241],[-0.206682,51.543234],[-0.206696,51.543226],[-0.206714,51.543216],[-0.206753,51.543193],[-0.206849,51.543137],[-0.206881,51.543119],[-0.206884,51.543117],[-0.206917,51.543098],[-0.206991,51.543053],[-0.207114,51.542977],[-0.207137,51.542963],[-0.207191,51.542929],[-0.207291,51.542868],[-0.2073,51.542863],[-0.207424,51.542786],[-0.207492,51.542744],[-0.207683,51.542627],[-0.207701,51.542614],[-0.207796,51.542549],[-0.208065,51.542364],[-0.208241,51.542243],[-0.208244,51.542241],[-0.208383,51.54215],[-0.208457,51.5421],[-0.208467,51.542094],[-0.208555,51.542036],[-0.208563,51.542031],[-0.208591,51.542012],[-0.208645,51.541976],[-0.208715,51.54193],[-0.208756,51.541903],[-0.208842,51.54184],[-0.208956,51.541757],[-0.209006,51.54172],[-0.209099,51.541643],[-0.209115,51.541629],[-0.20916,51.54159],[-0.209265,51.541497],[-0.209269,51.541493],[-0.209323,51.541445],[-0.209443,51.541455],[-0.209714,51.541438],[-0.20987,51.54142],[-0.210283,51.541284],[-0.210268,51.541206],[-0.210265,51.541194],[-0.210313,51.541233],[-0.210312,51.541242],[-0.210508,51.541393],[-0.210634,51.54149],[-0.210544,51.541555],[-0.210316,51.541721],[-0.210302,51.541731],[-0.209987,51.541959],[-0.209945,51.54199],[-0.20967,51.54219],[-0.209414,51.542376],[-0.209379,51.542401],[-0.209188,51.542539],[-0.20918,51.542545],[-0.209081,51.542617],[-0.209046,51.542647],[-0.208985,51.5427],[-0.208976,51.542829],[-0.209515,51.543009],[-0.209756,51.543001],[-0.209833,51.54301],[-0.20987,51.543014],[-0.209893,51.543017],[-0.209923,51.543076],[-0.210022,51.54317],[-0.21013,51.543272],[-0.210352,51.543389],[-0.210428,51.54343],[-0.210384,51.543465],[-0.210261,51.543567],[-0.210232,51.54359],[-0.210034,51.543755],[-0.209936,51.543835],[-0.209919,51.543847],[-0.209912,51.543851],[-0.209893,51.543864],[-0.209803,51.543923],[-0.209773,51.54395],[-0.20929,51.544191],[-0.208898,51.544387],[-0.208819,51.544426],[-0.208753,51.544459],[-0.20829,51.544691],[-0.208323,51.544723],[-0.20843,51.544908],[-0.208432,51.544912],[-0.208541,51.545099],[-0.208546,51.545108],[-0.208553,51.545109],[-0.208585,51.545106],[-0.208733,51.545092],[-0.20885,51.545073],[-0.208868,51.545072],[-0.208889,51.545071],[-0.20892,51.545064],[-0.20895,51.545017],[-0.208968,51.544989],[-0.208972,51.544985],[-0.209051,51.544911],[-0.20909,51.544891],[-0.209188,51.544838],[-0.20925,51.544811],[-0.209459,51.544755],[-0.209569,51.544738],[-0.209677,51.544732],[-0.209781,51.544869],[-0.209782,51.544872],[-0.209825,51.544998],[-0.209829,51.545008],[-0.209814,51.545128],[-0.209811,51.545133],[-0.209759,51.545232],[-0.209782,51.545255],[-0.20979,51.545262],[-0.209783,51.545293],[-0.209779,51.545309],[-0.209646,51.545868],[-0.209638,51.545876],[-0.209594,51.545918],[-0.209497,51.545915],[-0.209304,51.545893],[-0.209256,51.545889],[-0.20925,51.545889],[-0.20918,51.54586],[-0.20919,51.545823],[-0.209012,51.545794],[-0.208307,51.54568],[-0.208018,51.545633],[-0.208055,51.545691],[-0.208065,51.545719],[-0.207957,51.545739],[-0.207914,51.545744],[-0.207872,51.54575],[-0.207831,51.545753],[-0.207797,51.545759],[-0.207685,51.54578],[-0.207614,51.545787],[-0.207609,51.545787],[-0.207498,51.545801],[-0.207444,51.545817],[-0.207317,51.54584],[-0.207167,51.545873],[-0.207042,51.54592],[-0.206972,51.545962],[-0.20684,51.546077],[-0.206812,51.54611],[-0.206808,51.546116],[-0.206715,51.546136],[-0.206644,51.546143],[-0.20655,51.546162],[-0.206451,51.546168],[-0.206389,51.546181],[-0.206328,51.546187],[-0.205968,51.546144],[-0.205923,51.546139],[-0.205704,51.546112],[-0.205507,51.546088],[-0.205886,51.545894],[-0.205934,51.54587],[-0.206316,51.545678],[-0.206956,51.545357],[-0.20693,51.545361],[-0.206921,51.545364],[-0.206818,51.545374],[-0.206753,51.545319],[-0.206083,51.545204],[-0.206037,51.545197],[-0.206024,51.545194],[-0.205809,51.545158],[-0.205687,51.545213],[-0.205301,51.545389],[-0.20465,51.545685],[-0.204568,51.545722],[-0.204347,51.545822],[-0.20398,51.545989],[-0.203871,51.546038],[-0.203811,51.546066],[-0.203782,51.546065],[-0.20354,51.546169],[-0.203477,51.546197],[-0.203076,51.546369],[-0.203072,51.546371],[-0.203065,51.546373],[-0.203048,51.546357],[-0.203036,51.546345],[-0.202922,51.546232],[-0.202918,51.546229],[-0.202894,51.546205],[-0.202889,51.5462],[-0.202831,51.546143],[-0.202824,51.546136],[-0.202819,51.546132],[-0.202802,51.546114],[-0.202739,51.546053],[-0.202697,51.546012],[-0.202609,51.545931],[-0.20253,51.545859],[-0.202462,51.545796],[-0.202439,51.545775],[-0.202428,51.545765],[-0.202407,51.545746],[-0.202361,51.545703],[-0.20229,51.545638],[-0.202279,51.545628],[-0.202201,51.545556],[-0.202192,51.545549],[-0.202121,51.545484],[-0.202064,51.545431],[-0.201934,51.545312],[-0.201923,51.545303],[-0.201931,51.545301],[-0.202326,51.545181],[-0.202497,51.545123]]]}},{"type":"Feature","properties":{"LSOA21CD":"E01000495","LSOA21NM":"Brent 023C","MEAN_PTAL_":"4","mean_AI":16.4449516475,"borough":"Camden"},"geometry":{"type":"Polygon","coordinates":[[[-0.203565,51.546814],[-0.203515,51.546772],[-0.203478,51.546741],[-0.2034,51.546675],[-0.203385,51.546662],[-0.203197,51.546503],[-0.203194,51.5465],[-0.203078,51.546386],[-0.203065,51.546373],[-0.203072,51.546371],[-0.203076,51.546369],[-0.203477,51.546197],[-0.20354,51.546169],[-0.203782,51.546065],[-0.203811,51.546066],[-0.203871,51.546038],[-0.20398,51.545989],[-0.204347,51.545822],[-0.204568,51.545722],[-0.20465,51.545685],[-0.205301,51.545389],[-0.205687,51.545213],[-0.205809,51.545158],[-0.206024,51.545194],[-0.206037,51.545197],[-0.206083,51.545204],[-0.206753,51.545319],[-0.206818,51.545374],[-0.206921,51.545364],[-0.20693,51.545361],[-0.206956,51.545357],[-0.206316,51.545678],[-0.205934,51.54587],[-0.205886,51.545894],[-0.205507,51.546088],[-0.205704,51.546112],[-0.205923,51.546139],[-0.205968,51.546144],[-0.206328,51.546187],[-0.206389,51.546181],[-0.206451,51.546168],[-0.20655,51.546162],[-0.206644,51.546143],[-0.206715,51.546136],[-0.206808,51.546116],[-0.206812,51.54611],[-0.20684,51.546077],[-0.206972,51.545962],[-0.207042,51.54592],[-0.207167,51.545873],[-0.207317,51.54584],[-0.207444,51.545817],[-0.207498,51.545801],[-0.207609,51.545787],[-0.207614,51.545787],[-0.207685,51.54578],[-0.207797,51.545759],[-0.207831,51.545753],[-0.207872,51.54575],[-0.207914,51.545744],[-0.207957,51.545739],[-0.208065,51.545719],[-0.208055,51.545691],[-0.208018,51.545633],[-0.208307,51.54568],[-0.209012,51.545794],[-0.20919,51.545823],[-0.20918,51.54586],[-0.20925,51.545889],[-0.209256,51.545889],[-0.209304,51.545893],[-0.209497,51.545915],[-0.209594,51.545918],[-0.209638,51.545876],[-0.209646,51.545868],[-0.209779,51.545309],[-0.209783,51.545293],[-0.20979,51.545262],[-0.209782,51.545255],[-0.209759,51.545232],[-0.209811,51.545133],[-0.209814,51.545128],[-0.209829,51.545008],[-0.209825,51.544998],[-0.209782,51.544872],[-0.209781,51.544869],[-0.209677,51.544732],[-0.209569,51.544738],[-0.209459,51.544755],[-0.20925,51.544811],[-0.209188,51.544838],[-0.20909,51.544891],[-0.209051,51.544911],[-0.208972,51.544985],[-0.208968,51.544989],[-0.20895,51.545017],[-0.20892,51.545064],[-0.208889,51.545071],[-0.208868,51.545072],[-0.20885,51.545073],[-0.208733,51.545092],[-0.208585,51.545106],[-0.208553,51.545109],[-0.208546,51.545108],[-0.208541,51.545099],[-0.208432,51.544912],[-0.20843,51.544908],[-0.208323,51.544723],[-0.20829,51.544691],[-0.208753,51.544459],[-0.208819,51.544426],[-0.208898,51.544387],[-0.20929,51.544191],[-0.209773,51.54395],[-0.209803,51.543923],[-0.209845,51.543951],[-0.209919,51.544007],[-0.209929,51.544015],[-0.209957,51.544043],[-0.210467,51.544284],[-0.210524,51.544294],[-0.21055,51.544286],[-0.210553,51.544285],[-0.210609,51.544256],[-0.210686,51.544215],[-0.210727,51.544223],[-0.210731,51.544196],[-0.210735,51.544164],[-0.210831,51.544091],[-0.211117,51.543873],[-0.211153,51.543846],[-0.211184,51.543822],[-0.211395,51.543662],[-0.211405,51.543654],[-0.211458,51.543614],[-0.211483,51.543595],[-0.211542,51.543549],[-0.211542,51.543528],[-0.211548,51.543526],[-0.211566,51.54352],[-0.211593,51.543511],[-0.211611,51.543497],[-0.211544,51.543439],[-0.211539,51.543435],[-0.211543,51.543431],[-0.211556,51.54342],[-0.21162,51.543368],[-0.211663,51.543332],[-0.211792,51.543225],[-0.211819,51.543208],[-0.211841,51.543221],[-0.211853,51.543228],[-0.212207,51.54343],[-0.212226,51.54344],[-0.212265,51.543463],[-0.212401,51.54354],[-0.212289,51.543533],[-0.212244,51.543535],[-0.212334,51.544042],[-0.212467,51.54407],[-0.212566,51.544099],[-0.212586,51.544107],[-0.212669,51.544141],[-0.212673,51.544143],[-0.212687,51.544151],[-0.212728,51.544173],[-0.212791,51.544217],[-0.212851,51.544227],[-0.212879,51.544232],[-0.21289,51.544234],[-0.213028,51.544259],[-0.213077,51.544261],[-0.212923,51.544823],[-0.213162,51.544907],[-0.213221,51.544925],[-0.213235,51.544929],[-0.213246,51.544933],[-0.21331,51.544957],[-0.213315,51.544954],[-0.213329,51.544958],[-0.213335,51.54496],[-0.213332,51.544964],[-0.213339,51.544966],[-0.213524,51.545038],[-0.213533,51.545032],[-0.213881,51.544768],[-0.214041,51.544647],[-0.21387,51.544535],[-0.213872,51.544531],[-0.213887,51.544487],[-0.213898,51.544478],[-0.213906,51.544471],[-0.213941,51.544445],[-0.214211,51.544566],[-0.214346,51.544446],[-0.214682,51.544614],[-0.21476,51.544652],[-0.21477,51.544658],[-0.214774,51.544659],[-0.214969,51.544757],[-0.215016,51.544775],[-0.215147,51.544824],[-0.215362,51.54492],[-0.215423,51.544976],[-0.215411,51.544975],[-0.215068,51.545318],[-0.214867,51.545519],[-0.215096,51.545659],[-0.215102,51.545661],[-0.215106,51.545662],[-0.215143,51.545677],[-0.215037,51.545811],[-0.214976,51.545882],[-0.214886,51.545971],[-0.214839,51.546018],[-0.214685,51.546066],[-0.214507,51.545967],[-0.214336,51.545924],[-0.214061,51.545898],[-0.214044,51.545896],[-0.21379,51.545914],[-0.213708,51.54592],[-0.213696,51.545902],[-0.213525,51.54585],[-0.213435,51.545822],[-0.213422,51.545813],[-0.213403,51.5458],[-0.213303,51.545731],[-0.213004,51.545486],[-0.212886,51.545553],[-0.21285,51.545574],[-0.212824,51.545606],[-0.212817,51.545615],[-0.212815,51.545618],[-0.212781,51.545663],[-0.212778,51.545668],[-0.212768,51.5457],[-0.212745,51.545776],[-0.21274,51.54579],[-0.212737,51.545797],[-0.212735,51.545802],[-0.212724,51.545835],[-0.212707,51.545873],[-0.212704,51.54588],[-0.212701,51.545887],[-0.212698,51.545911],[-0.212692,51.545927],[-0.212684,51.545951],[-0.212677,51.545972],[-0.212659,51.546024],[-0.212653,51.546041],[-0.21265,51.546048],[-0.212621,51.546132],[-0.212614,51.546151],[-0.212611,51.546161],[-0.212609,51.546167],[-0.212596,51.546204],[-0.212586,51.546233],[-0.212562,51.546301],[-0.212539,51.546369],[-0.212535,51.546382],[-0.212492,51.546501],[-0.21247,51.546568],[-0.212345,51.546928],[-0.212359,51.546928],[-0.212412,51.546951],[-0.212408,51.546958],[-0.212403,51.546966],[-0.212247,51.547206],[-0.212,51.547584],[-0.211935,51.547684],[-0.211919,51.54771],[-0.211896,51.547706],[-0.211787,51.54769],[-0.211772,51.547687],[-0.211744,51.547683],[-0.211661,51.547671],[-0.211618,51.547664],[-0.211526,51.54765],[-0.211394,51.54763],[-0.211348,51.547623],[-0.211122,51.547588],[-0.211116,51.547588],[-0.211056,51.547578],[-0.210945,51.547562],[-0.210843,51.547546],[-0.210815,51.547542],[-0.210549,51.547501],[-0.210471,51.547489],[-0.210448,51.547486],[-0.210298,51.547463],[-0.210283,51.547461],[-0.210118,51.547433],[-0.209901,51.547397],[-0.209774,51.547376],[-0.209734,51.547369],[-0.209506,51.547331],[-0.209494,51.547329],[-0.209349,51.547305],[-0.209267,51.547295],[-0.209142,51.54728],[-0.209049,51.547269],[-0.209035,51.547267],[-0.208877,51.547248],[-0.208865,51.547247],[-0.208754,51.547234],[-0.208694,51.547226],[-0.208592,51.547214],[-0.208543,51.547208],[-0.208475,51.5472],[-0.208469,51.5472],[-0.208269,51.547176],[-0.208209,51.547168],[-0.208192,51.547166],[-0.20817,51.547164],[-0.208162,51.547163],[-0.208068,51.547152],[-0.207923,51.547136],[-0.207915,51.547135],[-0.207826,51.547126],[-0.207809,51.547124],[-0.207793,51.547123],[-0.207714,51.547114],[-0.207677,51.54711],[-0.207522,51.547094],[-0.207508,51.547093],[-0.207377,51.547079],[-0.207157,51.547055],[-0.207108,51.54705],[-0.206999,51.547039],[-0.206917,51.54703],[-0.206849,51.547023],[-0.206806,51.547019],[-0.206705,51.547008],[-0.206623,51.546999],[-0.206481,51.546984],[-0.206468,51.546983],[-0.206308,51.546973],[-0.206179,51.546966],[-0.206169,51.546965],[-0.206138,51.546963],[-0.206126,51.546962],[-0.205998,51.546955],[-0.2059,51.546951],[-0.205813,51.546948],[-0.205283,51.546929],[-0.205219,51.546927],[-0.205195,51.546926],[-0.205063,51.546918],[-0.204823,51.546903],[-0.204388,51.546877],[-0.204314,51.546871],[-0.204287,51.546869],[-0.204118,51.546856],[-0.204018,51.546849],[-0.203998,51.546847],[-0.203902,51.54684],[-0.203565,51.546814]]]}},{"type":"Feature","properties":{"LSOA21CD":"E01000545","LSOA21NM":"Brent 028A","MEAN_PTAL_":"5","mean_AI":20.6285626228,"borough":"Camden"},"geometry":{"type":"Polygon","coordinates":[[[-0.199381,51.543038],[-0.199285,51.542961],[-0.199275,51.542954],[-0.199227,51.542915],[-0.199071,51.54279],[-0.19904,51.542765],[-0.198995,51.542729],[-0.198965,51.542705],[-0.198949,51.542692],[-0.198937,51.542683],[-0.198851,51.542614],[-0.198778,51.542554],[-0.198737,51.54252],[-0.198715,51.542502],[-0.198686,51.542478],[-0.198583,51.542393],[-0.198545,51.542362],[-0.198509,51.542332],[-0.198467,51.542297],[-0.19839,51.542234],[-0.198375,51.542222],[-0.198331,51.542186],[-0.198317,51.542174],[-0.198311,51.542169],[-0.198278,51.542142],[-0.198219,51.542093],[-0.1982,51.542078],[-0.198142,51.542029],[-0.198064,51.541965],[-0.19803,51.541938],[-0.19798,51.541896],[-0.197973,51.541891],[-0.197877,51.541812],[-0.19786,51.541798],[-0.197799,51.541748],[-0.197786,51.541736],[-0.197649,51.541624],[-0.197639,51.541615],[-0.197621,51.541601],[-0.1976,51.541583],[-0.197581,51.541568],[-0.197504,51.541504],[-0.197424,51.541439],[-0.197385,51.541407],[-0.197361,51.541387],[-0.197222,51.541272],[-0.197195,51.54125],[-0.197162,51.541223],[-0.197157,51.541218],[-0.197123,51.54119],[-0.197093,51.541166],[-0.196994,51.541084],[-0.196954,51.541051],[-0.196947,51.541046],[-0.196934,51.541035],[-0.196904,51.54101],[-0.196849,51.540965],[-0.19683,51.54095],[-0.19678,51.540915],[-0.19677,51.540909],[-0.197034,51.540778],[-0.197223,51.540707],[-0.197336,51.540629],[-0.19737,51.540651],[-0.197545,51.540761],[-0.197827,51.540887],[-0.197857,51.540901],[-0.197861,51.540903],[-0.197867,51.540911],[-0.197876,51.540925],[-0.197921,51.540958],[-0.197926,51.54096],[-0.197937,51.540968],[-0.198012,51.541027],[-0.198043,51.541055],[-0.198085,51.541075],[-0.198148,51.541109],[-0.198169,51.541123],[-0.198186,51.541133],[-0.198257,51.541188],[-0.198263,51.541193],[-0.19844,51.541422],[-0.198447,51.541457],[-0.198521,51.541528],[-0.198535,51.541532],[-0.198549,51.541533],[-0.198706,51.541538],[-0.198762,51.541534],[-0.198798,51.541531],[-0.198879,51.541623],[-0.198882,51.541628],[-0.19889,51.541625],[-0.199131,51.541515],[-0.199148,51.541507],[-0.199172,51.54153],[-0.199263,51.541618],[-0.199501,51.541615],[-0.199603,51.541649],[-0.199618,51.541642],[-0.199641,51.541639],[-0.199709,51.541626],[-0.199767,51.5416],[-0.199804,51.541583],[-0.199823,51.541572],[-0.199878,51.541563],[-0.199983,51.541519],[-0.200016,51.541529],[-0.200107,51.541567],[-0.200154,51.541615],[-0.20017,51.541644],[-0.200164,51.541665],[-0.200129,51.541791],[-0.200131,51.541817],[-0.200141,51.541817],[-0.200181,51.541817],[-0.200388,51.54172],[-0.200643,51.5416],[-0.200665,51.541589],[-0.201011,51.541853],[-0.201258,51.542042],[-0.201417,51.542163],[-0.201435,51.542177],[-0.20144,51.54218],[-0.20151,51.542234],[-0.201566,51.542276],[-0.201649,51.542339],[-0.201858,51.542497],[-0.201854,51.542468],[-0.201842,51.542423],[-0.201858,51.542393],[-0.201966,51.542291],[-0.202021,51.542267],[-0.202142,51.542239],[-0.20223,51.542241],[-0.202236,51.542246],[-0.202337,51.542326],[-0.202466,51.542428],[-0.202916,51.542746],[-0.202948,51.542779],[-0.203049,51.542882],[-0.203418,51.542779],[-0.203441,51.542773],[-0.203636,51.542715],[-0.203771,51.54282],[-0.203841,51.542917],[-0.203931,51.542889],[-0.203967,51.542879],[-0.204389,51.542759],[-0.204396,51.542766],[-0.204398,51.542769],[-0.204468,51.542844],[-0.204504,51.542866],[-0.204508,51.542868],[-0.204624,51.542984],[-0.204627,51.542987],[-0.204702,51.543061],[-0.204707,51.543057],[-0.204766,51.543022],[-0.204783,51.543021],[-0.205189,51.542779],[-0.205211,51.542795],[-0.205359,51.542902],[-0.205535,51.543032],[-0.205554,51.543042],[-0.205558,51.543045],[-0.205556,51.543048],[-0.205582,51.543067],[-0.205535,51.543096],[-0.205523,51.543103],[-0.2055,51.543114],[-0.205523,51.543131],[-0.206051,51.543538],[-0.206079,51.543559],[-0.206033,51.543582],[-0.206008,51.543594],[-0.205919,51.543639],[-0.205883,51.543658],[-0.205805,51.543697],[-0.205737,51.543731],[-0.205665,51.543767],[-0.205603,51.543798],[-0.205536,51.543832],[-0.205404,51.543898],[-0.205399,51.543901],[-0.205377,51.543912],[-0.205315,51.543942],[-0.205308,51.543946],[-0.205228,51.543985],[-0.205178,51.544009],[-0.205129,51.544033],[-0.205068,51.544064],[-0.205038,51.544079],[-0.204977,51.544108],[-0.20488,51.544153],[-0.204872,51.544158],[-0.204806,51.544188],[-0.204789,51.544196],[-0.204781,51.5442],[-0.204731,51.544223],[-0.204718,51.54423],[-0.204704,51.544236],[-0.204694,51.544241],[-0.204604,51.544282],[-0.204596,51.544285],[-0.204562,51.544301],[-0.204442,51.54435],[-0.204392,51.544371],[-0.204305,51.544406],[-0.204235,51.544435],[-0.204231,51.544436],[-0.204123,51.54448],[-0.204084,51.544496],[-0.204072,51.544501],[-0.203936,51.544557],[-0.203913,51.544566],[-0.203847,51.544593],[-0.203777,51.544622],[-0.203743,51.544636],[-0.203728,51.544642],[-0.203698,51.544654],[-0.20359,51.544698],[-0.203538,51.544719],[-0.203401,51.544775],[-0.203294,51.544819],[-0.20323,51.544845],[-0.203154,51.544876],[-0.202979,51.544948],[-0.202901,51.544976],[-0.20285,51.544995],[-0.20276,51.545028],[-0.202755,51.54503],[-0.202641,51.545072],[-0.202587,51.545092],[-0.202497,51.545123],[-0.202326,51.545181],[-0.201931,51.545301],[-0.201923,51.545303],[-0.201906,51.545285],[-0.201851,51.545232],[-0.201754,51.545137],[-0.201722,51.545107],[-0.201688,51.545074],[-0.20162,51.545008],[-0.201588,51.544977],[-0.201509,51.5449],[-0.201492,51.544884],[-0.201461,51.544854],[-0.201406,51.5448],[-0.20138,51.544775],[-0.201281,51.544679],[-0.201277,51.544675],[-0.201251,51.54465],[-0.201249,51.544647],[-0.201233,51.544632],[-0.201205,51.544605],[-0.201199,51.5446],[-0.201128,51.544539],[-0.20109,51.544506],[-0.201071,51.54449],[-0.201055,51.544476],[-0.200996,51.544425],[-0.20098,51.544411],[-0.200968,51.544401],[-0.200955,51.54439],[-0.200873,51.54432],[-0.200833,51.544286],[-0.200805,51.544261],[-0.200771,51.544232],[-0.200741,51.544207],[-0.200738,51.544204],[-0.200686,51.54416],[-0.200671,51.544146],[-0.200534,51.544029],[-0.200482,51.543984],[-0.200318,51.543844],[-0.200212,51.543752],[-0.200202,51.543744],[-0.200199,51.543741],[-0.200155,51.543703],[-0.200074,51.543634],[-0.200045,51.543609],[-0.200037,51.543602],[-0.200034,51.5436],[-0.199832,51.543426],[-0.199777,51.543378],[-0.199769,51.543371],[-0.199756,51.54336],[-0.199736,51.543343],[-0.1997,51.543313],[-0.199683,51.543298],[-0.199584,51.543213],[-0.199551,51.543185],[-0.199472,51.543116],[-0.199469,51.543114],[-0.199465,51.543111],[-0.199457,51.543104],[-0.19941,51.543064],[-0.199381,51.543038]]]}},{"type":"Feature","properties":{"LSOA21CD":"E01000548","LSOA21NM":"Brent 028D","MEAN_PTAL_":"5","mean_AI":23.6293310755,"borough":"Camden"},"geometry":{"type":"Polygon","coordinates":[[[-0.19737,51.540651],[-0.197336,51.540629],[-0.197223,51.540707],[-0.197034,51.540778],[-0.19677,51.540909],[-0.196765,51.540905],[-0.196724,51.540877],[-0.196669,51.54084],[-0.196631,51.540812],[-0.196576,51.540771],[-0.196557,51.540757],[-0.196516,51.540726],[-0.196395,51.540628],[-0.196368,51.540605],[-0.19631,51.540552],[-0.196299,51.540543],[-0.196292,51.540536],[-0.196238,51.540486],[-0.196153,51.540409],[-0.195927,51.540202],[-0.195922,51.540198],[-0.195915,51.540191],[-0.195902,51.540179],[-0.195812,51.540097],[-0.195719,51.540012],[-0.195714,51.540008],[-0.195656,51.539955],[-0.195544,51.539854],[-0.19551,51.53982],[-0.1955,51.539811],[-0.195419,51.539739],[-0.195411,51.539731],[-0.195397,51.53972],[-0.195254,51.539595],[-0.195156,51.53951],[-0.195046,51.539413],[-0.195011,51.539383],[-0.194975,51.539352],[-0.194578,51.539006],[-0.194365,51.53882],[-0.19428,51.538747],[-0.194001,51.538503],[-0.193957,51.538465],[-0.193769,51.538301],[-0.193732,51.538269],[-0.193718,51.538256],[-0.193656,51.538202],[-0.193625,51.538174],[-0.193525,51.538087],[-0.193477,51.538045],[-0.193328,51.537914],[-0.193235,51.537831],[-0.193167,51.537772],[-0.19315,51.537757],[-0.193058,51.537676],[-0.193047,51.537666],[-0.193017,51.537641],[-0.192876,51.537516],[-0.192868,51.53751],[-0.192804,51.537453],[-0.192744,51.5374],[-0.192696,51.537358],[-0.19265,51.537317],[-0.192619,51.537291],[-0.192538,51.53722],[-0.192508,51.537193],[-0.192494,51.537181],[-0.192486,51.537173],[-0.192437,51.537131],[-0.192474,51.537116],[-0.192735,51.537005],[-0.193051,51.536886],[-0.193085,51.536874],[-0.193162,51.536846],[-0.193225,51.536824],[-0.193209,51.536897],[-0.193207,51.536908],[-0.19316,51.537127],[-0.193165,51.537129],[-0.193337,51.537207],[-0.193403,51.537236],[-0.193483,51.537272],[-0.193592,51.537253],[-0.193568,51.537281],[-0.193552,51.537316],[-0.193551,51.537343],[-0.193576,51.537386],[-0.193578,51.537389],[-0.19362,51.537434],[-0.193772,51.537599],[-0.193793,51.537591],[-0.193802,51.537588],[-0.193826,51.537579],[-0.193833,51.537578],[-0.193887,51.537558],[-0.193911,51.537549],[-0.193984,51.537523],[-0.194017,51.537512],[-0.194057,51.537498],[-0.194153,51.537464],[-0.194157,51.537462],[-0.194191,51.53745],[-0.194326,51.537403],[-0.194337,51.537398],[-0.194344,51.537395],[-0.194348,51.537393],[-0.194379,51.537383],[-0.194397,51.537377],[-0.194405,51.537374],[-0.19441,51.537372],[-0.194495,51.537339],[-0.194642,51.537283],[-0.194648,51.537281],[-0.19475,51.537242],[-0.194819,51.537216],[-0.194831,51.537211],[-0.194881,51.537192],[-0.195015,51.537141],[-0.195096,51.537112],[-0.195174,51.537084],[-0.195399,51.537003],[-0.195461,51.536981],[-0.195509,51.536963],[-0.195748,51.536877],[-0.19576,51.536873],[-0.195878,51.536831],[-0.195904,51.536821],[-0.195913,51.536818],[-0.196048,51.536767],[-0.196133,51.536734],[-0.196244,51.536692],[-0.196289,51.536675],[-0.196449,51.536614],[-0.19654,51.53658],[-0.196653,51.536537],[-0.196781,51.536492],[-0.196849,51.536467],[-0.19688,51.536456],[-0.19695,51.536431],[-0.19712,51.536371],[-0.197283,51.536313],[-0.197303,51.536334],[-0.197307,51.536338],[-0.197504,51.53655],[-0.197515,51.536561],[-0.197572,51.536619],[-0.197566,51.536622],[-0.197527,51.536636],[-0.19752,51.53663],[-0.197514,51.536632],[-0.197282,51.536722],[-0.197173,51.536764],[-0.197056,51.53681],[-0.196979,51.536839],[-0.196852,51.536889],[-0.1967,51.536948],[-0.196657,51.536964],[-0.196496,51.537027],[-0.19644,51.537049],[-0.196362,51.537077],[-0.196422,51.537217],[-0.196698,51.537475],[-0.196706,51.537482],[-0.196705,51.537495],[-0.196839,51.537441],[-0.196907,51.537413],[-0.196913,51.537408],[-0.196946,51.537395],[-0.197244,51.537712],[-0.197287,51.537758],[-0.197709,51.538206],[-0.197865,51.538372],[-0.197962,51.538471],[-0.19799,51.5385],[-0.198054,51.538462],[-0.198329,51.538298],[-0.198334,51.538295],[-0.19834,51.538292],[-0.198416,51.538247],[-0.198577,51.538151],[-0.198772,51.538035],[-0.198808,51.538014],[-0.198825,51.538005],[-0.198876,51.537974],[-0.198882,51.537978],[-0.198911,51.537997],[-0.198917,51.537994],[-0.19898,51.538042],[-0.19903,51.538075],[-0.19921,51.538193],[-0.19919,51.5382],[-0.199188,51.538205],[-0.199098,51.53827],[-0.19907,51.538284],[-0.199047,51.538293],[-0.199,51.538317],[-0.19899,51.538321],[-0.198943,51.538333],[-0.198891,51.538346],[-0.19888,51.538351],[-0.198855,51.538359],[-0.198774,51.538404],[-0.198745,51.538414],[-0.198684,51.538446],[-0.198677,51.538452],[-0.198635,51.538492],[-0.19859,51.538565],[-0.198586,51.538608],[-0.198557,51.538622],[-0.198496,51.53865],[-0.198469,51.538667],[-0.19851,51.538744],[-0.198519,51.538751],[-0.198525,51.538755],[-0.198602,51.538808],[-0.198607,51.538815],[-0.198652,51.538894],[-0.198598,51.538963],[-0.198508,51.539042],[-0.198462,51.539071],[-0.198454,51.539076],[-0.198439,51.539101],[-0.198443,51.539103],[-0.198467,51.539115],[-0.198495,51.539125],[-0.198569,51.539141],[-0.19865,51.539167],[-0.198668,51.539175],[-0.198692,51.539193],[-0.198715,51.53921],[-0.198777,51.539368],[-0.198777,51.539406],[-0.198777,51.539414],[-0.198779,51.539425],[-0.198768,51.539429],[-0.198658,51.53945],[-0.198648,51.539451],[-0.198579,51.539465],[-0.19855,51.539468],[-0.198524,51.539474],[-0.198508,51.539475],[-0.198434,51.539493],[-0.198429,51.539493],[-0.198411,51.539497],[-0.19839,51.539498],[-0.198337,51.539511],[-0.19822,51.539532],[-0.198214,51.539534],[-0.198216,51.53954],[-0.198306,51.53977],[-0.198276,51.539778],[-0.198229,51.539783],[-0.198082,51.539817],[-0.198109,51.539859],[-0.198132,51.540037],[-0.198136,51.540067],[-0.198138,51.540078],[-0.19814,51.54009],[-0.198142,51.540112],[-0.198168,51.54016],[-0.198331,51.540344],[-0.198363,51.540379],[-0.198376,51.540394],[-0.198659,51.540685],[-0.198863,51.540895],[-0.198917,51.540951],[-0.199027,51.54107],[-0.199108,51.541157],[-0.199163,51.541217],[-0.199114,51.541233],[-0.199022,51.541284],[-0.198871,51.541523],[-0.19884,51.541527],[-0.198798,51.541531],[-0.198762,51.541534],[-0.198706,51.541538],[-0.198549,51.541533],[-0.198535,51.541532],[-0.198521,51.541528],[-0.198447,51.541457],[-0.19844,51.541422],[-0.198263,51.541193],[-0.198257,51.541188],[-0.198186,51.541133],[-0.198169,51.541123],[-0.198148,51.541109],[-0.198085,51.541075],[-0.198043,51.541055],[-0.198012,51.541027],[-0.197937,51.540968],[-0.197926,51.54096],[-0.197921,51.540958],[-0.197876,51.540925],[-0.197867,51.540911],[-0.197861,51.540903],[-0.197857,51.540901],[-0.197827,51.540887],[-0.197545,51.540761],[-0.19737,51.540651]]]}},{"type":"Feature","properties":{"LSOA21CD":"E01000556","LSOA21NM":"Brent 015D","MEAN_PTAL_":"5","mean_AI":21.6347657761,"borough":"Camden"},"geometry":{"type":"Polygon","coordinates":[[[-0.21632,51.557515],[-0.216217,51.55744],[-0.216153,51.557393],[-0.216114,51.557362],[-0.216025,51.55729],[-0.215977,51.557251],[-0.215941,51.557222],[-0.215908,51.557195],[-0.215887,51.557178],[-0.215865,51.557161],[-0.215812,51.557118],[-0.215804,51.557112],[-0.215783,51.557094],[-0.215737,51.557058],[-0.215714,51.55704],[-0.215711,51.557037],[-0.215676,51.557008],[-0.21564,51.55698],[-0.215621,51.556964],[-0.21558,51.556931],[-0.215516,51.556879],[-0.215502,51.556868],[-0.215494,51.556862],[-0.215478,51.556849],[-0.215404,51.556792],[-0.21535,51.556748],[-0.215343,51.556744],[-0.215337,51.55674],[-0.215216,51.556645],[-0.215164,51.556605],[-0.215023,51.556495],[-0.214939,51.556429],[-0.214913,51.55641],[-0.214843,51.556355],[-0.214832,51.556346],[-0.214789,51.556311],[-0.214785,51.556308],[-0.214781,51.556304],[-0.214684,51.556225],[-0.21467,51.556213],[-0.214499,51.556073],[-0.214482,51.556059],[-0.214442,51.556027],[-0.214412,51.556002],[-0.21441,51.556],[-0.214328,51.555933],[-0.214263,51.55588],[-0.214245,51.555864],[-0.214111,51.555748],[-0.21406,51.555704],[-0.214036,51.555683],[-0.214031,51.555679],[-0.214004,51.555655],[-0.213992,51.555645],[-0.213985,51.555639],[-0.21396,51.555617],[-0.213954,51.555612],[-0.21395,51.555609],[-0.213945,51.555604],[-0.213922,51.555584],[-0.213867,51.555537],[-0.213832,51.555506],[-0.213817,51.555494],[-0.213797,51.555476],[-0.213726,51.555414],[-0.213712,51.555402],[-0.213676,51.555369],[-0.213672,51.555366],[-0.213646,51.555342],[-0.213612,51.555311],[-0.213582,51.555283],[-0.213577,51.555279],[-0.213527,51.555233],[-0.213516,51.555223],[-0.213438,51.555152],[-0.21343,51.555145],[-0.213376,51.555098],[-0.21336,51.555084],[-0.213338,51.555064],[-0.213328,51.555056],[-0.213262,51.554999],[-0.213216,51.554958],[-0.213213,51.554956],[-0.213197,51.554941],[-0.213175,51.554921],[-0.213152,51.5549],[-0.21314,51.55489],[-0.213102,51.554855],[-0.213092,51.554846],[-0.213085,51.55484],[-0.213006,51.554768],[-0.212957,51.554724],[-0.212943,51.554711],[-0.212906,51.554678],[-0.212876,51.55465],[-0.212818,51.554612],[-0.212811,51.554607],[-0.212799,51.554599],[-0.212762,51.554574],[-0.212738,51.554558],[-0.21272,51.554546],[-0.212689,51.554525],[-0.212673,51.554514],[-0.21266,51.554506],[-0.212636,51.55449],[-0.212511,51.554407],[-0.212464,51.554375],[-0.212371,51.554308],[-0.21236,51.5543],[-0.212343,51.554288],[-0.212346,51.554252],[-0.212348,51.554215],[-0.21235,51.554189],[-0.212351,51.554179],[-0.212353,51.554155],[-0.212354,51.554137],[-0.212355,51.554129],[-0.212377,51.554104],[-0.21239,51.554089],[-0.212393,51.554078],[-0.212401,51.554055],[-0.212403,51.554048],[-0.212405,51.554044],[-0.212408,51.554034],[-0.212409,51.554031],[-0.212408,51.554028],[-0.212401,51.553995],[-0.212395,51.553988],[-0.212392,51.553984],[-0.212366,51.553951],[-0.212357,51.55394],[-0.212254,51.55387],[-0.212244,51.553865],[-0.212502,51.553735],[-0.212537,51.553717],[-0.212544,51.553718],[-0.212738,51.553665],[-0.212795,51.553723],[-0.212912,51.553844],[-0.212993,51.553928],[-0.213026,51.553962],[-0.213203,51.553904],[-0.213255,51.553892],[-0.213273,51.55389],[-0.21334,51.553876],[-0.213365,51.553873],[-0.21341,51.553863],[-0.213529,51.553848],[-0.213541,51.553846],[-0.213632,51.553831],[-0.213721,51.553825],[-0.213733,51.553823],[-0.213827,51.553816],[-0.213851,51.553812],[-0.213901,51.553809],[-0.213953,51.553799],[-0.214057,51.553787],[-0.2142,51.553771],[-0.21431,51.553755],[-0.214314,51.553754],[-0.214422,51.55374],[-0.214475,51.553729],[-0.214545,51.55372],[-0.214603,51.553718],[-0.214668,51.553707],[-0.214753,51.553693],[-0.214832,51.553688],[-0.214876,51.55368],[-0.214922,51.553676],[-0.214928,51.553676],[-0.214942,51.553673],[-0.215022,51.553666],[-0.215213,51.554065],[-0.215168,51.554076],[-0.215068,51.554087],[-0.215038,51.554094],[-0.215437,51.554045],[-0.215535,51.554033],[-0.216146,51.553958],[-0.216184,51.553953],[-0.216552,51.553908],[-0.216563,51.553906],[-0.216625,51.553898],[-0.216648,51.5539],[-0.216647,51.553944],[-0.216646,51.554099],[-0.216973,51.554171],[-0.216991,51.554175],[-0.217008,51.554179],[-0.217064,51.554128],[-0.217637,51.554343],[-0.21783,51.554416],[-0.217863,51.554449],[-0.217889,51.554451],[-0.217897,51.554452],[-0.217988,51.554458],[-0.218023,51.554462],[-0.218054,51.554465],[-0.218065,51.554466],[-0.218178,51.55447],[-0.218223,51.554475],[-0.21833,51.554653],[-0.218365,51.554711],[-0.218403,51.554833],[-0.21839,51.554854],[-0.218369,51.554893],[-0.218338,51.554951],[-0.218328,51.55497],[-0.218316,51.55497],[-0.218166,51.554975],[-0.217892,51.554984],[-0.217854,51.554986],[-0.217846,51.554987],[-0.217811,51.555003],[-0.217845,51.555],[-0.217798,51.555078],[-0.217715,51.555214],[-0.21768,51.555271],[-0.217537,51.555506],[-0.217261,51.55596],[-0.217204,51.55608],[-0.217174,51.556143],[-0.217101,51.556255],[-0.217167,51.556271],[-0.217276,51.556297],[-0.217704,51.556033],[-0.217786,51.555906],[-0.217864,51.555763],[-0.217889,51.555769],[-0.217884,51.55579],[-0.217885,51.555804],[-0.217979,51.55582],[-0.217992,51.55581],[-0.218004,51.555814],[-0.218086,51.555838],[-0.218249,51.555886],[-0.218242,51.55591],[-0.218129,51.556356],[-0.218095,51.556486],[-0.217956,51.556467],[-0.217808,51.556446],[-0.217726,51.556497],[-0.217518,51.556625],[-0.217475,51.556651],[-0.217463,51.556658],[-0.217446,51.556669],[-0.217409,51.556692],[-0.217291,51.556762],[-0.217156,51.556842],[-0.217115,51.556866],[-0.217077,51.556889],[-0.216998,51.556936],[-0.216951,51.556964],[-0.217077,51.557073],[-0.217002,51.557115],[-0.216993,51.55712],[-0.216965,51.557136],[-0.216953,51.557143],[-0.216899,51.557044],[-0.216681,51.557259],[-0.216699,51.557336],[-0.216776,51.557436],[-0.216868,51.557489],[-0.216916,51.557506],[-0.217025,51.557523],[-0.217036,51.557525],[-0.217064,51.55752],[-0.217198,51.557525],[-0.217086,51.557586],[-0.216951,51.557666],[-0.216716,51.557806],[-0.216597,51.557718],[-0.216474,51.557628],[-0.216458,51.557616],[-0.216434,51.557599],[-0.216338,51.557529],[-0.21632,51.557515]]]}},{"type":"Feature","properties":{"LSOA21CD":"E01000558","LSOA21NM":"Brent 015F","MEAN_PTAL_":"4","mean_AI":16.5230823181,"borough":"Camden"},"geometry":{"type":"Polygon","coordinates":[[[-0.212795,51.553723],[-0.212738,51.553665],[-0.212544,51.553718],[-0.212537,51.553717],[-0.212502,51.553735],[-0.212244,51.553865],[-0.212141,51.553815],[-0.211963,51.553727],[-0.211928,51.55371],[-0.211916,51.553704],[-0.211903,51.553696],[-0.211758,51.553609],[-0.211743,51.553596],[-0.211712,51.553569],[-0.211681,51.553543],[-0.211578,51.553454],[-0.211571,51.553448],[-0.211557,51.553436],[-0.211533,51.553415],[-0.211503,51.553389],[-0.211475,51.553365],[-0.211465,51.553356],[-0.211403,51.553303],[-0.211391,51.553292],[-0.211317,51.553229],[-0.211309,51.553222],[-0.211283,51.553199],[-0.211222,51.553154],[-0.211201,51.553138],[-0.21116,51.553108],[-0.211141,51.553094],[-0.211064,51.553037],[-0.210984,51.552977],[-0.210939,51.552944],[-0.210925,51.552934],[-0.210872,51.552894],[-0.210818,51.552854],[-0.210772,51.55282],[-0.210752,51.552805],[-0.210726,51.552786],[-0.210721,51.552782],[-0.210709,51.552773],[-0.210682,51.552752],[-0.210663,51.552738],[-0.210618,51.552703],[-0.210603,51.552692],[-0.210571,51.552667],[-0.210552,51.552652],[-0.210527,51.552633],[-0.210515,51.552624],[-0.210476,51.552594],[-0.210408,51.552542],[-0.210389,51.552527],[-0.210323,51.552476],[-0.210293,51.552453],[-0.210285,51.552448],[-0.210252,51.552425],[-0.210234,51.552412],[-0.210205,51.552392],[-0.210178,51.552373],[-0.210119,51.552332],[-0.210114,51.552329],[-0.210108,51.552324],[-0.210023,51.552265],[-0.209893,51.552175],[-0.209775,51.552092],[-0.209767,51.552086],[-0.209763,51.552084],[-0.209732,51.552062],[-0.20964,51.551995],[-0.209582,51.551952],[-0.20944,51.551847],[-0.209423,51.551835],[-0.209394,51.551813],[-0.209373,51.551798],[-0.209276,51.551726],[-0.209264,51.551717],[-0.209206,51.551674],[-0.2092,51.55167],[-0.209183,51.551658],[-0.209149,51.551632],[-0.209111,51.551607],[-0.209093,51.551594],[-0.209007,51.551535],[-0.208946,51.551493],[-0.20882,51.551406],[-0.208789,51.551385],[-0.208631,51.551276],[-0.208577,51.551239],[-0.20848,51.551168],[-0.208395,51.551104],[-0.208414,51.5511],[-0.209521,51.550848],[-0.209029,51.550465],[-0.209026,51.550463],[-0.20876,51.550256],[-0.208779,51.550245],[-0.208774,51.550241],[-0.208853,51.550198],[-0.208905,51.5502],[-0.208928,51.550157],[-0.20904,51.550095],[-0.209139,51.550139],[-0.209438,51.549961],[-0.209637,51.549843],[-0.209536,51.549775],[-0.209503,51.549737],[-0.209095,51.549442],[-0.209101,51.549441],[-0.209301,51.549356],[-0.209433,51.549304],[-0.209446,51.549299],[-0.209567,51.549247],[-0.209595,51.549235],[-0.209727,51.549165],[-0.209888,51.549064],[-0.209993,51.548998],[-0.210092,51.548914],[-0.210123,51.548887],[-0.210128,51.548883],[-0.210203,51.548805],[-0.210263,51.548741],[-0.210276,51.548725],[-0.210335,51.548646],[-0.210359,51.548615],[-0.210385,51.548581],[-0.210389,51.548574],[-0.210425,51.548517],[-0.210436,51.548498],[-0.210443,51.548486],[-0.210462,51.548457],[-0.210473,51.548426],[-0.210515,51.548374],[-0.2105,51.548351],[-0.210503,51.548341],[-0.21051,51.548322],[-0.210678,51.548375],[-0.210753,51.548398],[-0.210785,51.548407],[-0.210824,51.548417],[-0.211024,51.548456],[-0.211045,51.54846],[-0.211052,51.548461],[-0.211129,51.548506],[-0.211134,51.548511],[-0.211149,51.548525],[-0.211044,51.548684],[-0.21102,51.548827],[-0.211039,51.548935],[-0.211075,51.549014],[-0.211015,51.54903],[-0.211355,51.549072],[-0.211371,51.549075],[-0.21143,51.549082],[-0.211457,51.549088],[-0.211604,51.549108],[-0.211644,51.549117],[-0.211691,51.549123],[-0.211761,51.549137],[-0.211889,51.549154],[-0.211955,51.549168],[-0.212003,51.549174],[-0.21205,51.549184],[-0.212163,51.549198],[-0.212248,51.549216],[-0.212306,51.549223],[-0.212343,51.549231],[-0.212433,51.549242],[-0.212499,51.549257],[-0.212572,51.549266],[-0.212581,51.549268],[-0.212615,51.549379],[-0.212853,51.549814],[-0.2129,51.549821],[-0.212909,51.549829],[-0.212891,51.549873],[-0.212886,51.549885],[-0.212683,51.5504],[-0.212699,51.550403],[-0.21273,51.550411],[-0.212891,51.550447],[-0.212922,51.550457],[-0.213031,51.550469],[-0.213265,51.55052],[-0.213297,51.55053],[-0.213107,51.550771],[-0.21291,51.551021],[-0.214894,51.551365],[-0.214989,51.551382],[-0.21543,51.551458],[-0.215525,51.551475],[-0.215826,51.551527],[-0.215865,51.551533],[-0.216192,51.551589],[-0.216238,51.551597],[-0.216364,51.551618],[-0.216575,51.551655],[-0.216777,51.551689],[-0.216815,51.551695],[-0.216846,51.551701],[-0.216996,51.551726],[-0.217205,51.551762],[-0.217211,51.551763],[-0.217343,51.551786],[-0.217427,51.5518],[-0.217476,51.551808],[-0.217625,51.551833],[-0.217728,51.55185],[-0.217843,51.551869],[-0.2179,51.551879],[-0.217553,51.552236],[-0.217468,51.552223],[-0.217256,51.552213],[-0.21721,51.552217],[-0.217203,51.552216],[-0.216984,51.55221],[-0.216969,51.552207],[-0.216889,51.552203],[-0.21686,51.552198],[-0.2168,51.552192],[-0.216743,51.552191],[-0.216691,51.552191],[-0.216607,51.552181],[-0.216504,51.552177],[-0.216454,51.552169],[-0.216438,51.552167],[-0.216354,51.552161],[-0.216339,51.552158],[-0.216328,51.552155],[-0.216204,51.552129],[-0.216148,51.552112],[-0.216052,51.552092],[-0.215986,51.552083],[-0.2158,51.552076],[-0.215784,51.552073],[-0.215638,51.552047],[-0.215612,51.552049],[-0.215593,51.552045],[-0.215585,51.55206],[-0.215444,51.552354],[-0.215425,51.552401],[-0.215419,51.552416],[-0.215365,51.552517],[-0.215344,51.552558],[-0.215356,51.552567],[-0.215351,51.552579],[-0.215348,51.552587],[-0.215377,51.552593],[-0.215361,51.552619],[-0.215336,51.552617],[-0.215283,51.55275],[-0.215199,51.552959],[-0.215226,51.552977],[-0.215462,51.552984],[-0.215498,51.552994],[-0.215629,51.553131],[-0.215731,51.553237],[-0.21591,51.553347],[-0.21597,51.553383],[-0.215908,51.553416],[-0.215711,51.553498],[-0.21567,51.553511],[-0.215653,51.55352],[-0.215519,51.553569],[-0.215441,51.553591],[-0.215366,51.553605],[-0.215333,51.553616],[-0.215205,51.553643],[-0.215074,51.553656],[-0.215022,51.553666],[-0.214942,51.553673],[-0.214928,51.553676],[-0.214922,51.553676],[-0.214876,51.55368],[-0.214832,51.553688],[-0.214753,51.553693],[-0.214668,51.553707],[-0.214603,51.553718],[-0.214545,51.55372],[-0.214475,51.553729],[-0.214422,51.55374],[-0.214314,51.553754],[-0.21431,51.553755],[-0.2142,51.553771],[-0.214057,51.553787],[-0.213953,51.553799],[-0.213901,51.553809],[-0.213851,51.553812],[-0.213827,51.553816],[-0.213733,51.553823],[-0.213721,51.553825],[-0.213632,51.553831],[-0.213541,51.553846],[-0.213529,51.553848],[-0.21341,51.553863],[-0.213365,51.553873],[-0.21334,51.553876],[-0.213273,51.55389],[-0.213255,51.553892],[-0.213203,51.553904],[-0.213026,51.553962],[-0.212993,51.553928],[-0.212912,51.553844],[-0.212795,51.553723]]]}},{"type":"Feature","properties":{"LSOA21CD":"E01000561","LSOA21NM":"Brent 023E","MEAN_PTAL_":"5","mean_AI":20.8445600302,"borough":"Camden"},"geometry":{"type":"Polygon","coordinates":[[[-0.207221,51.55018],[-0.207097,51.550081],[-0.207068,51.550058],[-0.207045,51.550039],[-0.20692,51.54994],[-0.206899,51.549923],[-0.206844,51.549879],[-0.206815,51.549856],[-0.206788,51.549835],[-0.206708,51.549765],[-0.206678,51.549739],[-0.206549,51.549626],[-0.206506,51.549588],[-0.206487,51.549571],[-0.206415,51.549508],[-0.20637,51.549469],[-0.206312,51.549418],[-0.206294,51.549402],[-0.206128,51.549249],[-0.20609,51.549214],[-0.206056,51.549183],[-0.206021,51.549151],[-0.205969,51.549103],[-0.205805,51.548952],[-0.205744,51.548897],[-0.205688,51.548843],[-0.205595,51.548753],[-0.20551,51.548673],[-0.205351,51.548521],[-0.205308,51.548479],[-0.205212,51.548387],[-0.205112,51.548292],[-0.204815,51.548016],[-0.204647,51.547861],[-0.204553,51.547774],[-0.204365,51.547599],[-0.204247,51.54749],[-0.204205,51.547448],[-0.204166,51.547409],[-0.204119,51.547363],[-0.204091,51.547335],[-0.204024,51.547269],[-0.20394,51.547185],[-0.203931,51.547177],[-0.203925,51.547171],[-0.203856,51.547102],[-0.203821,51.547067],[-0.203817,51.547064],[-0.203723,51.546971],[-0.203719,51.546968],[-0.203675,51.546924],[-0.203565,51.546814],[-0.203902,51.54684],[-0.203998,51.546847],[-0.204018,51.546849],[-0.204118,51.546856],[-0.204287,51.546869],[-0.204314,51.546871],[-0.204388,51.546877],[-0.204823,51.546903],[-0.205063,51.546918],[-0.205195,51.546926],[-0.205219,51.546927],[-0.205283,51.546929],[-0.205813,51.546948],[-0.2059,51.546951],[-0.205998,51.546955],[-0.206126,51.546962],[-0.206138,51.546963],[-0.206169,51.546965],[-0.206179,51.546966],[-0.206308,51.546973],[-0.206468,51.546983],[-0.206481,51.546984],[-0.206623,51.546999],[-0.206705,51.547008],[-0.206806,51.547019],[-0.206849,51.547023],[-0.206917,51.54703],[-0.206999,51.547039],[-0.207108,51.54705],[-0.207157,51.547055],[-0.207377,51.547079],[-0.207508,51.547093],[-0.207522,51.547094],[-0.207677,51.54711],[-0.207714,51.547114],[-0.207793,51.547123],[-0.207809,51.547124],[-0.207826,51.547126],[-0.207915,51.547135],[-0.207923,51.547136],[-0.208068,51.547152],[-0.208162,51.547163],[-0.20817,51.547164],[-0.208192,51.547166],[-0.208209,51.547168],[-0.208269,51.547176],[-0.208469,51.5472],[-0.208475,51.5472],[-0.208543,51.547208],[-0.208592,51.547214],[-0.208694,51.547226],[-0.208754,51.547234],[-0.208865,51.547247],[-0.208877,51.547248],[-0.209035,51.547267],[-0.209049,51.547269],[-0.209142,51.54728],[-0.209267,51.547295],[-0.209349,51.547305],[-0.209494,51.547329],[-0.209506,51.547331],[-0.209734,51.547369],[-0.209774,51.547376],[-0.209901,51.547397],[-0.210118,51.547433],[-0.210283,51.547461],[-0.210298,51.547463],[-0.210448,51.547486],[-0.210471,51.547489],[-0.210549,51.547501],[-0.210518,51.548117],[-0.210517,51.548147],[-0.21051,51.548322],[-0.210503,51.548341],[-0.2105,51.548351],[-0.210515,51.548374],[-0.210473,51.548426],[-0.210462,51.548457],[-0.210443,51.548486],[-0.210436,51.548498],[-0.210425,51.548517],[-0.210389,51.548574],[-0.210385,51.548581],[-0.210359,51.548615],[-0.210335,51.548646],[-0.210276,51.548725],[-0.210263,51.548741],[-0.210203,51.548805],[-0.210128,51.548883],[-0.210123,51.548887],[-0.210092,51.548914],[-0.209993,51.548998],[-0.209888,51.549064],[-0.209727,51.549165],[-0.209595,51.549235],[-0.209567,51.549247],[-0.209446,51.549299],[-0.209433,51.549304],[-0.209301,51.549356],[-0.209101,51.549441],[-0.209095,51.549442],[-0.209503,51.549737],[-0.209536,51.549775],[-0.209637,51.549843],[-0.209438,51.549961],[-0.209139,51.550139],[-0.20904,51.550095],[-0.208928,51.550157],[-0.208905,51.5502],[-0.208853,51.550198],[-0.208774,51.550241],[-0.208779,51.550245],[-0.20876,51.550256],[-0.209026,51.550463],[-0.209029,51.550465],[-0.209521,51.550848],[-0.208414,51.5511],[-0.208395,51.551104],[-0.208254,51.551001],[-0.208242,51.550992],[-0.207966,51.550788],[-0.20795,51.550776],[-0.207797,51.550652],[-0.207619,51.550508],[-0.207574,51.550472],[-0.20754,51.550443],[-0.207372,51.550319],[-0.207364,51.550313],[-0.207317,51.550278],[-0.207286,51.550256],[-0.20723,51.550188],[-0.207221,51.55018]]]}},{"type":"Feature","properties":{"LSOA21CD":"E01000842","LSOA21NM":"Camden 011A","MEAN_PTAL_":"4","mean_AI":16.6002441566,"borough":"Camden"},"geometry":{"type":"Polygon","coordinates":[[[-0.164988,51.547624],[-0.165141,51.547422],[-0.165232,51.547301],[-0.165236,51.547296],[-0.165172,51.547276],[-0.164573,51.547089],[-0.164684,51.546962],[-0.164739,51.546897],[-0.164752,51.546882],[-0.164708,51.546868],[-0.164618,51.54684],[-0.164632,51.546823],[-0.16462,51.546817],[-0.164625,51.546797],[-0.164639,51.546734],[-0.164513,51.546565],[-0.164507,51.546557],[-0.164508,51.546551],[-0.164522,51.546472],[-0.164527,51.546467],[-0.164565,51.546432],[-0.164568,51.546418],[-0.164571,51.546404],[-0.164579,51.546398],[-0.164618,51.546363],[-0.164624,51.546331],[-0.164628,51.546327],[-0.164656,51.546303],[-0.16466,51.546292],[-0.164667,51.546269],[-0.16468,51.546207],[-0.164677,51.5462],[-0.164642,51.546128],[-0.164622,51.546087],[-0.164906,51.546063],[-0.165005,51.546054],[-0.165134,51.546104],[-0.165152,51.546111],[-0.165145,51.546123],[-0.165136,51.546138],[-0.165232,51.546163],[-0.165518,51.546238],[-0.165643,51.54627],[-0.165657,51.546251],[-0.165639,51.546249],[-0.165592,51.546237],[-0.165584,51.54617],[-0.165555,51.546102],[-0.165534,51.546054],[-0.165595,51.545997],[-0.165693,51.545978],[-0.1657,51.545975],[-0.165756,51.545954],[-0.16589,51.545937],[-0.165937,51.545874],[-0.165967,51.545883],[-0.166016,51.5459],[-0.166023,51.545898],[-0.166027,51.545897],[-0.166005,51.545862],[-0.165985,51.545807],[-0.165932,51.545744],[-0.165924,51.545709],[-0.165864,51.545638],[-0.165946,51.545465],[-0.165952,51.545451],[-0.165759,51.545397],[-0.165732,51.54539],[-0.165672,51.545373],[-0.165643,51.545363],[-0.165654,51.545299],[-0.165675,51.545184],[-0.165679,51.545159],[-0.165681,51.545148],[-0.165852,51.545127],[-0.166156,51.545089],[-0.166171,51.545098],[-0.166451,51.545255],[-0.166461,51.545254],[-0.166746,51.545241],[-0.166939,51.545334],[-0.166997,51.545362],[-0.167022,51.545351],[-0.167026,51.545349],[-0.167044,51.545347],[-0.167294,51.545376],[-0.167313,51.545375],[-0.167487,51.545358],[-0.1676,51.545426],[-0.167606,51.545429],[-0.167639,51.545443],[-0.167868,51.545542],[-0.168035,51.545466],[-0.168291,51.545349],[-0.168325,51.545349],[-0.168344,51.545345],[-0.168461,51.545324],[-0.168467,51.545322],[-0.168559,51.545295],[-0.168706,51.545277],[-0.168744,51.545295],[-0.16892,51.545424],[-0.169062,51.545648],[-0.168911,51.545843],[-0.168924,51.545852],[-0.168936,51.545861],[-0.16897,51.545884],[-0.169159,51.545893],[-0.169213,51.545896],[-0.169179,51.545946],[-0.169032,51.546161],[-0.169032,51.546167],[-0.169262,51.546222],[-0.169401,51.546294],[-0.169467,51.546364],[-0.169491,51.546401],[-0.169502,51.54642],[-0.169599,51.546451],[-0.169606,51.546453],[-0.169636,51.546457],[-0.169693,51.546473],[-0.169722,51.546481],[-0.169836,51.546506],[-0.169851,51.546505],[-0.169887,51.546504],[-0.169906,51.546505],[-0.17004,51.546533],[-0.170119,51.54656],[-0.170129,51.546562],[-0.17016,51.546569],[-0.170187,51.546579],[-0.170201,51.546584],[-0.170353,51.546623],[-0.170357,51.546617],[-0.170579,51.546246],[-0.170589,51.546221],[-0.170824,51.54628],[-0.170871,51.546292],[-0.171259,51.54639],[-0.171373,51.546418],[-0.171417,51.546429],[-0.171435,51.546427],[-0.171454,51.546439],[-0.171513,51.546453],[-0.171644,51.546487],[-0.171989,51.546575],[-0.171983,51.546586],[-0.172032,51.546646],[-0.171944,51.546864],[-0.171896,51.546929],[-0.171835,51.54698],[-0.171838,51.546983],[-0.171842,51.54699],[-0.171891,51.547073],[-0.171909,51.547155],[-0.171897,51.547233],[-0.171824,51.547356],[-0.171728,51.547467],[-0.171631,51.547578],[-0.171621,51.547589],[-0.171568,51.547587],[-0.171238,51.547757],[-0.171126,51.547727],[-0.170815,51.547642],[-0.170702,51.547612],[-0.170085,51.547444],[-0.16993,51.547402],[-0.169838,51.547377],[-0.169769,51.547396],[-0.169727,51.547405],[-0.169597,51.547766],[-0.169749,51.547814],[-0.169726,51.547845],[-0.169588,51.547809],[-0.169453,51.547774],[-0.169145,51.547686],[-0.168868,51.548051],[-0.16859,51.547972],[-0.168265,51.54788],[-0.168253,51.547876],[-0.168246,51.547886],[-0.168239,51.547885],[-0.168159,51.547863],[-0.168104,51.54785],[-0.16802,51.547818],[-0.168186,51.5476],[-0.168296,51.547456],[-0.168251,51.547441],[-0.168243,51.547439],[-0.167906,51.547332],[-0.167501,51.547164],[-0.167492,51.547163],[-0.167236,51.547518],[-0.167199,51.547569],[-0.167144,51.547567],[-0.167135,51.547578],[-0.167112,51.547572],[-0.166917,51.547825],[-0.166884,51.547868],[-0.166777,51.548007],[-0.166784,51.548044],[-0.166789,51.54807],[-0.166607,51.548074],[-0.166544,51.548075],[-0.166514,51.548075],[-0.166356,51.548072],[-0.166284,51.54808],[-0.16624,51.548089],[-0.166197,51.548097],[-0.166155,51.548122],[-0.166138,51.548132],[-0.166093,51.548167],[-0.166078,51.548185],[-0.166069,51.548196],[-0.165513,51.548943],[-0.165498,51.548939],[-0.165109,51.548839],[-0.165216,51.548694],[-0.16518,51.548684],[-0.165123,51.548667],[-0.165043,51.548643],[-0.165106,51.548596],[-0.165164,51.548548],[-0.165205,51.548485],[-0.165214,51.548469],[-0.165234,51.548399],[-0.16524,51.548377],[-0.165327,51.548314],[-0.165362,51.548271],[-0.165419,51.548191],[-0.165441,51.548109],[-0.165453,51.548102],[-0.1655,51.548075],[-0.165529,51.548046],[-0.16558,51.547995],[-0.165594,51.54798],[-0.165664,51.547904],[-0.16565,51.547899],[-0.16537,51.547804],[-0.165015,51.547691],[-0.164963,51.547675],[-0.164969,51.547671],[-0.164988,51.547624]]]}},{"type":"Feature","properties":{"LSOA21CD":"E01000843","LSOA21NM":"Camden 014A","MEAN_PTAL_":"3","mean_AI":13.0343832957,"borough":"Camden"},"geometry":{"type":"Polygon","coordinates":[[[-0.161634,51.54861],[-0.161465,51.548498],[-0.16139,51.548448],[-0.161379,51.548441],[-0.16134,51.548415],[-0.161187,51.548313],[-0.161128,51.548274],[-0.161044,51.548218],[-0.160945,51.548153],[-0.160866,51.5481],[-0.160828,51.548074],[-0.160753,51.548025],[-0.160743,51.548018],[-0.160734,51.548012],[-0.160539,51.547872],[-0.160408,51.547777],[-0.160395,51.547768],[-0.16024,51.547656],[-0.160234,51.547652],[-0.16014,51.547585],[-0.160049,51.547542],[-0.160043,51.547539],[-0.159956,51.547498],[-0.159924,51.547483],[-0.159843,51.547444],[-0.159772,51.547411],[-0.159464,51.547265],[-0.159452,51.54726],[-0.159231,51.547154],[-0.159199,51.547139],[-0.159184,51.547131],[-0.159127,51.547104],[-0.159054,51.547069],[-0.159039,51.547062],[-0.158929,51.547009],[-0.158921,51.547005],[-0.158731,51.546914],[-0.158716,51.546907],[-0.158627,51.546864],[-0.158605,51.546852],[-0.15855,51.546822],[-0.158514,51.546803],[-0.158479,51.546789],[-0.158415,51.546764],[-0.158411,51.546763],[-0.158385,51.546755],[-0.158342,51.546741],[-0.158328,51.546737],[-0.158284,51.546723],[-0.15827,51.546718],[-0.158066,51.546654],[-0.158049,51.546649],[-0.158069,51.546635],[-0.158295,51.546477],[-0.158427,51.546384],[-0.158434,51.54638],[-0.158439,51.546376],[-0.15855,51.546298],[-0.158593,51.546268],[-0.158611,51.546255],[-0.158644,51.546232],[-0.158671,51.546214],[-0.15868,51.546207],[-0.158695,51.546196],[-0.158739,51.546166],[-0.15881,51.546116],[-0.158825,51.546105],[-0.158849,51.546089],[-0.158897,51.546055],[-0.158935,51.546029],[-0.159,51.545983],[-0.159004,51.54598],[-0.15902,51.545969],[-0.159083,51.545925],[-0.159124,51.545896],[-0.159165,51.545867],[-0.159181,51.545857],[-0.159188,51.545852],[-0.159198,51.545844],[-0.159248,51.545809],[-0.159335,51.545749],[-0.159342,51.545744],[-0.15941,51.545696],[-0.159453,51.545666],[-0.159457,51.545668],[-0.159467,51.545673],[-0.159812,51.545864],[-0.160242,51.546102],[-0.160246,51.546102],[-0.160247,51.546125],[-0.160247,51.546136],[-0.160245,51.54615],[-0.160258,51.546246],[-0.160281,51.546418],[-0.16027,51.546451],[-0.16027,51.546465],[-0.16027,51.546532],[-0.16027,51.546556],[-0.160273,51.546564],[-0.160243,51.546763],[-0.16027,51.546765],[-0.160611,51.546781],[-0.16058,51.546813],[-0.16058,51.546831],[-0.160594,51.54684],[-0.160623,51.546863],[-0.160678,51.546904],[-0.160754,51.546855],[-0.16084,51.546799],[-0.160943,51.546861],[-0.160947,51.54686],[-0.161213,51.546805],[-0.161209,51.546797],[-0.161185,51.54674],[-0.161318,51.546711],[-0.161333,51.546674],[-0.161411,51.546658],[-0.161414,51.546656],[-0.161437,51.546637],[-0.161469,51.546625],[-0.161474,51.546616],[-0.161483,51.546597],[-0.16154,51.546567],[-0.161542,51.546559],[-0.161596,51.546523],[-0.161598,51.546513],[-0.161601,51.546511],[-0.16162,51.546498],[-0.161642,51.546482],[-0.161655,51.546478],[-0.161692,51.546449],[-0.16172,51.546445],[-0.161764,51.546407],[-0.16178,51.546403],[-0.161784,51.5464],[-0.161792,51.546393],[-0.161819,51.54637],[-0.16182,51.546366],[-0.16183,51.54632],[-0.161931,51.54631],[-0.162072,51.546381],[-0.162143,51.546334],[-0.162166,51.546318],[-0.162171,51.546326],[-0.162174,51.546329],[-0.162178,51.546356],[-0.162205,51.546369],[-0.162213,51.54638],[-0.162219,51.546376],[-0.162343,51.546308],[-0.162649,51.546137],[-0.162685,51.546118],[-0.162803,51.546036],[-0.162838,51.546011],[-0.162834,51.546053],[-0.162828,51.546116],[-0.162793,51.546178],[-0.162801,51.546262],[-0.162804,51.546269],[-0.162802,51.546283],[-0.162825,51.546302],[-0.162888,51.546331],[-0.162894,51.546333],[-0.163006,51.546399],[-0.16301,51.546403],[-0.163014,51.546407],[-0.16306,51.546447],[-0.163094,51.54647],[-0.16312,51.546493],[-0.163146,51.546509],[-0.163175,51.546527],[-0.163197,51.546537],[-0.163224,51.546566],[-0.163289,51.546613],[-0.163304,51.546628],[-0.163355,51.546665],[-0.163394,51.546685],[-0.163427,51.546725],[-0.16346,51.546753],[-0.163476,51.546762],[-0.163523,51.5468],[-0.163602,51.546848],[-0.163668,51.546876],[-0.163699,51.546886],[-0.163989,51.54653],[-0.163986,51.546523],[-0.16398,51.546492],[-0.163888,51.546442],[-0.163809,51.546365],[-0.163774,51.54632],[-0.16372,51.546291],[-0.163655,51.54623],[-0.163632,51.546217],[-0.163531,51.546145],[-0.163468,51.54606],[-0.163452,51.546031],[-0.163439,51.546009],[-0.163453,51.546002],[-0.163695,51.5462],[-0.163807,51.546292],[-0.16385,51.546327],[-0.164035,51.546478],[-0.16425,51.546655],[-0.164419,51.546756],[-0.164461,51.546784],[-0.164557,51.546818],[-0.16462,51.546817],[-0.164632,51.546823],[-0.164618,51.54684],[-0.164708,51.546868],[-0.164752,51.546882],[-0.164739,51.546897],[-0.164684,51.546962],[-0.164573,51.547089],[-0.165172,51.547276],[-0.165236,51.547296],[-0.165232,51.547301],[-0.165141,51.547422],[-0.164988,51.547624],[-0.164969,51.547671],[-0.164963,51.547675],[-0.165015,51.547691],[-0.16537,51.547804],[-0.16565,51.547899],[-0.165664,51.547904],[-0.165594,51.54798],[-0.16558,51.547995],[-0.165529,51.548046],[-0.1655,51.548075],[-0.165453,51.548102],[-0.165441,51.548109],[-0.165419,51.548191],[-0.165362,51.548271],[-0.165327,51.548314],[-0.16524,51.548377],[-0.164568,51.54818],[-0.164563,51.548187],[-0.164548,51.548206],[-0.164489,51.548171],[-0.164424,51.548131],[-0.16435,51.548086],[-0.164001,51.547889],[-0.164038,51.547994],[-0.163895,51.548157],[-0.163748,51.548255],[-0.163641,51.548223],[-0.163561,51.548326],[-0.163432,51.548343],[-0.163347,51.548348],[-0.163327,51.548372],[-0.163264,51.54845],[-0.16324,51.548479],[-0.163198,51.548514],[-0.163142,51.548555],[-0.163036,51.548546],[-0.162876,51.548551],[-0.162772,51.548568],[-0.16271,51.548578],[-0.162698,51.54858],[-0.162604,51.548598],[-0.162576,51.548603],[-0.162364,51.548619],[-0.162347,51.548621],[-0.162029,51.54887],[-0.162002,51.548891],[-0.161888,51.548819],[-0.161796,51.548751],[-0.161756,51.548716],[-0.161731,51.548695],[-0.161686,51.548655],[-0.161672,51.548643],[-0.161634,51.54861]]]}},{"type":"Feature","properties":{"LSOA21CD":"E01000844","LSOA21NM":"Camden 011B","MEAN_PTAL_":"6a","mean_AI":27.2809114191,"borough":"Camden"},"geometry":{"type":"Polygon","coordinates":[[[-0.171238,51.547757],[-0.171568,51.547587],[-0.171621,51.547589],[-0.171631,51.547578],[-0.171728,51.547467],[-0.171824,51.547356],[-0.171897,51.547233],[-0.171909,51.547155],[-0.171891,51.547073],[-0.171842,51.54699],[-0.171838,51.546983],[-0.171835,51.54698],[-0.171896,51.546929],[-0.171944,51.546864],[-0.172032,51.546646],[-0.171983,51.546586],[-0.171989,51.546575],[-0.171644,51.546487],[-0.171513,51.546453],[-0.171454,51.546439],[-0.171435,51.546427],[-0.171417,51.546429],[-0.171373,51.546418],[-0.171259,51.54639],[-0.170871,51.546292],[-0.170824,51.54628],[-0.170589,51.546221],[-0.170579,51.546246],[-0.170357,51.546617],[-0.170353,51.546623],[-0.170201,51.546584],[-0.170187,51.546579],[-0.17016,51.546569],[-0.170129,51.546562],[-0.170119,51.54656],[-0.17004,51.546533],[-0.169906,51.546505],[-0.169887,51.546504],[-0.169851,51.546505],[-0.169836,51.546506],[-0.169722,51.546481],[-0.169693,51.546473],[-0.169636,51.546457],[-0.169606,51.546453],[-0.169599,51.546451],[-0.169502,51.54642],[-0.169491,51.546401],[-0.169467,51.546364],[-0.169401,51.546294],[-0.169262,51.546222],[-0.169032,51.546167],[-0.169032,51.546161],[-0.169179,51.545946],[-0.169213,51.545896],[-0.169159,51.545893],[-0.16897,51.545884],[-0.168936,51.545861],[-0.168924,51.545852],[-0.168911,51.545843],[-0.169062,51.545648],[-0.16892,51.545424],[-0.168744,51.545295],[-0.168706,51.545277],[-0.168559,51.545295],[-0.168467,51.545322],[-0.168461,51.545324],[-0.168344,51.545345],[-0.168325,51.545349],[-0.168291,51.545349],[-0.168035,51.545466],[-0.167868,51.545542],[-0.167639,51.545443],[-0.167606,51.545429],[-0.1676,51.545426],[-0.167487,51.545358],[-0.167313,51.545375],[-0.167294,51.545376],[-0.167044,51.545347],[-0.167026,51.545349],[-0.167022,51.545351],[-0.166997,51.545362],[-0.166939,51.545334],[-0.166746,51.545241],[-0.166461,51.545254],[-0.166451,51.545255],[-0.166171,51.545098],[-0.166156,51.545089],[-0.166391,51.54506],[-0.166804,51.545011],[-0.166985,51.544989],[-0.166984,51.544986],[-0.16697,51.544932],[-0.16689,51.54464],[-0.166864,51.544545],[-0.166891,51.544541],[-0.166904,51.54454],[-0.167447,51.544469],[-0.167637,51.544445],[-0.167861,51.544416],[-0.168048,51.544392],[-0.168356,51.544352],[-0.168533,51.544329],[-0.16854,51.544328],[-0.168571,51.544324],[-0.168606,51.544319],[-0.168777,51.544297],[-0.168787,51.544296],[-0.168808,51.544293],[-0.169086,51.544257],[-0.16951,51.544202],[-0.169676,51.544193],[-0.169683,51.54418],[-0.169815,51.544163],[-0.169829,51.544221],[-0.169851,51.544218],[-0.169805,51.544004],[-0.169735,51.543683],[-0.169892,51.543661],[-0.169962,51.543651],[-0.169967,51.54365],[-0.170041,51.543636],[-0.170054,51.543634],[-0.170141,51.543622],[-0.170198,51.543615],[-0.170212,51.543613],[-0.170282,51.543604],[-0.170327,51.543598],[-0.17049,51.543577],[-0.170571,51.543567],[-0.17058,51.543566],[-0.170655,51.543556],[-0.17066,51.543555],[-0.170822,51.543534],[-0.170878,51.543527],[-0.170962,51.543516],[-0.170982,51.543513],[-0.17108,51.543501],[-0.171209,51.543484],[-0.171218,51.543483],[-0.171304,51.543472],[-0.171404,51.543459],[-0.171439,51.543454],[-0.171561,51.543438],[-0.171621,51.543431],[-0.17165,51.543427],[-0.171698,51.543421],[-0.17184,51.543402],[-0.171875,51.543452],[-0.171975,51.54359],[-0.172009,51.543687],[-0.171992,51.543798],[-0.171987,51.543813],[-0.171962,51.543857],[-0.171959,51.543864],[-0.171897,51.543881],[-0.171808,51.54388],[-0.171784,51.54388],[-0.171691,51.543887],[-0.171686,51.543888],[-0.171654,51.543893],[-0.171613,51.543899],[-0.171515,51.54392],[-0.171507,51.543922],[-0.171492,51.543923],[-0.171415,51.543929],[-0.171407,51.54393],[-0.171383,51.543933],[-0.171321,51.543942],[-0.171266,51.543954],[-0.171428,51.54437],[-0.171437,51.544392],[-0.171709,51.544358],[-0.171799,51.544345],[-0.171922,51.544327],[-0.17193,51.544328],[-0.172117,51.544358],[-0.172215,51.544373],[-0.172215,51.544383],[-0.172567,51.544755],[-0.172875,51.54459],[-0.173239,51.544394],[-0.17322,51.544371],[-0.173111,51.544237],[-0.173061,51.544175],[-0.173048,51.54416],[-0.173263,51.544132],[-0.173681,51.544078],[-0.173706,51.544075],[-0.173748,51.544071],[-0.173842,51.544062],[-0.173914,51.544056],[-0.174054,51.544008],[-0.174197,51.543959],[-0.17432,51.543917],[-0.174325,51.543916],[-0.174809,51.543751],[-0.174892,51.543723],[-0.174877,51.54407],[-0.174875,51.544119],[-0.174874,51.544123],[-0.17487,51.544156],[-0.174843,51.544381],[-0.174851,51.544406],[-0.174883,51.54451],[-0.174922,51.544633],[-0.174932,51.544666],[-0.174928,51.544668],[-0.174912,51.544675],[-0.174869,51.544692],[-0.174691,51.544763],[-0.174525,51.544842],[-0.17449,51.544859],[-0.174385,51.544909],[-0.174379,51.544912],[-0.174316,51.544942],[-0.174237,51.544979],[-0.17418,51.545006],[-0.174072,51.545057],[-0.173931,51.545124],[-0.173907,51.545136],[-0.173805,51.545184],[-0.173694,51.545237],[-0.173657,51.545255],[-0.173594,51.545285],[-0.173588,51.545288],[-0.17355,51.54531],[-0.173514,51.54533],[-0.173404,51.545392],[-0.17338,51.545405],[-0.173345,51.545425],[-0.17331,51.545445],[-0.173281,51.545461],[-0.173242,51.545483],[-0.173185,51.545516],[-0.17318,51.545519],[-0.173123,51.545551],[-0.173103,51.545562],[-0.173084,51.545573],[-0.173066,51.545583],[-0.173034,51.545615],[-0.17302,51.545629],[-0.172983,51.545666],[-0.172969,51.54568],[-0.172961,51.545688],[-0.172956,51.545693],[-0.172915,51.545734],[-0.172896,51.545753],[-0.172893,51.545758],[-0.172832,51.545848],[-0.172819,51.545868],[-0.172804,51.54589],[-0.172782,51.54593],[-0.172735,51.546019],[-0.172733,51.546023],[-0.172723,51.546041],[-0.172709,51.546066],[-0.1727,51.546109],[-0.172697,51.546122],[-0.172693,51.54614],[-0.17268,51.546201],[-0.172674,51.54623],[-0.17267,51.54625],[-0.172665,51.546274],[-0.17266,51.54634],[-0.172655,51.546395],[-0.172653,51.546419],[-0.17265,51.546466],[-0.172639,51.546612],[-0.172644,51.546654],[-0.172645,51.546658],[-0.172657,51.546751],[-0.172664,51.546818],[-0.172664,51.546825],[-0.172665,51.546829],[-0.172669,51.546877],[-0.172674,51.546929],[-0.172673,51.546945],[-0.17267,51.546967],[-0.17267,51.546974],[-0.17266,51.547069],[-0.172658,51.547088],[-0.172656,51.547106],[-0.17262,51.547164],[-0.172611,51.547177],[-0.172548,51.547279],[-0.172544,51.547286],[-0.172535,51.547299],[-0.172494,51.547364],[-0.172477,51.547393],[-0.172465,51.547412],[-0.172453,51.54743],[-0.172437,51.547456],[-0.172371,51.547561],[-0.172357,51.547584],[-0.172331,51.547625],[-0.172313,51.547655],[-0.172311,51.547658],[-0.172258,51.547711],[-0.172244,51.547725],[-0.172173,51.547795],[-0.172163,51.547805],[-0.172141,51.547827],[-0.172124,51.547844],[-0.17209,51.547865],[-0.172018,51.547911],[-0.171953,51.547952],[-0.171871,51.547929],[-0.171238,51.547757]]]}},{"type":"Feature","properties":{"LSOA21CD":"E01000845","LSOA21NM":"Camden 014B","MEAN_PTAL_":"3","mean_AI":13.5386895556,"borough":"Camden"},"geometry":{"type":"Polygon","coordinates":[[[-0.16058,51.546813],[-0.160611,51.546781],[-0.16027,51.546765],[-0.160243,51.546763],[-0.160273,51.546564],[-0.16027,51.546556],[-0.16027,51.546532],[-0.16027,51.546465],[-0.16027,51.546451],[-0.160281,51.546418],[-0.160258,51.546246],[-0.160245,51.54615],[-0.160247,51.546136],[-0.160247,51.546125],[-0.160246,51.546102],[-0.160242,51.546102],[-0.159812,51.545864],[-0.159467,51.545673],[-0.159457,51.545668],[-0.159453,51.545666],[-0.159476,51.545649],[-0.159535,51.545609],[-0.15958,51.545577],[-0.159714,51.545483],[-0.15979,51.54543],[-0.159821,51.545408],[-0.159847,51.54539],[-0.159907,51.545348],[-0.159959,51.545311],[-0.160073,51.545231],[-0.160087,51.545221],[-0.160163,51.545168],[-0.160342,51.545043],[-0.160371,51.545023],[-0.160385,51.545013],[-0.16039,51.54501],[-0.160584,51.544874],[-0.160577,51.544869],[-0.160539,51.544843],[-0.160534,51.544839],[-0.160463,51.54479],[-0.160291,51.544669],[-0.160241,51.544634],[-0.160212,51.544614],[-0.160188,51.544597],[-0.16009,51.544528],[-0.160079,51.544521],[-0.160054,51.544503],[-0.159839,51.544353],[-0.159794,51.544322],[-0.15976,51.544298],[-0.159617,51.544198],[-0.159593,51.544181],[-0.159566,51.544162],[-0.159565,51.544156],[-0.159548,51.543888],[-0.159544,51.543822],[-0.159543,51.543814],[-0.159548,51.543814],[-0.159559,51.543813],[-0.159975,51.5438],[-0.160122,51.543796],[-0.160223,51.543793],[-0.160277,51.543791],[-0.160276,51.543783],[-0.160493,51.543774],[-0.160773,51.543763],[-0.160862,51.54376],[-0.160979,51.543752],[-0.161198,51.543737],[-0.161206,51.543736],[-0.161614,51.543709],[-0.161635,51.543707],[-0.161729,51.544033],[-0.16173,51.544038],[-0.162029,51.544092],[-0.162126,51.54411],[-0.162132,51.544113],[-0.162423,51.544236],[-0.162535,51.544168],[-0.162633,51.544174],[-0.162632,51.544171],[-0.162607,51.543986],[-0.162572,51.543731],[-0.162562,51.543654],[-0.162556,51.543607],[-0.16255,51.543562],[-0.162557,51.543562],[-0.162547,51.543526],[-0.162545,51.543521],[-0.162534,51.543426],[-0.162503,51.543309],[-0.162756,51.54328],[-0.162874,51.543266],[-0.162948,51.543258],[-0.163034,51.543248],[-0.163047,51.543246],[-0.163057,51.543241],[-0.163086,51.543237],[-0.163118,51.543233],[-0.163205,51.543222],[-0.163241,51.543217],[-0.16329,51.54321],[-0.163363,51.543201],[-0.163402,51.543195],[-0.163431,51.543192],[-0.163452,51.543189],[-0.16348,51.543185],[-0.163576,51.543172],[-0.163619,51.543166],[-0.163662,51.54316],[-0.163749,51.543149],[-0.163788,51.543143],[-0.16382,51.543139],[-0.163872,51.543132],[-0.163962,51.54312],[-0.164007,51.543114],[-0.164048,51.543108],[-0.164061,51.543102],[-0.164069,51.543103],[-0.164077,51.543104],[-0.164083,51.543105],[-0.164151,51.543365],[-0.16416,51.543398],[-0.164101,51.543405],[-0.164092,51.543406],[-0.164012,51.543416],[-0.163918,51.543428],[-0.163939,51.543485],[-0.164031,51.543732],[-0.164009,51.543831],[-0.164021,51.543858],[-0.164058,51.543891],[-0.164096,51.544031],[-0.164099,51.544044],[-0.164119,51.544118],[-0.16412,51.544121],[-0.164121,51.544126],[-0.164148,51.544162],[-0.164202,51.544262],[-0.164251,51.544379],[-0.164252,51.544383],[-0.164255,51.544389],[-0.164591,51.544346],[-0.16461,51.544343],[-0.164717,51.54433],[-0.164758,51.544324],[-0.164945,51.544815],[-0.165079,51.544825],[-0.165236,51.544855],[-0.16531,51.544874],[-0.165397,51.544897],[-0.16546,51.544919],[-0.165551,51.544923],[-0.165611,51.544929],[-0.165641,51.544892],[-0.165796,51.544751],[-0.165878,51.544688],[-0.165913,51.54467],[-0.166226,51.544628],[-0.166296,51.544619],[-0.166474,51.54471],[-0.166667,51.544625],[-0.166687,51.544627],[-0.166884,51.544645],[-0.16689,51.54464],[-0.16697,51.544932],[-0.166984,51.544986],[-0.166985,51.544989],[-0.166804,51.545011],[-0.166391,51.54506],[-0.166156,51.545089],[-0.165852,51.545127],[-0.165681,51.545148],[-0.165679,51.545159],[-0.165675,51.545184],[-0.165654,51.545299],[-0.165643,51.545363],[-0.165672,51.545373],[-0.165732,51.54539],[-0.165759,51.545397],[-0.165952,51.545451],[-0.165946,51.545465],[-0.165864,51.545638],[-0.165924,51.545709],[-0.165932,51.545744],[-0.165985,51.545807],[-0.166005,51.545862],[-0.166027,51.545897],[-0.166023,51.545898],[-0.166016,51.5459],[-0.165967,51.545883],[-0.165937,51.545874],[-0.16589,51.545937],[-0.165756,51.545954],[-0.1657,51.545975],[-0.165693,51.545978],[-0.165595,51.545997],[-0.165534,51.546054],[-0.165555,51.546102],[-0.165584,51.54617],[-0.165592,51.546237],[-0.165639,51.546249],[-0.165657,51.546251],[-0.165643,51.54627],[-0.165518,51.546238],[-0.165232,51.546163],[-0.165136,51.546138],[-0.165145,51.546123],[-0.165152,51.546111],[-0.165134,51.546104],[-0.165005,51.546054],[-0.164906,51.546063],[-0.164622,51.546087],[-0.164642,51.546128],[-0.164677,51.5462],[-0.16468,51.546207],[-0.164667,51.546269],[-0.16466,51.546292],[-0.164656,51.546303],[-0.164628,51.546327],[-0.164624,51.546331],[-0.164618,51.546363],[-0.164579,51.546398],[-0.164571,51.546404],[-0.164568,51.546418],[-0.164565,51.546432],[-0.164527,51.546467],[-0.164522,51.546472],[-0.164508,51.546551],[-0.164507,51.546557],[-0.164513,51.546565],[-0.164639,51.546734],[-0.164625,51.546797],[-0.16462,51.546817],[-0.164557,51.546818],[-0.164461,51.546784],[-0.164419,51.546756],[-0.16425,51.546655],[-0.164035,51.546478],[-0.16385,51.546327],[-0.163807,51.546292],[-0.163695,51.5462],[-0.163453,51.546002],[-0.163439,51.546009],[-0.163452,51.546031],[-0.163468,51.54606],[-0.163531,51.546145],[-0.163632,51.546217],[-0.163655,51.54623],[-0.16372,51.546291],[-0.163774,51.54632],[-0.163809,51.546365],[-0.163888,51.546442],[-0.16398,51.546492],[-0.163986,51.546523],[-0.163989,51.54653],[-0.163699,51.546886],[-0.163668,51.546876],[-0.163602,51.546848],[-0.163523,51.5468],[-0.163476,51.546762],[-0.16346,51.546753],[-0.163427,51.546725],[-0.163394,51.546685],[-0.163355,51.546665],[-0.163304,51.546628],[-0.163289,51.546613],[-0.163224,51.546566],[-0.163197,51.546537],[-0.163175,51.546527],[-0.163146,51.546509],[-0.16312,51.546493],[-0.163094,51.54647],[-0.16306,51.546447],[-0.163014,51.546407],[-0.16301,51.546403],[-0.163006,51.546399],[-0.162894,51.546333],[-0.162888,51.546331],[-0.162825,51.546302],[-0.162802,51.546283],[-0.162804,51.546269],[-0.162801,51.546262],[-0.162793,51.546178],[-0.162828,51.546116],[-0.162834,51.546053],[-0.162838,51.546011],[-0.162803,51.546036],[-0.162685,51.546118],[-0.162649,51.546137],[-0.162343,51.546308],[-0.162219,51.546376],[-0.162213,51.54638],[-0.162205,51.546369],[-0.162178,51.546356],[-0.162174,51.546329],[-0.162171,51.546326],[-0.162166,51.546318],[-0.162143,51.546334],[-0.162072,51.546381],[-0.161931,51.54631],[-0.16183,51.54632],[-0.16182,51.546366],[-0.161819,51.54637],[-0.161792,51.546393],[-0.161784,51.5464],[-0.16178,51.546403],[-0.161764,51.546407],[-0.16172,51.546445],[-0.161692,51.546449],[-0.161655,51.546478],[-0.161642,51.546482],[-0.16162,51.546498],[-0.161601,51.546511],[-0.161598,51.546513],[-0.161596,51.546523],[-0.161542,51.546559],[-0.16154,51.546567],[-0.161483,51.546597],[-0.161474,51.546616],[-0.161469,51.546625],[-0.161437,51.546637],[-0.161414,51.546656],[-0.161411,51.546658],[-0.161333,51.546674],[-0.161318,51.546711],[-0.161185,51.54674],[-0.161209,51.546797],[-0.161213,51.546805],[-0.160947,51.54686],[-0.160943,51.546861],[-0.16084,51.546799],[-0.160754,51.546855],[-0.160678,51.546904],[-0.160623,51.546863],[-0.160594,51.54684],[-0.16058,51.546831],[-0.16058,51.546813]]]}},{"type":"Feature","properties":{"LSOA21CD":"E01000846","LSOA21NM":"Camden 014C","MEAN_PTAL_":"3","mean_AI":13.4660782049,"borough":"Camden"},"geometry":{"type":"Polygon","coordinates":[[[-0.164945,51.544815],[-0.164758,51.544324],[-0.164717,51.54433],[-0.16461,51.544343],[-0.164591,51.544346],[-0.164255,51.544389],[-0.164252,51.544383],[-0.164251,51.544379],[-0.164202,51.544262],[-0.164148,51.544162],[-0.164121,51.544126],[-0.16412,51.544121],[-0.164119,51.544118],[-0.164099,51.544044],[-0.164096,51.544031],[-0.164058,51.543891],[-0.164021,51.543858],[-0.164009,51.543831],[-0.164031,51.543732],[-0.163939,51.543485],[-0.163918,51.543428],[-0.164012,51.543416],[-0.164092,51.543406],[-0.164101,51.543405],[-0.16416,51.543398],[-0.164151,51.543365],[-0.164083,51.543105],[-0.164077,51.543104],[-0.164069,51.543103],[-0.164061,51.543102],[-0.164048,51.543108],[-0.164007,51.543114],[-0.163962,51.54312],[-0.163872,51.543132],[-0.16382,51.543139],[-0.163788,51.543143],[-0.163749,51.543149],[-0.163662,51.54316],[-0.163619,51.543166],[-0.163576,51.543172],[-0.16348,51.543185],[-0.163452,51.543189],[-0.163431,51.543192],[-0.163402,51.543195],[-0.163363,51.543201],[-0.16329,51.54321],[-0.163241,51.543217],[-0.163205,51.543222],[-0.163118,51.543233],[-0.163086,51.543237],[-0.163057,51.543241],[-0.163047,51.543246],[-0.163034,51.543248],[-0.162948,51.543258],[-0.162874,51.543266],[-0.162756,51.54328],[-0.162503,51.543309],[-0.162534,51.543426],[-0.162545,51.543521],[-0.162547,51.543526],[-0.162557,51.543562],[-0.16255,51.543562],[-0.162556,51.543607],[-0.162562,51.543654],[-0.162572,51.543731],[-0.162607,51.543986],[-0.162632,51.544171],[-0.162633,51.544174],[-0.162535,51.544168],[-0.162423,51.544236],[-0.162132,51.544113],[-0.162126,51.54411],[-0.162029,51.544092],[-0.16173,51.544038],[-0.161729,51.544033],[-0.161635,51.543707],[-0.161614,51.543709],[-0.161206,51.543736],[-0.161198,51.543737],[-0.160979,51.543752],[-0.160862,51.54376],[-0.160773,51.543763],[-0.160493,51.543774],[-0.160276,51.543783],[-0.160274,51.543746],[-0.160249,51.543405],[-0.160229,51.543122],[-0.160228,51.543105],[-0.160214,51.542914],[-0.160208,51.542838],[-0.160206,51.542817],[-0.160234,51.542814],[-0.160362,51.5428],[-0.16039,51.542797],[-0.160433,51.542792],[-0.160498,51.542785],[-0.16055,51.542779],[-0.160593,51.542772],[-0.160611,51.542769],[-0.160668,51.54276],[-0.160683,51.542757],[-0.160751,51.542746],[-0.160794,51.542739],[-0.160831,51.542733],[-0.160857,51.542728],[-0.160892,51.542722],[-0.16091,51.542719],[-0.160972,51.542708],[-0.160984,51.542706],[-0.161056,51.542693],[-0.161066,51.542691],[-0.161122,51.542681],[-0.161136,51.542679],[-0.161552,51.542604],[-0.16155,51.542557],[-0.161543,51.542432],[-0.161542,51.542427],[-0.161743,51.542416],[-0.161767,51.542415],[-0.161896,51.542408],[-0.161976,51.542392],[-0.161987,51.542389],[-0.162116,51.542362],[-0.162162,51.542353],[-0.162189,51.542348],[-0.162192,51.54235],[-0.162194,51.542354],[-0.162197,51.542358],[-0.162225,51.542395],[-0.162239,51.542415],[-0.162367,51.542403],[-0.162412,51.542398],[-0.162824,51.542358],[-0.162944,51.542347],[-0.162969,51.542344],[-0.162977,51.542344],[-0.163155,51.542326],[-0.163167,51.542325],[-0.163171,51.542325],[-0.16325,51.542317],[-0.163278,51.542314],[-0.163334,51.542309],[-0.163345,51.542308],[-0.163395,51.542303],[-0.163403,51.542302],[-0.163447,51.542298],[-0.163536,51.54229],[-0.163545,51.542289],[-0.16362,51.542282],[-0.163731,51.542271],[-0.163746,51.54227],[-0.163754,51.542269],[-0.163959,51.542249],[-0.163964,51.542249],[-0.164353,51.542211],[-0.164361,51.54221],[-0.164426,51.542204],[-0.16444,51.542203],[-0.164447,51.542202],[-0.164641,51.542186],[-0.164778,51.542174],[-0.164924,51.542161],[-0.165025,51.542153],[-0.165054,51.54215],[-0.165068,51.542149],[-0.165082,51.542148],[-0.16513,51.542143],[-0.16516,51.542141],[-0.165185,51.542139],[-0.165247,51.542133],[-0.165253,51.542133],[-0.165315,51.542128],[-0.16535,51.542125],[-0.165366,51.542123],[-0.165431,51.542118],[-0.165457,51.542115],[-0.165479,51.542113],[-0.16555,51.542107],[-0.165562,51.542106],[-0.165566,51.542106],[-0.165608,51.542102],[-0.165619,51.542101],[-0.165694,51.542095],[-0.165827,51.542083],[-0.165939,51.542074],[-0.166011,51.542068],[-0.16618,51.542053],[-0.166194,51.542052],[-0.166208,51.54205],[-0.166209,51.542054],[-0.16625,51.542223],[-0.166261,51.542267],[-0.166271,51.542307],[-0.166274,51.542319],[-0.16629,51.542384],[-0.166309,51.542462],[-0.166311,51.542469],[-0.166324,51.542524],[-0.166334,51.542563],[-0.166337,51.542578],[-0.166351,51.542632],[-0.166353,51.542641],[-0.166364,51.542686],[-0.166366,51.542695],[-0.166375,51.54273],[-0.166378,51.542745],[-0.166387,51.542781],[-0.166395,51.542813],[-0.166432,51.542962],[-0.166466,51.543097],[-0.166469,51.54311],[-0.166579,51.543096],[-0.166645,51.543088],[-0.166654,51.543113],[-0.166655,51.543116],[-0.166774,51.543476],[-0.166812,51.543591],[-0.166648,51.543612],[-0.166642,51.543655],[-0.166446,51.54368],[-0.166206,51.54371],[-0.166157,51.543717],[-0.166141,51.543735],[-0.166169,51.543827],[-0.166175,51.543849],[-0.166209,51.543964],[-0.166247,51.544095],[-0.16625,51.544105],[-0.166256,51.544123],[-0.166397,51.544107],[-0.166682,51.544074],[-0.166734,51.544068],[-0.166893,51.544043],[-0.167002,51.54403],[-0.167066,51.544027],[-0.167132,51.54403],[-0.167136,51.544031],[-0.167231,51.544042],[-0.167235,51.544042],[-0.16722,51.544204],[-0.167218,51.544226],[-0.167231,51.544282],[-0.167235,51.544287],[-0.167269,51.544341],[-0.167272,51.544346],[-0.167317,51.544388],[-0.167322,51.544393],[-0.167447,51.544469],[-0.166904,51.54454],[-0.166891,51.544541],[-0.166864,51.544545],[-0.16689,51.54464],[-0.166884,51.544645],[-0.166687,51.544627],[-0.166667,51.544625],[-0.166474,51.54471],[-0.166296,51.544619],[-0.166226,51.544628],[-0.165913,51.54467],[-0.165878,51.544688],[-0.165796,51.544751],[-0.165641,51.544892],[-0.165611,51.544929],[-0.165551,51.544923],[-0.16546,51.544919],[-0.165397,51.544897],[-0.16531,51.544874],[-0.165236,51.544855],[-0.165079,51.544825],[-0.164945,51.544815]]]}},{"type":"Feature","properties":{"LSOA21CD":"E01000847","LSOA21NM":"Camden 014D","MEAN_PTAL_":"5","mean_AI":20.5876142176,"borough":"Camden"},"geometry":{"type":"Polygon","coordinates":[[[-0.17193,51.544328],[-0.171922,51.544327],[-0.171799,51.544345],[-0.171709,51.544358],[-0.171437,51.544392],[-0.171428,51.54437],[-0.171266,51.543954],[-0.171321,51.543942],[-0.171383,51.543933],[-0.171407,51.54393],[-0.171415,51.543929],[-0.171492,51.543923],[-0.171507,51.543922],[-0.171515,51.54392],[-0.171613,51.543899],[-0.171654,51.543893],[-0.171686,51.543888],[-0.171691,51.543887],[-0.171784,51.54388],[-0.171808,51.54388],[-0.171897,51.543881],[-0.171959,51.543864],[-0.171962,51.543857],[-0.171987,51.543813],[-0.171992,51.543798],[-0.172009,51.543687],[-0.171975,51.54359],[-0.171875,51.543452],[-0.17184,51.543402],[-0.171698,51.543421],[-0.17165,51.543427],[-0.171621,51.543431],[-0.171561,51.543438],[-0.171439,51.543454],[-0.171404,51.543459],[-0.171304,51.543472],[-0.171218,51.543483],[-0.171209,51.543484],[-0.17108,51.543501],[-0.170982,51.543513],[-0.170962,51.543516],[-0.170878,51.543527],[-0.170822,51.543534],[-0.17066,51.543555],[-0.170655,51.543556],[-0.17058,51.543566],[-0.170571,51.543567],[-0.17049,51.543577],[-0.170327,51.543598],[-0.170282,51.543604],[-0.170212,51.543613],[-0.170198,51.543615],[-0.170141,51.543622],[-0.170054,51.543634],[-0.170041,51.543636],[-0.169967,51.54365],[-0.169962,51.543651],[-0.169892,51.543661],[-0.169735,51.543683],[-0.169805,51.544004],[-0.169851,51.544218],[-0.169829,51.544221],[-0.169815,51.544163],[-0.169683,51.54418],[-0.169676,51.544193],[-0.16951,51.544202],[-0.169086,51.544257],[-0.168808,51.544293],[-0.168787,51.544296],[-0.168777,51.544297],[-0.168606,51.544319],[-0.168571,51.544324],[-0.16854,51.544328],[-0.168533,51.544329],[-0.168356,51.544352],[-0.168048,51.544392],[-0.167861,51.544416],[-0.167637,51.544445],[-0.167447,51.544469],[-0.167322,51.544393],[-0.167317,51.544388],[-0.167272,51.544346],[-0.167269,51.544341],[-0.167235,51.544287],[-0.167231,51.544282],[-0.167218,51.544226],[-0.16722,51.544204],[-0.167235,51.544042],[-0.167231,51.544042],[-0.167136,51.544031],[-0.167132,51.54403],[-0.167066,51.544027],[-0.167002,51.54403],[-0.166893,51.544043],[-0.166734,51.544068],[-0.166682,51.544074],[-0.166397,51.544107],[-0.166256,51.544123],[-0.16625,51.544105],[-0.166247,51.544095],[-0.166209,51.543964],[-0.166175,51.543849],[-0.166169,51.543827],[-0.166141,51.543735],[-0.166157,51.543717],[-0.166206,51.54371],[-0.166446,51.54368],[-0.166642,51.543655],[-0.166648,51.543612],[-0.166812,51.543591],[-0.166774,51.543476],[-0.166655,51.543116],[-0.166654,51.543113],[-0.166645,51.543088],[-0.166579,51.543096],[-0.166469,51.54311],[-0.166466,51.543097],[-0.166432,51.542962],[-0.166395,51.542813],[-0.166387,51.542781],[-0.166378,51.542745],[-0.166375,51.54273],[-0.166366,51.542695],[-0.166364,51.542686],[-0.166353,51.542641],[-0.166351,51.542632],[-0.166337,51.542578],[-0.166334,51.542563],[-0.166324,51.542524],[-0.166311,51.542469],[-0.166309,51.542462],[-0.16629,51.542384],[-0.166274,51.542319],[-0.166271,51.542307],[-0.166261,51.542267],[-0.16625,51.542223],[-0.166209,51.542054],[-0.166208,51.54205],[-0.166227,51.542048],[-0.166235,51.542048],[-0.166412,51.542031],[-0.166483,51.542024],[-0.166549,51.542017],[-0.166554,51.542017],[-0.166583,51.542014],[-0.166716,51.542001],[-0.166732,51.542],[-0.166849,51.541989],[-0.166937,51.54198],[-0.166948,51.541979],[-0.166961,51.541978],[-0.167018,51.541972],[-0.167038,51.541971],[-0.167117,51.541963],[-0.167229,51.541952],[-0.167273,51.541948],[-0.167279,51.541947],[-0.167381,51.541938],[-0.167498,51.541926],[-0.167513,51.541925],[-0.167518,51.541924],[-0.167691,51.541908],[-0.167799,51.541897],[-0.16781,51.541896],[-0.167888,51.541889],[-0.16799,51.541879],[-0.167998,51.541878],[-0.168053,51.541873],[-0.16823,51.541856],[-0.168292,51.54185],[-0.168308,51.541848],[-0.168397,51.54184],[-0.168413,51.541838],[-0.168418,51.541838],[-0.168434,51.541836],[-0.16857,51.541823],[-0.168624,51.541818],[-0.168636,51.541817],[-0.168643,51.541816],[-0.168667,51.541814],[-0.168789,51.541802],[-0.168825,51.541798],[-0.168834,51.541797],[-0.168892,51.541791],[-0.169022,51.541778],[-0.169144,51.541766],[-0.169214,51.541759],[-0.169389,51.541741],[-0.1694,51.54174],[-0.169463,51.541734],[-0.169505,51.541731],[-0.169515,51.54173],[-0.169632,51.541721],[-0.169831,51.541706],[-0.169883,51.541702],[-0.169915,51.541705],[-0.169948,51.541708],[-0.170259,51.541735],[-0.170358,51.541744],[-0.170448,51.54176],[-0.170669,51.541798],[-0.170683,51.5418],[-0.170789,51.541819],[-0.170825,51.541825],[-0.170893,51.541837],[-0.170928,51.541854],[-0.171092,51.541935],[-0.17114,51.541959],[-0.17115,51.541964],[-0.171181,51.541984],[-0.171185,51.541987],[-0.17123,51.542033],[-0.171291,51.542097],[-0.171324,51.542132],[-0.171326,51.542134],[-0.171403,51.542215],[-0.171481,51.542306],[-0.17162,51.542466],[-0.17173,51.542594],[-0.171734,51.542599],[-0.171804,51.54268],[-0.171826,51.542709],[-0.171891,51.542787],[-0.171931,51.542837],[-0.17198,51.542897],[-0.172034,51.542965],[-0.172065,51.543003],[-0.1721,51.543045],[-0.1722,51.543169],[-0.172262,51.543246],[-0.172309,51.543304],[-0.172322,51.543321],[-0.172332,51.543332],[-0.172337,51.543338],[-0.172455,51.543476],[-0.172505,51.543535],[-0.172518,51.543551],[-0.172557,51.543597],[-0.172624,51.543675],[-0.172654,51.543711],[-0.172731,51.543801],[-0.172767,51.543843],[-0.172914,51.544016],[-0.173037,51.544161],[-0.173048,51.54416],[-0.173061,51.544175],[-0.173111,51.544237],[-0.17322,51.544371],[-0.173239,51.544394],[-0.172875,51.54459],[-0.172567,51.544755],[-0.172215,51.544383],[-0.172215,51.544373],[-0.172117,51.544358],[-0.17193,51.544328]]]}},{"type":"Feature","properties":{"LSOA21CD":"E01000848","LSOA21NM":"Camden 011C","MEAN_PTAL_":"4","mean_AI":15.7789605101,"borough":"Camden"},"geometry":{"type":"Polygon","coordinates":[[[-0.166259,51.551459],[-0.166243,51.551447],[-0.166251,51.551442],[-0.166264,51.551452],[-0.167002,51.551005],[-0.167013,51.550999],[-0.167219,51.550874],[-0.167228,51.550869],[-0.167244,51.550859],[-0.167416,51.550755],[-0.167698,51.550584],[-0.167703,51.550581],[-0.167713,51.550576],[-0.167757,51.550549],[-0.167757,51.55054],[-0.167845,51.550486],[-0.167975,51.550406],[-0.168097,51.55033],[-0.168104,51.550326],[-0.168111,51.550321],[-0.167801,51.550128],[-0.167597,51.549997],[-0.167593,51.549999],[-0.167473,51.55002],[-0.167392,51.550034],[-0.167228,51.550051],[-0.167131,51.550055],[-0.167137,51.55009],[-0.167113,51.550072],[-0.166996,51.549999],[-0.166845,51.549906],[-0.166774,51.549886],[-0.166542,51.549919],[-0.166499,51.549918],[-0.166307,51.549798],[-0.166276,51.549779],[-0.166233,51.549745],[-0.166225,51.549747],[-0.166189,51.549724],[-0.166313,51.549654],[-0.166319,51.549651],[-0.166439,51.549583],[-0.166442,51.549581],[-0.16649,51.54953],[-0.166496,51.549527],[-0.166546,51.549455],[-0.166405,51.549295],[-0.166608,51.549237],[-0.166806,51.549357],[-0.166833,51.549373],[-0.16693,51.549319],[-0.167054,51.54925],[-0.167109,51.54922],[-0.167192,51.549174],[-0.167293,51.549119],[-0.167347,51.549103],[-0.16735,51.549101],[-0.167362,51.549091],[-0.167354,51.549086],[-0.16753,51.548989],[-0.167847,51.548814],[-0.16785,51.548812],[-0.167968,51.54873],[-0.167964,51.548723],[-0.1679,51.54869],[-0.167823,51.54865],[-0.167792,51.548633],[-0.167655,51.548561],[-0.167602,51.548533],[-0.167507,51.54868],[-0.167488,51.548697],[-0.167389,51.548747],[-0.16726,51.548773],[-0.16724,51.548775],[-0.167189,51.548771],[-0.167185,51.548765],[-0.167176,51.548691],[-0.167174,51.548687],[-0.167149,51.548639],[-0.167154,51.548589],[-0.167176,51.548545],[-0.16724,51.548498],[-0.167412,51.548435],[-0.167366,51.548409],[-0.167222,51.548334],[-0.167142,51.548292],[-0.167103,51.548272],[-0.167,51.548217],[-0.166924,51.548179],[-0.166872,51.548152],[-0.166862,51.548142],[-0.16683,51.54811],[-0.166789,51.54807],[-0.166784,51.548044],[-0.166777,51.548007],[-0.166884,51.547868],[-0.166917,51.547825],[-0.167112,51.547572],[-0.167135,51.547578],[-0.167144,51.547567],[-0.167199,51.547569],[-0.167236,51.547518],[-0.167492,51.547163],[-0.167501,51.547164],[-0.167906,51.547332],[-0.168243,51.547439],[-0.168251,51.547441],[-0.168296,51.547456],[-0.168186,51.5476],[-0.16802,51.547818],[-0.168104,51.54785],[-0.168159,51.547863],[-0.168239,51.547885],[-0.168246,51.547886],[-0.168253,51.547876],[-0.168265,51.54788],[-0.16859,51.547972],[-0.168868,51.548051],[-0.169145,51.547686],[-0.169453,51.547774],[-0.169588,51.547809],[-0.169726,51.547845],[-0.169749,51.547814],[-0.169597,51.547766],[-0.169727,51.547405],[-0.169769,51.547396],[-0.169838,51.547377],[-0.16993,51.547402],[-0.170085,51.547444],[-0.170702,51.547612],[-0.170815,51.547642],[-0.171126,51.547727],[-0.171238,51.547757],[-0.171871,51.547929],[-0.171953,51.547952],[-0.171915,51.547975],[-0.171907,51.54798],[-0.171799,51.548048],[-0.171794,51.548051],[-0.171782,51.548059],[-0.171722,51.548097],[-0.171675,51.548127],[-0.171575,51.548191],[-0.171554,51.548205],[-0.171549,51.548208],[-0.171467,51.54826],[-0.171463,51.548263],[-0.171383,51.548314],[-0.171331,51.548347],[-0.171322,51.548353],[-0.171271,51.548386],[-0.171222,51.548417],[-0.171219,51.548419],[-0.171174,51.548448],[-0.171123,51.54848],[-0.171116,51.548485],[-0.171046,51.54853],[-0.171017,51.548548],[-0.171007,51.548555],[-0.17086,51.548648],[-0.170835,51.548664],[-0.17084,51.548667],[-0.170853,51.548677],[-0.170995,51.548777],[-0.171133,51.54889],[-0.171147,51.548902],[-0.17118,51.548929],[-0.171289,51.549018],[-0.171298,51.549026],[-0.171304,51.549031],[-0.171356,51.549073],[-0.171368,51.549083],[-0.17145,51.549141],[-0.171469,51.549154],[-0.171473,51.549157],[-0.171476,51.549159],[-0.171486,51.549166],[-0.171579,51.549231],[-0.171582,51.549233],[-0.171606,51.54925],[-0.171586,51.549273],[-0.171571,51.54929],[-0.171536,51.549323],[-0.171492,51.549364],[-0.171486,51.549369],[-0.171484,51.549371],[-0.171481,51.549373],[-0.171443,51.549403],[-0.171379,51.549453],[-0.171367,51.549462],[-0.171358,51.549469],[-0.171343,51.549481],[-0.171313,51.549504],[-0.171307,51.549509],[-0.171264,51.549543],[-0.171165,51.54962],[-0.171158,51.549626],[-0.171145,51.549635],[-0.171121,51.549646],[-0.171075,51.549667],[-0.170972,51.549714],[-0.170966,51.549717],[-0.170866,51.549763],[-0.170857,51.549766],[-0.170805,51.54979],[-0.17078,51.549801],[-0.170737,51.549822],[-0.170733,51.549824],[-0.170641,51.549868],[-0.170634,51.549872],[-0.170435,51.549968],[-0.170424,51.549973],[-0.170398,51.549986],[-0.170359,51.550004],[-0.170343,51.550012],[-0.170331,51.550017],[-0.170324,51.550021],[-0.170302,51.550031],[-0.170285,51.550038],[-0.170274,51.550044],[-0.170233,51.550062],[-0.170176,51.550088],[-0.170168,51.550092],[-0.170146,51.550102],[-0.170117,51.550115],[-0.170103,51.550121],[-0.170097,51.550124],[-0.170045,51.550148],[-0.170035,51.550153],[-0.170029,51.550155],[-0.170017,51.550162],[-0.169941,51.5502],[-0.169923,51.550209],[-0.169823,51.55026],[-0.16981,51.550267],[-0.169792,51.550276],[-0.169677,51.550334],[-0.169663,51.550342],[-0.169653,51.550347],[-0.169616,51.550369],[-0.169583,51.550387],[-0.169513,51.550428],[-0.169508,51.55043],[-0.169416,51.550483],[-0.169397,51.550495],[-0.169393,51.550497],[-0.169277,51.550568],[-0.169272,51.550571],[-0.169264,51.550576],[-0.169225,51.5506],[-0.169206,51.550611],[-0.169188,51.550622],[-0.169154,51.550643],[-0.169149,51.550646],[-0.169077,51.550691],[-0.169068,51.550696],[-0.16906,51.550701],[-0.168978,51.550751],[-0.168973,51.550754],[-0.168957,51.550764],[-0.16888,51.550811],[-0.168864,51.550821],[-0.168839,51.550836],[-0.168782,51.550871],[-0.168742,51.550895],[-0.168739,51.550898],[-0.168713,51.550913],[-0.168648,51.550953],[-0.168622,51.550969],[-0.168609,51.550977],[-0.168513,51.551036],[-0.168463,51.551066],[-0.168429,51.551088],[-0.168323,51.551152],[-0.168315,51.551157],[-0.168232,51.551208],[-0.168215,51.551219],[-0.168091,51.551294],[-0.168071,51.551306],[-0.168032,51.551331],[-0.167987,51.551358],[-0.167977,51.551364],[-0.167881,51.551423],[-0.167769,51.551491],[-0.167619,51.551583],[-0.167409,51.551712],[-0.167402,51.551716],[-0.167067,51.551921],[-0.167044,51.551935],[-0.166992,51.551967],[-0.166981,51.551974],[-0.166838,51.551872],[-0.16677,51.551823],[-0.166725,51.551791],[-0.166714,51.551783],[-0.166622,51.551717],[-0.166321,51.551503],[-0.166259,51.551459]]]}},{"type":"Feature","properties":{"LSOA21CD":"E01000849","LSOA21NM":"Camden 011D","MEAN_PTAL_":"4","mean_AI":18.1281679469,"borough":"Camden"},"geometry":{"type":"Polygon","coordinates":[[[-0.166264,51.551452],[-0.166251,51.551442],[-0.166243,51.551447],[-0.166139,51.551373],[-0.166097,51.551343],[-0.165954,51.551241],[-0.165902,51.551203],[-0.165753,51.551097],[-0.165744,51.551091],[-0.1657,51.551059],[-0.16564,51.551016],[-0.165482,51.550904],[-0.165463,51.55089],[-0.165451,51.550881],[-0.165317,51.550785],[-0.16531,51.550781],[-0.165287,51.550764],[-0.16528,51.55076],[-0.165218,51.55072],[-0.165208,51.550715],[-0.165134,51.550667],[-0.16513,51.550665],[-0.165073,51.550629],[-0.165061,51.550622],[-0.165006,51.550587],[-0.164954,51.550554],[-0.164832,51.550478],[-0.164721,51.550408],[-0.164696,51.550392],[-0.164684,51.550384],[-0.164659,51.550369],[-0.164645,51.55036],[-0.164536,51.550291],[-0.164515,51.550278],[-0.164486,51.55026],[-0.164481,51.550257],[-0.164477,51.550254],[-0.164464,51.550246],[-0.164458,51.550242],[-0.164431,51.550225],[-0.164363,51.550182],[-0.164338,51.550166],[-0.164306,51.550148],[-0.164196,51.550082],[-0.164188,51.550078],[-0.164122,51.550039],[-0.164094,51.550022],[-0.164058,51.55],[-0.163977,51.549954],[-0.163953,51.54994],[-0.163933,51.549928],[-0.163926,51.549924],[-0.163866,51.549889],[-0.163785,51.549842],[-0.163775,51.549836],[-0.163703,51.549795],[-0.163632,51.549754],[-0.163562,51.549713],[-0.163452,51.549646],[-0.163384,51.549611],[-0.16335,51.549591],[-0.163323,51.549575],[-0.163282,51.549552],[-0.163266,51.549543],[-0.163205,51.549507],[-0.163121,51.549462],[-0.163021,51.549408],[-0.16301,51.549402],[-0.162949,51.54937],[-0.162936,51.549363],[-0.162854,51.549318],[-0.162826,51.549303],[-0.162617,51.549191],[-0.162579,51.54917],[-0.16257,51.549165],[-0.162538,51.549148],[-0.162524,51.549142],[-0.1625,51.549133],[-0.162397,51.549091],[-0.162373,51.549082],[-0.162332,51.549065],[-0.162297,51.549049],[-0.162193,51.549],[-0.162151,51.548978],[-0.162144,51.548974],[-0.162116,51.548959],[-0.162093,51.548947],[-0.162086,51.548943],[-0.16205,51.548921],[-0.162002,51.548891],[-0.162029,51.54887],[-0.162347,51.548621],[-0.162364,51.548619],[-0.162576,51.548603],[-0.162604,51.548598],[-0.162698,51.54858],[-0.16271,51.548578],[-0.162772,51.548568],[-0.162876,51.548551],[-0.163036,51.548546],[-0.163142,51.548555],[-0.163198,51.548514],[-0.16324,51.548479],[-0.163264,51.54845],[-0.163327,51.548372],[-0.163347,51.548348],[-0.163432,51.548343],[-0.163561,51.548326],[-0.163641,51.548223],[-0.163748,51.548255],[-0.163895,51.548157],[-0.164038,51.547994],[-0.164001,51.547889],[-0.16435,51.548086],[-0.164424,51.548131],[-0.164489,51.548171],[-0.164548,51.548206],[-0.164563,51.548187],[-0.164568,51.54818],[-0.16524,51.548377],[-0.165234,51.548399],[-0.165214,51.548469],[-0.165205,51.548485],[-0.165164,51.548548],[-0.165106,51.548596],[-0.165043,51.548643],[-0.165123,51.548667],[-0.16518,51.548684],[-0.165216,51.548694],[-0.165109,51.548839],[-0.165498,51.548939],[-0.165513,51.548943],[-0.166069,51.548196],[-0.166078,51.548185],[-0.166093,51.548167],[-0.166138,51.548132],[-0.166155,51.548122],[-0.166197,51.548097],[-0.16624,51.548089],[-0.166284,51.54808],[-0.166356,51.548072],[-0.166514,51.548075],[-0.166544,51.548075],[-0.166607,51.548074],[-0.166789,51.54807],[-0.16683,51.54811],[-0.166862,51.548142],[-0.166872,51.548152],[-0.166924,51.548179],[-0.167,51.548217],[-0.167103,51.548272],[-0.167142,51.548292],[-0.167222,51.548334],[-0.167366,51.548409],[-0.167412,51.548435],[-0.16724,51.548498],[-0.167176,51.548545],[-0.167154,51.548589],[-0.167149,51.548639],[-0.167174,51.548687],[-0.167176,51.548691],[-0.167185,51.548765],[-0.167189,51.548771],[-0.16724,51.548775],[-0.16726,51.548773],[-0.167389,51.548747],[-0.167488,51.548697],[-0.167507,51.54868],[-0.167602,51.548533],[-0.167655,51.548561],[-0.167792,51.548633],[-0.167823,51.54865],[-0.1679,51.54869],[-0.167964,51.548723],[-0.167968,51.54873],[-0.16785,51.548812],[-0.167847,51.548814],[-0.16753,51.548989],[-0.167354,51.549086],[-0.167362,51.549091],[-0.16735,51.549101],[-0.167347,51.549103],[-0.167293,51.549119],[-0.167192,51.549174],[-0.167109,51.54922],[-0.167054,51.54925],[-0.16693,51.549319],[-0.166833,51.549373],[-0.166806,51.549357],[-0.166608,51.549237],[-0.166405,51.549295],[-0.166546,51.549455],[-0.166496,51.549527],[-0.16649,51.54953],[-0.166442,51.549581],[-0.166439,51.549583],[-0.166319,51.549651],[-0.166313,51.549654],[-0.166189,51.549724],[-0.166225,51.549747],[-0.166233,51.549745],[-0.166276,51.549779],[-0.166307,51.549798],[-0.166499,51.549918],[-0.166542,51.549919],[-0.166774,51.549886],[-0.166845,51.549906],[-0.166996,51.549999],[-0.167113,51.550072],[-0.167137,51.55009],[-0.167131,51.550055],[-0.167228,51.550051],[-0.167392,51.550034],[-0.167473,51.55002],[-0.167593,51.549999],[-0.167597,51.549997],[-0.167801,51.550128],[-0.168111,51.550321],[-0.168104,51.550326],[-0.168097,51.55033],[-0.167975,51.550406],[-0.167845,51.550486],[-0.167757,51.55054],[-0.167757,51.550549],[-0.167713,51.550576],[-0.167703,51.550581],[-0.167698,51.550584],[-0.167416,51.550755],[-0.167244,51.550859],[-0.167228,51.550869],[-0.167219,51.550874],[-0.167013,51.550999],[-0.167002,51.551005],[-0.166264,51.551452]]]}},{"type":"Feature","properties":{"LSOA21CD":"E01000853","LSOA21NM":"Camden 029H","MEAN_PTAL_":"6b","mean_AI":63.2389159339,"borough":"Camden"},"geometry":{"type":"Polygon","coordinates":[[[-0.123037,51.524929],[-0.122999,51.524862],[-0.122932,51.524743],[-0.122803,51.524537],[-0.122721,51.524407],[-0.122649,51.524292],[-0.122624,51.524253],[-0.122595,51.524207],[-0.122412,51.523914],[-0.122318,51.523764],[-0.122314,51.523759],[-0.122323,51.523748],[-0.122349,51.523714],[-0.122375,51.523681],[-0.122449,51.523663],[-0.122763,51.523587],[-0.123099,51.523507],[-0.123188,51.523486],[-0.123292,51.523462],[-0.123429,51.523428],[-0.123641,51.523378],[-0.123836,51.523335],[-0.124105,51.523275],[-0.124136,51.523269],[-0.124268,51.523501],[-0.124589,51.523492],[-0.124595,51.523493],[-0.124603,51.523492],[-0.124667,51.52348],[-0.124672,51.523481],[-0.125287,51.523566],[-0.125304,51.523577],[-0.12537,51.523566],[-0.125488,51.52372],[-0.125679,51.523968],[-0.125706,51.523995],[-0.125808,51.524114],[-0.125816,51.524123],[-0.125833,51.524143],[-0.125958,51.524295],[-0.125981,51.524323],[-0.126083,51.524452],[-0.126086,51.524456],[-0.126057,51.524477],[-0.126017,51.524504],[-0.125957,51.524545],[-0.125776,51.524668],[-0.125765,51.524677],[-0.125762,51.524679],[-0.12584,51.524781],[-0.125848,51.524792],[-0.125855,51.524801],[-0.125858,51.524803],[-0.12595,51.524913],[-0.126378,51.524906],[-0.126388,51.524897],[-0.126408,51.524881],[-0.126417,51.524874],[-0.126446,51.524849],[-0.126457,51.52484],[-0.126504,51.524788],[-0.126508,51.524788],[-0.126581,51.524797],[-0.126612,51.524798],[-0.126768,51.5248],[-0.126777,51.5248],[-0.126892,51.524783],[-0.126908,51.524776],[-0.127054,51.524719],[-0.127265,51.524636],[-0.127498,51.524849],[-0.12751,51.52486],[-0.127469,51.524878],[-0.127245,51.524973],[-0.127192,51.524996],[-0.127083,51.525042],[-0.127071,51.525047],[-0.126989,51.525082],[-0.126978,51.525087],[-0.126922,51.52511],[-0.126908,51.525116],[-0.126886,51.525126],[-0.126751,51.525183],[-0.126721,51.525196],[-0.126528,51.525278],[-0.12648,51.525298],[-0.126465,51.525305],[-0.126364,51.525348],[-0.126202,51.525416],[-0.126166,51.525432],[-0.126107,51.525457],[-0.126095,51.525462],[-0.126092,51.525463],[-0.126074,51.525471],[-0.126004,51.5255],[-0.125987,51.525508],[-0.125956,51.525521],[-0.125866,51.525559],[-0.125786,51.525593],[-0.125548,51.525694],[-0.125541,51.525696],[-0.125532,51.525698],[-0.125526,51.525699],[-0.12544,51.525718],[-0.125332,51.525741],[-0.125238,51.525762],[-0.12521,51.525768],[-0.125155,51.52578],[-0.125134,51.525785],[-0.125101,51.525792],[-0.125058,51.525801],[-0.124953,51.525824],[-0.124914,51.525833],[-0.124878,51.525841],[-0.124824,51.525853],[-0.124801,51.525858],[-0.124723,51.525875],[-0.124686,51.525883],[-0.124681,51.525884],[-0.124632,51.525895],[-0.124613,51.525899],[-0.124533,51.525916],[-0.124458,51.525933],[-0.124451,51.525934],[-0.124216,51.525986],[-0.124128,51.526005],[-0.124085,51.526014],[-0.123953,51.526043],[-0.123781,51.526081],[-0.123719,51.526094],[-0.123708,51.526097],[-0.123702,51.526098],[-0.123614,51.525945],[-0.123611,51.525939],[-0.1236,51.525919],[-0.12359,51.525901],[-0.12357,51.525867],[-0.123509,51.52576],[-0.123491,51.525727],[-0.123419,51.525601],[-0.123417,51.525597],[-0.123387,51.525544],[-0.123326,51.525437],[-0.123301,51.525393],[-0.123211,51.525234],[-0.123198,51.525212],[-0.123037,51.524929]]]}},{"type":"Feature","properties":{"LSOA21CD":"E01000855","LSOA21NM":"Camden 028A","MEAN_PTAL_":"6b","mean_AI":56.4423406079,"borough":"Camden"},"geometry":{"type":"Polygon","coordinates":[[[-0.130565,51.524631],[-0.130445,51.52452],[-0.130434,51.52451],[-0.130238,51.524328],[-0.130157,51.524252],[-0.130099,51.524198],[-0.130067,51.524169],[-0.130023,51.524128],[-0.129978,51.524087],[-0.129871,51.523987],[-0.129856,51.523973],[-0.129782,51.523904],[-0.129765,51.523909],[-0.129699,51.523929],[-0.129431,51.524035],[-0.129233,51.524114],[-0.129108,51.524175],[-0.129086,51.524186],[-0.12907,51.524193],[-0.129052,51.524201],[-0.128901,51.524263],[-0.128877,51.524241],[-0.128767,51.524138],[-0.128613,51.523992],[-0.128453,51.523843],[-0.128082,51.523494],[-0.127993,51.523411],[-0.127637,51.523089],[-0.12732,51.523083],[-0.127187,51.522968],[-0.127177,51.52296],[-0.127016,51.522821],[-0.12703,51.522809],[-0.127196,51.522672],[-0.127146,51.522624],[-0.126995,51.522442],[-0.126997,51.522397],[-0.126998,51.52237],[-0.127013,51.522352],[-0.127028,51.522344],[-0.127097,51.522311],[-0.12702,51.522282],[-0.126914,51.522324],[-0.126634,51.522446],[-0.126576,51.522471],[-0.126068,51.522692],[-0.125957,51.522741],[-0.125878,51.522775],[-0.12583,51.522796],[-0.125798,51.52281],[-0.125829,51.522838],[-0.125937,51.522936],[-0.125958,51.522955],[-0.126167,51.523144],[-0.126215,51.523188],[-0.126465,51.523415],[-0.12644,51.523414],[-0.126457,51.523429],[-0.12651,51.523476],[-0.126537,51.523501],[-0.126446,51.52354],[-0.126251,51.523625],[-0.126406,51.523727],[-0.126338,51.523764],[-0.125488,51.52372],[-0.12537,51.523566],[-0.125304,51.523577],[-0.125287,51.523566],[-0.124672,51.523481],[-0.124667,51.52348],[-0.124603,51.523492],[-0.124595,51.523493],[-0.124589,51.523492],[-0.124268,51.523501],[-0.124136,51.523269],[-0.124105,51.523275],[-0.123836,51.523335],[-0.123641,51.523378],[-0.123429,51.523428],[-0.123292,51.523462],[-0.123188,51.523486],[-0.123099,51.523507],[-0.122763,51.523587],[-0.122449,51.523663],[-0.122375,51.523681],[-0.122349,51.523714],[-0.122323,51.523748],[-0.122314,51.523759],[-0.122277,51.523699],[-0.122242,51.523643],[-0.122194,51.523567],[-0.122095,51.523409],[-0.122047,51.523334],[-0.121977,51.523221],[-0.121834,51.522994],[-0.121832,51.52299],[-0.122104,51.522932],[-0.122181,51.522915],[-0.122195,51.522913],[-0.122201,51.522911],[-0.122275,51.522895],[-0.122384,51.522872],[-0.122414,51.522865],[-0.122486,51.522849],[-0.122539,51.522837],[-0.122908,51.522754],[-0.122969,51.52274],[-0.123258,51.522675],[-0.123362,51.522651],[-0.123517,51.522616],[-0.123723,51.52257],[-0.123745,51.522565],[-0.123779,51.522557],[-0.123962,51.522516],[-0.124035,51.5225],[-0.124177,51.522467],[-0.124301,51.522436],[-0.124338,51.522426],[-0.124465,51.522394],[-0.12448,51.522387],[-0.124626,51.522322],[-0.124715,51.522282],[-0.124932,51.522185],[-0.124981,51.522163],[-0.124988,51.52216],[-0.124931,51.522113],[-0.12492,51.522104],[-0.124652,51.52189],[-0.124544,51.521804],[-0.124502,51.52177],[-0.124472,51.521746],[-0.124034,51.521419],[-0.12403,51.521417],[-0.124019,51.52141],[-0.123963,51.521368],[-0.12396,51.521366],[-0.123804,51.52125],[-0.123766,51.521222],[-0.123643,51.521121],[-0.123464,51.520975],[-0.123461,51.520973],[-0.123454,51.520968],[-0.123415,51.520936],[-0.123269,51.520817],[-0.123246,51.520798],[-0.123151,51.520721],[-0.12308,51.520663],[-0.12304,51.520631],[-0.123027,51.52062],[-0.123023,51.520617],[-0.122984,51.520584],[-0.122957,51.520563],[-0.122907,51.520522],[-0.122794,51.52043],[-0.122789,51.520426],[-0.1227,51.520354],[-0.122603,51.520275],[-0.122527,51.520213],[-0.122522,51.520209],[-0.122454,51.520151],[-0.122333,51.520046],[-0.122255,51.519979],[-0.122182,51.519917],[-0.122188,51.519914],[-0.122331,51.519854],[-0.122431,51.519811],[-0.122579,51.519748],[-0.122584,51.519747],[-0.122728,51.519686],[-0.122742,51.51968],[-0.122754,51.519674],[-0.122803,51.519654],[-0.122839,51.519639],[-0.123058,51.519546],[-0.123104,51.519526],[-0.123171,51.519498],[-0.123301,51.51944],[-0.123369,51.51941],[-0.123473,51.519364],[-0.123617,51.519301],[-0.124013,51.519125],[-0.124074,51.519098],[-0.124125,51.519077],[-0.124448,51.51894],[-0.124589,51.518881],[-0.124827,51.51878],[-0.125115,51.518659],[-0.125167,51.518637],[-0.125252,51.518601],[-0.12531,51.518578],[-0.125482,51.518509],[-0.125635,51.518447],[-0.12567,51.518433],[-0.125674,51.518432],[-0.125891,51.518345],[-0.126108,51.518248],[-0.126116,51.518245],[-0.126313,51.518157],[-0.126372,51.518131],[-0.126511,51.518077],[-0.126515,51.518076],[-0.126528,51.518071],[-0.126695,51.518007],[-0.12672,51.518002],[-0.126855,51.517977],[-0.126912,51.517966],[-0.126941,51.517961],[-0.126955,51.517958],[-0.127003,51.517946],[-0.127114,51.51792],[-0.127154,51.517911],[-0.127244,51.51789],[-0.127258,51.517887],[-0.127376,51.517859],[-0.127452,51.517841],[-0.127476,51.517836],[-0.127574,51.517804],[-0.127614,51.517791],[-0.127626,51.517787],[-0.127601,51.517755],[-0.127556,51.517699],[-0.127467,51.517586],[-0.127461,51.517578],[-0.127376,51.517471],[-0.127368,51.517461],[-0.12728,51.51735],[-0.127274,51.517342],[-0.127272,51.51734],[-0.127255,51.517318],[-0.127173,51.517214],[-0.127159,51.517196],[-0.127152,51.517187],[-0.127128,51.517158],[-0.127082,51.517106],[-0.12691,51.516915],[-0.127132,51.516881],[-0.127204,51.51687],[-0.127321,51.516852],[-0.127343,51.516848],[-0.127369,51.516844],[-0.127475,51.516828],[-0.127561,51.516815],[-0.12789,51.516764],[-0.127926,51.516758],[-0.128023,51.516743],[-0.128182,51.516719],[-0.128388,51.516687],[-0.128664,51.516644],[-0.128779,51.516626],[-0.128793,51.516624],[-0.128917,51.516605],[-0.128936,51.516602],[-0.12913,51.516572],[-0.129197,51.516562],[-0.129206,51.51656],[-0.129336,51.51654],[-0.129941,51.516448],[-0.129945,51.516447],[-0.130249,51.516401],[-0.130255,51.5164],[-0.130339,51.516387],[-0.130343,51.516386],[-0.13037,51.516382],[-0.13037,51.516387],[-0.130363,51.516409],[-0.130361,51.516414],[-0.130359,51.516421],[-0.130349,51.516449],[-0.130347,51.516465],[-0.130345,51.516487],[-0.130344,51.516497],[-0.130351,51.516509],[-0.130368,51.516537],[-0.130402,51.516595],[-0.130426,51.516625],[-0.13044,51.516643],[-0.130496,51.516712],[-0.130781,51.51707],[-0.13079,51.51708],[-0.130812,51.517102],[-0.130819,51.5171],[-0.130828,51.517111],[-0.130859,51.51715],[-0.130863,51.517154],[-0.130988,51.517281],[-0.131104,51.517399],[-0.13115,51.517445],[-0.131247,51.517528],[-0.131291,51.517572],[-0.131424,51.517704],[-0.131676,51.517955],[-0.131681,51.51796],[-0.131844,51.518122],[-0.13187,51.518149],[-0.131894,51.518174],[-0.131954,51.518237],[-0.131978,51.518263],[-0.132103,51.518394],[-0.132091,51.518399],[-0.132042,51.51842],[-0.13164,51.518592],[-0.131633,51.518595],[-0.131585,51.518569],[-0.13158,51.518566],[-0.131447,51.518437],[-0.131326,51.518319],[-0.131261,51.518391],[-0.130861,51.518627],[-0.130856,51.518629],[-0.130828,51.518646],[-0.130834,51.518677],[-0.130863,51.518817],[-0.130862,51.518839],[-0.130859,51.518915],[-0.130828,51.518969],[-0.130826,51.518972],[-0.130797,51.519013],[-0.130658,51.519145],[-0.130647,51.519155],[-0.130603,51.51919],[-0.130555,51.519216],[-0.130441,51.519278],[-0.130394,51.519295],[-0.130383,51.519299],[-0.13035,51.519312],[-0.130236,51.519355],[-0.130115,51.51939],[-0.13009,51.519398],[-0.130031,51.519415],[-0.129984,51.51942],[-0.129886,51.519431],[-0.129728,51.519428],[-0.129584,51.519417],[-0.129385,51.519362],[-0.129207,51.519314],[-0.129204,51.519316],[-0.129192,51.519327],[-0.12921,51.519344],[-0.129289,51.519401],[-0.129294,51.519405],[-0.129443,51.519553],[-0.129581,51.519689],[-0.129587,51.519696],[-0.129584,51.519699],[-0.129582,51.519701],[-0.129505,51.519733],[-0.129078,51.519912],[-0.129026,51.519863],[-0.128862,51.519706],[-0.128896,51.519692],[-0.128984,51.519655],[-0.12894,51.519614],[-0.128736,51.519423],[-0.128673,51.519365],[-0.128314,51.519387],[-0.127865,51.519415],[-0.127638,51.51972],[-0.127532,51.519863],[-0.127158,51.520366],[-0.127274,51.520714],[-0.127277,51.520724],[-0.127292,51.520768],[-0.127383,51.520785],[-0.127645,51.520672],[-0.128672,51.520221],[-0.128788,51.520213],[-0.128903,51.520215],[-0.128985,51.52029],[-0.129001,51.520305],[-0.129038,51.520338],[-0.129058,51.520356],[-0.129118,51.520411],[-0.12924,51.520522],[-0.129285,51.520563],[-0.129487,51.520746],[-0.129512,51.520769],[-0.129637,51.520882],[-0.129658,51.520901],[-0.129744,51.520978],[-0.129809,51.521036],[-0.130168,51.521359],[-0.129831,51.521501],[-0.129244,51.521749],[-0.129355,51.521859],[-0.129492,51.521983],[-0.129507,51.521996],[-0.129605,51.522079],[-0.12963,51.52216],[-0.129972,51.52246],[-0.130088,51.522562],[-0.130387,51.522824],[-0.130448,51.522877],[-0.130853,51.523233],[-0.130861,51.523241],[-0.130943,51.523313],[-0.13097,51.523336],[-0.130988,51.523352],[-0.131008,51.523369],[-0.131226,51.523435],[-0.13172,51.523503],[-0.132012,51.523543],[-0.132169,51.523564],[-0.131627,51.523769],[-0.1312,51.523931],[-0.13128,51.524008],[-0.131449,51.524165],[-0.131836,51.523991],[-0.131913,51.523956],[-0.132406,51.523734],[-0.132442,51.523717],[-0.132649,51.523624],[-0.133044,51.523995],[-0.13307,51.52405],[-0.13307,51.524068],[-0.133054,51.524094],[-0.13301,51.524121],[-0.132877,51.52419],[-0.132862,51.524208],[-0.132832,51.524235],[-0.132831,51.524262],[-0.132843,51.524334],[-0.132832,51.524368],[-0.132826,51.524387],[-0.132811,51.524405],[-0.132766,51.524449],[-0.132677,51.524511],[-0.132658,51.524518],[-0.13242,51.524608],[-0.132202,51.524691],[-0.132062,51.524744],[-0.132052,51.524735],[-0.131909,51.524598],[-0.131596,51.524728],[-0.131415,51.524803],[-0.130971,51.524987],[-0.130859,51.524905],[-0.130786,51.524837],[-0.130747,51.524801],[-0.130652,51.524713],[-0.130589,51.524654],[-0.130565,51.524631]]]}},{"type":"Feature","properties":{"LSOA21CD":"E01000856","LSOA21NM":"Camden 019A","MEAN_PTAL_":"6a","mean_AI":38.6686853641,"borough":"Camden"},"geometry":{"type":"Polygon","coordinates":[[[-0.14151,51.544996],[-0.141502,51.544926],[-0.1415,51.544906],[-0.141499,51.544856],[-0.141496,51.544763],[-0.141498,51.544718],[-0.141499,51.544712],[-0.1415,51.544687],[-0.141504,51.544611],[-0.141506,51.544587],[-0.141507,51.544574],[-0.141509,51.544528],[-0.141514,51.544487],[-0.141528,51.544365],[-0.141536,51.5443],[-0.141538,51.544283],[-0.141546,51.544221],[-0.141561,51.544091],[-0.141561,51.544088],[-0.141568,51.544031],[-0.141572,51.544017],[-0.141583,51.543974],[-0.141598,51.543919],[-0.141605,51.543901],[-0.141616,51.54387],[-0.141618,51.543863],[-0.141631,51.543829],[-0.141636,51.54382],[-0.141668,51.543761],[-0.141671,51.543755],[-0.141675,51.543748],[-0.141686,51.543728],[-0.14169,51.543719],[-0.14175,51.543608],[-0.141752,51.54358],[-0.141753,51.543543],[-0.141755,51.543506],[-0.141756,51.543491],[-0.141758,51.543437],[-0.141761,51.543419],[-0.141764,51.543399],[-0.141769,51.543361],[-0.141772,51.543346],[-0.141774,51.543326],[-0.141776,51.543318],[-0.141779,51.543293],[-0.141787,51.543263],[-0.141795,51.543233],[-0.141805,51.543196],[-0.141812,51.543166],[-0.141821,51.543133],[-0.141833,51.543087],[-0.141835,51.543066],[-0.141844,51.543001],[-0.141847,51.542971],[-0.141849,51.542956],[-0.141856,51.542906],[-0.141875,51.542748],[-0.141836,51.542748],[-0.141783,51.542748],[-0.141775,51.542748],[-0.141749,51.542748],[-0.141612,51.542791],[-0.141558,51.542807],[-0.141563,51.542815],[-0.141586,51.542849],[-0.14159,51.542854],[-0.141432,51.543016],[-0.141414,51.543034],[-0.141411,51.543037],[-0.141391,51.543048],[-0.141374,51.543058],[-0.14135,51.543071],[-0.141278,51.543095],[-0.141263,51.543099],[-0.141253,51.543102],[-0.141244,51.543105],[-0.141229,51.543162],[-0.141225,51.543174],[-0.141194,51.543174],[-0.141185,51.543174],[-0.14116,51.543174],[-0.141114,51.543174],[-0.141103,51.543174],[-0.141102,51.543179],[-0.141096,51.543219],[-0.141093,51.543239],[-0.141086,51.543284],[-0.141077,51.543349],[-0.141023,51.543367],[-0.140999,51.543375],[-0.140995,51.543376],[-0.140919,51.543401],[-0.140897,51.543409],[-0.140861,51.54342],[-0.140804,51.543439],[-0.14079,51.543444],[-0.140744,51.543459],[-0.140704,51.543472],[-0.140633,51.543496],[-0.140629,51.543497],[-0.140621,51.5435],[-0.140592,51.543509],[-0.140581,51.543513],[-0.140532,51.543455],[-0.140516,51.543434],[-0.140513,51.543431],[-0.14051,51.543426],[-0.140506,51.543422],[-0.140491,51.543404],[-0.140474,51.543382],[-0.140439,51.5434],[-0.140419,51.543409],[-0.140414,51.543412],[-0.140407,51.543415],[-0.140285,51.543461],[-0.140281,51.543463],[-0.140266,51.543468],[-0.140181,51.543497],[-0.140004,51.543561],[-0.139968,51.543573],[-0.139961,51.543576],[-0.139838,51.543448],[-0.139826,51.543436],[-0.139794,51.543402],[-0.139786,51.543394],[-0.139767,51.543373],[-0.139728,51.543333],[-0.139707,51.543309],[-0.139695,51.543297],[-0.13965,51.543249],[-0.139616,51.543213],[-0.139608,51.543204],[-0.139581,51.543176],[-0.139471,51.543058],[-0.139458,51.543044],[-0.139405,51.542988],[-0.139361,51.542941],[-0.13934,51.542918],[-0.139302,51.542872],[-0.139262,51.542823],[-0.139202,51.542751],[-0.139211,51.542748],[-0.139245,51.542737],[-0.139242,51.542732],[-0.139233,51.542723],[-0.139492,51.542629],[-0.139425,51.542579],[-0.139347,51.542484],[-0.139371,51.542363],[-0.139412,51.542305],[-0.139416,51.542299],[-0.139464,51.542228],[-0.139486,51.542184],[-0.139545,51.542187],[-0.139574,51.542185],[-0.139661,51.54218],[-0.139698,51.542178],[-0.139742,51.542172],[-0.139757,51.54217],[-0.139782,51.542165],[-0.139793,51.542163],[-0.139812,51.54216],[-0.139908,51.542129],[-0.139958,51.542113],[-0.139985,51.542101],[-0.140134,51.542039],[-0.140159,51.542029],[-0.140258,51.54202],[-0.140292,51.542017],[-0.140303,51.542016],[-0.14035,51.542011],[-0.140352,51.542],[-0.140359,51.541962],[-0.140426,51.541831],[-0.140428,51.541826],[-0.140336,51.541648],[-0.140302,51.541606],[-0.140293,51.541594],[-0.140269,51.541564],[-0.140386,51.541524],[-0.140666,51.541427],[-0.140661,51.541421],[-0.140629,51.541382],[-0.140615,51.541366],[-0.14053,51.541263],[-0.140505,51.541233],[-0.140322,51.541012],[-0.140132,51.540783],[-0.139948,51.540902],[-0.139851,51.540973],[-0.139836,51.541002],[-0.139857,51.541045],[-0.139698,51.541286],[-0.139665,51.541336],[-0.139659,51.541343],[-0.139636,51.541366],[-0.139623,51.541378],[-0.139618,51.541381],[-0.139513,51.541428],[-0.139255,51.541499],[-0.139248,51.541501],[-0.139175,51.541635],[-0.13915,51.541681],[-0.138979,51.54166],[-0.138725,51.541629],[-0.138576,51.541611],[-0.138567,51.54161],[-0.138737,51.541428],[-0.138786,51.541375],[-0.138795,51.541371],[-0.138857,51.5413],[-0.13886,51.541297],[-0.138875,51.541281],[-0.139024,51.541121],[-0.139058,51.541085],[-0.139047,51.541081],[-0.139055,51.541072],[-0.138753,51.540918],[-0.138687,51.540885],[-0.138638,51.540798],[-0.138759,51.540767],[-0.138879,51.540747],[-0.138902,51.54074],[-0.138932,51.540731],[-0.138941,51.540729],[-0.139015,51.540692],[-0.139155,51.540622],[-0.139153,51.540617],[-0.139182,51.540592],[-0.139354,51.540446],[-0.139369,51.540414],[-0.1393,51.540374],[-0.139633,51.540276],[-0.139642,51.540273],[-0.139685,51.540261],[-0.139759,51.540343],[-0.139806,51.540365],[-0.139828,51.540375],[-0.139907,51.540292],[-0.139976,51.540218],[-0.140011,51.540155],[-0.140015,51.540151],[-0.140016,51.540139],[-0.140039,51.540112],[-0.140083,51.539989],[-0.140091,51.539986],[-0.140171,51.539964],[-0.140183,51.539961],[-0.140238,51.539942],[-0.140291,51.539917],[-0.140351,51.539897],[-0.140393,51.539883],[-0.140422,51.539871],[-0.140463,51.539858],[-0.140495,51.539839],[-0.140572,51.539807],[-0.140595,51.539799],[-0.1406,51.539798],[-0.140692,51.53987],[-0.140884,51.539947],[-0.140996,51.539991],[-0.141019,51.540006],[-0.141043,51.540025],[-0.141059,51.540039],[-0.141294,51.540235],[-0.141284,51.540309],[-0.141276,51.54036],[-0.141464,51.540423],[-0.141471,51.540426],[-0.141601,51.540464],[-0.141614,51.540468],[-0.14165,51.540477],[-0.141896,51.540342],[-0.141903,51.540342],[-0.141997,51.540337],[-0.142206,51.540326],[-0.14222,51.540325],[-0.142213,51.540363],[-0.14217,51.540597],[-0.142167,51.540621],[-0.142143,51.540768],[-0.14214,51.540785],[-0.142105,51.541005],[-0.142096,51.541063],[-0.142093,51.541081],[-0.14211,51.541081],[-0.142612,51.541089],[-0.142674,51.541086],[-0.142744,51.541082],[-0.142896,51.541242],[-0.143173,51.541359],[-0.143318,51.54142],[-0.143407,51.541507],[-0.143416,51.541516],[-0.143131,51.541775],[-0.143136,51.541791],[-0.143228,51.54206],[-0.143275,51.542199],[-0.143288,51.542188],[-0.143332,51.542162],[-0.143405,51.542163],[-0.143825,51.54217],[-0.143882,51.542171],[-0.143903,51.542171],[-0.144042,51.542173],[-0.144067,51.542174],[-0.14414,51.542175],[-0.14419,51.542182],[-0.144196,51.542269],[-0.144,51.542408],[-0.143986,51.542418],[-0.14398,51.542422],[-0.143961,51.542436],[-0.143946,51.542446],[-0.143938,51.542452],[-0.143892,51.542468],[-0.143905,51.54257],[-0.143913,51.542591],[-0.144005,51.542832],[-0.144025,51.542883],[-0.144028,51.542901],[-0.144038,51.542901],[-0.144154,51.542885],[-0.144227,51.542868],[-0.144241,51.542888],[-0.144268,51.542923],[-0.144276,51.542939],[-0.144307,51.542994],[-0.144308,51.542998],[-0.144288,51.54313],[-0.144228,51.543192],[-0.144219,51.543254],[-0.14421,51.543255],[-0.143299,51.543326],[-0.143293,51.543326],[-0.143279,51.543313],[-0.143176,51.543099],[-0.143174,51.543095],[-0.143164,51.54309],[-0.143099,51.543061],[-0.143053,51.543041],[-0.14293,51.543013],[-0.142886,51.543003],[-0.142771,51.542983],[-0.142744,51.542978],[-0.142713,51.542975],[-0.142693,51.542982],[-0.142609,51.543012],[-0.142404,51.543085],[-0.142324,51.54315],[-0.142297,51.543313],[-0.142298,51.543327],[-0.142309,51.5434],[-0.142328,51.543435],[-0.14238,51.543464],[-0.142385,51.543467],[-0.142398,51.5435],[-0.142514,51.543795],[-0.142565,51.543828],[-0.142704,51.543834],[-0.142719,51.543875],[-0.142729,51.543902],[-0.142923,51.543912],[-0.143136,51.543923],[-0.143202,51.543926],[-0.143211,51.543896],[-0.143218,51.543871],[-0.143529,51.543884],[-0.143671,51.54389],[-0.143729,51.54429],[-0.14382,51.544296],[-0.143947,51.544303],[-0.14395,51.544309],[-0.14404,51.544491],[-0.144042,51.544555],[-0.144043,51.544571],[-0.144029,51.544628],[-0.144026,51.544643],[-0.144017,51.544664],[-0.144042,51.544664],[-0.144036,51.544709],[-0.144031,51.544764],[-0.144026,51.544823],[-0.144105,51.544925],[-0.14411,51.544922],[-0.144346,51.544814],[-0.144419,51.544724],[-0.144421,51.54472],[-0.144439,51.544679],[-0.144438,51.54467],[-0.144436,51.544636],[-0.144443,51.544607],[-0.144445,51.544604],[-0.144499,51.544533],[-0.144514,51.544525],[-0.144535,51.544514],[-0.144792,51.544675],[-0.14483,51.544691],[-0.144835,51.544726],[-0.144835,51.544731],[-0.144836,51.544734],[-0.144841,51.544726],[-0.144843,51.544722],[-0.144945,51.544601],[-0.145008,51.544527],[-0.145024,51.544508],[-0.145032,51.544499],[-0.145104,51.544413],[-0.145123,51.544391],[-0.145149,51.544359],[-0.14531,51.544168],[-0.145367,51.544101],[-0.145375,51.544103],[-0.145399,51.544195],[-0.145453,51.544392],[-0.14545,51.544453],[-0.145449,51.544469],[-0.145404,51.544521],[-0.145402,51.544525],[-0.145393,51.544546],[-0.14539,51.544551],[-0.145365,51.544558],[-0.145362,51.54456],[-0.145359,51.544562],[-0.145333,51.544581],[-0.145308,51.544593],[-0.1453,51.5446],[-0.145246,51.544644],[-0.145232,51.544655],[-0.145217,51.544679],[-0.145227,51.544769],[-0.14524,51.544877],[-0.14524,51.544882],[-0.145253,51.544892],[-0.145258,51.544895],[-0.145081,51.545011],[-0.145072,51.545016],[-0.144825,51.545002],[-0.14481,51.545005],[-0.144723,51.545018],[-0.144708,51.54502],[-0.144621,51.54505],[-0.144599,51.545058],[-0.144228,51.545248],[-0.144184,51.54527],[-0.144165,51.54528],[-0.144067,51.545277],[-0.143996,51.545275],[-0.143984,51.545274],[-0.14397,51.545274],[-0.143537,51.545257],[-0.143488,51.545255],[-0.143484,51.545255],[-0.143302,51.545247],[-0.143294,51.545247],[-0.143268,51.545246],[-0.143221,51.545244],[-0.143206,51.545243],[-0.143158,51.545241],[-0.143054,51.545237],[-0.143041,51.545237],[-0.14292,51.545232],[-0.14277,51.545226],[-0.142763,51.545226],[-0.142721,51.545224],[-0.142574,51.545218],[-0.142451,51.545213],[-0.142446,51.545213],[-0.142345,51.545209],[-0.142327,51.545208],[-0.142264,51.545206],[-0.142258,51.545205],[-0.142145,51.545201],[-0.142137,51.5452],[-0.142055,51.545197],[-0.142048,51.545197],[-0.141767,51.545186],[-0.14165,51.545181],[-0.14153,51.545176],[-0.141529,51.545173],[-0.141528,51.545165],[-0.141527,51.545151],[-0.141516,51.545057],[-0.141516,51.545048],[-0.141515,51.545045],[-0.141513,51.545027],[-0.14151,51.544996]]]}},{"type":"Feature","properties":{"LSOA21CD":"E01000857","LSOA21NM":"Camden 018A","MEAN_PTAL_":"3","mean_AI":10.9426937907,"borough":"Camden"},"geometry":{"type":"Polygon","coordinates":[[[-0.156526,51.542933],[-0.156495,51.542867],[-0.156451,51.542876],[-0.156446,51.542877],[-0.156207,51.542868],[-0.156166,51.542867],[-0.156159,51.542867],[-0.156084,51.542864],[-0.156049,51.542859],[-0.155979,51.542849],[-0.155921,51.542841],[-0.155863,51.542833],[-0.155792,51.542824],[-0.155795,51.54282],[-0.155801,51.542812],[-0.155944,51.542451],[-0.155966,51.542442],[-0.156168,51.542459],[-0.156327,51.542452],[-0.156549,51.542405],[-0.156604,51.542375],[-0.156622,51.542363],[-0.156639,51.542351],[-0.15665,51.542347],[-0.156692,51.542327],[-0.156748,51.542301],[-0.156755,51.542298],[-0.156864,51.542224],[-0.156909,51.54218],[-0.156954,51.542147],[-0.156975,51.542126],[-0.157027,51.542121],[-0.157087,51.542109],[-0.157272,51.542071],[-0.157413,51.541997],[-0.157417,51.541995],[-0.157426,51.541992],[-0.157504,51.541966],[-0.157532,51.541957],[-0.157671,51.541949],[-0.157674,51.54192],[-0.157678,51.541877],[-0.157653,51.541853],[-0.157644,51.541803],[-0.15764,51.541783],[-0.157668,51.54178],[-0.157674,51.541779],[-0.157779,51.541695],[-0.15788,51.541615],[-0.157854,51.541569],[-0.157857,51.541566],[-0.157864,51.541559],[-0.157873,51.541556],[-0.157961,51.541532],[-0.157984,51.541519],[-0.158027,51.541478],[-0.158044,51.541445],[-0.158045,51.54141],[-0.158052,51.541407],[-0.158084,51.541393],[-0.158143,51.541345],[-0.158176,51.541292],[-0.158185,51.541248],[-0.158206,51.541245],[-0.158275,51.541223],[-0.15828,51.54122],[-0.158336,51.54119],[-0.158376,51.541148],[-0.158405,51.541076],[-0.158401,51.541024],[-0.158395,51.54101],[-0.15827,51.541009],[-0.15821,51.541002],[-0.158138,51.540985],[-0.158057,51.540953],[-0.158034,51.54094],[-0.157991,51.540948],[-0.15792,51.540951],[-0.157856,51.540946],[-0.157835,51.540942],[-0.157784,51.540818],[-0.157896,51.540767],[-0.157912,51.54076],[-0.157899,51.540744],[-0.157869,51.540707],[-0.15789,51.540664],[-0.157908,51.540629],[-0.157903,51.540626],[-0.15782,51.540579],[-0.157527,51.540586],[-0.15753,51.540569],[-0.157548,51.540442],[-0.15755,51.540426],[-0.157514,51.540289],[-0.15765,51.540273],[-0.157701,51.540266],[-0.158279,51.54023],[-0.158674,51.540211],[-0.158821,51.540204],[-0.159131,51.54019],[-0.159448,51.540204],[-0.159592,51.540233],[-0.159596,51.540234],[-0.159806,51.540295],[-0.159817,51.540299],[-0.159822,51.540293],[-0.159852,51.540302],[-0.15996,51.54034],[-0.159988,51.540349],[-0.159999,51.540353],[-0.160015,51.540358],[-0.160164,51.54041],[-0.160172,51.540413],[-0.160199,51.540422],[-0.160214,51.540427],[-0.16033,51.540467],[-0.160338,51.54047],[-0.160374,51.540482],[-0.160468,51.540514],[-0.160483,51.540522],[-0.160569,51.540566],[-0.160583,51.540573],[-0.160612,51.540588],[-0.160645,51.540606],[-0.16065,51.540608],[-0.160718,51.540643],[-0.160726,51.540647],[-0.160775,51.540673],[-0.16079,51.54068],[-0.160818,51.540695],[-0.160823,51.540697],[-0.160827,51.540699],[-0.160883,51.540728],[-0.160907,51.540744],[-0.160916,51.540751],[-0.160936,51.540764],[-0.160952,51.540775],[-0.161008,51.540814],[-0.161011,51.540816],[-0.16107,51.540856],[-0.161074,51.540859],[-0.161161,51.540918],[-0.161178,51.540935],[-0.161185,51.540942],[-0.161257,51.541011],[-0.161267,51.541021],[-0.16131,51.541062],[-0.161356,51.541107],[-0.161359,51.541109],[-0.161364,51.541114],[-0.161395,51.541157],[-0.161417,51.541188],[-0.16142,51.541191],[-0.161453,51.541235],[-0.161455,51.541238],[-0.161496,51.541295],[-0.161501,51.541302],[-0.161587,51.541418],[-0.161597,51.541435],[-0.161641,51.541507],[-0.161713,51.541625],[-0.161981,51.542064],[-0.162059,51.542169],[-0.162064,51.542177],[-0.162168,51.542318],[-0.162184,51.542341],[-0.162189,51.542348],[-0.162162,51.542353],[-0.162116,51.542362],[-0.161987,51.542389],[-0.161976,51.542392],[-0.161896,51.542408],[-0.161767,51.542415],[-0.161743,51.542416],[-0.161542,51.542427],[-0.161543,51.542432],[-0.16155,51.542557],[-0.161552,51.542604],[-0.161136,51.542679],[-0.161122,51.542681],[-0.161066,51.542691],[-0.161056,51.542693],[-0.160984,51.542706],[-0.160972,51.542708],[-0.16091,51.542719],[-0.160892,51.542722],[-0.160857,51.542728],[-0.160831,51.542733],[-0.160794,51.542739],[-0.160751,51.542746],[-0.160683,51.542757],[-0.160668,51.54276],[-0.160611,51.542769],[-0.160593,51.542772],[-0.16055,51.542779],[-0.160498,51.542785],[-0.160433,51.542792],[-0.16039,51.542797],[-0.160362,51.5428],[-0.160234,51.542814],[-0.160206,51.542817],[-0.160081,51.542829],[-0.159926,51.542843],[-0.159912,51.542844],[-0.1598,51.542854],[-0.159796,51.542855],[-0.159643,51.542869],[-0.159569,51.542876],[-0.159502,51.542882],[-0.159497,51.542882],[-0.159404,51.542887],[-0.159188,51.542899],[-0.159089,51.542904],[-0.159077,51.542905],[-0.158951,51.542911],[-0.158943,51.542912],[-0.158749,51.542922],[-0.158653,51.542927],[-0.158638,51.542928],[-0.158616,51.542929],[-0.158501,51.542933],[-0.158494,51.542933],[-0.158372,51.542938],[-0.158357,51.542938],[-0.15822,51.542943],[-0.15808,51.542948],[-0.158068,51.542948],[-0.158036,51.54295],[-0.157913,51.542954],[-0.157876,51.542955],[-0.15787,51.542955],[-0.157856,51.542955],[-0.157847,51.542955],[-0.157717,51.542958],[-0.157707,51.542958],[-0.157662,51.542959],[-0.15765,51.542959],[-0.157643,51.54296],[-0.15756,51.542961],[-0.157479,51.542963],[-0.157452,51.542964],[-0.157394,51.542965],[-0.157291,51.542967],[-0.157197,51.542968],[-0.157174,51.542968],[-0.157128,51.542968],[-0.156831,51.542971],[-0.156816,51.542971],[-0.156816,51.542943],[-0.15676,51.542941],[-0.15663,51.542937],[-0.156553,51.542934],[-0.156526,51.542933]]]}},{"type":"Feature","properties":{"LSOA21CD":"E01000858","LSOA21NM":"Camden 018B","MEAN_PTAL_":"6a","mean_AI":27.107602407,"borough":"Camden"},"geometry":{"type":"Polygon","coordinates":[[[-0.144723,51.545018],[-0.14481,51.545005],[-0.144825,51.545002],[-0.145072,51.545016],[-0.145081,51.545011],[-0.145258,51.544895],[-0.145253,51.544892],[-0.14524,51.544882],[-0.14524,51.544877],[-0.145227,51.544769],[-0.145217,51.544679],[-0.145232,51.544655],[-0.145246,51.544644],[-0.1453,51.5446],[-0.145308,51.544593],[-0.145333,51.544581],[-0.145359,51.544562],[-0.145362,51.54456],[-0.145365,51.544558],[-0.14539,51.544551],[-0.145393,51.544546],[-0.145402,51.544525],[-0.145404,51.544521],[-0.145449,51.544469],[-0.14545,51.544453],[-0.145453,51.544392],[-0.145399,51.544195],[-0.145375,51.544103],[-0.145367,51.544101],[-0.14531,51.544168],[-0.145149,51.544359],[-0.145123,51.544391],[-0.145104,51.544413],[-0.145032,51.544499],[-0.145024,51.544508],[-0.145008,51.544527],[-0.144945,51.544601],[-0.144843,51.544722],[-0.144841,51.544726],[-0.144836,51.544734],[-0.144835,51.544731],[-0.144835,51.544726],[-0.14483,51.544691],[-0.144792,51.544675],[-0.144535,51.544514],[-0.144514,51.544525],[-0.144499,51.544533],[-0.144445,51.544604],[-0.144443,51.544607],[-0.144436,51.544636],[-0.144438,51.54467],[-0.144439,51.544679],[-0.144421,51.54472],[-0.144419,51.544724],[-0.144346,51.544814],[-0.14411,51.544922],[-0.144105,51.544925],[-0.144026,51.544823],[-0.144031,51.544764],[-0.144036,51.544709],[-0.144042,51.544664],[-0.144017,51.544664],[-0.144026,51.544643],[-0.144029,51.544628],[-0.144043,51.544571],[-0.144042,51.544555],[-0.14404,51.544491],[-0.14395,51.544309],[-0.143947,51.544303],[-0.14382,51.544296],[-0.143729,51.54429],[-0.143671,51.54389],[-0.143529,51.543884],[-0.143218,51.543871],[-0.143211,51.543896],[-0.143202,51.543926],[-0.143136,51.543923],[-0.142923,51.543912],[-0.142729,51.543902],[-0.142719,51.543875],[-0.142704,51.543834],[-0.142565,51.543828],[-0.142514,51.543795],[-0.142398,51.5435],[-0.142385,51.543467],[-0.14238,51.543464],[-0.142328,51.543435],[-0.142309,51.5434],[-0.142298,51.543327],[-0.142297,51.543313],[-0.142324,51.54315],[-0.142404,51.543085],[-0.142609,51.543012],[-0.142693,51.542982],[-0.142713,51.542975],[-0.142744,51.542978],[-0.142771,51.542983],[-0.142886,51.543003],[-0.14293,51.543013],[-0.143053,51.543041],[-0.143099,51.543061],[-0.143164,51.54309],[-0.143174,51.543095],[-0.143176,51.543099],[-0.143279,51.543313],[-0.143293,51.543326],[-0.143299,51.543326],[-0.14421,51.543255],[-0.144219,51.543254],[-0.144228,51.543192],[-0.144288,51.54313],[-0.144308,51.542998],[-0.144307,51.542994],[-0.144276,51.542939],[-0.144268,51.542923],[-0.144241,51.542888],[-0.144227,51.542868],[-0.144154,51.542885],[-0.144038,51.542901],[-0.144028,51.542901],[-0.144025,51.542883],[-0.144005,51.542832],[-0.143913,51.542591],[-0.143905,51.54257],[-0.143892,51.542468],[-0.143938,51.542452],[-0.143946,51.542446],[-0.143961,51.542436],[-0.14398,51.542422],[-0.143986,51.542418],[-0.144,51.542408],[-0.144196,51.542269],[-0.14419,51.542182],[-0.14418,51.54204],[-0.144176,51.541986],[-0.144172,51.541941],[-0.144156,51.54172],[-0.144264,51.541713],[-0.144285,51.541712],[-0.144515,51.541665],[-0.145134,51.54136],[-0.145169,51.54138],[-0.145308,51.541465],[-0.145615,51.541666],[-0.145623,51.541672],[-0.145631,51.541677],[-0.145646,51.541697],[-0.145672,51.541731],[-0.14568,51.541746],[-0.145699,51.541777],[-0.145698,51.541804],[-0.145697,51.541811],[-0.145696,51.541849],[-0.145756,51.541827],[-0.145769,51.541823],[-0.145802,51.541803],[-0.145823,51.541791],[-0.145858,51.54177],[-0.145865,51.541764],[-0.145913,51.541725],[-0.145932,51.541708],[-0.146027,51.541664],[-0.146212,51.541578],[-0.146264,51.541557],[-0.146281,51.541573],[-0.146852,51.541364],[-0.146875,51.541356],[-0.146885,51.541352],[-0.147197,51.54149],[-0.147207,51.541495],[-0.147333,51.54145],[-0.147524,51.541383],[-0.147838,51.541272],[-0.147767,51.541146],[-0.147765,51.541143],[-0.147712,51.541048],[-0.147695,51.541019],[-0.148336,51.540844],[-0.148314,51.540757],[-0.148269,51.540573],[-0.148265,51.540555],[-0.148259,51.540531],[-0.148218,51.540461],[-0.148162,51.540365],[-0.148148,51.540342],[-0.14811,51.540277],[-0.148103,51.540266],[-0.148161,51.54021],[-0.148046,51.540176],[-0.147976,51.540156],[-0.147842,51.539965],[-0.147906,51.539959],[-0.147859,51.539875],[-0.147851,51.539863],[-0.148114,51.539801],[-0.148774,51.539643],[-0.149213,51.539539],[-0.149218,51.539537],[-0.149229,51.539535],[-0.149388,51.539678],[-0.149563,51.539835],[-0.14957,51.539841],[-0.149674,51.539917],[-0.149746,51.539858],[-0.149823,51.539834],[-0.150025,51.539769],[-0.150051,51.539761],[-0.15009,51.539814],[-0.15016,51.539887],[-0.150244,51.539942],[-0.150658,51.540124],[-0.150698,51.540141],[-0.150881,51.540222],[-0.15103,51.540282],[-0.151137,51.540325],[-0.151183,51.540344],[-0.151201,51.540352],[-0.151246,51.540371],[-0.151463,51.540465],[-0.151517,51.540488],[-0.151429,51.540632],[-0.151241,51.540693],[-0.151045,51.540766],[-0.151061,51.540773],[-0.151532,51.540981],[-0.151754,51.541078],[-0.152694,51.541493],[-0.152826,51.541551],[-0.15286,51.541566],[-0.152872,51.541565],[-0.152908,51.54158],[-0.152924,51.541588],[-0.153163,51.541694],[-0.153239,51.541727],[-0.153351,51.541777],[-0.153467,51.541837],[-0.153526,51.541868],[-0.153807,51.542013],[-0.153862,51.542041],[-0.153917,51.54207],[-0.15395,51.542087],[-0.154101,51.542152],[-0.154114,51.542157],[-0.154319,51.542245],[-0.154454,51.542302],[-0.154517,51.542329],[-0.154934,51.542714],[-0.155157,51.542736],[-0.155143,51.542767],[-0.155136,51.542781],[-0.155069,51.542915],[-0.154966,51.543119],[-0.154944,51.543162],[-0.154916,51.543219],[-0.154839,51.54327],[-0.154752,51.543328],[-0.154736,51.543338],[-0.15472,51.543349],[-0.154652,51.543371],[-0.154621,51.543379],[-0.154599,51.543384],[-0.154492,51.543411],[-0.154464,51.543418],[-0.154439,51.543422],[-0.154424,51.543425],[-0.154312,51.543443],[-0.154081,51.543481],[-0.154069,51.543483],[-0.154048,51.543486],[-0.15385,51.543524],[-0.153823,51.543529],[-0.15376,51.543541],[-0.153711,51.54355],[-0.153706,51.543551],[-0.153554,51.54358],[-0.153342,51.543621],[-0.15311,51.543665],[-0.15309,51.543669],[-0.153024,51.543681],[-0.15294,51.543708],[-0.152866,51.543732],[-0.152836,51.543746],[-0.15277,51.543777],[-0.15274,51.543794],[-0.152721,51.543804],[-0.152689,51.543832],[-0.152685,51.543836],[-0.15268,51.543841],[-0.152657,51.54386],[-0.152441,51.543788],[-0.152361,51.543761],[-0.152228,51.543717],[-0.152201,51.543708],[-0.152184,51.543702],[-0.152176,51.543699],[-0.152141,51.543688],[-0.151991,51.543638],[-0.151984,51.543635],[-0.151948,51.543623],[-0.151919,51.543614],[-0.151817,51.54358],[-0.151756,51.543559],[-0.15174,51.543554],[-0.151554,51.543497],[-0.151412,51.543453],[-0.151333,51.543429],[-0.151312,51.543423],[-0.151254,51.543405],[-0.151196,51.543387],[-0.151159,51.543378],[-0.151124,51.543369],[-0.151047,51.54335],[-0.151041,51.543349],[-0.150973,51.543332],[-0.150871,51.543307],[-0.150861,51.543305],[-0.150854,51.543303],[-0.150794,51.54329],[-0.150789,51.543288],[-0.150784,51.543287],[-0.150731,51.543275],[-0.1507,51.543269],[-0.150672,51.543262],[-0.150655,51.543259],[-0.150651,51.543258],[-0.150609,51.54325],[-0.150556,51.54324],[-0.150507,51.543231],[-0.15048,51.543226],[-0.150476,51.543225],[-0.150468,51.543223],[-0.150318,51.543193],[-0.150084,51.543146],[-0.150028,51.543135],[-0.150004,51.54313],[-0.149956,51.543121],[-0.149944,51.543118],[-0.14987,51.543103],[-0.149832,51.543096],[-0.14979,51.543087],[-0.149783,51.543086],[-0.149732,51.543076],[-0.149696,51.543068],[-0.149524,51.543034],[-0.149415,51.543012],[-0.14938,51.543005],[-0.149316,51.542992],[-0.149305,51.54299],[-0.149149,51.542958],[-0.149002,51.542929],[-0.148991,51.542927],[-0.14898,51.542924],[-0.148898,51.542908],[-0.148495,51.542827],[-0.148419,51.542811],[-0.148409,51.542809],[-0.148264,51.54278],[-0.148234,51.542774],[-0.148222,51.542771],[-0.147975,51.542716],[-0.147907,51.542695],[-0.147877,51.542686],[-0.147692,51.542627],[-0.147643,51.542612],[-0.147537,51.542578],[-0.147473,51.542558],[-0.147451,51.542551],[-0.147388,51.542529],[-0.147325,51.542506],[-0.147315,51.542502],[-0.147272,51.542536],[-0.147133,51.542644],[-0.147095,51.542673],[-0.147043,51.542714],[-0.146998,51.542748],[-0.146985,51.542759],[-0.146943,51.542791],[-0.146934,51.542799],[-0.146927,51.542804],[-0.146914,51.542814],[-0.146904,51.542821],[-0.146854,51.54286],[-0.14682,51.542887],[-0.146683,51.542993],[-0.146671,51.543002],[-0.146664,51.543008],[-0.146627,51.543037],[-0.146624,51.543039],[-0.146609,51.54305],[-0.146605,51.543054],[-0.146591,51.543064],[-0.146578,51.543075],[-0.146566,51.543084],[-0.146532,51.54311],[-0.146459,51.543165],[-0.146413,51.543199],[-0.146391,51.543216],[-0.146337,51.543256],[-0.146333,51.543258],[-0.146271,51.543305],[-0.146207,51.543352],[-0.146181,51.543371],[-0.146177,51.543374],[-0.146131,51.543408],[-0.146084,51.543443],[-0.146029,51.543484],[-0.146018,51.543493],[-0.146007,51.543501],[-0.145989,51.543514],[-0.145956,51.543539],[-0.145931,51.543557],[-0.145928,51.543559],[-0.145887,51.54359],[-0.145806,51.54365],[-0.145773,51.543675],[-0.145756,51.543687],[-0.145753,51.543689],[-0.145741,51.543698],[-0.145826,51.543826],[-0.145887,51.543919],[-0.145899,51.543936],[-0.145905,51.543952],[-0.145926,51.544002],[-0.145943,51.544043],[-0.145947,51.544054],[-0.145977,51.544125],[-0.146015,51.54424],[-0.146029,51.544284],[-0.146031,51.54429],[-0.146085,51.544454],[-0.146091,51.544473],[-0.146092,51.544476],[-0.146103,51.544508],[-0.146104,51.544511],[-0.146129,51.544588],[-0.146141,51.544624],[-0.146144,51.544633],[-0.146151,51.544655],[-0.146152,51.544659],[-0.146167,51.544704],[-0.14617,51.544711],[-0.146196,51.544793],[-0.146199,51.544802],[-0.146202,51.544809],[-0.146211,51.544837],[-0.146216,51.544852],[-0.146234,51.544908],[-0.146238,51.544919],[-0.146241,51.544928],[-0.146243,51.544935],[-0.146248,51.54495],[-0.146254,51.544968],[-0.14627,51.545018],[-0.146274,51.545028],[-0.14629,51.545077],[-0.146291,51.545082],[-0.146299,51.545106],[-0.146301,51.545112],[-0.146319,51.545165],[-0.146335,51.545215],[-0.146357,51.545296],[-0.146401,51.545456],[-0.146405,51.545468],[-0.146407,51.545478],[-0.14604,51.545412],[-0.146028,51.54541],[-0.145966,51.545399],[-0.145932,51.545393],[-0.145821,51.545373],[-0.145728,51.545361],[-0.145666,51.545352],[-0.145662,51.545352],[-0.145654,51.545351],[-0.145636,51.545348],[-0.14559,51.545342],[-0.145519,51.545333],[-0.145487,51.545329],[-0.14545,51.545324],[-0.145428,51.545321],[-0.145413,51.545321],[-0.145283,51.545316],[-0.145279,51.545316],[-0.145115,51.545311],[-0.145078,51.54531],[-0.145036,51.545308],[-0.144919,51.545305],[-0.144914,51.545304],[-0.144827,51.545302],[-0.144814,51.545301],[-0.144733,51.545299],[-0.144728,51.545299],[-0.144645,51.545296],[-0.14464,51.545296],[-0.144546,51.545293],[-0.144531,51.545292],[-0.144376,51.545287],[-0.144367,51.545287],[-0.144165,51.54528],[-0.144184,51.54527],[-0.144228,51.545248],[-0.144599,51.545058],[-0.144621,51.54505],[-0.144708,51.54502],[-0.144723,51.545018]]]}},{"type":"Feature","properties":{"LSOA21CD":"E01000859","LSOA21NM":"Camden 018C","MEAN_PTAL_":"3","mean_AI":12.4252779834,"borough":"Camden"},"geometry":{"type":"Polygon","coordinates":[[[-0.154934,51.542714],[-0.154517,51.542329],[-0.154454,51.542302],[-0.154319,51.542245],[-0.154114,51.542157],[-0.154101,51.542152],[-0.15395,51.542087],[-0.153917,51.54207],[-0.153862,51.542041],[-0.153807,51.542013],[-0.153526,51.541868],[-0.153467,51.541837],[-0.153351,51.541777],[-0.153239,51.541727],[-0.153163,51.541694],[-0.152924,51.541588],[-0.152908,51.54158],[-0.152872,51.541565],[-0.15286,51.541566],[-0.152826,51.541551],[-0.152694,51.541493],[-0.151754,51.541078],[-0.151532,51.540981],[-0.151061,51.540773],[-0.151045,51.540766],[-0.151241,51.540693],[-0.151429,51.540632],[-0.151517,51.540488],[-0.151463,51.540465],[-0.151611,51.540333],[-0.151642,51.540282],[-0.151695,51.54026],[-0.151704,51.540252],[-0.151789,51.540178],[-0.151797,51.54017],[-0.151998,51.539994],[-0.152071,51.53993],[-0.152091,51.539913],[-0.152234,51.539788],[-0.152271,51.539756],[-0.152338,51.539697],[-0.152395,51.539647],[-0.152474,51.539578],[-0.15248,51.539572],[-0.152501,51.539582],[-0.152666,51.539652],[-0.152675,51.539645],[-0.152694,51.539653],[-0.152747,51.539686],[-0.15279,51.539705],[-0.153016,51.539801],[-0.153227,51.539891],[-0.153263,51.539898],[-0.153274,51.539903],[-0.153318,51.539926],[-0.153339,51.539934],[-0.153378,51.539948],[-0.153382,51.539952],[-0.153398,51.539963],[-0.153401,51.539965],[-0.153406,51.53996],[-0.153596,51.539782],[-0.153645,51.539736],[-0.153656,51.539726],[-0.153721,51.539668],[-0.153761,51.539633],[-0.153826,51.539575],[-0.153842,51.539561],[-0.153868,51.539538],[-0.153895,51.539514],[-0.153901,51.539509],[-0.153913,51.539498],[-0.153971,51.539447],[-0.153992,51.539428],[-0.154007,51.539415],[-0.154015,51.539408],[-0.154045,51.539381],[-0.154034,51.539366],[-0.154031,51.539363],[-0.153988,51.539353],[-0.153931,51.539344],[-0.153903,51.539343],[-0.153855,51.539182],[-0.153835,51.539164],[-0.153783,51.539125],[-0.153778,51.539124],[-0.153718,51.539116],[-0.153706,51.539115],[-0.153693,51.539115],[-0.153677,51.539114],[-0.153665,51.539114],[-0.153657,51.539119],[-0.153648,51.539129],[-0.153571,51.539209],[-0.153527,51.539238],[-0.153521,51.539241],[-0.153453,51.539277],[-0.153444,51.539281],[-0.153439,51.539283],[-0.153406,51.539285],[-0.153388,51.539285],[-0.153311,51.539271],[-0.153298,51.539268],[-0.153288,51.539265],[-0.153283,51.539263],[-0.15323,51.539236],[-0.153212,51.539225],[-0.153206,51.539221],[-0.153184,51.539207],[-0.15316,51.539187],[-0.153154,51.539182],[-0.15311,51.539121],[-0.153113,51.539116],[-0.153123,51.539097],[-0.153132,51.539086],[-0.153164,51.539044],[-0.153167,51.53904],[-0.153198,51.538979],[-0.1532,51.538973],[-0.153206,51.538954],[-0.153207,51.538945],[-0.153211,51.538911],[-0.153257,51.53889],[-0.153264,51.538883],[-0.153365,51.538786],[-0.153558,51.538809],[-0.153635,51.538819],[-0.153725,51.53883],[-0.15374,51.538832],[-0.1538,51.538839],[-0.153937,51.538856],[-0.154052,51.53887],[-0.154145,51.538881],[-0.154151,51.538882],[-0.154192,51.538995],[-0.154254,51.539011],[-0.154318,51.539026],[-0.154289,51.539034],[-0.154276,51.53907],[-0.154289,51.539078],[-0.154299,51.539086],[-0.154307,51.539085],[-0.154316,51.539084],[-0.15438,51.539077],[-0.154507,51.539063],[-0.15454,51.539074],[-0.154549,51.539078],[-0.154571,51.539168],[-0.154655,51.539186],[-0.154782,51.539214],[-0.154895,51.539238],[-0.154885,51.539274],[-0.154876,51.539283],[-0.154819,51.539337],[-0.15478,51.539361],[-0.154777,51.539374],[-0.154765,51.539402],[-0.15471,51.539465],[-0.154666,51.539498],[-0.154656,51.539506],[-0.154648,51.539509],[-0.154617,51.539521],[-0.154611,51.539523],[-0.154601,51.539531],[-0.154564,51.539607],[-0.154539,51.539625],[-0.154502,51.539643],[-0.154457,51.539703],[-0.154447,51.539717],[-0.154408,51.539748],[-0.154267,51.539803],[-0.154172,51.539828],[-0.15415,51.53983],[-0.154118,51.539857],[-0.15412,51.539863],[-0.154125,51.539881],[-0.154126,51.539885],[-0.154128,51.539918],[-0.15413,51.539953],[-0.154131,51.539971],[-0.154185,51.540045],[-0.154234,51.540078],[-0.154246,51.540105],[-0.154484,51.540187],[-0.154488,51.540185],[-0.154531,51.540168],[-0.154438,51.540255],[-0.154399,51.540291],[-0.154349,51.540337],[-0.154344,51.540341],[-0.154327,51.540356],[-0.154485,51.540427],[-0.15467,51.54051],[-0.154761,51.540551],[-0.154788,51.540563],[-0.154839,51.540586],[-0.154932,51.540627],[-0.154923,51.540635],[-0.154963,51.540647],[-0.154972,51.540651],[-0.155058,51.540689],[-0.155066,51.540698],[-0.155142,51.540732],[-0.155197,51.540756],[-0.155243,51.540776],[-0.155221,51.540796],[-0.155206,51.54081],[-0.154779,51.5412],[-0.154778,51.541218],[-0.154935,51.541286],[-0.155135,51.541372],[-0.155231,51.541414],[-0.155246,51.541415],[-0.155445,51.54124],[-0.155464,51.541223],[-0.155541,51.541156],[-0.155645,51.541065],[-0.155693,51.54108],[-0.155747,51.541071],[-0.155812,51.54106],[-0.155832,51.541057],[-0.155959,51.541017],[-0.156005,51.540999],[-0.156011,51.540996],[-0.156088,51.540924],[-0.156116,51.540858],[-0.156105,51.540844],[-0.156092,51.540816],[-0.156094,51.540771],[-0.156102,51.540756],[-0.156105,51.540753],[-0.156117,51.540741],[-0.156123,51.54073],[-0.156135,51.540709],[-0.156147,51.540697],[-0.156171,51.54065],[-0.156171,51.540644],[-0.156171,51.540638],[-0.156173,51.540589],[-0.156174,51.540584],[-0.156169,51.540566],[-0.156161,51.540539],[-0.156148,51.540502],[-0.156148,51.540493],[-0.156108,51.54043],[-0.1561,51.540425],[-0.156066,51.540402],[-0.156018,51.540371],[-0.155981,51.540347],[-0.155954,51.54032],[-0.155947,51.540305],[-0.15594,51.540292],[-0.155927,51.540256],[-0.155944,51.540202],[-0.155947,51.540194],[-0.155957,51.540166],[-0.155962,51.540162],[-0.155962,51.540156],[-0.155975,51.54014],[-0.155993,51.540131],[-0.155999,51.54013],[-0.156002,51.540127],[-0.156063,51.540096],[-0.156084,51.54009],[-0.156122,51.540079],[-0.156343,51.540018],[-0.156582,51.539952],[-0.156777,51.539898],[-0.156842,51.539999],[-0.156876,51.540051],[-0.156888,51.540091],[-0.156912,51.540098],[-0.156971,51.540125],[-0.157034,51.540174],[-0.157061,51.540233],[-0.157051,51.540329],[-0.157051,51.540331],[-0.157081,51.540338],[-0.157099,51.540336],[-0.157127,51.540332],[-0.157434,51.540297],[-0.157488,51.540291],[-0.157514,51.540289],[-0.15755,51.540426],[-0.157548,51.540442],[-0.15753,51.540569],[-0.157527,51.540586],[-0.15782,51.540579],[-0.157903,51.540626],[-0.157908,51.540629],[-0.15789,51.540664],[-0.157869,51.540707],[-0.157899,51.540744],[-0.157912,51.54076],[-0.157896,51.540767],[-0.157784,51.540818],[-0.157835,51.540942],[-0.157856,51.540946],[-0.15792,51.540951],[-0.157991,51.540948],[-0.158034,51.54094],[-0.158057,51.540953],[-0.158138,51.540985],[-0.15821,51.541002],[-0.15827,51.541009],[-0.158395,51.54101],[-0.158401,51.541024],[-0.158405,51.541076],[-0.158376,51.541148],[-0.158336,51.54119],[-0.15828,51.54122],[-0.158275,51.541223],[-0.158206,51.541245],[-0.158185,51.541248],[-0.158176,51.541292],[-0.158143,51.541345],[-0.158084,51.541393],[-0.158052,51.541407],[-0.158045,51.54141],[-0.158044,51.541445],[-0.158027,51.541478],[-0.157984,51.541519],[-0.157961,51.541532],[-0.157873,51.541556],[-0.157864,51.541559],[-0.157857,51.541566],[-0.157854,51.541569],[-0.15788,51.541615],[-0.157779,51.541695],[-0.157674,51.541779],[-0.157668,51.54178],[-0.15764,51.541783],[-0.157644,51.541803],[-0.157653,51.541853],[-0.157678,51.541877],[-0.157674,51.54192],[-0.157671,51.541949],[-0.157532,51.541957],[-0.157504,51.541966],[-0.157426,51.541992],[-0.157417,51.541995],[-0.157413,51.541997],[-0.157272,51.542071],[-0.157087,51.542109],[-0.157027,51.542121],[-0.156975,51.542126],[-0.156954,51.542147],[-0.156909,51.54218],[-0.156864,51.542224],[-0.156755,51.542298],[-0.156748,51.542301],[-0.156692,51.542327],[-0.15665,51.542347],[-0.156639,51.542351],[-0.156622,51.542363],[-0.156604,51.542375],[-0.156549,51.542405],[-0.156327,51.542452],[-0.156168,51.542459],[-0.155966,51.542442],[-0.155944,51.542451],[-0.155801,51.542812],[-0.155795,51.54282],[-0.155792,51.542824],[-0.155405,51.54277],[-0.155244,51.542748],[-0.155157,51.542736],[-0.154934,51.542714]]]}},{"type":"Feature","properties":{"LSOA21CD":"E01000861","LSOA21NM":"Camden 019B","MEAN_PTAL_":"6a","mean_AI":38.0751340146,"borough":"Camden"},"geometry":{"type":"Polygon","coordinates":[[[-0.13876,51.542229],[-0.138704,51.54217],[-0.1387,51.542166],[-0.138656,51.542119],[-0.138629,51.54209],[-0.138562,51.542019],[-0.138471,51.541923],[-0.138455,51.541906],[-0.138427,51.541877],[-0.138421,51.54187],[-0.138378,51.541824],[-0.138363,51.541809],[-0.138352,51.541797],[-0.13835,51.541795],[-0.138155,51.541587],[-0.138094,51.541522],[-0.138057,51.541483],[-0.138024,51.541448],[-0.137981,51.541401],[-0.137949,51.541368],[-0.137926,51.541343],[-0.137919,51.541336],[-0.137906,51.541322],[-0.137899,51.541314],[-0.137879,51.541293],[-0.137872,51.541285],[-0.137841,51.541253],[-0.137838,51.541249],[-0.137759,51.541146],[-0.13774,51.541122],[-0.137712,51.541086],[-0.13765,51.541005],[-0.137644,51.540997],[-0.137616,51.540961],[-0.1376,51.540941],[-0.137563,51.540892],[-0.137551,51.540877],[-0.137504,51.540817],[-0.137489,51.540797],[-0.137486,51.540793],[-0.137478,51.540783],[-0.13746,51.54076],[-0.137404,51.540689],[-0.137292,51.540545],[-0.137274,51.540522],[-0.137256,51.540499],[-0.137198,51.540425],[-0.137186,51.54041],[-0.137173,51.540393],[-0.137094,51.540292],[-0.137074,51.540266],[-0.137038,51.54022],[-0.136957,51.540117],[-0.136948,51.540106],[-0.13694,51.540095],[-0.136811,51.53993],[-0.136795,51.53991],[-0.13679,51.539903],[-0.136788,51.5399],[-0.136782,51.539893],[-0.136767,51.539875],[-0.136661,51.53974],[-0.136626,51.539696],[-0.136467,51.539494],[-0.136184,51.539137],[-0.136214,51.539124],[-0.136316,51.539081],[-0.13632,51.53908],[-0.136335,51.539073],[-0.136379,51.539055],[-0.136459,51.539021],[-0.136521,51.538995],[-0.136567,51.538976],[-0.136625,51.538951],[-0.136662,51.538935],[-0.13673,51.538907],[-0.136774,51.538889],[-0.136824,51.538867],[-0.136834,51.538863],[-0.136881,51.538844],[-0.137303,51.538658],[-0.137776,51.538467],[-0.138011,51.538368],[-0.138037,51.538356],[-0.138109,51.538327],[-0.138163,51.538304],[-0.138256,51.538266],[-0.138301,51.538247],[-0.138388,51.538211],[-0.138396,51.538208],[-0.138474,51.538175],[-0.138493,51.538167],[-0.138522,51.538155],[-0.138525,51.538154],[-0.138604,51.538121],[-0.138657,51.538099],[-0.139045,51.537938],[-0.139107,51.537912],[-0.13934,51.537815],[-0.139374,51.537801],[-0.139483,51.537755],[-0.139507,51.537746],[-0.139515,51.537742],[-0.139596,51.537709],[-0.139605,51.537705],[-0.139648,51.537687],[-0.139673,51.537676],[-0.139712,51.53766],[-0.139731,51.537652],[-0.139802,51.537623],[-0.139818,51.537616],[-0.139822,51.537615],[-0.139838,51.537608],[-0.139919,51.537574],[-0.139931,51.53757],[-0.139961,51.537557],[-0.139977,51.537551],[-0.140006,51.537542],[-0.140152,51.537493],[-0.140179,51.537484],[-0.140199,51.537477],[-0.140213,51.537473],[-0.140233,51.537466],[-0.140254,51.537457],[-0.14028,51.537447],[-0.140292,51.537442],[-0.140375,51.537408],[-0.140379,51.537406],[-0.140396,51.537399],[-0.140482,51.537364],[-0.140487,51.537362],[-0.140514,51.537351],[-0.140536,51.537342],[-0.140571,51.537328],[-0.140574,51.537326],[-0.140581,51.537324],[-0.140735,51.537261],[-0.140777,51.537244],[-0.140837,51.537219],[-0.140974,51.537163],[-0.140989,51.537157],[-0.141051,51.537132],[-0.141158,51.537227],[-0.141162,51.537225],[-0.141296,51.537357],[-0.141376,51.537437],[-0.141389,51.537449],[-0.141487,51.537546],[-0.141546,51.537615],[-0.141555,51.537625],[-0.141568,51.537656],[-0.141583,51.537657],[-0.141707,51.537802],[-0.141712,51.537807],[-0.141917,51.538073],[-0.141947,51.538111],[-0.141968,51.538139],[-0.141837,51.538178],[-0.141556,51.538262],[-0.141629,51.538481],[-0.141653,51.538554],[-0.141469,51.538693],[-0.141482,51.538704],[-0.14154,51.538757],[-0.141641,51.538847],[-0.14172,51.538917],[-0.141799,51.538995],[-0.141807,51.539003],[-0.14183,51.539027],[-0.141838,51.539175],[-0.141857,51.539257],[-0.141889,51.539398],[-0.141902,51.539404],[-0.142046,51.539377],[-0.142064,51.539401],[-0.142073,51.539413],[-0.142077,51.539419],[-0.142087,51.539433],[-0.142137,51.539499],[-0.142189,51.539568],[-0.142081,51.539621],[-0.142077,51.53964],[-0.142067,51.539686],[-0.142057,51.539702],[-0.142021,51.539755],[-0.141988,51.53977],[-0.141969,51.539779],[-0.141953,51.539786],[-0.141961,51.53984],[-0.141963,51.539855],[-0.141968,51.539886],[-0.141941,51.539891],[-0.141665,51.539941],[-0.141405,51.539987],[-0.141418,51.5399],[-0.141432,51.539884],[-0.141508,51.539785],[-0.141516,51.539774],[-0.141695,51.539665],[-0.141716,51.539652],[-0.141729,51.539644],[-0.141748,51.539633],[-0.141756,51.539621],[-0.14176,51.539617],[-0.141734,51.539628],[-0.141765,51.539574],[-0.141766,51.539537],[-0.141761,51.539517],[-0.141754,51.539493],[-0.141667,51.539393],[-0.141649,51.539401],[-0.141469,51.539487],[-0.141401,51.539498],[-0.141355,51.5395],[-0.141314,51.539498],[-0.141269,51.539524],[-0.141251,51.539531],[-0.141199,51.53955],[-0.141173,51.539563],[-0.141163,51.539567],[-0.141147,51.539569],[-0.1411,51.53958],[-0.141088,51.539582],[-0.140995,51.539617],[-0.140992,51.539618],[-0.140977,51.539624],[-0.140949,51.539635],[-0.140911,51.539655],[-0.140868,51.539678],[-0.140834,51.539704],[-0.140811,51.539714],[-0.140803,51.539716],[-0.140742,51.539735],[-0.140709,51.53975],[-0.140639,51.539781],[-0.1406,51.539798],[-0.140595,51.539799],[-0.140572,51.539807],[-0.140495,51.539839],[-0.140463,51.539858],[-0.140422,51.539871],[-0.140393,51.539883],[-0.140351,51.539897],[-0.140291,51.539917],[-0.140238,51.539942],[-0.140183,51.539961],[-0.140171,51.539964],[-0.140091,51.539986],[-0.140083,51.539989],[-0.140039,51.540112],[-0.140016,51.540139],[-0.140015,51.540151],[-0.140011,51.540155],[-0.139976,51.540218],[-0.139907,51.540292],[-0.139828,51.540375],[-0.139806,51.540365],[-0.139759,51.540343],[-0.139685,51.540261],[-0.139642,51.540273],[-0.139633,51.540276],[-0.1393,51.540374],[-0.139369,51.540414],[-0.139354,51.540446],[-0.139182,51.540592],[-0.139153,51.540617],[-0.139155,51.540622],[-0.139015,51.540692],[-0.138941,51.540729],[-0.138932,51.540731],[-0.138902,51.54074],[-0.138879,51.540747],[-0.138759,51.540767],[-0.138638,51.540798],[-0.138687,51.540885],[-0.138753,51.540918],[-0.139055,51.541072],[-0.139047,51.541081],[-0.139058,51.541085],[-0.139024,51.541121],[-0.138875,51.541281],[-0.13886,51.541297],[-0.138857,51.5413],[-0.138795,51.541371],[-0.138786,51.541375],[-0.138737,51.541428],[-0.138567,51.54161],[-0.138576,51.541611],[-0.138725,51.541629],[-0.138979,51.54166],[-0.13915,51.541681],[-0.139175,51.541635],[-0.139248,51.541501],[-0.139255,51.541499],[-0.139513,51.541428],[-0.139618,51.541381],[-0.139623,51.541378],[-0.139636,51.541366],[-0.139659,51.541343],[-0.139665,51.541336],[-0.139698,51.541286],[-0.139857,51.541045],[-0.139836,51.541002],[-0.139851,51.540973],[-0.139948,51.540902],[-0.140132,51.540783],[-0.140322,51.541012],[-0.140505,51.541233],[-0.14053,51.541263],[-0.140615,51.541366],[-0.140629,51.541382],[-0.140661,51.541421],[-0.140666,51.541427],[-0.140386,51.541524],[-0.140269,51.541564],[-0.140293,51.541594],[-0.140302,51.541606],[-0.140336,51.541648],[-0.140428,51.541826],[-0.140426,51.541831],[-0.140359,51.541962],[-0.140352,51.542],[-0.14035,51.542011],[-0.140303,51.542016],[-0.140292,51.542017],[-0.140258,51.54202],[-0.140159,51.542029],[-0.140134,51.542039],[-0.139985,51.542101],[-0.139958,51.542113],[-0.139908,51.542129],[-0.139812,51.54216],[-0.139793,51.542163],[-0.139782,51.542165],[-0.139757,51.54217],[-0.139742,51.542172],[-0.139698,51.542178],[-0.139661,51.54218],[-0.139574,51.542185],[-0.139545,51.542187],[-0.139486,51.542184],[-0.139464,51.542228],[-0.139416,51.542299],[-0.139412,51.542305],[-0.139371,51.542363],[-0.139347,51.542484],[-0.139425,51.542579],[-0.139492,51.542629],[-0.139233,51.542723],[-0.139242,51.542732],[-0.139245,51.542737],[-0.139211,51.542748],[-0.139202,51.542751],[-0.139169,51.542709],[-0.139081,51.542603],[-0.139074,51.542595],[-0.139062,51.54258],[-0.139051,51.542566],[-0.138998,51.542502],[-0.138968,51.542465],[-0.138951,51.542445],[-0.13892,51.542406],[-0.138913,51.542399],[-0.138872,51.542348],[-0.138855,51.54233],[-0.138842,51.542317],[-0.13876,51.542229]]]}},{"type":"Feature","properties":{"LSOA21CD":"E01000862","LSOA21NM":"Camden 018E","MEAN_PTAL_":"5","mean_AI":23.0576487463,"borough":"Camden"},"geometry":{"type":"Polygon","coordinates":[[[-0.146136,51.541438],[-0.145716,51.541044],[-0.14586,51.540992],[-0.146256,51.54085],[-0.146192,51.540766],[-0.145903,51.540782],[-0.14587,51.540788],[-0.145699,51.540748],[-0.145688,51.540746],[-0.14517,51.540624],[-0.14513,51.54061],[-0.144998,51.540479],[-0.144878,51.540361],[-0.144711,51.540191],[-0.144717,51.540186],[-0.144969,51.540002],[-0.145045,51.540017],[-0.14535,51.540094],[-0.145369,51.540099],[-0.145384,51.540089],[-0.145807,51.539809],[-0.145889,51.539754],[-0.145939,51.539721],[-0.145917,51.539708],[-0.145886,51.539692],[-0.145828,51.53966],[-0.145714,51.539587],[-0.145696,51.539571],[-0.145635,51.539521],[-0.145615,51.539506],[-0.145588,51.539484],[-0.145589,51.539478],[-0.145615,51.539387],[-0.14564,51.539331],[-0.145641,51.539328],[-0.145664,51.539246],[-0.145663,51.539226],[-0.145635,51.539151],[-0.145502,51.539006],[-0.145491,51.539006],[-0.145489,51.539003],[-0.145752,51.538905],[-0.145771,51.538898],[-0.145769,51.53889],[-0.145783,51.538885],[-0.145754,51.538844],[-0.145743,51.538828],[-0.14571,51.538781],[-0.145693,51.538756],[-0.145657,51.538684],[-0.145644,51.538658],[-0.145639,51.538646],[-0.145626,51.53861],[-0.145626,51.538605],[-0.14563,51.538509],[-0.145632,51.538466],[-0.145639,51.53844],[-0.145642,51.538433],[-0.145644,51.538428],[-0.145652,51.538396],[-0.145654,51.538392],[-0.145658,51.538384],[-0.145668,51.538354],[-0.145668,51.538351],[-0.145672,51.538332],[-0.145711,51.538279],[-0.145713,51.538276],[-0.145757,51.538207],[-0.145791,51.538172],[-0.14583,51.53813],[-0.145836,51.538121],[-0.145844,51.538109],[-0.145873,51.538081],[-0.145883,51.538073],[-0.145892,51.538064],[-0.145923,51.53803],[-0.146027,51.537945],[-0.146117,51.537871],[-0.146212,51.537808],[-0.146223,51.537798],[-0.146239,51.53779],[-0.146369,51.537705],[-0.146429,51.537661],[-0.146446,51.537643],[-0.146481,51.537607],[-0.146534,51.537554],[-0.146516,51.537505],[-0.146495,51.537445],[-0.146486,51.537405],[-0.146489,51.537383],[-0.146495,51.537345],[-0.14652,51.537341],[-0.146529,51.537329],[-0.14653,51.537326],[-0.146544,51.537294],[-0.146533,51.537231],[-0.146542,51.537191],[-0.14655,51.537159],[-0.146552,51.537096],[-0.146568,51.537069],[-0.146569,51.537051],[-0.146558,51.537033],[-0.146545,51.537009],[-0.146549,51.536986],[-0.146537,51.536974],[-0.146525,51.536977],[-0.146467,51.536938],[-0.146458,51.536933],[-0.146373,51.536886],[-0.14631,51.536863],[-0.146246,51.536839],[-0.146306,51.536777],[-0.146223,51.53675],[-0.146234,51.53674],[-0.146263,51.536712],[-0.14638,51.536598],[-0.146386,51.536592],[-0.146395,51.536583],[-0.146485,51.536485],[-0.146528,51.536438],[-0.146581,51.53638],[-0.146627,51.53633],[-0.146633,51.536324],[-0.146637,51.536319],[-0.14664,51.536316],[-0.146661,51.536293],[-0.146665,51.536288],[-0.146669,51.536284],[-0.146717,51.536232],[-0.146736,51.536212],[-0.146797,51.536146],[-0.146829,51.53616],[-0.14684,51.536165],[-0.146876,51.536181],[-0.147003,51.536236],[-0.147067,51.536264],[-0.147076,51.536268],[-0.147151,51.5363],[-0.147281,51.536357],[-0.147346,51.536386],[-0.147469,51.536442],[-0.147473,51.536445],[-0.14775,51.536573],[-0.147882,51.536634],[-0.147915,51.536648],[-0.147925,51.536653],[-0.147953,51.536664],[-0.147957,51.536666],[-0.148044,51.536703],[-0.148139,51.536744],[-0.148602,51.536926],[-0.148626,51.536936],[-0.148876,51.537027],[-0.149045,51.537069],[-0.149053,51.537072],[-0.149148,51.537095],[-0.149186,51.537105],[-0.149333,51.537152],[-0.149442,51.537187],[-0.149468,51.537194],[-0.149577,51.537226],[-0.14968,51.537256],[-0.149731,51.537271],[-0.149963,51.537334],[-0.150022,51.537347],[-0.150099,51.537364],[-0.150139,51.53737],[-0.15028,51.537393],[-0.150519,51.53742],[-0.150526,51.537421],[-0.150536,51.537422],[-0.150626,51.537433],[-0.150738,51.537448],[-0.150797,51.537455],[-0.150907,51.53747],[-0.15095,51.537476],[-0.151005,51.537483],[-0.151258,51.537517],[-0.151295,51.537519],[-0.15156,51.537539],[-0.151832,51.537549],[-0.151985,51.537549],[-0.152164,51.537544],[-0.152163,51.537589],[-0.152259,51.537828],[-0.152265,51.537899],[-0.152266,51.537915],[-0.152214,51.537945],[-0.151854,51.538146],[-0.151852,51.538152],[-0.151764,51.538384],[-0.151749,51.538423],[-0.15169,51.53858],[-0.15184,51.538568],[-0.15186,51.538564],[-0.152067,51.538519],[-0.152091,51.538507],[-0.152139,51.538482],[-0.152173,51.538455],[-0.152525,51.538184],[-0.152537,51.538185],[-0.152651,51.53819],[-0.152636,51.53828],[-0.152622,51.53836],[-0.152646,51.538369],[-0.152604,51.538436],[-0.152563,51.538502],[-0.152557,51.538513],[-0.152546,51.53853],[-0.152509,51.53859],[-0.152493,51.538615],[-0.152474,51.538646],[-0.152175,51.539015],[-0.152188,51.53902],[-0.15218,51.539032],[-0.152163,51.539051],[-0.152125,51.539092],[-0.152078,51.539142],[-0.15203,51.539194],[-0.152027,51.539198],[-0.151934,51.539298],[-0.151915,51.539322],[-0.151924,51.539326],[-0.152194,51.539449],[-0.152281,51.539488],[-0.152342,51.539514],[-0.152412,51.539544],[-0.152426,51.53955],[-0.152448,51.539559],[-0.15248,51.539572],[-0.152474,51.539578],[-0.152395,51.539647],[-0.152338,51.539697],[-0.152271,51.539756],[-0.152234,51.539788],[-0.152091,51.539913],[-0.152071,51.53993],[-0.151998,51.539994],[-0.151797,51.54017],[-0.151789,51.540178],[-0.151704,51.540252],[-0.151695,51.54026],[-0.151642,51.540282],[-0.151611,51.540333],[-0.151463,51.540465],[-0.151246,51.540371],[-0.151201,51.540352],[-0.151183,51.540344],[-0.151137,51.540325],[-0.15103,51.540282],[-0.150881,51.540222],[-0.150698,51.540141],[-0.150658,51.540124],[-0.150244,51.539942],[-0.15016,51.539887],[-0.15009,51.539814],[-0.150051,51.539761],[-0.150025,51.539769],[-0.149823,51.539834],[-0.149746,51.539858],[-0.149674,51.539917],[-0.14957,51.539841],[-0.149563,51.539835],[-0.149388,51.539678],[-0.149229,51.539535],[-0.149218,51.539537],[-0.149213,51.539539],[-0.148774,51.539643],[-0.148114,51.539801],[-0.147851,51.539863],[-0.147859,51.539875],[-0.147906,51.539959],[-0.147842,51.539965],[-0.147976,51.540156],[-0.148046,51.540176],[-0.148161,51.54021],[-0.148103,51.540266],[-0.14811,51.540277],[-0.148148,51.540342],[-0.148162,51.540365],[-0.148218,51.540461],[-0.148259,51.540531],[-0.148265,51.540555],[-0.148269,51.540573],[-0.148314,51.540757],[-0.148336,51.540844],[-0.147695,51.541019],[-0.147712,51.541048],[-0.147765,51.541143],[-0.147767,51.541146],[-0.147838,51.541272],[-0.147524,51.541383],[-0.147333,51.54145],[-0.147207,51.541495],[-0.147197,51.54149],[-0.146885,51.541352],[-0.146875,51.541356],[-0.146852,51.541364],[-0.146281,51.541573],[-0.146264,51.541557],[-0.146136,51.541438]]]}},{"type":"Feature","properties":{"LSOA21CD":"E01000863","LSOA21NM":"Camden 021A","MEAN_PTAL_":"6a","mean_AI":38.9095125293,"borough":"Camden"},"geometry":{"type":"Polygon","coordinates":[[[-0.143275,51.542199],[-0.143228,51.54206],[-0.143136,51.541791],[-0.143131,51.541775],[-0.143416,51.541516],[-0.143407,51.541507],[-0.143318,51.54142],[-0.143173,51.541359],[-0.142896,51.541242],[-0.142744,51.541082],[-0.142674,51.541086],[-0.142612,51.541089],[-0.14211,51.541081],[-0.142093,51.541081],[-0.142096,51.541063],[-0.142105,51.541005],[-0.14214,51.540785],[-0.142143,51.540768],[-0.142167,51.540621],[-0.14217,51.540597],[-0.142213,51.540363],[-0.14222,51.540325],[-0.142206,51.540326],[-0.141997,51.540337],[-0.141903,51.540342],[-0.141896,51.540342],[-0.14165,51.540477],[-0.141614,51.540468],[-0.141601,51.540464],[-0.141471,51.540426],[-0.141464,51.540423],[-0.141276,51.54036],[-0.141284,51.540309],[-0.141294,51.540235],[-0.141059,51.540039],[-0.141043,51.540025],[-0.141019,51.540006],[-0.140996,51.539991],[-0.140884,51.539947],[-0.140692,51.53987],[-0.1406,51.539798],[-0.140639,51.539781],[-0.140709,51.53975],[-0.140742,51.539735],[-0.140803,51.539716],[-0.140811,51.539714],[-0.140834,51.539704],[-0.140868,51.539678],[-0.140911,51.539655],[-0.140949,51.539635],[-0.140977,51.539624],[-0.140992,51.539618],[-0.140995,51.539617],[-0.141088,51.539582],[-0.1411,51.53958],[-0.141147,51.539569],[-0.141163,51.539567],[-0.141173,51.539563],[-0.141199,51.53955],[-0.141251,51.539531],[-0.141269,51.539524],[-0.141314,51.539498],[-0.141355,51.5395],[-0.141401,51.539498],[-0.141469,51.539487],[-0.141649,51.539401],[-0.141667,51.539393],[-0.141754,51.539493],[-0.141761,51.539517],[-0.141766,51.539537],[-0.141765,51.539574],[-0.141734,51.539628],[-0.14176,51.539617],[-0.141756,51.539621],[-0.141748,51.539633],[-0.141729,51.539644],[-0.141716,51.539652],[-0.141695,51.539665],[-0.141516,51.539774],[-0.141508,51.539785],[-0.141432,51.539884],[-0.141418,51.5399],[-0.141405,51.539987],[-0.141665,51.539941],[-0.141941,51.539891],[-0.141968,51.539886],[-0.141963,51.539855],[-0.141961,51.53984],[-0.141953,51.539786],[-0.141969,51.539779],[-0.141988,51.53977],[-0.142021,51.539755],[-0.142057,51.539702],[-0.142067,51.539686],[-0.142077,51.53964],[-0.142081,51.539621],[-0.142189,51.539568],[-0.142137,51.539499],[-0.142087,51.539433],[-0.142077,51.539419],[-0.142073,51.539413],[-0.142064,51.539401],[-0.142046,51.539377],[-0.141902,51.539404],[-0.141889,51.539398],[-0.141857,51.539257],[-0.141838,51.539175],[-0.14183,51.539027],[-0.141807,51.539003],[-0.141799,51.538995],[-0.14172,51.538917],[-0.141641,51.538847],[-0.14154,51.538757],[-0.141482,51.538704],[-0.141469,51.538693],[-0.141653,51.538554],[-0.141629,51.538481],[-0.141556,51.538262],[-0.141837,51.538178],[-0.141968,51.538139],[-0.141947,51.538111],[-0.141917,51.538073],[-0.141712,51.537807],[-0.141707,51.537802],[-0.141583,51.537657],[-0.141568,51.537656],[-0.141555,51.537625],[-0.141546,51.537615],[-0.141487,51.537546],[-0.141389,51.537449],[-0.141376,51.537437],[-0.141296,51.537357],[-0.141162,51.537225],[-0.141175,51.537221],[-0.141353,51.537158],[-0.141538,51.537093],[-0.141547,51.53709],[-0.141845,51.536985],[-0.141854,51.536982],[-0.141877,51.536974],[-0.141909,51.536962],[-0.142168,51.536871],[-0.142278,51.536832],[-0.142361,51.536803],[-0.142378,51.536797],[-0.142409,51.536786],[-0.1425,51.536754],[-0.142594,51.536724],[-0.142605,51.53672],[-0.142719,51.536684],[-0.14284,51.536646],[-0.142858,51.53664],[-0.142872,51.536636],[-0.142942,51.536613],[-0.14305,51.536579],[-0.143075,51.536571],[-0.143106,51.536561],[-0.143117,51.536558],[-0.143213,51.536527],[-0.143218,51.536525],[-0.143256,51.536513],[-0.143292,51.536502],[-0.14335,51.536484],[-0.143377,51.536475],[-0.143493,51.536459],[-0.143519,51.536455],[-0.143528,51.536454],[-0.143569,51.536448],[-0.143681,51.536433],[-0.143756,51.536426],[-0.144265,51.536404],[-0.144336,51.536401],[-0.144341,51.536401],[-0.144435,51.536397],[-0.144446,51.536396],[-0.144587,51.53639],[-0.14469,51.536386],[-0.144781,51.536382],[-0.14479,51.536382],[-0.144865,51.536389],[-0.144925,51.536394],[-0.14499,51.5364],[-0.145016,51.536402],[-0.145081,51.536408],[-0.145099,51.53641],[-0.145162,51.536415],[-0.145195,51.536418],[-0.145276,51.536425],[-0.145319,51.536428],[-0.14536,51.536432],[-0.145421,51.536437],[-0.145443,51.536439],[-0.145454,51.536441],[-0.14551,51.53645],[-0.145617,51.536469],[-0.145688,51.536481],[-0.145791,51.536541],[-0.145985,51.536654],[-0.146036,51.536684],[-0.146047,51.53669],[-0.146192,51.536775],[-0.146223,51.53675],[-0.146306,51.536777],[-0.146246,51.536839],[-0.14631,51.536863],[-0.146373,51.536886],[-0.146458,51.536933],[-0.146467,51.536938],[-0.146525,51.536977],[-0.146537,51.536974],[-0.146549,51.536986],[-0.146545,51.537009],[-0.146558,51.537033],[-0.146569,51.537051],[-0.146568,51.537069],[-0.146552,51.537096],[-0.14655,51.537159],[-0.146542,51.537191],[-0.146533,51.537231],[-0.146544,51.537294],[-0.14653,51.537326],[-0.146529,51.537329],[-0.14652,51.537341],[-0.146495,51.537345],[-0.146489,51.537383],[-0.146486,51.537405],[-0.146495,51.537445],[-0.146516,51.537505],[-0.146534,51.537554],[-0.146481,51.537607],[-0.146446,51.537643],[-0.146429,51.537661],[-0.146369,51.537705],[-0.146239,51.53779],[-0.146223,51.537798],[-0.146212,51.537808],[-0.146117,51.537871],[-0.146027,51.537945],[-0.145923,51.53803],[-0.145892,51.538064],[-0.145883,51.538073],[-0.145873,51.538081],[-0.145844,51.538109],[-0.145836,51.538121],[-0.14583,51.53813],[-0.145791,51.538172],[-0.145757,51.538207],[-0.145713,51.538276],[-0.145711,51.538279],[-0.145672,51.538332],[-0.145668,51.538351],[-0.145668,51.538354],[-0.145658,51.538384],[-0.145654,51.538392],[-0.145652,51.538396],[-0.145644,51.538428],[-0.145642,51.538433],[-0.145639,51.53844],[-0.145632,51.538466],[-0.14563,51.538509],[-0.145626,51.538605],[-0.145626,51.53861],[-0.145639,51.538646],[-0.145644,51.538658],[-0.145657,51.538684],[-0.145693,51.538756],[-0.14571,51.538781],[-0.145743,51.538828],[-0.145754,51.538844],[-0.145783,51.538885],[-0.145769,51.53889],[-0.145771,51.538898],[-0.145752,51.538905],[-0.145489,51.539003],[-0.145491,51.539006],[-0.145502,51.539006],[-0.145635,51.539151],[-0.145663,51.539226],[-0.145664,51.539246],[-0.145641,51.539328],[-0.14564,51.539331],[-0.145615,51.539387],[-0.145589,51.539478],[-0.145588,51.539484],[-0.145615,51.539506],[-0.145635,51.539521],[-0.145696,51.539571],[-0.145714,51.539587],[-0.145828,51.53966],[-0.145886,51.539692],[-0.145917,51.539708],[-0.145939,51.539721],[-0.145889,51.539754],[-0.145807,51.539809],[-0.145384,51.540089],[-0.145369,51.540099],[-0.14535,51.540094],[-0.145045,51.540017],[-0.144969,51.540002],[-0.144717,51.540186],[-0.144711,51.540191],[-0.144878,51.540361],[-0.144998,51.540479],[-0.14513,51.54061],[-0.14517,51.540624],[-0.145688,51.540746],[-0.145699,51.540748],[-0.14587,51.540788],[-0.145903,51.540782],[-0.146192,51.540766],[-0.146256,51.54085],[-0.14586,51.540992],[-0.145716,51.541044],[-0.146136,51.541438],[-0.146264,51.541557],[-0.146212,51.541578],[-0.146027,51.541664],[-0.145932,51.541708],[-0.145913,51.541725],[-0.145865,51.541764],[-0.145858,51.54177],[-0.145823,51.541791],[-0.145802,51.541803],[-0.145769,51.541823],[-0.145756,51.541827],[-0.145696,51.541849],[-0.145697,51.541811],[-0.145698,51.541804],[-0.145699,51.541777],[-0.14568,51.541746],[-0.145672,51.541731],[-0.145646,51.541697],[-0.145631,51.541677],[-0.145623,51.541672],[-0.145615,51.541666],[-0.145308,51.541465],[-0.145169,51.54138],[-0.145134,51.54136],[-0.144515,51.541665],[-0.144285,51.541712],[-0.144264,51.541713],[-0.144156,51.54172],[-0.144172,51.541941],[-0.144176,51.541986],[-0.14418,51.54204],[-0.14419,51.542182],[-0.14414,51.542175],[-0.144067,51.542174],[-0.144042,51.542173],[-0.143903,51.542171],[-0.143882,51.542171],[-0.143825,51.54217],[-0.143405,51.542163],[-0.143332,51.542162],[-0.143288,51.542188],[-0.143275,51.542199]]]}},{"type":"Feature","properties":{"LSOA21CD":"E01000866","LSOA21NM":"Camden 009A","MEAN_PTAL_":"6a","mean_AI":27.3226892605,"borough":"Camden"},"geometry":{"type":"Polygon","coordinates":[[[-0.138111,51.547467],[-0.138115,51.547444],[-0.13808,51.547438],[-0.138141,51.547135],[-0.138147,51.547106],[-0.138149,51.547099],[-0.138079,51.54708],[-0.138189,51.547089],[-0.138407,51.547107],[-0.138461,51.547111],[-0.138616,51.547124],[-0.138738,51.547134],[-0.138853,51.547143],[-0.138898,51.547146],[-0.139083,51.547161],[-0.139154,51.547167],[-0.139285,51.547178],[-0.139428,51.547189],[-0.139536,51.547198],[-0.139693,51.547211],[-0.13971,51.547209],[-0.139715,51.547211],[-0.139719,51.547213],[-0.1401,51.547244],[-0.14012,51.547241],[-0.140145,51.547145],[-0.140148,51.547141],[-0.140166,51.547061],[-0.140171,51.547035],[-0.140177,51.547007],[-0.140191,51.546943],[-0.140196,51.546919],[-0.140215,51.546834],[-0.140229,51.546766],[-0.140239,51.546723],[-0.14025,51.546672],[-0.14025,51.546663],[-0.14024,51.546663],[-0.139827,51.546629],[-0.139818,51.546629],[-0.139811,51.546577],[-0.139644,51.546565],[-0.1396,51.546562],[-0.139341,51.546543],[-0.139253,51.546537],[-0.13907,51.546523],[-0.13895,51.546515],[-0.138902,51.546511],[-0.138685,51.546495],[-0.138583,51.546488],[-0.138472,51.54648],[-0.138357,51.546472],[-0.138289,51.546467],[-0.138196,51.54646],[-0.13816,51.546458],[-0.138154,51.546494],[-0.138085,51.546489],[-0.137883,51.546472],[-0.137741,51.54646],[-0.137683,51.546456],[-0.137351,51.546428],[-0.137261,51.546421],[-0.137233,51.546416],[-0.137185,51.546403],[-0.137163,51.5464],[-0.137116,51.546404],[-0.137046,51.546403],[-0.137008,51.5464],[-0.136963,51.546396],[-0.13696,51.546399],[-0.136884,51.54639],[-0.136788,51.546382],[-0.136729,51.546377],[-0.13651,51.546359],[-0.136489,51.546357],[-0.13647,51.546356],[-0.135899,51.546309],[-0.13587,51.54631],[-0.135856,51.546305],[-0.135506,51.546276],[-0.135463,51.546272],[-0.135457,51.546304],[-0.135441,51.546378],[-0.135436,51.546401],[-0.135432,51.546419],[-0.135431,51.546423],[-0.135411,51.546518],[-0.13541,51.546524],[-0.135376,51.546521],[-0.135371,51.546527],[-0.135313,51.546522],[-0.134983,51.546494],[-0.134979,51.546492],[-0.134952,51.546479],[-0.135007,51.546424],[-0.135017,51.546373],[-0.135027,51.546319],[-0.135031,51.546297],[-0.135039,51.546253],[-0.134953,51.546239],[-0.134956,51.546218],[-0.134965,51.54616],[-0.134966,51.546155],[-0.13497,51.54613],[-0.134973,51.546107],[-0.134982,51.546049],[-0.134999,51.545941],[-0.135007,51.545885],[-0.135012,51.545851],[-0.135015,51.545837],[-0.135023,51.545785],[-0.135032,51.545721],[-0.135042,51.545656],[-0.135071,51.545467],[-0.135106,51.545349],[-0.135115,51.545316],[-0.135141,51.545227],[-0.1352,51.545158],[-0.13522,51.545135],[-0.135295,51.545047],[-0.135362,51.545135],[-0.135656,51.545094],[-0.135949,51.545027],[-0.136003,51.54501],[-0.136008,51.545008],[-0.135878,51.544822],[-0.135912,51.544823],[-0.135941,51.544823],[-0.13597,51.544815],[-0.136324,51.544587],[-0.136422,51.544514],[-0.136451,51.544493],[-0.136596,51.544383],[-0.136637,51.544352],[-0.136857,51.544187],[-0.136877,51.544172],[-0.136938,51.544206],[-0.137129,51.544307],[-0.137137,51.544311],[-0.137282,51.544388],[-0.137332,51.544409],[-0.13735,51.544413],[-0.137365,51.544432],[-0.137637,51.544576],[-0.137681,51.544599],[-0.137697,51.544588],[-0.137804,51.544511],[-0.137837,51.544487],[-0.138037,51.544344],[-0.13813,51.544277],[-0.138149,51.544258],[-0.13817,51.544243],[-0.138217,51.544212],[-0.138221,51.544211],[-0.138237,51.544199],[-0.138405,51.544078],[-0.138487,51.544019],[-0.138572,51.543957],[-0.138447,51.543901],[-0.138339,51.543854],[-0.137978,51.543693],[-0.138088,51.543598],[-0.138093,51.543326],[-0.138125,51.543315],[-0.138354,51.543242],[-0.138371,51.543229],[-0.138383,51.543218],[-0.13854,51.543287],[-0.138587,51.543308],[-0.138655,51.543338],[-0.138742,51.543372],[-0.138993,51.543472],[-0.139049,51.543494],[-0.139054,51.543496],[-0.139194,51.543551],[-0.139216,51.543559],[-0.13923,51.54355],[-0.13925,51.543554],[-0.13934,51.543527],[-0.139493,51.543481],[-0.139522,51.543473],[-0.139566,51.54346],[-0.139786,51.543394],[-0.139794,51.543402],[-0.139826,51.543436],[-0.139838,51.543448],[-0.139961,51.543576],[-0.139968,51.543573],[-0.140004,51.543561],[-0.140181,51.543497],[-0.140266,51.543468],[-0.140281,51.543463],[-0.140285,51.543461],[-0.140407,51.543415],[-0.140414,51.543412],[-0.140419,51.543409],[-0.140439,51.5434],[-0.140474,51.543382],[-0.140491,51.543404],[-0.140506,51.543422],[-0.14051,51.543426],[-0.140513,51.543431],[-0.140516,51.543434],[-0.140532,51.543455],[-0.140581,51.543513],[-0.140592,51.543509],[-0.140621,51.5435],[-0.140629,51.543497],[-0.140633,51.543496],[-0.140704,51.543472],[-0.140744,51.543459],[-0.14079,51.543444],[-0.140804,51.543439],[-0.140861,51.54342],[-0.140897,51.543409],[-0.140919,51.543401],[-0.140995,51.543376],[-0.140999,51.543375],[-0.141023,51.543367],[-0.141077,51.543349],[-0.141086,51.543284],[-0.141093,51.543239],[-0.141096,51.543219],[-0.141102,51.543179],[-0.141103,51.543174],[-0.141114,51.543174],[-0.14116,51.543174],[-0.141185,51.543174],[-0.141194,51.543174],[-0.141225,51.543174],[-0.141229,51.543162],[-0.141244,51.543105],[-0.141253,51.543102],[-0.141263,51.543099],[-0.141278,51.543095],[-0.14135,51.543071],[-0.141374,51.543058],[-0.141391,51.543048],[-0.141411,51.543037],[-0.141414,51.543034],[-0.141432,51.543016],[-0.14159,51.542854],[-0.141586,51.542849],[-0.141563,51.542815],[-0.141558,51.542807],[-0.141612,51.542791],[-0.141749,51.542748],[-0.141775,51.542748],[-0.141783,51.542748],[-0.141836,51.542748],[-0.141875,51.542748],[-0.141856,51.542906],[-0.141849,51.542956],[-0.141847,51.542971],[-0.141844,51.543001],[-0.141835,51.543066],[-0.141833,51.543087],[-0.141821,51.543133],[-0.141812,51.543166],[-0.141805,51.543196],[-0.141795,51.543233],[-0.141787,51.543263],[-0.141779,51.543293],[-0.141776,51.543318],[-0.141774,51.543326],[-0.141772,51.543346],[-0.141769,51.543361],[-0.141764,51.543399],[-0.141761,51.543419],[-0.141758,51.543437],[-0.141756,51.543491],[-0.141755,51.543506],[-0.141753,51.543543],[-0.141752,51.54358],[-0.14175,51.543608],[-0.14169,51.543719],[-0.141686,51.543728],[-0.141675,51.543748],[-0.141671,51.543755],[-0.141668,51.543761],[-0.141636,51.54382],[-0.141631,51.543829],[-0.141618,51.543863],[-0.141616,51.54387],[-0.141605,51.543901],[-0.141598,51.543919],[-0.141583,51.543974],[-0.141572,51.544017],[-0.141568,51.544031],[-0.141561,51.544088],[-0.141561,51.544091],[-0.141546,51.544221],[-0.141538,51.544283],[-0.141536,51.5443],[-0.141528,51.544365],[-0.141514,51.544487],[-0.141509,51.544528],[-0.141507,51.544574],[-0.141506,51.544587],[-0.141504,51.544611],[-0.1415,51.544687],[-0.141499,51.544712],[-0.141498,51.544718],[-0.141496,51.544763],[-0.141499,51.544856],[-0.1415,51.544906],[-0.141502,51.544926],[-0.14151,51.544996],[-0.141513,51.545027],[-0.141515,51.545045],[-0.141516,51.545048],[-0.141516,51.545057],[-0.141527,51.545151],[-0.141528,51.545165],[-0.141529,51.545173],[-0.14153,51.545176],[-0.141575,51.54534],[-0.141582,51.545367],[-0.141595,51.545412],[-0.141617,51.545488],[-0.141635,51.545552],[-0.141642,51.545576],[-0.141646,51.545587],[-0.14167,51.545673],[-0.141677,51.545697],[-0.14168,51.545707],[-0.141682,51.545713],[-0.141732,51.545856],[-0.141746,51.545896],[-0.141753,51.545916],[-0.141757,51.545926],[-0.141764,51.545947],[-0.141771,51.545967],[-0.141778,51.546074],[-0.141778,51.546085],[-0.141782,51.546151],[-0.141784,51.546171],[-0.141783,51.546175],[-0.141774,51.546293],[-0.141771,51.546339],[-0.14177,51.546352],[-0.141767,51.546389],[-0.141763,51.546436],[-0.141761,51.546464],[-0.141753,51.546508],[-0.141752,51.546516],[-0.141733,51.546622],[-0.141731,51.546636],[-0.141719,51.546699],[-0.141713,51.546736],[-0.141712,51.54674],[-0.141708,51.546762],[-0.1417,51.546787],[-0.141686,51.546828],[-0.14168,51.546849],[-0.141657,51.546917],[-0.141646,51.546951],[-0.141636,51.546982],[-0.141628,51.547007],[-0.141603,51.54708],[-0.141566,51.547193],[-0.141528,51.547309],[-0.141527,51.547313],[-0.141525,51.547318],[-0.141506,51.547377],[-0.141498,51.547401],[-0.141442,51.547572],[-0.141036,51.547499],[-0.140964,51.547533],[-0.140932,51.547661],[-0.140885,51.547658],[-0.140775,51.547652],[-0.140765,51.547651],[-0.14064,51.547644],[-0.140593,51.547641],[-0.1405,51.547635],[-0.140439,51.547632],[-0.140377,51.547628],[-0.140305,51.547624],[-0.140226,51.547619],[-0.140199,51.547618],[-0.140067,51.54761],[-0.14004,51.547609],[-0.139916,51.547601],[-0.139895,51.5476],[-0.139806,51.547595],[-0.139643,51.547586],[-0.139577,51.547582],[-0.139488,51.547576],[-0.139361,51.547569],[-0.139321,51.547567],[-0.139263,51.547564],[-0.139159,51.547558],[-0.139071,51.547553],[-0.138909,51.547544],[-0.138887,51.547543],[-0.138888,51.547523],[-0.1388,51.547516],[-0.138637,51.547503],[-0.138565,51.547497],[-0.138486,51.547491],[-0.138463,51.547489],[-0.138388,51.547483],[-0.138335,51.54748],[-0.138302,51.547478],[-0.138214,51.547473],[-0.138111,51.547467]]]}},{"type":"Feature","properties":{"LSOA21CD":"E01000867","LSOA21NM":"Camden 015C","MEAN_PTAL_":"6a","mean_AI":33.7612970575,"borough":"Camden"},"geometry":{"type":"Polygon","coordinates":[[[-0.136375,51.544193],[-0.13596,51.543998],[-0.135939,51.543988],[-0.135922,51.54398],[-0.135903,51.543971],[-0.135883,51.543978],[-0.135874,51.543981],[-0.13586,51.543986],[-0.135682,51.543882],[-0.135396,51.543719],[-0.1354,51.543715],[-0.135502,51.54362],[-0.135553,51.543583],[-0.135563,51.54358],[-0.13568,51.543535],[-0.135689,51.543527],[-0.13577,51.543443],[-0.135782,51.543435],[-0.135788,51.543429],[-0.135802,51.543416],[-0.135806,51.543412],[-0.135887,51.543344],[-0.135897,51.543335],[-0.135873,51.543321],[-0.135519,51.543144],[-0.135413,51.543092],[-0.135165,51.542971],[-0.135035,51.542908],[-0.134895,51.542839],[-0.134529,51.542661],[-0.134503,51.542652],[-0.134474,51.542659],[-0.134443,51.542668],[-0.134396,51.542702],[-0.134293,51.542777],[-0.134246,51.542811],[-0.134195,51.542848],[-0.134131,51.542895],[-0.13411,51.542916],[-0.134092,51.542935],[-0.134044,51.542968],[-0.134034,51.542965],[-0.134015,51.542958],[-0.133873,51.54291],[-0.133728,51.542864],[-0.133709,51.54274],[-0.13369,51.54262],[-0.133887,51.542572],[-0.133982,51.542548],[-0.134242,51.542481],[-0.134342,51.542454],[-0.134365,51.542449],[-0.134382,51.542444],[-0.134691,51.542363],[-0.134854,51.542321],[-0.134867,51.542317],[-0.134889,51.542312],[-0.134996,51.542284],[-0.135011,51.542278],[-0.135035,51.54227],[-0.13504,51.542268],[-0.135051,51.542265],[-0.135193,51.542216],[-0.135269,51.542189],[-0.135378,51.542152],[-0.135402,51.542144],[-0.135508,51.542107],[-0.135816,51.542001],[-0.135837,51.541994],[-0.135844,51.541992],[-0.135837,51.541987],[-0.135823,51.541978],[-0.135697,51.541899],[-0.135665,51.541879],[-0.135635,51.54186],[-0.135612,51.541846],[-0.13559,51.541831],[-0.135549,51.541806],[-0.135545,51.541803],[-0.135532,51.541795],[-0.135519,51.541787],[-0.135483,51.541731],[-0.135449,51.541678],[-0.135428,51.541645],[-0.135404,51.541609],[-0.135611,51.54154],[-0.135671,51.541521],[-0.135693,51.541513],[-0.135739,51.541498],[-0.135816,51.541473],[-0.135965,51.541425],[-0.136102,51.54138],[-0.13616,51.541361],[-0.136165,51.54136],[-0.136217,51.541343],[-0.136256,51.54133],[-0.136496,51.541249],[-0.1365,51.541248],[-0.136677,51.541189],[-0.137025,51.541072],[-0.137031,51.54107],[-0.137065,51.541059],[-0.137141,51.541033],[-0.137252,51.540996],[-0.137311,51.540976],[-0.137549,51.540896],[-0.137563,51.540892],[-0.1376,51.540941],[-0.137616,51.540961],[-0.137644,51.540997],[-0.13765,51.541005],[-0.137712,51.541086],[-0.13774,51.541122],[-0.137759,51.541146],[-0.137838,51.541249],[-0.137841,51.541253],[-0.137872,51.541285],[-0.137879,51.541293],[-0.137899,51.541314],[-0.137906,51.541322],[-0.137919,51.541336],[-0.137926,51.541343],[-0.137949,51.541368],[-0.137981,51.541401],[-0.138024,51.541448],[-0.138057,51.541483],[-0.138094,51.541522],[-0.138155,51.541587],[-0.13835,51.541795],[-0.138352,51.541797],[-0.138363,51.541809],[-0.138378,51.541824],[-0.138421,51.54187],[-0.138427,51.541877],[-0.138455,51.541906],[-0.138471,51.541923],[-0.138562,51.542019],[-0.138629,51.54209],[-0.138656,51.542119],[-0.1387,51.542166],[-0.138704,51.54217],[-0.13876,51.542229],[-0.138842,51.542317],[-0.138855,51.54233],[-0.138872,51.542348],[-0.138913,51.542399],[-0.13892,51.542406],[-0.138951,51.542445],[-0.138968,51.542465],[-0.138998,51.542502],[-0.139051,51.542566],[-0.139062,51.54258],[-0.139074,51.542595],[-0.139081,51.542603],[-0.139169,51.542709],[-0.139202,51.542751],[-0.139262,51.542823],[-0.139302,51.542872],[-0.13934,51.542918],[-0.139361,51.542941],[-0.139405,51.542988],[-0.139458,51.543044],[-0.139471,51.543058],[-0.139581,51.543176],[-0.139608,51.543204],[-0.139616,51.543213],[-0.13965,51.543249],[-0.139695,51.543297],[-0.139707,51.543309],[-0.139728,51.543333],[-0.139767,51.543373],[-0.139786,51.543394],[-0.139566,51.54346],[-0.139522,51.543473],[-0.139493,51.543481],[-0.13934,51.543527],[-0.13925,51.543554],[-0.13923,51.54355],[-0.139216,51.543559],[-0.139194,51.543551],[-0.139054,51.543496],[-0.139049,51.543494],[-0.138993,51.543472],[-0.138742,51.543372],[-0.138655,51.543338],[-0.138587,51.543308],[-0.13854,51.543287],[-0.138383,51.543218],[-0.138371,51.543229],[-0.138354,51.543242],[-0.138125,51.543315],[-0.138093,51.543326],[-0.138088,51.543598],[-0.137978,51.543693],[-0.138339,51.543854],[-0.138447,51.543901],[-0.138572,51.543957],[-0.138487,51.544019],[-0.138405,51.544078],[-0.138237,51.544199],[-0.138221,51.544211],[-0.138217,51.544212],[-0.13817,51.544243],[-0.138149,51.544258],[-0.13813,51.544277],[-0.138037,51.544344],[-0.137837,51.544487],[-0.137804,51.544511],[-0.137697,51.544588],[-0.137681,51.544599],[-0.137637,51.544576],[-0.137365,51.544432],[-0.13735,51.544413],[-0.137332,51.544409],[-0.137282,51.544388],[-0.137137,51.544311],[-0.137129,51.544307],[-0.136938,51.544206],[-0.136877,51.544172],[-0.136857,51.544187],[-0.136637,51.544352],[-0.136596,51.544383],[-0.136451,51.544493],[-0.136422,51.544514],[-0.136324,51.544587],[-0.13597,51.544815],[-0.135941,51.544823],[-0.135912,51.544823],[-0.135878,51.544822],[-0.135755,51.544649],[-0.13604,51.544433],[-0.136081,51.544401],[-0.136111,51.544378],[-0.136165,51.544351],[-0.136202,51.544343],[-0.136242,51.544315],[-0.136269,51.544282],[-0.136288,51.54426],[-0.136375,51.544193]]]}},{"type":"Feature","properties":{"LSOA21CD":"E01000870","LSOA21NM":"Camden 009B","MEAN_PTAL_":"5","mean_AI":22.2488867368,"borough":"Camden"},"geometry":{"type":"Polygon","coordinates":[[[-0.133547,51.548131],[-0.13354,51.548131],[-0.133413,51.54813],[-0.133105,51.548126],[-0.133115,51.548106],[-0.133201,51.547934],[-0.13311,51.547835],[-0.13308,51.547802],[-0.133066,51.547793],[-0.133046,51.54778],[-0.13284,51.547646],[-0.132771,51.547601],[-0.132768,51.547599],[-0.132719,51.547568],[-0.132683,51.547544],[-0.132661,51.54753],[-0.132612,51.547498],[-0.132608,51.547495],[-0.132602,51.547472],[-0.132594,51.547447],[-0.132579,51.547403],[-0.132574,51.547387],[-0.132559,51.547343],[-0.132547,51.547306],[-0.132545,51.547301],[-0.132519,51.54724],[-0.132545,51.54722],[-0.132572,51.547203],[-0.132596,51.547189],[-0.132701,51.547122],[-0.132804,51.54705],[-0.132893,51.546983],[-0.133013,51.546907],[-0.13277,51.546779],[-0.132427,51.546598],[-0.132335,51.54655],[-0.132331,51.546552],[-0.132311,51.546541],[-0.132314,51.546539],[-0.13232,51.546534],[-0.132474,51.546425],[-0.132921,51.546105],[-0.132944,51.546088],[-0.133115,51.545966],[-0.133571,51.54564],[-0.133596,51.545654],[-0.133728,51.545726],[-0.133825,51.545779],[-0.133862,51.545797],[-0.133881,51.545807],[-0.133937,51.545862],[-0.134049,51.545992],[-0.134253,51.546228],[-0.134315,51.5463],[-0.134433,51.546436],[-0.134475,51.546455],[-0.134689,51.546471],[-0.134763,51.546476],[-0.134885,51.546485],[-0.134914,51.546487],[-0.134979,51.546492],[-0.134983,51.546494],[-0.135313,51.546522],[-0.135371,51.546527],[-0.135376,51.546521],[-0.13541,51.546524],[-0.135411,51.546518],[-0.135431,51.546423],[-0.135432,51.546419],[-0.135436,51.546401],[-0.135441,51.546378],[-0.135457,51.546304],[-0.135463,51.546272],[-0.135506,51.546276],[-0.135856,51.546305],[-0.13587,51.54631],[-0.135899,51.546309],[-0.13647,51.546356],[-0.136489,51.546357],[-0.13651,51.546359],[-0.136729,51.546377],[-0.136788,51.546382],[-0.136884,51.54639],[-0.13696,51.546399],[-0.136963,51.546396],[-0.137008,51.5464],[-0.137046,51.546403],[-0.137116,51.546404],[-0.137163,51.5464],[-0.137185,51.546403],[-0.137233,51.546416],[-0.137261,51.546421],[-0.137351,51.546428],[-0.137683,51.546456],[-0.137741,51.54646],[-0.137883,51.546472],[-0.138085,51.546489],[-0.138154,51.546494],[-0.13816,51.546458],[-0.138196,51.54646],[-0.138289,51.546467],[-0.138357,51.546472],[-0.138472,51.54648],[-0.138583,51.546488],[-0.138685,51.546495],[-0.138902,51.546511],[-0.13895,51.546515],[-0.13907,51.546523],[-0.139253,51.546537],[-0.139341,51.546543],[-0.1396,51.546562],[-0.139644,51.546565],[-0.139811,51.546577],[-0.139818,51.546629],[-0.139827,51.546629],[-0.14024,51.546663],[-0.14025,51.546663],[-0.14025,51.546672],[-0.140239,51.546723],[-0.140229,51.546766],[-0.140215,51.546834],[-0.140196,51.546919],[-0.140191,51.546943],[-0.140177,51.547007],[-0.140171,51.547035],[-0.140166,51.547061],[-0.140148,51.547141],[-0.140145,51.547145],[-0.14012,51.547241],[-0.1401,51.547244],[-0.139719,51.547213],[-0.139715,51.547211],[-0.13971,51.547209],[-0.139693,51.547211],[-0.139536,51.547198],[-0.139428,51.547189],[-0.139285,51.547178],[-0.139154,51.547167],[-0.139083,51.547161],[-0.138898,51.547146],[-0.138853,51.547143],[-0.138738,51.547134],[-0.138616,51.547124],[-0.138461,51.547111],[-0.138407,51.547107],[-0.138189,51.547089],[-0.138079,51.54708],[-0.138149,51.547099],[-0.138147,51.547106],[-0.138141,51.547135],[-0.13808,51.547438],[-0.138115,51.547444],[-0.138111,51.547467],[-0.138214,51.547473],[-0.138302,51.547478],[-0.138335,51.54748],[-0.138388,51.547483],[-0.138463,51.547489],[-0.138486,51.547491],[-0.138565,51.547497],[-0.138637,51.547503],[-0.1388,51.547516],[-0.138888,51.547523],[-0.138887,51.547543],[-0.138909,51.547544],[-0.139071,51.547553],[-0.139159,51.547558],[-0.139263,51.547564],[-0.139321,51.547567],[-0.139361,51.547569],[-0.139488,51.547576],[-0.139577,51.547582],[-0.139643,51.547586],[-0.139806,51.547595],[-0.139895,51.5476],[-0.139916,51.547601],[-0.14004,51.547609],[-0.140067,51.54761],[-0.140199,51.547618],[-0.140226,51.547619],[-0.140305,51.547624],[-0.140377,51.547628],[-0.140439,51.547632],[-0.1405,51.547635],[-0.140593,51.547641],[-0.14064,51.547644],[-0.140765,51.547651],[-0.140775,51.547652],[-0.140885,51.547658],[-0.140932,51.547661],[-0.140964,51.547533],[-0.141036,51.547499],[-0.141442,51.547572],[-0.14142,51.547639],[-0.14141,51.547669],[-0.141368,51.547796],[-0.141366,51.547801],[-0.141325,51.547926],[-0.141301,51.548],[-0.141299,51.548007],[-0.141296,51.548015],[-0.141279,51.548061],[-0.141277,51.548066],[-0.141252,51.548136],[-0.141249,51.548145],[-0.141233,51.548192],[-0.141228,51.548203],[-0.141221,51.548223],[-0.141194,51.5483],[-0.141183,51.548331],[-0.141179,51.548343],[-0.141177,51.548352],[-0.141174,51.548361],[-0.14117,51.548378],[-0.141145,51.548469],[-0.141141,51.548483],[-0.141141,51.548486],[-0.141135,51.548506],[-0.141134,51.54851],[-0.141133,51.548514],[-0.141121,51.548564],[-0.141101,51.548654],[-0.141082,51.548738],[-0.141066,51.548807],[-0.141059,51.548834],[-0.140961,51.548828],[-0.140926,51.548826],[-0.140756,51.548815],[-0.140558,51.548803],[-0.140552,51.548802],[-0.140511,51.5488],[-0.14043,51.548795],[-0.140406,51.548793],[-0.140366,51.548791],[-0.140254,51.548784],[-0.140167,51.548778],[-0.140107,51.548774],[-0.140091,51.548773],[-0.140013,51.548768],[-0.139957,51.548765],[-0.13994,51.548764],[-0.139838,51.548758],[-0.139751,51.548752],[-0.139699,51.548749],[-0.139694,51.548749],[-0.139634,51.548745],[-0.139611,51.548743],[-0.139595,51.548742],[-0.139538,51.548738],[-0.139527,51.548737],[-0.139451,51.548732],[-0.139408,51.548729],[-0.139318,51.548723],[-0.139297,51.548722],[-0.139291,51.548721],[-0.139218,51.548716],[-0.139129,51.54871],[-0.139037,51.548704],[-0.138996,51.548701],[-0.138943,51.548698],[-0.138857,51.548692],[-0.138653,51.548678],[-0.138642,51.548677],[-0.13861,51.548675],[-0.138571,51.548672],[-0.138394,51.548658],[-0.138239,51.548646],[-0.138216,51.548644],[-0.138158,51.54864],[-0.138101,51.548635],[-0.138015,51.548628],[-0.13787,51.548617],[-0.13777,51.548609],[-0.13772,51.548606],[-0.13742,51.548582],[-0.137365,51.548578],[-0.13736,51.548578],[-0.137148,51.548564],[-0.136991,51.548553],[-0.136917,51.548548],[-0.136784,51.54854],[-0.136734,51.548536],[-0.136614,51.548528],[-0.136351,51.548511],[-0.136045,51.548491],[-0.136,51.548488],[-0.13598,51.548487],[-0.135892,51.548481],[-0.135775,51.548473],[-0.13563,51.548463],[-0.135475,51.548453],[-0.13543,51.54845],[-0.135373,51.548447],[-0.135319,51.548443],[-0.135275,51.54844],[-0.135217,51.548436],[-0.135205,51.548435],[-0.135058,51.548425],[-0.135046,51.548425],[-0.134915,51.548415],[-0.134907,51.548414],[-0.134879,51.548412],[-0.134831,51.548409],[-0.134772,51.548404],[-0.134707,51.548399],[-0.134695,51.548398],[-0.134673,51.548397],[-0.134625,51.548393],[-0.134552,51.548387],[-0.134484,51.548382],[-0.134463,51.548381],[-0.134445,51.548379],[-0.134327,51.54837],[-0.134315,51.548369],[-0.134285,51.548367],[-0.134266,51.548353],[-0.134188,51.548296],[-0.134178,51.548288],[-0.134102,51.548233],[-0.133976,51.548163],[-0.133966,51.548157],[-0.133944,51.548156],[-0.133939,51.548155],[-0.133916,51.548154],[-0.133911,51.548154],[-0.133676,51.548139],[-0.133665,51.548139],[-0.133572,51.548133],[-0.133547,51.548131]]]}},{"type":"Feature","properties":{"LSOA21CD":"E01000871","LSOA21NM":"Camden 005A","MEAN_PTAL_":"2","mean_AI":8.19961908452,"borough":"Camden"},"geometry":{"type":"Polygon","coordinates":[[[-0.196601,51.558905],[-0.196503,51.558797],[-0.196483,51.558775],[-0.196465,51.558755],[-0.196462,51.558752],[-0.196449,51.558737],[-0.196424,51.558709],[-0.196409,51.558693],[-0.196367,51.558647],[-0.196337,51.558613],[-0.196316,51.558591],[-0.196288,51.55856],[-0.196261,51.558528],[-0.196246,51.55851],[-0.196215,51.558473],[-0.196187,51.55844],[-0.196165,51.558414],[-0.196115,51.558355],[-0.196023,51.558246],[-0.195995,51.558213],[-0.195969,51.558182],[-0.195946,51.558147],[-0.195937,51.55813],[-0.195926,51.558112],[-0.195908,51.558079],[-0.195904,51.55807],[-0.195895,51.55805],[-0.195875,51.558004],[-0.195869,51.55799],[-0.195868,51.557987],[-0.195838,51.557898],[-0.195837,51.557895],[-0.195837,51.557891],[-0.195832,51.557869],[-0.195829,51.557854],[-0.195826,51.557839],[-0.195818,51.5578],[-0.195809,51.557756],[-0.195789,51.557724],[-0.195786,51.557719],[-0.195777,51.557704],[-0.19576,51.557677],[-0.195731,51.557629],[-0.195729,51.557625],[-0.195637,51.557473],[-0.195633,51.557466],[-0.195614,51.557427],[-0.195592,51.557384],[-0.195551,51.557302],[-0.195534,51.557268],[-0.195517,51.557241],[-0.195511,51.557231],[-0.195553,51.557193],[-0.195823,51.556949],[-0.195745,51.556863],[-0.19575,51.556814],[-0.195755,51.556757],[-0.195756,51.556748],[-0.19576,51.556739],[-0.195753,51.556732],[-0.19571,51.556688],[-0.19567,51.556555],[-0.19567,51.556511],[-0.195673,51.556497],[-0.196224,51.556649],[-0.196267,51.55653],[-0.196288,51.556461],[-0.196319,51.556354],[-0.196368,51.556187],[-0.196386,51.556123],[-0.1964,51.556074],[-0.196422,51.556],[-0.196434,51.555957],[-0.196438,51.555936],[-0.196453,51.55585],[-0.196461,51.555826],[-0.196467,51.555807],[-0.196498,51.555711],[-0.196501,51.555702],[-0.196512,51.555671],[-0.196535,51.555599],[-0.196567,51.55551],[-0.196578,51.555489],[-0.196589,51.555466],[-0.196659,51.555327],[-0.196693,51.55526],[-0.196718,51.555213],[-0.196741,51.555171],[-0.19677,51.555117],[-0.196834,51.554965],[-0.196851,51.554894],[-0.196856,51.554768],[-0.196832,51.554651],[-0.196815,51.554608],[-0.196779,51.554524],[-0.196773,51.554513],[-0.196752,51.554479],[-0.196673,51.554298],[-0.19664,51.554254],[-0.196618,51.554225],[-0.196602,51.554204],[-0.196591,51.554188],[-0.196585,51.554184],[-0.196581,51.554182],[-0.19661,51.554166],[-0.19659,51.554158],[-0.196786,51.554077],[-0.196812,51.554066],[-0.196889,51.554088],[-0.19694,51.5541],[-0.196969,51.554106],[-0.197311,51.554182],[-0.197326,51.554185],[-0.197363,51.554193],[-0.197398,51.554201],[-0.197462,51.554221],[-0.197593,51.554255],[-0.197641,51.554267],[-0.197783,51.554306],[-0.197857,51.554325],[-0.197969,51.554353],[-0.19804,51.554381],[-0.198125,51.554428],[-0.198174,51.55446],[-0.198308,51.554547],[-0.198322,51.554548],[-0.198378,51.554593],[-0.198411,51.554608],[-0.19842,51.554612],[-0.198464,51.554613],[-0.198478,51.554604],[-0.198506,51.554628],[-0.198461,51.554658],[-0.198699,51.554822],[-0.198722,51.554817],[-0.19891,51.55478],[-0.19902,51.554747],[-0.199414,51.554626],[-0.199798,51.554465],[-0.19988,51.55443],[-0.200047,51.554412],[-0.200363,51.554372],[-0.20046,51.55436],[-0.201093,51.554282],[-0.201129,51.554277],[-0.201256,51.554255],[-0.201753,51.554169],[-0.2018,51.554156],[-0.201871,51.554067],[-0.20194,51.554],[-0.201944,51.553998],[-0.202073,51.553917],[-0.20209,51.553907],[-0.20206,51.55385],[-0.201955,51.553661],[-0.201903,51.553556],[-0.201935,51.553543],[-0.201955,51.553534],[-0.201978,51.553528],[-0.202034,51.553519],[-0.202042,51.55352],[-0.202235,51.553479],[-0.202299,51.553466],[-0.202358,51.553453],[-0.202375,51.55345],[-0.202397,51.553445],[-0.202416,51.553477],[-0.202558,51.553721],[-0.202577,51.55371],[-0.202681,51.553651],[-0.202705,51.553637],[-0.202717,51.553631],[-0.202793,51.553678],[-0.202824,51.553697],[-0.20282,51.553691],[-0.202773,51.553612],[-0.202924,51.553581],[-0.203257,51.55351],[-0.203304,51.553543],[-0.203252,51.553453],[-0.20318,51.553328],[-0.203161,51.553296],[-0.203124,51.553232],[-0.20312,51.553226],[-0.203105,51.5532],[-0.202978,51.552981],[-0.202961,51.552951],[-0.202936,51.552908],[-0.20292,51.55288],[-0.202913,51.552869],[-0.202901,51.552847],[-0.202887,51.552824],[-0.202873,51.552799],[-0.202863,51.552783],[-0.202825,51.552716],[-0.202805,51.552683],[-0.202796,51.552667],[-0.202731,51.552555],[-0.202726,51.552545],[-0.20258,51.552295],[-0.2025,51.552156],[-0.202407,51.551995],[-0.202356,51.551908],[-0.20233,51.551863],[-0.202183,51.551609],[-0.202179,51.551602],[-0.202175,51.551594],[-0.202176,51.551558],[-0.202206,51.551532],[-0.202246,51.551496],[-0.202266,51.551479],[-0.20233,51.551505],[-0.202715,51.551663],[-0.202821,51.551707],[-0.202866,51.551726],[-0.202934,51.551753],[-0.202964,51.551766],[-0.202994,51.551778],[-0.203125,51.551832],[-0.20313,51.551834],[-0.203168,51.55185],[-0.203174,51.551852],[-0.203222,51.551873],[-0.203273,51.551895],[-0.203323,51.551917],[-0.203356,51.551931],[-0.203465,51.551979],[-0.203477,51.551984],[-0.203486,51.551988],[-0.203588,51.552032],[-0.203616,51.552044],[-0.203635,51.552052],[-0.203694,51.552078],[-0.203824,51.552134],[-0.203838,51.55214],[-0.203874,51.552156],[-0.204001,51.552211],[-0.204165,51.552282],[-0.204278,51.552331],[-0.204403,51.552385],[-0.204446,51.552404],[-0.204458,51.552409],[-0.204577,51.552461],[-0.204627,51.552483],[-0.204633,51.552485],[-0.204744,51.552533],[-0.204852,51.55258],[-0.204884,51.552594],[-0.204893,51.552598],[-0.20495,51.552623],[-0.205301,51.552775],[-0.205308,51.552777],[-0.20533,51.552785],[-0.205341,51.55279],[-0.205645,51.552946],[-0.205655,51.552951],[-0.205772,51.553013],[-0.206048,51.553157],[-0.20615,51.553211],[-0.206242,51.553263],[-0.206263,51.553275],[-0.20648,51.553414],[-0.206554,51.55346],[-0.206627,51.553507],[-0.206659,51.553527],[-0.206692,51.553548],[-0.206728,51.553571],[-0.206747,51.553585],[-0.206861,51.553667],[-0.206867,51.553671],[-0.206877,51.553679],[-0.206944,51.553737],[-0.206957,51.553747],[-0.207057,51.553832],[-0.207114,51.55388],[-0.207191,51.553946],[-0.207202,51.553955],[-0.207228,51.553977],[-0.207286,51.554029],[-0.207357,51.553998],[-0.207506,51.553933],[-0.207521,51.553947],[-0.207585,51.554008],[-0.207639,51.55406],[-0.207659,51.554079],[-0.207696,51.554114],[-0.207735,51.554151],[-0.207773,51.554188],[-0.207832,51.554243],[-0.207879,51.554288],[-0.207962,51.554367],[-0.208092,51.554491],[-0.208114,51.554512],[-0.20814,51.554536],[-0.208267,51.554657],[-0.208313,51.554701],[-0.208347,51.554736],[-0.208393,51.554782],[-0.208454,51.554845],[-0.208511,51.554903],[-0.208573,51.554967],[-0.208626,51.55502],[-0.208679,51.555075],[-0.20869,51.555086],[-0.208693,51.555089],[-0.208739,51.555136],[-0.208762,51.55516],[-0.208794,51.555192],[-0.208835,51.555234],[-0.208839,51.555236],[-0.208843,51.555238],[-0.208891,51.555264],[-0.208898,51.555267],[-0.208948,51.555285],[-0.208954,51.555281],[-0.208966,51.555271],[-0.208976,51.555268],[-0.209553,51.555062],[-0.209583,51.555052],[-0.209568,51.555035],[-0.209503,51.55492],[-0.209405,51.554747],[-0.209399,51.554736],[-0.209387,51.55473],[-0.209269,51.554673],[-0.209191,51.554635],[-0.209142,51.554611],[-0.209093,51.554614],[-0.209068,51.554616],[-0.209016,51.554612],[-0.209009,51.554611],[-0.208954,51.5546],[-0.208933,51.554591],[-0.208914,51.554584],[-0.208885,51.554566],[-0.208858,51.554543],[-0.208849,51.554535],[-0.208818,51.554497],[-0.208787,51.554458],[-0.208696,51.554283],[-0.208755,51.554229],[-0.20878,51.554217],[-0.20941,51.553917],[-0.20948,51.553981],[-0.2095,51.553971],[-0.209512,51.553965],[-0.209823,51.553805],[-0.209894,51.553768],[-0.209912,51.553759],[-0.21004,51.553693],[-0.210114,51.553653],[-0.210489,51.553452],[-0.21047,51.553466],[-0.210982,51.553756],[-0.210918,51.553796],[-0.210835,51.553838],[-0.210729,51.553888],[-0.210717,51.553896],[-0.210641,51.553925],[-0.210522,51.553984],[-0.210516,51.553988],[-0.21048,51.554003],[-0.210367,51.55406],[-0.210359,51.554064],[-0.210346,51.554104],[-0.210345,51.554138],[-0.210354,51.554184],[-0.210364,51.554233],[-0.21038,51.554255],[-0.210418,51.554308],[-0.210454,51.554338],[-0.210528,51.554402],[-0.210186,51.554445],[-0.210066,51.55446],[-0.210039,51.554467],[-0.210042,51.554475],[-0.210064,51.554494],[-0.210219,51.55463],[-0.210331,51.554731],[-0.210375,51.55477],[-0.210494,51.554877],[-0.210542,51.554919],[-0.210544,51.554922],[-0.210578,51.554952],[-0.210649,51.555016],[-0.210679,51.555043],[-0.210767,51.555123],[-0.210093,51.555432],[-0.210004,51.555473],[-0.210039,51.555516],[-0.210058,51.555545],[-0.210083,51.555594],[-0.210101,51.555627],[-0.210131,51.555661],[-0.210165,51.555699],[-0.210181,51.555718],[-0.21026,51.555806],[-0.210267,51.555815],[-0.210337,51.555894],[-0.21034,51.555897],[-0.210411,51.555976],[-0.210415,51.555982],[-0.210419,51.555986],[-0.210452,51.556025],[-0.210496,51.556078],[-0.210525,51.556113],[-0.210603,51.556206],[-0.210619,51.556226],[-0.210676,51.556293],[-0.210699,51.556321],[-0.210749,51.556381],[-0.210772,51.556408],[-0.210793,51.556433],[-0.21082,51.556465],[-0.21078,51.556479],[-0.210762,51.556486],[-0.21007,51.556728],[-0.210065,51.55673],[-0.210002,51.556752],[-0.209943,51.556773],[-0.209895,51.556722],[-0.209892,51.55672],[-0.209886,51.556713],[-0.209851,51.556677],[-0.209833,51.556658],[-0.209817,51.556642],[-0.20981,51.556634],[-0.209787,51.556611],[-0.209781,51.556604],[-0.209779,51.556602],[-0.209698,51.556518],[-0.209685,51.556505],[-0.20968,51.5565],[-0.209663,51.556482],[-0.20966,51.556479],[-0.209642,51.556459],[-0.209615,51.556432],[-0.209598,51.556414],[-0.209586,51.556401],[-0.209563,51.556378],[-0.209542,51.556356],[-0.209533,51.556347],[-0.209486,51.556297],[-0.209472,51.556284],[-0.209469,51.55628],[-0.209443,51.556253],[-0.209434,51.556244],[-0.209428,51.556238],[-0.209426,51.556235],[-0.209416,51.556226],[-0.209386,51.556194],[-0.209368,51.556175],[-0.209365,51.556172],[-0.209347,51.556154],[-0.209339,51.556146],[-0.209321,51.556127],[-0.20929,51.556099],[-0.209283,51.556093],[-0.209273,51.556083],[-0.209267,51.556078],[-0.209253,51.556066],[-0.209233,51.556048],[-0.209227,51.556042],[-0.209223,51.556038],[-0.209197,51.556015],[-0.209165,51.555987],[-0.209136,51.555961],[-0.209123,51.555949],[-0.209116,51.555943],[-0.209103,51.55593],[-0.209046,51.55588],[-0.208956,51.555813],[-0.208941,51.555801],[-0.208934,51.555797],[-0.208917,51.555784],[-0.208912,51.55578],[-0.208852,51.555736],[-0.208783,51.555756],[-0.208628,51.555801],[-0.208559,51.555821],[-0.208552,51.555823],[-0.208492,51.555841],[-0.208367,51.555877],[-0.208336,51.555887],[-0.208265,51.555907],[-0.208234,51.555916],[-0.208187,51.555926],[-0.208166,51.555931],[-0.208079,51.55595],[-0.208074,51.555951],[-0.208049,51.555957],[-0.207956,51.555977],[-0.207918,51.555985],[-0.207907,51.555988],[-0.207789,51.556013],[-0.207762,51.556019],[-0.207712,51.55603],[-0.207687,51.556036],[-0.207679,51.556037],[-0.20758,51.556059],[-0.207534,51.556069],[-0.207509,51.556075],[-0.207449,51.556088],[-0.207382,51.556102],[-0.207344,51.556111],[-0.207282,51.556124],[-0.207278,51.556125],[-0.207266,51.556128],[-0.207223,51.556137],[-0.207039,51.556178],[-0.207024,51.556181],[-0.207017,51.556182],[-0.207006,51.556185],[-0.206998,51.556186],[-0.206883,51.556212],[-0.20685,51.556219],[-0.206827,51.556224],[-0.206736,51.556244],[-0.206698,51.556252],[-0.206668,51.55626],[-0.206609,51.556276],[-0.206455,51.556317],[-0.206451,51.556318],[-0.206429,51.556324],[-0.206218,51.556381],[-0.205984,51.556444],[-0.205978,51.556445],[-0.205958,51.556388],[-0.205876,51.556151],[-0.205854,51.556022],[-0.205841,51.555939],[-0.205825,51.555624],[-0.205825,51.555612],[-0.2058,51.555495],[-0.205774,51.555366],[-0.205753,51.555306],[-0.205749,51.555292],[-0.205723,51.555294],[-0.205552,51.555308],[-0.205409,51.555319],[-0.205365,51.555322],[-0.205266,51.55533],[-0.20524,51.555334],[-0.205126,51.555351],[-0.205025,51.555366],[-0.204976,51.555374],[-0.204789,51.555405],[-0.204752,51.555413],[-0.204597,51.555448],[-0.204385,51.555495],[-0.204193,51.555567],[-0.204089,51.555606],[-0.204055,51.555611],[-0.20405,51.555612],[-0.20393,51.555629],[-0.203571,51.55568],[-0.203522,51.555687],[-0.2035,51.55569],[-0.203306,51.555713],[-0.202984,51.555751],[-0.202968,51.555753],[-0.202915,51.555759],[-0.202389,51.555836],[-0.202052,51.555885],[-0.201827,51.555918],[-0.201525,51.555965],[-0.201494,51.55597],[-0.201297,51.556005],[-0.201286,51.556007],[-0.201225,51.556017],[-0.200957,51.556064],[-0.200953,51.556065],[-0.200844,51.556087],[-0.200534,51.556149],[-0.200526,51.55615],[-0.20052,51.556151],[-0.200422,51.556159],[-0.200293,51.556171],[-0.200277,51.556172],[-0.200145,51.556184],[-0.199967,51.556189],[-0.199435,51.556194],[-0.199406,51.556194],[-0.199385,51.556194],[-0.199395,51.556211],[-0.199408,51.556234],[-0.199422,51.556258],[-0.199439,51.556287],[-0.199455,51.55633],[-0.19946,51.556344],[-0.199477,51.556462],[-0.199494,51.556504],[-0.19958,51.55665],[-0.199646,51.556827],[-0.199653,51.556883],[-0.199652,51.5569],[-0.199652,51.556903],[-0.19965,51.556935],[-0.199638,51.556973],[-0.199635,51.556982],[-0.199623,51.557009],[-0.199601,51.557057],[-0.199475,51.557253],[-0.199281,51.557495],[-0.199102,51.557719],[-0.199028,51.557764],[-0.198955,51.5578],[-0.198884,51.557835],[-0.198857,51.557852],[-0.198848,51.557857],[-0.198815,51.557879],[-0.198766,51.557909],[-0.198667,51.557994],[-0.198615,51.558038],[-0.198578,51.558076],[-0.198559,51.558096],[-0.198556,51.558099],[-0.198536,51.558125],[-0.198509,51.558159],[-0.198497,51.558189],[-0.198487,51.558213],[-0.198483,51.558223],[-0.198474,51.55826],[-0.198475,51.558351],[-0.198475,51.558358],[-0.198475,51.55839],[-0.198475,51.558393],[-0.198475,51.558451],[-0.198467,51.558583],[-0.198456,51.558761],[-0.198381,51.558815],[-0.198353,51.558836],[-0.198343,51.558843],[-0.198206,51.558943],[-0.198201,51.558947],[-0.198192,51.558953],[-0.198144,51.558988],[-0.198073,51.559038],[-0.197962,51.559118],[-0.197599,51.558881],[-0.197565,51.5589],[-0.19754,51.558915],[-0.197436,51.558963],[-0.197346,51.559005],[-0.197321,51.559016],[-0.197213,51.559049],[-0.197201,51.559052],[-0.197009,51.55911],[-0.196904,51.559147],[-0.196858,51.559163],[-0.196832,51.559172],[-0.196793,51.559186],[-0.196783,51.559168],[-0.196765,51.559136],[-0.196722,51.559058],[-0.196681,51.559007],[-0.196658,51.558977],[-0.19665,51.558966],[-0.196645,51.55896],[-0.196636,51.558949],[-0.196617,51.558925],[-0.196615,51.558923],[-0.196601,51.558905]]]}},{"type":"Feature","properties":{"LSOA21CD":"E01000872","LSOA21NM":"Camden 005B","MEAN_PTAL_":"4","mean_AI":17.2026928507,"borough":"Camden"},"geometry":{"type":"Polygon","coordinates":[[[-0.21047,51.553466],[-0.210489,51.553452],[-0.210114,51.553653],[-0.21004,51.553693],[-0.209912,51.553759],[-0.209894,51.553768],[-0.209823,51.553805],[-0.209512,51.553965],[-0.2095,51.553971],[-0.20948,51.553981],[-0.20941,51.553917],[-0.20878,51.554217],[-0.208755,51.554229],[-0.208696,51.554283],[-0.208787,51.554458],[-0.208818,51.554497],[-0.208849,51.554535],[-0.208858,51.554543],[-0.208885,51.554566],[-0.208914,51.554584],[-0.208933,51.554591],[-0.208954,51.5546],[-0.209009,51.554611],[-0.209016,51.554612],[-0.209068,51.554616],[-0.209093,51.554614],[-0.209142,51.554611],[-0.209191,51.554635],[-0.209269,51.554673],[-0.209387,51.55473],[-0.209399,51.554736],[-0.209405,51.554747],[-0.209503,51.55492],[-0.209568,51.555035],[-0.209583,51.555052],[-0.209553,51.555062],[-0.208976,51.555268],[-0.208966,51.555271],[-0.208954,51.555281],[-0.208948,51.555285],[-0.208898,51.555267],[-0.208891,51.555264],[-0.208843,51.555238],[-0.208839,51.555236],[-0.208835,51.555234],[-0.208794,51.555192],[-0.208762,51.55516],[-0.208739,51.555136],[-0.208693,51.555089],[-0.20869,51.555086],[-0.208679,51.555075],[-0.208626,51.55502],[-0.208573,51.554967],[-0.208511,51.554903],[-0.208454,51.554845],[-0.208393,51.554782],[-0.208347,51.554736],[-0.208313,51.554701],[-0.208267,51.554657],[-0.20814,51.554536],[-0.208114,51.554512],[-0.208092,51.554491],[-0.207962,51.554367],[-0.207879,51.554288],[-0.207832,51.554243],[-0.207773,51.554188],[-0.207735,51.554151],[-0.207696,51.554114],[-0.207659,51.554079],[-0.207639,51.55406],[-0.207585,51.554008],[-0.207521,51.553947],[-0.207506,51.553933],[-0.207357,51.553998],[-0.207286,51.554029],[-0.207228,51.553977],[-0.207202,51.553955],[-0.207191,51.553946],[-0.207114,51.55388],[-0.207057,51.553832],[-0.206957,51.553747],[-0.206944,51.553737],[-0.206877,51.553679],[-0.206867,51.553671],[-0.206861,51.553667],[-0.206747,51.553585],[-0.206728,51.553571],[-0.206692,51.553548],[-0.206659,51.553527],[-0.206627,51.553507],[-0.206554,51.55346],[-0.20648,51.553414],[-0.206263,51.553275],[-0.206242,51.553263],[-0.20615,51.553211],[-0.206048,51.553157],[-0.205772,51.553013],[-0.205655,51.552951],[-0.205645,51.552946],[-0.205341,51.55279],[-0.20533,51.552785],[-0.205349,51.552776],[-0.205409,51.552748],[-0.205668,51.552628],[-0.206111,51.552415],[-0.206212,51.552366],[-0.20622,51.552362],[-0.206194,51.552346],[-0.20614,51.552312],[-0.206008,51.552226],[-0.205878,51.552142],[-0.205723,51.552041],[-0.205659,51.552],[-0.205473,51.551891],[-0.205451,51.551879],[-0.205369,51.551831],[-0.205372,51.551824],[-0.205381,51.551802],[-0.205358,51.551788],[-0.205511,51.551595],[-0.205522,51.551576],[-0.20554,51.551539],[-0.20561,51.551396],[-0.205626,51.551329],[-0.205632,51.551216],[-0.205612,51.551142],[-0.20559,51.551108],[-0.205377,51.550936],[-0.205345,51.55093],[-0.205374,51.550924],[-0.205661,51.550829],[-0.205843,51.550761],[-0.205861,51.550768],[-0.205878,51.550774],[-0.205893,51.550768],[-0.20602,51.550879],[-0.206025,51.550884],[-0.206106,51.550955],[-0.206113,51.550951],[-0.206746,51.550673],[-0.206795,51.550723],[-0.20682,51.550748],[-0.206895,51.550808],[-0.206974,51.550855],[-0.206983,51.550861],[-0.20702,51.550879],[-0.20703,51.550884],[-0.207044,51.550938],[-0.20707,51.550988],[-0.207122,51.551062],[-0.207219,51.551154],[-0.207265,51.551188],[-0.207333,51.551186],[-0.207593,51.551177],[-0.207993,51.551163],[-0.208242,51.550992],[-0.208254,51.551001],[-0.208395,51.551104],[-0.20848,51.551168],[-0.208577,51.551239],[-0.208631,51.551276],[-0.208789,51.551385],[-0.20882,51.551406],[-0.208946,51.551493],[-0.209007,51.551535],[-0.209093,51.551594],[-0.209111,51.551607],[-0.209149,51.551632],[-0.209183,51.551658],[-0.2092,51.55167],[-0.209206,51.551674],[-0.209264,51.551717],[-0.209276,51.551726],[-0.209373,51.551798],[-0.209394,51.551813],[-0.209423,51.551835],[-0.20944,51.551847],[-0.209582,51.551952],[-0.20964,51.551995],[-0.209732,51.552062],[-0.209763,51.552084],[-0.209767,51.552086],[-0.209775,51.552092],[-0.209893,51.552175],[-0.210023,51.552265],[-0.210108,51.552324],[-0.210114,51.552329],[-0.210119,51.552332],[-0.210178,51.552373],[-0.210205,51.552392],[-0.210234,51.552412],[-0.210252,51.552425],[-0.210285,51.552448],[-0.210293,51.552453],[-0.210323,51.552476],[-0.210389,51.552527],[-0.210408,51.552542],[-0.210476,51.552594],[-0.210515,51.552624],[-0.210527,51.552633],[-0.210552,51.552652],[-0.210571,51.552667],[-0.210603,51.552692],[-0.210618,51.552703],[-0.210663,51.552738],[-0.210682,51.552752],[-0.210709,51.552773],[-0.210721,51.552782],[-0.210726,51.552786],[-0.210752,51.552805],[-0.210772,51.55282],[-0.210818,51.552854],[-0.210872,51.552894],[-0.210925,51.552934],[-0.210939,51.552944],[-0.210984,51.552977],[-0.211064,51.553037],[-0.211141,51.553094],[-0.21116,51.553108],[-0.211201,51.553138],[-0.211222,51.553154],[-0.211283,51.553199],[-0.211309,51.553222],[-0.211317,51.553229],[-0.211391,51.553292],[-0.211403,51.553303],[-0.211465,51.553356],[-0.211475,51.553365],[-0.211503,51.553389],[-0.211533,51.553415],[-0.211557,51.553436],[-0.211571,51.553448],[-0.211578,51.553454],[-0.211681,51.553543],[-0.211712,51.553569],[-0.211743,51.553596],[-0.211758,51.553609],[-0.211903,51.553696],[-0.211916,51.553704],[-0.211928,51.55371],[-0.211963,51.553727],[-0.212141,51.553815],[-0.212244,51.553865],[-0.212254,51.55387],[-0.212357,51.55394],[-0.212366,51.553951],[-0.212392,51.553984],[-0.212395,51.553988],[-0.212401,51.553995],[-0.212408,51.554028],[-0.212409,51.554031],[-0.212408,51.554034],[-0.212405,51.554044],[-0.212403,51.554048],[-0.212401,51.554055],[-0.212393,51.554078],[-0.21239,51.554089],[-0.212377,51.554104],[-0.212355,51.554129],[-0.212354,51.554137],[-0.212353,51.554155],[-0.212351,51.554179],[-0.21235,51.554189],[-0.212348,51.554215],[-0.212346,51.554252],[-0.212343,51.554288],[-0.21236,51.5543],[-0.212371,51.554308],[-0.212464,51.554375],[-0.212511,51.554407],[-0.212636,51.55449],[-0.21266,51.554506],[-0.212673,51.554514],[-0.212689,51.554525],[-0.21272,51.554546],[-0.212738,51.554558],[-0.212762,51.554574],[-0.212799,51.554599],[-0.212811,51.554607],[-0.212818,51.554612],[-0.212876,51.55465],[-0.212906,51.554678],[-0.212943,51.554711],[-0.212957,51.554724],[-0.213006,51.554768],[-0.213085,51.55484],[-0.213092,51.554846],[-0.213102,51.554855],[-0.21314,51.55489],[-0.213152,51.5549],[-0.213175,51.554921],[-0.213197,51.554941],[-0.213213,51.554956],[-0.213216,51.554958],[-0.213262,51.554999],[-0.213328,51.555056],[-0.213338,51.555064],[-0.21336,51.555084],[-0.213376,51.555098],[-0.21343,51.555145],[-0.213438,51.555152],[-0.213147,51.555318],[-0.21302,51.555391],[-0.213011,51.555396],[-0.212889,51.555466],[-0.212859,51.555483],[-0.212775,51.555531],[-0.212769,51.555534],[-0.212737,51.555553],[-0.212719,51.555563],[-0.212699,51.555575],[-0.212642,51.555607],[-0.212629,51.555614],[-0.212584,51.55564],[-0.212517,51.555679],[-0.212431,51.55572],[-0.212413,51.555728],[-0.212375,51.555746],[-0.212358,51.555755],[-0.212273,51.555795],[-0.212259,51.555802],[-0.212253,51.555804],[-0.212209,51.555822],[-0.212113,51.555859],[-0.212109,51.555861],[-0.212053,51.555882],[-0.212036,51.555889],[-0.212009,51.555902],[-0.211987,51.555912],[-0.211971,51.55592],[-0.211951,51.555934],[-0.211923,51.555952],[-0.211873,51.555985],[-0.211843,51.556005],[-0.211823,51.556018],[-0.211813,51.556026],[-0.211802,51.556035],[-0.211793,51.556043],[-0.211771,51.556061],[-0.211752,51.556077],[-0.211727,51.556103],[-0.211711,51.556119],[-0.211674,51.556157],[-0.211654,51.556164],[-0.211608,51.556181],[-0.21157,51.556195],[-0.211563,51.556198],[-0.211223,51.556324],[-0.211148,51.55635],[-0.210987,51.556407],[-0.210905,51.556435],[-0.210897,51.556438],[-0.210861,51.556451],[-0.210836,51.55646],[-0.21082,51.556465],[-0.210793,51.556433],[-0.210772,51.556408],[-0.210749,51.556381],[-0.210699,51.556321],[-0.210676,51.556293],[-0.210619,51.556226],[-0.210603,51.556206],[-0.210525,51.556113],[-0.210496,51.556078],[-0.210452,51.556025],[-0.210419,51.555986],[-0.210415,51.555982],[-0.210411,51.555976],[-0.21034,51.555897],[-0.210337,51.555894],[-0.210267,51.555815],[-0.21026,51.555806],[-0.210181,51.555718],[-0.210165,51.555699],[-0.210131,51.555661],[-0.210101,51.555627],[-0.210083,51.555594],[-0.210058,51.555545],[-0.210039,51.555516],[-0.210004,51.555473],[-0.210093,51.555432],[-0.210767,51.555123],[-0.210679,51.555043],[-0.210649,51.555016],[-0.210578,51.554952],[-0.210544,51.554922],[-0.210542,51.554919],[-0.210494,51.554877],[-0.210375,51.55477],[-0.210331,51.554731],[-0.210219,51.55463],[-0.210064,51.554494],[-0.210042,51.554475],[-0.210039,51.554467],[-0.210066,51.55446],[-0.210186,51.554445],[-0.210528,51.554402],[-0.210454,51.554338],[-0.210418,51.554308],[-0.21038,51.554255],[-0.210364,51.554233],[-0.210354,51.554184],[-0.210345,51.554138],[-0.210346,51.554104],[-0.210359,51.554064],[-0.210367,51.55406],[-0.21048,51.554003],[-0.210516,51.553988],[-0.210522,51.553984],[-0.210641,51.553925],[-0.210717,51.553896],[-0.210729,51.553888],[-0.210835,51.553838],[-0.210918,51.553796],[-0.210982,51.553756],[-0.21047,51.553466]]]}},{"type":"Feature","properties":{"LSOA21CD":"E01000873","LSOA21NM":"Camden 005C","MEAN_PTAL_":"2","mean_AI":8.40938233873,"borough":"Camden"},"geometry":{"type":"Polygon","coordinates":[[[-0.198506,51.554628],[-0.198478,51.554604],[-0.198464,51.554613],[-0.19842,51.554612],[-0.198411,51.554608],[-0.198378,51.554593],[-0.198322,51.554548],[-0.198308,51.554547],[-0.198174,51.55446],[-0.198125,51.554428],[-0.19804,51.554381],[-0.197969,51.554353],[-0.197857,51.554325],[-0.197783,51.554306],[-0.197641,51.554267],[-0.197593,51.554255],[-0.197462,51.554221],[-0.197398,51.554201],[-0.197363,51.554193],[-0.197326,51.554185],[-0.197311,51.554182],[-0.196969,51.554106],[-0.19694,51.5541],[-0.196889,51.554088],[-0.196812,51.554066],[-0.196856,51.55404],[-0.196938,51.553985],[-0.196944,51.553974],[-0.197008,51.553939],[-0.19702,51.553932],[-0.197046,51.553914],[-0.197069,51.553899],[-0.197151,51.553845],[-0.197232,51.553792],[-0.197237,51.553789],[-0.197245,51.553783],[-0.197256,51.553776],[-0.197272,51.553766],[-0.197279,51.553761],[-0.19733,51.553727],[-0.197368,51.553702],[-0.19744,51.553654],[-0.197452,51.553646],[-0.197465,51.553637],[-0.197502,51.553613],[-0.197508,51.553609],[-0.197512,51.553606],[-0.197529,51.553595],[-0.197544,51.553585],[-0.197607,51.553542],[-0.197633,51.553525],[-0.197679,51.553494],[-0.197704,51.553477],[-0.197718,51.553467],[-0.197795,51.553416],[-0.197799,51.553412],[-0.197855,51.553375],[-0.19787,51.553365],[-0.197959,51.553305],[-0.197971,51.553297],[-0.197993,51.553282],[-0.198023,51.553256],[-0.198062,51.553234],[-0.19808,51.553223],[-0.198094,51.553214],[-0.19813,51.553194],[-0.198139,51.553187],[-0.198141,51.553182],[-0.19815,51.553176],[-0.19816,51.553169],[-0.198221,51.553127],[-0.198265,51.553097],[-0.198358,51.553033],[-0.198368,51.553026],[-0.198388,51.553013],[-0.198391,51.55301],[-0.198442,51.552976],[-0.19846,51.552964],[-0.198476,51.552953],[-0.198483,51.552948],[-0.19856,51.552897],[-0.198583,51.552883],[-0.198685,51.552823],[-0.198693,51.552818],[-0.198694,51.5528],[-0.198688,51.552786],[-0.198686,51.552783],[-0.198653,51.552707],[-0.198634,51.552665],[-0.198599,51.552585],[-0.198594,51.552586],[-0.198581,51.552549],[-0.198569,51.552518],[-0.198547,51.552461],[-0.198531,51.552434],[-0.198469,51.552293],[-0.198453,51.55226],[-0.198447,51.552249],[-0.198427,51.552256],[-0.198391,51.552256],[-0.198388,51.552247],[-0.198249,51.551936],[-0.198127,51.551767],[-0.198188,51.551743],[-0.198198,51.551739],[-0.198231,51.551728],[-0.198275,51.551714],[-0.19828,51.551712],[-0.198291,51.551709],[-0.198374,51.551681],[-0.198435,51.551661],[-0.198462,51.551653],[-0.198468,51.551651],[-0.198494,51.551642],[-0.198535,51.551636],[-0.198544,51.551635],[-0.198604,51.551626],[-0.198729,51.551607],[-0.198771,51.551601],[-0.198803,51.551596],[-0.19882,51.551594],[-0.198875,51.551585],[-0.198907,51.551581],[-0.198927,51.551578],[-0.19896,51.551573],[-0.19909,51.551553],[-0.19913,51.551548],[-0.199118,51.551525],[-0.199083,51.551459],[-0.199002,51.551305],[-0.198997,51.551295],[-0.198994,51.551289],[-0.198979,51.55126],[-0.198969,51.551241],[-0.198964,51.551233],[-0.198948,51.551202],[-0.198922,51.551152],[-0.198906,51.551123],[-0.198892,51.551096],[-0.19888,51.551072],[-0.198866,51.551047],[-0.19884,51.550996],[-0.198827,51.550972],[-0.198792,51.550905],[-0.19877,51.550864],[-0.198763,51.55085],[-0.198951,51.550814],[-0.198968,51.550811],[-0.198982,51.550806],[-0.199175,51.550737],[-0.199206,51.550725],[-0.199249,51.550706],[-0.199252,51.550704],[-0.199272,51.550701],[-0.19933,51.55069],[-0.199337,51.550689],[-0.199351,51.550687],[-0.199366,51.550685],[-0.199376,51.550683],[-0.199388,51.550681],[-0.19949,51.550661],[-0.199503,51.550658],[-0.19959,51.55058],[-0.199604,51.550526],[-0.199586,51.550473],[-0.199584,51.550468],[-0.199575,51.550449],[-0.199546,51.55039],[-0.199532,51.550371],[-0.199479,51.550301],[-0.199476,51.550296],[-0.199471,51.550289],[-0.199458,51.550277],[-0.199401,51.55024],[-0.199384,51.550233],[-0.199328,51.550209],[-0.199229,51.550184],[-0.199182,51.550173],[-0.199177,51.55017],[-0.199171,51.55017],[-0.199123,51.55017],[-0.199107,51.55017],[-0.199101,51.55017],[-0.199094,51.55017],[-0.199045,51.550171],[-0.198988,51.550172],[-0.198979,51.550171],[-0.198937,51.550168],[-0.198914,51.550166],[-0.19891,51.550163],[-0.198892,51.550149],[-0.198871,51.550134],[-0.198857,51.550121],[-0.1988,51.550082],[-0.198795,51.55008],[-0.198776,51.550072],[-0.198717,51.550031],[-0.198686,51.549972],[-0.198678,51.549923],[-0.198683,51.549871],[-0.198696,51.54984],[-0.19871,51.549838],[-0.19874,51.549836],[-0.198745,51.549836],[-0.198756,51.549835],[-0.198815,51.549837],[-0.198934,51.549863],[-0.198973,51.549871],[-0.199011,51.549879],[-0.199017,51.54988],[-0.199044,51.549886],[-0.199082,51.549894],[-0.199106,51.549899],[-0.19916,51.54991],[-0.199198,51.549918],[-0.199211,51.549921],[-0.199266,51.549938],[-0.199275,51.54994],[-0.199298,51.549947],[-0.199335,51.549958],[-0.199492,51.550006],[-0.199515,51.550013],[-0.19956,51.550027],[-0.199572,51.550031],[-0.199681,51.550064],[-0.19971,51.550073],[-0.199727,51.550078],[-0.199785,51.550095],[-0.199797,51.550099],[-0.199805,51.550101],[-0.199813,51.550104],[-0.199867,51.55012],[-0.19991,51.550139],[-0.199972,51.550165],[-0.200146,51.550239],[-0.200151,51.550241],[-0.200211,51.550272],[-0.200235,51.550285],[-0.200271,51.550304],[-0.200287,51.550312],[-0.200323,51.550331],[-0.200404,51.550372],[-0.200416,51.550382],[-0.200452,51.550398],[-0.200561,51.550445],[-0.200678,51.55068],[-0.200755,51.550835],[-0.200824,51.550974],[-0.200913,51.550973],[-0.200947,51.550973],[-0.20108,51.550971],[-0.201121,51.550945],[-0.201214,51.550867],[-0.201229,51.550824],[-0.201261,51.55077],[-0.20133,51.550694],[-0.201399,51.550629],[-0.20158,51.551081],[-0.201527,51.551097],[-0.201491,51.551112],[-0.20148,51.551117],[-0.201225,51.551157],[-0.201181,51.551174],[-0.201158,51.551181],[-0.201174,51.55121],[-0.201201,51.551211],[-0.20128,51.551213],[-0.201291,51.55121],[-0.201631,51.551372],[-0.201656,51.551383],[-0.20169,51.551405],[-0.201733,51.55139],[-0.201797,51.551377],[-0.20189,51.551368],[-0.201942,51.55137],[-0.202033,51.551383],[-0.202151,51.551401],[-0.202165,51.55141],[-0.202166,51.551432],[-0.202195,51.551451],[-0.202262,51.551477],[-0.202266,51.551479],[-0.202246,51.551496],[-0.202206,51.551532],[-0.202176,51.551558],[-0.202175,51.551594],[-0.202179,51.551602],[-0.202183,51.551609],[-0.20233,51.551863],[-0.202356,51.551908],[-0.202407,51.551995],[-0.2025,51.552156],[-0.20258,51.552295],[-0.202726,51.552545],[-0.202731,51.552555],[-0.202796,51.552667],[-0.202805,51.552683],[-0.202825,51.552716],[-0.202863,51.552783],[-0.202873,51.552799],[-0.202887,51.552824],[-0.202901,51.552847],[-0.202913,51.552869],[-0.20292,51.55288],[-0.202936,51.552908],[-0.202961,51.552951],[-0.202978,51.552981],[-0.203105,51.5532],[-0.20312,51.553226],[-0.203124,51.553232],[-0.203161,51.553296],[-0.20318,51.553328],[-0.203252,51.553453],[-0.203304,51.553543],[-0.203257,51.55351],[-0.202924,51.553581],[-0.202773,51.553612],[-0.20282,51.553691],[-0.202824,51.553697],[-0.202793,51.553678],[-0.202717,51.553631],[-0.202705,51.553637],[-0.202681,51.553651],[-0.202577,51.55371],[-0.202558,51.553721],[-0.202416,51.553477],[-0.202397,51.553445],[-0.202375,51.55345],[-0.202358,51.553453],[-0.202299,51.553466],[-0.202235,51.553479],[-0.202042,51.55352],[-0.202034,51.553519],[-0.201978,51.553528],[-0.201955,51.553534],[-0.201935,51.553543],[-0.201903,51.553556],[-0.201955,51.553661],[-0.20206,51.55385],[-0.20209,51.553907],[-0.202073,51.553917],[-0.201944,51.553998],[-0.20194,51.554],[-0.201871,51.554067],[-0.2018,51.554156],[-0.201753,51.554169],[-0.201256,51.554255],[-0.201129,51.554277],[-0.201093,51.554282],[-0.20046,51.55436],[-0.200363,51.554372],[-0.200047,51.554412],[-0.19988,51.55443],[-0.199798,51.554465],[-0.199414,51.554626],[-0.19902,51.554747],[-0.19891,51.55478],[-0.198722,51.554817],[-0.198699,51.554822],[-0.198461,51.554658],[-0.198506,51.554628]]]}},{"type":"Feature","properties":{"LSOA21CD":"E01000874","LSOA21NM":"Camden 005D","MEAN_PTAL_":"5","mean_AI":22.5183128349,"borough":"Camden"},"geometry":{"type":"Polygon","coordinates":[[[-0.190964,51.554177],[-0.190801,51.554088],[-0.190683,51.554023],[-0.190672,51.554017],[-0.190563,51.553957],[-0.190527,51.553938],[-0.190464,51.553903],[-0.19046,51.553901],[-0.190409,51.553873],[-0.190301,51.553814],[-0.190208,51.553763],[-0.19008,51.553693],[-0.189938,51.553615],[-0.18993,51.553611],[-0.189918,51.553604],[-0.189868,51.553577],[-0.18986,51.553572],[-0.189847,51.553565],[-0.189619,51.553436],[-0.189566,51.553407],[-0.189552,51.553398],[-0.189508,51.553374],[-0.189421,51.553325],[-0.189382,51.553302],[-0.189343,51.553281],[-0.189322,51.553269],[-0.189314,51.553264],[-0.189256,51.553232],[-0.189195,51.553197],[-0.189159,51.553177],[-0.189098,51.553142],[-0.189073,51.553128],[-0.189006,51.55309],[-0.189,51.553087],[-0.188756,51.552949],[-0.189227,51.552829],[-0.189338,51.552801],[-0.189495,51.552761],[-0.18966,51.552719],[-0.189729,51.552702],[-0.189837,51.552675],[-0.189841,51.552674],[-0.189845,51.552673],[-0.190167,51.552591],[-0.190363,51.552541],[-0.190482,51.552511],[-0.190489,51.55251],[-0.190575,51.552488],[-0.190689,51.552459],[-0.190832,51.552423],[-0.190848,51.55242],[-0.19114,51.552361],[-0.191164,51.552354],[-0.19118,51.55235],[-0.19121,51.552342],[-0.191216,51.552341],[-0.191383,51.552298],[-0.191414,51.552289],[-0.191477,51.552273],[-0.191485,51.552271],[-0.191527,51.55226],[-0.191559,51.552254],[-0.191735,51.55222],[-0.191847,51.552198],[-0.191852,51.552197],[-0.192139,51.552142],[-0.192145,51.55214],[-0.192154,51.552139],[-0.192274,51.552108],[-0.192304,51.552101],[-0.192378,51.552074],[-0.192416,51.552064],[-0.192449,51.552057],[-0.192479,51.552053],[-0.192545,51.552045],[-0.192572,51.552044],[-0.192598,51.552044],[-0.192727,51.552072],[-0.192761,51.55208],[-0.192796,51.55209],[-0.192835,51.552102],[-0.192842,51.552104],[-0.192848,51.552106],[-0.192862,51.552111],[-0.192902,51.552125],[-0.192914,51.552128],[-0.192917,51.55213],[-0.193046,51.552185],[-0.193057,51.552188],[-0.193078,51.552192],[-0.193107,51.552198],[-0.193162,51.552206],[-0.193199,51.55221],[-0.193271,51.552212],[-0.193323,51.552208],[-0.193431,51.55219],[-0.193454,51.552187],[-0.193552,51.552171],[-0.193556,51.55217],[-0.193578,51.552167],[-0.193609,51.552162],[-0.193694,51.552148],[-0.193728,51.552143],[-0.193848,51.552124],[-0.19391,51.552114],[-0.193932,51.55211],[-0.193986,51.552102],[-0.193996,51.5521],[-0.194005,51.552098],[-0.194084,51.552088],[-0.194112,51.552084],[-0.194128,51.552082],[-0.194164,51.552077],[-0.194264,51.552068],[-0.194274,51.552067],[-0.194291,51.552066],[-0.194335,51.552061],[-0.194416,51.552057],[-0.194439,51.552055],[-0.194505,51.552052],[-0.194534,51.552051],[-0.194557,51.55205],[-0.194599,51.552049],[-0.194606,51.552048],[-0.194613,51.552048],[-0.194619,51.552048],[-0.194742,51.552044],[-0.194769,51.552043],[-0.194829,51.552041],[-0.194846,51.552041],[-0.194909,51.552039],[-0.194923,51.552038],[-0.194956,51.552037],[-0.194966,51.552037],[-0.195031,51.552035],[-0.195193,51.552029],[-0.195281,51.552027],[-0.195315,51.552026],[-0.195418,51.552023],[-0.195423,51.552023],[-0.195472,51.552021],[-0.195667,51.552015],[-0.195679,51.552015],[-0.195712,51.552014],[-0.195802,51.552011],[-0.195808,51.55201],[-0.195877,51.552008],[-0.195956,51.552006],[-0.196072,51.552002],[-0.196093,51.552002],[-0.196176,51.551999],[-0.196306,51.551995],[-0.196318,51.551994],[-0.196401,51.551992],[-0.196468,51.55199],[-0.196475,51.551989],[-0.196551,51.551987],[-0.196558,51.551987],[-0.196578,51.551986],[-0.196685,51.551983],[-0.196726,51.551982],[-0.196774,51.55198],[-0.196857,51.551977],[-0.196965,51.551974],[-0.197018,51.551972],[-0.197023,51.551972],[-0.197139,51.551969],[-0.197155,51.551968],[-0.197179,51.551967],[-0.197205,51.551966],[-0.197279,51.551959],[-0.197285,51.551958],[-0.197291,51.551958],[-0.197328,51.551954],[-0.197381,51.551949],[-0.197531,51.551934],[-0.197575,51.551929],[-0.197592,51.551928],[-0.19762,51.551923],[-0.197632,51.551921],[-0.197637,51.55192],[-0.197743,51.551901],[-0.197862,51.551867],[-0.197871,51.551864],[-0.197899,51.551856],[-0.197915,51.551851],[-0.197926,51.551848],[-0.197962,51.551833],[-0.197983,51.551825],[-0.197999,51.551819],[-0.198015,51.551812],[-0.198061,51.551793],[-0.198127,51.551767],[-0.198249,51.551936],[-0.198388,51.552247],[-0.19834,51.552255],[-0.198169,51.552289],[-0.198133,51.552296],[-0.198082,51.552306],[-0.198006,51.552322],[-0.197951,51.552335],[-0.197871,51.552354],[-0.197758,51.552381],[-0.197656,51.552406],[-0.197583,51.552441],[-0.197482,51.552482],[-0.197416,51.552508],[-0.197404,51.552513],[-0.197378,51.552524],[-0.197261,51.552571],[-0.197227,51.552591],[-0.197145,51.552639],[-0.197139,51.552643],[-0.197084,51.552676],[-0.196995,51.552729],[-0.196971,51.552744],[-0.196938,51.552764],[-0.196887,51.552796],[-0.196853,51.552817],[-0.196841,51.552804],[-0.196847,51.552793],[-0.19682,51.552782],[-0.196787,51.552747],[-0.196716,51.552671],[-0.196574,51.55252],[-0.196631,51.552506],[-0.196718,51.552473],[-0.196766,51.552444],[-0.196771,51.552443],[-0.196788,51.552437],[-0.196794,51.552435],[-0.196842,51.552412],[-0.196884,51.55238],[-0.196916,51.552371],[-0.197013,51.552327],[-0.197087,51.552277],[-0.19712,51.552241],[-0.197122,51.552235],[-0.197072,51.55221],[-0.197056,51.552205],[-0.196942,51.552169],[-0.196885,51.552163],[-0.196824,51.552166],[-0.196784,51.552175],[-0.196767,51.552178],[-0.196686,51.552176],[-0.196602,51.552203],[-0.196593,51.552206],[-0.196585,51.552203],[-0.196566,51.552201],[-0.196515,51.552194],[-0.196408,51.552196],[-0.196347,51.552209],[-0.196339,51.552212],[-0.196228,51.552249],[-0.196229,51.552252],[-0.195967,51.552255],[-0.195781,51.552257],[-0.195737,51.55228],[-0.195694,51.552268],[-0.195755,51.552332],[-0.195764,51.55234],[-0.19577,51.552354],[-0.195803,51.552386],[-0.195831,51.552412],[-0.19584,51.552416],[-0.195858,51.552428],[-0.195947,51.552511],[-0.195957,51.552535],[-0.195978,51.552555],[-0.195984,51.552561],[-0.196007,51.552583],[-0.196039,51.552597],[-0.196108,51.552661],[-0.196156,51.552706],[-0.196186,51.552734],[-0.196319,51.552858],[-0.196337,51.552895],[-0.196348,51.552939],[-0.195793,51.552999],[-0.195775,51.552997],[-0.195636,51.553085],[-0.19541,51.553227],[-0.195709,51.553573],[-0.195674,51.553598],[-0.195558,51.553678],[-0.195332,51.553557],[-0.195137,51.553459],[-0.195108,51.553444],[-0.195083,51.553439],[-0.195076,51.553437],[-0.195084,51.553432],[-0.195027,51.553404],[-0.194964,51.553372],[-0.194919,51.553355],[-0.194864,51.553334],[-0.194788,51.553305],[-0.194751,51.553292],[-0.194666,51.55326],[-0.194612,51.553239],[-0.194606,51.553244],[-0.194603,51.553247],[-0.194608,51.553253],[-0.194527,51.55331],[-0.194294,51.553541],[-0.194196,51.553496],[-0.194086,51.553471],[-0.194071,51.553468],[-0.193976,51.553447],[-0.193909,51.553446],[-0.193855,51.553449],[-0.193844,51.55345],[-0.193568,51.553326],[-0.193543,51.553344],[-0.193534,51.553341],[-0.193487,51.553418],[-0.193483,51.553424],[-0.193466,51.553446],[-0.193443,51.553476],[-0.193445,51.553482],[-0.193414,51.553523],[-0.193406,51.553541],[-0.193394,51.553559],[-0.193248,51.553716],[-0.193216,51.553739],[-0.193174,51.553781],[-0.193156,51.553803],[-0.19306,51.55389],[-0.193052,51.553895],[-0.193015,51.553928],[-0.192981,51.553964],[-0.192964,51.553983],[-0.192925,51.553985],[-0.192901,51.553988],[-0.192828,51.553997],[-0.19274,51.554008],[-0.192505,51.55408],[-0.192456,51.554103],[-0.192422,51.55413],[-0.192397,51.554162],[-0.192342,51.554232],[-0.192315,51.554222],[-0.192191,51.554199],[-0.191873,51.554141],[-0.191834,51.554115],[-0.191758,51.554133],[-0.191754,51.554132],[-0.191742,51.55414],[-0.191701,51.554167],[-0.191652,51.554204],[-0.191419,51.554378],[-0.191435,51.554388],[-0.1914,51.554415],[-0.191139,51.554273],[-0.19109,51.554246],[-0.191024,51.55421],[-0.190964,51.554177]]]}},{"type":"Feature","properties":{"LSOA21CD":"E01000875","LSOA21NM":"Camden 013A","MEAN_PTAL_":"4","mean_AI":18.6506127713,"borough":"Camden"},"geometry":{"type":"Polygon","coordinates":[[[-0.201942,51.55137],[-0.20189,51.551368],[-0.201797,51.551377],[-0.201733,51.55139],[-0.20169,51.551405],[-0.201656,51.551383],[-0.201631,51.551372],[-0.201291,51.55121],[-0.20128,51.551213],[-0.201201,51.551211],[-0.201174,51.55121],[-0.201158,51.551181],[-0.201181,51.551174],[-0.201225,51.551157],[-0.20148,51.551117],[-0.201491,51.551112],[-0.201527,51.551097],[-0.20158,51.551081],[-0.201399,51.550629],[-0.201402,51.550623],[-0.201417,51.550601],[-0.201493,51.550508],[-0.201511,51.550487],[-0.201589,51.550411],[-0.202297,51.550489],[-0.202411,51.550506],[-0.202412,51.550502],[-0.202413,51.550498],[-0.202416,51.550487],[-0.202423,51.550457],[-0.202393,51.550446],[-0.202436,51.550401],[-0.202604,51.550225],[-0.202625,51.550215],[-0.202613,51.550209],[-0.202547,51.55018],[-0.202473,51.550148],[-0.202447,51.549919],[-0.202949,51.549705],[-0.202991,51.549721],[-0.20297,51.5497],[-0.202934,51.54966],[-0.202929,51.549654],[-0.202896,51.549607],[-0.202838,51.549526],[-0.202835,51.549522],[-0.20279,51.549458],[-0.202745,51.549393],[-0.202716,51.549353],[-0.20268,51.549302],[-0.202677,51.549297],[-0.202669,51.549285],[-0.202667,51.549282],[-0.202658,51.54927],[-0.202621,51.549218],[-0.202619,51.549214],[-0.202612,51.549205],[-0.202575,51.549152],[-0.202572,51.549148],[-0.20257,51.549145],[-0.202533,51.549093],[-0.202518,51.549071],[-0.202501,51.549047],[-0.202476,51.549012],[-0.202449,51.548973],[-0.202439,51.548959],[-0.202432,51.548949],[-0.202428,51.548944],[-0.202418,51.548929],[-0.20241,51.548918],[-0.202406,51.548913],[-0.202396,51.548898],[-0.202376,51.548868],[-0.202332,51.548804],[-0.202319,51.548784],[-0.202315,51.548778],[-0.202305,51.548763],[-0.202294,51.548747],[-0.20228,51.548727],[-0.202232,51.548656],[-0.202225,51.548645],[-0.202201,51.54861],[-0.202185,51.548586],[-0.202169,51.548563],[-0.202117,51.548486],[-0.202115,51.548483],[-0.202037,51.548369],[-0.202032,51.548361],[-0.20196,51.548255],[-0.201991,51.548243],[-0.202007,51.548253],[-0.202033,51.548268],[-0.202186,51.548228],[-0.202385,51.548299],[-0.202592,51.548373],[-0.202616,51.548375],[-0.202791,51.548389],[-0.202845,51.548393],[-0.202856,51.548394],[-0.202956,51.548396],[-0.203097,51.548398],[-0.203118,51.548414],[-0.203136,51.548425],[-0.203137,51.54843],[-0.203154,51.548506],[-0.203188,51.5486],[-0.203195,51.548618],[-0.203213,51.548656],[-0.20325,51.54871],[-0.203258,51.54872],[-0.203261,51.548724],[-0.203337,51.548816],[-0.203346,51.548825],[-0.203381,51.54886],[-0.203414,51.548887],[-0.203428,51.548888],[-0.203492,51.548889],[-0.2035,51.548888],[-0.203611,51.548883],[-0.203637,51.548878],[-0.203762,51.548854],[-0.203854,51.548836],[-0.203944,51.548812],[-0.20407,51.548762],[-0.204075,51.54876],[-0.20408,51.548744],[-0.204149,51.54855],[-0.204195,51.548422],[-0.20421,51.548426],[-0.204452,51.548492],[-0.204621,51.548539],[-0.204655,51.548549],[-0.204715,51.548561],[-0.205308,51.548479],[-0.205351,51.548521],[-0.20551,51.548673],[-0.205595,51.548753],[-0.205688,51.548843],[-0.205744,51.548897],[-0.205805,51.548952],[-0.205969,51.549103],[-0.206021,51.549151],[-0.206056,51.549183],[-0.20609,51.549214],[-0.206128,51.549249],[-0.206294,51.549402],[-0.206312,51.549418],[-0.20637,51.549469],[-0.206415,51.549508],[-0.206487,51.549571],[-0.206506,51.549588],[-0.206549,51.549626],[-0.206678,51.549739],[-0.206708,51.549765],[-0.206788,51.549835],[-0.206815,51.549856],[-0.206844,51.549879],[-0.206899,51.549923],[-0.20692,51.54994],[-0.207045,51.550039],[-0.207068,51.550058],[-0.207097,51.550081],[-0.207221,51.55018],[-0.20723,51.550188],[-0.207286,51.550256],[-0.207317,51.550278],[-0.207364,51.550313],[-0.207372,51.550319],[-0.20754,51.550443],[-0.207574,51.550472],[-0.207619,51.550508],[-0.207797,51.550652],[-0.20795,51.550776],[-0.207966,51.550788],[-0.208242,51.550992],[-0.207993,51.551163],[-0.207593,51.551177],[-0.207333,51.551186],[-0.207265,51.551188],[-0.207219,51.551154],[-0.207122,51.551062],[-0.20707,51.550988],[-0.207044,51.550938],[-0.20703,51.550884],[-0.20702,51.550879],[-0.206983,51.550861],[-0.206974,51.550855],[-0.206895,51.550808],[-0.20682,51.550748],[-0.206795,51.550723],[-0.206746,51.550673],[-0.206113,51.550951],[-0.206106,51.550955],[-0.206025,51.550884],[-0.20602,51.550879],[-0.205893,51.550768],[-0.205878,51.550774],[-0.205861,51.550768],[-0.205843,51.550761],[-0.205661,51.550829],[-0.205374,51.550924],[-0.205345,51.55093],[-0.205377,51.550936],[-0.20559,51.551108],[-0.205612,51.551142],[-0.205632,51.551216],[-0.205626,51.551329],[-0.20561,51.551396],[-0.20554,51.551539],[-0.205522,51.551576],[-0.205511,51.551595],[-0.205358,51.551788],[-0.205381,51.551802],[-0.205372,51.551824],[-0.205369,51.551831],[-0.205451,51.551879],[-0.205473,51.551891],[-0.205659,51.552],[-0.205723,51.552041],[-0.205878,51.552142],[-0.206008,51.552226],[-0.20614,51.552312],[-0.206194,51.552346],[-0.20622,51.552362],[-0.206212,51.552366],[-0.206111,51.552415],[-0.205668,51.552628],[-0.205409,51.552748],[-0.205349,51.552776],[-0.20533,51.552785],[-0.205308,51.552777],[-0.205301,51.552775],[-0.20495,51.552623],[-0.204893,51.552598],[-0.204884,51.552594],[-0.204852,51.55258],[-0.204744,51.552533],[-0.204633,51.552485],[-0.204627,51.552483],[-0.204577,51.552461],[-0.204458,51.552409],[-0.204446,51.552404],[-0.204403,51.552385],[-0.204278,51.552331],[-0.204165,51.552282],[-0.204001,51.552211],[-0.203874,51.552156],[-0.203838,51.55214],[-0.203824,51.552134],[-0.203694,51.552078],[-0.203635,51.552052],[-0.203616,51.552044],[-0.203588,51.552032],[-0.203486,51.551988],[-0.203477,51.551984],[-0.203465,51.551979],[-0.203356,51.551931],[-0.203323,51.551917],[-0.203273,51.551895],[-0.203222,51.551873],[-0.203174,51.551852],[-0.203168,51.55185],[-0.20313,51.551834],[-0.203125,51.551832],[-0.202994,51.551778],[-0.202964,51.551766],[-0.202934,51.551753],[-0.202866,51.551726],[-0.202821,51.551707],[-0.202715,51.551663],[-0.20233,51.551505],[-0.202266,51.551479],[-0.202262,51.551477],[-0.202195,51.551451],[-0.202166,51.551432],[-0.202165,51.55141],[-0.202151,51.551401],[-0.202033,51.551383],[-0.201942,51.55137]]]}},{"type":"Feature","properties":{"LSOA21CD":"E01000876","LSOA21NM":"Camden 013B","MEAN_PTAL_":"5","mean_AI":21.8161468689,"borough":"Camden"},"geometry":{"type":"Polygon","coordinates":[[[-0.200452,51.550398],[-0.200416,51.550382],[-0.200404,51.550372],[-0.200323,51.550331],[-0.200287,51.550312],[-0.200271,51.550304],[-0.200235,51.550285],[-0.200211,51.550272],[-0.200151,51.550241],[-0.200146,51.550239],[-0.199972,51.550165],[-0.19991,51.550139],[-0.199867,51.55012],[-0.199813,51.550104],[-0.199805,51.550101],[-0.199797,51.550099],[-0.199785,51.550095],[-0.199727,51.550078],[-0.19971,51.550073],[-0.199681,51.550064],[-0.199572,51.550031],[-0.19956,51.550027],[-0.199515,51.550013],[-0.199492,51.550006],[-0.199335,51.549958],[-0.199298,51.549947],[-0.199275,51.54994],[-0.199266,51.549938],[-0.199211,51.549921],[-0.199198,51.549918],[-0.19916,51.54991],[-0.199106,51.549899],[-0.199082,51.549894],[-0.199044,51.549886],[-0.199017,51.54988],[-0.199011,51.549879],[-0.198973,51.549871],[-0.198934,51.549863],[-0.198815,51.549837],[-0.198756,51.549835],[-0.198745,51.549836],[-0.19874,51.549836],[-0.19871,51.549838],[-0.198696,51.54984],[-0.198683,51.549871],[-0.198678,51.549923],[-0.198686,51.549972],[-0.198717,51.550031],[-0.198776,51.550072],[-0.198795,51.55008],[-0.1988,51.550082],[-0.198857,51.550121],[-0.198871,51.550134],[-0.198892,51.550149],[-0.19891,51.550163],[-0.198914,51.550166],[-0.198937,51.550168],[-0.198979,51.550171],[-0.198988,51.550172],[-0.199045,51.550171],[-0.199094,51.55017],[-0.199101,51.55017],[-0.199107,51.55017],[-0.199123,51.55017],[-0.199171,51.55017],[-0.199177,51.55017],[-0.199182,51.550173],[-0.199229,51.550184],[-0.199328,51.550209],[-0.199384,51.550233],[-0.199401,51.55024],[-0.199458,51.550277],[-0.199471,51.550289],[-0.199476,51.550296],[-0.199479,51.550301],[-0.199532,51.550371],[-0.199546,51.55039],[-0.199575,51.550449],[-0.199584,51.550468],[-0.199586,51.550473],[-0.199604,51.550526],[-0.19959,51.55058],[-0.199503,51.550658],[-0.19949,51.550661],[-0.199388,51.550681],[-0.199376,51.550683],[-0.199366,51.550685],[-0.199351,51.550687],[-0.199337,51.550689],[-0.19933,51.55069],[-0.199272,51.550701],[-0.199252,51.550704],[-0.199249,51.550706],[-0.199206,51.550725],[-0.199175,51.550737],[-0.198982,51.550806],[-0.198968,51.550811],[-0.198951,51.550814],[-0.198763,51.55085],[-0.198755,51.550835],[-0.198747,51.550821],[-0.198699,51.550729],[-0.198688,51.550709],[-0.198667,51.550668],[-0.198647,51.55063],[-0.198631,51.550599],[-0.198616,51.550572],[-0.198607,51.550554],[-0.198602,51.550543],[-0.198579,51.550497],[-0.19856,51.55046],[-0.198555,51.550449],[-0.198545,51.55043],[-0.19854,51.55042],[-0.198517,51.550373],[-0.198513,51.550366],[-0.198497,51.550333],[-0.198476,51.550292],[-0.198466,51.550271],[-0.198452,51.550243],[-0.19845,51.55024],[-0.198436,51.550213],[-0.198427,51.550195],[-0.198422,51.550184],[-0.19841,51.55016],[-0.198389,51.550117],[-0.198371,51.550083],[-0.19835,51.550041],[-0.198343,51.550027],[-0.198336,51.550012],[-0.198334,51.550009],[-0.198331,51.550003],[-0.198312,51.549965],[-0.198308,51.549956],[-0.198298,51.549937],[-0.198267,51.549874],[-0.198242,51.549824],[-0.198214,51.549769],[-0.198209,51.549758],[-0.198207,51.549754],[-0.198197,51.549735],[-0.198187,51.549715],[-0.19818,51.549701],[-0.19817,51.549681],[-0.198149,51.549639],[-0.198145,51.549631],[-0.198106,51.549554],[-0.1981,51.549541],[-0.198094,51.549529],[-0.198048,51.549437],[-0.198038,51.549417],[-0.198079,51.549182],[-0.198082,51.549166],[-0.198117,51.548972],[-0.197688,51.548867],[-0.19762,51.54885],[-0.197624,51.548839],[-0.197725,51.548657],[-0.19775,51.548611],[-0.197778,51.548561],[-0.19779,51.548476],[-0.197756,51.548476],[-0.197707,51.548476],[-0.197719,51.548294],[-0.197751,51.548156],[-0.197786,51.548009],[-0.197789,51.547994],[-0.197805,51.547995],[-0.19787,51.548001],[-0.198068,51.548017],[-0.198077,51.548018],[-0.198222,51.54803],[-0.198229,51.54803],[-0.198366,51.548042],[-0.198411,51.548043],[-0.198422,51.548044],[-0.198494,51.548046],[-0.198547,51.548048],[-0.198617,51.54805],[-0.198681,51.548052],[-0.1987,51.548053],[-0.198712,51.548053],[-0.198803,51.548053],[-0.198861,51.548053],[-0.198879,51.548054],[-0.198951,51.548054],[-0.19901,51.54805],[-0.199042,51.548049],[-0.19913,51.548044],[-0.199209,51.548039],[-0.199287,51.548035],[-0.199343,51.548028],[-0.199363,51.548026],[-0.199394,51.548022],[-0.199428,51.548018],[-0.199526,51.548006],[-0.199606,51.547996],[-0.199632,51.547993],[-0.199711,51.54798],[-0.19972,51.547978],[-0.199763,51.547972],[-0.199851,51.547957],[-0.199921,51.547946],[-0.199938,51.547942],[-0.200026,51.54792],[-0.200103,51.547902],[-0.200107,51.547901],[-0.200169,51.547886],[-0.20022,51.547873],[-0.200227,51.547872],[-0.200317,51.54785],[-0.200342,51.547844],[-0.200354,51.547841],[-0.200369,51.547837],[-0.200403,51.547828],[-0.200425,51.547822],[-0.200456,51.547814],[-0.200533,51.547794],[-0.200549,51.54779],[-0.200564,51.547786],[-0.200571,51.547784],[-0.200606,51.547775],[-0.200685,51.547755],[-0.200712,51.547748],[-0.200752,51.547737],[-0.200778,51.547731],[-0.200828,51.547717],[-0.200904,51.547698],[-0.200927,51.547692],[-0.200937,51.547689],[-0.200941,51.547688],[-0.200976,51.547679],[-0.200983,51.547677],[-0.200992,51.547675],[-0.201036,51.547663],[-0.201047,51.54766],[-0.201078,51.547653],[-0.201089,51.54765],[-0.201108,51.547645],[-0.201153,51.547633],[-0.201161,51.547631],[-0.20119,51.547623],[-0.201204,51.54762],[-0.201219,51.547616],[-0.201264,51.547604],[-0.201295,51.547596],[-0.201309,51.547592],[-0.201351,51.547582],[-0.201418,51.547564],[-0.20147,51.54755],[-0.201483,51.547547],[-0.20149,51.547545],[-0.201565,51.547526],[-0.201631,51.547509],[-0.201645,51.547505],[-0.201652,51.547503],[-0.201718,51.547486],[-0.201731,51.547483],[-0.201749,51.547478],[-0.201799,51.547465],[-0.201821,51.547459],[-0.20183,51.547457],[-0.201866,51.547448],[-0.201873,51.547446],[-0.201903,51.547438],[-0.201943,51.547428],[-0.20197,51.547421],[-0.201978,51.547418],[-0.202021,51.547407],[-0.202051,51.547399],[-0.202098,51.547387],[-0.202118,51.547382],[-0.202164,51.54737],[-0.202225,51.547354],[-0.202238,51.547351],[-0.20232,51.54733],[-0.202333,51.547326],[-0.202354,51.547321],[-0.202397,51.54731],[-0.202405,51.547308],[-0.202411,51.547306],[-0.202461,51.547293],[-0.202477,51.547289],[-0.202481,51.547288],[-0.202534,51.547274],[-0.202548,51.54727],[-0.202567,51.547265],[-0.202592,51.547259],[-0.202602,51.547256],[-0.202619,51.547252],[-0.202644,51.547245],[-0.202679,51.547236],[-0.202699,51.547231],[-0.202748,51.547219],[-0.202783,51.547209],[-0.20283,51.547197],[-0.202845,51.547194],[-0.202894,51.547181],[-0.202936,51.54717],[-0.202985,51.547158],[-0.202993,51.547155],[-0.203002,51.547153],[-0.203094,51.547129],[-0.203157,51.547113],[-0.203203,51.547101],[-0.203372,51.547058],[-0.203653,51.546985],[-0.203668,51.546981],[-0.203695,51.546974],[-0.203719,51.546968],[-0.203723,51.546971],[-0.203817,51.547064],[-0.203821,51.547067],[-0.203856,51.547102],[-0.203925,51.547171],[-0.203931,51.547177],[-0.20394,51.547185],[-0.204024,51.547269],[-0.204091,51.547335],[-0.204119,51.547363],[-0.204166,51.547409],[-0.204205,51.547448],[-0.204247,51.54749],[-0.204365,51.547599],[-0.204553,51.547774],[-0.204647,51.547861],[-0.204815,51.548016],[-0.205112,51.548292],[-0.205212,51.548387],[-0.205308,51.548479],[-0.204715,51.548561],[-0.204655,51.548549],[-0.204621,51.548539],[-0.204452,51.548492],[-0.20421,51.548426],[-0.204195,51.548422],[-0.204149,51.54855],[-0.20408,51.548744],[-0.204075,51.54876],[-0.20407,51.548762],[-0.203944,51.548812],[-0.203854,51.548836],[-0.203762,51.548854],[-0.203637,51.548878],[-0.203611,51.548883],[-0.2035,51.548888],[-0.203492,51.548889],[-0.203428,51.548888],[-0.203414,51.548887],[-0.203381,51.54886],[-0.203346,51.548825],[-0.203337,51.548816],[-0.203261,51.548724],[-0.203258,51.54872],[-0.20325,51.54871],[-0.203213,51.548656],[-0.203195,51.548618],[-0.203188,51.5486],[-0.203154,51.548506],[-0.203137,51.54843],[-0.203136,51.548425],[-0.203118,51.548414],[-0.203097,51.548398],[-0.202956,51.548396],[-0.202856,51.548394],[-0.202845,51.548393],[-0.202791,51.548389],[-0.202616,51.548375],[-0.202592,51.548373],[-0.202385,51.548299],[-0.202186,51.548228],[-0.202033,51.548268],[-0.202007,51.548253],[-0.201991,51.548243],[-0.20196,51.548255],[-0.202032,51.548361],[-0.202037,51.548369],[-0.202115,51.548483],[-0.202117,51.548486],[-0.202169,51.548563],[-0.202185,51.548586],[-0.202201,51.54861],[-0.202225,51.548645],[-0.202232,51.548656],[-0.20228,51.548727],[-0.202294,51.548747],[-0.202305,51.548763],[-0.202315,51.548778],[-0.202319,51.548784],[-0.202332,51.548804],[-0.202376,51.548868],[-0.202396,51.548898],[-0.202406,51.548913],[-0.20241,51.548918],[-0.202418,51.548929],[-0.202428,51.548944],[-0.202432,51.548949],[-0.202439,51.548959],[-0.202449,51.548973],[-0.202476,51.549012],[-0.202501,51.549047],[-0.202518,51.549071],[-0.202533,51.549093],[-0.20257,51.549145],[-0.202572,51.549148],[-0.202575,51.549152],[-0.202612,51.549205],[-0.202619,51.549214],[-0.202621,51.549218],[-0.202658,51.54927],[-0.202667,51.549282],[-0.202669,51.549285],[-0.202677,51.549297],[-0.20268,51.549302],[-0.202716,51.549353],[-0.202745,51.549393],[-0.20279,51.549458],[-0.202835,51.549522],[-0.202838,51.549526],[-0.202896,51.549607],[-0.202929,51.549654],[-0.202934,51.54966],[-0.20297,51.5497],[-0.202991,51.549721],[-0.202949,51.549705],[-0.202447,51.549919],[-0.202473,51.550148],[-0.202547,51.55018],[-0.202613,51.550209],[-0.202625,51.550215],[-0.202604,51.550225],[-0.202436,51.550401],[-0.202393,51.550446],[-0.202423,51.550457],[-0.202416,51.550487],[-0.202413,51.550498],[-0.202412,51.550502],[-0.202411,51.550506],[-0.202297,51.550489],[-0.201589,51.550411],[-0.201511,51.550487],[-0.201493,51.550508],[-0.201417,51.550601],[-0.201402,51.550623],[-0.201399,51.550629],[-0.20133,51.550694],[-0.201261,51.55077],[-0.201229,51.550824],[-0.201214,51.550867],[-0.201121,51.550945],[-0.20108,51.550971],[-0.200947,51.550973],[-0.200913,51.550973],[-0.200824,51.550974],[-0.200755,51.550835],[-0.200678,51.55068],[-0.200561,51.550445],[-0.200452,51.550398]]]}},{"type":"Feature","properties":{"LSOA21CD":"E01000877","LSOA21NM":"Camden 005E","MEAN_PTAL_":"3","mean_AI":13.5383508726,"borough":"Camden"},"geometry":{"type":"Polygon","coordinates":[[[-0.194881,51.556489],[-0.194802,51.556437],[-0.19472,51.556384],[-0.194691,51.55636],[-0.194667,51.556341],[-0.194658,51.556333],[-0.194655,51.55633],[-0.19458,51.556268],[-0.194572,51.556261],[-0.19453,51.556227],[-0.19452,51.556219],[-0.194501,51.556203],[-0.194476,51.556184],[-0.194467,51.556177],[-0.194447,51.556162],[-0.194441,51.556157],[-0.194419,51.55614],[-0.194385,51.556114],[-0.194348,51.556086],[-0.194334,51.556076],[-0.194271,51.556027],[-0.194267,51.556024],[-0.194215,51.55599],[-0.194169,51.555959],[-0.194098,51.555912],[-0.194014,51.555856],[-0.193919,51.5558],[-0.193832,51.555748],[-0.193799,51.555728],[-0.193765,51.55571],[-0.193674,51.55566],[-0.193656,51.55565],[-0.193566,51.555601],[-0.193475,51.555551],[-0.193383,51.555501],[-0.19329,51.55545],[-0.193006,51.555295],[-0.192985,51.555283],[-0.192774,51.555167],[-0.192678,51.555115],[-0.192605,51.555075],[-0.192569,51.555055],[-0.192368,51.554945],[-0.192332,51.554926],[-0.192327,51.554923],[-0.192286,51.5549],[-0.192282,51.554898],[-0.192104,51.5548],[-0.192094,51.554795],[-0.192083,51.554789],[-0.192077,51.554786],[-0.191975,51.55473],[-0.19197,51.554727],[-0.191967,51.554725],[-0.19187,51.554672],[-0.191852,51.554663],[-0.191765,51.554615],[-0.191712,51.554586],[-0.191688,51.554573],[-0.191488,51.554463],[-0.191442,51.554438],[-0.1914,51.554415],[-0.191435,51.554388],[-0.191419,51.554378],[-0.191652,51.554204],[-0.191701,51.554167],[-0.191742,51.55414],[-0.191754,51.554132],[-0.191758,51.554133],[-0.191834,51.554115],[-0.191873,51.554141],[-0.192191,51.554199],[-0.192315,51.554222],[-0.192342,51.554232],[-0.192397,51.554162],[-0.192422,51.55413],[-0.192456,51.554103],[-0.192505,51.55408],[-0.19274,51.554008],[-0.192828,51.553997],[-0.192901,51.553988],[-0.192925,51.553985],[-0.192964,51.553983],[-0.192981,51.553964],[-0.193015,51.553928],[-0.193052,51.553895],[-0.19306,51.55389],[-0.193156,51.553803],[-0.193174,51.553781],[-0.193216,51.553739],[-0.193248,51.553716],[-0.193394,51.553559],[-0.193406,51.553541],[-0.193414,51.553523],[-0.193445,51.553482],[-0.193443,51.553476],[-0.193466,51.553446],[-0.193483,51.553424],[-0.193487,51.553418],[-0.193534,51.553341],[-0.193543,51.553344],[-0.193568,51.553326],[-0.193844,51.55345],[-0.193855,51.553449],[-0.193909,51.553446],[-0.193976,51.553447],[-0.194071,51.553468],[-0.194086,51.553471],[-0.194196,51.553496],[-0.194294,51.553541],[-0.194527,51.55331],[-0.194608,51.553253],[-0.194603,51.553247],[-0.194606,51.553244],[-0.194612,51.553239],[-0.194666,51.55326],[-0.194751,51.553292],[-0.194788,51.553305],[-0.194864,51.553334],[-0.194919,51.553355],[-0.194964,51.553372],[-0.195027,51.553404],[-0.195084,51.553432],[-0.195076,51.553437],[-0.195083,51.553439],[-0.195108,51.553444],[-0.195137,51.553459],[-0.195332,51.553557],[-0.195558,51.553678],[-0.195674,51.553598],[-0.195709,51.553573],[-0.19541,51.553227],[-0.195636,51.553085],[-0.195775,51.552997],[-0.195793,51.552999],[-0.196348,51.552939],[-0.196337,51.552895],[-0.196319,51.552858],[-0.196186,51.552734],[-0.196156,51.552706],[-0.196108,51.552661],[-0.196039,51.552597],[-0.196007,51.552583],[-0.195984,51.552561],[-0.195978,51.552555],[-0.195957,51.552535],[-0.195947,51.552511],[-0.195858,51.552428],[-0.19584,51.552416],[-0.195831,51.552412],[-0.195803,51.552386],[-0.19577,51.552354],[-0.195764,51.55234],[-0.195755,51.552332],[-0.195694,51.552268],[-0.195737,51.55228],[-0.195781,51.552257],[-0.195967,51.552255],[-0.196229,51.552252],[-0.196228,51.552249],[-0.196339,51.552212],[-0.196347,51.552209],[-0.196408,51.552196],[-0.196515,51.552194],[-0.196566,51.552201],[-0.196585,51.552203],[-0.196593,51.552206],[-0.196602,51.552203],[-0.196686,51.552176],[-0.196767,51.552178],[-0.196784,51.552175],[-0.196824,51.552166],[-0.196885,51.552163],[-0.196942,51.552169],[-0.197056,51.552205],[-0.197072,51.55221],[-0.197122,51.552235],[-0.19712,51.552241],[-0.197087,51.552277],[-0.197013,51.552327],[-0.196916,51.552371],[-0.196884,51.55238],[-0.196842,51.552412],[-0.196794,51.552435],[-0.196788,51.552437],[-0.196771,51.552443],[-0.196766,51.552444],[-0.196718,51.552473],[-0.196631,51.552506],[-0.196574,51.55252],[-0.196716,51.552671],[-0.196787,51.552747],[-0.19682,51.552782],[-0.196847,51.552793],[-0.196841,51.552804],[-0.196853,51.552817],[-0.196887,51.552796],[-0.196938,51.552764],[-0.196971,51.552744],[-0.196995,51.552729],[-0.197084,51.552676],[-0.197139,51.552643],[-0.197145,51.552639],[-0.197227,51.552591],[-0.197261,51.552571],[-0.197378,51.552524],[-0.197404,51.552513],[-0.197416,51.552508],[-0.197482,51.552482],[-0.197583,51.552441],[-0.197656,51.552406],[-0.197758,51.552381],[-0.197871,51.552354],[-0.197951,51.552335],[-0.198006,51.552322],[-0.198082,51.552306],[-0.198133,51.552296],[-0.198169,51.552289],[-0.19834,51.552255],[-0.198388,51.552247],[-0.198391,51.552256],[-0.198427,51.552256],[-0.198447,51.552249],[-0.198453,51.55226],[-0.198469,51.552293],[-0.198531,51.552434],[-0.198547,51.552461],[-0.198569,51.552518],[-0.198581,51.552549],[-0.198594,51.552586],[-0.198599,51.552585],[-0.198634,51.552665],[-0.198653,51.552707],[-0.198686,51.552783],[-0.198688,51.552786],[-0.198694,51.5528],[-0.198693,51.552818],[-0.198685,51.552823],[-0.198583,51.552883],[-0.19856,51.552897],[-0.198483,51.552948],[-0.198476,51.552953],[-0.19846,51.552964],[-0.198442,51.552976],[-0.198391,51.55301],[-0.198388,51.553013],[-0.198368,51.553026],[-0.198358,51.553033],[-0.198265,51.553097],[-0.198221,51.553127],[-0.19816,51.553169],[-0.19815,51.553176],[-0.198141,51.553182],[-0.198139,51.553187],[-0.19813,51.553194],[-0.198094,51.553214],[-0.19808,51.553223],[-0.198062,51.553234],[-0.198023,51.553256],[-0.197993,51.553282],[-0.197971,51.553297],[-0.197959,51.553305],[-0.19787,51.553365],[-0.197855,51.553375],[-0.197799,51.553412],[-0.197795,51.553416],[-0.197718,51.553467],[-0.197704,51.553477],[-0.197679,51.553494],[-0.197633,51.553525],[-0.197607,51.553542],[-0.197544,51.553585],[-0.197529,51.553595],[-0.197512,51.553606],[-0.197508,51.553609],[-0.197502,51.553613],[-0.197465,51.553637],[-0.197452,51.553646],[-0.19744,51.553654],[-0.197368,51.553702],[-0.19733,51.553727],[-0.197279,51.553761],[-0.197272,51.553766],[-0.197256,51.553776],[-0.197245,51.553783],[-0.197237,51.553789],[-0.197232,51.553792],[-0.197151,51.553845],[-0.197069,51.553899],[-0.197046,51.553914],[-0.19702,51.553932],[-0.197008,51.553939],[-0.196944,51.553974],[-0.196938,51.553985],[-0.196856,51.55404],[-0.196812,51.554066],[-0.196786,51.554077],[-0.19659,51.554158],[-0.19661,51.554166],[-0.196581,51.554182],[-0.196585,51.554184],[-0.196591,51.554188],[-0.196602,51.554204],[-0.196618,51.554225],[-0.19664,51.554254],[-0.196673,51.554298],[-0.196752,51.554479],[-0.196773,51.554513],[-0.196779,51.554524],[-0.196815,51.554608],[-0.196832,51.554651],[-0.196856,51.554768],[-0.196851,51.554894],[-0.196834,51.554965],[-0.19677,51.555117],[-0.196741,51.555171],[-0.196718,51.555213],[-0.196693,51.55526],[-0.196659,51.555327],[-0.196589,51.555466],[-0.196578,51.555489],[-0.196567,51.55551],[-0.196535,51.555599],[-0.196512,51.555671],[-0.196501,51.555702],[-0.196498,51.555711],[-0.196467,51.555807],[-0.196461,51.555826],[-0.196453,51.55585],[-0.196438,51.555936],[-0.196434,51.555957],[-0.196422,51.556],[-0.1964,51.556074],[-0.196386,51.556123],[-0.196368,51.556187],[-0.196319,51.556354],[-0.196288,51.556461],[-0.196267,51.55653],[-0.196224,51.556649],[-0.195673,51.556497],[-0.19567,51.556511],[-0.19567,51.556555],[-0.19571,51.556688],[-0.195753,51.556732],[-0.19576,51.556739],[-0.195756,51.556748],[-0.195755,51.556757],[-0.19575,51.556814],[-0.195745,51.556863],[-0.195823,51.556949],[-0.195553,51.557193],[-0.195511,51.557231],[-0.195469,51.557166],[-0.195417,51.557084],[-0.195393,51.557047],[-0.195356,51.556998],[-0.195345,51.556985],[-0.19533,51.556965],[-0.195307,51.556935],[-0.195272,51.55689],[-0.195255,51.55687],[-0.195233,51.556843],[-0.19523,51.55684],[-0.195189,51.556791],[-0.195176,51.556776],[-0.195161,51.556757],[-0.195124,51.556713],[-0.195105,51.556693],[-0.195029,51.556613],[-0.195024,51.556608],[-0.194963,51.556544],[-0.194959,51.556539],[-0.194881,51.556489]]]}},{"type":"Feature","properties":{"LSOA21CD":"E01000878","LSOA21NM":"Camden 004A","MEAN_PTAL_":"3","mean_AI":10.0818507832,"borough":"Camden"},"geometry":{"type":"Polygon","coordinates":[[[-0.191673,51.556916],[-0.191604,51.55687],[-0.191473,51.556948],[-0.191465,51.556953],[-0.191222,51.556838],[-0.191026,51.556745],[-0.190964,51.556748],[-0.19069,51.556855],[-0.190684,51.556861],[-0.190681,51.556883],[-0.190656,51.556937],[-0.190573,51.557018],[-0.190533,51.557057],[-0.190433,51.557127],[-0.190403,51.55714],[-0.190326,51.557205],[-0.190287,51.557251],[-0.190196,51.557324],[-0.190193,51.557329],[-0.190169,51.557351],[-0.190146,51.557372],[-0.190163,51.557437],[-0.190152,51.557575],[-0.190008,51.557857],[-0.189991,51.557857],[-0.189865,51.557842],[-0.189697,51.557805],[-0.189567,51.557753],[-0.189462,51.557695],[-0.189423,51.557695],[-0.189209,51.557607],[-0.188907,51.557483],[-0.188886,51.557474],[-0.188812,51.557522],[-0.18873,51.557575],[-0.188502,51.557724],[-0.188144,51.557873],[-0.188268,51.557819],[-0.188451,51.557714],[-0.18838,51.557731],[-0.18817,51.557754],[-0.188152,51.557756],[-0.187958,51.557404],[-0.187944,51.557338],[-0.18793,51.55727],[-0.187981,51.557134],[-0.187989,51.557112],[-0.187991,51.55707],[-0.187887,51.557072],[-0.187681,51.557076],[-0.187574,51.557078],[-0.187417,51.557028],[-0.187258,51.556978],[-0.187009,51.556804],[-0.187024,51.556762],[-0.187232,51.556643],[-0.187281,51.556615],[-0.1873,51.556604],[-0.187323,51.556591],[-0.187391,51.556551],[-0.187541,51.556465],[-0.187717,51.556364],[-0.187734,51.556354],[-0.187823,51.556306],[-0.187896,51.556267],[-0.188059,51.556179],[-0.188235,51.556092],[-0.188318,51.55605],[-0.188338,51.55604],[-0.188504,51.555964],[-0.188661,51.555892],[-0.188844,51.555802],[-0.189103,51.555674],[-0.189368,51.555554],[-0.189406,51.555568],[-0.189408,51.555564],[-0.189434,51.555525],[-0.189463,51.555511],[-0.189453,51.555495],[-0.189459,51.555486],[-0.189469,51.555471],[-0.18942,51.555405],[-0.189304,51.555165],[-0.189285,51.555127],[-0.189278,51.555111],[-0.189256,51.555067],[-0.189249,51.555051],[-0.189244,51.555002],[-0.189228,51.555008],[-0.189123,51.554793],[-0.189105,51.554765],[-0.189069,51.554711],[-0.189041,51.554692],[-0.189014,51.554671],[-0.188929,51.554601],[-0.188848,51.554559],[-0.188828,51.554549],[-0.18868,51.554472],[-0.188635,51.554449],[-0.188601,51.554432],[-0.188533,51.554397],[-0.18839,51.554322],[-0.187966,51.554101],[-0.18766,51.553942],[-0.18765,51.553936],[-0.187418,51.553816],[-0.187389,51.5538],[-0.186927,51.553559],[-0.186861,51.553525],[-0.186809,51.553498],[-0.186998,51.553456],[-0.187315,51.553374],[-0.187336,51.553369],[-0.187322,51.553334],[-0.187335,51.553008],[-0.187313,51.553002],[-0.187219,51.552977],[-0.187381,51.552601],[-0.187461,51.552615],[-0.187514,51.552624],[-0.187583,51.552636],[-0.187601,51.552639],[-0.187669,51.552651],[-0.18776,51.552661],[-0.187857,51.552671],[-0.187895,51.552676],[-0.187965,51.552688],[-0.188012,51.552695],[-0.188098,51.552709],[-0.188124,51.552715],[-0.18813,51.552716],[-0.188138,51.552718],[-0.188151,51.552722],[-0.188159,51.552723],[-0.188225,51.552739],[-0.188346,51.552777],[-0.188453,51.552819],[-0.18856,51.55287],[-0.188569,51.552875],[-0.188721,51.552935],[-0.188726,51.552937],[-0.188734,51.55294],[-0.188739,51.552942],[-0.188749,51.552946],[-0.188756,51.552949],[-0.189,51.553087],[-0.189006,51.55309],[-0.189073,51.553128],[-0.189098,51.553142],[-0.189159,51.553177],[-0.189195,51.553197],[-0.189256,51.553232],[-0.189314,51.553264],[-0.189322,51.553269],[-0.189343,51.553281],[-0.189382,51.553302],[-0.189421,51.553325],[-0.189508,51.553374],[-0.189552,51.553398],[-0.189566,51.553407],[-0.189619,51.553436],[-0.189847,51.553565],[-0.18986,51.553572],[-0.189868,51.553577],[-0.189918,51.553604],[-0.18993,51.553611],[-0.189938,51.553615],[-0.19008,51.553693],[-0.190208,51.553763],[-0.190301,51.553814],[-0.190409,51.553873],[-0.19046,51.553901],[-0.190464,51.553903],[-0.190527,51.553938],[-0.190563,51.553957],[-0.190672,51.554017],[-0.190683,51.554023],[-0.190801,51.554088],[-0.190964,51.554177],[-0.191024,51.55421],[-0.19109,51.554246],[-0.191139,51.554273],[-0.1914,51.554415],[-0.191442,51.554438],[-0.191488,51.554463],[-0.191688,51.554573],[-0.191712,51.554586],[-0.191765,51.554615],[-0.191852,51.554663],[-0.19187,51.554672],[-0.191967,51.554725],[-0.19197,51.554727],[-0.191975,51.55473],[-0.192077,51.554786],[-0.192083,51.554789],[-0.192094,51.554795],[-0.192104,51.5548],[-0.192282,51.554898],[-0.192286,51.5549],[-0.192327,51.554923],[-0.192332,51.554926],[-0.192368,51.554945],[-0.192569,51.555055],[-0.192605,51.555075],[-0.192678,51.555115],[-0.192774,51.555167],[-0.192985,51.555283],[-0.193006,51.555295],[-0.19329,51.55545],[-0.193383,51.555501],[-0.193475,51.555551],[-0.193566,51.555601],[-0.193656,51.55565],[-0.193674,51.55566],[-0.193765,51.55571],[-0.193799,51.555728],[-0.193832,51.555748],[-0.193919,51.5558],[-0.194014,51.555856],[-0.194098,51.555912],[-0.194169,51.555959],[-0.194215,51.55599],[-0.194267,51.556024],[-0.194271,51.556027],[-0.194334,51.556076],[-0.194348,51.556086],[-0.194385,51.556114],[-0.194419,51.55614],[-0.194441,51.556157],[-0.194447,51.556162],[-0.194467,51.556177],[-0.194476,51.556184],[-0.194501,51.556203],[-0.19452,51.556219],[-0.19453,51.556227],[-0.194572,51.556261],[-0.19458,51.556268],[-0.194655,51.55633],[-0.194658,51.556333],[-0.194667,51.556341],[-0.194691,51.55636],[-0.19472,51.556384],[-0.194802,51.556437],[-0.194881,51.556489],[-0.194959,51.556539],[-0.194963,51.556544],[-0.195024,51.556608],[-0.195029,51.556613],[-0.195105,51.556693],[-0.195124,51.556713],[-0.195161,51.556757],[-0.195176,51.556776],[-0.195189,51.556791],[-0.19523,51.55684],[-0.195233,51.556843],[-0.195255,51.55687],[-0.195272,51.55689],[-0.195307,51.556935],[-0.19533,51.556965],[-0.195345,51.556985],[-0.195356,51.556998],[-0.195393,51.557047],[-0.195417,51.557084],[-0.195469,51.557166],[-0.195511,51.557231],[-0.195517,51.557241],[-0.195534,51.557268],[-0.195551,51.557302],[-0.195592,51.557384],[-0.195614,51.557427],[-0.195633,51.557466],[-0.195637,51.557473],[-0.195729,51.557625],[-0.195731,51.557629],[-0.19576,51.557677],[-0.195777,51.557704],[-0.19577,51.557719],[-0.195759,51.557719],[-0.195758,51.557746],[-0.195343,51.558173],[-0.195213,51.558307],[-0.195156,51.558366],[-0.195141,51.558393],[-0.194964,51.5586],[-0.19494,51.558628],[-0.1949,51.558675],[-0.194891,51.558686],[-0.194883,51.558694],[-0.194875,51.558704],[-0.19487,51.558708],[-0.19486,51.558719],[-0.194852,51.558728],[-0.194849,51.558735],[-0.19478,51.558816],[-0.194747,51.558855],[-0.194702,51.558889],[-0.194695,51.558895],[-0.194649,51.558934],[-0.194591,51.55898],[-0.194583,51.558986],[-0.194558,51.55901],[-0.194556,51.559013],[-0.194551,51.559016],[-0.194533,51.559032],[-0.194519,51.559044],[-0.194509,51.559053],[-0.194502,51.559061],[-0.194449,51.55911],[-0.194415,51.559138],[-0.1944,51.559145],[-0.194389,51.55915],[-0.193959,51.558973],[-0.193946,51.558968],[-0.193859,51.558932],[-0.192979,51.558575],[-0.19261,51.558424],[-0.19259,51.558416],[-0.192576,51.558411],[-0.191883,51.558129],[-0.191595,51.558012],[-0.191384,51.557926],[-0.191366,51.557918],[-0.191772,51.557477],[-0.192021,51.557148],[-0.191673,51.556916]]]}},{"type":"Feature","properties":{"LSOA21CD":"E01000879","LSOA21NM":"Camden 004B","MEAN_PTAL_":"5","mean_AI":21.3163390161,"borough":"Camden"},"geometry":{"type":"Polygon","coordinates":[[[-0.180654,51.556677],[-0.180668,51.556553],[-0.180556,51.556599],[-0.180516,51.556603],[-0.180502,51.556605],[-0.180454,51.556598],[-0.180446,51.556597],[-0.180435,51.556599],[-0.180366,51.556594],[-0.18036,51.556592],[-0.180296,51.556567],[-0.180275,51.556558],[-0.180269,51.556554],[-0.180212,51.556582],[-0.180173,51.556591],[-0.18016,51.556594],[-0.180094,51.556589],[-0.180079,51.556593],[-0.18007,51.556595],[-0.179968,51.556582],[-0.179957,51.55658],[-0.180047,51.556807],[-0.180007,51.556835],[-0.18,51.556841],[-0.179977,51.556862],[-0.179955,51.556887],[-0.179884,51.556968],[-0.179849,51.556981],[-0.179795,51.557005],[-0.17973,51.557014],[-0.179706,51.557019],[-0.179688,51.557022],[-0.179682,51.557024],[-0.17967,51.557026],[-0.179311,51.557135],[-0.17928,51.557039],[-0.179176,51.55672],[-0.179177,51.556704],[-0.179172,51.556702],[-0.179002,51.556699],[-0.178985,51.556698],[-0.178776,51.556694],[-0.178635,51.556736],[-0.178625,51.556739],[-0.178607,51.556726],[-0.178581,51.556707],[-0.178555,51.556688],[-0.178546,51.55668],[-0.178546,51.55667],[-0.17855,51.556657],[-0.178583,51.556565],[-0.178599,51.55652],[-0.178647,51.55638],[-0.17865,51.556371],[-0.178653,51.556362],[-0.178657,51.556352],[-0.178664,51.55632],[-0.178671,51.55629],[-0.178672,51.556287],[-0.178676,51.556269],[-0.178684,51.556234],[-0.178686,51.556221],[-0.178687,51.556218],[-0.178687,51.556214],[-0.178688,51.5562],[-0.178697,51.556102],[-0.178698,51.556091],[-0.178701,51.556064],[-0.178701,51.556061],[-0.178702,51.556047],[-0.178714,51.555918],[-0.178709,51.555907],[-0.178702,51.55589],[-0.178696,51.555875],[-0.178682,51.555843],[-0.178676,51.555828],[-0.17866,51.555789],[-0.178658,51.555786],[-0.178625,51.555707],[-0.178615,51.555682],[-0.178605,51.555658],[-0.178598,51.555642],[-0.178602,51.555638],[-0.178589,51.555619],[-0.178586,51.555613],[-0.178573,51.555582],[-0.178544,51.555535],[-0.178528,51.555509],[-0.178501,51.555465],[-0.178471,51.555416],[-0.178467,51.55541],[-0.178453,51.55539],[-0.178443,51.555374],[-0.178439,51.555369],[-0.178422,51.555345],[-0.178409,51.555325],[-0.178406,51.555321],[-0.178364,51.55526],[-0.178352,51.555242],[-0.178302,51.555169],[-0.17829,51.555151],[-0.178238,51.555106],[-0.17822,51.55509],[-0.178161,51.555038],[-0.17813,51.555011],[-0.178125,51.555006],[-0.178106,51.55499],[-0.178078,51.554964],[-0.178048,51.554939],[-0.177966,51.554866],[-0.177888,51.554798],[-0.177859,51.554772],[-0.177824,51.554741],[-0.177808,51.554727],[-0.177804,51.554724],[-0.177668,51.554604],[-0.177637,51.554577],[-0.17759,51.554535],[-0.177566,51.554514],[-0.177512,51.554467],[-0.177365,51.554338],[-0.177359,51.554333],[-0.177342,51.55432],[-0.177338,51.554316],[-0.177326,51.554307],[-0.177287,51.554276],[-0.177237,51.554237],[-0.17677,51.553869],[-0.176734,51.55384],[-0.176676,51.553794],[-0.176558,51.553701],[-0.176413,51.553567],[-0.176297,51.55346],[-0.176179,51.55335],[-0.176175,51.553347],[-0.176157,51.55333],[-0.176024,51.553207],[-0.175934,51.553124],[-0.175894,51.553064],[-0.175936,51.553051],[-0.176003,51.553031],[-0.176065,51.553153],[-0.176633,51.552916],[-0.17676,51.553026],[-0.17673,51.552895],[-0.176763,51.55287],[-0.177013,51.552781],[-0.177135,51.552712],[-0.177232,51.552631],[-0.177262,51.552606],[-0.177269,51.552598],[-0.177305,51.552555],[-0.177227,51.552512],[-0.176763,51.552394],[-0.176516,51.55237],[-0.176431,51.552229],[-0.176415,51.552203],[-0.176404,51.552202],[-0.17633,51.552193],[-0.176534,51.552136],[-0.176597,51.5521],[-0.176383,51.551921],[-0.176308,51.551857],[-0.176601,51.551776],[-0.176607,51.55177],[-0.176656,51.551713],[-0.176656,51.551706],[-0.176653,51.55166],[-0.176618,51.5516],[-0.176606,51.551538],[-0.17673,51.551315],[-0.176808,51.551257],[-0.177178,51.551538],[-0.177193,51.551595],[-0.177221,51.551597],[-0.177744,51.551631],[-0.177757,51.551632],[-0.177759,51.551695],[-0.17776,51.551759],[-0.177751,51.551767],[-0.177761,51.551781],[-0.177762,51.551784],[-0.178035,51.551708],[-0.178157,51.551675],[-0.1785,51.55158],[-0.178567,51.551561],[-0.179147,51.551401],[-0.179171,51.551394],[-0.179205,51.551384],[-0.179213,51.551375],[-0.17922,51.551366],[-0.179222,51.551321],[-0.179222,51.551317],[-0.179222,51.551244],[-0.179221,51.551162],[-0.17922,51.551036],[-0.17922,51.551024],[-0.17922,51.550986],[-0.179219,51.550821],[-0.179217,51.55055],[-0.179216,51.550328],[-0.179216,51.550246],[-0.179215,51.550124],[-0.179215,51.550062],[-0.179444,51.550061],[-0.179539,51.550061],[-0.17958,51.550061],[-0.179726,51.55006],[-0.179855,51.55006],[-0.180083,51.550059],[-0.180152,51.550059],[-0.180156,51.550073],[-0.180177,51.550158],[-0.180179,51.550165],[-0.180201,51.550248],[-0.180245,51.550409],[-0.18042,51.551059],[-0.180434,51.55111],[-0.180439,51.551129],[-0.180461,51.551211],[-0.180464,51.551221],[-0.180467,51.551232],[-0.180491,51.551322],[-0.180503,51.551367],[-0.18051,51.551392],[-0.18052,51.55143],[-0.180534,51.551481],[-0.180548,51.551534],[-0.180554,51.551555],[-0.180562,51.551585],[-0.180576,51.55164],[-0.180585,51.551671],[-0.180589,51.551685],[-0.180593,51.5517],[-0.180642,51.551883],[-0.180641,51.551901],[-0.180645,51.551915],[-0.180649,51.551938],[-0.180678,51.552075],[-0.180714,51.552244],[-0.180715,51.552249],[-0.180722,51.552277],[-0.180727,51.552294],[-0.180791,51.552554],[-0.180826,51.552694],[-0.180856,51.55277],[-0.180865,51.552794],[-0.180933,51.552874],[-0.180989,51.55294],[-0.181073,51.553014],[-0.181162,51.55308],[-0.181185,51.553096],[-0.181327,51.553189],[-0.181452,51.553271],[-0.181549,51.553329],[-0.181053,51.553556],[-0.181044,51.55356],[-0.180711,51.553612],[-0.181207,51.55402],[-0.181553,51.554068],[-0.181558,51.554069],[-0.181779,51.554135],[-0.182058,51.554307],[-0.182062,51.554306],[-0.182377,51.554227],[-0.182508,51.554291],[-0.182513,51.554293],[-0.182519,51.5543],[-0.182511,51.554286],[-0.182397,51.554102],[-0.182413,51.554122],[-0.182517,51.554276],[-0.182536,51.554304],[-0.182591,51.554368],[-0.182645,51.554468],[-0.182645,51.554478],[-0.182644,51.554495],[-0.182644,51.5545],[-0.182643,51.554507],[-0.182645,51.554512],[-0.182649,51.554524],[-0.182643,51.554527],[-0.182642,51.55454],[-0.182552,51.554561],[-0.182467,51.554582],[-0.182424,51.55459],[-0.182337,51.554598],[-0.18231,51.554597],[-0.182247,51.554611],[-0.182239,51.554613],[-0.182224,51.554616],[-0.182212,51.554859],[-0.182212,51.554863],[-0.182148,51.554928],[-0.182351,51.555041],[-0.18236,51.555046],[-0.182395,51.555307],[-0.18241,51.555419],[-0.182411,51.555422],[-0.18243,51.555431],[-0.182225,51.555773],[-0.182009,51.555731],[-0.182002,51.555726],[-0.181599,51.555475],[-0.181584,51.555476],[-0.181547,51.555479],[-0.181539,51.555479],[-0.181508,51.555482],[-0.181505,51.555494],[-0.181464,51.555502],[-0.181465,51.555511],[-0.181465,51.555521],[-0.181473,51.555636],[-0.18147,51.555673],[-0.18146,51.555771],[-0.181448,51.555888],[-0.181442,51.555947],[-0.181432,51.556048],[-0.18142,51.55617],[-0.181407,51.556295],[-0.181401,51.556355],[-0.181399,51.556402],[-0.181397,51.556463],[-0.181396,51.556481],[-0.181422,51.556504],[-0.181328,51.556565],[-0.181218,51.556637],[-0.181193,51.556772],[-0.181309,51.556946],[-0.181315,51.556955],[-0.181233,51.556996],[-0.181223,51.557001],[-0.181072,51.557323],[-0.181079,51.557342],[-0.181107,51.557405],[-0.181048,51.557414],[-0.180615,51.55748],[-0.180592,51.557308],[-0.180585,51.557258],[-0.180585,51.557252],[-0.180594,51.557246],[-0.180601,51.557241],[-0.180603,51.557197],[-0.180611,51.557119],[-0.180612,51.55711],[-0.18062,51.557041],[-0.180623,51.557013],[-0.180625,51.55699],[-0.180641,51.556842],[-0.180646,51.556795],[-0.18064,51.556789],[-0.180641,51.556777],[-0.180654,51.556677]]]}},{"type":"Feature","properties":{"LSOA21CD":"E01000880","LSOA21NM":"Camden 004C","MEAN_PTAL_":"4","mean_AI":19.4523854441,"borough":"Camden"},"geometry":{"type":"Polygon","coordinates":[[[-0.182885,51.555591],[-0.182882,51.555407],[-0.182857,51.555307],[-0.182777,51.555306],[-0.182467,51.555301],[-0.182395,51.555307],[-0.18236,51.555046],[-0.182351,51.555041],[-0.182148,51.554928],[-0.182212,51.554863],[-0.182212,51.554859],[-0.182224,51.554616],[-0.182239,51.554613],[-0.182247,51.554611],[-0.18231,51.554597],[-0.182337,51.554598],[-0.182424,51.55459],[-0.182467,51.554582],[-0.182552,51.554561],[-0.182642,51.55454],[-0.182643,51.554527],[-0.182649,51.554524],[-0.182645,51.554512],[-0.182643,51.554507],[-0.182644,51.5545],[-0.182644,51.554495],[-0.182645,51.554478],[-0.182645,51.554468],[-0.182591,51.554368],[-0.182536,51.554304],[-0.182517,51.554276],[-0.182413,51.554122],[-0.182397,51.554102],[-0.182511,51.554286],[-0.182519,51.5543],[-0.182513,51.554293],[-0.182508,51.554291],[-0.182377,51.554227],[-0.182062,51.554306],[-0.182058,51.554307],[-0.181779,51.554135],[-0.181558,51.554069],[-0.181553,51.554068],[-0.181207,51.55402],[-0.180711,51.553612],[-0.181044,51.55356],[-0.181053,51.553556],[-0.181549,51.553329],[-0.181452,51.553271],[-0.181327,51.553189],[-0.181185,51.553096],[-0.181162,51.55308],[-0.181073,51.553014],[-0.180989,51.55294],[-0.180933,51.552874],[-0.180865,51.552794],[-0.180856,51.55277],[-0.180826,51.552694],[-0.180791,51.552554],[-0.180727,51.552294],[-0.180722,51.552277],[-0.180715,51.552249],[-0.180714,51.552244],[-0.180678,51.552075],[-0.180649,51.551938],[-0.180645,51.551915],[-0.180695,51.551897],[-0.180699,51.551895],[-0.18121,51.55171],[-0.181328,51.551667],[-0.181338,51.551658],[-0.181355,51.551647],[-0.181526,51.551586],[-0.181596,51.551561],[-0.182119,51.551375],[-0.182122,51.551379],[-0.182167,51.551362],[-0.182247,51.551333],[-0.182257,51.551327],[-0.18245,51.551259],[-0.182459,51.551256],[-0.182504,51.55124],[-0.182523,51.551233],[-0.182629,51.551194],[-0.182643,51.551191],[-0.182658,51.551185],[-0.182684,51.551174],[-0.182688,51.551173],[-0.182701,51.55117],[-0.182757,51.55115],[-0.182791,51.551136],[-0.182798,51.551133],[-0.183021,51.551053],[-0.183038,51.551052],[-0.183684,51.550824],[-0.183676,51.550818],[-0.18371,51.550806],[-0.183758,51.550836],[-0.183809,51.550869],[-0.183845,51.550893],[-0.183849,51.550896],[-0.183874,51.550912],[-0.183891,51.550924],[-0.183996,51.550994],[-0.184235,51.551152],[-0.184243,51.551158],[-0.184428,51.551281],[-0.184463,51.551304],[-0.184505,51.551332],[-0.184516,51.551339],[-0.18465,51.551428],[-0.184675,51.551445],[-0.184758,51.5515],[-0.184884,51.551584],[-0.18497,51.551641],[-0.184986,51.551651],[-0.18518,51.551781],[-0.185199,51.551794],[-0.185202,51.551795],[-0.185302,51.551862],[-0.185413,51.551936],[-0.185431,51.551948],[-0.185548,51.552026],[-0.185554,51.552029],[-0.18563,51.55208],[-0.185637,51.552085],[-0.185673,51.552109],[-0.185677,51.552111],[-0.185748,51.552159],[-0.185866,51.552223],[-0.185869,51.552225],[-0.185956,51.552273],[-0.186028,51.552304],[-0.186082,51.552329],[-0.186121,51.552343],[-0.186126,51.552344],[-0.186226,51.552381],[-0.186249,51.552387],[-0.186286,51.552398],[-0.18632,51.552408],[-0.186377,51.552424],[-0.186391,51.552428],[-0.186397,51.55243],[-0.186471,51.552447],[-0.186542,51.552464],[-0.186558,51.552468],[-0.186669,51.552488],[-0.186693,51.552493],[-0.186699,51.552494],[-0.186724,51.552499],[-0.18673,51.552499],[-0.186803,51.552508],[-0.186945,51.552526],[-0.187007,51.552534],[-0.187019,51.552536],[-0.187068,51.552545],[-0.187086,51.552548],[-0.187116,51.552553],[-0.187241,51.552575],[-0.187361,51.552597],[-0.187381,51.552601],[-0.187219,51.552977],[-0.187313,51.553002],[-0.187335,51.553008],[-0.187322,51.553334],[-0.187336,51.553369],[-0.187315,51.553374],[-0.186998,51.553456],[-0.186809,51.553498],[-0.186861,51.553525],[-0.186927,51.553559],[-0.187389,51.5538],[-0.187418,51.553816],[-0.18765,51.553936],[-0.18766,51.553942],[-0.187966,51.554101],[-0.18839,51.554322],[-0.188533,51.554397],[-0.188601,51.554432],[-0.188635,51.554449],[-0.18868,51.554472],[-0.188828,51.554549],[-0.188848,51.554559],[-0.188929,51.554601],[-0.189014,51.554671],[-0.189041,51.554692],[-0.189069,51.554711],[-0.189105,51.554765],[-0.189123,51.554793],[-0.189228,51.555008],[-0.189244,51.555002],[-0.189249,51.555051],[-0.189256,51.555067],[-0.189278,51.555111],[-0.189285,51.555127],[-0.189304,51.555165],[-0.18942,51.555405],[-0.189469,51.555471],[-0.189459,51.555486],[-0.189453,51.555495],[-0.189463,51.555511],[-0.189434,51.555525],[-0.189408,51.555564],[-0.189406,51.555568],[-0.189368,51.555554],[-0.188703,51.555317],[-0.188573,51.555251],[-0.188556,51.555252],[-0.18854,51.555252],[-0.188505,51.555251],[-0.188434,51.555373],[-0.188344,51.555477],[-0.188314,51.5555],[-0.188134,51.555599],[-0.187953,51.555656],[-0.187935,51.555721],[-0.187928,51.555725],[-0.187669,51.555879],[-0.187624,51.555897],[-0.187118,51.555951],[-0.186844,51.555908],[-0.186675,51.555918],[-0.18665,51.555891],[-0.186155,51.555908],[-0.185538,51.555929],[-0.18553,51.555912],[-0.18553,51.555906],[-0.185531,51.555888],[-0.185504,51.555834],[-0.185487,51.555791],[-0.185409,51.555703],[-0.185416,51.555775],[-0.185373,51.555783],[-0.185245,51.555808],[-0.185002,51.55579],[-0.184868,51.555746],[-0.184851,51.555747],[-0.184656,51.5557],[-0.184526,51.555698],[-0.184468,51.55569],[-0.184355,51.555644],[-0.184311,51.555632],[-0.184223,51.555623],[-0.184057,51.555587],[-0.184018,51.555572],[-0.184011,51.55557],[-0.183968,51.555546],[-0.183817,51.555484],[-0.183659,51.555591],[-0.183541,51.555645],[-0.183274,51.55572],[-0.183344,51.55607],[-0.183129,51.556071],[-0.18282,51.556071],[-0.182812,51.556071],[-0.182813,51.556066],[-0.182815,51.55606],[-0.182879,51.555838],[-0.182881,51.555775],[-0.182883,51.555741],[-0.182886,51.555658],[-0.182885,51.555591]]]}},{"type":"Feature","properties":{"LSOA21CD":"E01000881","LSOA21NM":"Camden 008A","MEAN_PTAL_":"6a","mean_AI":31.3414084369,"borough":"Camden"},"geometry":{"type":"Polygon","coordinates":[[[-0.176065,51.553153],[-0.176003,51.553031],[-0.175936,51.553051],[-0.175894,51.553064],[-0.175858,51.553011],[-0.175861,51.552913],[-0.175861,51.552899],[-0.175863,51.552849],[-0.175863,51.552845],[-0.175867,51.552732],[-0.175868,51.55268],[-0.175874,51.552514],[-0.175873,51.552494],[-0.175871,51.552442],[-0.175863,51.55224],[-0.175862,51.552231],[-0.175859,51.55215],[-0.175858,51.552139],[-0.175858,51.552135],[-0.175856,51.552092],[-0.175856,51.552085],[-0.175849,51.551909],[-0.175846,51.551846],[-0.175846,51.551828],[-0.175843,51.551768],[-0.175841,51.551704],[-0.17584,51.551691],[-0.175776,51.551671],[-0.175712,51.55165],[-0.175695,51.551645],[-0.175662,51.551635],[-0.175592,51.551612],[-0.175565,51.551604],[-0.17556,51.551602],[-0.175553,51.5516],[-0.175544,51.551597],[-0.175471,51.551545],[-0.175429,51.551516],[-0.175336,51.55145],[-0.175306,51.551429],[-0.175302,51.551426],[-0.17529,51.551418],[-0.175129,51.551303],[-0.175064,51.551257],[-0.175061,51.551255],[-0.175057,51.551251],[-0.175053,51.551249],[-0.17484,51.551097],[-0.174835,51.551093],[-0.174783,51.551057],[-0.174772,51.551049],[-0.174749,51.551032],[-0.174725,51.551015],[-0.17469,51.55099],[-0.17464,51.550966],[-0.174591,51.550943],[-0.174511,51.550904],[-0.174337,51.550821],[-0.17424,51.550775],[-0.174139,51.550726],[-0.174138,51.550662],[-0.174138,51.550641],[-0.174134,51.55047],[-0.174134,51.550454],[-0.174134,51.55045],[-0.174131,51.550293],[-0.174131,51.55028],[-0.174128,51.55014],[-0.174126,51.550015],[-0.174174,51.550067],[-0.17454,51.550041],[-0.174967,51.550146],[-0.175016,51.550105],[-0.175019,51.550102],[-0.175038,51.550042],[-0.175054,51.549994],[-0.175086,51.549895],[-0.175,51.549724],[-0.175194,51.549614],[-0.175194,51.549599],[-0.175499,51.549554],[-0.175839,51.549503],[-0.175876,51.549498],[-0.1759,51.549494],[-0.175903,51.54949],[-0.175937,51.549488],[-0.176269,51.549438],[-0.176748,51.549365],[-0.176734,51.549332],[-0.176723,51.549308],[-0.17671,51.54925],[-0.176706,51.549191],[-0.176704,51.549166],[-0.176774,51.548915],[-0.176803,51.548892],[-0.177186,51.549064],[-0.177302,51.549244],[-0.177324,51.549278],[-0.177509,51.54925],[-0.177694,51.549222],[-0.177705,51.54922],[-0.177767,51.549211],[-0.178302,51.549125],[-0.178424,51.549106],[-0.178305,51.548977],[-0.178302,51.548966],[-0.178273,51.54886],[-0.178272,51.548856],[-0.178325,51.548725],[-0.177733,51.548759],[-0.177725,51.548759],[-0.177716,51.548746],[-0.177706,51.548636],[-0.177712,51.548636],[-0.178401,51.548609],[-0.178438,51.548607],[-0.178436,51.548621],[-0.17891,51.549017],[-0.178922,51.549027],[-0.179041,51.549008],[-0.1792,51.548983],[-0.179199,51.548926],[-0.179199,51.548897],[-0.179193,51.548477],[-0.179191,51.548319],[-0.179203,51.548299],[-0.179219,51.54817],[-0.179218,51.548167],[-0.179191,51.548164],[-0.179195,51.548138],[-0.179208,51.548066],[-0.179237,51.548048],[-0.179245,51.548045],[-0.179385,51.547992],[-0.179587,51.547916],[-0.17961,51.547944],[-0.179677,51.548024],[-0.179759,51.548121],[-0.179823,51.548196],[-0.179867,51.548249],[-0.179911,51.548302],[-0.179913,51.548304],[-0.179989,51.548393],[-0.180012,51.548421],[-0.180026,51.548461],[-0.18003,51.548469],[-0.180052,51.548469],[-0.180057,51.548475],[-0.179961,51.548556],[-0.179965,51.548592],[-0.180095,51.548601],[-0.180078,51.548655],[-0.180067,51.548696],[-0.180214,51.548684],[-0.180318,51.548853],[-0.180446,51.549062],[-0.180549,51.549228],[-0.180653,51.549396],[-0.180962,51.549364],[-0.180969,51.549351],[-0.180967,51.549301],[-0.180963,51.549214],[-0.180962,51.549189],[-0.180968,51.549188],[-0.181355,51.549134],[-0.18142,51.549125],[-0.181438,51.54915],[-0.181443,51.549157],[-0.18151,51.549255],[-0.181543,51.549303],[-0.18155,51.549313],[-0.181576,51.549351],[-0.181598,51.549378],[-0.181601,51.549382],[-0.181608,51.54939],[-0.181621,51.549407],[-0.181648,51.549439],[-0.18166,51.549454],[-0.181688,51.549489],[-0.181715,51.549521],[-0.18172,51.549525],[-0.181761,51.549561],[-0.18178,51.549577],[-0.181816,51.549608],[-0.181821,51.549612],[-0.181925,51.549701],[-0.181971,51.549741],[-0.181979,51.549748],[-0.182031,51.549792],[-0.182036,51.549796],[-0.182041,51.5498],[-0.182071,51.549817],[-0.182158,51.549868],[-0.18219,51.549886],[-0.182207,51.549896],[-0.182226,51.549907],[-0.182232,51.54991],[-0.182241,51.549916],[-0.18225,51.549921],[-0.18234,51.549973],[-0.182408,51.550012],[-0.182419,51.550018],[-0.182435,51.550028],[-0.182459,51.550042],[-0.182546,51.550092],[-0.182578,51.550111],[-0.18259,51.550117],[-0.182665,51.550161],[-0.182733,51.5502],[-0.182749,51.550209],[-0.182813,51.550249],[-0.182857,51.550276],[-0.182955,51.550337],[-0.183085,51.550417],[-0.183134,51.550448],[-0.183141,51.550452],[-0.183264,51.550528],[-0.183312,51.550558],[-0.183322,51.550565],[-0.183332,51.550571],[-0.183372,51.550595],[-0.183484,51.550665],[-0.183568,51.550717],[-0.183604,51.55074],[-0.18371,51.550806],[-0.183676,51.550818],[-0.183684,51.550824],[-0.183038,51.551052],[-0.183021,51.551053],[-0.182798,51.551133],[-0.182791,51.551136],[-0.182757,51.55115],[-0.182701,51.55117],[-0.182688,51.551173],[-0.182684,51.551174],[-0.182658,51.551185],[-0.182643,51.551191],[-0.182629,51.551194],[-0.182523,51.551233],[-0.182504,51.55124],[-0.182459,51.551256],[-0.18245,51.551259],[-0.182257,51.551327],[-0.182247,51.551333],[-0.182167,51.551362],[-0.182122,51.551379],[-0.182119,51.551375],[-0.181596,51.551561],[-0.181526,51.551586],[-0.181355,51.551647],[-0.181338,51.551658],[-0.181328,51.551667],[-0.18121,51.55171],[-0.180699,51.551895],[-0.180695,51.551897],[-0.180645,51.551915],[-0.180641,51.551901],[-0.180642,51.551883],[-0.180593,51.5517],[-0.180589,51.551685],[-0.180585,51.551671],[-0.180576,51.55164],[-0.180562,51.551585],[-0.180554,51.551555],[-0.180548,51.551534],[-0.180534,51.551481],[-0.18052,51.55143],[-0.18051,51.551392],[-0.180503,51.551367],[-0.180491,51.551322],[-0.180467,51.551232],[-0.180464,51.551221],[-0.180461,51.551211],[-0.180439,51.551129],[-0.180434,51.55111],[-0.18042,51.551059],[-0.180245,51.550409],[-0.180201,51.550248],[-0.180179,51.550165],[-0.180177,51.550158],[-0.180156,51.550073],[-0.180152,51.550059],[-0.180083,51.550059],[-0.179855,51.55006],[-0.179726,51.55006],[-0.17958,51.550061],[-0.179539,51.550061],[-0.179444,51.550061],[-0.179215,51.550062],[-0.179215,51.550124],[-0.179216,51.550246],[-0.179216,51.550328],[-0.179217,51.55055],[-0.179219,51.550821],[-0.17922,51.550986],[-0.17922,51.551024],[-0.17922,51.551036],[-0.179221,51.551162],[-0.179222,51.551244],[-0.179222,51.551317],[-0.179222,51.551321],[-0.17922,51.551366],[-0.179213,51.551375],[-0.179205,51.551384],[-0.179171,51.551394],[-0.179147,51.551401],[-0.178567,51.551561],[-0.1785,51.55158],[-0.178157,51.551675],[-0.178035,51.551708],[-0.177762,51.551784],[-0.177761,51.551781],[-0.177751,51.551767],[-0.17776,51.551759],[-0.177759,51.551695],[-0.177757,51.551632],[-0.177744,51.551631],[-0.177221,51.551597],[-0.177193,51.551595],[-0.177178,51.551538],[-0.176808,51.551257],[-0.17673,51.551315],[-0.176606,51.551538],[-0.176618,51.5516],[-0.176653,51.55166],[-0.176656,51.551706],[-0.176656,51.551713],[-0.176607,51.55177],[-0.176601,51.551776],[-0.176308,51.551857],[-0.176383,51.551921],[-0.176597,51.5521],[-0.176534,51.552136],[-0.17633,51.552193],[-0.176404,51.552202],[-0.176415,51.552203],[-0.176431,51.552229],[-0.176516,51.55237],[-0.176763,51.552394],[-0.177227,51.552512],[-0.177305,51.552555],[-0.177269,51.552598],[-0.177262,51.552606],[-0.177232,51.552631],[-0.177135,51.552712],[-0.177013,51.552781],[-0.176763,51.55287],[-0.17673,51.552895],[-0.17676,51.553026],[-0.176633,51.552916],[-0.176065,51.553153]]]}},{"type":"Feature","properties":{"LSOA21CD":"E01000882","LSOA21NM":"Camden 008B","MEAN_PTAL_":"6a","mean_AI":27.8776819943,"borough":"Camden"},"geometry":{"type":"Polygon","coordinates":[[[-0.172883,51.550176],[-0.172804,51.550142],[-0.172728,51.550167],[-0.172715,51.550171],[-0.172147,51.550006],[-0.171937,51.549945],[-0.171838,51.549916],[-0.17163,51.549855],[-0.171616,51.54985],[-0.171613,51.549848],[-0.171583,51.549835],[-0.17152,51.549807],[-0.171509,51.549801],[-0.171404,51.549754],[-0.171378,51.549742],[-0.171344,51.549726],[-0.171291,51.549702],[-0.17125,51.549683],[-0.171145,51.549635],[-0.171158,51.549626],[-0.171165,51.54962],[-0.171264,51.549543],[-0.171307,51.549509],[-0.171313,51.549504],[-0.171343,51.549481],[-0.171358,51.549469],[-0.171367,51.549462],[-0.171379,51.549453],[-0.171443,51.549403],[-0.171481,51.549373],[-0.171484,51.549371],[-0.171486,51.549369],[-0.171492,51.549364],[-0.171536,51.549323],[-0.171571,51.54929],[-0.171586,51.549273],[-0.171606,51.54925],[-0.171582,51.549233],[-0.171579,51.549231],[-0.171486,51.549166],[-0.171476,51.549159],[-0.171473,51.549157],[-0.171469,51.549154],[-0.17145,51.549141],[-0.171368,51.549083],[-0.171356,51.549073],[-0.171304,51.549031],[-0.171298,51.549026],[-0.171289,51.549018],[-0.17118,51.548929],[-0.171147,51.548902],[-0.171133,51.54889],[-0.170995,51.548777],[-0.170853,51.548677],[-0.17084,51.548667],[-0.170835,51.548664],[-0.17086,51.548648],[-0.171007,51.548555],[-0.171017,51.548548],[-0.171046,51.54853],[-0.171116,51.548485],[-0.171123,51.54848],[-0.171174,51.548448],[-0.171219,51.548419],[-0.171222,51.548417],[-0.171271,51.548386],[-0.171322,51.548353],[-0.171331,51.548347],[-0.171383,51.548314],[-0.171463,51.548263],[-0.171467,51.54826],[-0.171549,51.548208],[-0.171554,51.548205],[-0.171575,51.548191],[-0.171675,51.548127],[-0.171722,51.548097],[-0.171782,51.548059],[-0.171794,51.548051],[-0.171799,51.548048],[-0.171907,51.54798],[-0.171915,51.547975],[-0.171953,51.547952],[-0.172018,51.547911],[-0.17209,51.547865],[-0.172124,51.547844],[-0.172141,51.547827],[-0.172163,51.547805],[-0.172173,51.547795],[-0.172244,51.547725],[-0.172258,51.547711],[-0.172311,51.547658],[-0.172313,51.547655],[-0.172331,51.547625],[-0.172357,51.547584],[-0.172371,51.547561],[-0.172437,51.547456],[-0.172453,51.54743],[-0.172465,51.547412],[-0.172477,51.547393],[-0.172494,51.547364],[-0.172535,51.547299],[-0.172544,51.547286],[-0.172548,51.547279],[-0.172611,51.547177],[-0.17262,51.547164],[-0.172656,51.547106],[-0.172658,51.547088],[-0.17266,51.547069],[-0.17267,51.546974],[-0.172688,51.546972],[-0.172732,51.546967],[-0.172806,51.546941],[-0.172818,51.546928],[-0.172881,51.546862],[-0.173001,51.546737],[-0.173112,51.546631],[-0.173121,51.546622],[-0.173241,51.546516],[-0.173282,51.546487],[-0.173351,51.546439],[-0.173404,51.546402],[-0.173465,51.546368],[-0.173684,51.546244],[-0.17372,51.546226],[-0.173729,51.546222],[-0.173744,51.546215],[-0.174014,51.54608],[-0.174114,51.54603],[-0.174233,51.54597],[-0.174339,51.545917],[-0.174518,51.545828],[-0.17453,51.545822],[-0.174659,51.545758],[-0.174673,51.54575],[-0.174835,51.54567],[-0.174854,51.54566],[-0.17495,51.545631],[-0.174952,51.545628],[-0.174963,51.545616],[-0.174979,51.545598],[-0.175017,51.545555],[-0.175046,51.545556],[-0.175051,51.545562],[-0.175143,51.545516],[-0.175451,51.545362],[-0.175494,51.545416],[-0.175501,51.545426],[-0.175509,51.545436],[-0.175515,51.545439],[-0.175519,51.545445],[-0.175606,51.54557],[-0.175615,51.545582],[-0.175695,51.545745],[-0.175724,51.54582],[-0.175747,51.545881],[-0.17575,51.545903],[-0.175751,51.545928],[-0.17575,51.545967],[-0.175758,51.545962],[-0.175773,51.54612],[-0.175777,51.546161],[-0.175792,51.54631],[-0.175793,51.546321],[-0.175799,51.546385],[-0.175801,51.546479],[-0.175813,51.546941],[-0.175818,51.547142],[-0.175818,51.547158],[-0.175825,51.547423],[-0.175829,51.54761],[-0.175833,51.54775],[-0.175837,51.54791],[-0.175838,51.547938],[-0.175839,51.547991],[-0.17584,51.548038],[-0.175841,51.548078],[-0.175842,51.548121],[-0.175844,51.548189],[-0.175845,51.548246],[-0.175846,51.548266],[-0.175846,51.548289],[-0.175848,51.548369],[-0.17585,51.548418],[-0.17585,51.548447],[-0.175851,51.54848],[-0.175853,51.548578],[-0.175854,51.548605],[-0.175855,51.54865],[-0.175857,51.548715],[-0.175858,51.54876],[-0.17586,51.548853],[-0.175863,51.548948],[-0.175867,51.549119],[-0.175868,51.549178],[-0.175869,51.549195],[-0.175863,51.549237],[-0.175851,51.549274],[-0.17586,51.549295],[-0.175862,51.549301],[-0.175873,51.549349],[-0.175897,51.54946],[-0.175903,51.54949],[-0.1759,51.549494],[-0.175876,51.549498],[-0.175839,51.549503],[-0.175499,51.549554],[-0.175194,51.549599],[-0.175194,51.549614],[-0.175,51.549724],[-0.175086,51.549895],[-0.175054,51.549994],[-0.175038,51.550042],[-0.175019,51.550102],[-0.175016,51.550105],[-0.174967,51.550146],[-0.17454,51.550041],[-0.174174,51.550067],[-0.174126,51.550015],[-0.174128,51.55014],[-0.174131,51.55028],[-0.174131,51.550293],[-0.174134,51.55045],[-0.174134,51.550454],[-0.174134,51.55047],[-0.174138,51.550641],[-0.174138,51.550662],[-0.174139,51.550726],[-0.174092,51.550703],[-0.174087,51.550701],[-0.174071,51.550694],[-0.173728,51.550545],[-0.173723,51.550543],[-0.173687,51.550527],[-0.173663,51.550516],[-0.173532,51.550459],[-0.173489,51.550441],[-0.173359,51.550384],[-0.173322,51.550368],[-0.172936,51.550199],[-0.172909,51.550188],[-0.172902,51.550185],[-0.172883,51.550176]]]}},{"type":"Feature","properties":{"LSOA21CD":"E01000883","LSOA21NM":"Camden 008C","MEAN_PTAL_":"6a","mean_AI":34.8611035723,"borough":"Camden"},"geometry":{"type":"Polygon","coordinates":[[[-0.175863,51.548948],[-0.17586,51.548853],[-0.175858,51.54876],[-0.175857,51.548715],[-0.175855,51.54865],[-0.175854,51.548605],[-0.175853,51.548578],[-0.175851,51.54848],[-0.17585,51.548447],[-0.17585,51.548418],[-0.175848,51.548369],[-0.175846,51.548289],[-0.175846,51.548266],[-0.175845,51.548246],[-0.175844,51.548189],[-0.175842,51.548121],[-0.175841,51.548078],[-0.17584,51.548038],[-0.175839,51.547991],[-0.175838,51.547938],[-0.175837,51.54791],[-0.175833,51.54775],[-0.175829,51.54761],[-0.175825,51.547423],[-0.175818,51.547158],[-0.175818,51.547142],[-0.175813,51.546941],[-0.175801,51.546479],[-0.175799,51.546385],[-0.175793,51.546321],[-0.175792,51.54631],[-0.175777,51.546161],[-0.175773,51.54612],[-0.175758,51.545962],[-0.17575,51.545967],[-0.175751,51.545928],[-0.17575,51.545903],[-0.175747,51.545881],[-0.175724,51.54582],[-0.175695,51.545745],[-0.175615,51.545582],[-0.175606,51.54557],[-0.175519,51.545445],[-0.175515,51.545439],[-0.175509,51.545436],[-0.175501,51.545426],[-0.175494,51.545416],[-0.175451,51.545362],[-0.175143,51.545516],[-0.175051,51.545562],[-0.175046,51.545556],[-0.175017,51.545555],[-0.174979,51.545598],[-0.174963,51.545616],[-0.174952,51.545628],[-0.17495,51.545631],[-0.174854,51.54566],[-0.174835,51.54567],[-0.174673,51.54575],[-0.174659,51.545758],[-0.17453,51.545822],[-0.174518,51.545828],[-0.174339,51.545917],[-0.174233,51.54597],[-0.174114,51.54603],[-0.174014,51.54608],[-0.173744,51.546215],[-0.173729,51.546222],[-0.17372,51.546226],[-0.173684,51.546244],[-0.173465,51.546368],[-0.173404,51.546402],[-0.173351,51.546439],[-0.173282,51.546487],[-0.173241,51.546516],[-0.173121,51.546622],[-0.173112,51.546631],[-0.173001,51.546737],[-0.172881,51.546862],[-0.172818,51.546928],[-0.172806,51.546941],[-0.172732,51.546967],[-0.172688,51.546972],[-0.17267,51.546974],[-0.17267,51.546967],[-0.172673,51.546945],[-0.172674,51.546929],[-0.172669,51.546877],[-0.172665,51.546829],[-0.172664,51.546825],[-0.172664,51.546818],[-0.172657,51.546751],[-0.172645,51.546658],[-0.172644,51.546654],[-0.172639,51.546612],[-0.17265,51.546466],[-0.172653,51.546419],[-0.172655,51.546395],[-0.17266,51.54634],[-0.172665,51.546274],[-0.17267,51.54625],[-0.172674,51.54623],[-0.17268,51.546201],[-0.172693,51.54614],[-0.172697,51.546122],[-0.1727,51.546109],[-0.172709,51.546066],[-0.172723,51.546041],[-0.172733,51.546023],[-0.172735,51.546019],[-0.172782,51.54593],[-0.172804,51.54589],[-0.172819,51.545868],[-0.172832,51.545848],[-0.172893,51.545758],[-0.172896,51.545753],[-0.172915,51.545734],[-0.172956,51.545693],[-0.172961,51.545688],[-0.172969,51.54568],[-0.172983,51.545666],[-0.17302,51.545629],[-0.173034,51.545615],[-0.173066,51.545583],[-0.173084,51.545573],[-0.173103,51.545562],[-0.173123,51.545551],[-0.17318,51.545519],[-0.173185,51.545516],[-0.173242,51.545483],[-0.173281,51.545461],[-0.17331,51.545445],[-0.173345,51.545425],[-0.17338,51.545405],[-0.173404,51.545392],[-0.173514,51.54533],[-0.17355,51.54531],[-0.173588,51.545288],[-0.173594,51.545285],[-0.173657,51.545255],[-0.173694,51.545237],[-0.173805,51.545184],[-0.173907,51.545136],[-0.173931,51.545124],[-0.174072,51.545057],[-0.17418,51.545006],[-0.174237,51.544979],[-0.174316,51.544942],[-0.174379,51.544912],[-0.174385,51.544909],[-0.17449,51.544859],[-0.174525,51.544842],[-0.174691,51.544763],[-0.174869,51.544692],[-0.174912,51.544675],[-0.174928,51.544668],[-0.174932,51.544666],[-0.174922,51.544633],[-0.174883,51.54451],[-0.174851,51.544406],[-0.174843,51.544381],[-0.17487,51.544156],[-0.174874,51.544123],[-0.174875,51.544119],[-0.174877,51.54407],[-0.174892,51.543723],[-0.174966,51.543697],[-0.174989,51.54369],[-0.175117,51.543646],[-0.175121,51.54371],[-0.175123,51.543737],[-0.175152,51.543836],[-0.175219,51.543976],[-0.175281,51.544107],[-0.175319,51.544159],[-0.175322,51.544164],[-0.17537,51.544221],[-0.17545,51.544317],[-0.175486,51.54435],[-0.175538,51.544398],[-0.17559,51.544439],[-0.175707,51.544533],[-0.175717,51.544541],[-0.175878,51.544658],[-0.175906,51.544678],[-0.176058,51.544774],[-0.176273,51.544897],[-0.176279,51.544901],[-0.176303,51.544914],[-0.176416,51.544957],[-0.176833,51.545114],[-0.176914,51.545144],[-0.176936,51.545152],[-0.177023,51.545185],[-0.177075,51.545204],[-0.177368,51.545315],[-0.177372,51.545316],[-0.177427,51.545337],[-0.177473,51.545354],[-0.177577,51.545393],[-0.177903,51.545515],[-0.177907,51.545517],[-0.177911,51.545518],[-0.17795,51.545536],[-0.178005,51.54556],[-0.178083,51.545594],[-0.178129,51.545614],[-0.178143,51.545621],[-0.178244,51.54567],[-0.178278,51.545687],[-0.17829,51.545693],[-0.178317,51.545705],[-0.178474,51.545816],[-0.178548,51.545868],[-0.178611,51.545927],[-0.178636,51.545951],[-0.178817,51.546122],[-0.178847,51.54615],[-0.178889,51.546189],[-0.178938,51.546235],[-0.178956,51.546256],[-0.178963,51.546264],[-0.178965,51.546266],[-0.179091,51.546412],[-0.179186,51.546523],[-0.179332,51.546692],[-0.179377,51.546744],[-0.179387,51.546757],[-0.179431,51.546808],[-0.179444,51.546822],[-0.17947,51.546852],[-0.179523,51.546914],[-0.17958,51.54698],[-0.179669,51.547067],[-0.179675,51.547073],[-0.17969,51.547087],[-0.179734,51.547131],[-0.179769,51.547165],[-0.179837,51.547231],[-0.179948,51.54734],[-0.179966,51.547357],[-0.179996,51.547387],[-0.18003,51.54742],[-0.180031,51.547423],[-0.180036,51.547426],[-0.180115,51.547504],[-0.180367,51.547749],[-0.180536,51.547915],[-0.180552,51.547931],[-0.180573,51.547951],[-0.180586,51.547965],[-0.180651,51.548039],[-0.180683,51.548076],[-0.180689,51.548082],[-0.180704,51.548099],[-0.180708,51.548104],[-0.180766,51.548169],[-0.180777,51.548184],[-0.180812,51.548234],[-0.180819,51.548245],[-0.180834,51.548265],[-0.180895,51.548351],[-0.180926,51.548395],[-0.180937,51.548411],[-0.180943,51.548419],[-0.181042,51.54855],[-0.181085,51.548608],[-0.181099,51.548625],[-0.181126,51.548662],[-0.181143,51.548685],[-0.181148,51.548694],[-0.181161,51.548719],[-0.181184,51.548762],[-0.181188,51.54877],[-0.181227,51.548842],[-0.181246,51.548871],[-0.181281,51.548921],[-0.18133,51.548993],[-0.181359,51.549034],[-0.181382,51.549068],[-0.181389,51.549079],[-0.181402,51.549097],[-0.181405,51.549102],[-0.18142,51.549125],[-0.181355,51.549134],[-0.180968,51.549188],[-0.180962,51.549189],[-0.180963,51.549214],[-0.180967,51.549301],[-0.180969,51.549351],[-0.180962,51.549364],[-0.180653,51.549396],[-0.180549,51.549228],[-0.180446,51.549062],[-0.180318,51.548853],[-0.180214,51.548684],[-0.180067,51.548696],[-0.180078,51.548655],[-0.180095,51.548601],[-0.179965,51.548592],[-0.179961,51.548556],[-0.180057,51.548475],[-0.180052,51.548469],[-0.18003,51.548469],[-0.180026,51.548461],[-0.180012,51.548421],[-0.179989,51.548393],[-0.179913,51.548304],[-0.179911,51.548302],[-0.179867,51.548249],[-0.179823,51.548196],[-0.179759,51.548121],[-0.179677,51.548024],[-0.17961,51.547944],[-0.179587,51.547916],[-0.179385,51.547992],[-0.179245,51.548045],[-0.179237,51.548048],[-0.179208,51.548066],[-0.179195,51.548138],[-0.179191,51.548164],[-0.179218,51.548167],[-0.179219,51.54817],[-0.179203,51.548299],[-0.179191,51.548319],[-0.179193,51.548477],[-0.179199,51.548897],[-0.179199,51.548926],[-0.1792,51.548983],[-0.179041,51.549008],[-0.178922,51.549027],[-0.17891,51.549017],[-0.178436,51.548621],[-0.178438,51.548607],[-0.178401,51.548609],[-0.177712,51.548636],[-0.177706,51.548636],[-0.177716,51.548746],[-0.177725,51.548759],[-0.177733,51.548759],[-0.178325,51.548725],[-0.178272,51.548856],[-0.178273,51.54886],[-0.178302,51.548966],[-0.178305,51.548977],[-0.178424,51.549106],[-0.178302,51.549125],[-0.177767,51.549211],[-0.177705,51.54922],[-0.177694,51.549222],[-0.177509,51.54925],[-0.177324,51.549278],[-0.177302,51.549244],[-0.177186,51.549064],[-0.176803,51.548892],[-0.176774,51.548915],[-0.176704,51.549166],[-0.176706,51.549191],[-0.17671,51.54925],[-0.176723,51.549308],[-0.176734,51.549332],[-0.176748,51.549365],[-0.176269,51.549438],[-0.175937,51.549488],[-0.175903,51.54949],[-0.175897,51.54946],[-0.175873,51.549349],[-0.175862,51.549301],[-0.17586,51.549295],[-0.175851,51.549274],[-0.175863,51.549237],[-0.175869,51.549195],[-0.175868,51.549178],[-0.175867,51.549119],[-0.175863,51.548948]]]}},{"type":"Feature","properties":{"LSOA21CD":"E01000884","LSOA21NM":"Camden 004D","MEAN_PTAL_":"2","mean_AI":5.30772050268,"borough":"Camden"},"geometry":{"type":"Polygon","coordinates":[[[-0.187543,51.562371],[-0.187416,51.56236],[-0.187308,51.562359],[-0.187308,51.562336],[-0.187296,51.562336],[-0.187296,51.562315],[-0.187309,51.562143],[-0.18731,51.561999],[-0.18732,51.561998],[-0.187325,51.561941],[-0.18737,51.561778],[-0.187354,51.561795],[-0.186763,51.561779],[-0.186808,51.561513],[-0.18683,51.56138],[-0.186843,51.561303],[-0.186853,51.561246],[-0.186869,51.561218],[-0.186922,51.561186],[-0.186946,51.561171],[-0.186951,51.561159],[-0.187096,51.561005],[-0.187104,51.561002],[-0.187417,51.560773],[-0.187483,51.560725],[-0.187511,51.560567],[-0.187517,51.560535],[-0.187597,51.560478],[-0.187706,51.560429],[-0.187836,51.560324],[-0.187888,51.560309],[-0.188113,51.560207],[-0.188202,51.560167],[-0.18827,51.560123],[-0.188287,51.560113],[-0.188336,51.560074],[-0.188425,51.559963],[-0.188435,51.559956],[-0.188431,51.559923],[-0.188444,51.559879],[-0.188522,51.559605],[-0.188505,51.559541],[-0.188411,51.559431],[-0.1887,51.559271],[-0.188776,51.559247],[-0.189008,51.559152],[-0.18894,51.559052],[-0.188717,51.558851],[-0.188321,51.559103],[-0.187751,51.558745],[-0.187708,51.558743],[-0.187654,51.55874],[-0.187642,51.55862],[-0.187615,51.558533],[-0.187785,51.558124],[-0.187794,51.558121],[-0.187834,51.558106],[-0.187759,51.55804],[-0.187768,51.558036],[-0.187871,51.557993],[-0.187895,51.557982],[-0.187897,51.557976],[-0.188144,51.557873],[-0.188502,51.557724],[-0.18873,51.557575],[-0.188812,51.557522],[-0.188886,51.557474],[-0.188907,51.557483],[-0.189209,51.557607],[-0.189423,51.557695],[-0.189462,51.557695],[-0.189567,51.557753],[-0.189697,51.557805],[-0.189865,51.557842],[-0.189991,51.557857],[-0.190008,51.557857],[-0.190152,51.557575],[-0.190163,51.557437],[-0.190146,51.557372],[-0.190169,51.557351],[-0.190193,51.557329],[-0.190196,51.557324],[-0.190287,51.557251],[-0.190326,51.557205],[-0.190403,51.55714],[-0.190433,51.557127],[-0.190533,51.557057],[-0.190573,51.557018],[-0.190656,51.556937],[-0.190681,51.556883],[-0.190684,51.556861],[-0.19069,51.556855],[-0.190964,51.556748],[-0.191026,51.556745],[-0.191222,51.556838],[-0.191465,51.556953],[-0.191473,51.556948],[-0.191604,51.55687],[-0.191673,51.556916],[-0.192021,51.557148],[-0.191772,51.557477],[-0.191366,51.557918],[-0.191384,51.557926],[-0.191595,51.558012],[-0.191883,51.558129],[-0.192576,51.558411],[-0.19259,51.558416],[-0.19261,51.558424],[-0.192979,51.558575],[-0.193859,51.558932],[-0.193946,51.558968],[-0.193959,51.558973],[-0.194389,51.55915],[-0.1944,51.559145],[-0.194415,51.559138],[-0.194449,51.55911],[-0.194502,51.559061],[-0.194509,51.559053],[-0.194519,51.559044],[-0.194533,51.559032],[-0.194551,51.559016],[-0.194556,51.559013],[-0.194558,51.55901],[-0.194583,51.558986],[-0.194591,51.55898],[-0.194649,51.558934],[-0.194695,51.558895],[-0.194702,51.558889],[-0.194747,51.558855],[-0.19478,51.558816],[-0.194849,51.558735],[-0.194852,51.558728],[-0.19486,51.558719],[-0.19487,51.558708],[-0.194875,51.558704],[-0.194883,51.558694],[-0.194891,51.558686],[-0.1949,51.558675],[-0.19494,51.558628],[-0.194964,51.5586],[-0.195141,51.558393],[-0.195156,51.558366],[-0.195213,51.558307],[-0.195343,51.558173],[-0.195758,51.557746],[-0.195759,51.557719],[-0.19577,51.557719],[-0.195777,51.557704],[-0.195786,51.557719],[-0.195789,51.557724],[-0.195809,51.557756],[-0.195818,51.5578],[-0.195826,51.557839],[-0.195829,51.557854],[-0.195832,51.557869],[-0.195837,51.557891],[-0.195837,51.557895],[-0.195838,51.557898],[-0.195868,51.557987],[-0.195869,51.55799],[-0.195875,51.558004],[-0.195895,51.55805],[-0.195904,51.55807],[-0.195908,51.558079],[-0.195926,51.558112],[-0.195937,51.55813],[-0.195946,51.558147],[-0.195969,51.558182],[-0.195995,51.558213],[-0.196023,51.558246],[-0.196115,51.558355],[-0.196165,51.558414],[-0.196187,51.55844],[-0.196215,51.558473],[-0.196246,51.55851],[-0.196261,51.558528],[-0.196288,51.55856],[-0.196316,51.558591],[-0.196337,51.558613],[-0.196367,51.558647],[-0.196409,51.558693],[-0.196424,51.558709],[-0.196449,51.558737],[-0.196462,51.558752],[-0.196465,51.558755],[-0.196483,51.558775],[-0.196503,51.558797],[-0.196601,51.558905],[-0.196615,51.558923],[-0.196617,51.558925],[-0.196636,51.558949],[-0.196645,51.55896],[-0.19665,51.558966],[-0.196658,51.558977],[-0.196681,51.559007],[-0.196722,51.559058],[-0.196765,51.559136],[-0.196783,51.559168],[-0.196793,51.559186],[-0.196737,51.559205],[-0.196723,51.55921],[-0.196656,51.559234],[-0.19672,51.559351],[-0.196742,51.559392],[-0.196759,51.559442],[-0.196794,51.559541],[-0.196808,51.559584],[-0.196815,51.559656],[-0.196826,51.559784],[-0.196826,51.55979],[-0.196908,51.55987],[-0.196914,51.559877],[-0.196914,51.559915],[-0.196915,51.559994],[-0.196916,51.56011],[-0.196916,51.560153],[-0.196917,51.560198],[-0.196918,51.560286],[-0.196919,51.560366],[-0.196921,51.560446],[-0.196921,51.560452],[-0.196921,51.560488],[-0.196922,51.560543],[-0.196915,51.560602],[-0.196914,51.56061],[-0.196895,51.56061],[-0.196802,51.56061],[-0.19677,51.56061],[-0.196762,51.56061],[-0.196732,51.560611],[-0.196686,51.56068],[-0.196609,51.560664],[-0.196604,51.560663],[-0.196541,51.56065],[-0.196523,51.560646],[-0.196512,51.560644],[-0.196509,51.560647],[-0.196473,51.560685],[-0.196463,51.560683],[-0.196449,51.560681],[-0.196428,51.560678],[-0.19641,51.560675],[-0.196379,51.560671],[-0.196373,51.56067],[-0.196328,51.560663],[-0.196253,51.560652],[-0.196239,51.56065],[-0.196206,51.560645],[-0.196198,51.560644],[-0.196189,51.560643],[-0.196182,51.560642],[-0.196172,51.56064],[-0.196134,51.560634],[-0.196127,51.560633],[-0.196122,51.560633],[-0.1961,51.560656],[-0.196074,51.560682],[-0.196046,51.560675],[-0.196036,51.560673],[-0.195983,51.56066],[-0.195969,51.560657],[-0.195962,51.560655],[-0.195939,51.56065],[-0.195914,51.560644],[-0.195873,51.560634],[-0.19584,51.560626],[-0.195827,51.560623],[-0.195802,51.560617],[-0.19579,51.560614],[-0.195784,51.560612],[-0.19571,51.560594],[-0.195704,51.560593],[-0.195683,51.560588],[-0.195654,51.560581],[-0.195635,51.560576],[-0.195621,51.560572],[-0.19556,51.560557],[-0.19554,51.560551],[-0.19546,51.560531],[-0.195455,51.56053],[-0.195445,51.560527],[-0.19542,51.560521],[-0.195401,51.560519],[-0.195353,51.560515],[-0.195339,51.560514],[-0.195331,51.560514],[-0.195307,51.560512],[-0.195295,51.560511],[-0.195227,51.560506],[-0.195183,51.560511],[-0.195166,51.560514],[-0.19516,51.560514],[-0.195123,51.560519],[-0.195039,51.56053],[-0.195003,51.560537],[-0.194991,51.56054],[-0.194979,51.560543],[-0.194811,51.560578],[-0.194801,51.56058],[-0.194708,51.5606],[-0.194682,51.560606],[-0.194674,51.560608],[-0.194647,51.560613],[-0.194611,51.560621],[-0.194588,51.560658],[-0.194584,51.560663],[-0.194569,51.56068],[-0.194557,51.560693],[-0.194545,51.560707],[-0.194523,51.560744],[-0.194513,51.560761],[-0.194502,51.56078],[-0.19448,51.560781],[-0.194441,51.560784],[-0.194424,51.560786],[-0.194321,51.560794],[-0.194315,51.560794],[-0.1943,51.560796],[-0.194272,51.560798],[-0.194254,51.560836],[-0.194237,51.560872],[-0.194167,51.560894],[-0.194157,51.560897],[-0.19407,51.560924],[-0.194032,51.560936],[-0.194003,51.560945],[-0.19387,51.560857],[-0.193856,51.560848],[-0.193811,51.560885],[-0.193789,51.560903],[-0.193713,51.560933],[-0.193707,51.560936],[-0.193692,51.560942],[-0.193651,51.560958],[-0.193573,51.56099],[-0.193466,51.561033],[-0.193403,51.561059],[-0.193377,51.561069],[-0.193336,51.561086],[-0.193331,51.561088],[-0.193299,51.561101],[-0.193262,51.561116],[-0.193256,51.561118],[-0.193187,51.561146],[-0.19313,51.561169],[-0.193053,51.5612],[-0.19297,51.561234],[-0.192952,51.56124],[-0.192948,51.561241],[-0.192726,51.561318],[-0.192707,51.561328],[-0.192626,51.56137],[-0.192453,51.561459],[-0.192439,51.561467],[-0.192411,51.561481],[-0.192404,51.561485],[-0.192342,51.561517],[-0.192296,51.561541],[-0.192228,51.561546],[-0.1922,51.561548],[-0.192092,51.561556],[-0.192083,51.561556],[-0.192024,51.561561],[-0.19194,51.561567],[-0.191646,51.561588],[-0.191621,51.56159],[-0.191595,51.561592],[-0.191536,51.561596],[-0.191513,51.561598],[-0.191463,51.561602],[-0.191454,51.561602],[-0.191372,51.561607],[-0.191355,51.561609],[-0.191299,51.561618],[-0.191287,51.56162],[-0.19128,51.561621],[-0.191269,51.561623],[-0.191247,51.561628],[-0.191222,51.561634],[-0.191188,51.561643],[-0.191169,51.561648],[-0.191094,51.561678],[-0.191056,51.561693],[-0.191016,51.56171],[-0.190942,51.561755],[-0.190911,51.561774],[-0.190902,51.56178],[-0.190887,51.561789],[-0.190847,51.561825],[-0.190819,51.561852],[-0.190762,51.561905],[-0.190752,51.561913],[-0.190732,51.561932],[-0.190717,51.561946],[-0.1907,51.561962],[-0.190688,51.561976],[-0.190648,51.562022],[-0.190619,51.562142],[-0.190614,51.562159],[-0.190606,51.562195],[-0.190603,51.562204],[-0.190603,51.562207],[-0.190593,51.562263],[-0.190584,51.562322],[-0.190582,51.562329],[-0.19058,51.562342],[-0.190569,51.562374],[-0.190555,51.562418],[-0.190538,51.562449],[-0.190534,51.562457],[-0.190509,51.562491],[-0.190502,51.562501],[-0.190496,51.562509],[-0.190493,51.562512],[-0.190462,51.562556],[-0.190427,51.56262],[-0.190424,51.562625],[-0.190393,51.562685],[-0.190347,51.562768],[-0.190288,51.562765],[-0.190159,51.562759],[-0.190152,51.562759],[-0.190031,51.562753],[-0.189657,51.562713],[-0.18963,51.562709],[-0.189529,51.562695],[-0.189486,51.562687],[-0.189397,51.562672],[-0.189226,51.562643],[-0.189131,51.562623],[-0.188788,51.562552],[-0.188556,51.562505],[-0.1885,51.562497],[-0.188058,51.562436],[-0.187945,51.562421],[-0.187658,51.562382],[-0.187641,51.56238],[-0.187543,51.562371]]]}},{"type":"Feature","properties":{"LSOA21CD":"E01000885","LSOA21NM":"Camden 004E","MEAN_PTAL_":"2","mean_AI":7.5134721341,"borough":"Camden"},"geometry":{"type":"Polygon","coordinates":[[[-0.184775,51.562301],[-0.184705,51.562264],[-0.184679,51.56225],[-0.184647,51.562233],[-0.184587,51.56219],[-0.184584,51.562187],[-0.184454,51.562095],[-0.184446,51.562088],[-0.184423,51.562072],[-0.184415,51.562067],[-0.184327,51.561991],[-0.184185,51.561841],[-0.184175,51.561831],[-0.184108,51.56177],[-0.183994,51.561667],[-0.183858,51.561544],[-0.183793,51.561485],[-0.183782,51.561477],[-0.183776,51.561473],[-0.183758,51.561459],[-0.183617,51.561354],[-0.183496,51.56128],[-0.183469,51.561259],[-0.183465,51.561255],[-0.183398,51.561203],[-0.183391,51.561197],[-0.183353,51.561167],[-0.183341,51.561155],[-0.183272,51.561081],[-0.183179,51.560984],[-0.183111,51.560913],[-0.183042,51.560834],[-0.18303,51.560808],[-0.183016,51.560779],[-0.183012,51.560769],[-0.182962,51.560664],[-0.182959,51.560659],[-0.182945,51.560628],[-0.182892,51.560516],[-0.182889,51.560509],[-0.18282,51.560363],[-0.182791,51.560302],[-0.182789,51.560297],[-0.182737,51.560188],[-0.18271,51.56014],[-0.182625,51.560009],[-0.182458,51.559778],[-0.182456,51.559775],[-0.182428,51.559736],[-0.182415,51.559722],[-0.18231,51.559608],[-0.18228,51.55958],[-0.182246,51.559549],[-0.182222,51.559528],[-0.182215,51.559522],[-0.182209,51.559518],[-0.182178,51.559492],[-0.182166,51.559483],[-0.182122,51.559448],[-0.182115,51.559442],[-0.182103,51.559432],[-0.182091,51.559422],[-0.181977,51.559331],[-0.181888,51.55926],[-0.181788,51.559179],[-0.181703,51.559111],[-0.181668,51.559083],[-0.181658,51.559075],[-0.181555,51.559],[-0.181458,51.558929],[-0.181214,51.558763],[-0.181166,51.55873],[-0.18116,51.558725],[-0.181071,51.558665],[-0.180989,51.558612],[-0.180912,51.558562],[-0.180899,51.558554],[-0.180612,51.558368],[-0.180606,51.558365],[-0.180557,51.558333],[-0.180546,51.558326],[-0.180518,51.558308],[-0.180204,51.558104],[-0.180151,51.558063],[-0.180133,51.558049],[-0.180094,51.558019],[-0.180064,51.557996],[-0.180043,51.557979],[-0.179876,51.557849],[-0.179844,51.557824],[-0.179841,51.557821],[-0.179825,51.557809],[-0.179707,51.557717],[-0.179633,51.557659],[-0.179606,51.557619],[-0.17958,51.55758],[-0.179576,51.557574],[-0.179504,51.557465],[-0.179497,51.557455],[-0.179493,51.557448],[-0.179466,51.557408],[-0.179462,51.557403],[-0.179454,51.55739],[-0.179448,51.557383],[-0.179425,51.557358],[-0.17942,51.557351],[-0.179412,51.557343],[-0.179408,51.557338],[-0.179406,51.557336],[-0.179398,51.557327],[-0.179388,51.557317],[-0.179367,51.557294],[-0.179345,51.557271],[-0.17933,51.557258],[-0.179244,51.557182],[-0.179197,51.557145],[-0.17917,51.557124],[-0.179166,51.557121],[-0.179133,51.557095],[-0.179129,51.557092],[-0.179115,51.557084],[-0.179109,51.55708],[-0.179083,51.557063],[-0.179076,51.557058],[-0.179062,51.557049],[-0.179057,51.557045],[-0.179033,51.55703],[-0.178974,51.556991],[-0.178909,51.556944],[-0.178892,51.556932],[-0.178889,51.55693],[-0.178766,51.556841],[-0.178742,51.556823],[-0.178625,51.556739],[-0.178635,51.556736],[-0.178776,51.556694],[-0.178985,51.556698],[-0.179002,51.556699],[-0.179172,51.556702],[-0.179177,51.556704],[-0.179176,51.55672],[-0.17928,51.557039],[-0.179311,51.557135],[-0.17967,51.557026],[-0.179682,51.557024],[-0.179688,51.557022],[-0.179706,51.557019],[-0.17973,51.557014],[-0.179795,51.557005],[-0.179849,51.556981],[-0.179884,51.556968],[-0.179955,51.556887],[-0.179977,51.556862],[-0.18,51.556841],[-0.180007,51.556835],[-0.180047,51.556807],[-0.179957,51.55658],[-0.179968,51.556582],[-0.18007,51.556595],[-0.180079,51.556593],[-0.180094,51.556589],[-0.18016,51.556594],[-0.180173,51.556591],[-0.180212,51.556582],[-0.180269,51.556554],[-0.180275,51.556558],[-0.180296,51.556567],[-0.18036,51.556592],[-0.180366,51.556594],[-0.180435,51.556599],[-0.180446,51.556597],[-0.180454,51.556598],[-0.180502,51.556605],[-0.180516,51.556603],[-0.180556,51.556599],[-0.180668,51.556553],[-0.180654,51.556677],[-0.180641,51.556777],[-0.18064,51.556789],[-0.180646,51.556795],[-0.180641,51.556842],[-0.180625,51.55699],[-0.180623,51.557013],[-0.18062,51.557041],[-0.180612,51.55711],[-0.180611,51.557119],[-0.180603,51.557197],[-0.180601,51.557241],[-0.180594,51.557246],[-0.180585,51.557252],[-0.180585,51.557258],[-0.180592,51.557308],[-0.180615,51.55748],[-0.181048,51.557414],[-0.181107,51.557405],[-0.181079,51.557342],[-0.181072,51.557323],[-0.181223,51.557001],[-0.181233,51.556996],[-0.181315,51.556955],[-0.181309,51.556946],[-0.181193,51.556772],[-0.181218,51.556637],[-0.181328,51.556565],[-0.181422,51.556504],[-0.181396,51.556481],[-0.181397,51.556463],[-0.181399,51.556402],[-0.181401,51.556355],[-0.181407,51.556295],[-0.18142,51.55617],[-0.181432,51.556048],[-0.181442,51.555947],[-0.181448,51.555888],[-0.18146,51.555771],[-0.18147,51.555673],[-0.181473,51.555636],[-0.181465,51.555521],[-0.181465,51.555511],[-0.181464,51.555502],[-0.181505,51.555494],[-0.181508,51.555482],[-0.181539,51.555479],[-0.181547,51.555479],[-0.181584,51.555476],[-0.181599,51.555475],[-0.182002,51.555726],[-0.182009,51.555731],[-0.182225,51.555773],[-0.18243,51.555431],[-0.182411,51.555422],[-0.18241,51.555419],[-0.182395,51.555307],[-0.182467,51.555301],[-0.182777,51.555306],[-0.182857,51.555307],[-0.182882,51.555407],[-0.182885,51.555591],[-0.182886,51.555658],[-0.182883,51.555741],[-0.182881,51.555775],[-0.182879,51.555838],[-0.182815,51.55606],[-0.182813,51.556066],[-0.182812,51.556071],[-0.18282,51.556071],[-0.183129,51.556071],[-0.183344,51.55607],[-0.183274,51.55572],[-0.183541,51.555645],[-0.183659,51.555591],[-0.183817,51.555484],[-0.183968,51.555546],[-0.184011,51.55557],[-0.184018,51.555572],[-0.184057,51.555587],[-0.184223,51.555623],[-0.184311,51.555632],[-0.184355,51.555644],[-0.184468,51.55569],[-0.184526,51.555698],[-0.184656,51.5557],[-0.184851,51.555747],[-0.184868,51.555746],[-0.185002,51.55579],[-0.185245,51.555808],[-0.185373,51.555783],[-0.185416,51.555775],[-0.185409,51.555703],[-0.185487,51.555791],[-0.185504,51.555834],[-0.185531,51.555888],[-0.18553,51.555906],[-0.18553,51.555912],[-0.185538,51.555929],[-0.186155,51.555908],[-0.18665,51.555891],[-0.186675,51.555918],[-0.186844,51.555908],[-0.187118,51.555951],[-0.187624,51.555897],[-0.187669,51.555879],[-0.187928,51.555725],[-0.187935,51.555721],[-0.187953,51.555656],[-0.188134,51.555599],[-0.188314,51.5555],[-0.188344,51.555477],[-0.188434,51.555373],[-0.188505,51.555251],[-0.18854,51.555252],[-0.188556,51.555252],[-0.188573,51.555251],[-0.188703,51.555317],[-0.189368,51.555554],[-0.189103,51.555674],[-0.188844,51.555802],[-0.188661,51.555892],[-0.188504,51.555964],[-0.188338,51.55604],[-0.188318,51.55605],[-0.188235,51.556092],[-0.188059,51.556179],[-0.187896,51.556267],[-0.187823,51.556306],[-0.187734,51.556354],[-0.187717,51.556364],[-0.187541,51.556465],[-0.187391,51.556551],[-0.187323,51.556591],[-0.1873,51.556604],[-0.187281,51.556615],[-0.187232,51.556643],[-0.187024,51.556762],[-0.187009,51.556804],[-0.187258,51.556978],[-0.187417,51.557028],[-0.187574,51.557078],[-0.187681,51.557076],[-0.187887,51.557072],[-0.187991,51.55707],[-0.187989,51.557112],[-0.187981,51.557134],[-0.18793,51.55727],[-0.187944,51.557338],[-0.187958,51.557404],[-0.188152,51.557756],[-0.18817,51.557754],[-0.18838,51.557731],[-0.188451,51.557714],[-0.188268,51.557819],[-0.188144,51.557873],[-0.187897,51.557976],[-0.187895,51.557982],[-0.187871,51.557993],[-0.187768,51.558036],[-0.187759,51.55804],[-0.187834,51.558106],[-0.187794,51.558121],[-0.187785,51.558124],[-0.187615,51.558533],[-0.187642,51.55862],[-0.187654,51.55874],[-0.187708,51.558743],[-0.187751,51.558745],[-0.188321,51.559103],[-0.188717,51.558851],[-0.18894,51.559052],[-0.189008,51.559152],[-0.188776,51.559247],[-0.1887,51.559271],[-0.188411,51.559431],[-0.188505,51.559541],[-0.188522,51.559605],[-0.188444,51.559879],[-0.188431,51.559923],[-0.188435,51.559956],[-0.188425,51.559963],[-0.188336,51.560074],[-0.188287,51.560113],[-0.18827,51.560123],[-0.188202,51.560167],[-0.188113,51.560207],[-0.187888,51.560309],[-0.187836,51.560324],[-0.187706,51.560429],[-0.187597,51.560478],[-0.187517,51.560535],[-0.187511,51.560567],[-0.187483,51.560725],[-0.187417,51.560773],[-0.187104,51.561002],[-0.187096,51.561005],[-0.186951,51.561159],[-0.186946,51.561171],[-0.186922,51.561186],[-0.186869,51.561218],[-0.186853,51.561246],[-0.186843,51.561303],[-0.18683,51.56138],[-0.186808,51.561513],[-0.186763,51.561779],[-0.187354,51.561795],[-0.18737,51.561778],[-0.187325,51.561941],[-0.18732,51.561998],[-0.18731,51.561999],[-0.187309,51.562143],[-0.187296,51.562315],[-0.187296,51.562336],[-0.187308,51.562336],[-0.187308,51.562359],[-0.187299,51.562359],[-0.187288,51.562359],[-0.187065,51.562358],[-0.186866,51.562368],[-0.186345,51.562395],[-0.186266,51.5624],[-0.186234,51.5624],[-0.186096,51.5624],[-0.18602,51.562401],[-0.185893,51.562401],[-0.185884,51.562401],[-0.185818,51.562401],[-0.185637,51.562402],[-0.185524,51.562397],[-0.185015,51.562376],[-0.184922,51.562354],[-0.184913,51.562352],[-0.184903,51.562348],[-0.184775,51.562301]]]}},{"type":"Feature","properties":{"LSOA21CD":"E01000886","LSOA21NM":"Camden 006A","MEAN_PTAL_":"3","mean_AI":10.8894524441,"borough":"Camden"},"geometry":{"type":"Polygon","coordinates":[[[-0.152332,51.555728],[-0.152112,51.555658],[-0.152051,51.555638],[-0.152028,51.555631],[-0.151784,51.555552],[-0.151501,51.555446],[-0.15139,51.555406],[-0.151185,51.555333],[-0.151128,51.555308],[-0.151118,51.555303],[-0.15094,51.555225],[-0.150849,51.555185],[-0.150842,51.555182],[-0.150731,51.555128],[-0.150841,51.555095],[-0.150854,51.555091],[-0.151089,51.555018],[-0.150986,51.554894],[-0.150932,51.55483],[-0.150896,51.554786],[-0.150841,51.554721],[-0.1508,51.554672],[-0.150776,51.554644],[-0.150735,51.554597],[-0.150695,51.554551],[-0.150652,51.554503],[-0.150619,51.554465],[-0.15058,51.554421],[-0.150537,51.554385],[-0.150524,51.554371],[-0.150548,51.554362],[-0.150553,51.554353],[-0.150641,51.554318],[-0.150902,51.554221],[-0.150908,51.554219],[-0.151242,51.554094],[-0.151299,51.554074],[-0.151306,51.554072],[-0.151413,51.554035],[-0.151417,51.554034],[-0.151427,51.55403],[-0.151485,51.554009],[-0.151513,51.553998],[-0.15152,51.553996],[-0.151582,51.553973],[-0.15161,51.553962],[-0.15174,51.553914],[-0.151793,51.553894],[-0.151802,51.553891],[-0.151851,51.553872],[-0.1519,51.553854],[-0.151929,51.553843],[-0.151974,51.553827],[-0.151984,51.553823],[-0.152046,51.5538],[-0.152085,51.553786],[-0.152108,51.553777],[-0.152187,51.553748],[-0.152216,51.553737],[-0.152259,51.553721],[-0.15232,51.553698],[-0.152361,51.553683],[-0.152416,51.553663],[-0.152486,51.553637],[-0.152526,51.553605],[-0.152546,51.553614],[-0.15256,51.553609],[-0.152648,51.553577],[-0.1527,51.553557],[-0.152916,51.553478],[-0.152925,51.553474],[-0.152939,51.55347],[-0.153023,51.553438],[-0.153051,51.553428],[-0.153112,51.553406],[-0.153184,51.553379],[-0.153235,51.553361],[-0.153319,51.55333],[-0.153391,51.553303],[-0.153464,51.553276],[-0.153537,51.553249],[-0.153819,51.553145],[-0.153834,51.553146],[-0.153848,51.553155],[-0.153948,51.553282],[-0.153959,51.553295],[-0.153985,51.553328],[-0.154088,51.553456],[-0.154123,51.553516],[-0.154137,51.553513],[-0.15415,51.553528],[-0.154135,51.553534],[-0.154162,51.553583],[-0.154317,51.553784],[-0.15446,51.553971],[-0.154488,51.554007],[-0.154506,51.554002],[-0.15454,51.553996],[-0.154709,51.553969],[-0.154823,51.553941],[-0.154893,51.553924],[-0.154909,51.55392],[-0.155004,51.553896],[-0.155088,51.553876],[-0.155131,51.553868],[-0.155307,51.553816],[-0.155379,51.553806],[-0.155421,51.5538],[-0.155434,51.553817],[-0.155477,51.553882],[-0.155486,51.553896],[-0.155615,51.554105],[-0.155751,51.554045],[-0.155842,51.55403],[-0.15594,51.554024],[-0.156078,51.554017],[-0.156114,51.554026],[-0.156123,51.554041],[-0.156143,51.554069],[-0.156159,51.554102],[-0.156163,51.554114],[-0.156183,51.554149],[-0.156187,51.55416],[-0.156211,51.554202],[-0.156224,51.554218],[-0.156231,51.554231],[-0.156235,51.554242],[-0.156274,51.554302],[-0.156294,51.554322],[-0.156317,51.554397],[-0.156323,51.554409],[-0.15633,51.554417],[-0.156337,51.554426],[-0.156355,51.554459],[-0.156357,51.554461],[-0.156374,51.554491],[-0.156387,51.554527],[-0.156399,51.554548],[-0.156401,51.554553],[-0.156439,51.554614],[-0.156444,51.554618],[-0.156446,51.554623],[-0.156447,51.554626],[-0.156464,51.554645],[-0.156499,51.554687],[-0.156518,51.554724],[-0.156528,51.554751],[-0.156531,51.554756],[-0.156546,51.554796],[-0.156559,51.554818],[-0.156568,51.554828],[-0.156586,51.554862],[-0.15663,51.554914],[-0.156632,51.554921],[-0.156637,51.554932],[-0.156667,51.55497],[-0.156692,51.555017],[-0.156697,51.555031],[-0.15673,51.555085],[-0.15676,51.555118],[-0.156765,51.555127],[-0.1568,51.555171],[-0.156822,51.555226],[-0.156825,51.555231],[-0.156851,51.555273],[-0.15688,51.555354],[-0.156873,51.555587],[-0.156781,51.555609],[-0.156709,51.55562],[-0.156666,51.555648],[-0.156582,51.555675],[-0.15657,51.555678],[-0.15663,51.555772],[-0.156641,51.555771],[-0.157597,51.555687],[-0.15775,51.555673],[-0.157836,51.555665],[-0.157972,51.555652],[-0.157991,51.55565],[-0.15825,51.555626],[-0.158252,51.555635],[-0.158464,51.555657],[-0.158476,51.555657],[-0.158525,51.555661],[-0.158565,51.5559],[-0.158594,51.556102],[-0.158595,51.55611],[-0.158587,51.55611],[-0.158534,51.556114],[-0.158376,51.556126],[-0.15829,51.556132],[-0.158218,51.556137],[-0.15811,51.556145],[-0.158021,51.556151],[-0.157912,51.556159],[-0.157829,51.556165],[-0.157784,51.556169],[-0.157585,51.556183],[-0.157543,51.556186],[-0.157402,51.556196],[-0.157315,51.556203],[-0.157183,51.556212],[-0.15713,51.556216],[-0.157114,51.556217],[-0.157026,51.556224],[-0.156971,51.556226],[-0.156758,51.556236],[-0.156712,51.556238],[-0.156473,51.556248],[-0.156374,51.556253],[-0.156229,51.556253],[-0.156081,51.556253],[-0.155982,51.556253],[-0.155925,51.556253],[-0.15589,51.556252],[-0.155629,51.556245],[-0.155483,51.556241],[-0.155409,51.556239],[-0.155285,51.556235],[-0.155177,51.556232],[-0.155155,51.55623],[-0.154932,51.556209],[-0.154918,51.556208],[-0.154847,51.556201],[-0.154814,51.556198],[-0.15475,51.556192],[-0.154734,51.556191],[-0.154623,51.556182],[-0.15451,51.556173],[-0.154437,51.556164],[-0.154427,51.556163],[-0.154326,51.556152],[-0.154293,51.556148],[-0.154255,51.556144],[-0.154232,51.556141],[-0.154223,51.556139],[-0.154179,51.556131],[-0.154099,51.556116],[-0.154059,51.556108],[-0.153971,51.556091],[-0.153948,51.556087],[-0.15394,51.556086],[-0.153802,51.556059],[-0.153763,51.556053],[-0.153722,51.556046],[-0.153486,51.556006],[-0.153409,51.555993],[-0.153334,51.555977],[-0.153182,51.555944],[-0.153106,51.555928],[-0.15305,51.555916],[-0.153007,51.555907],[-0.152982,51.555901],[-0.152967,51.555898],[-0.152923,51.555886],[-0.152867,51.55587],[-0.152709,51.555825],[-0.152618,51.555799],[-0.152564,51.555786],[-0.152512,51.555773],[-0.152482,51.555765],[-0.152332,51.555728]]]}},{"type":"Feature","properties":{"LSOA21CD":"E01000887","LSOA21NM":"Camden 006B","MEAN_PTAL_":"4","mean_AI":18.7883403694,"borough":"Camden"},"geometry":{"type":"Polygon","coordinates":[[[-0.158704,51.556097],[-0.158835,51.555649],[-0.158866,51.555649],[-0.158958,51.555661],[-0.159055,51.555663],[-0.159056,51.555638],[-0.159085,51.555638],[-0.159185,51.55564],[-0.159458,51.555616],[-0.159594,51.555604],[-0.159637,51.5556],[-0.159726,51.555592],[-0.159967,51.555571],[-0.160157,51.555555],[-0.160287,51.555544],[-0.160679,51.555511],[-0.160687,51.555509],[-0.160746,51.555498],[-0.16075,51.555505],[-0.160778,51.555503],[-0.160807,51.555494],[-0.160812,51.555474],[-0.16082,51.555471],[-0.160829,51.5554],[-0.160846,51.555327],[-0.16084,51.55532],[-0.160831,51.55531],[-0.16058,51.555313],[-0.160523,51.555306],[-0.16041,51.555272],[-0.160404,51.555244],[-0.160407,51.555211],[-0.160413,51.555191],[-0.160415,51.555173],[-0.160421,51.555155],[-0.160422,51.555107],[-0.160425,51.555097],[-0.160433,51.555083],[-0.16044,51.555053],[-0.160441,51.555022],[-0.16044,51.555015],[-0.160506,51.554925],[-0.160512,51.55491],[-0.160521,51.55489],[-0.160522,51.554878],[-0.16052,51.554865],[-0.16052,51.554855],[-0.16052,51.554837],[-0.16052,51.554827],[-0.160532,51.554798],[-0.160535,51.554765],[-0.160537,51.554758],[-0.160538,51.554736],[-0.160539,51.554715],[-0.160536,51.554703],[-0.160528,51.554669],[-0.160523,51.554659],[-0.16056,51.554605],[-0.160582,51.554582],[-0.160581,51.554579],[-0.160542,51.554511],[-0.160481,51.55446],[-0.160417,51.554431],[-0.160273,51.554394],[-0.160246,51.554401],[-0.16023,51.554405],[-0.160219,51.554417],[-0.159884,51.554284],[-0.159745,51.554229],[-0.159648,51.554191],[-0.159615,51.554157],[-0.159562,51.554122],[-0.159524,51.554108],[-0.159509,51.554092],[-0.15939,51.554025],[-0.159318,51.554023],[-0.159179,51.554043],[-0.159158,51.554025],[-0.159153,51.55394],[-0.15913,51.553786],[-0.159144,51.553752],[-0.159163,51.553706],[-0.159096,51.55368],[-0.159247,51.553539],[-0.159338,51.553531],[-0.159421,51.553326],[-0.159455,51.553279],[-0.159583,51.553196],[-0.159875,51.553006],[-0.159931,51.553009],[-0.160015,51.553035],[-0.160079,51.553055],[-0.160136,51.553073],[-0.160663,51.553238],[-0.161194,51.553405],[-0.161309,51.553438],[-0.161494,51.553491],[-0.161488,51.553474],[-0.161468,51.553418],[-0.161441,51.553355],[-0.161443,51.55331],[-0.161466,51.553276],[-0.161474,51.553266],[-0.161487,51.553255],[-0.161563,51.553195],[-0.161597,51.553159],[-0.161654,51.553098],[-0.161722,51.553012],[-0.161775,51.552947],[-0.161779,51.55294],[-0.161836,51.552847],[-0.162329,51.552988],[-0.1623,51.55304],[-0.162362,51.553086],[-0.162534,51.553232],[-0.162593,51.553282],[-0.162607,51.553294],[-0.162677,51.553353],[-0.162707,51.553379],[-0.162711,51.553383],[-0.162792,51.553451],[-0.162803,51.553468],[-0.162836,51.553518],[-0.162852,51.553542],[-0.162818,51.553656],[-0.162816,51.553665],[-0.162907,51.553672],[-0.162939,51.553674],[-0.162961,51.553677],[-0.163041,51.553687],[-0.163134,51.553699],[-0.163199,51.553707],[-0.163218,51.553709],[-0.163263,51.553715],[-0.163323,51.553726],[-0.163477,51.553754],[-0.163488,51.553756],[-0.163616,51.553779],[-0.163653,51.553786],[-0.163727,51.553799],[-0.163777,51.553808],[-0.163803,51.553813],[-0.163881,51.553827],[-0.163953,51.55384],[-0.164029,51.553854],[-0.164047,51.553857],[-0.164124,51.553871],[-0.164227,51.55389],[-0.16429,51.553901],[-0.164341,51.553912],[-0.164423,51.553931],[-0.164431,51.553933],[-0.164501,51.553949],[-0.164604,51.553999],[-0.164609,51.554001],[-0.164673,51.554031],[-0.164789,51.554088],[-0.164818,51.554101],[-0.164824,51.554104],[-0.16492,51.554151],[-0.164977,51.554178],[-0.164984,51.554176],[-0.165275,51.554123],[-0.165344,51.554111],[-0.165466,51.554089],[-0.165487,51.554084],[-0.165558,51.554072],[-0.165564,51.554136],[-0.165565,51.55414],[-0.165568,51.554176],[-0.16559,51.55423],[-0.165649,51.554321],[-0.165664,51.554345],[-0.165688,51.554382],[-0.165692,51.554388],[-0.165693,51.55439],[-0.165704,51.554407],[-0.165709,51.554419],[-0.165743,51.554493],[-0.165768,51.554548],[-0.165784,51.554578],[-0.165825,51.554655],[-0.165842,51.554688],[-0.165844,51.554691],[-0.165897,51.554774],[-0.16593,51.554826],[-0.165943,51.554843],[-0.165973,51.554881],[-0.165976,51.554886],[-0.165982,51.554892],[-0.166031,51.554956],[-0.16604,51.554968],[-0.166124,51.555075],[-0.166128,51.55508],[-0.166128,51.555084],[-0.166105,51.55509],[-0.166076,51.555097],[-0.165685,51.555191],[-0.165665,51.555196],[-0.165629,51.555205],[-0.165595,51.555212],[-0.165526,51.555228],[-0.165517,51.55523],[-0.165461,51.555243],[-0.165451,51.555245],[-0.165447,51.555246],[-0.165342,51.55527],[-0.165332,51.555273],[-0.165158,51.555313],[-0.165113,51.555323],[-0.165106,51.555324],[-0.165037,51.55534],[-0.164899,51.55537],[-0.164892,51.555372],[-0.164706,51.555414],[-0.164685,51.555418],[-0.164674,51.555421],[-0.164494,51.555461],[-0.164484,51.555463],[-0.164418,51.555475],[-0.164254,51.555505],[-0.16425,51.555506],[-0.164216,51.555512],[-0.164212,51.555513],[-0.163964,51.555559],[-0.163952,51.555561],[-0.163947,51.555562],[-0.163863,51.555577],[-0.163848,51.55558],[-0.163837,51.555582],[-0.163808,51.555587],[-0.163777,51.555593],[-0.163766,51.555595],[-0.163702,51.555607],[-0.163693,51.555608],[-0.163687,51.55561],[-0.163681,51.555611],[-0.163641,51.555617],[-0.163613,51.555621],[-0.163565,51.555628],[-0.163531,51.555633],[-0.163041,51.555707],[-0.163021,51.555709],[-0.163008,51.555711],[-0.162855,51.555731],[-0.162677,51.555755],[-0.162577,51.555768],[-0.162552,51.555772],[-0.162481,51.555782],[-0.162407,51.555793],[-0.162331,51.555804],[-0.162235,51.555818],[-0.162092,51.555829],[-0.161971,51.555839],[-0.161909,51.555843],[-0.161829,51.55585],[-0.161693,51.555862],[-0.161579,51.555873],[-0.161455,51.555885],[-0.161336,51.555896],[-0.161239,51.555905],[-0.161221,51.555907],[-0.161211,51.555907],[-0.161135,51.555915],[-0.161122,51.555916],[-0.161024,51.555923],[-0.160981,51.555926],[-0.160883,51.555934],[-0.160802,51.55594],[-0.160709,51.555947],[-0.16061,51.555955],[-0.160591,51.555956],[-0.160568,51.555958],[-0.160451,51.555967],[-0.160425,51.555969],[-0.160381,51.555972],[-0.160332,51.555976],[-0.160307,51.555978],[-0.160207,51.555986],[-0.16014,51.555992],[-0.160119,51.555994],[-0.160032,51.556002],[-0.15995,51.556009],[-0.15991,51.556012],[-0.159906,51.556012],[-0.1598,51.556021],[-0.159735,51.556027],[-0.159711,51.556029],[-0.159577,51.556041],[-0.159517,51.556045],[-0.159448,51.55605],[-0.159368,51.556055],[-0.159293,51.556061],[-0.159171,51.556069],[-0.159138,51.556072],[-0.159091,51.556075],[-0.159002,51.556081],[-0.15897,51.556083],[-0.158893,51.556089],[-0.158703,51.556102],[-0.158704,51.556097]]]}},{"type":"Feature","properties":{"LSOA21CD":"E01000888","LSOA21NM":"Camden 006C","MEAN_PTAL_":"3","mean_AI":14.7329385325,"borough":"Camden"},"geometry":{"type":"Polygon","coordinates":[[[-0.158525,51.555661],[-0.158476,51.555657],[-0.158464,51.555657],[-0.158252,51.555635],[-0.15825,51.555626],[-0.157991,51.55565],[-0.157972,51.555652],[-0.157836,51.555665],[-0.15775,51.555673],[-0.157597,51.555687],[-0.156641,51.555771],[-0.15663,51.555772],[-0.15657,51.555678],[-0.156582,51.555675],[-0.156666,51.555648],[-0.156709,51.55562],[-0.156781,51.555609],[-0.156873,51.555587],[-0.15688,51.555354],[-0.156851,51.555273],[-0.156825,51.555231],[-0.156822,51.555226],[-0.1568,51.555171],[-0.156765,51.555127],[-0.15676,51.555118],[-0.15673,51.555085],[-0.156697,51.555031],[-0.156692,51.555017],[-0.156667,51.55497],[-0.156637,51.554932],[-0.156632,51.554921],[-0.15663,51.554914],[-0.156586,51.554862],[-0.156568,51.554828],[-0.156559,51.554818],[-0.156546,51.554796],[-0.156531,51.554756],[-0.156528,51.554751],[-0.156518,51.554724],[-0.156499,51.554687],[-0.156464,51.554645],[-0.156447,51.554626],[-0.156446,51.554623],[-0.156444,51.554618],[-0.156439,51.554614],[-0.156401,51.554553],[-0.156399,51.554548],[-0.156387,51.554527],[-0.156374,51.554491],[-0.156357,51.554461],[-0.156355,51.554459],[-0.156337,51.554426],[-0.15633,51.554417],[-0.156323,51.554409],[-0.156317,51.554397],[-0.156294,51.554322],[-0.156274,51.554302],[-0.156235,51.554242],[-0.156231,51.554231],[-0.156224,51.554218],[-0.156211,51.554202],[-0.156187,51.55416],[-0.156183,51.554149],[-0.156163,51.554114],[-0.156159,51.554102],[-0.156143,51.554069],[-0.156123,51.554041],[-0.156114,51.554026],[-0.156078,51.554017],[-0.15594,51.554024],[-0.155842,51.55403],[-0.155751,51.554045],[-0.155615,51.554105],[-0.155486,51.553896],[-0.155477,51.553882],[-0.155434,51.553817],[-0.155421,51.5538],[-0.155379,51.553806],[-0.155307,51.553816],[-0.155131,51.553868],[-0.155088,51.553876],[-0.155004,51.553896],[-0.154909,51.55392],[-0.154893,51.553924],[-0.154823,51.553941],[-0.154709,51.553969],[-0.15454,51.553996],[-0.154506,51.554002],[-0.154488,51.554007],[-0.15446,51.553971],[-0.154317,51.553784],[-0.154162,51.553583],[-0.154135,51.553534],[-0.15415,51.553528],[-0.154137,51.553513],[-0.154123,51.553516],[-0.154088,51.553456],[-0.153985,51.553328],[-0.154,51.553324],[-0.15411,51.553299],[-0.15453,51.553204],[-0.154538,51.553202],[-0.154989,51.553099],[-0.155164,51.553059],[-0.155473,51.552983],[-0.155619,51.552947],[-0.155752,51.553134],[-0.155931,51.553387],[-0.156068,51.553379],[-0.15618,51.553364],[-0.156271,51.553348],[-0.156445,51.553293],[-0.156468,51.553285],[-0.156592,51.553234],[-0.156641,51.553249],[-0.156706,51.553267],[-0.156764,51.553281],[-0.156795,51.553286],[-0.156813,51.553288],[-0.157702,51.553081],[-0.157732,51.553063],[-0.157746,51.553054],[-0.157747,51.553036],[-0.1576,51.552777],[-0.157532,51.552725],[-0.157838,51.552652],[-0.157997,51.552932],[-0.15801,51.552951],[-0.158001,51.552975],[-0.158019,51.553001],[-0.158032,51.553001],[-0.158061,51.553001],[-0.158065,51.553],[-0.158136,51.552987],[-0.158296,51.552928],[-0.158308,51.552925],[-0.158398,51.552904],[-0.158511,51.552812],[-0.15852,51.552809],[-0.158858,51.552701],[-0.158875,51.552699],[-0.159139,51.552672],[-0.159337,51.552726],[-0.159393,51.552685],[-0.159416,51.552682],[-0.159501,51.55267],[-0.159507,51.552669],[-0.159529,51.552666],[-0.160066,51.552589],[-0.160063,51.552581],[-0.159986,51.552396],[-0.15999,51.552392],[-0.160027,51.552356],[-0.160031,51.552351],[-0.160054,51.552348],[-0.160147,51.552339],[-0.1602,51.552334],[-0.160306,51.552323],[-0.160338,51.55232],[-0.160351,51.552319],[-0.160477,51.552306],[-0.160571,51.552297],[-0.160589,51.552296],[-0.160647,51.55229],[-0.160879,51.552267],[-0.160889,51.55228],[-0.160921,51.552322],[-0.160973,51.552448],[-0.160991,51.552463],[-0.160994,51.552469],[-0.160998,51.552479],[-0.161028,51.552552],[-0.161056,51.552549],[-0.161083,51.552612],[-0.161086,51.552618],[-0.161087,51.552621],[-0.161095,51.552639],[-0.161104,51.552661],[-0.161137,51.552745],[-0.161174,51.552838],[-0.161173,51.552856],[-0.161155,51.552861],[-0.161204,51.552927],[-0.160792,51.552997],[-0.160786,51.552998],[-0.160701,51.553175],[-0.160663,51.553238],[-0.160136,51.553073],[-0.160079,51.553055],[-0.160015,51.553035],[-0.159931,51.553009],[-0.159875,51.553006],[-0.159583,51.553196],[-0.159455,51.553279],[-0.159421,51.553326],[-0.159338,51.553531],[-0.159247,51.553539],[-0.159096,51.55368],[-0.159163,51.553706],[-0.159144,51.553752],[-0.15913,51.553786],[-0.159153,51.55394],[-0.159158,51.554025],[-0.159179,51.554043],[-0.159318,51.554023],[-0.15939,51.554025],[-0.159509,51.554092],[-0.159524,51.554108],[-0.159562,51.554122],[-0.159615,51.554157],[-0.159648,51.554191],[-0.159745,51.554229],[-0.159884,51.554284],[-0.160219,51.554417],[-0.16023,51.554405],[-0.160246,51.554401],[-0.160273,51.554394],[-0.160417,51.554431],[-0.160481,51.55446],[-0.160542,51.554511],[-0.160581,51.554579],[-0.160582,51.554582],[-0.16056,51.554605],[-0.160523,51.554659],[-0.160528,51.554669],[-0.160536,51.554703],[-0.160539,51.554715],[-0.160538,51.554736],[-0.160537,51.554758],[-0.160535,51.554765],[-0.160532,51.554798],[-0.16052,51.554827],[-0.16052,51.554837],[-0.16052,51.554855],[-0.16052,51.554865],[-0.160522,51.554878],[-0.160521,51.55489],[-0.160512,51.55491],[-0.160506,51.554925],[-0.16044,51.555015],[-0.160441,51.555022],[-0.16044,51.555053],[-0.160433,51.555083],[-0.160425,51.555097],[-0.160422,51.555107],[-0.160421,51.555155],[-0.160415,51.555173],[-0.160413,51.555191],[-0.160407,51.555211],[-0.160404,51.555244],[-0.16041,51.555272],[-0.160523,51.555306],[-0.16058,51.555313],[-0.160831,51.55531],[-0.16084,51.55532],[-0.160846,51.555327],[-0.160829,51.5554],[-0.16082,51.555471],[-0.160812,51.555474],[-0.160807,51.555494],[-0.160778,51.555503],[-0.16075,51.555505],[-0.160746,51.555498],[-0.160687,51.555509],[-0.160679,51.555511],[-0.160287,51.555544],[-0.160157,51.555555],[-0.159967,51.555571],[-0.159726,51.555592],[-0.159637,51.5556],[-0.159594,51.555604],[-0.159458,51.555616],[-0.159185,51.55564],[-0.159085,51.555638],[-0.159056,51.555638],[-0.159055,51.555663],[-0.158958,51.555661],[-0.158866,51.555649],[-0.158835,51.555649],[-0.158704,51.556097],[-0.158703,51.556102],[-0.158595,51.55611],[-0.158594,51.556102],[-0.158565,51.5559],[-0.158525,51.555661]]]}},{"type":"Feature","properties":{"LSOA21CD":"E01000889","LSOA21NM":"Camden 007A","MEAN_PTAL_":"3","mean_AI":11.4659520173,"borough":"Camden"},"geometry":{"type":"Polygon","coordinates":[[[-0.148515,51.553573],[-0.148407,51.55346],[-0.148402,51.553455],[-0.14837,51.55342],[-0.148248,51.553271],[-0.148226,51.553241],[-0.148223,51.553238],[-0.148102,51.553075],[-0.147932,51.552824],[-0.147922,51.552806],[-0.14792,51.552802],[-0.147905,51.552773],[-0.147885,51.552736],[-0.147877,51.552721],[-0.147787,51.552554],[-0.147755,51.552479],[-0.147752,51.552474],[-0.147664,51.552273],[-0.147657,51.552256],[-0.147601,51.552127],[-0.147595,51.552114],[-0.147593,51.552109],[-0.147539,51.551968],[-0.14752,51.551904],[-0.147499,51.551829],[-0.147492,51.551803],[-0.14749,51.551794],[-0.147488,51.551784],[-0.147477,51.551738],[-0.147468,51.551701],[-0.147463,51.551678],[-0.147462,51.551674],[-0.147455,51.551634],[-0.147449,51.551593],[-0.147447,51.55158],[-0.147446,51.551578],[-0.147442,51.55155],[-0.147442,51.551547],[-0.147438,51.551525],[-0.147437,51.551515],[-0.147435,51.551506],[-0.147425,51.551413],[-0.147424,51.551406],[-0.147423,51.551396],[-0.147422,51.551387],[-0.147419,51.551362],[-0.147418,51.551353],[-0.147411,51.551295],[-0.14741,51.551286],[-0.147408,51.551267],[-0.147407,51.551265],[-0.147407,51.551259],[-0.147398,51.551183],[-0.147397,51.551179],[-0.147397,51.551173],[-0.147394,51.551155],[-0.14739,51.550992],[-0.14739,51.550988],[-0.147387,51.550875],[-0.147387,51.550874],[-0.147387,51.55087],[-0.147382,51.550687],[-0.147381,51.550676],[-0.147381,51.550616],[-0.147379,51.550509],[-0.147378,51.550465],[-0.147378,51.550431],[-0.147377,51.550382],[-0.147376,51.550323],[-0.147375,51.550236],[-0.147384,51.550123],[-0.147387,51.550082],[-0.14739,51.550049],[-0.147389,51.549973],[-0.147389,51.54993],[-0.147388,51.549773],[-0.147387,51.549763],[-0.147385,51.549738],[-0.147383,51.549716],[-0.147375,51.549639],[-0.147346,51.54946],[-0.147338,51.54943],[-0.147294,51.549257],[-0.147243,51.549041],[-0.147208,51.548895],[-0.147186,51.548803],[-0.147468,51.548897],[-0.14756,51.548928],[-0.147647,51.54896],[-0.147694,51.548977],[-0.147897,51.549127],[-0.147976,51.549186],[-0.148031,51.549228],[-0.148037,51.549232],[-0.148226,51.549375],[-0.148366,51.549481],[-0.148378,51.54949],[-0.148383,51.549494],[-0.148404,51.549511],[-0.148432,51.549533],[-0.148452,51.549548],[-0.148458,51.549553],[-0.148494,51.549581],[-0.148596,51.549661],[-0.148636,51.549693],[-0.148655,51.54971],[-0.148694,51.549744],[-0.148718,51.549765],[-0.148743,51.549788],[-0.148752,51.549795],[-0.148805,51.549842],[-0.148812,51.549848],[-0.148827,51.549862],[-0.148895,51.549928],[-0.149001,51.550033],[-0.149036,51.550067],[-0.149083,51.550113],[-0.149085,51.550117],[-0.149115,51.550153],[-0.149175,51.550228],[-0.149235,51.550302],[-0.149242,51.550311],[-0.149263,51.550336],[-0.149274,51.55035],[-0.149379,51.55048],[-0.149403,51.55051],[-0.149409,51.550517],[-0.149428,51.550541],[-0.149468,51.55059],[-0.149483,51.550608],[-0.149518,51.550655],[-0.149564,51.550717],[-0.149646,51.550826],[-0.149652,51.550835],[-0.149657,51.550841],[-0.149611,51.550854],[-0.14957,51.550866],[-0.149482,51.550896],[-0.149336,51.550943],[-0.149326,51.550948],[-0.149132,51.551012],[-0.149122,51.551014],[-0.148943,51.551054],[-0.148825,51.551079],[-0.148797,51.551079],[-0.148748,51.551022],[-0.148691,51.550955],[-0.14868,51.550942],[-0.148667,51.550926],[-0.148663,51.550922],[-0.148629,51.550882],[-0.14861,51.550859],[-0.148588,51.550834],[-0.148549,51.550787],[-0.148533,51.550792],[-0.148529,51.550788],[-0.148524,51.550782],[-0.148515,51.550752],[-0.148509,51.550742],[-0.148505,51.550736],[-0.148461,51.550684],[-0.14841,51.550624],[-0.148384,51.550593],[-0.148369,51.550576],[-0.148341,51.550543],[-0.148328,51.550528],[-0.148322,51.55052],[-0.148274,51.550464],[-0.148235,51.550418],[-0.148177,51.55035],[-0.148172,51.550352],[-0.148076,51.550387],[-0.148083,51.550394],[-0.148091,51.550404],[-0.148034,51.550483],[-0.148032,51.550486],[-0.147979,51.550641],[-0.147979,51.550651],[-0.147981,51.550691],[-0.147981,51.550694],[-0.148021,51.550706],[-0.14805,51.550717],[-0.148088,51.550733],[-0.148129,51.550761],[-0.14813,51.550763],[-0.148174,51.550841],[-0.148195,51.550879],[-0.148197,51.550882],[-0.148185,51.550903],[-0.148176,51.55092],[-0.148276,51.550986],[-0.148307,51.551022],[-0.148314,51.55103],[-0.148321,51.551036],[-0.148346,51.551068],[-0.148349,51.551075],[-0.148356,51.551084],[-0.148367,51.5511],[-0.148372,51.551103],[-0.148502,51.551178],[-0.148514,51.551184],[-0.148541,51.551196],[-0.148595,51.551214],[-0.148608,51.551218],[-0.148618,51.55122],[-0.148624,51.551222],[-0.148816,51.551201],[-0.148921,51.55123],[-0.149054,51.551266],[-0.149204,51.551395],[-0.149206,51.551399],[-0.149208,51.551403],[-0.149284,51.551424],[-0.149451,51.551471],[-0.1496,51.551666],[-0.149713,51.551685],[-0.149774,51.5517],[-0.149856,51.551729],[-0.149894,51.551749],[-0.149935,51.55178],[-0.149983,51.551838],[-0.149993,51.551851],[-0.149996,51.551853],[-0.15001,51.551873],[-0.150028,51.551891],[-0.150033,51.551895],[-0.150035,51.551899],[-0.150054,51.551919],[-0.150066,51.551932],[-0.150068,51.551936],[-0.150075,51.551944],[-0.150091,51.551961],[-0.150092,51.551965],[-0.150098,51.551973],[-0.150115,51.551995],[-0.150121,51.552002],[-0.150124,51.552005],[-0.150146,51.552034],[-0.15015,51.552038],[-0.150155,51.552043],[-0.150188,51.552095],[-0.150199,51.552138],[-0.150199,51.552165],[-0.150172,51.552255],[-0.150168,51.552271],[-0.150184,51.552279],[-0.150186,51.552282],[-0.150207,51.552307],[-0.150392,51.552357],[-0.150482,51.552404],[-0.15054,51.552531],[-0.150543,51.552538],[-0.150492,51.552549],[-0.150437,51.552563],[-0.150379,51.552576],[-0.150289,51.552598],[-0.150026,51.55266],[-0.149991,51.552668],[-0.150361,51.552682],[-0.150582,51.552691],[-0.150613,51.552692],[-0.150899,51.552703],[-0.151194,51.552715],[-0.151578,51.55273],[-0.151581,51.552716],[-0.151601,51.55271],[-0.15166,51.552693],[-0.151664,51.55269],[-0.15166,51.552671],[-0.151647,51.552635],[-0.151654,51.552631],[-0.151721,51.5526],[-0.15173,51.552595],[-0.15174,51.552588],[-0.151809,51.552547],[-0.152075,51.552408],[-0.152237,51.552327],[-0.15234,51.552277],[-0.15234,51.552268],[-0.152551,51.552203],[-0.152595,51.552189],[-0.153408,51.55194],[-0.153486,51.552003],[-0.153798,51.552257],[-0.153808,51.552265],[-0.153812,51.552269],[-0.153891,51.552333],[-0.153897,51.552338],[-0.154188,51.552576],[-0.154262,51.552636],[-0.154163,51.552716],[-0.154135,51.552739],[-0.153922,51.552749],[-0.154147,51.552863],[-0.154066,51.553003],[-0.153978,51.553041],[-0.153996,51.553058],[-0.154022,51.553113],[-0.154061,51.553148],[-0.154059,51.553225],[-0.15411,51.553299],[-0.154,51.553324],[-0.153985,51.553328],[-0.153959,51.553295],[-0.153948,51.553282],[-0.153848,51.553155],[-0.153834,51.553146],[-0.153819,51.553145],[-0.153537,51.553249],[-0.153464,51.553276],[-0.153391,51.553303],[-0.153319,51.55333],[-0.153235,51.553361],[-0.153184,51.553379],[-0.153112,51.553406],[-0.153051,51.553428],[-0.153023,51.553438],[-0.152939,51.55347],[-0.152925,51.553474],[-0.152916,51.553478],[-0.1527,51.553557],[-0.152648,51.553577],[-0.15256,51.553609],[-0.152546,51.553614],[-0.152526,51.553605],[-0.152486,51.553637],[-0.152416,51.553663],[-0.152361,51.553683],[-0.15232,51.553698],[-0.152259,51.553721],[-0.152216,51.553737],[-0.152187,51.553748],[-0.152108,51.553777],[-0.152085,51.553786],[-0.152046,51.5538],[-0.151984,51.553823],[-0.151974,51.553827],[-0.151929,51.553843],[-0.1519,51.553854],[-0.151851,51.553872],[-0.151802,51.553891],[-0.151793,51.553894],[-0.15174,51.553914],[-0.15161,51.553962],[-0.151582,51.553973],[-0.15152,51.553996],[-0.151513,51.553998],[-0.151485,51.554009],[-0.151427,51.55403],[-0.151417,51.554034],[-0.151413,51.554035],[-0.151306,51.554072],[-0.151299,51.554074],[-0.151242,51.554094],[-0.150908,51.554219],[-0.150902,51.554221],[-0.150641,51.554318],[-0.150553,51.554353],[-0.150548,51.554362],[-0.150524,51.554371],[-0.150537,51.554385],[-0.15058,51.554421],[-0.150619,51.554465],[-0.150652,51.554503],[-0.150695,51.554551],[-0.150735,51.554597],[-0.150776,51.554644],[-0.1508,51.554672],[-0.150841,51.554721],[-0.150896,51.554786],[-0.150932,51.55483],[-0.150986,51.554894],[-0.151089,51.555018],[-0.150854,51.555091],[-0.150841,51.555095],[-0.150731,51.555128],[-0.150617,51.555073],[-0.150461,51.554992],[-0.150417,51.554969],[-0.150406,51.554964],[-0.150343,51.554931],[-0.150336,51.554927],[-0.150328,51.554923],[-0.150271,51.55489],[-0.150253,51.554879],[-0.150216,51.554858],[-0.150187,51.554842],[-0.150152,51.554822],[-0.150074,51.554778],[-0.150009,51.554741],[-0.149978,51.554721],[-0.149809,51.554614],[-0.149602,51.554472],[-0.149577,51.554455],[-0.149521,51.554416],[-0.149448,51.554366],[-0.149424,51.554349],[-0.149401,51.554331],[-0.149394,51.554326],[-0.149357,51.554298],[-0.14933,51.554277],[-0.149318,51.554268],[-0.149273,51.554233],[-0.149243,51.554211],[-0.149236,51.554205],[-0.149036,51.554052],[-0.149016,51.554036],[-0.148979,51.554005],[-0.148967,51.553994],[-0.148958,51.553987],[-0.148933,51.553965],[-0.148929,51.553962],[-0.148915,51.55395],[-0.148834,51.55388],[-0.148796,51.553848],[-0.148774,51.553829],[-0.148768,51.553824],[-0.14876,51.553817],[-0.148752,51.55381],[-0.148745,51.553803],[-0.148719,51.553779],[-0.148643,51.553707],[-0.148575,51.553636],[-0.14857,51.55363],[-0.148515,51.553573]]]}},{"type":"Feature","properties":{"LSOA21CD":"E01000890","LSOA21NM":"Camden 007B","MEAN_PTAL_":"3","mean_AI":14.6551936037,"borough":"Camden"},"geometry":{"type":"Polygon","coordinates":[[[-0.155931,51.553387],[-0.155752,51.553134],[-0.155619,51.552947],[-0.155473,51.552983],[-0.155164,51.553059],[-0.154989,51.553099],[-0.154538,51.553202],[-0.15453,51.553204],[-0.15411,51.553299],[-0.154059,51.553225],[-0.154061,51.553148],[-0.154022,51.553113],[-0.153996,51.553058],[-0.153978,51.553041],[-0.154066,51.553003],[-0.154147,51.552863],[-0.153922,51.552749],[-0.154135,51.552739],[-0.154163,51.552716],[-0.154262,51.552636],[-0.154188,51.552576],[-0.153897,51.552338],[-0.153891,51.552333],[-0.153812,51.552269],[-0.153808,51.552265],[-0.153798,51.552257],[-0.153486,51.552003],[-0.153408,51.55194],[-0.153509,51.551909],[-0.153495,51.551899],[-0.153431,51.551841],[-0.153256,51.551681],[-0.153244,51.551671],[-0.153231,51.551643],[-0.153222,51.55162],[-0.153215,51.551599],[-0.153205,51.551571],[-0.153245,51.551302],[-0.153275,51.551175],[-0.153279,51.551159],[-0.15331,51.551105],[-0.153313,51.551103],[-0.15334,51.551079],[-0.153353,51.551076],[-0.153384,51.55107],[-0.153442,51.551071],[-0.153773,51.551085],[-0.153931,51.551088],[-0.154091,51.551103],[-0.154297,51.550998],[-0.15436,51.550966],[-0.154051,51.550599],[-0.154224,51.550435],[-0.154233,51.550427],[-0.154263,51.55044],[-0.154288,51.550451],[-0.154304,51.550458],[-0.154339,51.550472],[-0.154344,51.550474],[-0.154405,51.550498],[-0.15443,51.550508],[-0.154512,51.550541],[-0.154529,51.550548],[-0.154535,51.55055],[-0.154546,51.550554],[-0.154589,51.550571],[-0.154642,51.550589],[-0.154706,51.55061],[-0.154764,51.55063],[-0.15477,51.550632],[-0.154888,51.550671],[-0.154899,51.550673],[-0.154915,51.550676],[-0.15495,51.550683],[-0.154958,51.550685],[-0.154966,51.550686],[-0.154993,51.550691],[-0.154998,51.550692],[-0.155053,51.550703],[-0.155066,51.550705],[-0.155134,51.550718],[-0.155347,51.550758],[-0.155373,51.550763],[-0.15538,51.550765],[-0.155452,51.550778],[-0.155512,51.55079],[-0.155535,51.550794],[-0.155594,51.550805],[-0.155652,51.550813],[-0.155666,51.550815],[-0.155674,51.550816],[-0.155692,51.550819],[-0.155844,51.550839],[-0.155898,51.550844],[-0.155909,51.550845],[-0.155952,51.550849],[-0.15597,51.55085],[-0.155993,51.550851],[-0.156008,51.550851],[-0.156021,51.550852],[-0.156032,51.550852],[-0.156221,51.550857],[-0.156487,51.550836],[-0.156637,51.550824],[-0.156644,51.550836],[-0.1567,51.550918],[-0.156704,51.550924],[-0.156719,51.550946],[-0.156757,51.551002],[-0.156767,51.551014],[-0.156811,51.551068],[-0.156841,51.551064],[-0.156997,51.551262],[-0.15701,51.551298],[-0.157022,51.551352],[-0.157021,51.55137],[-0.157045,51.551401],[-0.157169,51.551559],[-0.157191,51.551587],[-0.1572,51.551599],[-0.157281,51.551716],[-0.157399,51.551917],[-0.157439,51.551986],[-0.157457,51.552016],[-0.157662,51.55197],[-0.157811,51.552093],[-0.158057,51.552344],[-0.158113,51.552336],[-0.158154,51.552332],[-0.15816,51.552331],[-0.158198,51.552324],[-0.158224,51.552319],[-0.158354,51.552305],[-0.15838,51.552302],[-0.158386,51.552299],[-0.158411,51.552287],[-0.15858,51.552264],[-0.158607,51.55226],[-0.158615,51.552259],[-0.158666,51.55225],[-0.158819,51.552224],[-0.158969,51.5522],[-0.159049,51.552186],[-0.159115,51.552175],[-0.159168,51.552166],[-0.159471,51.552116],[-0.159501,51.552111],[-0.159502,51.552114],[-0.159513,51.552174],[-0.159514,51.552181],[-0.159518,51.552227],[-0.159518,51.552237],[-0.159528,51.552346],[-0.159529,51.552362],[-0.159531,51.552383],[-0.159527,51.552392],[-0.159527,51.552399],[-0.159533,51.552399],[-0.159543,51.552507],[-0.159525,51.552597],[-0.159507,51.552669],[-0.159501,51.55267],[-0.159416,51.552682],[-0.159393,51.552685],[-0.159337,51.552726],[-0.159139,51.552672],[-0.158875,51.552699],[-0.158858,51.552701],[-0.15852,51.552809],[-0.158511,51.552812],[-0.158398,51.552904],[-0.158308,51.552925],[-0.158296,51.552928],[-0.158136,51.552987],[-0.158065,51.553],[-0.158061,51.553001],[-0.158032,51.553001],[-0.158019,51.553001],[-0.158001,51.552975],[-0.15801,51.552951],[-0.157997,51.552932],[-0.157838,51.552652],[-0.157532,51.552725],[-0.1576,51.552777],[-0.157747,51.553036],[-0.157746,51.553054],[-0.157732,51.553063],[-0.157702,51.553081],[-0.156813,51.553288],[-0.156795,51.553286],[-0.156764,51.553281],[-0.156706,51.553267],[-0.156641,51.553249],[-0.156592,51.553234],[-0.156468,51.553285],[-0.156445,51.553293],[-0.156271,51.553348],[-0.15618,51.553364],[-0.156068,51.553379],[-0.155931,51.553387]]]}},{"type":"Feature","properties":{"LSOA21CD":"E01000891","LSOA21NM":"Camden 007C","MEAN_PTAL_":"3","mean_AI":11.819575817,"borough":"Camden"},"geometry":{"type":"Polygon","coordinates":[[[-0.148921,51.55123],[-0.148816,51.551201],[-0.148624,51.551222],[-0.148618,51.55122],[-0.148608,51.551218],[-0.148595,51.551214],[-0.148541,51.551196],[-0.148514,51.551184],[-0.148502,51.551178],[-0.148372,51.551103],[-0.148367,51.5511],[-0.148356,51.551084],[-0.148349,51.551075],[-0.148346,51.551068],[-0.148321,51.551036],[-0.148314,51.55103],[-0.148307,51.551022],[-0.148276,51.550986],[-0.148176,51.55092],[-0.148185,51.550903],[-0.148197,51.550882],[-0.148195,51.550879],[-0.148174,51.550841],[-0.14813,51.550763],[-0.148129,51.550761],[-0.148088,51.550733],[-0.14805,51.550717],[-0.148021,51.550706],[-0.147981,51.550694],[-0.147981,51.550691],[-0.147979,51.550651],[-0.147979,51.550641],[-0.148032,51.550486],[-0.148034,51.550483],[-0.148091,51.550404],[-0.148083,51.550394],[-0.148076,51.550387],[-0.148172,51.550352],[-0.148177,51.55035],[-0.148235,51.550418],[-0.148274,51.550464],[-0.148322,51.55052],[-0.148328,51.550528],[-0.148341,51.550543],[-0.148369,51.550576],[-0.148384,51.550593],[-0.14841,51.550624],[-0.148461,51.550684],[-0.148505,51.550736],[-0.148509,51.550742],[-0.148515,51.550752],[-0.148524,51.550782],[-0.148529,51.550788],[-0.148533,51.550792],[-0.148549,51.550787],[-0.148588,51.550834],[-0.14861,51.550859],[-0.148629,51.550882],[-0.148663,51.550922],[-0.148667,51.550926],[-0.14868,51.550942],[-0.148691,51.550955],[-0.148748,51.551022],[-0.148797,51.551079],[-0.148825,51.551079],[-0.148943,51.551054],[-0.149122,51.551014],[-0.149132,51.551012],[-0.149326,51.550948],[-0.149336,51.550943],[-0.149482,51.550896],[-0.14957,51.550866],[-0.149611,51.550854],[-0.149657,51.550841],[-0.14967,51.550858],[-0.149675,51.550856],[-0.149696,51.550847],[-0.150111,51.550659],[-0.15023,51.550605],[-0.150357,51.550547],[-0.150423,51.550517],[-0.150563,51.550461],[-0.150578,51.550455],[-0.150608,51.550443],[-0.150624,51.550436],[-0.150696,51.550407],[-0.150705,51.550404],[-0.150716,51.550399],[-0.150733,51.550392],[-0.150745,51.550387],[-0.150799,51.550365],[-0.15082,51.550355],[-0.150844,51.550345],[-0.15086,51.550338],[-0.150866,51.550335],[-0.150873,51.550331],[-0.150891,51.550322],[-0.151009,51.550268],[-0.151036,51.550256],[-0.151089,51.550229],[-0.151124,51.55021],[-0.151264,51.550136],[-0.151305,51.550115],[-0.151327,51.550103],[-0.151375,51.550078],[-0.151452,51.550037],[-0.151488,51.550018],[-0.151622,51.549948],[-0.151645,51.549935],[-0.151664,51.549925],[-0.151676,51.549919],[-0.151679,51.549918],[-0.151768,51.549871],[-0.15183,51.549838],[-0.151847,51.549829],[-0.151886,51.549809],[-0.15189,51.549807],[-0.151928,51.549786],[-0.151968,51.549765],[-0.151983,51.549757],[-0.152024,51.549736],[-0.152069,51.549712],[-0.152093,51.5497],[-0.152131,51.549679],[-0.152227,51.549629],[-0.15223,51.549627],[-0.152281,51.549601],[-0.152341,51.549569],[-0.152345,51.549567],[-0.152405,51.549535],[-0.152423,51.549526],[-0.152461,51.549506],[-0.152466,51.549503],[-0.152499,51.549486],[-0.152546,51.549461],[-0.152565,51.549451],[-0.15258,51.549443],[-0.152607,51.549429],[-0.15267,51.549395],[-0.152687,51.549386],[-0.152713,51.549373],[-0.152759,51.549348],[-0.152769,51.549343],[-0.152827,51.549309],[-0.152994,51.54921],[-0.152999,51.549207],[-0.153019,51.549226],[-0.153093,51.5493],[-0.153115,51.549322],[-0.153142,51.549349],[-0.153148,51.54936],[-0.153161,51.549384],[-0.15317,51.549399],[-0.153172,51.549403],[-0.153182,51.54942],[-0.153204,51.549461],[-0.153207,51.549466],[-0.153216,51.549482],[-0.153239,51.549524],[-0.153262,51.549564],[-0.153286,51.549597],[-0.153332,51.54966],[-0.153353,51.549689],[-0.153387,51.549735],[-0.153417,51.549775],[-0.153453,51.549824],[-0.153476,51.549856],[-0.153517,51.549912],[-0.153529,51.549928],[-0.153556,51.549954],[-0.153613,51.550008],[-0.153751,51.550139],[-0.153838,51.550207],[-0.153841,51.550209],[-0.153855,51.55022],[-0.15387,51.550232],[-0.153888,51.550245],[-0.153919,51.550264],[-0.153957,51.550287],[-0.15397,51.550295],[-0.154039,51.550336],[-0.154049,51.550342],[-0.154087,51.55036],[-0.15412,51.550375],[-0.15413,51.550379],[-0.154224,51.550422],[-0.154233,51.550427],[-0.154224,51.550435],[-0.154051,51.550599],[-0.15436,51.550966],[-0.154297,51.550998],[-0.154091,51.551103],[-0.153931,51.551088],[-0.153773,51.551085],[-0.153442,51.551071],[-0.153384,51.55107],[-0.153353,51.551076],[-0.15334,51.551079],[-0.153313,51.551103],[-0.15331,51.551105],[-0.153279,51.551159],[-0.153275,51.551175],[-0.153245,51.551302],[-0.153205,51.551571],[-0.153215,51.551599],[-0.153222,51.55162],[-0.153231,51.551643],[-0.153244,51.551671],[-0.153256,51.551681],[-0.153431,51.551841],[-0.153495,51.551899],[-0.153509,51.551909],[-0.153408,51.55194],[-0.152595,51.552189],[-0.152551,51.552203],[-0.15234,51.552268],[-0.15234,51.552277],[-0.152237,51.552327],[-0.152075,51.552408],[-0.151809,51.552547],[-0.15174,51.552588],[-0.15173,51.552595],[-0.151721,51.5526],[-0.151654,51.552631],[-0.151647,51.552635],[-0.15166,51.552671],[-0.151664,51.55269],[-0.15166,51.552693],[-0.151601,51.55271],[-0.151581,51.552716],[-0.151578,51.55273],[-0.151194,51.552715],[-0.150899,51.552703],[-0.150613,51.552692],[-0.150582,51.552691],[-0.150361,51.552682],[-0.149991,51.552668],[-0.150026,51.55266],[-0.150289,51.552598],[-0.150379,51.552576],[-0.150437,51.552563],[-0.150492,51.552549],[-0.150543,51.552538],[-0.15054,51.552531],[-0.150482,51.552404],[-0.150392,51.552357],[-0.150207,51.552307],[-0.150186,51.552282],[-0.150184,51.552279],[-0.150168,51.552271],[-0.150172,51.552255],[-0.150199,51.552165],[-0.150199,51.552138],[-0.150188,51.552095],[-0.150155,51.552043],[-0.15015,51.552038],[-0.150146,51.552034],[-0.150124,51.552005],[-0.150121,51.552002],[-0.150115,51.551995],[-0.150098,51.551973],[-0.150092,51.551965],[-0.150091,51.551961],[-0.150075,51.551944],[-0.150068,51.551936],[-0.150066,51.551932],[-0.150054,51.551919],[-0.150035,51.551899],[-0.150033,51.551895],[-0.150028,51.551891],[-0.15001,51.551873],[-0.149996,51.551853],[-0.149993,51.551851],[-0.149983,51.551838],[-0.149935,51.55178],[-0.149894,51.551749],[-0.149856,51.551729],[-0.149774,51.5517],[-0.149713,51.551685],[-0.1496,51.551666],[-0.149451,51.551471],[-0.149284,51.551424],[-0.149208,51.551403],[-0.149206,51.551399],[-0.149204,51.551395],[-0.149054,51.551266],[-0.148921,51.55123]]]}},{"type":"Feature","properties":{"LSOA21CD":"E01000892","LSOA21NM":"Camden 006D","MEAN_PTAL_":"4","mean_AI":16.8533678024,"borough":"Camden"},"geometry":{"type":"Polygon","coordinates":[[[-0.161174,51.552838],[-0.161137,51.552745],[-0.161104,51.552661],[-0.161095,51.552639],[-0.161087,51.552621],[-0.161086,51.552618],[-0.161083,51.552612],[-0.161056,51.552549],[-0.161028,51.552552],[-0.160998,51.552479],[-0.160994,51.552469],[-0.160991,51.552463],[-0.160973,51.552448],[-0.160921,51.552322],[-0.160889,51.55228],[-0.160879,51.552267],[-0.160647,51.55229],[-0.160589,51.552296],[-0.160571,51.552297],[-0.160477,51.552306],[-0.160351,51.552319],[-0.160338,51.55232],[-0.160306,51.552323],[-0.1602,51.552334],[-0.160147,51.552339],[-0.160054,51.552348],[-0.160031,51.552351],[-0.160027,51.552356],[-0.15999,51.552392],[-0.159986,51.552396],[-0.160063,51.552581],[-0.160066,51.552589],[-0.159529,51.552666],[-0.159507,51.552669],[-0.159525,51.552597],[-0.159543,51.552507],[-0.159533,51.552399],[-0.159527,51.552399],[-0.159527,51.552392],[-0.159531,51.552383],[-0.159529,51.552362],[-0.159528,51.552346],[-0.159518,51.552237],[-0.159518,51.552227],[-0.159514,51.552181],[-0.159513,51.552174],[-0.159502,51.552114],[-0.159501,51.552111],[-0.159471,51.552116],[-0.159168,51.552166],[-0.159115,51.552175],[-0.159049,51.552186],[-0.158969,51.5522],[-0.158819,51.552224],[-0.158666,51.55225],[-0.158615,51.552259],[-0.158607,51.55226],[-0.15858,51.552264],[-0.158411,51.552287],[-0.158386,51.552299],[-0.15838,51.552302],[-0.158354,51.552305],[-0.158224,51.552319],[-0.158198,51.552324],[-0.15816,51.552331],[-0.158154,51.552332],[-0.158113,51.552336],[-0.158057,51.552344],[-0.157811,51.552093],[-0.157662,51.55197],[-0.157457,51.552016],[-0.157439,51.551986],[-0.157399,51.551917],[-0.157281,51.551716],[-0.1572,51.551599],[-0.157191,51.551587],[-0.157169,51.551559],[-0.157045,51.551401],[-0.157021,51.55137],[-0.157022,51.551352],[-0.15701,51.551298],[-0.156997,51.551262],[-0.156841,51.551064],[-0.157038,51.551036],[-0.157066,51.551032],[-0.157334,51.550994],[-0.157571,51.55096],[-0.157645,51.55095],[-0.157661,51.550947],[-0.157698,51.550932],[-0.157776,51.550899],[-0.15781,51.550885],[-0.157845,51.55087],[-0.157941,51.55085],[-0.158005,51.550837],[-0.158017,51.550834],[-0.158083,51.55082],[-0.158161,51.550804],[-0.158251,51.550785],[-0.15875,51.550679],[-0.158765,51.550677],[-0.158792,51.550672],[-0.159042,51.550627],[-0.159288,51.550583],[-0.159433,51.550558],[-0.159559,51.550535],[-0.159519,51.550383],[-0.159531,51.550334],[-0.159534,51.550321],[-0.159541,51.550293],[-0.15956,51.550265],[-0.159549,51.55024],[-0.159521,51.550218],[-0.159526,51.550193],[-0.159545,51.550101],[-0.159546,51.550094],[-0.159572,51.549969],[-0.159576,51.549942],[-0.15958,51.549916],[-0.159587,51.549866],[-0.159666,51.54973],[-0.159668,51.549725],[-0.159744,51.549593],[-0.159797,51.5495],[-0.159799,51.549496],[-0.159827,51.549471],[-0.159861,51.54944],[-0.159871,51.549431],[-0.159961,51.549351],[-0.159965,51.549348],[-0.159985,51.549329],[-0.160082,51.549243],[-0.160089,51.549236],[-0.160203,51.549127],[-0.160435,51.548906],[-0.160494,51.54885],[-0.16072,51.548991],[-0.160816,51.548935],[-0.16091,51.54888],[-0.160916,51.548877],[-0.160982,51.548837],[-0.16102,51.548815],[-0.161111,51.548768],[-0.161165,51.548739],[-0.161181,51.548752],[-0.161318,51.548862],[-0.161483,51.548778],[-0.161731,51.548695],[-0.161756,51.548716],[-0.161796,51.548751],[-0.161888,51.548819],[-0.162002,51.548891],[-0.16205,51.548921],[-0.162086,51.548943],[-0.162093,51.548947],[-0.162116,51.548959],[-0.162144,51.548974],[-0.162151,51.548978],[-0.162193,51.549],[-0.162297,51.549049],[-0.162332,51.549065],[-0.162373,51.549082],[-0.162397,51.549091],[-0.1625,51.549133],[-0.162524,51.549142],[-0.162538,51.549148],[-0.16257,51.549165],[-0.162579,51.54917],[-0.162617,51.549191],[-0.162826,51.549303],[-0.162854,51.549318],[-0.162936,51.549363],[-0.162949,51.54937],[-0.16301,51.549402],[-0.163021,51.549408],[-0.163121,51.549462],[-0.163205,51.549507],[-0.163266,51.549543],[-0.163282,51.549552],[-0.163323,51.549575],[-0.16335,51.549591],[-0.163384,51.549611],[-0.163452,51.549646],[-0.163562,51.549713],[-0.163361,51.54987],[-0.163223,51.549981],[-0.163201,51.549998],[-0.163141,51.550046],[-0.163129,51.550055],[-0.163132,51.550057],[-0.163152,51.550068],[-0.16341,51.550208],[-0.16344,51.550225],[-0.163522,51.550269],[-0.163559,51.550289],[-0.163563,51.550292],[-0.163636,51.550331],[-0.16369,51.550361],[-0.163722,51.550378],[-0.16368,51.550431],[-0.163634,51.550489],[-0.163616,51.550512],[-0.163612,51.550517],[-0.163567,51.550573],[-0.163491,51.550668],[-0.163435,51.550739],[-0.163411,51.550769],[-0.163381,51.550806],[-0.163343,51.550855],[-0.16334,51.550858],[-0.163337,51.550863],[-0.163322,51.550881],[-0.163353,51.550899],[-0.163263,51.550959],[-0.163218,51.550989],[-0.163162,51.551026],[-0.163127,51.551049],[-0.163116,51.551057],[-0.1631,51.551067],[-0.163029,51.551114],[-0.16299,51.55114],[-0.162967,51.551155],[-0.162957,51.551162],[-0.162928,51.551181],[-0.162922,51.551185],[-0.162855,51.551231],[-0.162791,51.551274],[-0.16274,51.551309],[-0.162727,51.551318],[-0.162718,51.551324],[-0.162708,51.551331],[-0.162697,51.551338],[-0.162688,51.551345],[-0.162661,51.551363],[-0.162506,51.551469],[-0.162468,51.551494],[-0.162444,51.551498],[-0.162297,51.551522],[-0.162273,51.551526],[-0.162046,51.551563],[-0.162048,51.551567],[-0.162052,51.551573],[-0.162205,51.551807],[-0.162232,51.551848],[-0.162234,51.551852],[-0.162281,51.551924],[-0.162291,51.551939],[-0.162297,51.551975],[-0.162301,51.551998],[-0.162304,51.552018],[-0.162306,51.552033],[-0.162307,51.552036],[-0.162309,51.552047],[-0.162323,51.552135],[-0.162329,51.552168],[-0.162331,51.55218],[-0.162333,51.552185],[-0.162335,51.55219],[-0.162352,51.552234],[-0.162375,51.552294],[-0.162377,51.552298],[-0.162386,51.552323],[-0.162425,51.552361],[-0.16248,51.552467],[-0.162418,51.552502],[-0.162444,51.552556],[-0.16246,51.55259],[-0.162461,51.552592],[-0.162549,51.552778],[-0.162568,51.552819],[-0.162419,51.552825],[-0.162406,51.552848],[-0.162329,51.552988],[-0.161836,51.552847],[-0.161779,51.55294],[-0.161775,51.552947],[-0.161722,51.553012],[-0.161654,51.553098],[-0.161597,51.553159],[-0.161563,51.553195],[-0.161487,51.553255],[-0.161474,51.553266],[-0.161466,51.553276],[-0.161443,51.55331],[-0.161441,51.553355],[-0.161468,51.553418],[-0.161488,51.553474],[-0.161494,51.553491],[-0.161309,51.553438],[-0.161194,51.553405],[-0.160663,51.553238],[-0.160701,51.553175],[-0.160786,51.552998],[-0.160792,51.552997],[-0.161204,51.552927],[-0.161155,51.552861],[-0.161173,51.552856],[-0.161174,51.552838]]]}},{"type":"Feature","properties":{"LSOA21CD":"E01000893","LSOA21NM":"Camden 002A","MEAN_PTAL_":"2","mean_AI":5.88478186339,"borough":"Camden"},"geometry":{"type":"Polygon","coordinates":[[[-0.166732,51.563334],[-0.166678,51.563324],[-0.166428,51.563321],[-0.166353,51.563296],[-0.166315,51.56328],[-0.166307,51.563277],[-0.166207,51.563236],[-0.166089,51.56318],[-0.165935,51.563089],[-0.165912,51.56306],[-0.165734,51.562839],[-0.165671,51.56278],[-0.165578,51.562719],[-0.165574,51.562716],[-0.165367,51.562613],[-0.165332,51.562596],[-0.165276,51.562562],[-0.165123,51.562464],[-0.164981,51.562367],[-0.164731,51.562194],[-0.164617,51.562116],[-0.164554,51.562068],[-0.164375,51.56193],[-0.164297,51.561833],[-0.164278,51.561788],[-0.164274,51.561741],[-0.164282,51.5617],[-0.164353,51.561545],[-0.164361,51.561498],[-0.164366,51.561475],[-0.164365,51.561472],[-0.16436,51.561438],[-0.164343,51.561399],[-0.164321,51.561366],[-0.164077,51.561137],[-0.164008,51.561079],[-0.164001,51.561073],[-0.163934,51.561026],[-0.163821,51.56097],[-0.163758,51.560947],[-0.163718,51.560933],[-0.163632,51.560894],[-0.163479,51.560825],[-0.163402,51.560782],[-0.163281,51.560714],[-0.163253,51.560692],[-0.163249,51.560688],[-0.163192,51.560628],[-0.163073,51.560391],[-0.16304,51.560326],[-0.162957,51.560025],[-0.162918,51.559909],[-0.162864,51.559745],[-0.162837,51.559665],[-0.162794,51.559614],[-0.16277,51.559585],[-0.16264,51.559453],[-0.162589,51.559393],[-0.162481,51.559265],[-0.16238,51.559145],[-0.162321,51.559076],[-0.162243,51.558983],[-0.16224,51.558981],[-0.162225,51.558971],[-0.162178,51.55894],[-0.162107,51.558915],[-0.162031,51.558916],[-0.161676,51.558919],[-0.16159,51.558902],[-0.161562,51.558894],[-0.16151,51.558877],[-0.161504,51.558875],[-0.161438,51.558845],[-0.161377,51.558809],[-0.161347,51.558787],[-0.161332,51.558775],[-0.161209,51.558633],[-0.161094,51.558502],[-0.161081,51.558486],[-0.161021,51.558405],[-0.161007,51.558386],[-0.160938,51.558294],[-0.16087,51.558231],[-0.160806,51.558173],[-0.160751,51.558123],[-0.160626,51.55801],[-0.160614,51.557998],[-0.16059,51.557977],[-0.160552,51.557942],[-0.160461,51.557869],[-0.160445,51.557857],[-0.160416,51.557829],[-0.160374,51.55779],[-0.160298,51.557707],[-0.160296,51.557705],[-0.160215,51.557595],[-0.160201,51.557576],[-0.160188,51.55756],[-0.160124,51.557486],[-0.160049,51.557399],[-0.16004,51.557388],[-0.159957,51.557292],[-0.159929,51.55726],[-0.159871,51.557192],[-0.159859,51.557179],[-0.159842,51.557159],[-0.159776,51.557083],[-0.159729,51.557029],[-0.159674,51.556966],[-0.159614,51.556896],[-0.159599,51.556879],[-0.159484,51.556746],[-0.159375,51.556621],[-0.159367,51.556612],[-0.159263,51.556499],[-0.159172,51.556401],[-0.159117,51.556341],[-0.159113,51.556337],[-0.159051,51.556318],[-0.159043,51.556316],[-0.158923,51.556316],[-0.158787,51.556317],[-0.158625,51.556297],[-0.1586,51.556144],[-0.158595,51.55611],[-0.158703,51.556102],[-0.158893,51.556089],[-0.15897,51.556083],[-0.159002,51.556081],[-0.159091,51.556075],[-0.159138,51.556072],[-0.159171,51.556069],[-0.159293,51.556061],[-0.159368,51.556055],[-0.159448,51.55605],[-0.159517,51.556045],[-0.159577,51.556041],[-0.159711,51.556029],[-0.159735,51.556027],[-0.1598,51.556021],[-0.159906,51.556012],[-0.15991,51.556012],[-0.15995,51.556009],[-0.160032,51.556002],[-0.160119,51.555994],[-0.16014,51.555992],[-0.160207,51.555986],[-0.160307,51.555978],[-0.160332,51.555976],[-0.160381,51.555972],[-0.160425,51.555969],[-0.160451,51.555967],[-0.160568,51.555958],[-0.160591,51.555956],[-0.16061,51.555955],[-0.160709,51.555947],[-0.160802,51.55594],[-0.160883,51.555934],[-0.160981,51.555926],[-0.161024,51.555923],[-0.161122,51.555916],[-0.161135,51.555915],[-0.161211,51.555907],[-0.161221,51.555907],[-0.161239,51.555905],[-0.161336,51.555896],[-0.161455,51.555885],[-0.161579,51.555873],[-0.161693,51.555862],[-0.161829,51.55585],[-0.161909,51.555843],[-0.161971,51.555839],[-0.162092,51.555829],[-0.162235,51.555818],[-0.162331,51.555804],[-0.162407,51.555793],[-0.162481,51.555782],[-0.162552,51.555772],[-0.162577,51.555768],[-0.162677,51.555755],[-0.162855,51.555731],[-0.163008,51.555711],[-0.163021,51.555709],[-0.163041,51.555707],[-0.163531,51.555633],[-0.163565,51.555628],[-0.163613,51.555621],[-0.163641,51.555617],[-0.163681,51.555611],[-0.163687,51.55561],[-0.163693,51.555608],[-0.163702,51.555607],[-0.163766,51.555595],[-0.163777,51.555593],[-0.163808,51.555587],[-0.163837,51.555582],[-0.163848,51.55558],[-0.163863,51.555577],[-0.163947,51.555562],[-0.163952,51.555561],[-0.163964,51.555559],[-0.164212,51.555513],[-0.164216,51.555512],[-0.16425,51.555506],[-0.164254,51.555505],[-0.164418,51.555475],[-0.164484,51.555463],[-0.164494,51.555461],[-0.164674,51.555421],[-0.164685,51.555418],[-0.164706,51.555414],[-0.164892,51.555372],[-0.164899,51.55537],[-0.165037,51.55534],[-0.165106,51.555324],[-0.165113,51.555323],[-0.165158,51.555313],[-0.165332,51.555273],[-0.165342,51.55527],[-0.165447,51.555246],[-0.165451,51.555245],[-0.165461,51.555243],[-0.165517,51.55523],[-0.165526,51.555228],[-0.165595,51.555212],[-0.165714,51.555253],[-0.165856,51.555331],[-0.165867,51.555344],[-0.165879,51.555359],[-0.165921,51.55541],[-0.166048,51.555564],[-0.166066,51.555586],[-0.165736,51.555753],[-0.1657,51.55578],[-0.16567,51.555812],[-0.165633,51.555851],[-0.165643,51.55593],[-0.165644,51.555937],[-0.165671,51.555982],[-0.165706,51.556039],[-0.165737,51.556072],[-0.165749,51.55608],[-0.165859,51.556154],[-0.165876,51.556163],[-0.166133,51.556301],[-0.166405,51.55596],[-0.166425,51.555935],[-0.166627,51.55592],[-0.166632,51.555936],[-0.166627,51.556053],[-0.166616,51.556321],[-0.166614,51.556369],[-0.16661,51.556482],[-0.166608,51.556511],[-0.166621,51.556565],[-0.166661,51.556638],[-0.166709,51.556688],[-0.166758,51.556738],[-0.166793,51.556762],[-0.166832,51.556789],[-0.16697,51.556883],[-0.167021,51.556918],[-0.167049,51.556937],[-0.167089,51.556964],[-0.167109,51.556978],[-0.167365,51.557152],[-0.167377,51.55716],[-0.167625,51.557329],[-0.167645,51.557343],[-0.167811,51.557456],[-0.167834,51.557471],[-0.167839,51.557475],[-0.167927,51.55754],[-0.167985,51.557583],[-0.168063,51.55764],[-0.168081,51.55765],[-0.168331,51.557797],[-0.168746,51.558056],[-0.168908,51.558157],[-0.169067,51.558249],[-0.169224,51.558339],[-0.169227,51.558341],[-0.169268,51.558366],[-0.169374,51.558425],[-0.169373,51.558434],[-0.169652,51.558591],[-0.169669,51.5586],[-0.169794,51.558675],[-0.170134,51.558877],[-0.170293,51.558967],[-0.170289,51.55897],[-0.17036,51.559012],[-0.170458,51.559071],[-0.170758,51.559232],[-0.170987,51.559354],[-0.17115,51.559442],[-0.171192,51.559478],[-0.171162,51.559498],[-0.170807,51.559724],[-0.170544,51.559819],[-0.170666,51.559934],[-0.170836,51.560093],[-0.171121,51.56023],[-0.171416,51.560372],[-0.171845,51.56046],[-0.171861,51.560464],[-0.171673,51.560547],[-0.171065,51.560775],[-0.170332,51.561068],[-0.170108,51.561218],[-0.170545,51.56153],[-0.171134,51.561759],[-0.171566,51.561842],[-0.171794,51.561846],[-0.171815,51.561846],[-0.171838,51.561847],[-0.172197,51.562047],[-0.172357,51.562129],[-0.172433,51.562168],[-0.172437,51.56217],[-0.172707,51.562225],[-0.172746,51.562243],[-0.172908,51.562321],[-0.173672,51.562605],[-0.174541,51.562991],[-0.174632,51.563012],[-0.174661,51.563044],[-0.175151,51.563485],[-0.175237,51.563563],[-0.175308,51.563627],[-0.17472,51.563864],[-0.174319,51.564026],[-0.172171,51.565113],[-0.169791,51.565043],[-0.169764,51.564998],[-0.169715,51.564938],[-0.169676,51.564899],[-0.169656,51.564879],[-0.169634,51.564863],[-0.169535,51.564788],[-0.169294,51.564662],[-0.169248,51.564621],[-0.169047,51.564448],[-0.168988,51.564401],[-0.168936,51.564361],[-0.168662,51.564166],[-0.168581,51.564094],[-0.168495,51.564049],[-0.168427,51.564014],[-0.168379,51.563994],[-0.168319,51.56397],[-0.168086,51.563893],[-0.167756,51.563743],[-0.167722,51.563734],[-0.167582,51.563697],[-0.167493,51.563661],[-0.167431,51.563627],[-0.167366,51.563582],[-0.167193,51.563485],[-0.167163,51.563469],[-0.167056,51.563425],[-0.16703,51.563414],[-0.166984,51.563396],[-0.166829,51.563352],[-0.166823,51.563351],[-0.166732,51.563334]]]}},{"type":"Feature","properties":{"LSOA21CD":"E01000894","LSOA21NM":"Camden 002B","MEAN_PTAL_":"3","mean_AI":11.2788935912,"borough":"Camden"},"geometry":{"type":"Polygon","coordinates":[[[-0.172197,51.562047],[-0.171838,51.561847],[-0.171815,51.561846],[-0.171794,51.561846],[-0.171566,51.561842],[-0.171134,51.561759],[-0.170545,51.56153],[-0.170108,51.561218],[-0.170332,51.561068],[-0.171065,51.560775],[-0.171673,51.560547],[-0.171861,51.560464],[-0.171845,51.56046],[-0.171416,51.560372],[-0.171121,51.56023],[-0.170836,51.560093],[-0.170666,51.559934],[-0.170544,51.559819],[-0.170807,51.559724],[-0.171162,51.559498],[-0.171192,51.559478],[-0.17115,51.559442],[-0.170987,51.559354],[-0.170758,51.559232],[-0.170458,51.559071],[-0.17036,51.559012],[-0.170289,51.55897],[-0.170293,51.558967],[-0.170134,51.558877],[-0.169794,51.558675],[-0.169669,51.5586],[-0.169652,51.558591],[-0.169373,51.558434],[-0.169374,51.558425],[-0.169268,51.558366],[-0.169227,51.558341],[-0.169224,51.558339],[-0.169067,51.558249],[-0.168908,51.558157],[-0.168746,51.558056],[-0.168331,51.557797],[-0.168081,51.55765],[-0.168063,51.55764],[-0.167985,51.557583],[-0.167927,51.55754],[-0.167839,51.557475],[-0.167834,51.557471],[-0.167811,51.557456],[-0.167645,51.557343],[-0.167625,51.557329],[-0.167377,51.55716],[-0.167365,51.557152],[-0.167109,51.556978],[-0.167089,51.556964],[-0.167049,51.556937],[-0.167021,51.556918],[-0.16697,51.556883],[-0.166832,51.556789],[-0.166793,51.556762],[-0.166758,51.556738],[-0.166709,51.556688],[-0.166661,51.556638],[-0.166621,51.556565],[-0.166608,51.556511],[-0.16661,51.556482],[-0.166614,51.556369],[-0.166616,51.556321],[-0.166627,51.556053],[-0.166632,51.555936],[-0.166681,51.555934],[-0.166678,51.555916],[-0.166697,51.555914],[-0.166718,51.555933],[-0.16704,51.556216],[-0.167046,51.556221],[-0.167184,51.556286],[-0.167193,51.55629],[-0.167198,51.556303],[-0.167354,51.556375],[-0.167368,51.556377],[-0.167548,51.556405],[-0.167558,51.556406],[-0.16767,51.556412],[-0.167692,51.556421],[-0.16774,51.556441],[-0.167749,51.556445],[-0.167755,51.556448],[-0.167835,51.556475],[-0.167843,51.556477],[-0.167931,51.556492],[-0.167938,51.556493],[-0.167942,51.556494],[-0.168117,51.556546],[-0.168183,51.556561],[-0.168185,51.556564],[-0.168201,51.556585],[-0.168225,51.556615],[-0.168338,51.556723],[-0.168341,51.556726],[-0.168379,51.556751],[-0.168384,51.556753],[-0.168657,51.556871],[-0.168663,51.556873],[-0.168726,51.5569],[-0.168729,51.556908],[-0.168754,51.556981],[-0.169065,51.556986],[-0.169207,51.556973],[-0.1692,51.55733],[-0.169418,51.557347],[-0.169477,51.55705],[-0.169634,51.557358],[-0.169662,51.557359],[-0.169676,51.55736],[-0.169748,51.557366],[-0.169753,51.557366],[-0.170306,51.557415],[-0.170423,51.557425],[-0.170941,51.557469],[-0.171272,51.557501],[-0.171291,51.557505],[-0.1715,51.55755],[-0.171858,51.557618],[-0.171889,51.557622],[-0.172088,51.557649],[-0.172093,51.55765],[-0.172145,51.557659],[-0.172218,51.55766],[-0.172232,51.55766],[-0.172318,51.557662],[-0.1725,51.557652],[-0.172569,51.557649],[-0.172589,51.557648],[-0.172645,51.557645],[-0.172868,51.557634],[-0.172921,51.557544],[-0.172925,51.557536],[-0.172928,51.557531],[-0.173022,51.557371],[-0.173031,51.557356],[-0.173084,51.557266],[-0.173185,51.557094],[-0.173198,51.557072],[-0.173208,51.557055],[-0.173254,51.556976],[-0.173263,51.55696],[-0.173329,51.556846],[-0.173347,51.556816],[-0.173412,51.556703],[-0.173456,51.556627],[-0.173531,51.556505],[-0.173529,51.5565],[-0.173544,51.556475],[-0.173258,51.556445],[-0.173168,51.556426],[-0.173266,51.55629],[-0.173276,51.556239],[-0.173253,51.556168],[-0.173269,51.556163],[-0.173365,51.55611],[-0.173425,51.556053],[-0.173423,51.556023],[-0.173414,51.555913],[-0.173455,51.555909],[-0.173486,51.555905],[-0.173521,51.555905],[-0.173557,51.555905],[-0.173642,51.55577],[-0.173637,51.555748],[-0.173631,51.555719],[-0.173566,51.555641],[-0.173563,51.555636],[-0.173567,51.555633],[-0.173606,51.555604],[-0.173652,51.555543],[-0.173671,51.555501],[-0.173675,51.55546],[-0.173659,51.555392],[-0.173605,51.555371],[-0.173537,51.555353],[-0.17343,51.555338],[-0.17329,51.555333],[-0.173004,51.555376],[-0.172984,51.555389],[-0.172981,51.555391],[-0.172744,51.555375],[-0.172664,51.55527],[-0.17262,51.555136],[-0.172622,51.55513],[-0.172623,51.555128],[-0.172629,51.555117],[-0.172676,51.555039],[-0.173033,51.554944],[-0.173086,51.55496],[-0.17309,51.554961],[-0.173097,51.554929],[-0.173097,51.554927],[-0.173108,51.554913],[-0.173196,51.554919],[-0.173278,51.554924],[-0.173386,51.554948],[-0.173522,51.5549],[-0.173626,51.554885],[-0.173633,51.554884],[-0.173637,51.554883],[-0.17365,51.554879],[-0.173657,51.554876],[-0.173709,51.554851],[-0.173713,51.554849],[-0.173801,51.554769],[-0.173807,51.554764],[-0.173815,51.554757],[-0.173842,51.554722],[-0.173836,51.55471],[-0.173768,51.554593],[-0.173761,51.554581],[-0.173757,51.554576],[-0.173733,51.554544],[-0.17372,51.554517],[-0.173712,51.554483],[-0.173704,51.554441],[-0.173645,51.554446],[-0.173582,51.554451],[-0.173472,51.554447],[-0.173465,51.554448],[-0.173412,51.554463],[-0.173263,51.554504],[-0.173242,51.55451],[-0.173132,51.554558],[-0.173129,51.55456],[-0.17309,51.554586],[-0.173025,51.554631],[-0.172998,51.554649],[-0.172968,51.554625],[-0.173005,51.554598],[-0.17305,51.554565],[-0.173085,51.554539],[-0.173092,51.554535],[-0.173185,51.554466],[-0.173284,51.554394],[-0.173305,51.554378],[-0.173398,51.554311],[-0.173447,51.554274],[-0.173517,51.554223],[-0.173524,51.554218],[-0.173562,51.554188],[-0.173609,51.55415],[-0.17385,51.553956],[-0.173892,51.553922],[-0.174101,51.553754],[-0.174104,51.55375],[-0.174112,51.553753],[-0.174293,51.553816],[-0.174503,51.55389],[-0.17454,51.553875],[-0.174624,51.553841],[-0.17486,51.553932],[-0.17489,51.55397],[-0.174943,51.554039],[-0.174955,51.554054],[-0.174967,51.55407],[-0.175022,51.55414],[-0.175154,51.554202],[-0.175356,51.554295],[-0.175304,51.554344],[-0.175344,51.554371],[-0.175296,51.554359],[-0.175089,51.554548],[-0.175077,51.554559],[-0.174986,51.55482],[-0.174984,51.554826],[-0.175047,51.555115],[-0.175051,51.555134],[-0.175096,51.555147],[-0.175132,51.555158],[-0.175257,51.555167],[-0.175283,51.555188],[-0.17533,51.555228],[-0.175327,51.555243],[-0.175304,51.555358],[-0.175281,51.55547],[-0.175279,51.55548],[-0.175228,51.555727],[-0.175261,51.555738],[-0.175266,51.555739],[-0.175385,51.555811],[-0.17539,51.555817],[-0.175393,51.555821],[-0.175391,51.555833],[-0.175255,51.555983],[-0.175245,51.555994],[-0.175262,51.556095],[-0.175389,51.556082],[-0.175396,51.55608],[-0.175492,51.556062],[-0.175545,51.556042],[-0.1756,51.556003],[-0.175625,51.555968],[-0.175636,51.555965],[-0.175732,51.555942],[-0.175758,51.555912],[-0.17574,51.555852],[-0.175744,51.555843],[-0.175774,51.555822],[-0.175836,51.555779],[-0.175842,51.555762],[-0.175845,51.555754],[-0.175905,51.555777],[-0.175948,51.555793],[-0.176051,51.555833],[-0.176076,51.555842],[-0.176076,51.55587],[-0.176227,51.555933],[-0.176277,51.555964],[-0.176331,51.556136],[-0.176478,51.556121],[-0.176512,51.556128],[-0.1766,51.556158],[-0.176721,51.5562],[-0.17678,51.556193],[-0.176816,51.556205],[-0.176988,51.556262],[-0.176993,51.556264],[-0.177085,51.556276],[-0.177103,51.556278],[-0.177077,51.55631],[-0.177113,51.556326],[-0.177318,51.55642],[-0.177108,51.556529],[-0.17697,51.5566],[-0.176935,51.556618],[-0.176823,51.556675],[-0.176876,51.556706],[-0.176879,51.556708],[-0.176805,51.556757],[-0.176668,51.556851],[-0.176657,51.556858],[-0.176622,51.556882],[-0.17656,51.556924],[-0.176484,51.556958],[-0.176481,51.556978],[-0.17648,51.556984],[-0.176412,51.55705],[-0.176397,51.557055],[-0.176371,51.557073],[-0.176306,51.557083],[-0.1763,51.557089],[-0.176252,51.557135],[-0.176262,51.557189],[-0.176257,51.557192],[-0.176208,51.557254],[-0.176204,51.557281],[-0.176229,51.557356],[-0.176233,51.557363],[-0.176211,51.557371],[-0.175958,51.557449],[-0.175847,51.557347],[-0.175679,51.557534],[-0.175653,51.557542],[-0.175654,51.557562],[-0.175654,51.557568],[-0.175649,51.557568],[-0.175619,51.557601],[-0.175665,51.55762],[-0.175665,51.557648],[-0.175665,51.557759],[-0.175665,51.557761],[-0.17566,51.557776],[-0.175657,51.557784],[-0.175476,51.55781],[-0.17545,51.557813],[-0.175443,51.557832],[-0.175414,51.557911],[-0.175368,51.557917],[-0.175322,51.557913],[-0.175234,51.557871],[-0.17523,51.557869],[-0.175223,51.557863],[-0.175206,51.557849],[-0.174975,51.55794],[-0.174851,51.557869],[-0.174709,51.55793],[-0.174585,51.557985],[-0.174595,51.557944],[-0.174482,51.558037],[-0.174451,51.558055],[-0.174296,51.558198],[-0.173833,51.558623],[-0.173808,51.558647],[-0.173845,51.558663],[-0.173851,51.558666],[-0.17383,51.558686],[-0.173688,51.558832],[-0.173668,51.558851],[-0.173604,51.558917],[-0.173561,51.558961],[-0.173511,51.559011],[-0.173469,51.559055],[-0.173459,51.559064],[-0.173435,51.559084],[-0.17331,51.559182],[-0.173281,51.559205],[-0.173266,51.559223],[-0.173208,51.559278],[-0.17305,51.559428],[-0.173045,51.559433],[-0.172936,51.559536],[-0.172773,51.559691],[-0.17262,51.559836],[-0.172746,51.559888],[-0.173388,51.560085],[-0.173332,51.560197],[-0.173314,51.560232],[-0.173204,51.560308],[-0.173148,51.560345],[-0.173001,51.560433],[-0.173054,51.56045],[-0.173183,51.560492],[-0.173642,51.560641],[-0.173727,51.560669],[-0.17396,51.560756],[-0.174182,51.560838],[-0.174203,51.560844],[-0.174235,51.560852],[-0.174325,51.560876],[-0.174439,51.560896],[-0.174583,51.560898],[-0.174848,51.560883],[-0.174908,51.560879],[-0.175037,51.560872],[-0.175046,51.560871],[-0.175057,51.560871],[-0.175071,51.56087],[-0.175321,51.560856],[-0.175407,51.560857],[-0.175451,51.560858],[-0.175483,51.560862],[-0.175494,51.560864],[-0.175512,51.560866],[-0.175522,51.560868],[-0.175537,51.560868],[-0.176038,51.560957],[-0.176091,51.560958],[-0.176125,51.560958],[-0.176486,51.560937],[-0.176926,51.560893],[-0.176865,51.560934],[-0.176456,51.561206],[-0.176328,51.561387],[-0.176259,51.561486],[-0.176233,51.561491],[-0.176175,51.5615],[-0.176164,51.561502],[-0.176121,51.5615],[-0.17557,51.561507],[-0.17545,51.561517],[-0.175268,51.561561],[-0.175104,51.5616],[-0.174884,51.561682],[-0.17416,51.561953],[-0.173675,51.562124],[-0.172933,51.562219],[-0.172746,51.562243],[-0.172707,51.562225],[-0.172437,51.56217],[-0.172433,51.562168],[-0.172357,51.562129],[-0.172197,51.562047]]]}},{"type":"Feature","properties":{"LSOA21CD":"E01000895","LSOA21NM":"Camden 002C","MEAN_PTAL_":"3","mean_AI":14.2393256274,"borough":"Camden"},"geometry":{"type":"Polygon","coordinates":[[[-0.175369,51.558988],[-0.174923,51.558755],[-0.174818,51.558791],[-0.174678,51.558788],[-0.174617,51.558786],[-0.174589,51.558776],[-0.174557,51.558763],[-0.174341,51.55867],[-0.174216,51.558589],[-0.174096,51.558614],[-0.17391,51.558635],[-0.173894,51.558637],[-0.173869,51.558666],[-0.173866,51.558669],[-0.173851,51.558666],[-0.173845,51.558663],[-0.173808,51.558647],[-0.173833,51.558623],[-0.174296,51.558198],[-0.174451,51.558055],[-0.174482,51.558037],[-0.174595,51.557944],[-0.174585,51.557985],[-0.174709,51.55793],[-0.174851,51.557869],[-0.174975,51.55794],[-0.175206,51.557849],[-0.175223,51.557863],[-0.17523,51.557869],[-0.175234,51.557871],[-0.175322,51.557913],[-0.175368,51.557917],[-0.175414,51.557911],[-0.175443,51.557832],[-0.17545,51.557813],[-0.175476,51.55781],[-0.175657,51.557784],[-0.17566,51.557776],[-0.175665,51.557761],[-0.175665,51.557759],[-0.175665,51.557648],[-0.175665,51.55762],[-0.175619,51.557601],[-0.175649,51.557568],[-0.175654,51.557568],[-0.175654,51.557562],[-0.175653,51.557542],[-0.175679,51.557534],[-0.175847,51.557347],[-0.175958,51.557449],[-0.176211,51.557371],[-0.176233,51.557363],[-0.176229,51.557356],[-0.176204,51.557281],[-0.176208,51.557254],[-0.176257,51.557192],[-0.176262,51.557189],[-0.176252,51.557135],[-0.1763,51.557089],[-0.176306,51.557083],[-0.176371,51.557073],[-0.176397,51.557055],[-0.176412,51.55705],[-0.17648,51.556984],[-0.176481,51.556978],[-0.176484,51.556958],[-0.17656,51.556924],[-0.176622,51.556882],[-0.176657,51.556858],[-0.176668,51.556851],[-0.176805,51.556757],[-0.176879,51.556708],[-0.176876,51.556706],[-0.176823,51.556675],[-0.176935,51.556618],[-0.17697,51.5566],[-0.177108,51.556529],[-0.177318,51.55642],[-0.177113,51.556326],[-0.177077,51.55631],[-0.177103,51.556278],[-0.177085,51.556276],[-0.176993,51.556264],[-0.176988,51.556262],[-0.176816,51.556205],[-0.17678,51.556193],[-0.176721,51.5562],[-0.1766,51.556158],[-0.176512,51.556128],[-0.176478,51.556121],[-0.176331,51.556136],[-0.176277,51.555964],[-0.176227,51.555933],[-0.176076,51.55587],[-0.176076,51.555842],[-0.176051,51.555833],[-0.175948,51.555793],[-0.175905,51.555777],[-0.175845,51.555754],[-0.175842,51.555762],[-0.175836,51.555779],[-0.175774,51.555822],[-0.175744,51.555843],[-0.17574,51.555852],[-0.175758,51.555912],[-0.175732,51.555942],[-0.175636,51.555965],[-0.175625,51.555968],[-0.1756,51.556003],[-0.175545,51.556042],[-0.175492,51.556062],[-0.175396,51.55608],[-0.175389,51.556082],[-0.175262,51.556095],[-0.175245,51.555994],[-0.175255,51.555983],[-0.175391,51.555833],[-0.175393,51.555821],[-0.17539,51.555817],[-0.175385,51.555811],[-0.175266,51.555739],[-0.175261,51.555738],[-0.175228,51.555727],[-0.175279,51.55548],[-0.175281,51.55547],[-0.175304,51.555358],[-0.175327,51.555243],[-0.17533,51.555228],[-0.175283,51.555188],[-0.175257,51.555167],[-0.175132,51.555158],[-0.175096,51.555147],[-0.175051,51.555134],[-0.175047,51.555115],[-0.174984,51.554826],[-0.174986,51.55482],[-0.175077,51.554559],[-0.175089,51.554548],[-0.175296,51.554359],[-0.175344,51.554371],[-0.17543,51.554427],[-0.175491,51.554406],[-0.175532,51.554392],[-0.176002,51.554399],[-0.176136,51.554497],[-0.176228,51.554456],[-0.176292,51.554141],[-0.176766,51.553871],[-0.17677,51.553869],[-0.177237,51.554237],[-0.177287,51.554276],[-0.177326,51.554307],[-0.177338,51.554316],[-0.177342,51.55432],[-0.177359,51.554333],[-0.177365,51.554338],[-0.177512,51.554467],[-0.177566,51.554514],[-0.17759,51.554535],[-0.177637,51.554577],[-0.177668,51.554604],[-0.177804,51.554724],[-0.177808,51.554727],[-0.177824,51.554741],[-0.177859,51.554772],[-0.177888,51.554798],[-0.177966,51.554866],[-0.178048,51.554939],[-0.178078,51.554964],[-0.178106,51.55499],[-0.178125,51.555006],[-0.17813,51.555011],[-0.178161,51.555038],[-0.17822,51.55509],[-0.178238,51.555106],[-0.17829,51.555151],[-0.178302,51.555169],[-0.178352,51.555242],[-0.178364,51.55526],[-0.178406,51.555321],[-0.178409,51.555325],[-0.178422,51.555345],[-0.178439,51.555369],[-0.178443,51.555374],[-0.178453,51.55539],[-0.178467,51.55541],[-0.178471,51.555416],[-0.178501,51.555465],[-0.178528,51.555509],[-0.178544,51.555535],[-0.178573,51.555582],[-0.178586,51.555613],[-0.178589,51.555619],[-0.178602,51.555638],[-0.178598,51.555642],[-0.178605,51.555658],[-0.178615,51.555682],[-0.178625,51.555707],[-0.178658,51.555786],[-0.17866,51.555789],[-0.178676,51.555828],[-0.178682,51.555843],[-0.178696,51.555875],[-0.178702,51.55589],[-0.178709,51.555907],[-0.178714,51.555918],[-0.178702,51.556047],[-0.178701,51.556061],[-0.178701,51.556064],[-0.178698,51.556091],[-0.178697,51.556102],[-0.178688,51.5562],[-0.178687,51.556214],[-0.178687,51.556218],[-0.178686,51.556221],[-0.178684,51.556234],[-0.178676,51.556269],[-0.178672,51.556287],[-0.178671,51.55629],[-0.178664,51.55632],[-0.178657,51.556352],[-0.178653,51.556362],[-0.17865,51.556371],[-0.178647,51.55638],[-0.178599,51.55652],[-0.178583,51.556565],[-0.17855,51.556657],[-0.178546,51.55667],[-0.178546,51.55668],[-0.178555,51.556688],[-0.178581,51.556707],[-0.178607,51.556726],[-0.178625,51.556739],[-0.178742,51.556823],[-0.178766,51.556841],[-0.178889,51.55693],[-0.178892,51.556932],[-0.178909,51.556944],[-0.178974,51.556991],[-0.179033,51.55703],[-0.179057,51.557045],[-0.179062,51.557049],[-0.179076,51.557058],[-0.179083,51.557063],[-0.179109,51.55708],[-0.179115,51.557084],[-0.179129,51.557092],[-0.179133,51.557095],[-0.179166,51.557121],[-0.17917,51.557124],[-0.179197,51.557145],[-0.179244,51.557182],[-0.17933,51.557258],[-0.179345,51.557271],[-0.179367,51.557294],[-0.179388,51.557317],[-0.179398,51.557327],[-0.179406,51.557336],[-0.179408,51.557338],[-0.179412,51.557343],[-0.17942,51.557351],[-0.179425,51.557358],[-0.179448,51.557383],[-0.179454,51.55739],[-0.179462,51.557403],[-0.179466,51.557408],[-0.179493,51.557448],[-0.179497,51.557455],[-0.179504,51.557465],[-0.179576,51.557574],[-0.17958,51.55758],[-0.179606,51.557619],[-0.179633,51.557659],[-0.179707,51.557717],[-0.179651,51.557733],[-0.179535,51.557765],[-0.179519,51.557769],[-0.179502,51.557774],[-0.179509,51.557851],[-0.179509,51.557853],[-0.179496,51.557862],[-0.179489,51.557867],[-0.179459,51.557907],[-0.179451,51.557918],[-0.179448,51.55792],[-0.179402,51.557917],[-0.179181,51.557998],[-0.17907,51.558039],[-0.179098,51.557984],[-0.179106,51.557968],[-0.179114,51.557951],[-0.179097,51.557754],[-0.179124,51.557719],[-0.179118,51.557709],[-0.17909,51.55771],[-0.178984,51.557714],[-0.178881,51.557718],[-0.178875,51.557714],[-0.178864,51.557708],[-0.178851,51.557686],[-0.178787,51.557666],[-0.178755,51.557663],[-0.178742,51.557661],[-0.178593,51.557757],[-0.17859,51.55776],[-0.178551,51.557796],[-0.178544,51.557802],[-0.178545,51.557813],[-0.178548,51.557838],[-0.178547,51.557841],[-0.178557,51.557858],[-0.178565,51.557872],[-0.17858,51.557898],[-0.178552,51.557882],[-0.178539,51.557875],[-0.17831,51.557898],[-0.178277,51.557901],[-0.178215,51.557908],[-0.17817,51.557878],[-0.178157,51.557865],[-0.178152,51.55786],[-0.178108,51.55779],[-0.1781,51.557787],[-0.177935,51.557715],[-0.177928,51.557712],[-0.17784,51.557597],[-0.177836,51.557597],[-0.177582,51.557611],[-0.177564,51.557612],[-0.177481,51.557722],[-0.177477,51.557728],[-0.177466,51.557737],[-0.177463,51.557739],[-0.177481,51.557829],[-0.177457,51.557839],[-0.177298,51.557908],[-0.177205,51.557921],[-0.177189,51.557924],[-0.17708,51.55791],[-0.177071,51.557908],[-0.176903,51.557866],[-0.176896,51.557863],[-0.176875,51.557876],[-0.17687,51.557879],[-0.176722,51.557942],[-0.176709,51.557947],[-0.176739,51.558092],[-0.176747,51.558134],[-0.176748,51.558138],[-0.176877,51.558215],[-0.176883,51.558218],[-0.17687,51.558291],[-0.176868,51.558304],[-0.176833,51.558364],[-0.176823,51.558375],[-0.176775,51.558424],[-0.176751,51.558431],[-0.176746,51.558431],[-0.176726,51.558431],[-0.176701,51.558428],[-0.176689,51.558417],[-0.176668,51.558397],[-0.176649,51.558372],[-0.176601,51.558304],[-0.176646,51.558212],[-0.176616,51.558202],[-0.176596,51.558196],[-0.176563,51.558191],[-0.176381,51.558167],[-0.176378,51.558193],[-0.176376,51.55821],[-0.176375,51.558217],[-0.176362,51.558329],[-0.176361,51.558338],[-0.176358,51.558364],[-0.176349,51.5584],[-0.176348,51.558403],[-0.176336,51.558452],[-0.176334,51.558457],[-0.176324,51.558497],[-0.176291,51.558626],[-0.176301,51.558628],[-0.176378,51.558643],[-0.176416,51.558651],[-0.176505,51.558669],[-0.176577,51.558681],[-0.176598,51.558683],[-0.176729,51.558698],[-0.176768,51.558703],[-0.176756,51.55872],[-0.176748,51.558729],[-0.17671,51.558771],[-0.176702,51.558767],[-0.176701,51.558785],[-0.176688,51.558995],[-0.176655,51.558998],[-0.176258,51.559032],[-0.176251,51.559033],[-0.176244,51.559256],[-0.176246,51.55926],[-0.176265,51.559307],[-0.176267,51.559314],[-0.176289,51.559326],[-0.176295,51.559329],[-0.1762,51.559472],[-0.176198,51.559474],[-0.176176,51.559717],[-0.176161,51.559719],[-0.176148,51.559713],[-0.175991,51.559639],[-0.175893,51.559593],[-0.175869,51.559581],[-0.175849,51.559559],[-0.175778,51.559531],[-0.17577,51.559526],[-0.175745,51.559512],[-0.175614,51.559439],[-0.17558,51.559421],[-0.175592,51.559398],[-0.175594,51.559394],[-0.175595,51.559391],[-0.175601,51.559379],[-0.175655,51.559273],[-0.175448,51.559206],[-0.175457,51.559196],[-0.175487,51.559163],[-0.175486,51.559155],[-0.175486,51.559152],[-0.175324,51.559085],[-0.175305,51.559077],[-0.175323,51.559053],[-0.175369,51.558988]]]}},{"type":"Feature","properties":{"LSOA21CD":"E01000896","LSOA21NM":"Camden 002D","MEAN_PTAL_":"4","mean_AI":16.2986927245,"borough":"Camden"},"geometry":{"type":"Polygon","coordinates":[[[-0.169748,51.557366],[-0.169676,51.55736],[-0.169662,51.557359],[-0.169634,51.557358],[-0.169477,51.55705],[-0.169418,51.557347],[-0.1692,51.55733],[-0.169207,51.556973],[-0.169065,51.556986],[-0.168754,51.556981],[-0.168729,51.556908],[-0.168726,51.5569],[-0.168663,51.556873],[-0.168657,51.556871],[-0.168384,51.556753],[-0.168379,51.556751],[-0.168341,51.556726],[-0.168338,51.556723],[-0.168225,51.556615],[-0.168201,51.556585],[-0.168185,51.556564],[-0.168183,51.556561],[-0.168117,51.556546],[-0.167942,51.556494],[-0.167938,51.556493],[-0.167931,51.556492],[-0.167843,51.556477],[-0.167835,51.556475],[-0.167755,51.556448],[-0.167749,51.556445],[-0.16774,51.556441],[-0.167692,51.556421],[-0.16767,51.556412],[-0.167558,51.556406],[-0.167548,51.556405],[-0.167368,51.556377],[-0.167354,51.556375],[-0.167198,51.556303],[-0.167193,51.55629],[-0.167184,51.556286],[-0.167046,51.556221],[-0.16704,51.556216],[-0.166718,51.555933],[-0.166697,51.555914],[-0.166678,51.555916],[-0.166681,51.555934],[-0.166632,51.555936],[-0.166627,51.55592],[-0.166425,51.555935],[-0.166405,51.55596],[-0.166133,51.556301],[-0.165876,51.556163],[-0.165859,51.556154],[-0.165749,51.55608],[-0.165737,51.556072],[-0.165706,51.556039],[-0.165671,51.555982],[-0.165644,51.555937],[-0.165643,51.55593],[-0.165633,51.555851],[-0.16567,51.555812],[-0.1657,51.55578],[-0.165736,51.555753],[-0.166066,51.555586],[-0.166048,51.555564],[-0.165921,51.55541],[-0.165879,51.555359],[-0.165867,51.555344],[-0.165856,51.555331],[-0.165714,51.555253],[-0.165595,51.555212],[-0.165629,51.555205],[-0.165665,51.555196],[-0.165685,51.555191],[-0.166076,51.555097],[-0.166105,51.55509],[-0.166128,51.555084],[-0.166128,51.55508],[-0.166124,51.555075],[-0.16604,51.554968],[-0.166031,51.554956],[-0.165982,51.554892],[-0.165976,51.554886],[-0.165973,51.554881],[-0.165943,51.554843],[-0.16593,51.554826],[-0.165897,51.554774],[-0.165844,51.554691],[-0.165842,51.554688],[-0.165825,51.554655],[-0.165784,51.554578],[-0.165768,51.554548],[-0.165743,51.554493],[-0.165709,51.554419],[-0.165704,51.554407],[-0.165693,51.55439],[-0.165692,51.554388],[-0.165688,51.554382],[-0.165664,51.554345],[-0.165649,51.554321],[-0.16559,51.55423],[-0.165568,51.554176],[-0.165565,51.55414],[-0.165564,51.554136],[-0.165558,51.554072],[-0.165487,51.554084],[-0.16548,51.554075],[-0.165502,51.554068],[-0.165597,51.554041],[-0.165771,51.554007],[-0.166051,51.553963],[-0.166027,51.553996],[-0.165911,51.55415],[-0.165945,51.554195],[-0.166025,51.554247],[-0.166035,51.554254],[-0.166125,51.554288],[-0.166228,51.554265],[-0.166307,51.554266],[-0.166405,51.554236],[-0.166521,51.554217],[-0.166539,51.554211],[-0.166771,51.554131],[-0.166988,51.554228],[-0.167055,51.554258],[-0.167412,51.55422],[-0.167464,51.554223],[-0.167546,51.554229],[-0.167683,51.554239],[-0.167799,51.554347],[-0.167827,51.554383],[-0.167836,51.554394],[-0.167871,51.554434],[-0.167875,51.554438],[-0.167878,51.554442],[-0.167895,51.554448],[-0.167972,51.554477],[-0.168078,51.554516],[-0.168129,51.554527],[-0.168313,51.554641],[-0.168337,51.554653],[-0.168379,51.554669],[-0.168434,51.554703],[-0.168519,51.554757],[-0.168571,51.554783],[-0.168576,51.554789],[-0.168655,51.554851],[-0.168735,51.554898],[-0.168762,51.554907],[-0.168778,51.554898],[-0.168787,51.554893],[-0.168927,51.554816],[-0.168989,51.554782],[-0.16915,51.554693],[-0.169205,51.554717],[-0.169232,51.55473],[-0.169276,51.554751],[-0.169304,51.554764],[-0.169375,51.554783],[-0.169447,51.554793],[-0.169519,51.554794],[-0.169556,51.554795],[-0.169616,51.554796],[-0.169635,51.554796],[-0.169727,51.554787],[-0.169758,51.554784],[-0.169794,51.554781],[-0.169969,51.554729],[-0.170028,51.554703],[-0.170097,51.554654],[-0.170102,51.55465],[-0.170132,51.55462],[-0.170162,51.554588],[-0.170209,51.554508],[-0.170225,51.554464],[-0.170234,51.554423],[-0.170243,51.554383],[-0.170245,51.55432],[-0.170218,51.554275],[-0.170211,51.554261],[-0.170191,51.55422],[-0.170109,51.554111],[-0.170083,51.554039],[-0.170087,51.553958],[-0.170102,51.553922],[-0.170109,51.553909],[-0.170134,51.55386],[-0.17018,51.553797],[-0.170221,51.55376],[-0.170239,51.553744],[-0.170431,51.553831],[-0.170565,51.553891],[-0.170734,51.553966],[-0.170333,51.554227],[-0.170291,51.554286],[-0.170316,51.554311],[-0.170366,51.554319],[-0.170414,51.554326],[-0.170452,51.554336],[-0.170691,51.554617],[-0.170745,51.554681],[-0.170754,51.554699],[-0.170765,51.554709],[-0.170787,51.554727],[-0.17079,51.55473],[-0.170746,51.554815],[-0.170744,51.554819],[-0.170589,51.554922],[-0.170572,51.554943],[-0.170932,51.555246],[-0.17119,51.555062],[-0.171216,51.555032],[-0.171233,51.555029],[-0.17124,51.555028],[-0.171281,51.554998],[-0.171322,51.554968],[-0.171391,51.55492],[-0.171429,51.554893],[-0.171513,51.554832],[-0.171523,51.554825],[-0.171554,51.554804],[-0.171623,51.554754],[-0.171668,51.554723],[-0.17196,51.554515],[-0.171951,51.55451],[-0.171959,51.554504],[-0.171977,51.554491],[-0.171985,51.554486],[-0.171993,51.554489],[-0.172128,51.554379],[-0.172189,51.554331],[-0.172346,51.554203],[-0.172416,51.554147],[-0.172441,51.554127],[-0.172501,51.554079],[-0.172521,51.554063],[-0.172623,51.553981],[-0.172693,51.553926],[-0.172715,51.553908],[-0.173161,51.553553],[-0.173892,51.553922],[-0.17385,51.553956],[-0.173609,51.55415],[-0.173562,51.554188],[-0.173524,51.554218],[-0.173517,51.554223],[-0.173447,51.554274],[-0.173398,51.554311],[-0.173305,51.554378],[-0.173284,51.554394],[-0.173185,51.554466],[-0.173092,51.554535],[-0.173085,51.554539],[-0.17305,51.554565],[-0.173005,51.554598],[-0.172968,51.554625],[-0.172998,51.554649],[-0.173025,51.554631],[-0.17309,51.554586],[-0.173129,51.55456],[-0.173132,51.554558],[-0.173242,51.55451],[-0.173263,51.554504],[-0.173412,51.554463],[-0.173465,51.554448],[-0.173472,51.554447],[-0.173582,51.554451],[-0.173645,51.554446],[-0.173704,51.554441],[-0.173712,51.554483],[-0.17372,51.554517],[-0.173733,51.554544],[-0.173757,51.554576],[-0.173761,51.554581],[-0.173768,51.554593],[-0.173836,51.55471],[-0.173842,51.554722],[-0.173815,51.554757],[-0.173807,51.554764],[-0.173801,51.554769],[-0.173713,51.554849],[-0.173709,51.554851],[-0.173657,51.554876],[-0.17365,51.554879],[-0.173637,51.554883],[-0.173633,51.554884],[-0.173626,51.554885],[-0.173522,51.5549],[-0.173386,51.554948],[-0.173278,51.554924],[-0.173196,51.554919],[-0.173108,51.554913],[-0.173097,51.554927],[-0.173097,51.554929],[-0.17309,51.554961],[-0.173086,51.55496],[-0.173033,51.554944],[-0.172676,51.555039],[-0.172629,51.555117],[-0.172623,51.555128],[-0.172622,51.55513],[-0.17262,51.555136],[-0.172664,51.55527],[-0.172744,51.555375],[-0.172981,51.555391],[-0.172984,51.555389],[-0.173004,51.555376],[-0.17329,51.555333],[-0.17343,51.555338],[-0.173537,51.555353],[-0.173605,51.555371],[-0.173659,51.555392],[-0.173675,51.55546],[-0.173671,51.555501],[-0.173652,51.555543],[-0.173606,51.555604],[-0.173567,51.555633],[-0.173563,51.555636],[-0.173566,51.555641],[-0.173631,51.555719],[-0.173637,51.555748],[-0.173642,51.55577],[-0.173557,51.555905],[-0.173521,51.555905],[-0.173486,51.555905],[-0.173455,51.555909],[-0.173414,51.555913],[-0.173423,51.556023],[-0.173425,51.556053],[-0.173365,51.55611],[-0.173269,51.556163],[-0.173253,51.556168],[-0.173276,51.556239],[-0.173266,51.55629],[-0.173168,51.556426],[-0.173258,51.556445],[-0.173544,51.556475],[-0.173529,51.5565],[-0.173531,51.556505],[-0.173456,51.556627],[-0.173412,51.556703],[-0.173347,51.556816],[-0.173329,51.556846],[-0.173263,51.55696],[-0.173254,51.556976],[-0.173208,51.557055],[-0.173198,51.557072],[-0.173185,51.557094],[-0.173084,51.557266],[-0.173031,51.557356],[-0.173022,51.557371],[-0.172928,51.557531],[-0.172925,51.557536],[-0.172921,51.557544],[-0.172868,51.557634],[-0.172645,51.557645],[-0.172589,51.557648],[-0.172569,51.557649],[-0.1725,51.557652],[-0.172318,51.557662],[-0.172232,51.55766],[-0.172218,51.55766],[-0.172145,51.557659],[-0.172093,51.55765],[-0.172088,51.557649],[-0.171889,51.557622],[-0.171858,51.557618],[-0.1715,51.55755],[-0.171291,51.557505],[-0.171272,51.557501],[-0.170941,51.557469],[-0.170423,51.557425],[-0.170306,51.557415],[-0.169753,51.557366],[-0.169748,51.557366]]]}},{"type":"Feature","properties":{"LSOA21CD":"E01000897","LSOA21NM":"Camden 008D","MEAN_PTAL_":"4","mean_AI":17.4557850299,"borough":"Camden"},"geometry":{"type":"Polygon","coordinates":[[[-0.170691,51.554617],[-0.170452,51.554336],[-0.170414,51.554326],[-0.170366,51.554319],[-0.170316,51.554311],[-0.170291,51.554286],[-0.170333,51.554227],[-0.170734,51.553966],[-0.170565,51.553891],[-0.170431,51.553831],[-0.170239,51.553744],[-0.170221,51.55376],[-0.17018,51.553797],[-0.170134,51.55386],[-0.170109,51.553909],[-0.170102,51.553922],[-0.170087,51.553958],[-0.170083,51.554039],[-0.170109,51.554111],[-0.170191,51.55422],[-0.170211,51.554261],[-0.170218,51.554275],[-0.170245,51.55432],[-0.170243,51.554383],[-0.170234,51.554423],[-0.170225,51.554464],[-0.170209,51.554508],[-0.170162,51.554588],[-0.170132,51.55462],[-0.170102,51.55465],[-0.170097,51.554654],[-0.170028,51.554703],[-0.169969,51.554729],[-0.169794,51.554781],[-0.169758,51.554784],[-0.169727,51.554787],[-0.169635,51.554796],[-0.169616,51.554796],[-0.169556,51.554795],[-0.169519,51.554794],[-0.169447,51.554793],[-0.169375,51.554783],[-0.169304,51.554764],[-0.169276,51.554751],[-0.169232,51.55473],[-0.169205,51.554717],[-0.16915,51.554693],[-0.168989,51.554782],[-0.168927,51.554816],[-0.168787,51.554893],[-0.168778,51.554898],[-0.168762,51.554907],[-0.168735,51.554898],[-0.168655,51.554851],[-0.168576,51.554789],[-0.168571,51.554783],[-0.168519,51.554757],[-0.168434,51.554703],[-0.168379,51.554669],[-0.168337,51.554653],[-0.168313,51.554641],[-0.168129,51.554527],[-0.168078,51.554516],[-0.167972,51.554477],[-0.167895,51.554448],[-0.167878,51.554442],[-0.167875,51.554438],[-0.167871,51.554434],[-0.167836,51.554394],[-0.167827,51.554383],[-0.167799,51.554347],[-0.167683,51.554239],[-0.167546,51.554229],[-0.167464,51.554223],[-0.167412,51.55422],[-0.167055,51.554258],[-0.166988,51.554228],[-0.166771,51.554131],[-0.166539,51.554211],[-0.166521,51.554217],[-0.166405,51.554236],[-0.166307,51.554266],[-0.166228,51.554265],[-0.166125,51.554288],[-0.166035,51.554254],[-0.166025,51.554247],[-0.165945,51.554195],[-0.165911,51.55415],[-0.166027,51.553996],[-0.166051,51.553963],[-0.166961,51.55382],[-0.167223,51.553778],[-0.167259,51.553771],[-0.167354,51.553753],[-0.167528,51.55372],[-0.167631,51.553687],[-0.167863,51.553611],[-0.168084,51.55354],[-0.168202,51.5535],[-0.168368,51.553445],[-0.168658,51.553348],[-0.168988,51.553237],[-0.169055,51.553215],[-0.169121,51.553193],[-0.16915,51.553208],[-0.169161,51.553213],[-0.169165,51.553215],[-0.16918,51.553216],[-0.169192,51.553224],[-0.169206,51.553234],[-0.169217,51.553232],[-0.169289,51.553223],[-0.169406,51.553208],[-0.169439,51.553204],[-0.169584,51.553186],[-0.16976,51.55318],[-0.170015,51.553173],[-0.17019,51.553168],[-0.170374,51.553154],[-0.170426,51.55315],[-0.17048,51.553146],[-0.170521,51.553139],[-0.170596,51.553126],[-0.170614,51.553123],[-0.170727,51.553104],[-0.170887,51.553071],[-0.171047,51.553029],[-0.171062,51.553029],[-0.171428,51.552934],[-0.171517,51.552911],[-0.171578,51.552895],[-0.171525,51.552941],[-0.171536,51.55295],[-0.171614,51.552929],[-0.172154,51.552767],[-0.172143,51.552755],[-0.172136,51.552747],[-0.172127,51.552739],[-0.17209,51.552698],[-0.171909,51.552486],[-0.171881,51.552453],[-0.171794,51.552351],[-0.171721,51.552231],[-0.171315,51.552358],[-0.171311,51.552359],[-0.171167,51.552361],[-0.171142,51.552361],[-0.170956,51.552338],[-0.170951,51.552337],[-0.170811,51.55231],[-0.170784,51.552257],[-0.170749,51.552186],[-0.170741,51.552171],[-0.170338,51.55208],[-0.170231,51.55188],[-0.170143,51.551717],[-0.170073,51.551731],[-0.169806,51.551782],[-0.169768,51.551789],[-0.169772,51.551785],[-0.169726,51.551794],[-0.169742,51.551767],[-0.16973,51.551713],[-0.169713,51.551683],[-0.169649,51.551568],[-0.169629,51.551533],[-0.16958,51.55145],[-0.169578,51.551447],[-0.169551,51.5514],[-0.169527,51.551359],[-0.169519,51.551323],[-0.169515,51.551305],[-0.169535,51.551152],[-0.169552,51.55103],[-0.169552,51.551027],[-0.169563,51.550948],[-0.169571,51.550885],[-0.169571,51.550881],[-0.169577,51.550837],[-0.169609,51.550595],[-0.169639,51.550375],[-0.16963,51.550373],[-0.169639,51.550367],[-0.169643,51.550364],[-0.169647,51.550358],[-0.169653,51.550347],[-0.169663,51.550342],[-0.169677,51.550334],[-0.169792,51.550276],[-0.16981,51.550267],[-0.169823,51.55026],[-0.169923,51.550209],[-0.169941,51.5502],[-0.170017,51.550162],[-0.170029,51.550155],[-0.170035,51.550153],[-0.170045,51.550148],[-0.170097,51.550124],[-0.170103,51.550121],[-0.170117,51.550115],[-0.170146,51.550102],[-0.170168,51.550092],[-0.170176,51.550088],[-0.170233,51.550062],[-0.170274,51.550044],[-0.170285,51.550038],[-0.170302,51.550031],[-0.170324,51.550021],[-0.170331,51.550017],[-0.170343,51.550012],[-0.170359,51.550004],[-0.170398,51.549986],[-0.170424,51.549973],[-0.170435,51.549968],[-0.170634,51.549872],[-0.170641,51.549868],[-0.170733,51.549824],[-0.170737,51.549822],[-0.17078,51.549801],[-0.170805,51.54979],[-0.170857,51.549766],[-0.170866,51.549763],[-0.170966,51.549717],[-0.170972,51.549714],[-0.171075,51.549667],[-0.171121,51.549646],[-0.171145,51.549635],[-0.17125,51.549683],[-0.171291,51.549702],[-0.171344,51.549726],[-0.171378,51.549742],[-0.171404,51.549754],[-0.171509,51.549801],[-0.17152,51.549807],[-0.171583,51.549835],[-0.171613,51.549848],[-0.171616,51.54985],[-0.17163,51.549855],[-0.171838,51.549916],[-0.171937,51.549945],[-0.172147,51.550006],[-0.172715,51.550171],[-0.172728,51.550167],[-0.172804,51.550142],[-0.172883,51.550176],[-0.172902,51.550185],[-0.172909,51.550188],[-0.172936,51.550199],[-0.173322,51.550368],[-0.173359,51.550384],[-0.173489,51.550441],[-0.173532,51.550459],[-0.173663,51.550516],[-0.173687,51.550527],[-0.173723,51.550543],[-0.173728,51.550545],[-0.174071,51.550694],[-0.174087,51.550701],[-0.174092,51.550703],[-0.174139,51.550726],[-0.17424,51.550775],[-0.174337,51.550821],[-0.174511,51.550904],[-0.174591,51.550943],[-0.17464,51.550966],[-0.17469,51.55099],[-0.174725,51.551015],[-0.174749,51.551032],[-0.174772,51.551049],[-0.174783,51.551057],[-0.174835,51.551093],[-0.17484,51.551097],[-0.175053,51.551249],[-0.175057,51.551251],[-0.175061,51.551255],[-0.175064,51.551257],[-0.175129,51.551303],[-0.17529,51.551418],[-0.175302,51.551426],[-0.175306,51.551429],[-0.175336,51.55145],[-0.175429,51.551516],[-0.175471,51.551545],[-0.175544,51.551597],[-0.175553,51.5516],[-0.17556,51.551602],[-0.175565,51.551604],[-0.175592,51.551612],[-0.175662,51.551635],[-0.175695,51.551645],[-0.175712,51.55165],[-0.175776,51.551671],[-0.17584,51.551691],[-0.175841,51.551704],[-0.175843,51.551768],[-0.175846,51.551828],[-0.175846,51.551846],[-0.175849,51.551909],[-0.175856,51.552085],[-0.175856,51.552092],[-0.175858,51.552135],[-0.175858,51.552139],[-0.175859,51.55215],[-0.175862,51.552231],[-0.175863,51.55224],[-0.175871,51.552442],[-0.175873,51.552494],[-0.175874,51.552514],[-0.175868,51.55268],[-0.175867,51.552732],[-0.175863,51.552845],[-0.175863,51.552849],[-0.175861,51.552899],[-0.175861,51.552913],[-0.175858,51.553011],[-0.175894,51.553064],[-0.175934,51.553124],[-0.176024,51.553207],[-0.176157,51.55333],[-0.176175,51.553347],[-0.176179,51.55335],[-0.176297,51.55346],[-0.176413,51.553567],[-0.176558,51.553701],[-0.176676,51.553794],[-0.176734,51.55384],[-0.17677,51.553869],[-0.176766,51.553871],[-0.176292,51.554141],[-0.176228,51.554456],[-0.176136,51.554497],[-0.176002,51.554399],[-0.175532,51.554392],[-0.175491,51.554406],[-0.17543,51.554427],[-0.175344,51.554371],[-0.175304,51.554344],[-0.175356,51.554295],[-0.175154,51.554202],[-0.175022,51.55414],[-0.174967,51.55407],[-0.174955,51.554054],[-0.174943,51.554039],[-0.17489,51.55397],[-0.17486,51.553932],[-0.174624,51.553841],[-0.17454,51.553875],[-0.174503,51.55389],[-0.174293,51.553816],[-0.174112,51.553753],[-0.174104,51.55375],[-0.174101,51.553754],[-0.173892,51.553922],[-0.173161,51.553553],[-0.172715,51.553908],[-0.172693,51.553926],[-0.172623,51.553981],[-0.172521,51.554063],[-0.172501,51.554079],[-0.172441,51.554127],[-0.172416,51.554147],[-0.172346,51.554203],[-0.172189,51.554331],[-0.172128,51.554379],[-0.171993,51.554489],[-0.171985,51.554486],[-0.171977,51.554491],[-0.171959,51.554504],[-0.171951,51.55451],[-0.17196,51.554515],[-0.171668,51.554723],[-0.171623,51.554754],[-0.171554,51.554804],[-0.171523,51.554825],[-0.171513,51.554832],[-0.171429,51.554893],[-0.171391,51.55492],[-0.171322,51.554968],[-0.171281,51.554998],[-0.17124,51.555028],[-0.171233,51.555029],[-0.171216,51.555032],[-0.17119,51.555062],[-0.170932,51.555246],[-0.170572,51.554943],[-0.170589,51.554922],[-0.170744,51.554819],[-0.170746,51.554815],[-0.17079,51.55473],[-0.170787,51.554727],[-0.170765,51.554709],[-0.170754,51.554699],[-0.170745,51.554681],[-0.170691,51.554617]]]}},{"type":"Feature","properties":{"LSOA21CD":"E01000898","LSOA21NM":"Camden 008E","MEAN_PTAL_":"4","mean_AI":19.5467042836,"borough":"Camden"},"geometry":{"type":"Polygon","coordinates":[[[-0.162534,51.553232],[-0.162362,51.553086],[-0.1623,51.55304],[-0.162329,51.552988],[-0.162406,51.552848],[-0.162419,51.552825],[-0.162568,51.552819],[-0.162549,51.552778],[-0.162461,51.552592],[-0.16246,51.55259],[-0.162444,51.552556],[-0.162418,51.552502],[-0.16248,51.552467],[-0.162425,51.552361],[-0.162386,51.552323],[-0.162377,51.552298],[-0.162375,51.552294],[-0.162352,51.552234],[-0.162335,51.55219],[-0.162333,51.552185],[-0.162331,51.55218],[-0.162329,51.552168],[-0.162323,51.552135],[-0.162309,51.552047],[-0.162307,51.552036],[-0.162306,51.552033],[-0.162304,51.552018],[-0.162301,51.551998],[-0.162297,51.551975],[-0.162291,51.551939],[-0.162281,51.551924],[-0.162234,51.551852],[-0.162232,51.551848],[-0.162205,51.551807],[-0.162052,51.551573],[-0.162048,51.551567],[-0.162046,51.551563],[-0.162273,51.551526],[-0.162297,51.551522],[-0.162444,51.551498],[-0.162468,51.551494],[-0.162506,51.551469],[-0.162661,51.551363],[-0.162688,51.551345],[-0.162697,51.551338],[-0.162708,51.551331],[-0.162718,51.551324],[-0.162727,51.551318],[-0.16274,51.551309],[-0.162791,51.551274],[-0.162855,51.551231],[-0.162922,51.551185],[-0.162928,51.551181],[-0.162957,51.551162],[-0.162967,51.551155],[-0.16299,51.55114],[-0.163029,51.551114],[-0.1631,51.551067],[-0.163116,51.551057],[-0.163127,51.551049],[-0.163162,51.551026],[-0.163218,51.550989],[-0.163263,51.550959],[-0.163353,51.550899],[-0.163322,51.550881],[-0.163337,51.550863],[-0.16334,51.550858],[-0.163343,51.550855],[-0.163381,51.550806],[-0.163411,51.550769],[-0.163435,51.550739],[-0.163491,51.550668],[-0.163567,51.550573],[-0.163612,51.550517],[-0.163616,51.550512],[-0.163634,51.550489],[-0.16368,51.550431],[-0.163722,51.550378],[-0.16369,51.550361],[-0.163636,51.550331],[-0.163563,51.550292],[-0.163559,51.550289],[-0.163522,51.550269],[-0.16344,51.550225],[-0.16341,51.550208],[-0.163152,51.550068],[-0.163132,51.550057],[-0.163129,51.550055],[-0.163141,51.550046],[-0.163201,51.549998],[-0.163223,51.549981],[-0.163361,51.54987],[-0.163562,51.549713],[-0.163632,51.549754],[-0.163703,51.549795],[-0.163775,51.549836],[-0.163785,51.549842],[-0.163866,51.549889],[-0.163926,51.549924],[-0.163933,51.549928],[-0.163953,51.54994],[-0.163977,51.549954],[-0.164058,51.55],[-0.164094,51.550022],[-0.164122,51.550039],[-0.164188,51.550078],[-0.164196,51.550082],[-0.164306,51.550148],[-0.164338,51.550166],[-0.164363,51.550182],[-0.164431,51.550225],[-0.164458,51.550242],[-0.164464,51.550246],[-0.164477,51.550254],[-0.164481,51.550257],[-0.164486,51.55026],[-0.164515,51.550278],[-0.164536,51.550291],[-0.164645,51.55036],[-0.164659,51.550369],[-0.164684,51.550384],[-0.164696,51.550392],[-0.164721,51.550408],[-0.164832,51.550478],[-0.164954,51.550554],[-0.165006,51.550587],[-0.165061,51.550622],[-0.165073,51.550629],[-0.16513,51.550665],[-0.165134,51.550667],[-0.165208,51.550715],[-0.165218,51.55072],[-0.16528,51.55076],[-0.165287,51.550764],[-0.16531,51.550781],[-0.165317,51.550785],[-0.165451,51.550881],[-0.165463,51.55089],[-0.165482,51.550904],[-0.16564,51.551016],[-0.1657,51.551059],[-0.165744,51.551091],[-0.165753,51.551097],[-0.165902,51.551203],[-0.165954,51.551241],[-0.166097,51.551343],[-0.166139,51.551373],[-0.166243,51.551447],[-0.166259,51.551459],[-0.166321,51.551503],[-0.166622,51.551717],[-0.166714,51.551783],[-0.166725,51.551791],[-0.16677,51.551823],[-0.166838,51.551872],[-0.166981,51.551974],[-0.166992,51.551967],[-0.167044,51.551935],[-0.167067,51.551921],[-0.167402,51.551716],[-0.167409,51.551712],[-0.167619,51.551583],[-0.167769,51.551491],[-0.167881,51.551423],[-0.167977,51.551364],[-0.167987,51.551358],[-0.168032,51.551331],[-0.168071,51.551306],[-0.168091,51.551294],[-0.168215,51.551219],[-0.168232,51.551208],[-0.168315,51.551157],[-0.168323,51.551152],[-0.168429,51.551088],[-0.168463,51.551066],[-0.168513,51.551036],[-0.168609,51.550977],[-0.168622,51.550969],[-0.168648,51.550953],[-0.168713,51.550913],[-0.168739,51.550898],[-0.168742,51.550895],[-0.168782,51.550871],[-0.168839,51.550836],[-0.168864,51.550821],[-0.16888,51.550811],[-0.168957,51.550764],[-0.168973,51.550754],[-0.168978,51.550751],[-0.16906,51.550701],[-0.169068,51.550696],[-0.169077,51.550691],[-0.169149,51.550646],[-0.169154,51.550643],[-0.169188,51.550622],[-0.169206,51.550611],[-0.169225,51.5506],[-0.169264,51.550576],[-0.169272,51.550571],[-0.169277,51.550568],[-0.169393,51.550497],[-0.169397,51.550495],[-0.169416,51.550483],[-0.169508,51.55043],[-0.169513,51.550428],[-0.169583,51.550387],[-0.169616,51.550369],[-0.169653,51.550347],[-0.169647,51.550358],[-0.169643,51.550364],[-0.169639,51.550367],[-0.16963,51.550373],[-0.169639,51.550375],[-0.169609,51.550595],[-0.169577,51.550837],[-0.169571,51.550881],[-0.169571,51.550885],[-0.169563,51.550948],[-0.169552,51.551027],[-0.169552,51.55103],[-0.169535,51.551152],[-0.169515,51.551305],[-0.169519,51.551323],[-0.169527,51.551359],[-0.169551,51.5514],[-0.169578,51.551447],[-0.16958,51.55145],[-0.169629,51.551533],[-0.169649,51.551568],[-0.169713,51.551683],[-0.16973,51.551713],[-0.169742,51.551767],[-0.169726,51.551794],[-0.169772,51.551785],[-0.169768,51.551789],[-0.169806,51.551782],[-0.170073,51.551731],[-0.170143,51.551717],[-0.170231,51.55188],[-0.170338,51.55208],[-0.170741,51.552171],[-0.170749,51.552186],[-0.170784,51.552257],[-0.170811,51.55231],[-0.170951,51.552337],[-0.170956,51.552338],[-0.171142,51.552361],[-0.171167,51.552361],[-0.171311,51.552359],[-0.171315,51.552358],[-0.171721,51.552231],[-0.171794,51.552351],[-0.171881,51.552453],[-0.171909,51.552486],[-0.17209,51.552698],[-0.172127,51.552739],[-0.172136,51.552747],[-0.172143,51.552755],[-0.172154,51.552767],[-0.171614,51.552929],[-0.171536,51.55295],[-0.171525,51.552941],[-0.171578,51.552895],[-0.171517,51.552911],[-0.171428,51.552934],[-0.171062,51.553029],[-0.171047,51.553029],[-0.170887,51.553071],[-0.170727,51.553104],[-0.170614,51.553123],[-0.170596,51.553126],[-0.170521,51.553139],[-0.17048,51.553146],[-0.170426,51.55315],[-0.170374,51.553154],[-0.17019,51.553168],[-0.170015,51.553173],[-0.16976,51.55318],[-0.169584,51.553186],[-0.169439,51.553204],[-0.169406,51.553208],[-0.169289,51.553223],[-0.169217,51.553232],[-0.169206,51.553234],[-0.169192,51.553224],[-0.16918,51.553216],[-0.169165,51.553215],[-0.169161,51.553213],[-0.16915,51.553208],[-0.169121,51.553193],[-0.169055,51.553215],[-0.168988,51.553237],[-0.168658,51.553348],[-0.168368,51.553445],[-0.168202,51.5535],[-0.168084,51.55354],[-0.167863,51.553611],[-0.167631,51.553687],[-0.167528,51.55372],[-0.167354,51.553753],[-0.167259,51.553771],[-0.167223,51.553778],[-0.166961,51.55382],[-0.166051,51.553963],[-0.165771,51.554007],[-0.165597,51.554041],[-0.165502,51.554068],[-0.16548,51.554075],[-0.165487,51.554084],[-0.165466,51.554089],[-0.165344,51.554111],[-0.165275,51.554123],[-0.164984,51.554176],[-0.164977,51.554178],[-0.16492,51.554151],[-0.164824,51.554104],[-0.164818,51.554101],[-0.164789,51.554088],[-0.164673,51.554031],[-0.164609,51.554001],[-0.164604,51.553999],[-0.164501,51.553949],[-0.164431,51.553933],[-0.164423,51.553931],[-0.164341,51.553912],[-0.16429,51.553901],[-0.164227,51.55389],[-0.164124,51.553871],[-0.164047,51.553857],[-0.164029,51.553854],[-0.163953,51.55384],[-0.163881,51.553827],[-0.163803,51.553813],[-0.163777,51.553808],[-0.163727,51.553799],[-0.163653,51.553786],[-0.163616,51.553779],[-0.163488,51.553756],[-0.163477,51.553754],[-0.163323,51.553726],[-0.163263,51.553715],[-0.163218,51.553709],[-0.163199,51.553707],[-0.163134,51.553699],[-0.163041,51.553687],[-0.162961,51.553677],[-0.162939,51.553674],[-0.162907,51.553672],[-0.162816,51.553665],[-0.162818,51.553656],[-0.162852,51.553542],[-0.162836,51.553518],[-0.162803,51.553468],[-0.162792,51.553451],[-0.162711,51.553383],[-0.162707,51.553379],[-0.162677,51.553353],[-0.162607,51.553294],[-0.162593,51.553282],[-0.162534,51.553232]]]}},{"type":"Feature","properties":{"LSOA21CD":"E01000899","LSOA21NM":"Camden 002E","MEAN_PTAL_":"2","mean_AI":5.99176782063,"borough":"Camden"},"geometry":{"type":"Polygon","coordinates":[[[-0.172481,51.569389],[-0.172541,51.568968],[-0.172581,51.568874],[-0.172584,51.568867],[-0.172591,51.568781],[-0.172615,51.568486],[-0.172625,51.568105],[-0.172626,51.568071],[-0.172632,51.567837],[-0.172629,51.567711],[-0.172609,51.567488],[-0.172621,51.567367],[-0.172624,51.567331],[-0.172648,51.567262],[-0.172653,51.567246],[-0.172599,51.567054],[-0.172581,51.56696],[-0.172517,51.566841],[-0.172483,51.566794],[-0.172177,51.566583],[-0.172081,51.566516],[-0.171653,51.566186],[-0.171635,51.566172],[-0.171182,51.565932],[-0.171038,51.565845],[-0.171017,51.565832],[-0.170748,51.565711],[-0.170604,51.565636],[-0.170456,51.565549],[-0.170152,51.565356],[-0.170069,51.565295],[-0.169872,51.565135],[-0.169823,51.565094],[-0.169815,51.565082],[-0.169791,51.565043],[-0.172171,51.565113],[-0.174319,51.564026],[-0.17472,51.563864],[-0.175308,51.563627],[-0.175237,51.563563],[-0.175151,51.563485],[-0.174661,51.563044],[-0.174632,51.563012],[-0.174541,51.562991],[-0.173672,51.562605],[-0.172908,51.562321],[-0.172746,51.562243],[-0.172933,51.562219],[-0.173675,51.562124],[-0.17416,51.561953],[-0.174884,51.561682],[-0.175104,51.5616],[-0.175268,51.561561],[-0.17545,51.561517],[-0.17557,51.561507],[-0.176121,51.5615],[-0.176164,51.561502],[-0.176175,51.5615],[-0.176233,51.561491],[-0.176259,51.561486],[-0.176328,51.561387],[-0.176456,51.561206],[-0.176865,51.560934],[-0.176926,51.560893],[-0.176486,51.560937],[-0.176125,51.560958],[-0.176091,51.560958],[-0.176038,51.560957],[-0.175537,51.560868],[-0.175522,51.560868],[-0.175512,51.560866],[-0.175494,51.560864],[-0.175483,51.560862],[-0.175451,51.560858],[-0.175407,51.560857],[-0.175321,51.560856],[-0.175071,51.56087],[-0.175057,51.560871],[-0.175046,51.560871],[-0.175037,51.560872],[-0.174908,51.560879],[-0.174848,51.560883],[-0.174583,51.560898],[-0.174439,51.560896],[-0.174325,51.560876],[-0.174235,51.560852],[-0.174203,51.560844],[-0.174182,51.560838],[-0.17396,51.560756],[-0.173727,51.560669],[-0.173642,51.560641],[-0.173183,51.560492],[-0.173054,51.56045],[-0.173001,51.560433],[-0.173148,51.560345],[-0.173204,51.560308],[-0.173314,51.560232],[-0.173332,51.560197],[-0.173388,51.560085],[-0.172746,51.559888],[-0.17262,51.559836],[-0.172773,51.559691],[-0.172936,51.559536],[-0.173045,51.559433],[-0.17305,51.559428],[-0.173208,51.559278],[-0.173266,51.559223],[-0.173281,51.559205],[-0.17331,51.559182],[-0.173435,51.559084],[-0.173459,51.559064],[-0.173469,51.559055],[-0.173511,51.559011],[-0.173561,51.558961],[-0.173604,51.558917],[-0.173668,51.558851],[-0.173688,51.558832],[-0.17383,51.558686],[-0.173851,51.558666],[-0.173866,51.558669],[-0.173869,51.558666],[-0.173894,51.558637],[-0.17391,51.558635],[-0.174096,51.558614],[-0.174216,51.558589],[-0.174341,51.55867],[-0.174557,51.558763],[-0.174589,51.558776],[-0.174617,51.558786],[-0.174678,51.558788],[-0.174818,51.558791],[-0.174923,51.558755],[-0.175369,51.558988],[-0.175323,51.559053],[-0.175305,51.559077],[-0.175324,51.559085],[-0.175486,51.559152],[-0.175486,51.559155],[-0.175487,51.559163],[-0.175457,51.559196],[-0.175448,51.559206],[-0.175655,51.559273],[-0.175601,51.559379],[-0.175595,51.559391],[-0.175594,51.559394],[-0.175592,51.559398],[-0.17558,51.559421],[-0.175614,51.559439],[-0.175745,51.559512],[-0.17577,51.559526],[-0.175778,51.559531],[-0.175849,51.559559],[-0.175869,51.559581],[-0.175893,51.559593],[-0.175991,51.559639],[-0.176148,51.559713],[-0.176161,51.559719],[-0.176176,51.559717],[-0.176198,51.559474],[-0.1762,51.559472],[-0.176295,51.559329],[-0.176289,51.559326],[-0.176267,51.559314],[-0.176265,51.559307],[-0.176246,51.55926],[-0.176244,51.559256],[-0.176251,51.559033],[-0.176258,51.559032],[-0.176655,51.558998],[-0.176688,51.558995],[-0.176701,51.558785],[-0.176702,51.558767],[-0.17671,51.558771],[-0.176748,51.558729],[-0.176756,51.55872],[-0.176768,51.558703],[-0.176729,51.558698],[-0.176598,51.558683],[-0.176577,51.558681],[-0.176505,51.558669],[-0.176416,51.558651],[-0.176378,51.558643],[-0.176301,51.558628],[-0.176291,51.558626],[-0.176324,51.558497],[-0.176334,51.558457],[-0.176336,51.558452],[-0.176348,51.558403],[-0.176349,51.5584],[-0.176358,51.558364],[-0.176361,51.558338],[-0.176362,51.558329],[-0.176375,51.558217],[-0.176376,51.55821],[-0.176378,51.558193],[-0.176381,51.558167],[-0.176563,51.558191],[-0.176596,51.558196],[-0.176616,51.558202],[-0.176646,51.558212],[-0.176601,51.558304],[-0.176649,51.558372],[-0.176668,51.558397],[-0.176689,51.558417],[-0.176701,51.558428],[-0.176726,51.558431],[-0.176746,51.558431],[-0.176751,51.558431],[-0.176775,51.558424],[-0.176823,51.558375],[-0.176833,51.558364],[-0.176868,51.558304],[-0.17687,51.558291],[-0.176883,51.558218],[-0.176877,51.558215],[-0.176748,51.558138],[-0.176747,51.558134],[-0.176739,51.558092],[-0.176709,51.557947],[-0.176722,51.557942],[-0.17687,51.557879],[-0.176875,51.557876],[-0.176896,51.557863],[-0.176903,51.557866],[-0.177071,51.557908],[-0.17708,51.55791],[-0.177189,51.557924],[-0.177205,51.557921],[-0.177298,51.557908],[-0.177457,51.557839],[-0.177481,51.557829],[-0.177463,51.557739],[-0.177466,51.557737],[-0.177477,51.557728],[-0.177481,51.557722],[-0.177564,51.557612],[-0.177582,51.557611],[-0.177836,51.557597],[-0.17784,51.557597],[-0.177928,51.557712],[-0.177935,51.557715],[-0.1781,51.557787],[-0.178108,51.55779],[-0.178152,51.55786],[-0.178157,51.557865],[-0.17817,51.557878],[-0.178215,51.557908],[-0.178277,51.557901],[-0.17831,51.557898],[-0.178539,51.557875],[-0.178552,51.557882],[-0.17858,51.557898],[-0.178565,51.557872],[-0.178557,51.557858],[-0.178547,51.557841],[-0.178548,51.557838],[-0.178545,51.557813],[-0.178544,51.557802],[-0.178551,51.557796],[-0.17859,51.55776],[-0.178593,51.557757],[-0.178742,51.557661],[-0.178755,51.557663],[-0.178787,51.557666],[-0.178851,51.557686],[-0.178864,51.557708],[-0.178875,51.557714],[-0.178881,51.557718],[-0.178984,51.557714],[-0.17909,51.55771],[-0.179118,51.557709],[-0.179124,51.557719],[-0.179097,51.557754],[-0.179114,51.557951],[-0.179106,51.557968],[-0.179098,51.557984],[-0.17907,51.558039],[-0.179181,51.557998],[-0.179402,51.557917],[-0.179448,51.55792],[-0.179451,51.557918],[-0.179459,51.557907],[-0.179489,51.557867],[-0.179496,51.557862],[-0.179509,51.557853],[-0.179509,51.557851],[-0.179502,51.557774],[-0.179519,51.557769],[-0.179535,51.557765],[-0.179651,51.557733],[-0.179707,51.557717],[-0.179825,51.557809],[-0.179841,51.557821],[-0.179844,51.557824],[-0.179876,51.557849],[-0.180043,51.557979],[-0.180064,51.557996],[-0.180094,51.558019],[-0.180133,51.558049],[-0.180151,51.558063],[-0.180204,51.558104],[-0.180518,51.558308],[-0.180546,51.558326],[-0.180557,51.558333],[-0.180606,51.558365],[-0.180612,51.558368],[-0.180899,51.558554],[-0.180912,51.558562],[-0.180989,51.558612],[-0.181071,51.558665],[-0.18116,51.558725],[-0.181166,51.55873],[-0.181214,51.558763],[-0.181458,51.558929],[-0.181555,51.559],[-0.181658,51.559075],[-0.181668,51.559083],[-0.181703,51.559111],[-0.181788,51.559179],[-0.181888,51.55926],[-0.181977,51.559331],[-0.182091,51.559422],[-0.182103,51.559432],[-0.182115,51.559442],[-0.182122,51.559448],[-0.182166,51.559483],[-0.182178,51.559492],[-0.182209,51.559518],[-0.182215,51.559522],[-0.182222,51.559528],[-0.182246,51.559549],[-0.18228,51.55958],[-0.18231,51.559608],[-0.182415,51.559722],[-0.182428,51.559736],[-0.182456,51.559775],[-0.182458,51.559778],[-0.182625,51.560009],[-0.18271,51.56014],[-0.182737,51.560188],[-0.182789,51.560297],[-0.182791,51.560302],[-0.18282,51.560363],[-0.182889,51.560509],[-0.182892,51.560516],[-0.182945,51.560628],[-0.182959,51.560659],[-0.182962,51.560664],[-0.183012,51.560769],[-0.183016,51.560779],[-0.18303,51.560808],[-0.183042,51.560834],[-0.183111,51.560913],[-0.183179,51.560984],[-0.183272,51.561081],[-0.183341,51.561155],[-0.183353,51.561167],[-0.183391,51.561197],[-0.183398,51.561203],[-0.183465,51.561255],[-0.183469,51.561259],[-0.183496,51.56128],[-0.183617,51.561354],[-0.183758,51.561459],[-0.183776,51.561473],[-0.183782,51.561477],[-0.183793,51.561485],[-0.183858,51.561544],[-0.183994,51.561667],[-0.184108,51.56177],[-0.184175,51.561831],[-0.184185,51.561841],[-0.184327,51.561991],[-0.184415,51.562067],[-0.184423,51.562072],[-0.184446,51.562088],[-0.184454,51.562095],[-0.184584,51.562187],[-0.184587,51.56219],[-0.184647,51.562233],[-0.184679,51.56225],[-0.184705,51.562264],[-0.184775,51.562301],[-0.184903,51.562348],[-0.184913,51.562352],[-0.184922,51.562354],[-0.185015,51.562376],[-0.185524,51.562397],[-0.185637,51.562402],[-0.185818,51.562401],[-0.185884,51.562401],[-0.185893,51.562401],[-0.18602,51.562401],[-0.186096,51.5624],[-0.186234,51.5624],[-0.186266,51.5624],[-0.186345,51.562395],[-0.186866,51.562368],[-0.187065,51.562358],[-0.187288,51.562359],[-0.187299,51.562359],[-0.187308,51.562359],[-0.187416,51.56236],[-0.187543,51.562371],[-0.187641,51.56238],[-0.187658,51.562382],[-0.187945,51.562421],[-0.188058,51.562436],[-0.1885,51.562497],[-0.188556,51.562505],[-0.188788,51.562552],[-0.189131,51.562623],[-0.189226,51.562643],[-0.189397,51.562672],[-0.189486,51.562687],[-0.189529,51.562695],[-0.18963,51.562709],[-0.189657,51.562713],[-0.190031,51.562753],[-0.190152,51.562759],[-0.190159,51.562759],[-0.190288,51.562765],[-0.190347,51.562768],[-0.190338,51.562801],[-0.190336,51.562807],[-0.190321,51.562854],[-0.19027,51.563018],[-0.190268,51.563023],[-0.190137,51.563443],[-0.19012,51.563498],[-0.190124,51.563562],[-0.190136,51.563753],[-0.19013,51.563823],[-0.19013,51.563828],[-0.19012,51.563972],[-0.190073,51.564182],[-0.190072,51.564187],[-0.189997,51.564527],[-0.189996,51.564582],[-0.189996,51.564586],[-0.189996,51.564629],[-0.189978,51.564685],[-0.189972,51.564703],[-0.18995,51.564742],[-0.189911,51.56481],[-0.189876,51.564961],[-0.189872,51.564968],[-0.189824,51.565058],[-0.189662,51.565214],[-0.189657,51.565219],[-0.189648,51.565227],[-0.189618,51.565256],[-0.189473,51.565298],[-0.189399,51.565357],[-0.189341,51.565436],[-0.189288,51.565481],[-0.189229,51.565516],[-0.189213,51.565522],[-0.189186,51.565533],[-0.189164,51.565541],[-0.189139,51.565549],[-0.189125,51.565553],[-0.188862,51.565569],[-0.188676,51.56558],[-0.188485,51.565697],[-0.188476,51.565703],[-0.18836,51.565774],[-0.18839,51.565813],[-0.188313,51.565838],[-0.18807,51.565917],[-0.187991,51.565952],[-0.187894,51.565995],[-0.187793,51.56603],[-0.187789,51.566031],[-0.187705,51.566054],[-0.187585,51.566073],[-0.187506,51.566085],[-0.187423,51.566106],[-0.187389,51.566118],[-0.187366,51.566126],[-0.187282,51.566169],[-0.187253,51.566184],[-0.187169,51.566213],[-0.187085,51.566335],[-0.186992,51.566467],[-0.186989,51.56647],[-0.186751,51.56663],[-0.186697,51.566661],[-0.18662,51.566703],[-0.186604,51.566712],[-0.186541,51.566744],[-0.186507,51.566761],[-0.186453,51.566787],[-0.186396,51.566814],[-0.186385,51.56682],[-0.186348,51.566837],[-0.186306,51.566856],[-0.186299,51.566859],[-0.186246,51.566881],[-0.186208,51.566898],[-0.186195,51.566903],[-0.186176,51.56691],[-0.186144,51.566922],[-0.186091,51.566941],[-0.185659,51.567053],[-0.185217,51.567171],[-0.185065,51.567195],[-0.184726,51.567249],[-0.184436,51.567309],[-0.184169,51.567365],[-0.184057,51.567396],[-0.183983,51.567416],[-0.183801,51.567495],[-0.183787,51.567501],[-0.183686,51.567583],[-0.183676,51.567592],[-0.183669,51.567597],[-0.183639,51.567622],[-0.18359,51.567662],[-0.183458,51.567769],[-0.183545,51.567844],[-0.183567,51.567863],[-0.183575,51.56787],[-0.183693,51.567974],[-0.183581,51.568],[-0.183576,51.568001],[-0.183543,51.568009],[-0.183233,51.56816],[-0.183165,51.568194],[-0.183156,51.568198],[-0.18299,51.568279],[-0.182965,51.568291],[-0.182952,51.568298],[-0.182911,51.568318],[-0.182882,51.568332],[-0.182799,51.568373],[-0.182717,51.568413],[-0.182706,51.568418],[-0.182697,51.568423],[-0.182688,51.568427],[-0.182637,51.568452],[-0.182612,51.568464],[-0.182581,51.568479],[-0.182543,51.568498],[-0.182501,51.568518],[-0.182444,51.568547],[-0.182426,51.568555],[-0.182394,51.568571],[-0.18238,51.568578],[-0.18227,51.568632],[-0.182187,51.568672],[-0.18214,51.568703],[-0.182107,51.568723],[-0.182071,51.568758],[-0.181975,51.568851],[-0.181896,51.568909],[-0.181865,51.568932],[-0.181805,51.568963],[-0.18174,51.568988],[-0.181686,51.569009],[-0.181478,51.569113],[-0.181259,51.569224],[-0.181157,51.569275],[-0.180894,51.569407],[-0.180809,51.569438],[-0.180859,51.56952],[-0.180949,51.569671],[-0.180921,51.569671],[-0.180875,51.569671],[-0.180727,51.56967],[-0.180602,51.569674],[-0.180505,51.569677],[-0.18049,51.569678],[-0.180247,51.569696],[-0.180158,51.569702],[-0.179807,51.569769],[-0.179701,51.569789],[-0.179553,51.569819],[-0.17905,51.569922],[-0.178983,51.569924],[-0.178931,51.569926],[-0.178897,51.569928],[-0.178877,51.56993],[-0.178859,51.569931],[-0.178834,51.569932],[-0.178825,51.569933],[-0.178771,51.569939],[-0.178719,51.569945],[-0.178667,51.569952],[-0.178616,51.56996],[-0.178564,51.569969],[-0.178528,51.569976],[-0.178513,51.569979],[-0.178462,51.56999],[-0.178441,51.569995],[-0.178433,51.569996],[-0.178412,51.570001],[-0.178341,51.570019],[-0.178289,51.570032],[-0.178282,51.570034],[-0.178261,51.57004],[-0.178243,51.570045],[-0.178193,51.570068],[-0.178156,51.570093],[-0.178123,51.570123],[-0.178093,51.570164],[-0.17808,51.570198],[-0.178074,51.57024],[-0.178056,51.570411],[-0.178053,51.570433],[-0.177662,51.570271],[-0.177656,51.57027],[-0.177647,51.570268],[-0.177426,51.570216],[-0.177362,51.570201],[-0.17734,51.5702],[-0.177277,51.570199],[-0.17693,51.570192],[-0.176798,51.570155],[-0.176781,51.57015],[-0.176745,51.57014],[-0.176616,51.570103],[-0.17649,51.570068],[-0.176347,51.570021],[-0.176012,51.569911],[-0.175996,51.569906],[-0.175986,51.569903],[-0.175901,51.569875],[-0.175909,51.569796],[-0.175468,51.569654],[-0.175457,51.569651],[-0.175169,51.569558],[-0.175125,51.569458],[-0.175086,51.569461],[-0.175078,51.569462],[-0.174996,51.569469],[-0.174956,51.569473],[-0.174862,51.569439],[-0.174855,51.569436],[-0.174584,51.569338],[-0.174433,51.569321],[-0.174273,51.569302],[-0.174184,51.569404],[-0.174172,51.569418],[-0.174123,51.569475],[-0.173974,51.569646],[-0.173977,51.569681],[-0.17398,51.569713],[-0.173986,51.569778],[-0.173988,51.569802],[-0.17393,51.569923],[-0.173839,51.570012],[-0.173785,51.570063],[-0.173782,51.570118],[-0.173777,51.570207],[-0.173777,51.570214],[-0.173776,51.570244],[-0.173776,51.570301],[-0.173772,51.570357],[-0.173766,51.570413],[-0.17376,51.570448],[-0.173754,51.570488],[-0.173747,51.570529],[-0.173738,51.570569],[-0.173735,51.570579],[-0.173728,51.570608],[-0.173716,51.570649],[-0.173703,51.570688],[-0.173689,51.570719],[-0.173685,51.570727],[-0.173665,51.570768],[-0.173644,51.570809],[-0.173641,51.570816],[-0.173634,51.570827],[-0.173613,51.570864],[-0.173604,51.570877],[-0.173584,51.57091],[-0.173546,51.570966],[-0.173543,51.57097],[-0.173482,51.57105],[-0.173452,51.571084],[-0.173439,51.571099],[-0.173437,51.571101],[-0.173097,51.57089],[-0.173026,51.57085],[-0.172694,51.570663],[-0.17265,51.570638],[-0.172541,51.570334],[-0.172501,51.570164],[-0.17246,51.57004],[-0.172476,51.569533],[-0.172481,51.569389]]]}},{"type":"Feature","properties":{"LSOA21CD":"E01000900","LSOA21NM":"Camden 012A","MEAN_PTAL_":"4","mean_AI":18.0865100119,"borough":"Camden"},"geometry":{"type":"Polygon","coordinates":[[[-0.153019,51.549226],[-0.152999,51.549207],[-0.152994,51.54921],[-0.152827,51.549309],[-0.15281,51.549301],[-0.152412,51.549121],[-0.152362,51.549111],[-0.152343,51.549159],[-0.152339,51.549189],[-0.152306,51.54926],[-0.152303,51.549267],[-0.15223,51.549309],[-0.152192,51.549323],[-0.152185,51.549325],[-0.151981,51.549365],[-0.151973,51.549367],[-0.151976,51.549383],[-0.151964,51.549366],[-0.15194,51.54933],[-0.151833,51.549177],[-0.151822,51.549162],[-0.151798,51.549126],[-0.151766,51.549081],[-0.151722,51.549018],[-0.151718,51.549012],[-0.151672,51.548946],[-0.151646,51.54891],[-0.151627,51.548882],[-0.151599,51.548842],[-0.151572,51.548803],[-0.151531,51.548744],[-0.151502,51.548701],[-0.151327,51.548448],[-0.151322,51.548441],[-0.15101,51.547992],[-0.150979,51.547945],[-0.150909,51.547839],[-0.150904,51.547839],[-0.150865,51.54784],[-0.150359,51.547853],[-0.15003,51.547862],[-0.149763,51.547869],[-0.149805,51.547848],[-0.149804,51.547845],[-0.149799,51.547835],[-0.149768,51.547767],[-0.149773,51.547737],[-0.149788,51.547654],[-0.149789,51.547648],[-0.14979,51.547645],[-0.14976,51.547602],[-0.149756,51.547596],[-0.149737,51.547512],[-0.149719,51.547501],[-0.149716,51.547485],[-0.149704,51.54743],[-0.149725,51.547288],[-0.149648,51.547272],[-0.149591,51.547266],[-0.149574,51.547266],[-0.149568,51.547266],[-0.149419,51.547272],[-0.149267,51.547278],[-0.149182,51.547281],[-0.14909,51.547065],[-0.149088,51.54706],[-0.14906,51.546994],[-0.149026,51.546915],[-0.148982,51.546811],[-0.14897,51.546783],[-0.14895,51.546735],[-0.148772,51.546317],[-0.148747,51.546258],[-0.148729,51.546208],[-0.148679,51.546069],[-0.148664,51.546025],[-0.148658,51.546008],[-0.148714,51.546006],[-0.148723,51.546003],[-0.148776,51.546001],[-0.148888,51.545997],[-0.148923,51.546],[-0.149086,51.545996],[-0.149133,51.545989],[-0.149238,51.545985],[-0.14938,51.545981],[-0.149461,51.545978],[-0.149485,51.545977],[-0.149492,51.545977],[-0.14954,51.545975],[-0.149555,51.545974],[-0.149566,51.545974],[-0.149574,51.545972],[-0.149587,51.545972],[-0.149644,51.545971],[-0.149688,51.545966],[-0.14971,51.545966],[-0.149754,51.545966],[-0.14981,51.545959],[-0.149825,51.545962],[-0.149852,51.545965],[-0.14993,51.545962],[-0.150043,51.545958],[-0.150086,51.545957],[-0.150116,51.545956],[-0.150274,51.545953],[-0.150353,51.545951],[-0.150399,51.54595],[-0.150403,51.545959],[-0.150457,51.546037],[-0.150543,51.546098],[-0.150549,51.546102],[-0.150506,51.546156],[-0.150473,51.546198],[-0.150461,51.546206],[-0.150396,51.546273],[-0.150431,51.546289],[-0.150438,51.546294],[-0.150448,51.546294],[-0.150702,51.546372],[-0.15072,51.546382],[-0.15074,51.546411],[-0.150742,51.546413],[-0.150732,51.546471],[-0.150712,51.546496],[-0.150716,51.546577],[-0.150897,51.546569],[-0.15112,51.546523],[-0.151127,51.546532],[-0.151145,51.546558],[-0.151158,51.546557],[-0.151361,51.54684],[-0.151539,51.547088],[-0.151539,51.547093],[-0.151545,51.547096],[-0.151587,51.547155],[-0.151552,51.547157],[-0.151573,51.547186],[-0.151609,51.547185],[-0.151785,51.547449],[-0.15184,51.54753],[-0.151947,51.547682],[-0.151952,51.54769],[-0.152004,51.547763],[-0.152032,51.547753],[-0.15208,51.547736],[-0.152324,51.547675],[-0.152376,51.547662],[-0.152481,51.54773],[-0.152907,51.54762],[-0.152911,51.54757],[-0.152914,51.547531],[-0.153086,51.547532],[-0.15339,51.547535],[-0.153582,51.547536],[-0.153585,51.547458],[-0.153595,51.54722],[-0.153544,51.547125],[-0.153533,51.547104],[-0.153568,51.547103],[-0.153595,51.547102],[-0.154054,51.547083],[-0.154396,51.547068],[-0.154426,51.547067],[-0.154476,51.546888],[-0.154508,51.546746],[-0.154509,51.546741],[-0.154512,51.546727],[-0.154538,51.546623],[-0.154648,51.546632],[-0.154895,51.546653],[-0.154972,51.54666],[-0.154998,51.546607],[-0.155046,51.546563],[-0.155128,51.546515],[-0.155188,51.546489],[-0.155209,51.546481],[-0.155215,51.546478],[-0.155228,51.546444],[-0.155242,51.54642],[-0.15526,51.546419],[-0.155292,51.546415],[-0.155327,51.546407],[-0.15583,51.546287],[-0.155848,51.546321],[-0.155859,51.546466],[-0.15586,51.546471],[-0.155863,51.546479],[-0.155864,51.546494],[-0.155868,51.546561],[-0.155869,51.546579],[-0.155873,51.546597],[-0.155877,51.546609],[-0.155876,51.546618],[-0.155875,51.546623],[-0.155778,51.546646],[-0.155759,51.546662],[-0.155756,51.546665],[-0.155674,51.546717],[-0.155602,51.546764],[-0.155482,51.546842],[-0.155535,51.546875],[-0.155645,51.546946],[-0.155653,51.546954],[-0.155655,51.546956],[-0.155658,51.54696],[-0.155629,51.547026],[-0.155625,51.547034],[-0.155507,51.547113],[-0.155494,51.547122],[-0.155502,51.547136],[-0.155506,51.547157],[-0.155481,51.54727],[-0.155479,51.547282],[-0.155388,51.547381],[-0.155397,51.54739],[-0.155404,51.547396],[-0.155434,51.547515],[-0.155759,51.547559],[-0.155763,51.547559],[-0.155716,51.547655],[-0.155684,51.547722],[-0.155667,51.547758],[-0.155661,51.547769],[-0.155633,51.547827],[-0.155628,51.547826],[-0.155626,51.54783],[-0.155588,51.547911],[-0.155546,51.548],[-0.155541,51.548011],[-0.155525,51.548064],[-0.155515,51.548142],[-0.155512,51.548168],[-0.155504,51.548235],[-0.155501,51.548242],[-0.155466,51.548325],[-0.155464,51.54833],[-0.155456,51.548351],[-0.15544,51.548387],[-0.155438,51.548432],[-0.155441,51.548453],[-0.155448,51.548507],[-0.155449,51.548513],[-0.155459,51.548541],[-0.155509,51.548672],[-0.155516,51.548691],[-0.155527,51.548721],[-0.155548,51.54878],[-0.155553,51.548793],[-0.155552,51.54882],[-0.155551,51.548838],[-0.155537,51.548844],[-0.155529,51.548847],[-0.155507,51.548856],[-0.155478,51.548855],[-0.155421,51.548854],[-0.155391,51.548844],[-0.15537,51.548837],[-0.155362,51.548835],[-0.155335,51.548826],[-0.155307,51.548807],[-0.155294,51.548795],[-0.154992,51.548949],[-0.154906,51.548903],[-0.154897,51.548896],[-0.155047,51.5491],[-0.155078,51.549142],[-0.155089,51.549157],[-0.155062,51.54916],[-0.155006,51.549166],[-0.154904,51.549176],[-0.154834,51.549183],[-0.154747,51.549149],[-0.154728,51.549144],[-0.154716,51.549158],[-0.154613,51.549194],[-0.154566,51.549209],[-0.154525,51.549224],[-0.154498,51.549233],[-0.154542,51.549285],[-0.154561,51.549308],[-0.154588,51.549354],[-0.154606,51.549403],[-0.154611,51.549432],[-0.154607,51.549481],[-0.154599,51.549485],[-0.1545,51.549523],[-0.154479,51.549531],[-0.154542,51.549811],[-0.154547,51.549832],[-0.154478,51.54984],[-0.154376,51.549852],[-0.154342,51.549856],[-0.154284,51.549863],[-0.154174,51.549875],[-0.154045,51.54989],[-0.154031,51.549892],[-0.15394,51.549902],[-0.153878,51.549909],[-0.153603,51.549941],[-0.15361,51.549948],[-0.153556,51.549954],[-0.153529,51.549928],[-0.153517,51.549912],[-0.153476,51.549856],[-0.153453,51.549824],[-0.153417,51.549775],[-0.153387,51.549735],[-0.153353,51.549689],[-0.153332,51.54966],[-0.153286,51.549597],[-0.153262,51.549564],[-0.153239,51.549524],[-0.153216,51.549482],[-0.153207,51.549466],[-0.153204,51.549461],[-0.153182,51.54942],[-0.153172,51.549403],[-0.15317,51.549399],[-0.153161,51.549384],[-0.153148,51.54936],[-0.153142,51.549349],[-0.153115,51.549322],[-0.153093,51.5493],[-0.153019,51.549226]]]}},{"type":"Feature","properties":{"LSOA21CD":"E01000901","LSOA21NM":"Camden 007D","MEAN_PTAL_":"5","mean_AI":21.7363811934,"borough":"Camden"},"geometry":{"type":"Polygon","coordinates":[[[-0.148226,51.549375],[-0.148037,51.549232],[-0.148031,51.549228],[-0.147976,51.549186],[-0.147897,51.549127],[-0.147694,51.548977],[-0.147647,51.54896],[-0.14756,51.548928],[-0.147468,51.548897],[-0.147186,51.548803],[-0.147185,51.548799],[-0.147184,51.548796],[-0.147149,51.548649],[-0.147149,51.548646],[-0.147147,51.548641],[-0.147124,51.548542],[-0.147116,51.54851],[-0.147112,51.548493],[-0.147071,51.548322],[-0.147044,51.548213],[-0.146995,51.548024],[-0.146987,51.547993],[-0.146985,51.547988],[-0.146964,51.547906],[-0.14696,51.547892],[-0.146957,51.547879],[-0.146951,51.547858],[-0.146928,51.547769],[-0.146886,51.547549],[-0.146878,51.547508],[-0.146872,51.547476],[-0.146869,51.547465],[-0.146867,51.547455],[-0.146863,51.547433],[-0.146858,51.547405],[-0.146848,51.547353],[-0.146832,51.547272],[-0.14682,51.547207],[-0.146817,51.547194],[-0.146796,51.547085],[-0.146747,51.546832],[-0.146714,51.54666],[-0.146671,51.546437],[-0.146669,51.546427],[-0.14666,51.546396],[-0.146659,51.546391],[-0.146751,51.546375],[-0.146868,51.546354],[-0.147207,51.546279],[-0.14732,51.546254],[-0.147357,51.546244],[-0.147432,51.546223],[-0.147443,51.54622],[-0.147541,51.546189],[-0.147562,51.546184],[-0.147565,51.546187],[-0.147703,51.546149],[-0.147759,51.546136],[-0.14793,51.546093],[-0.147945,51.54609],[-0.147951,51.546089],[-0.147984,51.546084],[-0.148237,51.546043],[-0.148295,51.546026],[-0.148445,51.546017],[-0.148516,51.546013],[-0.148563,51.54601],[-0.148657,51.546005],[-0.148658,51.546008],[-0.148664,51.546025],[-0.148679,51.546069],[-0.148729,51.546208],[-0.148747,51.546258],[-0.148772,51.546317],[-0.14895,51.546735],[-0.14897,51.546783],[-0.148982,51.546811],[-0.149026,51.546915],[-0.14906,51.546994],[-0.149088,51.54706],[-0.14909,51.547065],[-0.149182,51.547281],[-0.149267,51.547278],[-0.149419,51.547272],[-0.149568,51.547266],[-0.149574,51.547266],[-0.149591,51.547266],[-0.149648,51.547272],[-0.149725,51.547288],[-0.149704,51.54743],[-0.149716,51.547485],[-0.149719,51.547501],[-0.149737,51.547512],[-0.149756,51.547596],[-0.14976,51.547602],[-0.14979,51.547645],[-0.149789,51.547648],[-0.149788,51.547654],[-0.149773,51.547737],[-0.149768,51.547767],[-0.149799,51.547835],[-0.149804,51.547845],[-0.149805,51.547848],[-0.149763,51.547869],[-0.15003,51.547862],[-0.150359,51.547853],[-0.150865,51.54784],[-0.150904,51.547839],[-0.150909,51.547839],[-0.150979,51.547945],[-0.15101,51.547992],[-0.151322,51.548441],[-0.151327,51.548448],[-0.151502,51.548701],[-0.151531,51.548744],[-0.151572,51.548803],[-0.151599,51.548842],[-0.151627,51.548882],[-0.151646,51.54891],[-0.151672,51.548946],[-0.151718,51.549012],[-0.151722,51.549018],[-0.151766,51.549081],[-0.151798,51.549126],[-0.151822,51.549162],[-0.151833,51.549177],[-0.15194,51.54933],[-0.151964,51.549366],[-0.151976,51.549383],[-0.151973,51.549367],[-0.151981,51.549365],[-0.152185,51.549325],[-0.152192,51.549323],[-0.15223,51.549309],[-0.152303,51.549267],[-0.152306,51.54926],[-0.152339,51.549189],[-0.152343,51.549159],[-0.152362,51.549111],[-0.152412,51.549121],[-0.15281,51.549301],[-0.152827,51.549309],[-0.152769,51.549343],[-0.152759,51.549348],[-0.152713,51.549373],[-0.152687,51.549386],[-0.15267,51.549395],[-0.152607,51.549429],[-0.15258,51.549443],[-0.152565,51.549451],[-0.152546,51.549461],[-0.152499,51.549486],[-0.152466,51.549503],[-0.152461,51.549506],[-0.152423,51.549526],[-0.152405,51.549535],[-0.152345,51.549567],[-0.152341,51.549569],[-0.152281,51.549601],[-0.15223,51.549627],[-0.152227,51.549629],[-0.152131,51.549679],[-0.152093,51.5497],[-0.152069,51.549712],[-0.152024,51.549736],[-0.151983,51.549757],[-0.151968,51.549765],[-0.151928,51.549786],[-0.15189,51.549807],[-0.151886,51.549809],[-0.151847,51.549829],[-0.15183,51.549838],[-0.151768,51.549871],[-0.151679,51.549918],[-0.151676,51.549919],[-0.151664,51.549925],[-0.151645,51.549935],[-0.151622,51.549948],[-0.151488,51.550018],[-0.151452,51.550037],[-0.151375,51.550078],[-0.151327,51.550103],[-0.151305,51.550115],[-0.151264,51.550136],[-0.151124,51.55021],[-0.151089,51.550229],[-0.151036,51.550256],[-0.151009,51.550268],[-0.150891,51.550322],[-0.150873,51.550331],[-0.150866,51.550335],[-0.15086,51.550338],[-0.150844,51.550345],[-0.15082,51.550355],[-0.150799,51.550365],[-0.150745,51.550387],[-0.150733,51.550392],[-0.150716,51.550399],[-0.150705,51.550404],[-0.150696,51.550407],[-0.150624,51.550436],[-0.150608,51.550443],[-0.150578,51.550455],[-0.150563,51.550461],[-0.150423,51.550517],[-0.150357,51.550547],[-0.15023,51.550605],[-0.150111,51.550659],[-0.149696,51.550847],[-0.149675,51.550856],[-0.14967,51.550858],[-0.149657,51.550841],[-0.149652,51.550835],[-0.149646,51.550826],[-0.149564,51.550717],[-0.149518,51.550655],[-0.149483,51.550608],[-0.149468,51.55059],[-0.149428,51.550541],[-0.149409,51.550517],[-0.149403,51.55051],[-0.149379,51.55048],[-0.149274,51.55035],[-0.149263,51.550336],[-0.149242,51.550311],[-0.149235,51.550302],[-0.149175,51.550228],[-0.149115,51.550153],[-0.149085,51.550117],[-0.149083,51.550113],[-0.149036,51.550067],[-0.149001,51.550033],[-0.148895,51.549928],[-0.148827,51.549862],[-0.148812,51.549848],[-0.148805,51.549842],[-0.148752,51.549795],[-0.148743,51.549788],[-0.148718,51.549765],[-0.148694,51.549744],[-0.148655,51.54971],[-0.148636,51.549693],[-0.148596,51.549661],[-0.148494,51.549581],[-0.148458,51.549553],[-0.148452,51.549548],[-0.148432,51.549533],[-0.148404,51.549511],[-0.148383,51.549494],[-0.148378,51.54949],[-0.148366,51.549481],[-0.148226,51.549375]]]}},{"type":"Feature","properties":{"LSOA21CD":"E01000902","LSOA21NM":"Camden 012B","MEAN_PTAL_":"4","mean_AI":16.1883300194,"borough":"Camden"},"geometry":{"type":"Polygon","coordinates":[[[-0.156827,51.550038],[-0.156603,51.549987],[-0.156573,51.550024],[-0.15657,51.550028],[-0.156584,51.549687],[-0.156587,51.54961],[-0.156588,51.549601],[-0.156536,51.549607],[-0.156298,51.549632],[-0.156191,51.549645],[-0.156111,51.549655],[-0.15609,51.549657],[-0.155868,51.549684],[-0.155756,51.549697],[-0.155652,51.549709],[-0.155553,51.549721],[-0.155409,51.549738],[-0.15537,51.549743],[-0.155353,51.549745],[-0.155298,51.549752],[-0.155226,51.549759],[-0.155148,51.549768],[-0.155145,51.549763],[-0.155101,51.549768],[-0.155096,51.549769],[-0.155073,51.549771],[-0.155035,51.549776],[-0.154909,51.549791],[-0.15483,51.549801],[-0.154825,51.549801],[-0.154547,51.549832],[-0.154542,51.549811],[-0.154479,51.549531],[-0.1545,51.549523],[-0.154599,51.549485],[-0.154607,51.549481],[-0.154611,51.549432],[-0.154606,51.549403],[-0.154588,51.549354],[-0.154561,51.549308],[-0.154542,51.549285],[-0.154498,51.549233],[-0.154525,51.549224],[-0.154566,51.549209],[-0.154613,51.549194],[-0.154716,51.549158],[-0.154728,51.549144],[-0.154747,51.549149],[-0.154834,51.549183],[-0.154904,51.549176],[-0.155006,51.549166],[-0.155062,51.54916],[-0.155089,51.549157],[-0.155078,51.549142],[-0.155047,51.5491],[-0.154897,51.548896],[-0.154906,51.548903],[-0.154992,51.548949],[-0.155294,51.548795],[-0.155307,51.548807],[-0.155335,51.548826],[-0.155362,51.548835],[-0.15537,51.548837],[-0.155391,51.548844],[-0.155421,51.548854],[-0.155478,51.548855],[-0.155507,51.548856],[-0.155529,51.548847],[-0.155537,51.548844],[-0.155551,51.548838],[-0.155552,51.54882],[-0.155553,51.548793],[-0.155548,51.54878],[-0.155527,51.548721],[-0.155516,51.548691],[-0.155509,51.548672],[-0.155459,51.548541],[-0.155449,51.548513],[-0.155448,51.548507],[-0.155441,51.548453],[-0.155438,51.548432],[-0.15544,51.548387],[-0.155456,51.548351],[-0.155464,51.54833],[-0.155466,51.548325],[-0.155501,51.548242],[-0.155504,51.548235],[-0.155512,51.548168],[-0.155515,51.548142],[-0.155525,51.548064],[-0.155541,51.548011],[-0.155546,51.548],[-0.155588,51.547911],[-0.155626,51.54783],[-0.155628,51.547826],[-0.155633,51.547827],[-0.155661,51.547769],[-0.155667,51.547758],[-0.155684,51.547722],[-0.155716,51.547655],[-0.155763,51.547559],[-0.155759,51.547559],[-0.155434,51.547515],[-0.155404,51.547396],[-0.155397,51.54739],[-0.155388,51.547381],[-0.155479,51.547282],[-0.155481,51.54727],[-0.155506,51.547157],[-0.155502,51.547136],[-0.155494,51.547122],[-0.155507,51.547113],[-0.155625,51.547034],[-0.155629,51.547026],[-0.155658,51.54696],[-0.155655,51.546956],[-0.155653,51.546954],[-0.155645,51.546946],[-0.155535,51.546875],[-0.155482,51.546842],[-0.155602,51.546764],[-0.155674,51.546717],[-0.155756,51.546665],[-0.155759,51.546662],[-0.155778,51.546646],[-0.155875,51.546623],[-0.155876,51.546618],[-0.155877,51.546609],[-0.155873,51.546597],[-0.155869,51.546579],[-0.155868,51.546561],[-0.155864,51.546494],[-0.155863,51.546479],[-0.15586,51.546471],[-0.155859,51.546466],[-0.155848,51.546321],[-0.15583,51.546287],[-0.155327,51.546407],[-0.155292,51.546415],[-0.15526,51.546419],[-0.155242,51.54642],[-0.155228,51.546444],[-0.155215,51.546478],[-0.155209,51.546481],[-0.155188,51.546489],[-0.155128,51.546515],[-0.155046,51.546563],[-0.154998,51.546607],[-0.154972,51.54666],[-0.154895,51.546653],[-0.154648,51.546632],[-0.154538,51.546623],[-0.154504,51.54662],[-0.154602,51.546372],[-0.154659,51.546229],[-0.154678,51.546181],[-0.15482,51.545886],[-0.15483,51.545864],[-0.154867,51.545788],[-0.154797,51.545791],[-0.154448,51.545805],[-0.154244,51.545813],[-0.153755,51.545833],[-0.153586,51.545837],[-0.153582,51.5458],[-0.153526,51.545267],[-0.153702,51.545178],[-0.154025,51.545014],[-0.1541,51.544958],[-0.154108,51.544944],[-0.153922,51.544717],[-0.153955,51.544483],[-0.154052,51.544534],[-0.154057,51.544537],[-0.154131,51.544576],[-0.15442,51.544737],[-0.15449,51.544778],[-0.15452,51.544795],[-0.154659,51.544876],[-0.154705,51.544907],[-0.154771,51.54495],[-0.155179,51.545199],[-0.155232,51.545234],[-0.15532,51.545292],[-0.155326,51.545295],[-0.155362,51.545319],[-0.155474,51.545402],[-0.155558,51.545475],[-0.155852,51.545678],[-0.155867,51.545687],[-0.156085,51.545831],[-0.156093,51.545835],[-0.156194,51.545894],[-0.156233,51.545917],[-0.156345,51.545982],[-0.156542,51.546102],[-0.156648,51.546158],[-0.156683,51.546176],[-0.15691,51.54627],[-0.157102,51.54635],[-0.15717,51.546379],[-0.157222,51.546401],[-0.157449,51.54647],[-0.157443,51.546476],[-0.157254,51.546723],[-0.157352,51.546762],[-0.157365,51.546774],[-0.157167,51.546835],[-0.157129,51.546847],[-0.157147,51.546861],[-0.157169,51.546883],[-0.157195,51.547059],[-0.157188,51.547083],[-0.157535,51.547176],[-0.157912,51.547277],[-0.157966,51.547313],[-0.158037,51.547416],[-0.158115,51.547528],[-0.158093,51.547545],[-0.158006,51.547546],[-0.157292,51.547556],[-0.157295,51.547908],[-0.157495,51.547894],[-0.157521,51.547895],[-0.15781,51.547896],[-0.157807,51.547974],[-0.157802,51.548092],[-0.157799,51.548162],[-0.157809,51.548227],[-0.157805,51.548487],[-0.157805,51.548494],[-0.157816,51.54883],[-0.157816,51.548847],[-0.157827,51.5489],[-0.157865,51.549074],[-0.157898,51.54923],[-0.157822,51.549454],[-0.157812,51.549486],[-0.157676,51.549902],[-0.157674,51.549938],[-0.157634,51.549942],[-0.157558,51.549981],[-0.157538,51.549991],[-0.157517,51.549997],[-0.157496,51.550003],[-0.157417,51.550012],[-0.157409,51.550013],[-0.157357,51.550009],[-0.15734,51.550008],[-0.157298,51.550012],[-0.157265,51.550016],[-0.15726,51.550016],[-0.157227,51.550015],[-0.157188,51.55002],[-0.157141,51.550018],[-0.157133,51.550018],[-0.157124,51.55002],[-0.157052,51.550027],[-0.157043,51.550027],[-0.157021,51.550025],[-0.157011,51.550028],[-0.156974,51.550034],[-0.156835,51.550038],[-0.156827,51.550038]]]}},{"type":"Feature","properties":{"LSOA21CD":"E01000903","LSOA21NM":"Camden 006E","MEAN_PTAL_":"3","mean_AI":13.4931266928,"borough":"Camden"},"geometry":{"type":"Polygon","coordinates":[[[-0.156644,51.550836],[-0.156637,51.550824],[-0.156487,51.550836],[-0.156221,51.550857],[-0.156032,51.550852],[-0.156021,51.550852],[-0.156008,51.550851],[-0.155993,51.550851],[-0.15597,51.55085],[-0.155952,51.550849],[-0.155909,51.550845],[-0.155898,51.550844],[-0.155844,51.550839],[-0.155692,51.550819],[-0.155674,51.550816],[-0.155666,51.550815],[-0.155652,51.550813],[-0.155594,51.550805],[-0.155535,51.550794],[-0.155512,51.55079],[-0.155452,51.550778],[-0.15538,51.550765],[-0.155373,51.550763],[-0.155347,51.550758],[-0.155134,51.550718],[-0.155066,51.550705],[-0.155053,51.550703],[-0.154998,51.550692],[-0.154993,51.550691],[-0.154966,51.550686],[-0.154958,51.550685],[-0.15495,51.550683],[-0.154915,51.550676],[-0.154899,51.550673],[-0.154888,51.550671],[-0.15477,51.550632],[-0.154764,51.55063],[-0.154706,51.55061],[-0.154642,51.550589],[-0.154589,51.550571],[-0.154546,51.550554],[-0.154535,51.55055],[-0.154529,51.550548],[-0.154512,51.550541],[-0.15443,51.550508],[-0.154405,51.550498],[-0.154344,51.550474],[-0.154339,51.550472],[-0.154304,51.550458],[-0.154288,51.550451],[-0.154263,51.55044],[-0.154233,51.550427],[-0.154224,51.550422],[-0.15413,51.550379],[-0.15412,51.550375],[-0.154087,51.55036],[-0.154049,51.550342],[-0.154039,51.550336],[-0.15397,51.550295],[-0.153957,51.550287],[-0.153919,51.550264],[-0.153888,51.550245],[-0.15387,51.550232],[-0.153855,51.55022],[-0.153841,51.550209],[-0.153838,51.550207],[-0.153751,51.550139],[-0.153613,51.550008],[-0.153556,51.549954],[-0.15361,51.549948],[-0.153603,51.549941],[-0.153878,51.549909],[-0.15394,51.549902],[-0.154031,51.549892],[-0.154045,51.54989],[-0.154174,51.549875],[-0.154284,51.549863],[-0.154342,51.549856],[-0.154376,51.549852],[-0.154478,51.54984],[-0.154547,51.549832],[-0.154825,51.549801],[-0.15483,51.549801],[-0.154909,51.549791],[-0.155035,51.549776],[-0.155073,51.549771],[-0.155096,51.549769],[-0.155101,51.549768],[-0.155145,51.549763],[-0.155148,51.549768],[-0.155226,51.549759],[-0.155298,51.549752],[-0.155353,51.549745],[-0.15537,51.549743],[-0.155409,51.549738],[-0.155553,51.549721],[-0.155652,51.549709],[-0.155756,51.549697],[-0.155868,51.549684],[-0.15609,51.549657],[-0.156111,51.549655],[-0.156191,51.549645],[-0.156298,51.549632],[-0.156536,51.549607],[-0.156588,51.549601],[-0.156587,51.54961],[-0.156584,51.549687],[-0.15657,51.550028],[-0.156573,51.550024],[-0.156603,51.549987],[-0.156827,51.550038],[-0.156835,51.550038],[-0.156974,51.550034],[-0.157011,51.550028],[-0.157021,51.550025],[-0.157043,51.550027],[-0.157052,51.550027],[-0.157124,51.55002],[-0.157133,51.550018],[-0.157141,51.550018],[-0.157188,51.55002],[-0.157227,51.550015],[-0.15726,51.550016],[-0.157265,51.550016],[-0.157298,51.550012],[-0.15734,51.550008],[-0.157357,51.550009],[-0.157409,51.550013],[-0.157417,51.550012],[-0.157496,51.550003],[-0.157517,51.549997],[-0.157538,51.549991],[-0.157558,51.549981],[-0.157634,51.549942],[-0.157674,51.549938],[-0.157676,51.549902],[-0.157812,51.549486],[-0.157822,51.549454],[-0.157898,51.54923],[-0.157865,51.549074],[-0.157827,51.5489],[-0.157816,51.548847],[-0.157816,51.54883],[-0.157805,51.548494],[-0.157805,51.548487],[-0.157809,51.548227],[-0.157799,51.548162],[-0.157802,51.548092],[-0.157807,51.547974],[-0.15781,51.547896],[-0.157521,51.547895],[-0.157495,51.547894],[-0.157295,51.547908],[-0.157292,51.547556],[-0.158006,51.547546],[-0.158093,51.547545],[-0.158115,51.547528],[-0.158037,51.547416],[-0.157966,51.547313],[-0.157912,51.547277],[-0.157535,51.547176],[-0.157188,51.547083],[-0.157195,51.547059],[-0.157169,51.546883],[-0.157147,51.546861],[-0.157129,51.546847],[-0.157167,51.546835],[-0.157365,51.546774],[-0.157352,51.546762],[-0.157254,51.546723],[-0.157443,51.546476],[-0.157449,51.54647],[-0.157763,51.546565],[-0.157839,51.546589],[-0.157857,51.546594],[-0.15799,51.546634],[-0.157981,51.546628],[-0.158049,51.546649],[-0.158066,51.546654],[-0.15827,51.546718],[-0.158284,51.546723],[-0.158328,51.546737],[-0.158342,51.546741],[-0.158385,51.546755],[-0.158411,51.546763],[-0.158415,51.546764],[-0.158479,51.546789],[-0.158514,51.546803],[-0.15855,51.546822],[-0.158605,51.546852],[-0.158627,51.546864],[-0.158716,51.546907],[-0.158731,51.546914],[-0.158921,51.547005],[-0.158929,51.547009],[-0.159039,51.547062],[-0.159054,51.547069],[-0.159127,51.547104],[-0.159184,51.547131],[-0.159199,51.547139],[-0.159231,51.547154],[-0.159452,51.54726],[-0.159464,51.547265],[-0.159772,51.547411],[-0.159843,51.547444],[-0.159924,51.547483],[-0.159956,51.547498],[-0.160043,51.547539],[-0.160049,51.547542],[-0.16014,51.547585],[-0.160234,51.547652],[-0.16024,51.547656],[-0.160395,51.547768],[-0.160408,51.547777],[-0.160539,51.547872],[-0.160734,51.548012],[-0.160743,51.548018],[-0.160753,51.548025],[-0.160828,51.548074],[-0.160866,51.5481],[-0.160945,51.548153],[-0.161044,51.548218],[-0.161128,51.548274],[-0.161187,51.548313],[-0.16134,51.548415],[-0.161379,51.548441],[-0.16139,51.548448],[-0.161465,51.548498],[-0.161634,51.54861],[-0.161672,51.548643],[-0.161686,51.548655],[-0.161731,51.548695],[-0.161483,51.548778],[-0.161318,51.548862],[-0.161181,51.548752],[-0.161165,51.548739],[-0.161111,51.548768],[-0.16102,51.548815],[-0.160982,51.548837],[-0.160916,51.548877],[-0.16091,51.54888],[-0.160816,51.548935],[-0.16072,51.548991],[-0.160494,51.54885],[-0.160435,51.548906],[-0.160203,51.549127],[-0.160089,51.549236],[-0.160082,51.549243],[-0.159985,51.549329],[-0.159965,51.549348],[-0.159961,51.549351],[-0.159871,51.549431],[-0.159861,51.54944],[-0.159827,51.549471],[-0.159799,51.549496],[-0.159797,51.5495],[-0.159744,51.549593],[-0.159668,51.549725],[-0.159666,51.54973],[-0.159587,51.549866],[-0.15958,51.549916],[-0.159576,51.549942],[-0.159572,51.549969],[-0.159546,51.550094],[-0.159545,51.550101],[-0.159526,51.550193],[-0.159521,51.550218],[-0.159549,51.55024],[-0.15956,51.550265],[-0.159541,51.550293],[-0.159534,51.550321],[-0.159531,51.550334],[-0.159519,51.550383],[-0.159559,51.550535],[-0.159433,51.550558],[-0.159288,51.550583],[-0.159042,51.550627],[-0.158792,51.550672],[-0.158765,51.550677],[-0.15875,51.550679],[-0.158251,51.550785],[-0.158161,51.550804],[-0.158083,51.55082],[-0.158017,51.550834],[-0.158005,51.550837],[-0.157941,51.55085],[-0.157845,51.55087],[-0.15781,51.550885],[-0.157776,51.550899],[-0.157698,51.550932],[-0.157661,51.550947],[-0.157645,51.55095],[-0.157571,51.55096],[-0.157334,51.550994],[-0.157066,51.551032],[-0.157038,51.551036],[-0.156841,51.551064],[-0.156811,51.551068],[-0.156767,51.551014],[-0.156757,51.551002],[-0.156719,51.550946],[-0.156704,51.550924],[-0.1567,51.550918],[-0.156644,51.550836]]]}},{"type":"Feature","properties":{"LSOA21CD":"E01000904","LSOA21NM":"Camden 012C","MEAN_PTAL_":"6a","mean_AI":28.8380910482,"borough":"Camden"},"geometry":{"type":"Polygon","coordinates":[[[-0.146603,51.546186],[-0.14659,51.546142],[-0.146578,51.546097],[-0.146577,51.546094],[-0.146572,51.546074],[-0.146568,51.546059],[-0.146566,51.546052],[-0.146558,51.546026],[-0.146555,51.546014],[-0.146543,51.54597],[-0.14653,51.545924],[-0.146529,51.545919],[-0.146516,51.545874],[-0.146511,51.545854],[-0.146505,51.545832],[-0.146493,51.545788],[-0.146483,51.545753],[-0.146481,51.545747],[-0.146479,51.545739],[-0.146477,51.545732],[-0.146475,51.545723],[-0.146462,51.545677],[-0.146457,51.54566],[-0.146448,51.545625],[-0.146445,51.545616],[-0.146444,51.54561],[-0.146433,51.545572],[-0.146418,51.545517],[-0.146407,51.545478],[-0.146405,51.545468],[-0.146401,51.545456],[-0.146357,51.545296],[-0.146335,51.545215],[-0.146319,51.545165],[-0.146301,51.545112],[-0.146299,51.545106],[-0.146291,51.545082],[-0.14629,51.545077],[-0.146274,51.545028],[-0.14627,51.545018],[-0.146254,51.544968],[-0.146248,51.54495],[-0.146243,51.544935],[-0.146241,51.544928],[-0.146238,51.544919],[-0.146234,51.544908],[-0.146216,51.544852],[-0.146211,51.544837],[-0.146202,51.544809],[-0.146199,51.544802],[-0.146196,51.544793],[-0.14617,51.544711],[-0.146167,51.544704],[-0.146152,51.544659],[-0.146151,51.544655],[-0.146144,51.544633],[-0.146141,51.544624],[-0.146129,51.544588],[-0.146104,51.544511],[-0.146103,51.544508],[-0.146092,51.544476],[-0.146091,51.544473],[-0.146085,51.544454],[-0.146031,51.54429],[-0.146029,51.544284],[-0.146015,51.54424],[-0.145977,51.544125],[-0.145947,51.544054],[-0.145943,51.544043],[-0.145926,51.544002],[-0.145905,51.543952],[-0.145899,51.543936],[-0.145887,51.543919],[-0.145826,51.543826],[-0.145741,51.543698],[-0.145753,51.543689],[-0.145756,51.543687],[-0.145773,51.543675],[-0.145806,51.54365],[-0.145887,51.54359],[-0.145928,51.543559],[-0.145931,51.543557],[-0.145956,51.543539],[-0.145989,51.543514],[-0.146007,51.543501],[-0.146018,51.543493],[-0.146029,51.543484],[-0.146084,51.543443],[-0.146131,51.543408],[-0.146177,51.543374],[-0.146181,51.543371],[-0.146207,51.543352],[-0.146271,51.543305],[-0.146333,51.543258],[-0.146337,51.543256],[-0.146391,51.543216],[-0.146413,51.543199],[-0.146459,51.543165],[-0.146532,51.54311],[-0.146566,51.543084],[-0.146578,51.543075],[-0.146591,51.543064],[-0.146605,51.543054],[-0.146609,51.54305],[-0.146624,51.543039],[-0.146627,51.543037],[-0.146664,51.543008],[-0.146671,51.543002],[-0.146683,51.542993],[-0.14682,51.542887],[-0.146854,51.54286],[-0.146904,51.542821],[-0.146914,51.542814],[-0.146927,51.542804],[-0.146934,51.542799],[-0.146943,51.542791],[-0.146985,51.542759],[-0.146998,51.542748],[-0.147043,51.542714],[-0.147095,51.542673],[-0.147133,51.542644],[-0.147272,51.542536],[-0.147315,51.542502],[-0.147325,51.542506],[-0.147388,51.542529],[-0.147451,51.542551],[-0.147473,51.542558],[-0.147537,51.542578],[-0.147643,51.542612],[-0.147692,51.542627],[-0.147877,51.542686],[-0.147907,51.542695],[-0.147975,51.542716],[-0.148222,51.542771],[-0.148234,51.542774],[-0.148264,51.54278],[-0.148409,51.542809],[-0.148419,51.542811],[-0.148495,51.542827],[-0.148898,51.542908],[-0.14898,51.542924],[-0.148991,51.542927],[-0.149002,51.542929],[-0.149149,51.542958],[-0.149305,51.54299],[-0.149316,51.542992],[-0.14938,51.543005],[-0.149415,51.543012],[-0.149524,51.543034],[-0.149696,51.543068],[-0.149732,51.543076],[-0.149783,51.543086],[-0.14979,51.543087],[-0.149832,51.543096],[-0.14987,51.543103],[-0.149944,51.543118],[-0.149956,51.543121],[-0.150004,51.54313],[-0.150028,51.543135],[-0.150084,51.543146],[-0.150318,51.543193],[-0.150468,51.543223],[-0.150476,51.543225],[-0.15048,51.543226],[-0.150507,51.543231],[-0.150556,51.54324],[-0.150609,51.54325],[-0.150651,51.543258],[-0.150655,51.543259],[-0.150672,51.543262],[-0.1507,51.543269],[-0.150731,51.543275],[-0.150784,51.543287],[-0.150789,51.543288],[-0.150794,51.54329],[-0.150854,51.543303],[-0.150861,51.543305],[-0.150871,51.543307],[-0.150973,51.543332],[-0.151041,51.543349],[-0.151047,51.54335],[-0.151124,51.543369],[-0.151159,51.543378],[-0.151196,51.543387],[-0.151254,51.543405],[-0.151312,51.543423],[-0.151333,51.543429],[-0.151412,51.543453],[-0.151554,51.543497],[-0.15174,51.543554],[-0.151756,51.543559],[-0.151817,51.54358],[-0.151919,51.543614],[-0.151948,51.543623],[-0.151984,51.543635],[-0.151991,51.543638],[-0.152141,51.543688],[-0.152176,51.543699],[-0.152184,51.543702],[-0.152201,51.543708],[-0.152228,51.543717],[-0.152361,51.543761],[-0.152441,51.543788],[-0.152657,51.54386],[-0.15268,51.543841],[-0.152694,51.543863],[-0.1527,51.543879],[-0.152706,51.543882],[-0.15272,51.543904],[-0.152717,51.543906],[-0.152711,51.543911],[-0.15269,51.543927],[-0.152617,51.543903],[-0.152579,51.543891],[-0.152573,51.543897],[-0.152209,51.544312],[-0.1522,51.544319],[-0.152134,51.544371],[-0.152137,51.544393],[-0.152049,51.544494],[-0.152025,51.544532],[-0.151988,51.544592],[-0.151965,51.544639],[-0.151959,51.544652],[-0.151925,51.544726],[-0.151921,51.544815],[-0.151929,51.544826],[-0.151923,51.544918],[-0.151697,51.544914],[-0.151606,51.544913],[-0.151582,51.544913],[-0.151563,51.544935],[-0.151422,51.545097],[-0.151419,51.545101],[-0.151385,51.54514],[-0.151136,51.545153],[-0.151048,51.545157],[-0.151029,51.545158],[-0.150884,51.545016],[-0.150862,51.544995],[-0.150744,51.544985],[-0.150683,51.54498],[-0.150667,51.544978],[-0.150359,51.544977],[-0.150305,51.544977],[-0.150181,51.54488],[-0.150159,51.544863],[-0.150114,51.544828],[-0.150162,51.544772],[-0.150134,51.544725],[-0.150143,51.54472],[-0.150123,51.544688],[-0.150007,51.544692],[-0.149546,51.54471],[-0.149531,51.544625],[-0.149521,51.544565],[-0.149322,51.544568],[-0.14926,51.544568],[-0.149262,51.544581],[-0.149242,51.544586],[-0.149247,51.544619],[-0.149256,51.544697],[-0.149271,51.544722],[-0.149275,51.544768],[-0.149281,51.544842],[-0.149289,51.544867],[-0.149293,51.544882],[-0.149316,51.544925],[-0.149337,51.544966],[-0.149371,51.545032],[-0.149387,51.545063],[-0.149482,51.545209],[-0.149551,51.545271],[-0.149548,51.545298],[-0.149547,51.545312],[-0.149546,51.545315],[-0.149431,51.545374],[-0.149427,51.545376],[-0.149336,51.545528],[-0.149274,51.54563],[-0.149421,51.545681],[-0.149425,51.545681],[-0.149539,51.545703],[-0.14955,51.545703],[-0.149637,51.545702],[-0.149649,51.545702],[-0.14982,51.545675],[-0.149827,51.545674],[-0.14981,51.545959],[-0.149754,51.545966],[-0.14971,51.545966],[-0.149688,51.545966],[-0.149644,51.545971],[-0.149587,51.545972],[-0.149574,51.545972],[-0.149566,51.545974],[-0.149555,51.545974],[-0.14954,51.545975],[-0.149492,51.545977],[-0.149485,51.545977],[-0.149461,51.545978],[-0.14938,51.545981],[-0.149238,51.545985],[-0.149133,51.545989],[-0.149086,51.545996],[-0.148923,51.546],[-0.148888,51.545997],[-0.148776,51.546001],[-0.148723,51.546003],[-0.148714,51.546006],[-0.148658,51.546008],[-0.148657,51.546005],[-0.148563,51.54601],[-0.148516,51.546013],[-0.148445,51.546017],[-0.148295,51.546026],[-0.148237,51.546043],[-0.147984,51.546084],[-0.147951,51.546089],[-0.147945,51.54609],[-0.14793,51.546093],[-0.147759,51.546136],[-0.147703,51.546149],[-0.147565,51.546187],[-0.147562,51.546184],[-0.147541,51.546189],[-0.147443,51.54622],[-0.147432,51.546223],[-0.147357,51.546244],[-0.14732,51.546254],[-0.147207,51.546279],[-0.146868,51.546354],[-0.146751,51.546375],[-0.146659,51.546391],[-0.146617,51.546238],[-0.146605,51.546194],[-0.146603,51.546186]]]}},{"type":"Feature","properties":{"LSOA21CD":"E01000905","LSOA21NM":"Camden 012D","MEAN_PTAL_":"5","mean_AI":21.3317149172,"borough":"Camden"},"geometry":{"type":"Polygon","coordinates":[[[-0.151947,51.547682],[-0.15184,51.54753],[-0.151785,51.547449],[-0.151609,51.547185],[-0.151573,51.547186],[-0.151552,51.547157],[-0.151587,51.547155],[-0.151545,51.547096],[-0.151539,51.547093],[-0.151539,51.547088],[-0.151361,51.54684],[-0.151158,51.546557],[-0.151145,51.546558],[-0.151127,51.546532],[-0.15112,51.546523],[-0.150897,51.546569],[-0.150716,51.546577],[-0.150712,51.546496],[-0.150732,51.546471],[-0.150742,51.546413],[-0.15074,51.546411],[-0.15072,51.546382],[-0.150702,51.546372],[-0.150448,51.546294],[-0.150438,51.546294],[-0.150431,51.546289],[-0.150396,51.546273],[-0.150461,51.546206],[-0.150473,51.546198],[-0.150506,51.546156],[-0.150549,51.546102],[-0.150543,51.546098],[-0.150457,51.546037],[-0.150403,51.545959],[-0.150399,51.54595],[-0.150353,51.545951],[-0.150274,51.545953],[-0.150116,51.545956],[-0.150086,51.545957],[-0.150043,51.545958],[-0.14993,51.545962],[-0.149852,51.545965],[-0.149825,51.545962],[-0.14981,51.545959],[-0.149827,51.545674],[-0.14982,51.545675],[-0.149649,51.545702],[-0.149637,51.545702],[-0.14955,51.545703],[-0.149539,51.545703],[-0.149425,51.545681],[-0.149421,51.545681],[-0.149274,51.54563],[-0.149336,51.545528],[-0.149427,51.545376],[-0.149431,51.545374],[-0.149546,51.545315],[-0.149547,51.545312],[-0.149548,51.545298],[-0.149551,51.545271],[-0.149482,51.545209],[-0.149387,51.545063],[-0.149371,51.545032],[-0.149337,51.544966],[-0.149316,51.544925],[-0.149293,51.544882],[-0.149289,51.544867],[-0.149281,51.544842],[-0.149275,51.544768],[-0.149271,51.544722],[-0.149256,51.544697],[-0.149247,51.544619],[-0.149242,51.544586],[-0.149262,51.544581],[-0.14926,51.544568],[-0.149322,51.544568],[-0.149521,51.544565],[-0.149531,51.544625],[-0.149546,51.54471],[-0.150007,51.544692],[-0.150123,51.544688],[-0.150143,51.54472],[-0.150134,51.544725],[-0.150162,51.544772],[-0.150114,51.544828],[-0.150159,51.544863],[-0.150181,51.54488],[-0.150305,51.544977],[-0.150359,51.544977],[-0.150667,51.544978],[-0.150683,51.54498],[-0.150744,51.544985],[-0.150862,51.544995],[-0.150884,51.545016],[-0.151029,51.545158],[-0.151048,51.545157],[-0.151136,51.545153],[-0.151385,51.54514],[-0.151419,51.545101],[-0.151422,51.545097],[-0.151563,51.544935],[-0.151582,51.544913],[-0.151606,51.544913],[-0.151697,51.544914],[-0.151923,51.544918],[-0.151929,51.544826],[-0.151921,51.544815],[-0.151925,51.544726],[-0.151959,51.544652],[-0.151965,51.544639],[-0.151988,51.544592],[-0.152025,51.544532],[-0.152049,51.544494],[-0.152137,51.544393],[-0.152134,51.544371],[-0.1522,51.544319],[-0.152209,51.544312],[-0.152573,51.543897],[-0.152579,51.543891],[-0.152617,51.543903],[-0.15269,51.543927],[-0.152721,51.543938],[-0.152735,51.543938],[-0.152905,51.544005],[-0.152922,51.544012],[-0.152948,51.544022],[-0.153081,51.544066],[-0.153119,51.544079],[-0.153275,51.544135],[-0.15337,51.544182],[-0.153422,51.544208],[-0.153497,51.544246],[-0.153629,51.544312],[-0.153955,51.544483],[-0.153922,51.544717],[-0.154108,51.544944],[-0.1541,51.544958],[-0.154025,51.545014],[-0.153702,51.545178],[-0.153526,51.545267],[-0.153582,51.5458],[-0.153586,51.545837],[-0.153755,51.545833],[-0.154244,51.545813],[-0.154448,51.545805],[-0.154797,51.545791],[-0.154867,51.545788],[-0.15483,51.545864],[-0.15482,51.545886],[-0.154678,51.546181],[-0.154659,51.546229],[-0.154602,51.546372],[-0.154504,51.54662],[-0.154538,51.546623],[-0.154512,51.546727],[-0.154509,51.546741],[-0.154508,51.546746],[-0.154476,51.546888],[-0.154426,51.547067],[-0.154396,51.547068],[-0.154054,51.547083],[-0.153595,51.547102],[-0.153568,51.547103],[-0.153533,51.547104],[-0.153544,51.547125],[-0.153595,51.54722],[-0.153585,51.547458],[-0.153582,51.547536],[-0.15339,51.547535],[-0.153086,51.547532],[-0.152914,51.547531],[-0.152911,51.54757],[-0.152907,51.54762],[-0.152481,51.54773],[-0.152376,51.547662],[-0.152324,51.547675],[-0.15208,51.547736],[-0.152032,51.547753],[-0.152004,51.547763],[-0.151952,51.54769],[-0.151947,51.547682]]]}},{"type":"Feature","properties":{"LSOA21CD":"E01000906","LSOA21NM":"Camden 012E","MEAN_PTAL_":"4","mean_AI":17.3255253198,"borough":"Camden"},"geometry":{"type":"Polygon","coordinates":[[[-0.158049,51.546649],[-0.157981,51.546628],[-0.15799,51.546634],[-0.157857,51.546594],[-0.157839,51.546589],[-0.157763,51.546565],[-0.157449,51.54647],[-0.157222,51.546401],[-0.15717,51.546379],[-0.157102,51.54635],[-0.15691,51.54627],[-0.156683,51.546176],[-0.156648,51.546158],[-0.156542,51.546102],[-0.156345,51.545982],[-0.156233,51.545917],[-0.156194,51.545894],[-0.156093,51.545835],[-0.156085,51.545831],[-0.155867,51.545687],[-0.155852,51.545678],[-0.155558,51.545475],[-0.155474,51.545402],[-0.155362,51.545319],[-0.155326,51.545295],[-0.15532,51.545292],[-0.155232,51.545234],[-0.155179,51.545199],[-0.154771,51.54495],[-0.154705,51.544907],[-0.154659,51.544876],[-0.15452,51.544795],[-0.15449,51.544778],[-0.15442,51.544737],[-0.154131,51.544576],[-0.154057,51.544537],[-0.154052,51.544534],[-0.153955,51.544483],[-0.153629,51.544312],[-0.153497,51.544246],[-0.153422,51.544208],[-0.15337,51.544182],[-0.153275,51.544135],[-0.153119,51.544079],[-0.153081,51.544066],[-0.152948,51.544022],[-0.152922,51.544012],[-0.152905,51.544005],[-0.152735,51.543938],[-0.152721,51.543938],[-0.15269,51.543927],[-0.152711,51.543911],[-0.152717,51.543906],[-0.15272,51.543904],[-0.152706,51.543882],[-0.1527,51.543879],[-0.152694,51.543863],[-0.15268,51.543841],[-0.152685,51.543836],[-0.152689,51.543832],[-0.152721,51.543804],[-0.15274,51.543794],[-0.15277,51.543777],[-0.152836,51.543746],[-0.152866,51.543732],[-0.15294,51.543708],[-0.153024,51.543681],[-0.15309,51.543669],[-0.15311,51.543665],[-0.153342,51.543621],[-0.153554,51.54358],[-0.153706,51.543551],[-0.153711,51.54355],[-0.15376,51.543541],[-0.153823,51.543529],[-0.15385,51.543524],[-0.154048,51.543486],[-0.154069,51.543483],[-0.154081,51.543481],[-0.154312,51.543443],[-0.154424,51.543425],[-0.154439,51.543422],[-0.154464,51.543418],[-0.154492,51.543411],[-0.154599,51.543384],[-0.154621,51.543379],[-0.154652,51.543371],[-0.15472,51.543349],[-0.154736,51.543338],[-0.154752,51.543328],[-0.154839,51.54327],[-0.154916,51.543219],[-0.154944,51.543162],[-0.154966,51.543119],[-0.155069,51.542915],[-0.155136,51.542781],[-0.155143,51.542767],[-0.155157,51.542736],[-0.155244,51.542748],[-0.155405,51.54277],[-0.155792,51.542824],[-0.155863,51.542833],[-0.155921,51.542841],[-0.155979,51.542849],[-0.156049,51.542859],[-0.156084,51.542864],[-0.156159,51.542867],[-0.156166,51.542867],[-0.156207,51.542868],[-0.156446,51.542877],[-0.156451,51.542876],[-0.156495,51.542867],[-0.156526,51.542933],[-0.156553,51.542934],[-0.15663,51.542937],[-0.15676,51.542941],[-0.156816,51.542943],[-0.156816,51.542971],[-0.156831,51.542971],[-0.157128,51.542968],[-0.157174,51.542968],[-0.157197,51.542968],[-0.157291,51.542967],[-0.157394,51.542965],[-0.157452,51.542964],[-0.157479,51.542963],[-0.15756,51.542961],[-0.157643,51.54296],[-0.15765,51.542959],[-0.157662,51.542959],[-0.157707,51.542958],[-0.157717,51.542958],[-0.157847,51.542955],[-0.157856,51.542955],[-0.15787,51.542955],[-0.157876,51.542955],[-0.157913,51.542954],[-0.158036,51.54295],[-0.158068,51.542948],[-0.15808,51.542948],[-0.15822,51.542943],[-0.158357,51.542938],[-0.158372,51.542938],[-0.158494,51.542933],[-0.158501,51.542933],[-0.158616,51.542929],[-0.158638,51.542928],[-0.158653,51.542927],[-0.158749,51.542922],[-0.158943,51.542912],[-0.158951,51.542911],[-0.159077,51.542905],[-0.159089,51.542904],[-0.159188,51.542899],[-0.159404,51.542887],[-0.159497,51.542882],[-0.159502,51.542882],[-0.159569,51.542876],[-0.159643,51.542869],[-0.159796,51.542855],[-0.1598,51.542854],[-0.159912,51.542844],[-0.159926,51.542843],[-0.160081,51.542829],[-0.160206,51.542817],[-0.160208,51.542838],[-0.160214,51.542914],[-0.160228,51.543105],[-0.160229,51.543122],[-0.160249,51.543405],[-0.160274,51.543746],[-0.160276,51.543783],[-0.160277,51.543791],[-0.160223,51.543793],[-0.160122,51.543796],[-0.159975,51.5438],[-0.159559,51.543813],[-0.159548,51.543814],[-0.159543,51.543814],[-0.159544,51.543822],[-0.159548,51.543888],[-0.159565,51.544156],[-0.159566,51.544162],[-0.159593,51.544181],[-0.159617,51.544198],[-0.15976,51.544298],[-0.159794,51.544322],[-0.159839,51.544353],[-0.160054,51.544503],[-0.160079,51.544521],[-0.16009,51.544528],[-0.160188,51.544597],[-0.160212,51.544614],[-0.160241,51.544634],[-0.160291,51.544669],[-0.160463,51.54479],[-0.160534,51.544839],[-0.160539,51.544843],[-0.160577,51.544869],[-0.160584,51.544874],[-0.16039,51.54501],[-0.160385,51.545013],[-0.160371,51.545023],[-0.160342,51.545043],[-0.160163,51.545168],[-0.160087,51.545221],[-0.160073,51.545231],[-0.159959,51.545311],[-0.159907,51.545348],[-0.159847,51.54539],[-0.159821,51.545408],[-0.15979,51.54543],[-0.159714,51.545483],[-0.15958,51.545577],[-0.159535,51.545609],[-0.159476,51.545649],[-0.159453,51.545666],[-0.15941,51.545696],[-0.159342,51.545744],[-0.159335,51.545749],[-0.159248,51.545809],[-0.159198,51.545844],[-0.159188,51.545852],[-0.159181,51.545857],[-0.159165,51.545867],[-0.159124,51.545896],[-0.159083,51.545925],[-0.15902,51.545969],[-0.159004,51.54598],[-0.159,51.545983],[-0.158935,51.546029],[-0.158897,51.546055],[-0.158849,51.546089],[-0.158825,51.546105],[-0.15881,51.546116],[-0.158739,51.546166],[-0.158695,51.546196],[-0.15868,51.546207],[-0.158671,51.546214],[-0.158644,51.546232],[-0.158611,51.546255],[-0.158593,51.546268],[-0.15855,51.546298],[-0.158439,51.546376],[-0.158434,51.54638],[-0.158427,51.546384],[-0.158295,51.546477],[-0.158069,51.546635],[-0.158049,51.546649]]]}},{"type":"Feature","properties":{"LSOA21CD":"E01000909","LSOA21NM":"Camden 001C","MEAN_PTAL_":"2","mean_AI":7.72992942106,"borough":"Camden"},"geometry":{"type":"Polygon","coordinates":[[[-0.149456,51.564682],[-0.149448,51.564666],[-0.149394,51.564674],[-0.149384,51.564676],[-0.14938,51.564665],[-0.149362,51.564622],[-0.149355,51.564605],[-0.149283,51.564431],[-0.149274,51.564409],[-0.14927,51.564401],[-0.149254,51.564361],[-0.149233,51.564311],[-0.149214,51.564267],[-0.149206,51.564246],[-0.149177,51.564177],[-0.149162,51.564139],[-0.149148,51.564106],[-0.149133,51.564061],[-0.149119,51.564018],[-0.149118,51.564015],[-0.149117,51.564012],[-0.149091,51.563931],[-0.149071,51.563871],[-0.149049,51.56381],[-0.149045,51.563799],[-0.148446,51.563897],[-0.148431,51.5639],[-0.148335,51.563916],[-0.148225,51.563934],[-0.14825,51.563831],[-0.148266,51.563824],[-0.148426,51.563762],[-0.148389,51.563675],[-0.148349,51.563581],[-0.148343,51.563569],[-0.148319,51.563513],[-0.148294,51.563454],[-0.148285,51.563455],[-0.148208,51.56347],[-0.148216,51.563463],[-0.148227,51.563451],[-0.148337,51.563329],[-0.148341,51.563321],[-0.148345,51.563314],[-0.148367,51.563143],[-0.148358,51.563131],[-0.148287,51.563029],[-0.1483,51.563022],[-0.148369,51.562979],[-0.14845,51.562966],[-0.148703,51.562923],[-0.148935,51.562884],[-0.148959,51.56288],[-0.148968,51.562863],[-0.149009,51.562857],[-0.149003,51.5628],[-0.149,51.562777],[-0.149,51.562773],[-0.149004,51.56273],[-0.149009,51.562674],[-0.149011,51.562651],[-0.149016,51.562602],[-0.149018,51.562581],[-0.149022,51.562535],[-0.149027,51.562483],[-0.149031,51.562437],[-0.149034,51.562405],[-0.149051,51.562216],[-0.149062,51.562143],[-0.149077,51.562049],[-0.149083,51.562004],[-0.149046,51.56201],[-0.149019,51.562025],[-0.148976,51.562021],[-0.148837,51.562043],[-0.148788,51.562051],[-0.148696,51.562066],[-0.148678,51.562069],[-0.148548,51.56209],[-0.148522,51.562094],[-0.148458,51.562104],[-0.148379,51.562116],[-0.148329,51.562124],[-0.148269,51.562134],[-0.148232,51.56214],[-0.14822,51.562143],[-0.148198,51.562149],[-0.148057,51.562187],[-0.148042,51.56219],[-0.147983,51.562206],[-0.147927,51.562221],[-0.147887,51.562232],[-0.147802,51.562255],[-0.147789,51.562258],[-0.147663,51.562292],[-0.147618,51.562303],[-0.147578,51.562314],[-0.147573,51.562315],[-0.147453,51.562347],[-0.147371,51.562369],[-0.147358,51.56236],[-0.147351,51.562364],[-0.147298,51.562395],[-0.147232,51.562472],[-0.147229,51.562476],[-0.147218,51.562443],[-0.146788,51.562407],[-0.146767,51.562396],[-0.146763,51.562394],[-0.146572,51.56243],[-0.146565,51.562432],[-0.14648,51.56246],[-0.146354,51.562474],[-0.146343,51.562475],[-0.146237,51.562565],[-0.146227,51.562573],[-0.146043,51.562593],[-0.146033,51.562594],[-0.145988,51.562625],[-0.145984,51.562628],[-0.145865,51.562644],[-0.145838,51.562648],[-0.145717,51.562671],[-0.145708,51.562673],[-0.145631,51.562676],[-0.145619,51.562676],[-0.145412,51.562799],[-0.145408,51.562801],[-0.145321,51.562817],[-0.145312,51.562819],[-0.145161,51.56296],[-0.145154,51.562966],[-0.145032,51.562992],[-0.144878,51.562921],[-0.144333,51.562909],[-0.144325,51.562909],[-0.144317,51.562889],[-0.144316,51.562885],[-0.14432,51.562876],[-0.14435,51.562811],[-0.144358,51.562801],[-0.144444,51.562701],[-0.144503,51.562657],[-0.144534,51.562642],[-0.14461,51.562606],[-0.14465,51.562587],[-0.14466,51.562585],[-0.144694,51.562579],[-0.144778,51.56256],[-0.144958,51.562521],[-0.145019,51.562507],[-0.145045,51.562502],[-0.14508,51.562494],[-0.145514,51.562399],[-0.145611,51.562377],[-0.145539,51.562325],[-0.145535,51.562322],[-0.145248,51.562113],[-0.145117,51.562018],[-0.145109,51.562012],[-0.14513,51.562093],[-0.14477,51.562221],[-0.14476,51.562224],[-0.144582,51.562182],[-0.144482,51.562047],[-0.14448,51.562044],[-0.144323,51.561975],[-0.144245,51.561793],[-0.144251,51.561789],[-0.144476,51.561618],[-0.144436,51.561519],[-0.144431,51.561515],[-0.144203,51.561347],[-0.144124,51.561288],[-0.1441,51.56127],[-0.144091,51.561264],[-0.144056,51.561238],[-0.144203,51.561168],[-0.144218,51.561145],[-0.14369,51.560604],[-0.143695,51.560596],[-0.143698,51.560592],[-0.143702,51.560584],[-0.143749,51.56055],[-0.143891,51.560482],[-0.143921,51.560466],[-0.143955,51.560453],[-0.143968,51.560451],[-0.144015,51.560446],[-0.1441,51.560432],[-0.144235,51.560407],[-0.144273,51.560399],[-0.144293,51.560401],[-0.144311,51.560404],[-0.144447,51.560427],[-0.144477,51.560434],[-0.144481,51.560435],[-0.144517,51.56044],[-0.144574,51.560448],[-0.144586,51.56045],[-0.144591,51.56045],[-0.14462,51.560452],[-0.144648,51.560454],[-0.144776,51.560481],[-0.144804,51.560486],[-0.144819,51.56049],[-0.144829,51.56049],[-0.144919,51.560492],[-0.145003,51.560504],[-0.145051,51.560504],[-0.145058,51.560504],[-0.145164,51.560494],[-0.145169,51.560492],[-0.145206,51.560479],[-0.145218,51.560475],[-0.145367,51.56039],[-0.145388,51.560377],[-0.14538,51.560369],[-0.145388,51.560365],[-0.145867,51.560163],[-0.145872,51.560161],[-0.145944,51.560131],[-0.146014,51.560102],[-0.146038,51.560091],[-0.146507,51.559894],[-0.146638,51.559838],[-0.146905,51.559726],[-0.14695,51.559709],[-0.147094,51.559656],[-0.147146,51.559626],[-0.147153,51.559623],[-0.147194,51.559621],[-0.147233,51.55962],[-0.147361,51.559565],[-0.147367,51.559564],[-0.147402,51.559549],[-0.147452,51.559521],[-0.147498,51.559502],[-0.147525,51.559487],[-0.147546,51.559479],[-0.147583,51.559459],[-0.147628,51.559444],[-0.147649,51.559432],[-0.147714,51.559407],[-0.147758,51.559396],[-0.147809,51.559371],[-0.147835,51.559366],[-0.147891,51.559349],[-0.147949,51.559322],[-0.147979,51.559307],[-0.147995,51.559295],[-0.148054,51.559279],[-0.148059,51.559278],[-0.148095,51.559261],[-0.148123,51.559253],[-0.148186,51.559222],[-0.148252,51.559201],[-0.148308,51.559191],[-0.148333,51.559188],[-0.148347,51.559216],[-0.148395,51.559458],[-0.14841,51.559486],[-0.148416,51.559498],[-0.14849,51.559638],[-0.1488,51.559732],[-0.148799,51.559736],[-0.14872,51.559955],[-0.14862,51.560236],[-0.149192,51.560283],[-0.149844,51.560007],[-0.149903,51.56008],[-0.150282,51.560689],[-0.150347,51.560869],[-0.150344,51.56088],[-0.150329,51.560941],[-0.150419,51.56108],[-0.150492,51.561195],[-0.150594,51.561229],[-0.150616,51.561237],[-0.150605,51.561204],[-0.150594,51.56117],[-0.150604,51.56117],[-0.150653,51.561172],[-0.150665,51.561172],[-0.150792,51.561176],[-0.151142,51.561188],[-0.151484,51.561165],[-0.151515,51.561163],[-0.151666,51.561153],[-0.151671,51.561153],[-0.152619,51.56109],[-0.152674,51.561086],[-0.152683,51.561085],[-0.15314,51.561046],[-0.154007,51.560972],[-0.154468,51.560997],[-0.155222,51.561261],[-0.155926,51.561677],[-0.156019,51.561776],[-0.155045,51.561995],[-0.155025,51.561997],[-0.15398,51.562123],[-0.153968,51.562125],[-0.153445,51.562002],[-0.153429,51.561998],[-0.153057,51.562016],[-0.153045,51.562016],[-0.152627,51.562092],[-0.152626,51.562096],[-0.152624,51.562225],[-0.152734,51.562502],[-0.152881,51.562643],[-0.153072,51.562712],[-0.153072,51.562765],[-0.153072,51.56277],[-0.15301,51.562872],[-0.15293,51.563004],[-0.152789,51.563238],[-0.152691,51.563275],[-0.152683,51.563324],[-0.152642,51.563335],[-0.152554,51.563359],[-0.152458,51.563232],[-0.151927,51.563329],[-0.151902,51.563333],[-0.151753,51.563361],[-0.151743,51.563363],[-0.151636,51.563382],[-0.151704,51.563542],[-0.151756,51.563663],[-0.151795,51.563752],[-0.151798,51.563761],[-0.151815,51.563799],[-0.151816,51.563803],[-0.151866,51.563794],[-0.15209,51.563934],[-0.152103,51.563948],[-0.152108,51.563954],[-0.152145,51.56402],[-0.152146,51.564028],[-0.152177,51.564175],[-0.152321,51.564196],[-0.152413,51.564183],[-0.152749,51.564132],[-0.152744,51.564155],[-0.152728,51.564187],[-0.152725,51.564192],[-0.15279,51.564277],[-0.152812,51.564306],[-0.152826,51.564344],[-0.152838,51.564412],[-0.15283,51.564483],[-0.152798,51.564572],[-0.152788,51.564587],[-0.152687,51.5646],[-0.152395,51.564635],[-0.152348,51.564648],[-0.152333,51.564654],[-0.15231,51.564664],[-0.152303,51.564665],[-0.152278,51.564673],[-0.152261,51.564679],[-0.15221,51.56469],[-0.152201,51.564692],[-0.152119,51.564702],[-0.152115,51.564703],[-0.152065,51.564715],[-0.152051,51.564718],[-0.151951,51.564729],[-0.151937,51.564731],[-0.151867,51.564746],[-0.151854,51.564748],[-0.151818,51.564752],[-0.151804,51.564754],[-0.151798,51.564756],[-0.151746,51.564761],[-0.151723,51.564763],[-0.151718,51.564764],[-0.151709,51.564766],[-0.151689,51.564772],[-0.15168,51.564775],[-0.151612,51.564789],[-0.151606,51.56479],[-0.151432,51.564808],[-0.151423,51.564809],[-0.151404,51.564811],[-0.151391,51.564814],[-0.151336,51.564822],[-0.151303,51.564828],[-0.151296,51.56483],[-0.151276,51.564832],[-0.151254,51.564834],[-0.151154,51.564857],[-0.151134,51.564859],[-0.151106,51.564863],[-0.151083,51.564867],[-0.151044,51.564876],[-0.151023,51.56488],[-0.150958,51.564886],[-0.150953,51.564886],[-0.1509,51.564887],[-0.150876,51.564887],[-0.150835,51.564893],[-0.150831,51.564894],[-0.150751,51.564912],[-0.150696,51.564917],[-0.150686,51.564919],[-0.150589,51.56494],[-0.150528,51.564947],[-0.150524,51.564948],[-0.15047,51.564959],[-0.150451,51.564962],[-0.150414,51.565035],[-0.150413,51.565038],[-0.150402,51.565119],[-0.150401,51.565123],[-0.150432,51.565225],[-0.150434,51.565234],[-0.150568,51.5654],[-0.150573,51.565406],[-0.150603,51.565414],[-0.15032,51.56546],[-0.149911,51.565547],[-0.149903,51.565532],[-0.149886,51.5655],[-0.149855,51.565443],[-0.149821,51.565383],[-0.149787,51.565319],[-0.149741,51.565236],[-0.149721,51.565198],[-0.149695,51.565151],[-0.14962,51.565014],[-0.149612,51.565],[-0.149589,51.564958],[-0.149547,51.56487],[-0.149491,51.564755],[-0.149463,51.564696],[-0.149456,51.564682]]]}},{"type":"Feature","properties":{"LSOA21CD":"E01000912","LSOA21NM":"Camden 001D","MEAN_PTAL_":"2","mean_AI":6.57074487295,"borough":"Camden"},"geometry":{"type":"Polygon","coordinates":[[[-0.156837,51.565917],[-0.156809,51.56589],[-0.156798,51.565893],[-0.156794,51.565889],[-0.156798,51.565884],[-0.156753,51.565862],[-0.15672,51.56584],[-0.156705,51.565831],[-0.156711,51.565825],[-0.156669,51.565789],[-0.156515,51.565669],[-0.156442,51.565622],[-0.156155,51.565434],[-0.156147,51.565428],[-0.155953,51.565301],[-0.155869,51.565228],[-0.155866,51.565222],[-0.155829,51.565155],[-0.15583,51.565128],[-0.155832,51.565074],[-0.155848,51.565038],[-0.155956,51.56486],[-0.156018,51.564753],[-0.15605,51.564691],[-0.15605,51.564683],[-0.156052,51.564628],[-0.156032,51.564403],[-0.155994,51.564276],[-0.155938,51.564195],[-0.155913,51.564158],[-0.15572,51.563912],[-0.155584,51.563775],[-0.155402,51.563593],[-0.155323,51.563474],[-0.155293,51.563429],[-0.155265,51.563402],[-0.155139,51.56331],[-0.155097,51.56329],[-0.15522,51.563085],[-0.15539,51.562801],[-0.155792,51.56251],[-0.155925,51.562414],[-0.156164,51.562229],[-0.156178,51.562213],[-0.1563,51.562078],[-0.156019,51.561776],[-0.155926,51.561677],[-0.155222,51.561261],[-0.154468,51.560997],[-0.154007,51.560972],[-0.15314,51.561046],[-0.152683,51.561085],[-0.152674,51.561086],[-0.152619,51.56109],[-0.151671,51.561153],[-0.151666,51.561153],[-0.151515,51.561163],[-0.151484,51.561165],[-0.151142,51.561188],[-0.150792,51.561176],[-0.150665,51.561172],[-0.150653,51.561172],[-0.150604,51.56117],[-0.150594,51.56117],[-0.150605,51.561204],[-0.150616,51.561237],[-0.150594,51.561229],[-0.150492,51.561195],[-0.150419,51.56108],[-0.150329,51.560941],[-0.150344,51.56088],[-0.150347,51.560869],[-0.150282,51.560689],[-0.149903,51.56008],[-0.149844,51.560007],[-0.149429,51.559491],[-0.149257,51.559277],[-0.149243,51.55926],[-0.149215,51.559227],[-0.149188,51.559197],[-0.149147,51.559155],[-0.148956,51.558967],[-0.148952,51.558963],[-0.148908,51.55892],[-0.148883,51.558895],[-0.148857,51.558872],[-0.148777,51.558802],[-0.148756,51.558783],[-0.148716,51.558748],[-0.14844,51.558492],[-0.148409,51.558466],[-0.148224,51.558545],[-0.14819,51.55856],[-0.148163,51.558564],[-0.148132,51.558568],[-0.148118,51.558559],[-0.148033,51.558522],[-0.147986,51.558479],[-0.147824,51.55833],[-0.147796,51.558302],[-0.147785,51.558293],[-0.148074,51.558197],[-0.148016,51.558141],[-0.147983,51.558113],[-0.147957,51.55809],[-0.147817,51.557962],[-0.147807,51.557953],[-0.147768,51.557917],[-0.147685,51.557842],[-0.147679,51.557836],[-0.147648,51.557804],[-0.147643,51.557805],[-0.14763,51.557787],[-0.14762,51.557777],[-0.147609,51.557765],[-0.147568,51.557724],[-0.147535,51.557689],[-0.14753,51.557684],[-0.147506,51.557659],[-0.147387,51.557536],[-0.14737,51.557518],[-0.147311,51.557458],[-0.147295,51.557441],[-0.147249,51.557393],[-0.147145,51.557285],[-0.147132,51.557267],[-0.147096,51.557235],[-0.147072,51.557213],[-0.147039,51.557184],[-0.147055,51.557179],[-0.147046,51.557078],[-0.147045,51.557067],[-0.14704,51.557062],[-0.147015,51.557033],[-0.14746,51.556688],[-0.147465,51.556684],[-0.147476,51.556673],[-0.147653,51.556647],[-0.147673,51.556644],[-0.147687,51.556639],[-0.147701,51.556634],[-0.147714,51.556629],[-0.147836,51.556622],[-0.147856,51.556618],[-0.147916,51.556607],[-0.147936,51.5566],[-0.148012,51.556575],[-0.148083,51.556551],[-0.14819,51.556381],[-0.148203,51.556345],[-0.148211,51.556323],[-0.148218,51.556284],[-0.14823,51.556222],[-0.148225,51.556173],[-0.148182,51.556173],[-0.148125,51.556203],[-0.147852,51.55647],[-0.147722,51.556574],[-0.147719,51.556577],[-0.147685,51.556398],[-0.147297,51.556355],[-0.14729,51.556358],[-0.147246,51.556378],[-0.147239,51.556382],[-0.147226,51.556381],[-0.147119,51.556384],[-0.147114,51.556384],[-0.147089,51.556385],[-0.147023,51.556411],[-0.147004,51.556417],[-0.147,51.556421],[-0.146516,51.556615],[-0.146509,51.556618],[-0.146529,51.556639],[-0.146568,51.556679],[-0.146633,51.556746],[-0.146625,51.556749],[-0.146557,51.556775],[-0.146549,51.556778],[-0.14652,51.556789],[-0.146179,51.556919],[-0.145976,51.557003],[-0.14597,51.557006],[-0.145951,51.556963],[-0.145788,51.556983],[-0.14578,51.556984],[-0.145734,51.55697],[-0.145592,51.556925],[-0.145461,51.556836],[-0.145415,51.556793],[-0.145387,51.556759],[-0.145361,51.55671],[-0.145353,51.556683],[-0.14535,51.556663],[-0.145268,51.556608],[-0.145136,51.556499],[-0.144946,51.556341],[-0.144924,51.556249],[-0.144917,51.556218],[-0.145078,51.556164],[-0.145082,51.556162],[-0.145245,51.556107],[-0.145332,51.556077],[-0.145355,51.55607],[-0.145464,51.556033],[-0.145469,51.556031],[-0.145478,51.556028],[-0.14558,51.555993],[-0.14559,51.55599],[-0.145794,51.555921],[-0.145785,51.555912],[-0.145674,51.555803],[-0.14554,51.555672],[-0.145491,51.555624],[-0.14539,51.555525],[-0.145282,51.555419],[-0.145275,51.555412],[-0.145242,51.55538],[-0.145158,51.555297],[-0.145154,51.555293],[-0.145143,51.555282],[-0.145095,51.555235],[-0.145088,51.555224],[-0.145011,51.555107],[-0.144987,51.55507],[-0.144979,51.555059],[-0.144974,51.555051],[-0.14496,51.555029],[-0.144936,51.554992],[-0.144928,51.554981],[-0.144894,51.554929],[-0.144873,51.554897],[-0.144871,51.554894],[-0.144811,51.554802],[-0.144745,51.554702],[-0.144734,51.554685],[-0.144689,51.554616],[-0.144672,51.55459],[-0.144643,51.554545],[-0.144637,51.554536],[-0.144563,51.554424],[-0.144561,51.554421],[-0.144568,51.554418],[-0.144582,51.554412],[-0.144594,51.554408],[-0.144798,51.554322],[-0.144851,51.5543],[-0.144861,51.554295],[-0.14488,51.554287],[-0.145075,51.554219],[-0.145093,51.554213],[-0.145148,51.55419],[-0.145315,51.554121],[-0.145322,51.554118],[-0.145456,51.554062],[-0.145485,51.55405],[-0.145509,51.55404],[-0.145521,51.554042],[-0.145589,51.554049],[-0.145747,51.554264],[-0.145748,51.55427],[-0.145753,51.554342],[-0.145754,51.554349],[-0.145764,51.554367],[-0.145798,51.554428],[-0.145806,51.554443],[-0.14583,51.554483],[-0.145979,51.554436],[-0.146019,51.554424],[-0.146148,51.554444],[-0.146169,51.554447],[-0.146173,51.554448],[-0.146234,51.554457],[-0.146246,51.554459],[-0.146449,51.55449],[-0.146998,51.554575],[-0.147007,51.554576],[-0.147055,51.554478],[-0.147229,51.554125],[-0.147364,51.553935],[-0.147382,51.55391],[-0.147393,51.553898],[-0.14744,51.553849],[-0.147535,51.553749],[-0.147609,51.553671],[-0.147893,51.553428],[-0.148125,51.553298],[-0.148226,51.553241],[-0.148248,51.553271],[-0.14837,51.55342],[-0.148402,51.553455],[-0.148407,51.55346],[-0.148515,51.553573],[-0.14857,51.55363],[-0.148575,51.553636],[-0.148643,51.553707],[-0.148719,51.553779],[-0.148745,51.553803],[-0.148752,51.55381],[-0.14876,51.553817],[-0.148768,51.553824],[-0.148774,51.553829],[-0.148796,51.553848],[-0.148834,51.55388],[-0.148915,51.55395],[-0.148929,51.553962],[-0.148933,51.553965],[-0.148958,51.553987],[-0.148967,51.553994],[-0.148979,51.554005],[-0.149016,51.554036],[-0.149036,51.554052],[-0.149236,51.554205],[-0.149243,51.554211],[-0.149273,51.554233],[-0.149318,51.554268],[-0.14933,51.554277],[-0.149357,51.554298],[-0.149394,51.554326],[-0.149401,51.554331],[-0.149424,51.554349],[-0.149448,51.554366],[-0.149521,51.554416],[-0.149577,51.554455],[-0.149602,51.554472],[-0.149809,51.554614],[-0.149978,51.554721],[-0.150009,51.554741],[-0.150074,51.554778],[-0.150152,51.554822],[-0.150187,51.554842],[-0.150216,51.554858],[-0.150253,51.554879],[-0.150271,51.55489],[-0.150328,51.554923],[-0.150336,51.554927],[-0.150343,51.554931],[-0.150406,51.554964],[-0.150417,51.554969],[-0.150461,51.554992],[-0.150617,51.555073],[-0.150731,51.555128],[-0.150842,51.555182],[-0.150849,51.555185],[-0.15094,51.555225],[-0.151118,51.555303],[-0.151128,51.555308],[-0.151185,51.555333],[-0.15139,51.555406],[-0.151501,51.555446],[-0.151784,51.555552],[-0.152028,51.555631],[-0.152051,51.555638],[-0.152112,51.555658],[-0.152332,51.555728],[-0.152482,51.555765],[-0.152512,51.555773],[-0.152564,51.555786],[-0.152618,51.555799],[-0.152709,51.555825],[-0.152867,51.55587],[-0.152923,51.555886],[-0.152967,51.555898],[-0.152982,51.555901],[-0.153007,51.555907],[-0.15305,51.555916],[-0.153106,51.555928],[-0.153182,51.555944],[-0.153334,51.555977],[-0.153409,51.555993],[-0.153486,51.556006],[-0.153722,51.556046],[-0.153763,51.556053],[-0.153802,51.556059],[-0.15394,51.556086],[-0.153948,51.556087],[-0.153971,51.556091],[-0.154059,51.556108],[-0.154099,51.556116],[-0.154179,51.556131],[-0.154223,51.556139],[-0.154232,51.556141],[-0.154255,51.556144],[-0.154293,51.556148],[-0.154326,51.556152],[-0.154427,51.556163],[-0.154437,51.556164],[-0.15451,51.556173],[-0.154623,51.556182],[-0.154734,51.556191],[-0.15475,51.556192],[-0.154814,51.556198],[-0.154847,51.556201],[-0.154918,51.556208],[-0.154932,51.556209],[-0.155155,51.55623],[-0.155177,51.556232],[-0.155285,51.556235],[-0.155409,51.556239],[-0.155483,51.556241],[-0.155629,51.556245],[-0.15589,51.556252],[-0.155925,51.556253],[-0.155982,51.556253],[-0.156081,51.556253],[-0.156229,51.556253],[-0.156374,51.556253],[-0.156473,51.556248],[-0.156712,51.556238],[-0.156758,51.556236],[-0.156971,51.556226],[-0.157026,51.556224],[-0.157114,51.556217],[-0.15713,51.556216],[-0.157183,51.556212],[-0.157315,51.556203],[-0.157402,51.556196],[-0.157543,51.556186],[-0.157585,51.556183],[-0.157784,51.556169],[-0.157829,51.556165],[-0.157912,51.556159],[-0.158021,51.556151],[-0.15811,51.556145],[-0.158218,51.556137],[-0.15829,51.556132],[-0.158376,51.556126],[-0.158534,51.556114],[-0.158587,51.55611],[-0.158595,51.55611],[-0.1586,51.556144],[-0.158625,51.556297],[-0.158787,51.556317],[-0.158923,51.556316],[-0.159043,51.556316],[-0.159051,51.556318],[-0.159113,51.556337],[-0.159117,51.556341],[-0.159172,51.556401],[-0.159263,51.556499],[-0.159367,51.556612],[-0.159375,51.556621],[-0.159484,51.556746],[-0.159599,51.556879],[-0.159614,51.556896],[-0.159674,51.556966],[-0.159729,51.557029],[-0.159776,51.557083],[-0.159842,51.557159],[-0.159859,51.557179],[-0.159871,51.557192],[-0.159929,51.55726],[-0.159957,51.557292],[-0.16004,51.557388],[-0.160049,51.557399],[-0.160124,51.557486],[-0.160188,51.55756],[-0.160201,51.557576],[-0.160215,51.557595],[-0.160296,51.557705],[-0.160298,51.557707],[-0.160374,51.55779],[-0.160416,51.557829],[-0.160445,51.557857],[-0.160461,51.557869],[-0.160552,51.557942],[-0.16059,51.557977],[-0.160614,51.557998],[-0.160626,51.55801],[-0.160751,51.558123],[-0.160806,51.558173],[-0.16087,51.558231],[-0.160938,51.558294],[-0.161007,51.558386],[-0.161021,51.558405],[-0.161081,51.558486],[-0.161094,51.558502],[-0.161209,51.558633],[-0.161332,51.558775],[-0.161347,51.558787],[-0.161377,51.558809],[-0.161438,51.558845],[-0.161504,51.558875],[-0.16151,51.558877],[-0.161562,51.558894],[-0.16159,51.558902],[-0.161676,51.558919],[-0.162031,51.558916],[-0.162107,51.558915],[-0.162178,51.55894],[-0.162225,51.558971],[-0.16224,51.558981],[-0.162243,51.558983],[-0.162321,51.559076],[-0.16238,51.559145],[-0.162481,51.559265],[-0.162589,51.559393],[-0.16264,51.559453],[-0.16277,51.559585],[-0.162794,51.559614],[-0.162837,51.559665],[-0.162864,51.559745],[-0.162918,51.559909],[-0.162957,51.560025],[-0.16304,51.560326],[-0.163073,51.560391],[-0.163192,51.560628],[-0.163249,51.560688],[-0.163253,51.560692],[-0.163281,51.560714],[-0.163402,51.560782],[-0.163479,51.560825],[-0.163632,51.560894],[-0.163718,51.560933],[-0.163758,51.560947],[-0.163821,51.56097],[-0.163934,51.561026],[-0.164001,51.561073],[-0.164008,51.561079],[-0.164077,51.561137],[-0.164321,51.561366],[-0.164343,51.561399],[-0.16436,51.561438],[-0.164365,51.561472],[-0.164366,51.561475],[-0.164361,51.561498],[-0.164353,51.561545],[-0.164282,51.5617],[-0.164274,51.561741],[-0.164278,51.561788],[-0.164297,51.561833],[-0.164375,51.56193],[-0.164554,51.562068],[-0.164617,51.562116],[-0.164731,51.562194],[-0.164981,51.562367],[-0.165123,51.562464],[-0.165276,51.562562],[-0.165332,51.562596],[-0.165367,51.562613],[-0.165574,51.562716],[-0.165578,51.562719],[-0.165671,51.56278],[-0.165734,51.562839],[-0.165912,51.56306],[-0.162437,51.564726],[-0.162223,51.56484],[-0.159945,51.566051],[-0.158645,51.566618],[-0.158613,51.566632],[-0.158574,51.566661],[-0.158368,51.566813],[-0.15833,51.566786],[-0.158317,51.566777],[-0.158191,51.566694],[-0.158149,51.566666],[-0.15813,51.566657],[-0.157668,51.566425],[-0.157569,51.566369],[-0.157527,51.566342],[-0.157485,51.566305],[-0.15736,51.566195],[-0.157289,51.566149],[-0.157049,51.56602],[-0.156837,51.565917]]]}},{"type":"Feature","properties":{"LSOA21CD":"E01000915","LSOA21NM":"Camden 027A","MEAN_PTAL_":"6b","mean_AI":42.1473546686,"borough":"Camden"},"geometry":{"type":"Polygon","coordinates":[[[-0.11905,51.522863],[-0.119032,51.522833],[-0.119021,51.522833],[-0.118931,51.522663],[-0.118817,51.522472],[-0.118827,51.522466],[-0.118785,51.522389],[-0.118769,51.522391],[-0.118753,51.522364],[-0.11877,51.522359],[-0.118768,51.522355],[-0.118795,51.522347],[-0.118826,51.522337],[-0.118828,51.52234],[-0.119077,51.52226],[-0.119163,51.522233],[-0.11924,51.522208],[-0.119334,51.522178],[-0.119394,51.522158],[-0.119392,51.522155],[-0.119296,51.522026],[-0.119249,51.521998],[-0.119234,51.521998],[-0.119221,51.521998],[-0.119204,51.522012],[-0.119192,51.522021],[-0.119173,51.522026],[-0.119137,51.522035],[-0.119059,51.522053],[-0.119053,51.522054],[-0.11903,51.522055],[-0.119005,51.522055],[-0.119,51.522051],[-0.118938,51.521993],[-0.118937,51.521985],[-0.118931,51.521932],[-0.118928,51.521898],[-0.118933,51.521888],[-0.118947,51.521853],[-0.118944,51.521845],[-0.118925,51.521772],[-0.118923,51.521763],[-0.118904,51.521735],[-0.1189,51.521729],[-0.118874,51.52169],[-0.118867,51.521684],[-0.118841,51.521663],[-0.118819,51.521646],[-0.118811,51.521641],[-0.118765,51.521618],[-0.118756,51.521597],[-0.118755,51.521593],[-0.11873,51.521559],[-0.118725,51.521553],[-0.118721,51.521547],[-0.118693,51.521523],[-0.118692,51.521517],[-0.11869,51.521515],[-0.118666,51.521478],[-0.118646,51.521402],[-0.118654,51.521396],[-0.118673,51.521382],[-0.11869,51.521374],[-0.118724,51.521346],[-0.11873,51.521343],[-0.118785,51.521316],[-0.118933,51.521243],[-0.118908,51.521197],[-0.118873,51.521133],[-0.118849,51.521089],[-0.118815,51.521097],[-0.118746,51.521114],[-0.11873,51.521117],[-0.118648,51.521137],[-0.118643,51.521139],[-0.118632,51.521141],[-0.118581,51.521154],[-0.118543,51.521163],[-0.118502,51.521173],[-0.11847,51.52118],[-0.118461,51.521183],[-0.118378,51.521179],[-0.118378,51.521203],[-0.118372,51.521204],[-0.118252,51.521233],[-0.118223,51.52124],[-0.118201,51.521245],[-0.118179,51.521249],[-0.118136,51.521248],[-0.11813,51.521259],[-0.118127,51.521264],[-0.118125,51.521267],[-0.118121,51.521275],[-0.118133,51.521311],[-0.118161,51.521362],[-0.118175,51.521387],[-0.118187,51.521408],[-0.118218,51.521466],[-0.118237,51.5215],[-0.118244,51.521514],[-0.118246,51.521517],[-0.118267,51.521556],[-0.118305,51.521612],[-0.118311,51.52162],[-0.118325,51.521635],[-0.118339,51.521652],[-0.118363,51.521679],[-0.118369,51.521683],[-0.11837,51.521686],[-0.118382,51.521726],[-0.118385,51.521737],[-0.118142,51.521788],[-0.118108,51.521766],[-0.118129,51.521816],[-0.118158,51.521884],[-0.118166,51.521903],[-0.118036,51.52193],[-0.118002,51.521937],[-0.117806,51.521975],[-0.117736,51.521989],[-0.117668,51.522002],[-0.117588,51.522018],[-0.117292,51.522077],[-0.117229,51.522093],[-0.117225,51.52209],[-0.117193,51.522096],[-0.117188,51.522099],[-0.117144,51.522025],[-0.117139,51.522016],[-0.117032,51.521834],[-0.117009,51.521796],[-0.117003,51.521796],[-0.116762,51.521835],[-0.116762,51.521829],[-0.11676,51.521775],[-0.116757,51.521728],[-0.116792,51.521674],[-0.116725,51.5216],[-0.116713,51.521589],[-0.116557,51.521449],[-0.116549,51.521442],[-0.116537,51.521431],[-0.116386,51.521387],[-0.11636,51.52139],[-0.11623,51.521404],[-0.116169,51.521345],[-0.116125,51.521303],[-0.116121,51.521298],[-0.116059,51.521238],[-0.115725,51.520916],[-0.115772,51.520904],[-0.116009,51.520849],[-0.116133,51.520821],[-0.116427,51.520753],[-0.11647,51.52074],[-0.116514,51.520727],[-0.116604,51.520889],[-0.116616,51.520887],[-0.116647,51.520882],[-0.116667,51.520822],[-0.116943,51.520863],[-0.116975,51.520868],[-0.117208,51.520903],[-0.11704,51.520565],[-0.117071,51.520557],[-0.11735,51.520486],[-0.117356,51.520484],[-0.117551,51.520435],[-0.117637,51.520413],[-0.117646,51.52041],[-0.11775,51.520383],[-0.117762,51.52038],[-0.117803,51.520369],[-0.118028,51.520309],[-0.118118,51.520286],[-0.11845,51.520195],[-0.118585,51.520158],[-0.118614,51.52015],[-0.118654,51.520211],[-0.118791,51.520417],[-0.119017,51.520758],[-0.118977,51.520688],[-0.119052,51.520666],[-0.11936,51.520574],[-0.119655,51.520487],[-0.119669,51.520483],[-0.119832,51.520435],[-0.119799,51.520391],[-0.119816,51.520388],[-0.119833,51.520384],[-0.120133,51.520328],[-0.120114,51.520298],[-0.120039,51.520184],[-0.120251,51.520113],[-0.120406,51.52006],[-0.120417,51.520057],[-0.120481,51.520035],[-0.120462,51.520005],[-0.120421,51.519941],[-0.120774,51.519822],[-0.120978,51.519754],[-0.121045,51.519832],[-0.121071,51.519862],[-0.121093,51.519888],[-0.121195,51.520006],[-0.12123,51.520048],[-0.121373,51.520214],[-0.121337,51.520226],[-0.121156,51.520287],[-0.121059,51.520205],[-0.120886,51.520264],[-0.120874,51.520269],[-0.120869,51.52027],[-0.12078,51.520301],[-0.120795,51.520318],[-0.120797,51.520321],[-0.120776,51.520331],[-0.120937,51.520496],[-0.121005,51.520567],[-0.121151,51.520719],[-0.121245,51.520816],[-0.121264,51.52083],[-0.12127,51.520834],[-0.121315,51.520882],[-0.121409,51.52098],[-0.121405,51.520981],[-0.121419,51.520995],[-0.121531,51.521127],[-0.121586,51.521192],[-0.121597,51.521205],[-0.121606,51.521214],[-0.121631,51.521241],[-0.121738,51.521357],[-0.12174,51.521359],[-0.121749,51.521369],[-0.121738,51.521373],[-0.121164,51.521568],[-0.121126,51.521581],[-0.120916,51.521652],[-0.120857,51.521669],[-0.120876,51.521689],[-0.120976,51.521796],[-0.120902,51.521905],[-0.120866,51.521994],[-0.120838,51.522227],[-0.120917,51.522325],[-0.12092,51.522329],[-0.120439,51.522687],[-0.120768,51.523226],[-0.120611,51.523263],[-0.119781,51.523456],[-0.119641,51.523489],[-0.119598,51.523499],[-0.119327,51.523562],[-0.119308,51.523566],[-0.119303,51.523553],[-0.119269,51.523478],[-0.119256,51.523451],[-0.119318,51.523335],[-0.119184,51.523099],[-0.11914,51.523023],[-0.119087,51.522928],[-0.11905,51.522863]]]}},{"type":"Feature","properties":{"LSOA21CD":"E01000922","LSOA21NM":"Camden 007E","MEAN_PTAL_":"5","mean_AI":22.7197522013,"borough":"Camden"},"geometry":{"type":"Polygon","coordinates":[[[-0.144221,51.551138],[-0.143091,51.550892],[-0.143023,51.550908],[-0.142968,51.55092],[-0.142641,51.550975],[-0.142286,51.551034],[-0.142075,51.551255],[-0.142028,51.551303],[-0.141971,51.551286],[-0.141505,51.551137],[-0.141162,51.551028],[-0.140702,51.550881],[-0.14069,51.550877],[-0.140829,51.550872],[-0.140834,51.550869],[-0.140909,51.550824],[-0.140991,51.550776],[-0.141079,51.550741],[-0.141108,51.550733],[-0.141326,51.550696],[-0.141216,51.550573],[-0.141232,51.550546],[-0.141244,51.550433],[-0.141246,51.550419],[-0.141314,51.550324],[-0.141319,51.550318],[-0.14106,51.550267],[-0.141154,51.550145],[-0.141146,51.550115],[-0.141226,51.550053],[-0.141261,51.550025],[-0.141359,51.549945],[-0.141393,51.549918],[-0.141463,51.549898],[-0.14142,51.549845],[-0.141157,51.549523],[-0.141163,51.549501],[-0.141181,51.54948],[-0.141179,51.549476],[-0.141161,51.549443],[-0.141303,51.549252],[-0.141309,51.549243],[-0.14109,51.549197],[-0.140984,51.549175],[-0.140985,51.549157],[-0.140998,51.549101],[-0.141017,51.549022],[-0.141017,51.549019],[-0.141016,51.549016],[-0.141013,51.549012],[-0.14101,51.549006],[-0.140975,51.548943],[-0.140804,51.549151],[-0.140813,51.549203],[-0.140858,51.549265],[-0.140893,51.549313],[-0.140945,51.549337],[-0.140942,51.549359],[-0.14092,51.549478],[-0.140918,51.549488],[-0.140907,51.549487],[-0.14075,51.549479],[-0.140612,51.549519],[-0.140596,51.549522],[-0.140532,51.549517],[-0.140388,51.549499],[-0.14036,51.549633],[-0.140245,51.549622],[-0.140149,51.549615],[-0.140142,51.549615],[-0.14,51.549605],[-0.139846,51.549595],[-0.13981,51.549593],[-0.139577,51.549577],[-0.139503,51.549572],[-0.139482,51.54957],[-0.139278,51.549557],[-0.139238,51.549554],[-0.139063,51.549542],[-0.138972,51.549536],[-0.138893,51.549531],[-0.138714,51.549519],[-0.138504,51.549504],[-0.138507,51.549492],[-0.138508,51.549487],[-0.138578,51.549119],[-0.138584,51.54908],[-0.138577,51.549079],[-0.138544,51.549089],[-0.138521,51.549095],[-0.138287,51.549075],[-0.138277,51.549075],[-0.138186,51.549065],[-0.138173,51.549066],[-0.13816,51.549066],[-0.138031,51.549053],[-0.137875,51.549056],[-0.137752,51.549069],[-0.137645,51.549093],[-0.137501,51.549138],[-0.1374,51.549169],[-0.137296,51.549082],[-0.137122,51.549031],[-0.136822,51.548942],[-0.136656,51.548882],[-0.136645,51.548877],[-0.136575,51.548839],[-0.136479,51.548873],[-0.136382,51.548895],[-0.136205,51.548923],[-0.136124,51.548931],[-0.136091,51.548931],[-0.136015,51.548925],[-0.136002,51.548925],[-0.135904,51.548918],[-0.135893,51.548917],[-0.135816,51.548914],[-0.1358,51.548912],[-0.135767,51.54891],[-0.13572,51.548912],[-0.135552,51.548895],[-0.135519,51.548889],[-0.1355,51.548888],[-0.135483,51.548888],[-0.135375,51.548881],[-0.135349,51.548877],[-0.135251,51.548873],[-0.135245,51.548872],[-0.135209,51.548866],[-0.135198,51.548866],[-0.135006,51.54877],[-0.134997,51.548769],[-0.135024,51.548619],[-0.135053,51.548453],[-0.135058,51.548425],[-0.135205,51.548435],[-0.135217,51.548436],[-0.135275,51.54844],[-0.135319,51.548443],[-0.135373,51.548447],[-0.13543,51.54845],[-0.135475,51.548453],[-0.13563,51.548463],[-0.135775,51.548473],[-0.135892,51.548481],[-0.13598,51.548487],[-0.136,51.548488],[-0.136045,51.548491],[-0.136351,51.548511],[-0.136614,51.548528],[-0.136734,51.548536],[-0.136784,51.54854],[-0.136917,51.548548],[-0.136991,51.548553],[-0.137148,51.548564],[-0.13736,51.548578],[-0.137365,51.548578],[-0.13742,51.548582],[-0.13772,51.548606],[-0.13777,51.548609],[-0.13787,51.548617],[-0.138015,51.548628],[-0.138101,51.548635],[-0.138158,51.54864],[-0.138216,51.548644],[-0.138239,51.548646],[-0.138394,51.548658],[-0.138571,51.548672],[-0.13861,51.548675],[-0.138642,51.548677],[-0.138653,51.548678],[-0.138857,51.548692],[-0.138943,51.548698],[-0.138996,51.548701],[-0.139037,51.548704],[-0.139129,51.54871],[-0.139218,51.548716],[-0.139291,51.548721],[-0.139297,51.548722],[-0.139318,51.548723],[-0.139408,51.548729],[-0.139451,51.548732],[-0.139527,51.548737],[-0.139538,51.548738],[-0.139595,51.548742],[-0.139611,51.548743],[-0.139634,51.548745],[-0.139694,51.548749],[-0.139699,51.548749],[-0.139751,51.548752],[-0.139838,51.548758],[-0.13994,51.548764],[-0.139957,51.548765],[-0.140013,51.548768],[-0.140091,51.548773],[-0.140107,51.548774],[-0.140167,51.548778],[-0.140254,51.548784],[-0.140366,51.548791],[-0.140406,51.548793],[-0.14043,51.548795],[-0.140511,51.5488],[-0.140552,51.548802],[-0.140558,51.548803],[-0.140756,51.548815],[-0.140926,51.548826],[-0.140961,51.548828],[-0.141059,51.548834],[-0.141066,51.548807],[-0.141082,51.548738],[-0.141101,51.548654],[-0.141121,51.548564],[-0.141133,51.548514],[-0.141134,51.54851],[-0.141135,51.548506],[-0.141141,51.548486],[-0.141141,51.548483],[-0.141145,51.548469],[-0.14117,51.548378],[-0.141174,51.548361],[-0.141177,51.548352],[-0.141179,51.548343],[-0.141183,51.548331],[-0.141194,51.5483],[-0.141221,51.548223],[-0.141228,51.548203],[-0.141233,51.548192],[-0.141249,51.548145],[-0.141252,51.548136],[-0.141277,51.548066],[-0.141279,51.548061],[-0.141296,51.548015],[-0.141299,51.548007],[-0.141301,51.548],[-0.141325,51.547926],[-0.141366,51.547801],[-0.141368,51.547796],[-0.141574,51.547799],[-0.141675,51.547792],[-0.141763,51.547757],[-0.141868,51.547699],[-0.141874,51.547695],[-0.142029,51.547609],[-0.142059,51.547637],[-0.142216,51.547784],[-0.142246,51.547812],[-0.142293,51.547856],[-0.142302,51.547864],[-0.142342,51.547901],[-0.142396,51.547952],[-0.142406,51.547961],[-0.142462,51.548014],[-0.142477,51.548028],[-0.142505,51.548054],[-0.142551,51.548097],[-0.142561,51.548107],[-0.142593,51.548137],[-0.142652,51.548192],[-0.142692,51.548229],[-0.142717,51.548253],[-0.142732,51.548267],[-0.142749,51.548282],[-0.14281,51.548339],[-0.142865,51.548391],[-0.142914,51.548437],[-0.142956,51.548476],[-0.142988,51.548505],[-0.143002,51.548514],[-0.143001,51.548532],[-0.142986,51.54855],[-0.142969,51.548562],[-0.143053,51.548556],[-0.143092,51.54855],[-0.143131,51.548544],[-0.143142,51.548539],[-0.143226,51.548503],[-0.14323,51.548501],[-0.143285,51.548461],[-0.143291,51.548455],[-0.143325,51.548414],[-0.143328,51.548409],[-0.143343,51.54841],[-0.14338,51.548413],[-0.143417,51.548416],[-0.14349,51.548434],[-0.14355,51.548479],[-0.143645,51.548552],[-0.143677,51.548541],[-0.143693,51.548532],[-0.14371,51.548523],[-0.14372,51.548515],[-0.143766,51.548481],[-0.143774,51.548475],[-0.143795,51.548453],[-0.143803,51.548462],[-0.143827,51.548447],[-0.143863,51.548425],[-0.14387,51.548421],[-0.143876,51.548417],[-0.143936,51.548382],[-0.143974,51.548359],[-0.143986,51.548368],[-0.144146,51.54848],[-0.144214,51.548529],[-0.144218,51.548532],[-0.144234,51.548524],[-0.144232,51.548522],[-0.144318,51.548423],[-0.144323,51.548417],[-0.144338,51.548412],[-0.144406,51.548389],[-0.144424,51.548387],[-0.144509,51.548377],[-0.144522,51.548377],[-0.144558,51.548378],[-0.144584,51.548378],[-0.144584,51.548369],[-0.144585,51.548356],[-0.144569,51.548287],[-0.144562,51.548277],[-0.144547,51.548258],[-0.144398,51.548158],[-0.144405,51.54815],[-0.144471,51.548073],[-0.144506,51.548053],[-0.144497,51.548043],[-0.144549,51.548018],[-0.144556,51.548014],[-0.144577,51.548016],[-0.144608,51.548],[-0.144624,51.547992],[-0.144631,51.547988],[-0.144728,51.547944],[-0.144814,51.547904],[-0.144926,51.547853],[-0.144953,51.547841],[-0.14495,51.547839],[-0.144947,51.547837],[-0.144935,51.547828],[-0.144914,51.547838],[-0.144842,51.547837],[-0.14473,51.547768],[-0.144723,51.54776],[-0.144701,51.547737],[-0.144662,51.547715],[-0.144658,51.547713],[-0.144656,51.547708],[-0.144654,51.547703],[-0.144648,51.547689],[-0.144622,51.547657],[-0.144602,51.54764],[-0.144597,51.547636],[-0.144593,51.547629],[-0.144581,51.547612],[-0.144541,51.547574],[-0.144528,51.547565],[-0.144523,51.54756],[-0.144516,51.54755],[-0.144493,51.54753],[-0.144492,51.547525],[-0.14449,51.547507],[-0.144488,51.547494],[-0.144473,51.54746],[-0.144438,51.547421],[-0.144288,51.547319],[-0.144444,51.547145],[-0.144472,51.54715],[-0.144547,51.54717],[-0.144623,51.5472],[-0.144648,51.547215],[-0.144727,51.547292],[-0.144765,51.54733],[-0.144804,51.547368],[-0.144843,51.547406],[-0.144857,51.547419],[-0.144909,51.547471],[-0.144922,51.547483],[-0.14499,51.54755],[-0.145015,51.547575],[-0.145083,51.547642],[-0.145117,51.547675],[-0.145127,51.547685],[-0.145155,51.547694],[-0.14517,51.547694],[-0.145209,51.547701],[-0.145284,51.547714],[-0.145305,51.547721],[-0.145341,51.547733],[-0.145384,51.547752],[-0.145614,51.547907],[-0.145651,51.547931],[-0.145931,51.54812],[-0.14595,51.548105],[-0.146006,51.548058],[-0.146091,51.548013],[-0.14617,51.547969],[-0.146345,51.547875],[-0.146346,51.547857],[-0.146346,51.547839],[-0.146347,51.547833],[-0.146347,51.547821],[-0.146311,51.54779],[-0.146256,51.547741],[-0.146199,51.547691],[-0.146166,51.547662],[-0.146138,51.547638],[-0.146077,51.547584],[-0.146036,51.547548],[-0.146013,51.547528],[-0.145983,51.547496],[-0.145944,51.547455],[-0.145939,51.547447],[-0.145903,51.547391],[-0.145901,51.547386],[-0.145878,51.54734],[-0.145876,51.547337],[-0.145849,51.547294],[-0.145846,51.547289],[-0.145836,51.547273],[-0.145837,51.547255],[-0.145786,51.547197],[-0.145781,51.547192],[-0.145683,51.547136],[-0.145627,51.54709],[-0.145558,51.547008],[-0.145501,51.546873],[-0.145581,51.546884],[-0.145825,51.546893],[-0.145834,51.546904],[-0.145841,51.546911],[-0.145857,51.546925],[-0.145883,51.546944],[-0.145888,51.546948],[-0.145924,51.546968],[-0.146044,51.54698],[-0.146325,51.547006],[-0.146514,51.547025],[-0.146607,51.547041],[-0.146734,51.547069],[-0.146783,51.547082],[-0.146796,51.547085],[-0.146817,51.547194],[-0.14682,51.547207],[-0.146832,51.547272],[-0.146848,51.547353],[-0.146858,51.547405],[-0.146863,51.547433],[-0.146867,51.547455],[-0.146869,51.547465],[-0.146872,51.547476],[-0.146878,51.547508],[-0.146886,51.547549],[-0.146928,51.547769],[-0.146951,51.547858],[-0.146957,51.547879],[-0.14696,51.547892],[-0.146964,51.547906],[-0.146985,51.547988],[-0.146987,51.547993],[-0.146995,51.548024],[-0.147044,51.548213],[-0.147071,51.548322],[-0.147112,51.548493],[-0.147116,51.54851],[-0.147124,51.548542],[-0.147147,51.548641],[-0.147149,51.548646],[-0.147149,51.548649],[-0.147184,51.548796],[-0.147185,51.548799],[-0.147186,51.548803],[-0.147208,51.548895],[-0.147243,51.549041],[-0.147294,51.549257],[-0.147338,51.54943],[-0.147346,51.54946],[-0.147375,51.549639],[-0.147383,51.549716],[-0.147385,51.549738],[-0.147387,51.549763],[-0.147388,51.549773],[-0.147389,51.54993],[-0.147389,51.549973],[-0.14739,51.550049],[-0.147387,51.550082],[-0.147384,51.550123],[-0.147375,51.550236],[-0.147376,51.550323],[-0.147377,51.550382],[-0.147378,51.550431],[-0.147378,51.550465],[-0.147379,51.550509],[-0.147381,51.550616],[-0.147381,51.550676],[-0.147382,51.550687],[-0.147387,51.55087],[-0.147387,51.550874],[-0.147387,51.550875],[-0.14739,51.550988],[-0.14739,51.550992],[-0.147394,51.551155],[-0.147397,51.551173],[-0.147397,51.551179],[-0.147398,51.551183],[-0.147407,51.551259],[-0.147407,51.551265],[-0.147408,51.551267],[-0.14741,51.551286],[-0.147411,51.551295],[-0.147418,51.551353],[-0.147419,51.551362],[-0.147422,51.551387],[-0.147423,51.551396],[-0.147424,51.551406],[-0.147425,51.551413],[-0.147435,51.551506],[-0.147437,51.551515],[-0.147438,51.551525],[-0.147442,51.551547],[-0.147442,51.55155],[-0.147446,51.551578],[-0.147447,51.55158],[-0.147449,51.551593],[-0.147455,51.551634],[-0.147462,51.551674],[-0.147463,51.551678],[-0.147468,51.551701],[-0.147477,51.551738],[-0.147488,51.551784],[-0.14749,51.551794],[-0.147492,51.551803],[-0.147499,51.551829],[-0.14752,51.551904],[-0.147309,51.551889],[-0.146722,51.551844],[-0.14582,51.551811],[-0.145179,51.551491],[-0.145027,51.551415],[-0.144932,51.551382],[-0.144227,51.55114],[-0.144221,51.551138]]]}},{"type":"Feature","properties":{"LSOA21CD":"E01000923","LSOA21NM":"Camden 003D","MEAN_PTAL_":"5","mean_AI":21.4580478901,"borough":"Camden"},"geometry":{"type":"Polygon","coordinates":[[[-0.137617,51.554304],[-0.137316,51.554015],[-0.137313,51.554012],[-0.137335,51.553969],[-0.137319,51.553963],[-0.137314,51.553961],[-0.137326,51.55395],[-0.137383,51.553902],[-0.137402,51.553902],[-0.137419,51.553886],[-0.137402,51.553884],[-0.137106,51.553878],[-0.13698,51.553828],[-0.137027,51.55372],[-0.13703,51.55365],[-0.136961,51.553565],[-0.136994,51.553537],[-0.13706,51.553482],[-0.137067,51.55347],[-0.136997,51.553324],[-0.137007,51.553253],[-0.13695,51.553242],[-0.136878,51.553235],[-0.136737,51.553221],[-0.136698,51.553217],[-0.13654,51.553202],[-0.136515,51.553199],[-0.136484,51.553196],[-0.136478,51.553196],[-0.136473,51.553195],[-0.13633,51.553181],[-0.136235,51.553172],[-0.136215,51.55317],[-0.13606,51.553155],[-0.136019,51.553151],[-0.13598,51.553147],[-0.135673,51.553117],[-0.135621,51.553113],[-0.135588,51.553109],[-0.135642,51.552913],[-0.135672,51.552803],[-0.135694,51.552721],[-0.135709,51.552668],[-0.13574,51.552554],[-0.135845,51.552097],[-0.135855,51.552042],[-0.135594,51.551989],[-0.135588,51.551988],[-0.135441,51.552012],[-0.135351,51.552036],[-0.135272,51.552063],[-0.135196,51.551887],[-0.135191,51.551843],[-0.135194,51.551835],[-0.135206,51.551791],[-0.13521,51.551786],[-0.135235,51.551747],[-0.135239,51.551764],[-0.135891,51.551826],[-0.135914,51.551828],[-0.136049,51.551833],[-0.136839,51.551861],[-0.13685,51.551861],[-0.136853,51.55183],[-0.136853,51.551825],[-0.136855,51.551821],[-0.136871,51.551822],[-0.13696,51.551828],[-0.137369,51.551856],[-0.137801,51.551885],[-0.137804,51.551887],[-0.137815,51.551894],[-0.137786,51.552075],[-0.137737,51.552377],[-0.137728,51.55243],[-0.137681,51.55272],[-0.137679,51.552731],[-0.137674,51.552756],[-0.137686,51.552758],[-0.138091,51.552805],[-0.138098,51.552768],[-0.138099,51.55276],[-0.138135,51.552744],[-0.138151,51.552646],[-0.138189,51.552581],[-0.138251,51.552528],[-0.138288,51.552498],[-0.138378,51.552442],[-0.138384,51.552439],[-0.138466,51.552411],[-0.138374,51.55233],[-0.138344,51.552295],[-0.138314,51.552269],[-0.138263,51.552192],[-0.138244,51.552128],[-0.138243,51.552125],[-0.138242,51.55212],[-0.138282,51.552017],[-0.13834,51.551951],[-0.138348,51.551942],[-0.138327,51.55192],[-0.138339,51.551788],[-0.13836,51.551738],[-0.138434,51.551656],[-0.138453,51.55164],[-0.13847,51.551627],[-0.138596,51.551556],[-0.138595,51.551551],[-0.138601,51.551448],[-0.138612,51.551397],[-0.138616,51.55139],[-0.138549,51.551271],[-0.138524,51.551226],[-0.138493,51.551215],[-0.13847,51.551206],[-0.13835,51.551178],[-0.138346,51.551177],[-0.137944,51.551175],[-0.137992,51.550909],[-0.138002,51.550854],[-0.138074,51.550855],[-0.138166,51.550857],[-0.138193,51.550857],[-0.138313,51.550859],[-0.138411,51.550861],[-0.138426,51.550861],[-0.138501,51.550862],[-0.13855,51.550863],[-0.138618,51.550864],[-0.138626,51.550864],[-0.138671,51.550865],[-0.138795,51.550867],[-0.138838,51.550867],[-0.13889,51.550868],[-0.139274,51.55087],[-0.13966,51.550873],[-0.139876,51.550875],[-0.140102,51.550876],[-0.140163,51.550876],[-0.140164,51.550879],[-0.140216,51.551049],[-0.14018,51.551105],[-0.140213,51.551155],[-0.140216,51.55116],[-0.140216,51.551167],[-0.140215,51.551175],[-0.140209,51.551178],[-0.140161,51.551208],[-0.140152,51.551224],[-0.140118,51.551284],[-0.140114,51.55129],[-0.14012,51.551346],[-0.140224,51.551432],[-0.140256,51.551459],[-0.140259,51.551462],[-0.140269,51.551466],[-0.140279,51.551475],[-0.140306,51.551498],[-0.140452,51.551509],[-0.140489,51.551573],[-0.140503,51.551578],[-0.140527,51.551585],[-0.140738,51.551652],[-0.140773,51.551708],[-0.140739,51.551767],[-0.140548,51.551808],[-0.14054,51.55181],[-0.140531,51.551881],[-0.14057,51.551901],[-0.140705,51.55195],[-0.140718,51.551965],[-0.140722,51.55197],[-0.140733,51.552009],[-0.1407,51.552127],[-0.140697,51.552132],[-0.140696,51.552148],[-0.140696,51.552152],[-0.140603,51.552146],[-0.14056,51.552143],[-0.140492,51.552138],[-0.14046,51.552138],[-0.140451,51.552138],[-0.140436,51.552141],[-0.140429,51.552174],[-0.140455,51.552175],[-0.140467,51.552236],[-0.14048,51.552298],[-0.140482,51.552307],[-0.140552,51.552334],[-0.140571,51.552341],[-0.140571,51.552391],[-0.140574,51.552397],[-0.140594,51.552425],[-0.140591,51.552441],[-0.140579,51.552454],[-0.140575,51.552462],[-0.140562,51.552491],[-0.140561,51.552526],[-0.140561,51.552533],[-0.140568,51.55255],[-0.140561,51.552581],[-0.140574,51.552619],[-0.140575,51.552622],[-0.14061,51.552666],[-0.140642,51.55267],[-0.140722,51.552723],[-0.140767,51.552754],[-0.140941,51.552823],[-0.140979,51.5528],[-0.140977,51.55282],[-0.140966,51.55292],[-0.140959,51.552978],[-0.140955,51.553001],[-0.140874,51.552991],[-0.140812,51.552983],[-0.140657,51.552964],[-0.140591,51.552963],[-0.140535,51.552963],[-0.140439,51.552982],[-0.140413,51.553029],[-0.140408,51.553038],[-0.140354,51.553137],[-0.140319,51.553202],[-0.140297,51.553242],[-0.140276,51.553279],[-0.140235,51.553354],[-0.140213,51.553353],[-0.140122,51.553352],[-0.14012,51.553355],[-0.140079,51.553467],[-0.140069,51.553492],[-0.140048,51.553548],[-0.140011,51.553648],[-0.139985,51.553718],[-0.139945,51.553825],[-0.139911,51.553915],[-0.139834,51.554012],[-0.139793,51.554063],[-0.139761,51.554104],[-0.139717,51.554093],[-0.139706,51.554096],[-0.139691,51.554099],[-0.139672,51.554072],[-0.139654,51.554045],[-0.139647,51.554031],[-0.13963,51.55409],[-0.1396,51.554108],[-0.139556,51.554134],[-0.139469,51.554133],[-0.139197,51.554093],[-0.13917,51.554088],[-0.139182,51.554105],[-0.138966,51.554081],[-0.138851,51.554068],[-0.13878,51.55406],[-0.138766,51.554059],[-0.138728,51.554055],[-0.138701,51.554088],[-0.138537,51.554166],[-0.138512,51.554182],[-0.138499,51.554192],[-0.1385,51.554199],[-0.138505,51.554251],[-0.138504,51.554259],[-0.138398,51.5543],[-0.138054,51.554434],[-0.138035,51.554433],[-0.137994,51.554426],[-0.1379,51.554405],[-0.137844,51.554389],[-0.137833,51.554384],[-0.13772,51.554326],[-0.137709,51.554319],[-0.137617,51.554304]]]}},{"type":"Feature","properties":{"LSOA21CD":"E01000925","LSOA21NM":"Camden 009D","MEAN_PTAL_":"5","mean_AI":20.8128914668,"borough":"Camden"},"geometry":{"type":"Polygon","coordinates":[[[-0.13787,51.55147],[-0.137844,51.551428],[-0.137807,51.551434],[-0.137364,51.551513],[-0.13707,51.551347],[-0.137043,51.551332],[-0.136978,51.55133],[-0.136936,51.551333],[-0.136817,51.551246],[-0.136568,51.551136],[-0.136543,51.551125],[-0.136027,51.551203],[-0.135909,51.551261],[-0.135904,51.551254],[-0.135813,51.551138],[-0.135767,51.551057],[-0.135689,51.551],[-0.135642,51.55099],[-0.135406,51.550941],[-0.135373,51.550934],[-0.135357,51.550931],[-0.135417,51.550889],[-0.135528,51.550807],[-0.135553,51.550788],[-0.135356,51.550783],[-0.134775,51.550767],[-0.13476,51.550767],[-0.134762,51.550726],[-0.134763,51.550704],[-0.134778,51.550324],[-0.134782,51.550232],[-0.134782,51.550227],[-0.134787,51.550123],[-0.134789,51.550066],[-0.134794,51.549957],[-0.134794,51.54994],[-0.1348,51.549911],[-0.134795,51.549912],[-0.134548,51.549955],[-0.134375,51.549889],[-0.13437,51.549886],[-0.134252,51.549815],[-0.134014,51.549843],[-0.13394,51.549851],[-0.133903,51.549856],[-0.133868,51.549848],[-0.133768,51.549827],[-0.133761,51.549826],[-0.133699,51.549813],[-0.13366,51.549805],[-0.133599,51.549785],[-0.133575,51.549777],[-0.133546,51.549767],[-0.133505,51.549731],[-0.133463,51.549694],[-0.133462,51.549691],[-0.13345,51.549658],[-0.133377,51.549622],[-0.133166,51.549344],[-0.133104,51.549263],[-0.133066,51.549212],[-0.132896,51.548989],[-0.132886,51.548975],[-0.132806,51.54889],[-0.132597,51.548673],[-0.132616,51.548664],[-0.132831,51.54864],[-0.133357,51.548581],[-0.13341,51.54867],[-0.13343,51.548706],[-0.133444,51.548732],[-0.133499,51.548804],[-0.133569,51.548868],[-0.13366,51.548942],[-0.133694,51.548969],[-0.133708,51.548988],[-0.133821,51.549043],[-0.133849,51.549055],[-0.133934,51.549117],[-0.133839,51.549223],[-0.133799,51.549267],[-0.133813,51.549278],[-0.134245,51.549639],[-0.134265,51.549656],[-0.13433,51.549613],[-0.134396,51.54957],[-0.134561,51.549271],[-0.13465,51.549227],[-0.134663,51.549228],[-0.13491,51.54924],[-0.134945,51.549061],[-0.134956,51.549003],[-0.134957,51.548996],[-0.134957,51.548993],[-0.134997,51.548769],[-0.135006,51.54877],[-0.135198,51.548866],[-0.135209,51.548866],[-0.135245,51.548872],[-0.135251,51.548873],[-0.135349,51.548877],[-0.135375,51.548881],[-0.135483,51.548888],[-0.1355,51.548888],[-0.135519,51.548889],[-0.135552,51.548895],[-0.13572,51.548912],[-0.135767,51.54891],[-0.1358,51.548912],[-0.135816,51.548914],[-0.135893,51.548917],[-0.135904,51.548918],[-0.136002,51.548925],[-0.136015,51.548925],[-0.136091,51.548931],[-0.136124,51.548931],[-0.136205,51.548923],[-0.136382,51.548895],[-0.136479,51.548873],[-0.136575,51.548839],[-0.136645,51.548877],[-0.136656,51.548882],[-0.136822,51.548942],[-0.137122,51.549031],[-0.137296,51.549082],[-0.1374,51.549169],[-0.137501,51.549138],[-0.137645,51.549093],[-0.137752,51.549069],[-0.137875,51.549056],[-0.138031,51.549053],[-0.13816,51.549066],[-0.138173,51.549066],[-0.138186,51.549065],[-0.138277,51.549075],[-0.138287,51.549075],[-0.138521,51.549095],[-0.138544,51.549089],[-0.138577,51.549079],[-0.138584,51.54908],[-0.138578,51.549119],[-0.138508,51.549487],[-0.138507,51.549492],[-0.138504,51.549504],[-0.138498,51.549504],[-0.137802,51.549454],[-0.137599,51.549439],[-0.137553,51.549436],[-0.137541,51.549435],[-0.137478,51.549873],[-0.138022,51.549759],[-0.138056,51.549769],[-0.138138,51.549795],[-0.138474,51.549923],[-0.138501,51.549939],[-0.138608,51.550012],[-0.13866,51.55002],[-0.138728,51.550032],[-0.138856,51.55004],[-0.13887,51.550041],[-0.138928,51.550047],[-0.138998,51.550058],[-0.139029,51.550061],[-0.139084,51.550065],[-0.139116,51.550067],[-0.139312,51.550094],[-0.139447,51.550196],[-0.139549,51.550343],[-0.139562,51.550362],[-0.139654,51.550495],[-0.139749,51.550539],[-0.139867,51.550593],[-0.140018,51.550635],[-0.140093,51.55065],[-0.140159,51.550865],[-0.140163,51.550876],[-0.140102,51.550876],[-0.139876,51.550875],[-0.13966,51.550873],[-0.139274,51.55087],[-0.13889,51.550868],[-0.138838,51.550867],[-0.138795,51.550867],[-0.138671,51.550865],[-0.138626,51.550864],[-0.138618,51.550864],[-0.13855,51.550863],[-0.138501,51.550862],[-0.138426,51.550861],[-0.138411,51.550861],[-0.138313,51.550859],[-0.138193,51.550857],[-0.138166,51.550857],[-0.138074,51.550855],[-0.138002,51.550854],[-0.137992,51.550909],[-0.137944,51.551175],[-0.138346,51.551177],[-0.13835,51.551178],[-0.13847,51.551206],[-0.138493,51.551215],[-0.138524,51.551226],[-0.138549,51.551271],[-0.138616,51.55139],[-0.138612,51.551397],[-0.138601,51.551448],[-0.138595,51.551551],[-0.138596,51.551556],[-0.13847,51.551627],[-0.138453,51.55164],[-0.138434,51.551656],[-0.13836,51.551738],[-0.138339,51.551788],[-0.138327,51.55192],[-0.138348,51.551942],[-0.13834,51.551951],[-0.138282,51.552017],[-0.138242,51.55212],[-0.138243,51.552125],[-0.138244,51.552128],[-0.138263,51.552192],[-0.138314,51.552269],[-0.138344,51.552295],[-0.138374,51.55233],[-0.138466,51.552411],[-0.138384,51.552439],[-0.138378,51.552442],[-0.138288,51.552498],[-0.138251,51.552528],[-0.138189,51.552581],[-0.138151,51.552646],[-0.138135,51.552744],[-0.138099,51.55276],[-0.138098,51.552768],[-0.138091,51.552805],[-0.137686,51.552758],[-0.137674,51.552756],[-0.137679,51.552731],[-0.137681,51.55272],[-0.137728,51.55243],[-0.137737,51.552377],[-0.137786,51.552075],[-0.137815,51.551894],[-0.137823,51.55185],[-0.137858,51.55166],[-0.137883,51.551519],[-0.137882,51.551502],[-0.137881,51.551499],[-0.137871,51.551473],[-0.13787,51.55147]]]}},{"type":"Feature","properties":{"LSOA21CD":"E01000927","LSOA21NM":"Camden 007F","MEAN_PTAL_":"6a","mean_AI":30.2625890337,"borough":"Camden"},"geometry":{"type":"Polygon","coordinates":[[[-0.142914,51.548437],[-0.142865,51.548391],[-0.14281,51.548339],[-0.142749,51.548282],[-0.142732,51.548267],[-0.142717,51.548253],[-0.142692,51.548229],[-0.142652,51.548192],[-0.142593,51.548137],[-0.142561,51.548107],[-0.142551,51.548097],[-0.142505,51.548054],[-0.142477,51.548028],[-0.142462,51.548014],[-0.142406,51.547961],[-0.142396,51.547952],[-0.142342,51.547901],[-0.142302,51.547864],[-0.142293,51.547856],[-0.142246,51.547812],[-0.142216,51.547784],[-0.142059,51.547637],[-0.142029,51.547609],[-0.141874,51.547695],[-0.141868,51.547699],[-0.141763,51.547757],[-0.141675,51.547792],[-0.141574,51.547799],[-0.141368,51.547796],[-0.14141,51.547669],[-0.14142,51.547639],[-0.141442,51.547572],[-0.141498,51.547401],[-0.141506,51.547377],[-0.141525,51.547318],[-0.141527,51.547313],[-0.141528,51.547309],[-0.141566,51.547193],[-0.141603,51.54708],[-0.141628,51.547007],[-0.141636,51.546982],[-0.141646,51.546951],[-0.141657,51.546917],[-0.14168,51.546849],[-0.141686,51.546828],[-0.1417,51.546787],[-0.141708,51.546762],[-0.141712,51.54674],[-0.141713,51.546736],[-0.141719,51.546699],[-0.141731,51.546636],[-0.141733,51.546622],[-0.141752,51.546516],[-0.141753,51.546508],[-0.141761,51.546464],[-0.141763,51.546436],[-0.141767,51.546389],[-0.14177,51.546352],[-0.141771,51.546339],[-0.141774,51.546293],[-0.141783,51.546175],[-0.141784,51.546171],[-0.141782,51.546151],[-0.141778,51.546085],[-0.141778,51.546074],[-0.141771,51.545967],[-0.141764,51.545947],[-0.141757,51.545926],[-0.141753,51.545916],[-0.141746,51.545896],[-0.141732,51.545856],[-0.141682,51.545713],[-0.14168,51.545707],[-0.141677,51.545697],[-0.14167,51.545673],[-0.141646,51.545587],[-0.141642,51.545576],[-0.141635,51.545552],[-0.141617,51.545488],[-0.141595,51.545412],[-0.141582,51.545367],[-0.141575,51.54534],[-0.14153,51.545176],[-0.14165,51.545181],[-0.141767,51.545186],[-0.142048,51.545197],[-0.142055,51.545197],[-0.142137,51.5452],[-0.142145,51.545201],[-0.142258,51.545205],[-0.142264,51.545206],[-0.142327,51.545208],[-0.142345,51.545209],[-0.142446,51.545213],[-0.142451,51.545213],[-0.142574,51.545218],[-0.142721,51.545224],[-0.142763,51.545226],[-0.14277,51.545226],[-0.14292,51.545232],[-0.143041,51.545237],[-0.143054,51.545237],[-0.143158,51.545241],[-0.143206,51.545243],[-0.143221,51.545244],[-0.143268,51.545246],[-0.143294,51.545247],[-0.143302,51.545247],[-0.143484,51.545255],[-0.143488,51.545255],[-0.143537,51.545257],[-0.14397,51.545274],[-0.143984,51.545274],[-0.143996,51.545275],[-0.144067,51.545277],[-0.144165,51.54528],[-0.144367,51.545287],[-0.144376,51.545287],[-0.144531,51.545292],[-0.144546,51.545293],[-0.14464,51.545296],[-0.144645,51.545296],[-0.144728,51.545299],[-0.144733,51.545299],[-0.144814,51.545301],[-0.144827,51.545302],[-0.144914,51.545304],[-0.144919,51.545305],[-0.145036,51.545308],[-0.145078,51.54531],[-0.145115,51.545311],[-0.145279,51.545316],[-0.145283,51.545316],[-0.145413,51.545321],[-0.145428,51.545321],[-0.14545,51.545324],[-0.145487,51.545329],[-0.145519,51.545333],[-0.14559,51.545342],[-0.145636,51.545348],[-0.145654,51.545351],[-0.145662,51.545352],[-0.145666,51.545352],[-0.145728,51.545361],[-0.145821,51.545373],[-0.145932,51.545393],[-0.145966,51.545399],[-0.146028,51.54541],[-0.14604,51.545412],[-0.146407,51.545478],[-0.146418,51.545517],[-0.146433,51.545572],[-0.146444,51.54561],[-0.146445,51.545616],[-0.146448,51.545625],[-0.146457,51.54566],[-0.146462,51.545677],[-0.146475,51.545723],[-0.146477,51.545732],[-0.146479,51.545739],[-0.146481,51.545747],[-0.146483,51.545753],[-0.146493,51.545788],[-0.146505,51.545832],[-0.146511,51.545854],[-0.146516,51.545874],[-0.146529,51.545919],[-0.14653,51.545924],[-0.146543,51.54597],[-0.146555,51.546014],[-0.146558,51.546026],[-0.146566,51.546052],[-0.146568,51.546059],[-0.146572,51.546074],[-0.146577,51.546094],[-0.146578,51.546097],[-0.14659,51.546142],[-0.146603,51.546186],[-0.146605,51.546194],[-0.146617,51.546238],[-0.146659,51.546391],[-0.14666,51.546396],[-0.146669,51.546427],[-0.146671,51.546437],[-0.146714,51.54666],[-0.146747,51.546832],[-0.146796,51.547085],[-0.146783,51.547082],[-0.146734,51.547069],[-0.146607,51.547041],[-0.146514,51.547025],[-0.146325,51.547006],[-0.146044,51.54698],[-0.145924,51.546968],[-0.145888,51.546948],[-0.145883,51.546944],[-0.145857,51.546925],[-0.145841,51.546911],[-0.145834,51.546904],[-0.145825,51.546893],[-0.145581,51.546884],[-0.145501,51.546873],[-0.145558,51.547008],[-0.145627,51.54709],[-0.145683,51.547136],[-0.145781,51.547192],[-0.145786,51.547197],[-0.145837,51.547255],[-0.145836,51.547273],[-0.145846,51.547289],[-0.145849,51.547294],[-0.145876,51.547337],[-0.145878,51.54734],[-0.145901,51.547386],[-0.145903,51.547391],[-0.145939,51.547447],[-0.145944,51.547455],[-0.145983,51.547496],[-0.146013,51.547528],[-0.146036,51.547548],[-0.146077,51.547584],[-0.146138,51.547638],[-0.146166,51.547662],[-0.146199,51.547691],[-0.146256,51.547741],[-0.146311,51.54779],[-0.146347,51.547821],[-0.146347,51.547833],[-0.146346,51.547839],[-0.146346,51.547857],[-0.146345,51.547875],[-0.14617,51.547969],[-0.146091,51.548013],[-0.146006,51.548058],[-0.14595,51.548105],[-0.145931,51.54812],[-0.145651,51.547931],[-0.145614,51.547907],[-0.145384,51.547752],[-0.145341,51.547733],[-0.145305,51.547721],[-0.145284,51.547714],[-0.145209,51.547701],[-0.14517,51.547694],[-0.145155,51.547694],[-0.145127,51.547685],[-0.145117,51.547675],[-0.145083,51.547642],[-0.145015,51.547575],[-0.14499,51.54755],[-0.144922,51.547483],[-0.144909,51.547471],[-0.144857,51.547419],[-0.144843,51.547406],[-0.144804,51.547368],[-0.144765,51.54733],[-0.144727,51.547292],[-0.144648,51.547215],[-0.144623,51.5472],[-0.144547,51.54717],[-0.144472,51.54715],[-0.144444,51.547145],[-0.144288,51.547319],[-0.144438,51.547421],[-0.144473,51.54746],[-0.144488,51.547494],[-0.14449,51.547507],[-0.144492,51.547525],[-0.144493,51.54753],[-0.144516,51.54755],[-0.144523,51.54756],[-0.144528,51.547565],[-0.144541,51.547574],[-0.144581,51.547612],[-0.144593,51.547629],[-0.144597,51.547636],[-0.144602,51.54764],[-0.144622,51.547657],[-0.144648,51.547689],[-0.144654,51.547703],[-0.144656,51.547708],[-0.144658,51.547713],[-0.144662,51.547715],[-0.144701,51.547737],[-0.144723,51.54776],[-0.14473,51.547768],[-0.144842,51.547837],[-0.144914,51.547838],[-0.144935,51.547828],[-0.144947,51.547837],[-0.14495,51.547839],[-0.144953,51.547841],[-0.144926,51.547853],[-0.144814,51.547904],[-0.144728,51.547944],[-0.144631,51.547988],[-0.144624,51.547992],[-0.144608,51.548],[-0.144577,51.548016],[-0.144556,51.548014],[-0.144549,51.548018],[-0.144497,51.548043],[-0.144506,51.548053],[-0.144471,51.548073],[-0.144405,51.54815],[-0.144398,51.548158],[-0.144547,51.548258],[-0.144562,51.548277],[-0.144569,51.548287],[-0.144585,51.548356],[-0.144584,51.548369],[-0.144584,51.548378],[-0.144558,51.548378],[-0.144522,51.548377],[-0.144509,51.548377],[-0.144424,51.548387],[-0.144406,51.548389],[-0.144338,51.548412],[-0.144323,51.548417],[-0.144318,51.548423],[-0.144232,51.548522],[-0.144234,51.548524],[-0.144218,51.548532],[-0.144214,51.548529],[-0.144146,51.54848],[-0.143986,51.548368],[-0.143974,51.548359],[-0.143936,51.548382],[-0.143876,51.548417],[-0.14387,51.548421],[-0.143863,51.548425],[-0.143827,51.548447],[-0.143803,51.548462],[-0.143795,51.548453],[-0.143774,51.548475],[-0.143766,51.548481],[-0.14372,51.548515],[-0.14371,51.548523],[-0.143693,51.548532],[-0.143677,51.548541],[-0.143645,51.548552],[-0.14355,51.548479],[-0.14349,51.548434],[-0.143417,51.548416],[-0.14338,51.548413],[-0.143343,51.54841],[-0.143328,51.548409],[-0.143325,51.548414],[-0.143291,51.548455],[-0.143285,51.548461],[-0.14323,51.548501],[-0.143226,51.548503],[-0.143142,51.548539],[-0.143131,51.548544],[-0.143092,51.54855],[-0.143053,51.548556],[-0.142969,51.548562],[-0.142986,51.54855],[-0.143001,51.548532],[-0.143002,51.548514],[-0.142988,51.548505],[-0.142956,51.548476],[-0.142914,51.548437]]]}},{"type":"Feature","properties":{"LSOA21CD":"E01000931","LSOA21NM":"Camden 013C","MEAN_PTAL_":"6a","mean_AI":26.3954055931,"borough":"Camden"},"geometry":{"type":"Polygon","coordinates":[[[-0.197769,51.545995],[-0.197765,51.545972],[-0.197678,51.545977],[-0.197615,51.54598],[-0.197571,51.545983],[-0.197468,51.545988],[-0.197279,51.54599],[-0.196966,51.545971],[-0.196715,51.545927],[-0.196717,51.545922],[-0.196752,51.545843],[-0.196771,51.545803],[-0.196801,51.545735],[-0.196806,51.545724],[-0.196828,51.545676],[-0.196831,51.54567],[-0.196851,51.545624],[-0.196853,51.545621],[-0.196863,51.545599],[-0.196897,51.545524],[-0.196903,51.545511],[-0.196908,51.5455],[-0.19691,51.545495],[-0.196934,51.545442],[-0.196939,51.54543],[-0.196963,51.545378],[-0.197017,51.545257],[-0.19702,51.545251],[-0.197024,51.545243],[-0.197025,51.545239],[-0.197032,51.545225],[-0.197038,51.545212],[-0.197048,51.54519],[-0.197084,51.545108],[-0.197093,51.545089],[-0.197111,51.545051],[-0.197112,51.545048],[-0.197065,51.545021],[-0.197026,51.544997],[-0.196974,51.544968],[-0.196928,51.544941],[-0.196827,51.544867],[-0.196805,51.544851],[-0.196759,51.544816],[-0.196737,51.544805],[-0.196732,51.544803],[-0.196723,51.544798],[-0.196719,51.544796],[-0.19661,51.544741],[-0.196565,51.544718],[-0.196532,51.544708],[-0.196459,51.544686],[-0.196401,51.544679],[-0.196365,51.544674],[-0.196386,51.544629],[-0.196445,51.544505],[-0.196445,51.54438],[-0.196446,51.544366],[-0.196425,51.544266],[-0.196421,51.544249],[-0.196369,51.544122],[-0.196356,51.544122],[-0.196345,51.544087],[-0.19635,51.544073],[-0.196334,51.544028],[-0.1963,51.543935],[-0.196271,51.543856],[-0.19626,51.543828],[-0.196254,51.54381],[-0.196225,51.543733],[-0.196199,51.54367],[-0.196145,51.54359],[-0.196019,51.543407],[-0.195965,51.543329],[-0.195843,51.543152],[-0.195818,51.543115],[-0.195813,51.543106],[-0.195803,51.543102],[-0.195799,51.543086],[-0.195693,51.542933],[-0.195604,51.542805],[-0.195517,51.542679],[-0.195513,51.54267],[-0.195504,51.542635],[-0.195491,51.542625],[-0.195491,51.542614],[-0.195492,51.542589],[-0.195488,51.542508],[-0.195482,51.5424],[-0.195487,51.542399],[-0.195679,51.542385],[-0.195729,51.542364],[-0.195743,51.542408],[-0.195837,51.542495],[-0.195846,51.542503],[-0.195929,51.542545],[-0.195963,51.542562],[-0.195972,51.542566],[-0.195916,51.542653],[-0.195895,51.542721],[-0.195898,51.542733],[-0.195907,51.542764],[-0.195923,51.542783],[-0.195988,51.542824],[-0.196001,51.54283],[-0.195996,51.542842],[-0.195996,51.542845],[-0.196133,51.542822],[-0.196282,51.542797],[-0.196301,51.542789],[-0.196411,51.542746],[-0.196415,51.542745],[-0.196468,51.542724],[-0.196488,51.542721],[-0.196544,51.542706],[-0.196568,51.542703],[-0.196616,51.542683],[-0.196646,51.542679],[-0.196676,51.542672],[-0.196713,51.542656],[-0.196733,51.542649],[-0.196763,51.542633],[-0.196834,51.542601],[-0.196894,51.542581],[-0.196901,51.542574],[-0.196963,51.542546],[-0.196984,51.54253],[-0.197019,51.542512],[-0.197054,51.542503],[-0.197085,51.54249],[-0.197093,51.542488],[-0.197133,51.542466],[-0.197155,51.542455],[-0.197181,51.542449],[-0.197214,51.542435],[-0.197275,51.542416],[-0.197285,51.542406],[-0.197345,51.542377],[-0.197373,51.542369],[-0.197399,51.542354],[-0.197451,51.542341],[-0.197491,51.542321],[-0.197513,51.542314],[-0.197547,51.542295],[-0.197605,51.542266],[-0.197642,51.542255],[-0.197667,51.54224],[-0.197685,51.542235],[-0.197768,51.542191],[-0.197749,51.542139],[-0.197486,51.542019],[-0.197448,51.542026],[-0.19744,51.542013],[-0.197438,51.542006],[-0.197428,51.541973],[-0.19739,51.541849],[-0.197373,51.541834],[-0.197333,51.5418],[-0.197188,51.5418],[-0.197148,51.541793],[-0.19713,51.541792],[-0.197135,51.541796],[-0.197023,51.54184],[-0.196845,51.541909],[-0.196663,51.541979],[-0.196649,51.541982],[-0.196522,51.541994],[-0.196452,51.541993],[-0.196401,51.541988],[-0.196341,51.54201],[-0.196157,51.541959],[-0.196145,51.541956],[-0.196079,51.541947],[-0.196063,51.541946],[-0.195992,51.541947],[-0.195984,51.541947],[-0.195918,51.541959],[-0.195904,51.541962],[-0.195837,51.541985],[-0.195754,51.542015],[-0.195682,51.542085],[-0.195625,51.542142],[-0.195525,51.542113],[-0.19548,51.542122],[-0.195467,51.542124],[-0.195467,51.542121],[-0.195462,51.542121],[-0.194962,51.542118],[-0.194966,51.542049],[-0.194962,51.542005],[-0.194949,51.541981],[-0.194952,51.54197],[-0.194953,51.541917],[-0.19495,51.541911],[-0.194945,51.541899],[-0.194938,51.541864],[-0.194931,51.541848],[-0.194928,51.541843],[-0.194929,51.54183],[-0.194913,51.541789],[-0.194909,51.541777],[-0.194907,51.541764],[-0.194904,51.541757],[-0.1949,51.541746],[-0.194901,51.541741],[-0.194902,51.541729],[-0.194888,51.541687],[-0.194888,51.54168],[-0.194877,51.541642],[-0.194874,51.541631],[-0.194875,51.541628],[-0.194865,51.541595],[-0.194862,51.541581],[-0.194849,51.541534],[-0.194843,51.541526],[-0.194838,51.541509],[-0.194836,51.541504],[-0.194823,51.541443],[-0.194811,51.541426],[-0.194807,51.541413],[-0.194806,51.541409],[-0.194803,51.541398],[-0.194803,51.541375],[-0.194797,51.541349],[-0.194789,51.541338],[-0.194787,51.541327],[-0.194785,51.541315],[-0.194782,51.541302],[-0.194776,51.541289],[-0.194769,51.541256],[-0.194748,51.541224],[-0.194746,51.541211],[-0.194745,51.541203],[-0.194745,51.5412],[-0.194739,51.541159],[-0.194721,51.541128],[-0.194718,51.541106],[-0.194715,51.541097],[-0.194712,51.541067],[-0.194709,51.54104],[-0.194713,51.541032],[-0.194725,51.541009],[-0.194715,51.54096],[-0.1947,51.540929],[-0.194685,51.540909],[-0.194677,51.540897],[-0.194675,51.540879],[-0.194664,51.540849],[-0.194664,51.540844],[-0.194662,51.540796],[-0.194655,51.540779],[-0.194653,51.540773],[-0.194649,51.540749],[-0.194643,51.540741],[-0.194636,51.540718],[-0.194622,51.540671],[-0.194619,51.540642],[-0.194611,51.540631],[-0.194605,51.540615],[-0.194603,51.540611],[-0.194585,51.540518],[-0.194584,51.540512],[-0.194648,51.540452],[-0.194382,51.540198],[-0.194371,51.540188],[-0.19439,51.54018],[-0.194606,51.540082],[-0.194777,51.540005],[-0.194859,51.539968],[-0.19489,51.539954],[-0.194895,51.539971],[-0.194906,51.540005],[-0.194967,51.540189],[-0.194989,51.540273],[-0.195003,51.540283],[-0.195133,51.540077],[-0.1952,51.540046],[-0.195221,51.540051],[-0.195544,51.539854],[-0.195656,51.539955],[-0.195714,51.540008],[-0.195719,51.540012],[-0.195812,51.540097],[-0.195902,51.540179],[-0.195915,51.540191],[-0.195922,51.540198],[-0.195927,51.540202],[-0.196153,51.540409],[-0.196238,51.540486],[-0.196292,51.540536],[-0.196299,51.540543],[-0.19631,51.540552],[-0.196368,51.540605],[-0.196395,51.540628],[-0.196516,51.540726],[-0.196557,51.540757],[-0.196576,51.540771],[-0.196631,51.540812],[-0.196669,51.54084],[-0.196724,51.540877],[-0.196765,51.540905],[-0.19677,51.540909],[-0.19678,51.540915],[-0.19683,51.54095],[-0.196849,51.540965],[-0.196904,51.54101],[-0.196934,51.541035],[-0.196947,51.541046],[-0.196954,51.541051],[-0.196994,51.541084],[-0.197093,51.541166],[-0.197123,51.54119],[-0.197157,51.541218],[-0.197162,51.541223],[-0.197195,51.54125],[-0.197222,51.541272],[-0.197361,51.541387],[-0.197385,51.541407],[-0.197424,51.541439],[-0.197504,51.541504],[-0.197581,51.541568],[-0.1976,51.541583],[-0.197621,51.541601],[-0.197639,51.541615],[-0.197649,51.541624],[-0.197786,51.541736],[-0.197799,51.541748],[-0.19786,51.541798],[-0.197877,51.541812],[-0.197973,51.541891],[-0.19798,51.541896],[-0.19803,51.541938],[-0.198064,51.541965],[-0.198142,51.542029],[-0.1982,51.542078],[-0.198219,51.542093],[-0.198278,51.542142],[-0.198311,51.542169],[-0.198317,51.542174],[-0.198331,51.542186],[-0.198375,51.542222],[-0.19839,51.542234],[-0.198467,51.542297],[-0.198509,51.542332],[-0.198545,51.542362],[-0.198583,51.542393],[-0.198686,51.542478],[-0.198715,51.542502],[-0.198737,51.54252],[-0.198778,51.542554],[-0.198851,51.542614],[-0.198937,51.542683],[-0.198949,51.542692],[-0.198965,51.542705],[-0.198995,51.542729],[-0.19904,51.542765],[-0.199071,51.54279],[-0.199227,51.542915],[-0.199275,51.542954],[-0.199285,51.542961],[-0.199381,51.543038],[-0.19941,51.543064],[-0.199457,51.543104],[-0.199465,51.543111],[-0.199469,51.543114],[-0.199472,51.543116],[-0.199551,51.543185],[-0.199584,51.543213],[-0.199683,51.543298],[-0.1997,51.543313],[-0.199736,51.543343],[-0.199756,51.54336],[-0.199769,51.543371],[-0.199777,51.543378],[-0.199832,51.543426],[-0.200034,51.5436],[-0.200037,51.543602],[-0.200045,51.543609],[-0.200074,51.543634],[-0.200155,51.543703],[-0.200199,51.543741],[-0.200202,51.543744],[-0.200212,51.543752],[-0.200318,51.543844],[-0.200482,51.543984],[-0.200534,51.544029],[-0.200671,51.544146],[-0.200686,51.54416],[-0.200738,51.544204],[-0.200741,51.544207],[-0.200771,51.544232],[-0.200805,51.544261],[-0.200833,51.544286],[-0.200873,51.54432],[-0.200955,51.54439],[-0.200968,51.544401],[-0.20098,51.544411],[-0.200996,51.544425],[-0.201055,51.544476],[-0.201071,51.54449],[-0.20109,51.544506],[-0.201128,51.544539],[-0.201199,51.5446],[-0.201205,51.544605],[-0.201233,51.544632],[-0.201249,51.544647],[-0.201251,51.54465],[-0.201277,51.544675],[-0.201281,51.544679],[-0.20138,51.544775],[-0.201406,51.5448],[-0.201461,51.544854],[-0.201492,51.544884],[-0.201509,51.5449],[-0.201588,51.544977],[-0.20162,51.545008],[-0.201688,51.545074],[-0.201722,51.545107],[-0.201754,51.545137],[-0.201851,51.545232],[-0.201906,51.545285],[-0.201923,51.545303],[-0.201789,51.545345],[-0.201262,51.545509],[-0.20125,51.545513],[-0.201155,51.545542],[-0.201136,51.545548],[-0.201072,51.545568],[-0.20104,51.545578],[-0.201035,51.545579],[-0.201024,51.545582],[-0.200982,51.545594],[-0.200962,51.545599],[-0.200794,51.545644],[-0.200764,51.545652],[-0.200742,51.545658],[-0.200732,51.545661],[-0.200641,51.545685],[-0.200635,51.545687],[-0.200619,51.545691],[-0.200601,51.545696],[-0.200517,51.545718],[-0.200444,51.545738],[-0.200418,51.545745],[-0.200366,51.545758],[-0.200319,51.545771],[-0.200256,51.545787],[-0.200234,51.545793],[-0.200199,51.545803],[-0.200172,51.54581],[-0.200148,51.545816],[-0.200104,51.545828],[-0.200056,51.545841],[-0.199857,51.545893],[-0.199838,51.545898],[-0.199726,51.545928],[-0.199571,51.545965],[-0.199533,51.545974],[-0.199529,51.545975],[-0.199131,51.54607],[-0.199118,51.546073],[-0.199076,51.546083],[-0.198983,51.546105],[-0.198779,51.546154],[-0.198727,51.546166],[-0.198589,51.546199],[-0.198579,51.546201],[-0.198559,51.546206],[-0.198533,51.546212],[-0.198495,51.546221],[-0.198431,51.546237],[-0.198352,51.546256],[-0.198317,51.546264],[-0.19831,51.546265],[-0.198083,51.546312],[-0.198068,51.546315],[-0.198016,51.546326],[-0.197986,51.546332],[-0.197888,51.546352],[-0.197853,51.546359],[-0.197843,51.546361],[-0.197825,51.546365],[-0.197824,51.54636],[-0.197819,51.546325],[-0.197816,51.546303],[-0.197778,51.546041],[-0.197776,51.546029],[-0.197771,51.546003],[-0.197769,51.545995]]]}},{"type":"Feature","properties":{"LSOA21CD":"E01000932","LSOA21NM":"Camden 013D","MEAN_PTAL_":"6a","mean_AI":27.8926552848,"borough":"Camden"},"geometry":{"type":"Polygon","coordinates":[[[-0.192697,51.544146],[-0.192704,51.544103],[-0.192709,51.544073],[-0.192712,51.544055],[-0.192706,51.544011],[-0.192706,51.544007],[-0.192705,51.544003],[-0.192695,51.54396],[-0.192693,51.543957],[-0.192685,51.543938],[-0.192682,51.543933],[-0.192661,51.543886],[-0.192633,51.543754],[-0.192631,51.543745],[-0.19263,51.543738],[-0.192639,51.543679],[-0.192641,51.543665],[-0.192642,51.54366],[-0.192644,51.54365],[-0.192645,51.54364],[-0.192653,51.543615],[-0.192664,51.543586],[-0.192677,51.543548],[-0.192704,51.5435],[-0.192711,51.543487],[-0.192738,51.543437],[-0.19274,51.543434],[-0.192754,51.543408],[-0.19276,51.543402],[-0.192765,51.543396],[-0.192767,51.543393],[-0.192847,51.543306],[-0.192885,51.543264],[-0.192891,51.543258],[-0.192901,51.543247],[-0.192905,51.543232],[-0.19291,51.543215],[-0.19293,51.543149],[-0.192935,51.54313],[-0.192949,51.543084],[-0.19297,51.543038],[-0.19299,51.542993],[-0.193015,51.54294],[-0.193018,51.542933],[-0.193059,51.542856],[-0.193125,51.54273],[-0.193141,51.5427],[-0.193148,51.542687],[-0.193153,51.542677],[-0.193189,51.542608],[-0.193204,51.542561],[-0.193209,51.542515],[-0.193209,51.54251],[-0.193209,51.542503],[-0.193206,51.542472],[-0.193202,51.542437],[-0.193182,51.542378],[-0.19318,51.542374],[-0.193136,51.542307],[-0.193117,51.542278],[-0.193026,51.542213],[-0.193019,51.542208],[-0.192997,51.542193],[-0.192949,51.542159],[-0.192901,51.542124],[-0.19271,51.541988],[-0.192608,51.541907],[-0.192589,51.541891],[-0.192526,51.541842],[-0.192495,51.541743],[-0.192434,51.541554],[-0.192424,51.541525],[-0.192894,51.54128],[-0.193171,51.541363],[-0.193184,51.541368],[-0.193598,51.541403],[-0.193598,51.541408],[-0.193604,51.541478],[-0.193608,51.541483],[-0.193679,51.541588],[-0.193686,51.541608],[-0.193712,51.54168],[-0.193713,51.5417],[-0.19372,51.541785],[-0.193721,51.541797],[-0.19372,51.541803],[-0.193667,51.541866],[-0.193922,51.542072],[-0.194011,51.542144],[-0.194116,51.54212],[-0.194126,51.542118],[-0.194126,51.542127],[-0.19412,51.542279],[-0.194118,51.542322],[-0.194135,51.542337],[-0.19427,51.542336],[-0.194314,51.542344],[-0.194321,51.542344],[-0.194332,51.542341],[-0.19434,51.542341],[-0.194351,51.54234],[-0.19448,51.542334],[-0.194492,51.54233],[-0.194542,51.542339],[-0.194576,51.542339],[-0.194621,51.542346],[-0.194683,51.542338],[-0.194693,51.54234],[-0.194747,51.542343],[-0.194778,51.542348],[-0.194824,51.542341],[-0.194892,51.542351],[-0.194915,51.542352],[-0.194935,51.542356],[-0.194982,51.542351],[-0.195015,51.542356],[-0.195147,51.542362],[-0.195193,51.542177],[-0.195009,51.542139],[-0.194962,51.542118],[-0.195462,51.542121],[-0.195467,51.542121],[-0.195467,51.542124],[-0.19548,51.542122],[-0.195525,51.542113],[-0.195625,51.542142],[-0.195682,51.542085],[-0.195754,51.542015],[-0.195837,51.541985],[-0.195904,51.541962],[-0.195918,51.541959],[-0.195984,51.541947],[-0.195992,51.541947],[-0.196063,51.541946],[-0.196079,51.541947],[-0.196145,51.541956],[-0.196157,51.541959],[-0.196341,51.54201],[-0.196401,51.541988],[-0.196452,51.541993],[-0.196522,51.541994],[-0.196649,51.541982],[-0.196663,51.541979],[-0.196845,51.541909],[-0.197023,51.54184],[-0.197135,51.541796],[-0.19713,51.541792],[-0.197148,51.541793],[-0.197188,51.5418],[-0.197333,51.5418],[-0.197373,51.541834],[-0.19739,51.541849],[-0.197428,51.541973],[-0.197438,51.542006],[-0.19744,51.542013],[-0.197448,51.542026],[-0.197486,51.542019],[-0.197749,51.542139],[-0.197768,51.542191],[-0.197685,51.542235],[-0.197667,51.54224],[-0.197642,51.542255],[-0.197605,51.542266],[-0.197547,51.542295],[-0.197513,51.542314],[-0.197491,51.542321],[-0.197451,51.542341],[-0.197399,51.542354],[-0.197373,51.542369],[-0.197345,51.542377],[-0.197285,51.542406],[-0.197275,51.542416],[-0.197214,51.542435],[-0.197181,51.542449],[-0.197155,51.542455],[-0.197133,51.542466],[-0.197093,51.542488],[-0.197085,51.54249],[-0.197054,51.542503],[-0.197019,51.542512],[-0.196984,51.54253],[-0.196963,51.542546],[-0.196901,51.542574],[-0.196894,51.542581],[-0.196834,51.542601],[-0.196763,51.542633],[-0.196733,51.542649],[-0.196713,51.542656],[-0.196676,51.542672],[-0.196646,51.542679],[-0.196616,51.542683],[-0.196568,51.542703],[-0.196544,51.542706],[-0.196488,51.542721],[-0.196468,51.542724],[-0.196415,51.542745],[-0.196411,51.542746],[-0.196301,51.542789],[-0.196282,51.542797],[-0.196133,51.542822],[-0.195996,51.542845],[-0.195996,51.542842],[-0.196001,51.54283],[-0.195988,51.542824],[-0.195923,51.542783],[-0.195907,51.542764],[-0.195898,51.542733],[-0.195895,51.542721],[-0.195916,51.542653],[-0.195972,51.542566],[-0.195963,51.542562],[-0.195929,51.542545],[-0.195846,51.542503],[-0.195837,51.542495],[-0.195743,51.542408],[-0.195729,51.542364],[-0.195679,51.542385],[-0.195487,51.542399],[-0.195482,51.5424],[-0.195488,51.542508],[-0.195492,51.542589],[-0.195491,51.542614],[-0.195491,51.542625],[-0.195504,51.542635],[-0.195513,51.54267],[-0.195517,51.542679],[-0.195604,51.542805],[-0.195693,51.542933],[-0.195799,51.543086],[-0.195803,51.543102],[-0.195813,51.543106],[-0.195818,51.543115],[-0.195843,51.543152],[-0.195965,51.543329],[-0.196019,51.543407],[-0.196145,51.54359],[-0.196199,51.54367],[-0.196225,51.543733],[-0.196254,51.54381],[-0.19626,51.543828],[-0.196271,51.543856],[-0.1963,51.543935],[-0.196334,51.544028],[-0.19635,51.544073],[-0.196345,51.544087],[-0.196356,51.544122],[-0.196369,51.544122],[-0.196421,51.544249],[-0.196425,51.544266],[-0.196446,51.544366],[-0.196445,51.54438],[-0.19644,51.54438],[-0.196356,51.544376],[-0.196329,51.544374],[-0.196282,51.54437],[-0.196134,51.544358],[-0.196113,51.544356],[-0.196028,51.544349],[-0.195998,51.544347],[-0.195976,51.544345],[-0.19597,51.544344],[-0.195954,51.544343],[-0.195941,51.544342],[-0.195894,51.544338],[-0.195878,51.544336],[-0.195775,51.544324],[-0.195725,51.544319],[-0.195686,51.544314],[-0.195659,51.544312],[-0.195637,51.544311],[-0.195582,51.544307],[-0.195565,51.544305],[-0.195518,51.544302],[-0.195492,51.5443],[-0.195413,51.544294],[-0.195396,51.544293],[-0.195366,51.544291],[-0.195329,51.544288],[-0.195297,51.544286],[-0.195235,51.544281],[-0.195229,51.544281],[-0.195207,51.544279],[-0.195185,51.544278],[-0.195094,51.544271],[-0.195088,51.544271],[-0.19508,51.54427],[-0.19501,51.544264],[-0.194988,51.544262],[-0.194914,51.544255],[-0.194872,51.544252],[-0.194818,51.544247],[-0.194769,51.544243],[-0.194742,51.54424],[-0.194731,51.54424],[-0.194707,51.544239],[-0.194634,51.544237],[-0.194611,51.544236],[-0.194511,51.544233],[-0.194498,51.544232],[-0.194504,51.544171],[-0.19444,51.54417],[-0.194393,51.544169],[-0.194364,51.544169],[-0.194332,51.544168],[-0.194229,51.544166],[-0.194219,51.544166],[-0.194144,51.544165],[-0.194105,51.544164],[-0.194026,51.544162],[-0.193985,51.544161],[-0.193923,51.54416],[-0.193833,51.544159],[-0.193817,51.544158],[-0.193799,51.544185],[-0.193763,51.544186],[-0.193697,51.544188],[-0.193684,51.544229],[-0.193623,51.544229],[-0.193594,51.544229],[-0.19353,51.54423],[-0.193504,51.54423],[-0.193454,51.54423],[-0.193446,51.54423],[-0.193398,51.54423],[-0.193387,51.54423],[-0.193267,51.54423],[-0.193198,51.54423],[-0.193187,51.544303],[-0.193175,51.544389],[-0.193168,51.544431],[-0.193152,51.544543],[-0.192858,51.544575],[-0.192797,51.544581],[-0.192787,51.544582],[-0.19277,51.544584],[-0.192759,51.544585],[-0.192554,51.544604],[-0.192329,51.544619],[-0.192323,51.544619],[-0.192254,51.544623],[-0.192311,51.54459],[-0.192319,51.544586],[-0.192374,51.544555],[-0.192436,51.544519],[-0.192438,51.544517],[-0.192532,51.54444],[-0.19255,51.544418],[-0.192561,51.544403],[-0.192581,51.544377],[-0.192596,51.544356],[-0.192611,51.544336],[-0.192626,51.544303],[-0.192635,51.544285],[-0.192637,51.54428],[-0.192661,51.544225],[-0.192679,51.544186],[-0.192687,51.544168],[-0.192697,51.544146]]]}},{"type":"Feature","properties":{"LSOA21CD":"E01000933","LSOA21NM":"Camden 020C","MEAN_PTAL_":"6a","mean_AI":28.7973062693,"borough":"Camden"},"geometry":{"type":"Polygon","coordinates":[[[-0.195015,51.542356],[-0.194982,51.542351],[-0.194935,51.542356],[-0.194915,51.542352],[-0.194892,51.542351],[-0.194824,51.542341],[-0.194778,51.542348],[-0.194747,51.542343],[-0.194693,51.54234],[-0.194683,51.542338],[-0.194621,51.542346],[-0.194576,51.542339],[-0.194542,51.542339],[-0.194492,51.54233],[-0.19448,51.542334],[-0.194351,51.54234],[-0.19434,51.542341],[-0.194332,51.542341],[-0.194321,51.542344],[-0.194314,51.542344],[-0.19427,51.542336],[-0.194135,51.542337],[-0.194118,51.542322],[-0.19412,51.542279],[-0.194126,51.542127],[-0.194126,51.542118],[-0.194116,51.54212],[-0.194011,51.542144],[-0.193922,51.542072],[-0.193667,51.541866],[-0.19372,51.541803],[-0.193721,51.541797],[-0.19372,51.541785],[-0.193713,51.5417],[-0.193712,51.54168],[-0.193686,51.541608],[-0.193679,51.541588],[-0.193608,51.541483],[-0.193604,51.541478],[-0.193598,51.541408],[-0.193598,51.541403],[-0.193184,51.541368],[-0.193171,51.541363],[-0.192894,51.54128],[-0.192424,51.541525],[-0.192422,51.541519],[-0.192421,51.541514],[-0.192361,51.541329],[-0.192342,51.54127],[-0.192278,51.541131],[-0.192246,51.541122],[-0.192176,51.541102],[-0.192066,51.541079],[-0.192013,51.541073],[-0.192008,51.541073],[-0.191989,51.541071],[-0.191808,51.541052],[-0.19177,51.541048],[-0.191765,51.541048],[-0.191667,51.541038],[-0.191655,51.541037],[-0.19159,51.541034],[-0.191553,51.541034],[-0.191525,51.541035],[-0.191514,51.541036],[-0.191491,51.541036],[-0.191472,51.541038],[-0.191457,51.541039],[-0.19143,51.541042],[-0.191369,51.541048],[-0.19135,51.541049],[-0.191306,51.541054],[-0.191243,51.541058],[-0.191231,51.541059],[-0.191187,51.541062],[-0.191161,51.541064],[-0.191155,51.541065],[-0.191042,51.541073],[-0.190934,51.541081],[-0.190916,51.541083],[-0.190822,51.54109],[-0.190799,51.541091],[-0.190772,51.541093],[-0.190619,51.541105],[-0.190474,51.541115],[-0.190368,51.541123],[-0.190121,51.541142],[-0.190029,51.541124],[-0.189916,51.541096],[-0.189766,51.541059],[-0.189752,51.541052],[-0.189745,51.541048],[-0.189722,51.541037],[-0.189633,51.540993],[-0.189456,51.540905],[-0.189446,51.5409],[-0.18928,51.540818],[-0.189225,51.540791],[-0.189198,51.540778],[-0.188847,51.541062],[-0.188843,51.54106],[-0.188717,51.540991],[-0.188684,51.540975],[-0.188576,51.540921],[-0.188538,51.540902],[-0.188445,51.540858],[-0.188355,51.54084],[-0.188279,51.540826],[-0.188274,51.540825],[-0.18818,51.540807],[-0.188402,51.540678],[-0.188362,51.54062],[-0.188479,51.540541],[-0.188551,51.540508],[-0.188604,51.540483],[-0.188749,51.540553],[-0.188754,51.540554],[-0.188855,51.540604],[-0.188869,51.540611],[-0.188873,51.540601],[-0.188905,51.540528],[-0.188946,51.540414],[-0.1889,51.540397],[-0.188256,51.540156],[-0.188245,51.540152],[-0.18816,51.540132],[-0.188255,51.540054],[-0.188284,51.540027],[-0.188366,51.539923],[-0.188381,51.539915],[-0.188417,51.539894],[-0.188486,51.53984],[-0.188506,51.539822],[-0.188551,51.539768],[-0.188556,51.539762],[-0.188586,51.53971],[-0.188369,51.539454],[-0.188339,51.539417],[-0.188635,51.539301],[-0.18876,51.539252],[-0.188813,51.539231],[-0.188942,51.539181],[-0.189165,51.539094],[-0.189286,51.539046],[-0.189522,51.538954],[-0.189589,51.538957],[-0.190049,51.539082],[-0.190117,51.539116],[-0.190144,51.539129],[-0.19014,51.539135],[-0.190135,51.539144],[-0.190129,51.539165],[-0.190102,51.539207],[-0.190086,51.539249],[-0.190068,51.539269],[-0.190034,51.539332],[-0.190019,51.53936],[-0.190004,51.539414],[-0.189984,51.539443],[-0.189971,51.539471],[-0.189961,51.539483],[-0.189947,51.539514],[-0.189926,51.539555],[-0.1899,51.5396],[-0.189887,51.539638],[-0.189849,51.539687],[-0.189838,51.539734],[-0.190307,51.539825],[-0.190354,51.539835],[-0.190365,51.539819],[-0.190391,51.539766],[-0.190398,51.539753],[-0.190406,51.539736],[-0.19054,51.539463],[-0.190671,51.539197],[-0.190681,51.539179],[-0.19069,51.539163],[-0.190696,51.539152],[-0.190698,51.539106],[-0.190698,51.539102],[-0.190696,51.539078],[-0.190691,51.53906],[-0.190658,51.538991],[-0.190664,51.538988],[-0.190657,51.538981],[-0.190632,51.538953],[-0.190591,51.538907],[-0.190534,51.538871],[-0.190503,51.538854],[-0.190538,51.538861],[-0.190707,51.538738],[-0.190779,51.538706],[-0.190819,51.538696],[-0.190875,51.53869],[-0.19095,51.538689],[-0.191015,51.538694],[-0.191047,51.538697],[-0.191078,51.538697],[-0.191098,51.538699],[-0.19111,51.5387],[-0.191136,51.538702],[-0.191089,51.538722],[-0.191064,51.538733],[-0.191114,51.538878],[-0.191204,51.53914],[-0.191271,51.539182],[-0.191281,51.539158],[-0.191919,51.53912],[-0.191924,51.539126],[-0.191968,51.539179],[-0.191974,51.53918],[-0.192178,51.539213],[-0.192311,51.539159],[-0.192358,51.539203],[-0.192366,51.539211],[-0.192337,51.539222],[-0.192444,51.53932],[-0.192472,51.539346],[-0.192494,51.539366],[-0.192529,51.539397],[-0.192614,51.539475],[-0.192636,51.539464],[-0.192777,51.539397],[-0.192783,51.539396],[-0.192855,51.53936],[-0.19287,51.539355],[-0.192928,51.539325],[-0.192936,51.539322],[-0.192958,51.53931],[-0.193014,51.53929],[-0.193101,51.539246],[-0.193108,51.53924],[-0.193169,51.539216],[-0.193218,51.539189],[-0.193241,51.539179],[-0.193283,51.539154],[-0.193322,51.539136],[-0.193384,51.539097],[-0.193388,51.539095],[-0.193425,51.539062],[-0.193475,51.539003],[-0.193489,51.538986],[-0.193553,51.538885],[-0.194156,51.538765],[-0.19428,51.538747],[-0.194365,51.53882],[-0.194578,51.539006],[-0.194975,51.539352],[-0.195011,51.539383],[-0.195046,51.539413],[-0.195156,51.53951],[-0.195254,51.539595],[-0.195397,51.53972],[-0.195411,51.539731],[-0.195419,51.539739],[-0.1955,51.539811],[-0.19551,51.53982],[-0.195544,51.539854],[-0.195221,51.540051],[-0.1952,51.540046],[-0.195133,51.540077],[-0.195003,51.540283],[-0.194989,51.540273],[-0.194967,51.540189],[-0.194906,51.540005],[-0.194895,51.539971],[-0.19489,51.539954],[-0.194859,51.539968],[-0.194777,51.540005],[-0.194606,51.540082],[-0.19439,51.54018],[-0.194371,51.540188],[-0.194382,51.540198],[-0.194648,51.540452],[-0.194584,51.540512],[-0.194585,51.540518],[-0.194603,51.540611],[-0.194605,51.540615],[-0.194611,51.540631],[-0.194619,51.540642],[-0.194622,51.540671],[-0.194636,51.540718],[-0.194643,51.540741],[-0.194649,51.540749],[-0.194653,51.540773],[-0.194655,51.540779],[-0.194662,51.540796],[-0.194664,51.540844],[-0.194664,51.540849],[-0.194675,51.540879],[-0.194677,51.540897],[-0.194685,51.540909],[-0.1947,51.540929],[-0.194715,51.54096],[-0.194725,51.541009],[-0.194713,51.541032],[-0.194709,51.54104],[-0.194712,51.541067],[-0.194715,51.541097],[-0.194718,51.541106],[-0.194721,51.541128],[-0.194739,51.541159],[-0.194745,51.5412],[-0.194745,51.541203],[-0.194746,51.541211],[-0.194748,51.541224],[-0.194769,51.541256],[-0.194776,51.541289],[-0.194782,51.541302],[-0.194785,51.541315],[-0.194787,51.541327],[-0.194789,51.541338],[-0.194797,51.541349],[-0.194803,51.541375],[-0.194803,51.541398],[-0.194806,51.541409],[-0.194807,51.541413],[-0.194811,51.541426],[-0.194823,51.541443],[-0.194836,51.541504],[-0.194838,51.541509],[-0.194843,51.541526],[-0.194849,51.541534],[-0.194862,51.541581],[-0.194865,51.541595],[-0.194875,51.541628],[-0.194874,51.541631],[-0.194877,51.541642],[-0.194888,51.54168],[-0.194888,51.541687],[-0.194902,51.541729],[-0.194901,51.541741],[-0.1949,51.541746],[-0.194904,51.541757],[-0.194907,51.541764],[-0.194909,51.541777],[-0.194913,51.541789],[-0.194929,51.54183],[-0.194928,51.541843],[-0.194931,51.541848],[-0.194938,51.541864],[-0.194945,51.541899],[-0.19495,51.541911],[-0.194953,51.541917],[-0.194952,51.54197],[-0.194949,51.541981],[-0.194962,51.542005],[-0.194966,51.542049],[-0.194962,51.542118],[-0.195009,51.542139],[-0.195193,51.542177],[-0.195147,51.542362],[-0.195015,51.542356]]]}},{"type":"Feature","properties":{"LSOA21CD":"E01000937","LSOA21NM":"Camden 029G","MEAN_PTAL_":"6b","mean_AI":48.127717099,"borough":"Camden"},"geometry":{"type":"Polygon","coordinates":[[[-0.119845,51.52744],[-0.119696,51.527372],[-0.119604,51.527427],[-0.119541,51.527464],[-0.119279,51.527465],[-0.119123,51.527324],[-0.11909,51.527295],[-0.118998,51.52721],[-0.118905,51.527124],[-0.118956,51.527116],[-0.118996,51.527109],[-0.119106,51.527091],[-0.119261,51.527068],[-0.119621,51.527014],[-0.119751,51.526995],[-0.119689,51.526836],[-0.119685,51.526827],[-0.119651,51.526738],[-0.119633,51.52672],[-0.119619,51.526707],[-0.119487,51.526574],[-0.11949,51.526557],[-0.119504,51.526482],[-0.119481,51.526457],[-0.119335,51.526398],[-0.119224,51.526353],[-0.119183,51.526276],[-0.119208,51.526269],[-0.119321,51.52624],[-0.119582,51.526173],[-0.119588,51.526171],[-0.119603,51.526142],[-0.119677,51.526027],[-0.119684,51.526021],[-0.119978,51.525759],[-0.119996,51.525742],[-0.12005,51.525693],[-0.12045,51.525329],[-0.120519,51.525267],[-0.120488,51.525213],[-0.120064,51.52531],[-0.119663,51.525401],[-0.119649,51.525521],[-0.119568,51.525537],[-0.11937,51.525575],[-0.119311,51.525587],[-0.119137,51.525621],[-0.118868,51.525674],[-0.118811,51.525685],[-0.118492,51.525748],[-0.118378,51.52577],[-0.118332,51.525779],[-0.118265,51.525792],[-0.118257,51.525778],[-0.118255,51.525774],[-0.118266,51.525746],[-0.118239,51.525737],[-0.118207,51.525722],[-0.118106,51.525733],[-0.118019,51.52556],[-0.118016,51.525554],[-0.11772,51.525054],[-0.117694,51.524964],[-0.117696,51.524919],[-0.117713,51.524856],[-0.117729,51.524821],[-0.117774,51.524785],[-0.117833,51.52475],[-0.117892,51.524724],[-0.118074,51.524679],[-0.118088,51.524676],[-0.118707,51.524522],[-0.118737,51.524504],[-0.118738,51.524468],[-0.118739,51.52445],[-0.118333,51.523814],[-0.118246,51.523822],[-0.118159,51.523838],[-0.118155,51.523832],[-0.11816,51.52383],[-0.118548,51.523743],[-0.11857,51.523738],[-0.118682,51.523712],[-0.119142,51.523605],[-0.119308,51.523566],[-0.119327,51.523562],[-0.119598,51.523499],[-0.119641,51.523489],[-0.119781,51.523456],[-0.120611,51.523263],[-0.120768,51.523226],[-0.120862,51.523203],[-0.121345,51.523086],[-0.121832,51.522969],[-0.121832,51.52299],[-0.121834,51.522994],[-0.121977,51.523221],[-0.122047,51.523334],[-0.122095,51.523409],[-0.122194,51.523567],[-0.122242,51.523643],[-0.122277,51.523699],[-0.122314,51.523759],[-0.122318,51.523764],[-0.122412,51.523914],[-0.122595,51.524207],[-0.122624,51.524253],[-0.122649,51.524292],[-0.122721,51.524407],[-0.122803,51.524537],[-0.122932,51.524743],[-0.122999,51.524862],[-0.123037,51.524929],[-0.123198,51.525212],[-0.123211,51.525234],[-0.123301,51.525393],[-0.123326,51.525437],[-0.123387,51.525544],[-0.123417,51.525597],[-0.123419,51.525601],[-0.123491,51.525727],[-0.123509,51.52576],[-0.12357,51.525867],[-0.12359,51.525901],[-0.1236,51.525919],[-0.123611,51.525939],[-0.123614,51.525945],[-0.123702,51.526098],[-0.123708,51.526097],[-0.123719,51.526094],[-0.123781,51.526081],[-0.123953,51.526043],[-0.124085,51.526014],[-0.124128,51.526005],[-0.124216,51.525986],[-0.124258,51.526075],[-0.124384,51.526337],[-0.124376,51.526356],[-0.124389,51.526364],[-0.124414,51.526436],[-0.124411,51.526541],[-0.12437,51.526652],[-0.124367,51.52666],[-0.124384,51.526702],[-0.124177,51.526762],[-0.124117,51.52678],[-0.124071,51.5267],[-0.124067,51.526694],[-0.124052,51.526697],[-0.123966,51.526717],[-0.123922,51.526727],[-0.123846,51.526749],[-0.123835,51.526753],[-0.123786,51.526767],[-0.123747,51.526779],[-0.123671,51.526793],[-0.123231,51.526877],[-0.123136,51.526895],[-0.123005,51.526649],[-0.123003,51.526646],[-0.122976,51.526595],[-0.122878,51.526405],[-0.122869,51.526387],[-0.122855,51.526369],[-0.122848,51.526362],[-0.122841,51.526357],[-0.1228,51.526323],[-0.122627,51.526008],[-0.122243,51.526093],[-0.122298,51.526169],[-0.122192,51.526193],[-0.122319,51.52647],[-0.122027,51.526526],[-0.122055,51.526536],[-0.122061,51.526547],[-0.122102,51.526624],[-0.122131,51.526678],[-0.122283,51.526962],[-0.122268,51.52698],[-0.122068,51.527018],[-0.122051,51.527021],[-0.121738,51.52708],[-0.121658,51.527096],[-0.121294,51.527151],[-0.121146,51.527174],[-0.121035,51.526945],[-0.12066,51.527193],[-0.120656,51.527195],[-0.120658,51.527201],[-0.120663,51.527209],[-0.120673,51.527218],[-0.120698,51.527243],[-0.120713,51.527257],[-0.120724,51.527264],[-0.120925,51.527412],[-0.120469,51.527448],[-0.120433,51.527451],[-0.120418,51.527452],[-0.120362,51.527504],[-0.120409,51.527614],[-0.120426,51.527654],[-0.120437,51.527679],[-0.120319,51.527699],[-0.120276,51.527706],[-0.120266,51.527682],[-0.120239,51.527617],[-0.1201,51.527556],[-0.119845,51.52744]]]}},{"type":"Feature","properties":{"LSOA21CD":"E01000939","LSOA21NM":"Camden 029B","MEAN_PTAL_":"6b","mean_AI":75.3192654819,"borough":"Camden"},"geometry":{"type":"Polygon","coordinates":[[[-0.121808,51.529817],[-0.121769,51.529785],[-0.121719,51.529787],[-0.121712,51.529787],[-0.121564,51.529849],[-0.121469,51.529888],[-0.121382,51.529803],[-0.121378,51.529799],[-0.121382,51.529786],[-0.12124,51.529663],[-0.121223,51.529648],[-0.121215,51.529647],[-0.121119,51.529623],[-0.1211,51.529618],[-0.121065,51.52961],[-0.121025,51.529644],[-0.120477,51.529857],[-0.120469,51.52986],[-0.12042,51.529802],[-0.120412,51.529793],[-0.120301,51.529663],[-0.120293,51.529653],[-0.120288,51.529647],[-0.120255,51.529608],[-0.120231,51.52958],[-0.120078,51.5294],[-0.120066,51.529403],[-0.11991,51.529447],[-0.119619,51.529528],[-0.11929,51.529621],[-0.119219,51.529641],[-0.119211,51.529643],[-0.118883,51.529735],[-0.118867,51.52974],[-0.118752,51.52977],[-0.118605,51.529672],[-0.118556,51.529639],[-0.118535,51.529545],[-0.118457,51.529486],[-0.118473,51.52945],[-0.118514,51.52937],[-0.118301,51.529411],[-0.118272,51.529398],[-0.118051,51.5293],[-0.11784,51.529218],[-0.117743,51.529184],[-0.117681,51.529167],[-0.117523,51.529151],[-0.117516,51.52915],[-0.117498,51.529146],[-0.117455,51.529069],[-0.117467,51.529067],[-0.117585,51.529042],[-0.11759,51.529041],[-0.117604,51.529038],[-0.117613,51.529036],[-0.117722,51.529015],[-0.117808,51.528997],[-0.1179,51.528979],[-0.118026,51.528954],[-0.118034,51.528952],[-0.118127,51.528934],[-0.118339,51.528891],[-0.118432,51.528873],[-0.118529,51.528853],[-0.118632,51.52883],[-0.118836,51.528783],[-0.118936,51.52876],[-0.119023,51.52874],[-0.119155,51.52871],[-0.119285,51.528694],[-0.119328,51.528691],[-0.119346,51.528683],[-0.119366,51.528687],[-0.119372,51.528687],[-0.119501,51.528689],[-0.119475,51.528657],[-0.119371,51.528534],[-0.119262,51.528405],[-0.119244,51.528384],[-0.11924,51.528379],[-0.119226,51.52837],[-0.119344,51.528344],[-0.119357,51.528342],[-0.119695,51.528282],[-0.119684,51.528278],[-0.119592,51.528248],[-0.119562,51.528148],[-0.119508,51.527964],[-0.119502,51.527938],[-0.119529,51.527924],[-0.119623,51.527874],[-0.119617,51.527842],[-0.11961,51.527807],[-0.119608,51.527799],[-0.119541,51.527464],[-0.119604,51.527427],[-0.119696,51.527372],[-0.119845,51.52744],[-0.1201,51.527556],[-0.120239,51.527617],[-0.120266,51.527682],[-0.120276,51.527706],[-0.120319,51.527699],[-0.120437,51.527679],[-0.120426,51.527654],[-0.120409,51.527614],[-0.120362,51.527504],[-0.120418,51.527452],[-0.120433,51.527451],[-0.120469,51.527448],[-0.120925,51.527412],[-0.120724,51.527264],[-0.120713,51.527257],[-0.120698,51.527243],[-0.120673,51.527218],[-0.120663,51.527209],[-0.120658,51.527201],[-0.120656,51.527195],[-0.12066,51.527193],[-0.121035,51.526945],[-0.121146,51.527174],[-0.121338,51.527529],[-0.12164,51.527476],[-0.1217,51.527485],[-0.121724,51.527538],[-0.121739,51.527572],[-0.121844,51.527808],[-0.121965,51.52784],[-0.121975,51.527842],[-0.121983,51.527844],[-0.121991,51.527859],[-0.122031,51.527935],[-0.122035,51.527938],[-0.122083,51.52797],[-0.122105,51.527973],[-0.122327,51.528008],[-0.122375,51.528015],[-0.122415,51.52813],[-0.122454,51.528154],[-0.122457,51.528324],[-0.122384,51.528338],[-0.12241,51.528577],[-0.122412,51.528591],[-0.122417,51.528602],[-0.122421,51.52861],[-0.122483,51.528607],[-0.12252,51.528605],[-0.122535,51.528601],[-0.122569,51.5286],[-0.122582,51.528602],[-0.122614,51.5286],[-0.122678,51.5286],[-0.12271,51.528599],[-0.12268,51.528608],[-0.122674,51.52861],[-0.122689,51.528638],[-0.122733,51.528719],[-0.122736,51.528721],[-0.122789,51.528769],[-0.122866,51.528786],[-0.1229,51.528801],[-0.122913,51.528804],[-0.122921,51.52881],[-0.122944,51.528828],[-0.122969,51.528846],[-0.122978,51.528853],[-0.122981,51.528877],[-0.123025,51.528929],[-0.123049,51.528958],[-0.123078,51.52897],[-0.123097,51.528992],[-0.123128,51.529026],[-0.123128,51.52903],[-0.123287,51.529155],[-0.123419,51.529104],[-0.123531,51.529061],[-0.123581,51.529042],[-0.123609,51.529069],[-0.123797,51.529252],[-0.123882,51.529334],[-0.12389,51.529341],[-0.123917,51.529368],[-0.123955,51.529405],[-0.124,51.529449],[-0.124177,51.529621],[-0.124328,51.529767],[-0.124344,51.529783],[-0.124332,51.529787],[-0.124352,51.529792],[-0.124231,51.52984],[-0.124186,51.52986],[-0.123972,51.529956],[-0.123791,51.530038],[-0.123785,51.53004],[-0.123538,51.530151],[-0.123499,51.530168],[-0.123491,51.530172],[-0.123463,51.530185],[-0.123459,51.530186],[-0.123358,51.530232],[-0.123308,51.530256],[-0.12318,51.530319],[-0.123053,51.530381],[-0.122697,51.530556],[-0.122614,51.530642],[-0.122606,51.53065],[-0.1226,51.530656],[-0.122562,51.530695],[-0.12253,51.530728],[-0.122514,51.530699],[-0.122471,51.530593],[-0.122468,51.530586],[-0.122463,51.530572],[-0.121894,51.530292],[-0.121816,51.530284],[-0.121756,51.530278],[-0.121708,51.530273],[-0.121683,51.530242],[-0.121674,51.530227],[-0.121606,51.530176],[-0.121608,51.530165],[-0.121599,51.530102],[-0.12166,51.530025],[-0.121687,51.529992],[-0.121886,51.529931],[-0.12192,51.529921],[-0.121864,51.529863],[-0.121839,51.529843],[-0.121808,51.529817]]]}},{"type":"Feature","properties":{"LSOA21CD":"E01000941","LSOA21NM":"Camden 029D","MEAN_PTAL_":"6b","mean_AI":69.5150186129,"borough":"Camden"},"geometry":{"type":"Polygon","coordinates":[[[-0.123287,51.529155],[-0.123128,51.52903],[-0.123128,51.529026],[-0.123097,51.528992],[-0.123078,51.52897],[-0.123049,51.528958],[-0.123025,51.528929],[-0.122981,51.528877],[-0.122978,51.528853],[-0.122969,51.528846],[-0.122944,51.528828],[-0.122921,51.52881],[-0.122913,51.528804],[-0.1229,51.528801],[-0.122866,51.528786],[-0.122789,51.528769],[-0.122736,51.528721],[-0.122733,51.528719],[-0.122689,51.528638],[-0.122674,51.52861],[-0.12268,51.528608],[-0.12271,51.528599],[-0.122678,51.5286],[-0.122614,51.5286],[-0.122582,51.528602],[-0.122569,51.5286],[-0.122535,51.528601],[-0.12252,51.528605],[-0.122483,51.528607],[-0.122421,51.52861],[-0.122417,51.528602],[-0.122412,51.528591],[-0.12241,51.528577],[-0.122384,51.528338],[-0.122457,51.528324],[-0.122454,51.528154],[-0.122415,51.52813],[-0.122375,51.528015],[-0.122327,51.528008],[-0.122105,51.527973],[-0.122083,51.52797],[-0.122035,51.527938],[-0.122031,51.527935],[-0.121991,51.527859],[-0.121983,51.527844],[-0.121975,51.527842],[-0.121965,51.52784],[-0.121844,51.527808],[-0.121739,51.527572],[-0.121724,51.527538],[-0.1217,51.527485],[-0.12164,51.527476],[-0.121338,51.527529],[-0.121146,51.527174],[-0.121294,51.527151],[-0.121658,51.527096],[-0.121738,51.52708],[-0.122051,51.527021],[-0.122068,51.527018],[-0.122268,51.52698],[-0.122283,51.526962],[-0.122131,51.526678],[-0.122102,51.526624],[-0.122061,51.526547],[-0.122055,51.526536],[-0.122027,51.526526],[-0.122319,51.52647],[-0.122192,51.526193],[-0.122298,51.526169],[-0.122243,51.526093],[-0.122627,51.526008],[-0.1228,51.526323],[-0.122841,51.526357],[-0.122848,51.526362],[-0.122855,51.526369],[-0.122869,51.526387],[-0.122878,51.526405],[-0.122976,51.526595],[-0.123003,51.526646],[-0.123005,51.526649],[-0.123136,51.526895],[-0.123231,51.526877],[-0.123671,51.526793],[-0.123747,51.526779],[-0.123786,51.526767],[-0.123835,51.526753],[-0.123846,51.526749],[-0.123922,51.526727],[-0.123966,51.526717],[-0.124052,51.526697],[-0.124067,51.526694],[-0.124071,51.5267],[-0.124117,51.52678],[-0.124188,51.526902],[-0.12457,51.526761],[-0.124745,51.526696],[-0.124767,51.526687],[-0.124802,51.526727],[-0.124786,51.526742],[-0.124992,51.52697],[-0.124994,51.526971],[-0.125035,51.527017],[-0.124917,51.527058],[-0.124803,51.527098],[-0.124447,51.527224],[-0.12444,51.527227],[-0.124461,51.52725],[-0.124542,51.527341],[-0.124552,51.527352],[-0.124559,51.527349],[-0.124585,51.527378],[-0.12466,51.527463],[-0.124735,51.527548],[-0.124762,51.527579],[-0.124782,51.527601],[-0.124865,51.527694],[-0.124875,51.527706],[-0.124923,51.52776],[-0.124959,51.527801],[-0.124977,51.527821],[-0.124969,51.527816],[-0.12494,51.5278],[-0.124881,51.527765],[-0.124804,51.527731],[-0.124774,51.527721],[-0.124704,51.527698],[-0.124625,51.527686],[-0.124607,51.527701],[-0.124585,51.52772],[-0.124411,51.527774],[-0.124343,51.52786],[-0.124212,51.528021],[-0.124042,51.52808],[-0.124035,51.528083],[-0.124097,51.528163],[-0.124109,51.528184],[-0.124113,51.52819],[-0.124125,51.528191],[-0.124129,51.528196],[-0.12419,51.528269],[-0.124224,51.528337],[-0.124227,51.528342],[-0.124249,51.528388],[-0.124267,51.528424],[-0.124318,51.528524],[-0.124371,51.52863],[-0.124357,51.528634],[-0.124105,51.528693],[-0.124106,51.528698],[-0.124133,51.528779],[-0.124141,51.528796],[-0.124048,51.528843],[-0.123886,51.528927],[-0.123609,51.529069],[-0.123581,51.529042],[-0.123531,51.529061],[-0.123419,51.529104],[-0.123287,51.529155]]]}},{"type":"Feature","properties":{"LSOA21CD":"E01000942","LSOA21NM":"Camden 029C","MEAN_PTAL_":"6b","mean_AI":82.4178472385,"borough":"Camden"},"geometry":{"type":"Polygon","coordinates":[[[-0.124343,51.52786],[-0.124411,51.527774],[-0.124585,51.52772],[-0.124607,51.527701],[-0.124625,51.527686],[-0.124704,51.527698],[-0.124774,51.527721],[-0.124804,51.527731],[-0.124881,51.527765],[-0.12494,51.5278],[-0.124969,51.527816],[-0.124977,51.527821],[-0.124959,51.527801],[-0.124923,51.52776],[-0.124875,51.527706],[-0.124865,51.527694],[-0.124782,51.527601],[-0.124762,51.527579],[-0.124735,51.527548],[-0.12466,51.527463],[-0.124585,51.527378],[-0.124559,51.527349],[-0.124552,51.527352],[-0.124542,51.527341],[-0.124461,51.52725],[-0.12444,51.527227],[-0.124447,51.527224],[-0.124803,51.527098],[-0.124917,51.527058],[-0.125035,51.527017],[-0.125112,51.527103],[-0.125164,51.52716],[-0.125193,51.527193],[-0.125247,51.527252],[-0.125251,51.527257],[-0.125259,51.527265],[-0.125287,51.527296],[-0.125327,51.52734],[-0.125353,51.527369],[-0.125379,51.527398],[-0.125401,51.527422],[-0.125431,51.527455],[-0.125468,51.527445],[-0.12555,51.527422],[-0.125726,51.527375],[-0.125806,51.527441],[-0.125875,51.527496],[-0.125882,51.527494],[-0.126134,51.527427],[-0.126151,51.527423],[-0.126288,51.527386],[-0.126328,51.527375],[-0.126369,51.527286],[-0.126649,51.527173],[-0.126734,51.527138],[-0.126926,51.527349],[-0.127094,51.527532],[-0.127103,51.527543],[-0.127221,51.527482],[-0.127311,51.527402],[-0.127372,51.527322],[-0.127403,51.527251],[-0.127405,51.527247],[-0.127418,51.527248],[-0.127485,51.527224],[-0.127716,51.527145],[-0.127725,51.527145],[-0.128036,51.527208],[-0.128338,51.527271],[-0.12837,51.527277],[-0.12844,51.52716],[-0.1285,51.527061],[-0.128569,51.526945],[-0.128614,51.526919],[-0.128643,51.526908],[-0.128658,51.526902],[-0.128723,51.526889],[-0.128876,51.52686],[-0.128908,51.526861],[-0.12894,51.526861],[-0.128942,51.526857],[-0.129003,51.526796],[-0.129031,51.526776],[-0.129069,51.52675],[-0.129111,51.526737],[-0.129159,51.526722],[-0.129166,51.52672],[-0.129205,51.526713],[-0.129228,51.526711],[-0.12924,51.526711],[-0.129533,51.526719],[-0.129667,51.526708],[-0.129693,51.526706],[-0.129704,51.526708],[-0.129847,51.526729],[-0.130034,51.526651],[-0.130569,51.527142],[-0.130748,51.527305],[-0.130766,51.527322],[-0.130552,51.527389],[-0.130509,51.527403],[-0.130423,51.527434],[-0.130366,51.527454],[-0.130173,51.527523],[-0.129907,51.527618],[-0.129899,51.527621],[-0.129648,51.52772],[-0.129569,51.527752],[-0.129426,51.527809],[-0.129323,51.52785],[-0.129207,51.527897],[-0.128782,51.528066],[-0.128582,51.528145],[-0.128543,51.528161],[-0.128373,51.528229],[-0.128364,51.528232],[-0.128087,51.528342],[-0.128046,51.528359],[-0.127895,51.528419],[-0.127857,51.528434],[-0.127799,51.528457],[-0.127604,51.528535],[-0.12754,51.52856],[-0.127317,51.528649],[-0.127234,51.528679],[-0.127094,51.528731],[-0.12694,51.528787],[-0.126847,51.528821],[-0.126814,51.528833],[-0.126142,51.529079],[-0.126133,51.529083],[-0.126123,51.529086],[-0.125698,51.529256],[-0.125496,51.529336],[-0.125203,51.529453],[-0.125129,51.529482],[-0.125006,51.529531],[-0.124707,51.52965],[-0.124352,51.529792],[-0.124332,51.529787],[-0.124344,51.529783],[-0.124328,51.529767],[-0.124177,51.529621],[-0.124,51.529449],[-0.123955,51.529405],[-0.123917,51.529368],[-0.12389,51.529341],[-0.123882,51.529334],[-0.123797,51.529252],[-0.123609,51.529069],[-0.123886,51.528927],[-0.124048,51.528843],[-0.124141,51.528796],[-0.124133,51.528779],[-0.124106,51.528698],[-0.124105,51.528693],[-0.124357,51.528634],[-0.124371,51.52863],[-0.124318,51.528524],[-0.124267,51.528424],[-0.124249,51.528388],[-0.124227,51.528342],[-0.124224,51.528337],[-0.12419,51.528269],[-0.124129,51.528196],[-0.124125,51.528191],[-0.124113,51.52819],[-0.124109,51.528184],[-0.124097,51.528163],[-0.124035,51.528083],[-0.124042,51.52808],[-0.124212,51.528021],[-0.124343,51.52786]]]}},{"type":"Feature","properties":{"LSOA21CD":"E01000943","LSOA21NM":"Camden 029F","MEAN_PTAL_":"6b","mean_AI":69.2965239594,"borough":"Camden"},"geometry":{"type":"Polygon","coordinates":[[[-0.126926,51.527349],[-0.126734,51.527138],[-0.126649,51.527173],[-0.126369,51.527286],[-0.126328,51.527375],[-0.126288,51.527386],[-0.126151,51.527423],[-0.126134,51.527427],[-0.125882,51.527494],[-0.125875,51.527496],[-0.125806,51.527441],[-0.125726,51.527375],[-0.12555,51.527422],[-0.125468,51.527445],[-0.125431,51.527455],[-0.125401,51.527422],[-0.125379,51.527398],[-0.125353,51.527369],[-0.125327,51.52734],[-0.125287,51.527296],[-0.125259,51.527265],[-0.125251,51.527257],[-0.125247,51.527252],[-0.125193,51.527193],[-0.125164,51.52716],[-0.125112,51.527103],[-0.125035,51.527017],[-0.124994,51.526971],[-0.124992,51.52697],[-0.124786,51.526742],[-0.124802,51.526727],[-0.124767,51.526687],[-0.124745,51.526696],[-0.12457,51.526761],[-0.124188,51.526902],[-0.124117,51.52678],[-0.124177,51.526762],[-0.124384,51.526702],[-0.124367,51.52666],[-0.12437,51.526652],[-0.124411,51.526541],[-0.124414,51.526436],[-0.124389,51.526364],[-0.124376,51.526356],[-0.124384,51.526337],[-0.124258,51.526075],[-0.124216,51.525986],[-0.124451,51.525934],[-0.124458,51.525933],[-0.124533,51.525916],[-0.124613,51.525899],[-0.124632,51.525895],[-0.124681,51.525884],[-0.124686,51.525883],[-0.124723,51.525875],[-0.124801,51.525858],[-0.124824,51.525853],[-0.124878,51.525841],[-0.124914,51.525833],[-0.124953,51.525824],[-0.125058,51.525801],[-0.125101,51.525792],[-0.125134,51.525785],[-0.125155,51.52578],[-0.12521,51.525768],[-0.125238,51.525762],[-0.125332,51.525741],[-0.12544,51.525718],[-0.125526,51.525699],[-0.125532,51.525698],[-0.125541,51.525696],[-0.125548,51.525694],[-0.125786,51.525593],[-0.125866,51.525559],[-0.125956,51.525521],[-0.125987,51.525508],[-0.126004,51.5255],[-0.126074,51.525471],[-0.126092,51.525463],[-0.126095,51.525462],[-0.126107,51.525457],[-0.126166,51.525432],[-0.126202,51.525416],[-0.126364,51.525348],[-0.126465,51.525305],[-0.12648,51.525298],[-0.126528,51.525278],[-0.126721,51.525196],[-0.126751,51.525183],[-0.126886,51.525126],[-0.126908,51.525116],[-0.126922,51.52511],[-0.126978,51.525087],[-0.126989,51.525082],[-0.127071,51.525047],[-0.127083,51.525042],[-0.127192,51.524996],[-0.127245,51.524973],[-0.127469,51.524878],[-0.12751,51.52486],[-0.127521,51.524856],[-0.127887,51.5247],[-0.127919,51.524729],[-0.128265,51.525039],[-0.128374,51.525137],[-0.128496,51.525246],[-0.128507,51.525256],[-0.128535,51.525282],[-0.128616,51.525355],[-0.128631,51.525367],[-0.128671,51.525403],[-0.128675,51.525407],[-0.128702,51.525432],[-0.128722,51.52545],[-0.128726,51.525453],[-0.128758,51.525482],[-0.12877,51.525493],[-0.128773,51.525495],[-0.128844,51.525559],[-0.12893,51.525638],[-0.128987,51.525691],[-0.129103,51.525796],[-0.129122,51.525814],[-0.129495,51.526156],[-0.129627,51.526277],[-0.129833,51.526467],[-0.129909,51.526535],[-0.129927,51.526553],[-0.129954,51.526578],[-0.130034,51.526651],[-0.129847,51.526729],[-0.129704,51.526708],[-0.129693,51.526706],[-0.129667,51.526708],[-0.129533,51.526719],[-0.12924,51.526711],[-0.129228,51.526711],[-0.129205,51.526713],[-0.129166,51.52672],[-0.129159,51.526722],[-0.129111,51.526737],[-0.129069,51.52675],[-0.129031,51.526776],[-0.129003,51.526796],[-0.128942,51.526857],[-0.12894,51.526861],[-0.128908,51.526861],[-0.128876,51.52686],[-0.128723,51.526889],[-0.128658,51.526902],[-0.128643,51.526908],[-0.128614,51.526919],[-0.128569,51.526945],[-0.1285,51.527061],[-0.12844,51.52716],[-0.12837,51.527277],[-0.128338,51.527271],[-0.128036,51.527208],[-0.127725,51.527145],[-0.127716,51.527145],[-0.127485,51.527224],[-0.127418,51.527248],[-0.127405,51.527247],[-0.127403,51.527251],[-0.127372,51.527322],[-0.127311,51.527402],[-0.127221,51.527482],[-0.127103,51.527543],[-0.127094,51.527532],[-0.126926,51.527349]]]}},{"type":"Feature","properties":{"LSOA21CD":"E01000944","LSOA21NM":"Camden 023A","MEAN_PTAL_":"6b","mean_AI":42.2120618796,"borough":"Camden"},"geometry":{"type":"Polygon","coordinates":[[[-0.143812,51.528849],[-0.143805,51.52877],[-0.143704,51.52877],[-0.143589,51.52877],[-0.14351,51.528769],[-0.143457,51.528769],[-0.143319,51.528769],[-0.143288,51.528769],[-0.143245,51.528768],[-0.143099,51.528769],[-0.143095,51.528768],[-0.143085,51.528767],[-0.143084,51.528761],[-0.143062,51.528615],[-0.143064,51.528572],[-0.143066,51.528525],[-0.143055,51.528525],[-0.142931,51.528528],[-0.142757,51.528532],[-0.14259,51.528535],[-0.142419,51.528532],[-0.1424,51.528523],[-0.142239,51.528445],[-0.142258,51.528348],[-0.142224,51.528326],[-0.142214,51.528321],[-0.142153,51.528291],[-0.142019,51.52824],[-0.142011,51.528237],[-0.141937,51.528227],[-0.141932,51.528227],[-0.141897,51.528226],[-0.14186,51.52823],[-0.141846,51.528232],[-0.141825,51.528232],[-0.141807,51.528232],[-0.14174,51.52824],[-0.141614,51.528227],[-0.1416,51.528225],[-0.141592,51.528223],[-0.141574,51.528217],[-0.141546,51.528206],[-0.141427,51.528149],[-0.14142,51.528104],[-0.141419,51.528077],[-0.14142,51.528071],[-0.141438,51.528066],[-0.141491,51.52805],[-0.141488,51.528023],[-0.141473,51.527915],[-0.14147,51.527892],[-0.141324,51.527889],[-0.141374,51.527795],[-0.141394,51.527755],[-0.141405,51.527738],[-0.141417,51.527721],[-0.141427,51.527712],[-0.141386,51.527676],[-0.141369,51.527657],[-0.141307,51.527584],[-0.141301,51.527574],[-0.141301,51.527566],[-0.141301,51.527515],[-0.141302,51.527511],[-0.141357,51.52742],[-0.141371,51.527404],[-0.141405,51.527364],[-0.141409,51.52736],[-0.141437,51.527334],[-0.141444,51.527329],[-0.141464,51.527318],[-0.141523,51.527291],[-0.141533,51.527286],[-0.141542,51.527286],[-0.141554,51.527286],[-0.141591,51.527281],[-0.141641,51.527279],[-0.141674,51.527279],[-0.141696,51.527278],[-0.141711,51.527279],[-0.141755,51.527281],[-0.14176,51.527281],[-0.141904,51.527273],[-0.141908,51.527264],[-0.14191,51.527259],[-0.141926,51.527228],[-0.141965,51.527186],[-0.141971,51.52718],[-0.141975,51.527175],[-0.1421,51.52704],[-0.142144,51.526991],[-0.141913,51.526952],[-0.141889,51.526948],[-0.141753,51.526892],[-0.141745,51.526888],[-0.141694,51.526848],[-0.141683,51.526839],[-0.141623,51.526815],[-0.141608,51.526809],[-0.141533,51.526766],[-0.141543,51.526756],[-0.141582,51.526715],[-0.141645,51.526648],[-0.141646,51.526645],[-0.141656,51.526591],[-0.141661,51.526562],[-0.141663,51.526549],[-0.141662,51.52654],[-0.141655,51.526475],[-0.141654,51.526465],[-0.14164,51.526429],[-0.141622,51.526384],[-0.141619,51.526377],[-0.141607,51.526359],[-0.141539,51.526299],[-0.141445,51.526218],[-0.141542,51.526208],[-0.141809,51.526183],[-0.142004,51.526164],[-0.142081,51.526162],[-0.142138,51.526163],[-0.142138,51.526151],[-0.142179,51.526147],[-0.142249,51.52614],[-0.142315,51.526133],[-0.142469,51.526104],[-0.142469,51.526097],[-0.142452,51.525662],[-0.14259,51.525668],[-0.142936,51.525681],[-0.142951,51.525672],[-0.142956,51.525654],[-0.142981,51.525655],[-0.143009,51.525654],[-0.143007,51.525672],[-0.143341,51.525674],[-0.143555,51.525675],[-0.143715,51.525675],[-0.143935,51.525671],[-0.144166,51.525667],[-0.144249,51.525666],[-0.144259,51.525799],[-0.144268,51.525909],[-0.144272,51.52612],[-0.144273,51.526179],[-0.144275,51.52627],[-0.144275,51.526275],[-0.144275,51.526282],[-0.144276,51.526336],[-0.144276,51.526358],[-0.144277,51.526382],[-0.144286,51.526383],[-0.144284,51.526407],[-0.144283,51.526431],[-0.144282,51.526438],[-0.14428,51.526475],[-0.144275,51.526476],[-0.144275,51.526565],[-0.144276,51.526615],[-0.144277,51.526673],[-0.144278,51.526727],[-0.144278,51.526739],[-0.144279,51.526749],[-0.144286,51.526889],[-0.144287,51.526949],[-0.144346,51.526936],[-0.144718,51.526884],[-0.1447,51.526913],[-0.144692,51.526949],[-0.144694,51.527003],[-0.144694,51.527028],[-0.144695,51.527047],[-0.144696,51.527105],[-0.144697,51.527127],[-0.144699,51.527208],[-0.144701,51.527265],[-0.144702,51.527293],[-0.144705,51.527423],[-0.144688,51.527434],[-0.144572,51.527432],[-0.144582,51.527633],[-0.144585,51.52769],[-0.144351,51.527706],[-0.144325,51.527706],[-0.144325,51.527699],[-0.144324,51.527691],[-0.144289,51.527691],[-0.144281,51.527691],[-0.144155,51.527692],[-0.144086,51.527646],[-0.144009,51.527605],[-0.143884,51.527538],[-0.143861,51.527544],[-0.143823,51.527675],[-0.143789,51.527788],[-0.143711,51.52806],[-0.143709,51.528068],[-0.143811,51.528118],[-0.143984,51.528201],[-0.144079,51.528248],[-0.14413,51.528382],[-0.144132,51.528386],[-0.144323,51.528503],[-0.144335,51.528502],[-0.144335,51.528509],[-0.144333,51.528571],[-0.144332,51.528581],[-0.144334,51.528646],[-0.144337,51.528788],[-0.144338,51.528838],[-0.144345,51.529124],[-0.144346,51.529165],[-0.143828,51.529131],[-0.143823,51.529126],[-0.143821,51.529094],[-0.143819,51.529026],[-0.143815,51.528887],[-0.143812,51.528849]]]}},{"type":"Feature","properties":{"LSOA21CD":"E01000947","LSOA21NM":"Camden 021C","MEAN_PTAL_":"6a","mean_AI":35.5714288259,"borough":"Camden"},"geometry":{"type":"Polygon","coordinates":[[[-0.139556,51.53713],[-0.139517,51.537088],[-0.139498,51.537068],[-0.139463,51.537031],[-0.139429,51.536996],[-0.13942,51.536986],[-0.139391,51.536955],[-0.13934,51.536902],[-0.139325,51.536885],[-0.139276,51.536834],[-0.139235,51.536791],[-0.139175,51.536727],[-0.139092,51.53664],[-0.139081,51.536628],[-0.139058,51.536604],[-0.139039,51.536584],[-0.139035,51.536579],[-0.139007,51.53655],[-0.138961,51.536502],[-0.13894,51.536479],[-0.138921,51.536459],[-0.13889,51.536427],[-0.138851,51.536385],[-0.138773,51.536303],[-0.138673,51.536197],[-0.138667,51.536191],[-0.138663,51.536187],[-0.138649,51.53617],[-0.138643,51.536163],[-0.138503,51.535998],[-0.138481,51.535971],[-0.138406,51.535882],[-0.13827,51.535721],[-0.138258,51.535707],[-0.138235,51.535679],[-0.138164,51.535595],[-0.138162,51.535593],[-0.138104,51.535524],[-0.1381,51.535519],[-0.138072,51.535486],[-0.138026,51.535439],[-0.137979,51.53539],[-0.13797,51.53538],[-0.137966,51.535376],[-0.137963,51.535373],[-0.137944,51.535353],[-0.137939,51.535348],[-0.137906,51.535314],[-0.137858,51.535264],[-0.137846,51.535252],[-0.137761,51.535164],[-0.13769,51.535091],[-0.137637,51.535035],[-0.137504,51.534897],[-0.137478,51.534871],[-0.137445,51.534836],[-0.13736,51.534748],[-0.137332,51.534755],[-0.137266,51.534772],[-0.137234,51.53478],[-0.137194,51.53479],[-0.137126,51.534807],[-0.137112,51.53481],[-0.137072,51.53482],[-0.137036,51.53483],[-0.136974,51.534845],[-0.136961,51.534848],[-0.13686,51.534873],[-0.136825,51.534882],[-0.136748,51.534902],[-0.136673,51.53492],[-0.136659,51.534924],[-0.136582,51.534943],[-0.136558,51.534949],[-0.136513,51.53496],[-0.136376,51.534995],[-0.13622,51.535034],[-0.136214,51.535035],[-0.136183,51.535043],[-0.135845,51.535128],[-0.135566,51.535198],[-0.135559,51.5352],[-0.135481,51.535219],[-0.135461,51.535224],[-0.135463,51.535115],[-0.135463,51.535109],[-0.135466,51.534883],[-0.135471,51.534594],[-0.135472,51.534488],[-0.135473,51.534444],[-0.135475,51.534442],[-0.135495,51.534415],[-0.135623,51.534256],[-0.135692,51.534171],[-0.135789,51.534053],[-0.135851,51.533978],[-0.135894,51.533926],[-0.135958,51.533847],[-0.135977,51.533824],[-0.13602,51.533772],[-0.136029,51.533761],[-0.136035,51.533753],[-0.13604,51.533747],[-0.136063,51.53372],[-0.136076,51.533704],[-0.136086,51.533692],[-0.136127,51.533641],[-0.136141,51.533624],[-0.136156,51.533606],[-0.136173,51.533598],[-0.136367,51.533504],[-0.136407,51.533484],[-0.136653,51.533364],[-0.136666,51.533358],[-0.136735,51.533324],[-0.136815,51.533285],[-0.137039,51.533177],[-0.137048,51.533172],[-0.137076,51.533158],[-0.137069,51.533151],[-0.137066,51.533148],[-0.13705,51.533132],[-0.137021,51.533102],[-0.137044,51.533091],[-0.137104,51.533063],[-0.137441,51.532902],[-0.137452,51.532897],[-0.137465,51.532891],[-0.1375,51.532874],[-0.13759,51.532831],[-0.13769,51.532797],[-0.137886,51.532729],[-0.137981,51.532708],[-0.13799,51.532706],[-0.138151,51.532671],[-0.138176,51.532665],[-0.138184,51.532664],[-0.138222,51.532657],[-0.138343,51.532636],[-0.138416,51.532623],[-0.138608,51.532589],[-0.138685,51.532575],[-0.13869,51.532574],[-0.1388,51.53256],[-0.13888,51.53255],[-0.139011,51.532534],[-0.139093,51.532523],[-0.139276,51.5325],[-0.139273,51.532488],[-0.139266,51.532459],[-0.139243,51.532379],[-0.139133,51.531979],[-0.139116,51.531915],[-0.139115,51.531911],[-0.139185,51.531902],[-0.139194,51.531908],[-0.139485,51.531866],[-0.139851,51.531815],[-0.140048,51.531787],[-0.140052,51.531786],[-0.140086,51.531782],[-0.140484,51.531936],[-0.140587,51.53199],[-0.140622,51.532009],[-0.140901,51.532155],[-0.141304,51.53242],[-0.141416,51.532493],[-0.141438,51.532509],[-0.14164,51.53265],[-0.14185,51.532797],[-0.142,51.532902],[-0.142112,51.532981],[-0.142245,51.533074],[-0.142256,51.533081],[-0.142386,51.533172],[-0.142526,51.533282],[-0.142664,51.533417],[-0.142797,51.533547],[-0.143303,51.534041],[-0.14358,51.534315],[-0.143606,51.534335],[-0.143413,51.534407],[-0.143374,51.534421],[-0.143376,51.53443],[-0.142933,51.534611],[-0.142915,51.534592],[-0.14267,51.534348],[-0.142569,51.534247],[-0.142421,51.534099],[-0.142385,51.53406],[-0.14229,51.533956],[-0.142062,51.533707],[-0.142047,51.533706],[-0.141997,51.533703],[-0.141952,51.533701],[-0.141558,51.533682],[-0.14153,51.53368],[-0.141414,51.533673],[-0.141362,51.53367],[-0.141342,51.533668],[-0.141314,51.533667],[-0.141229,51.533663],[-0.14122,51.533662],[-0.141084,51.533656],[-0.141056,51.533655],[-0.140985,51.533658],[-0.140912,51.533653],[-0.140901,51.533647],[-0.140897,51.533645],[-0.140691,51.533637],[-0.140667,51.533636],[-0.140559,51.533631],[-0.140493,51.533629],[-0.140475,51.533726],[-0.140446,51.533839],[-0.140441,51.533861],[-0.140392,51.533986],[-0.140374,51.534012],[-0.140346,51.534051],[-0.1403,51.534116],[-0.140285,51.534137],[-0.140225,51.534199],[-0.14021,51.534217],[-0.140175,51.534206],[-0.140146,51.534232],[-0.140163,51.534244],[-0.140151,51.534252],[-0.140142,51.534255],[-0.140119,51.534262],[-0.140037,51.534289],[-0.140019,51.534295],[-0.139482,51.534394],[-0.139335,51.534455],[-0.139253,51.534472],[-0.139374,51.534567],[-0.139419,51.534603],[-0.13958,51.534588],[-0.139591,51.534584],[-0.139654,51.53457],[-0.13972,51.534569],[-0.139802,51.534583],[-0.139838,51.534594],[-0.139848,51.534599],[-0.139865,51.534606],[-0.13987,51.534609],[-0.139876,51.534625],[-0.139954,51.534802],[-0.140058,51.534773],[-0.140105,51.534759],[-0.140121,51.534755],[-0.140219,51.534727],[-0.140098,51.534617],[-0.140093,51.534615],[-0.14006,51.534602],[-0.140007,51.534589],[-0.139994,51.534585],[-0.140002,51.534572],[-0.140017,51.53455],[-0.14002,51.534545],[-0.140023,51.534537],[-0.140052,51.534492],[-0.140101,51.53446],[-0.14014,51.534454],[-0.140296,51.534428],[-0.14031,51.534425],[-0.140367,51.534461],[-0.140382,51.534469],[-0.140392,51.534472],[-0.140627,51.534354],[-0.140708,51.534381],[-0.140784,51.534347],[-0.140791,51.534344],[-0.140812,51.534334],[-0.140834,51.534325],[-0.140859,51.534265],[-0.140895,51.534176],[-0.140916,51.534178],[-0.14093,51.534181],[-0.14121,51.534257],[-0.141422,51.534221],[-0.141421,51.5342],[-0.141463,51.534255],[-0.141505,51.534292],[-0.141593,51.534386],[-0.141723,51.534527],[-0.141767,51.534574],[-0.141869,51.534684],[-0.141963,51.534784],[-0.141995,51.534819],[-0.142086,51.534917],[-0.142098,51.53493],[-0.141809,51.535017],[-0.141785,51.535024],[-0.141719,51.535044],[-0.141706,51.535048],[-0.141608,51.535077],[-0.141471,51.535118],[-0.141345,51.535157],[-0.14122,51.535196],[-0.141036,51.535253],[-0.141024,51.535257],[-0.141003,51.535264],[-0.141011,51.535273],[-0.141083,51.535358],[-0.141141,51.535428],[-0.141103,51.535439],[-0.141062,51.535452],[-0.140638,51.535584],[-0.140675,51.535721],[-0.140626,51.535775],[-0.140626,51.535793],[-0.140626,51.535801],[-0.140625,51.535829],[-0.140629,51.535835],[-0.140638,51.535847],[-0.140637,51.535853],[-0.140625,51.535899],[-0.140632,51.536069],[-0.140646,51.53611],[-0.140697,51.536182],[-0.140726,51.536223],[-0.140824,51.536279],[-0.140855,51.536296],[-0.140958,51.536338],[-0.141022,51.536364],[-0.141051,51.536376],[-0.14104,51.536396],[-0.141047,51.536461],[-0.141075,51.536693],[-0.141075,51.536696],[-0.140979,51.536744],[-0.140865,51.536792],[-0.140818,51.53681],[-0.14082,51.536873],[-0.140824,51.536889],[-0.140879,51.536939],[-0.140991,51.537042],[-0.141009,51.537058],[-0.141234,51.536974],[-0.141383,51.536945],[-0.141406,51.536941],[-0.141419,51.536879],[-0.141558,51.536862],[-0.141785,51.536835],[-0.141814,51.536831],[-0.14184,51.536739],[-0.141904,51.536739],[-0.142032,51.536772],[-0.142094,51.536817],[-0.142136,51.536847],[-0.142151,51.536858],[-0.142168,51.536871],[-0.141909,51.536962],[-0.141877,51.536974],[-0.141854,51.536982],[-0.141845,51.536985],[-0.141547,51.53709],[-0.141538,51.537093],[-0.141353,51.537158],[-0.141175,51.537221],[-0.141162,51.537225],[-0.141158,51.537227],[-0.141051,51.537132],[-0.140989,51.537157],[-0.140974,51.537163],[-0.140837,51.537219],[-0.140777,51.537244],[-0.140735,51.537261],[-0.140581,51.537324],[-0.140574,51.537326],[-0.140571,51.537328],[-0.140536,51.537342],[-0.140514,51.537351],[-0.140487,51.537362],[-0.140482,51.537364],[-0.140396,51.537399],[-0.140379,51.537406],[-0.140375,51.537408],[-0.140292,51.537442],[-0.14028,51.537447],[-0.140254,51.537457],[-0.140233,51.537466],[-0.140213,51.537473],[-0.140199,51.537477],[-0.140179,51.537484],[-0.140152,51.537493],[-0.140006,51.537542],[-0.139977,51.537551],[-0.139961,51.537557],[-0.13984,51.537429],[-0.139796,51.537383],[-0.139703,51.537285],[-0.139659,51.537238],[-0.139602,51.537178],[-0.139563,51.537137],[-0.139556,51.53713]]]}},{"type":"Feature","properties":{"LSOA21CD":"E01000948","LSOA21NM":"Camden 021D","MEAN_PTAL_":"5","mean_AI":21.3480532719,"borough":"Camden"},"geometry":{"type":"Polygon","coordinates":[[[-0.147882,51.536634],[-0.14775,51.536573],[-0.147473,51.536445],[-0.147469,51.536442],[-0.147346,51.536386],[-0.147281,51.536357],[-0.147151,51.5363],[-0.147076,51.536268],[-0.147067,51.536264],[-0.147003,51.536236],[-0.146876,51.536181],[-0.14684,51.536165],[-0.146829,51.53616],[-0.146797,51.536146],[-0.146736,51.536212],[-0.146717,51.536232],[-0.146669,51.536284],[-0.146665,51.536288],[-0.146661,51.536293],[-0.14664,51.536316],[-0.146637,51.536319],[-0.146633,51.536324],[-0.146627,51.53633],[-0.146581,51.53638],[-0.146528,51.536438],[-0.146485,51.536485],[-0.146395,51.536583],[-0.146386,51.536592],[-0.14638,51.536598],[-0.146263,51.536712],[-0.146234,51.53674],[-0.146223,51.53675],[-0.146192,51.536775],[-0.146047,51.53669],[-0.146036,51.536684],[-0.145985,51.536654],[-0.145791,51.536541],[-0.145688,51.536481],[-0.145617,51.536469],[-0.14551,51.53645],[-0.145454,51.536441],[-0.145443,51.536439],[-0.145421,51.536437],[-0.14536,51.536432],[-0.145319,51.536428],[-0.145276,51.536425],[-0.145195,51.536418],[-0.145162,51.536415],[-0.145099,51.53641],[-0.145081,51.536408],[-0.145016,51.536402],[-0.14499,51.5364],[-0.144925,51.536394],[-0.144865,51.536389],[-0.14479,51.536382],[-0.144781,51.536382],[-0.14469,51.536386],[-0.144587,51.53639],[-0.144446,51.536396],[-0.144435,51.536397],[-0.144341,51.536401],[-0.144336,51.536401],[-0.144265,51.536404],[-0.143756,51.536426],[-0.143681,51.536433],[-0.143569,51.536448],[-0.143528,51.536454],[-0.143519,51.536455],[-0.143493,51.536459],[-0.143377,51.536475],[-0.14335,51.536484],[-0.143292,51.536502],[-0.143256,51.536513],[-0.143218,51.536525],[-0.143213,51.536527],[-0.143117,51.536558],[-0.143106,51.536561],[-0.143075,51.536571],[-0.14305,51.536579],[-0.142942,51.536613],[-0.142872,51.536636],[-0.142858,51.53664],[-0.14284,51.536646],[-0.142719,51.536684],[-0.142605,51.53672],[-0.142594,51.536724],[-0.1425,51.536754],[-0.142409,51.536786],[-0.142378,51.536797],[-0.142361,51.536803],[-0.142278,51.536832],[-0.142168,51.536871],[-0.142151,51.536858],[-0.142136,51.536847],[-0.142094,51.536817],[-0.142032,51.536772],[-0.141904,51.536739],[-0.14184,51.536739],[-0.141814,51.536831],[-0.141785,51.536835],[-0.141558,51.536862],[-0.141419,51.536879],[-0.141406,51.536941],[-0.141383,51.536945],[-0.141234,51.536974],[-0.141009,51.537058],[-0.140991,51.537042],[-0.140879,51.536939],[-0.140824,51.536889],[-0.14082,51.536873],[-0.140818,51.53681],[-0.140865,51.536792],[-0.140979,51.536744],[-0.141075,51.536696],[-0.141075,51.536693],[-0.141047,51.536461],[-0.14104,51.536396],[-0.141051,51.536376],[-0.141022,51.536364],[-0.140958,51.536338],[-0.140855,51.536296],[-0.140824,51.536279],[-0.140726,51.536223],[-0.140697,51.536182],[-0.140646,51.53611],[-0.140632,51.536069],[-0.140625,51.535899],[-0.140637,51.535853],[-0.140638,51.535847],[-0.140629,51.535835],[-0.140625,51.535829],[-0.140626,51.535801],[-0.140626,51.535793],[-0.140626,51.535775],[-0.140675,51.535721],[-0.140638,51.535584],[-0.141062,51.535452],[-0.141103,51.535439],[-0.141141,51.535428],[-0.141083,51.535358],[-0.141011,51.535273],[-0.141003,51.535264],[-0.141024,51.535257],[-0.141036,51.535253],[-0.14122,51.535196],[-0.141345,51.535157],[-0.141471,51.535118],[-0.141608,51.535077],[-0.141706,51.535048],[-0.141719,51.535044],[-0.141785,51.535024],[-0.141809,51.535017],[-0.142098,51.53493],[-0.142086,51.534917],[-0.141995,51.534819],[-0.141963,51.534784],[-0.141869,51.534684],[-0.141767,51.534574],[-0.141723,51.534527],[-0.141593,51.534386],[-0.141505,51.534292],[-0.141463,51.534255],[-0.141421,51.5342],[-0.141422,51.534221],[-0.14121,51.534257],[-0.14093,51.534181],[-0.140916,51.534178],[-0.140895,51.534176],[-0.140859,51.534265],[-0.140834,51.534325],[-0.140812,51.534334],[-0.140791,51.534344],[-0.140784,51.534347],[-0.140708,51.534381],[-0.140627,51.534354],[-0.140392,51.534472],[-0.140382,51.534469],[-0.140367,51.534461],[-0.14031,51.534425],[-0.140296,51.534428],[-0.14014,51.534454],[-0.140101,51.53446],[-0.140052,51.534492],[-0.140023,51.534537],[-0.14002,51.534545],[-0.140017,51.53455],[-0.140002,51.534572],[-0.139994,51.534585],[-0.140007,51.534589],[-0.14006,51.534602],[-0.140093,51.534615],[-0.140098,51.534617],[-0.140219,51.534727],[-0.140121,51.534755],[-0.140105,51.534759],[-0.140058,51.534773],[-0.139954,51.534802],[-0.139876,51.534625],[-0.13987,51.534609],[-0.139865,51.534606],[-0.139848,51.534599],[-0.139838,51.534594],[-0.139802,51.534583],[-0.13972,51.534569],[-0.139654,51.53457],[-0.139591,51.534584],[-0.13958,51.534588],[-0.139419,51.534603],[-0.139374,51.534567],[-0.139253,51.534472],[-0.139335,51.534455],[-0.139482,51.534394],[-0.140019,51.534295],[-0.140037,51.534289],[-0.140119,51.534262],[-0.140142,51.534255],[-0.140151,51.534252],[-0.140163,51.534244],[-0.140146,51.534232],[-0.140175,51.534206],[-0.14021,51.534217],[-0.140225,51.534199],[-0.140285,51.534137],[-0.1403,51.534116],[-0.140346,51.534051],[-0.140374,51.534012],[-0.140392,51.533986],[-0.140441,51.533861],[-0.140446,51.533839],[-0.140475,51.533726],[-0.140493,51.533629],[-0.140559,51.533631],[-0.140667,51.533636],[-0.140691,51.533637],[-0.140897,51.533645],[-0.140901,51.533647],[-0.140912,51.533653],[-0.140985,51.533658],[-0.141056,51.533655],[-0.141084,51.533656],[-0.14122,51.533662],[-0.141229,51.533663],[-0.141314,51.533667],[-0.141342,51.533668],[-0.141362,51.53367],[-0.141414,51.533673],[-0.14153,51.53368],[-0.141558,51.533682],[-0.141952,51.533701],[-0.141997,51.533703],[-0.142047,51.533706],[-0.142062,51.533707],[-0.14229,51.533956],[-0.142385,51.53406],[-0.142421,51.534099],[-0.142569,51.534247],[-0.14267,51.534348],[-0.142915,51.534592],[-0.142933,51.534611],[-0.143376,51.53443],[-0.143374,51.534421],[-0.143413,51.534407],[-0.143606,51.534335],[-0.143841,51.53424],[-0.143886,51.534221],[-0.143866,51.534175],[-0.143847,51.534131],[-0.143787,51.533977],[-0.143746,51.53387],[-0.143703,51.53376],[-0.143691,51.533737],[-0.143623,51.533605],[-0.143533,51.53346],[-0.143505,51.533415],[-0.143952,51.533365],[-0.143993,51.533368],[-0.144899,51.533428],[-0.144966,51.533381],[-0.144987,51.533365],[-0.145041,51.533365],[-0.145087,51.533364],[-0.145097,51.533368],[-0.145314,51.533439],[-0.145328,51.533436],[-0.1455,51.5334],[-0.145985,51.5333],[-0.146024,51.533292],[-0.146364,51.533222],[-0.146355,51.533198],[-0.146348,51.533178],[-0.146345,51.533169],[-0.146335,51.53316],[-0.146315,51.533107],[-0.14632,51.533086],[-0.146319,51.533084],[-0.146301,51.533042],[-0.146252,51.532996],[-0.146255,51.53297],[-0.14621,51.532883],[-0.146187,51.532863],[-0.146183,51.53286],[-0.145865,51.53294],[-0.145827,51.532949],[-0.145778,51.532839],[-0.145748,51.532773],[-0.145731,51.532733],[-0.145721,51.532712],[-0.145738,51.53271],[-0.14576,51.532706],[-0.14588,51.532685],[-0.146012,51.532663],[-0.146026,51.532654],[-0.146042,51.532636],[-0.146042,51.532619],[-0.146033,51.532598],[-0.145989,51.532497],[-0.146065,51.532484],[-0.146075,51.532484],[-0.146339,51.532508],[-0.146347,51.532508],[-0.146438,51.532494],[-0.146886,51.532422],[-0.147056,51.532808],[-0.147074,51.532848],[-0.147145,51.533008],[-0.147158,51.533038],[-0.147162,51.533046],[-0.147203,51.53314],[-0.147207,51.533149],[-0.147363,51.53352],[-0.147374,51.533548],[-0.14741,51.533625],[-0.147454,51.53372],[-0.147497,51.533817],[-0.147625,51.534109],[-0.14763,51.534119],[-0.14768,51.534231],[-0.147683,51.534238],[-0.147686,51.534245],[-0.147727,51.534336],[-0.147809,51.534518],[-0.147861,51.534634],[-0.147883,51.534683],[-0.147907,51.534737],[-0.147943,51.534816],[-0.147962,51.534856],[-0.147973,51.534879],[-0.148027,51.534993],[-0.148104,51.535154],[-0.148116,51.535178],[-0.148129,51.535205],[-0.148131,51.535209],[-0.148221,51.535423],[-0.14825,51.535466],[-0.148275,51.535504],[-0.148337,51.535581],[-0.148385,51.535641],[-0.148455,51.535705],[-0.148567,51.535788],[-0.148651,51.535843],[-0.148918,51.536009],[-0.149017,51.536065],[-0.149257,51.536176],[-0.149357,51.536214],[-0.150061,51.536388],[-0.150071,51.536391],[-0.150809,51.536574],[-0.151141,51.536656],[-0.151241,51.536675],[-0.151457,51.536688],[-0.151761,51.536674],[-0.151905,51.536659],[-0.152114,51.53663],[-0.152224,51.536614],[-0.152309,51.536603],[-0.152615,51.537307],[-0.152704,51.537514],[-0.152708,51.537521],[-0.152664,51.537524],[-0.152615,51.537527],[-0.152567,51.53753],[-0.152464,51.537537],[-0.152399,51.537538],[-0.152164,51.537544],[-0.151985,51.537549],[-0.151832,51.537549],[-0.15156,51.537539],[-0.151295,51.537519],[-0.151258,51.537517],[-0.151005,51.537483],[-0.15095,51.537476],[-0.150907,51.53747],[-0.150797,51.537455],[-0.150738,51.537448],[-0.150626,51.537433],[-0.150536,51.537422],[-0.150526,51.537421],[-0.150519,51.53742],[-0.15028,51.537393],[-0.150139,51.53737],[-0.150099,51.537364],[-0.150022,51.537347],[-0.149963,51.537334],[-0.149731,51.537271],[-0.14968,51.537256],[-0.149577,51.537226],[-0.149468,51.537194],[-0.149442,51.537187],[-0.149333,51.537152],[-0.149186,51.537105],[-0.149148,51.537095],[-0.149053,51.537072],[-0.149045,51.537069],[-0.148876,51.537027],[-0.148626,51.536936],[-0.148602,51.536926],[-0.148139,51.536744],[-0.148044,51.536703],[-0.147957,51.536666],[-0.147953,51.536664],[-0.147925,51.536653],[-0.147915,51.536648],[-0.147882,51.536634]]]}},{"type":"Feature","properties":{"LSOA21CD":"E01000949","LSOA21NM":"Camden 023C","MEAN_PTAL_":"5","mean_AI":24.4156671298,"borough":"Camden"},"geometry":{"type":"Polygon","coordinates":[[[-0.142747,51.532467],[-0.14258,51.532344],[-0.142569,51.532349],[-0.142517,51.5323],[-0.142268,51.532161],[-0.142255,51.532154],[-0.142044,51.532025],[-0.141914,51.531951],[-0.141672,51.531812],[-0.141654,51.531802],[-0.141607,51.531775],[-0.141495,51.531708],[-0.141311,51.531599],[-0.141294,51.531602],[-0.141279,51.531604],[-0.141269,51.531599],[-0.141267,51.531606],[-0.141195,51.531616],[-0.141194,51.531612],[-0.141192,51.531606],[-0.141166,51.531532],[-0.141161,51.531518],[-0.141063,51.531238],[-0.14104,51.531172],[-0.141016,51.531099],[-0.140985,51.531063],[-0.140981,51.53105],[-0.140994,51.531035],[-0.140977,51.530983],[-0.140965,51.530946],[-0.140865,51.530649],[-0.140783,51.530404],[-0.140775,51.530334],[-0.140802,51.53032],[-0.140823,51.530282],[-0.140882,51.530176],[-0.141147,51.530191],[-0.141288,51.530108],[-0.141473,51.53011],[-0.14148,51.530111],[-0.141619,51.530113],[-0.14163,51.530284],[-0.141646,51.530296],[-0.141647,51.530312],[-0.141648,51.530321],[-0.14168,51.530319],[-0.141685,51.530321],[-0.141729,51.530317],[-0.141781,51.530312],[-0.141801,51.529816],[-0.141895,51.529754],[-0.141884,51.52971],[-0.14188,51.529692],[-0.141924,51.529659],[-0.14193,51.529654],[-0.141943,51.529645],[-0.143118,51.529605],[-0.143212,51.529601],[-0.143296,51.529598],[-0.143342,51.529536],[-0.14337,51.529444],[-0.143372,51.529382],[-0.143697,51.529385],[-0.14383,51.529386],[-0.143834,51.529386],[-0.143836,51.529427],[-0.143849,51.529436],[-0.144268,51.529429],[-0.14437,51.529427],[-0.144377,51.529607],[-0.144381,51.529625],[-0.144401,51.529724],[-0.144492,51.529916],[-0.144528,51.529993],[-0.144534,51.530005],[-0.144513,51.530008],[-0.14438,51.530031],[-0.144011,51.530095],[-0.143643,51.530156],[-0.143561,51.530169],[-0.143595,51.530245],[-0.143662,51.5304],[-0.143753,51.530605],[-0.14385,51.530603],[-0.143918,51.530641],[-0.143924,51.53064],[-0.14452,51.530621],[-0.144529,51.530627],[-0.144371,51.5309],[-0.144298,51.531025],[-0.144379,51.531046],[-0.144388,51.531048],[-0.144619,51.531002],[-0.14463,51.530994],[-0.144663,51.530969],[-0.144684,51.530955],[-0.144756,51.530902],[-0.144781,51.530909],[-0.144838,51.530936],[-0.144873,51.530958],[-0.144918,51.530996],[-0.144922,51.531007],[-0.144995,51.531181],[-0.145003,51.53118],[-0.145021,51.531178],[-0.145047,51.5312],[-0.14506,51.531236],[-0.145094,51.531312],[-0.145096,51.531315],[-0.145111,51.531348],[-0.145072,51.531354],[-0.145067,51.531362],[-0.145054,51.531364],[-0.144939,51.531384],[-0.144844,51.531401],[-0.144815,51.531406],[-0.144789,51.531411],[-0.144742,51.531419],[-0.144623,51.531468],[-0.144579,51.531493],[-0.144468,51.531576],[-0.144442,51.5316],[-0.144371,51.53168],[-0.144368,51.531685],[-0.144401,51.531748],[-0.143496,51.531906],[-0.143318,51.531937],[-0.143372,51.532067],[-0.143571,51.532554],[-0.143609,51.532648],[-0.143469,51.532667],[-0.143399,51.532688],[-0.143072,51.532783],[-0.143048,51.532758],[-0.143024,51.532732],[-0.142886,51.532587],[-0.142747,51.532467]]]}},{"type":"Feature","properties":{"LSOA21CD":"E01000951","LSOA21NM":"Camden 023E","MEAN_PTAL_":"6a","mean_AI":38.2972956914,"borough":"Camden"},"geometry":{"type":"Polygon","coordinates":[[[-0.140773,51.530314],[-0.140746,51.529859],[-0.140742,51.529794],[-0.140736,51.529691],[-0.14073,51.529585],[-0.140723,51.529405],[-0.140724,51.529391],[-0.140709,51.529391],[-0.140688,51.529404],[-0.140275,51.529398],[-0.140271,51.529395],[-0.140263,51.52939],[-0.140219,51.52939],[-0.140105,51.52939],[-0.140088,51.529395],[-0.139787,51.52939],[-0.139736,51.52939],[-0.139715,51.529389],[-0.139689,51.52908],[-0.139686,51.529038],[-0.139631,51.529037],[-0.139623,51.529037],[-0.139412,51.529033],[-0.139152,51.529038],[-0.139152,51.529025],[-0.139146,51.528668],[-0.139146,51.528663],[-0.139146,51.528659],[-0.139144,51.528544],[-0.139244,51.528545],[-0.139417,51.528548],[-0.139504,51.528549],[-0.13956,51.52855],[-0.139504,51.528523],[-0.139006,51.528277],[-0.139252,51.52821],[-0.139183,51.528145],[-0.139362,51.528143],[-0.139774,51.52814],[-0.139825,51.52814],[-0.13994,51.528139],[-0.140035,51.528138],[-0.14015,51.528223],[-0.14016,51.528263],[-0.140177,51.52836],[-0.140134,51.528393],[-0.140124,51.528402],[-0.140126,51.528519],[-0.140127,51.528543],[-0.140196,51.528542],[-0.140471,51.528538],[-0.140547,51.528537],[-0.140729,51.528534],[-0.14073,51.528516],[-0.140788,51.528516],[-0.1408,51.528237],[-0.140801,51.528206],[-0.140804,51.528129],[-0.140805,51.528101],[-0.140805,51.528093],[-0.140809,51.528012],[-0.140812,51.527924],[-0.140814,51.527878],[-0.140815,51.52785],[-0.140816,51.527842],[-0.140816,51.527836],[-0.140817,51.52782],[-0.140821,51.527768],[-0.140828,51.527653],[-0.140831,51.527614],[-0.140835,51.527559],[-0.140839,51.5275],[-0.140843,51.527428],[-0.140845,51.527401],[-0.140849,51.527348],[-0.140852,51.527294],[-0.140852,51.527282],[-0.140847,51.52721],[-0.140845,51.527188],[-0.140845,51.527184],[-0.140844,51.527159],[-0.140889,51.527158],[-0.141171,51.527155],[-0.141224,51.527154],[-0.141233,51.527154],[-0.141248,51.527154],[-0.141321,51.527169],[-0.141344,51.527178],[-0.14139,51.527197],[-0.141397,51.5272],[-0.141413,51.527209],[-0.141478,51.52725],[-0.141533,51.527286],[-0.141523,51.527291],[-0.141464,51.527318],[-0.141444,51.527329],[-0.141437,51.527334],[-0.141409,51.52736],[-0.141405,51.527364],[-0.141371,51.527404],[-0.141357,51.52742],[-0.141302,51.527511],[-0.141301,51.527515],[-0.141301,51.527566],[-0.141301,51.527574],[-0.141307,51.527584],[-0.141369,51.527657],[-0.141386,51.527676],[-0.141427,51.527712],[-0.141417,51.527721],[-0.141405,51.527738],[-0.141394,51.527755],[-0.141374,51.527795],[-0.141324,51.527889],[-0.14147,51.527892],[-0.141473,51.527915],[-0.141488,51.528023],[-0.141491,51.52805],[-0.141438,51.528066],[-0.14142,51.528071],[-0.141419,51.528077],[-0.14142,51.528104],[-0.141427,51.528149],[-0.141546,51.528206],[-0.141574,51.528217],[-0.141592,51.528223],[-0.1416,51.528225],[-0.141614,51.528227],[-0.14174,51.52824],[-0.141807,51.528232],[-0.141825,51.528232],[-0.141846,51.528232],[-0.14186,51.52823],[-0.141897,51.528226],[-0.141932,51.528227],[-0.141937,51.528227],[-0.142011,51.528237],[-0.142019,51.52824],[-0.142153,51.528291],[-0.142214,51.528321],[-0.142224,51.528326],[-0.142258,51.528348],[-0.142239,51.528445],[-0.1424,51.528523],[-0.142419,51.528532],[-0.14259,51.528535],[-0.142757,51.528532],[-0.142931,51.528528],[-0.143055,51.528525],[-0.143066,51.528525],[-0.143064,51.528572],[-0.143062,51.528615],[-0.143084,51.528761],[-0.143085,51.528767],[-0.143095,51.528768],[-0.143099,51.528769],[-0.143245,51.528768],[-0.143288,51.528769],[-0.143319,51.528769],[-0.143457,51.528769],[-0.14351,51.528769],[-0.143589,51.52877],[-0.143704,51.52877],[-0.143805,51.52877],[-0.143812,51.528849],[-0.143815,51.528887],[-0.143819,51.529026],[-0.143821,51.529094],[-0.143823,51.529126],[-0.143828,51.529131],[-0.143823,51.529141],[-0.143834,51.529386],[-0.14383,51.529386],[-0.143697,51.529385],[-0.143372,51.529382],[-0.14337,51.529444],[-0.143342,51.529536],[-0.143296,51.529598],[-0.143212,51.529601],[-0.143118,51.529605],[-0.141943,51.529645],[-0.14193,51.529654],[-0.141924,51.529659],[-0.14188,51.529692],[-0.141884,51.52971],[-0.141895,51.529754],[-0.141801,51.529816],[-0.141781,51.530312],[-0.141729,51.530317],[-0.141685,51.530321],[-0.14168,51.530319],[-0.141648,51.530321],[-0.141647,51.530312],[-0.141646,51.530296],[-0.14163,51.530284],[-0.141619,51.530113],[-0.14148,51.530111],[-0.141473,51.53011],[-0.141288,51.530108],[-0.141147,51.530191],[-0.140882,51.530176],[-0.140823,51.530282],[-0.140802,51.53032],[-0.140775,51.530334],[-0.140773,51.530314]]]}},{"type":"Feature","properties":{"LSOA21CD":"E01000952","LSOA21NM":"Camden 022A","MEAN_PTAL_":"6b","mean_AI":51.2589054919,"borough":"Camden"},"geometry":{"type":"Polygon","coordinates":[[[-0.134991,51.535514],[-0.134944,51.535354],[-0.134932,51.53531],[-0.134925,51.535288],[-0.13488,51.535135],[-0.134873,51.535133],[-0.134496,51.535018],[-0.134321,51.534779],[-0.134336,51.534487],[-0.13395,51.534634],[-0.133664,51.53476],[-0.133712,51.534806],[-0.133523,51.534881],[-0.133388,51.534935],[-0.133213,51.535005],[-0.133169,51.53504],[-0.133059,51.535121],[-0.133062,51.535134],[-0.133023,51.535181],[-0.133001,51.535164],[-0.13299,51.535172],[-0.13282,51.535089],[-0.13281,51.535086],[-0.132721,51.53506],[-0.13255,51.535003],[-0.132539,51.535002],[-0.132307,51.534964],[-0.132122,51.534943],[-0.132127,51.534895],[-0.132127,51.53489],[-0.132122,51.534887],[-0.132123,51.534871],[-0.13211,51.534844],[-0.132082,51.534807],[-0.13183,51.534624],[-0.131821,51.534617],[-0.131816,51.534614],[-0.131795,51.534607],[-0.131788,51.534605],[-0.131722,51.53457],[-0.131613,51.534501],[-0.131784,51.534397],[-0.131796,51.534381],[-0.131816,51.534356],[-0.131825,51.534332],[-0.131791,51.534304],[-0.131784,51.534298],[-0.131778,51.534291],[-0.131744,51.534263],[-0.131738,51.534257],[-0.131732,51.53425],[-0.131726,51.534245],[-0.131716,51.534237],[-0.13171,51.53423],[-0.131688,51.534212],[-0.131685,51.53421],[-0.131673,51.5342],[-0.13167,51.534197],[-0.131616,51.534155],[-0.131606,51.534144],[-0.131597,51.534136],[-0.131588,51.534129],[-0.131579,51.534122],[-0.131576,51.534119],[-0.13157,51.534114],[-0.131557,51.534105],[-0.131532,51.534077],[-0.131515,51.534063],[-0.131512,51.534059],[-0.131491,51.534035],[-0.131485,51.534028],[-0.131481,51.534025],[-0.131468,51.534024],[-0.131454,51.534022],[-0.131391,51.534005],[-0.131375,51.533999],[-0.131336,51.533982],[-0.131321,51.533972],[-0.131303,51.533959],[-0.131205,51.533842],[-0.131336,51.53379],[-0.131352,51.533784],[-0.131397,51.533766],[-0.131472,51.533736],[-0.131559,51.533701],[-0.13157,51.533697],[-0.13158,51.533693],[-0.131731,51.533842],[-0.131743,51.533853],[-0.131748,51.533854],[-0.131754,51.533851],[-0.131877,51.533786],[-0.131886,51.533783],[-0.131946,51.533769],[-0.131974,51.533767],[-0.131981,51.533767],[-0.131992,51.533767],[-0.13212,51.533775],[-0.132122,51.533763],[-0.132125,51.533747],[-0.132127,51.533741],[-0.132116,51.533693],[-0.132114,51.533685],[-0.132086,51.533639],[-0.132096,51.533635],[-0.13235,51.533546],[-0.132391,51.533532],[-0.132283,51.533425],[-0.132237,51.533443],[-0.132224,51.53343],[-0.132197,51.533406],[-0.132125,51.533327],[-0.132123,51.533324],[-0.132092,51.53329],[-0.132031,51.533224],[-0.132001,51.533191],[-0.13199,51.533179],[-0.131919,51.533102],[-0.131911,51.533093],[-0.131891,51.533071],[-0.131849,51.533026],[-0.131802,51.532974],[-0.131583,51.532735],[-0.131404,51.532538],[-0.131417,51.53253],[-0.131865,51.532487],[-0.131921,51.532419],[-0.131944,51.5324],[-0.132028,51.532332],[-0.132114,51.532263],[-0.13213,51.53225],[-0.132141,51.532244],[-0.132225,51.532239],[-0.132395,51.532246],[-0.132734,51.532276],[-0.132778,51.532327],[-0.132837,51.532305],[-0.132861,51.532329],[-0.13298,51.532442],[-0.133221,51.532671],[-0.133238,51.532687],[-0.133243,51.532692],[-0.133283,51.53273],[-0.133444,51.532883],[-0.133611,51.533042],[-0.133698,51.533008],[-0.133704,51.533006],[-0.133933,51.532916],[-0.134044,51.532873],[-0.134254,51.532791],[-0.134343,51.532757],[-0.134358,51.532748],[-0.134488,51.532696],[-0.134509,51.532688],[-0.134783,51.532577],[-0.134879,51.532539],[-0.134946,51.532511],[-0.135003,51.532489],[-0.135137,51.532621],[-0.135162,51.532629],[-0.135165,51.532636],[-0.135171,51.532655],[-0.13523,51.532713],[-0.135275,51.532758],[-0.135295,51.532777],[-0.135363,51.532845],[-0.135407,51.532826],[-0.13552,51.532911],[-0.135548,51.532933],[-0.135637,51.53297],[-0.135732,51.533011],[-0.135746,51.533004],[-0.135841,51.532955],[-0.135893,51.532928],[-0.136097,51.532824],[-0.136317,51.53271],[-0.136462,51.532636],[-0.136516,51.532608],[-0.136502,51.532592],[-0.13683,51.532446],[-0.136875,51.532484],[-0.136871,51.532512],[-0.137167,51.532682],[-0.137174,51.532686],[-0.137484,51.532865],[-0.1375,51.532874],[-0.137465,51.532891],[-0.137452,51.532897],[-0.137441,51.532902],[-0.137104,51.533063],[-0.137044,51.533091],[-0.137021,51.533102],[-0.13705,51.533132],[-0.137066,51.533148],[-0.137069,51.533151],[-0.137076,51.533158],[-0.137048,51.533172],[-0.137039,51.533177],[-0.136815,51.533285],[-0.136735,51.533324],[-0.136666,51.533358],[-0.136653,51.533364],[-0.136407,51.533484],[-0.136367,51.533504],[-0.136173,51.533598],[-0.136156,51.533606],[-0.136141,51.533624],[-0.136127,51.533641],[-0.136086,51.533692],[-0.136076,51.533704],[-0.136063,51.53372],[-0.13604,51.533747],[-0.136035,51.533753],[-0.136029,51.533761],[-0.13602,51.533772],[-0.135977,51.533824],[-0.135958,51.533847],[-0.135894,51.533926],[-0.135851,51.533978],[-0.135789,51.534053],[-0.135692,51.534171],[-0.135623,51.534256],[-0.135495,51.534415],[-0.135475,51.534442],[-0.135473,51.534444],[-0.135472,51.534488],[-0.135471,51.534594],[-0.135466,51.534883],[-0.135463,51.535109],[-0.135463,51.535115],[-0.135461,51.535224],[-0.135481,51.535219],[-0.135559,51.5352],[-0.135566,51.535198],[-0.135845,51.535128],[-0.136183,51.535043],[-0.136214,51.535035],[-0.13622,51.535034],[-0.136376,51.534995],[-0.136513,51.53496],[-0.136558,51.534949],[-0.136582,51.534943],[-0.136659,51.534924],[-0.136673,51.53492],[-0.136748,51.534902],[-0.136825,51.534882],[-0.13686,51.534873],[-0.136961,51.534848],[-0.136974,51.534845],[-0.137036,51.53483],[-0.137072,51.53482],[-0.137112,51.53481],[-0.137126,51.534807],[-0.137194,51.53479],[-0.137234,51.53478],[-0.137266,51.534772],[-0.137332,51.534755],[-0.13736,51.534748],[-0.137445,51.534836],[-0.137478,51.534871],[-0.137504,51.534897],[-0.137637,51.535035],[-0.13769,51.535091],[-0.13768,51.535094],[-0.137504,51.535154],[-0.137482,51.535161],[-0.137421,51.535178],[-0.137305,51.535137],[-0.137238,51.535119],[-0.137161,51.535108],[-0.137133,51.535104],[-0.137078,51.535105],[-0.136998,51.535119],[-0.136889,51.53516],[-0.136838,51.535215],[-0.136806,51.535248],[-0.136776,51.535293],[-0.136769,51.535309],[-0.136726,51.535413],[-0.136717,51.535472],[-0.136717,51.535475],[-0.136563,51.535555],[-0.136397,51.535529],[-0.136018,51.535565],[-0.135993,51.535567],[-0.135752,51.53548],[-0.135734,51.535473],[-0.135608,51.535517],[-0.135601,51.535519],[-0.135396,51.535589],[-0.135382,51.535594],[-0.135292,51.535616],[-0.135276,51.53562],[-0.13513,51.535632],[-0.135103,51.535632],[-0.135057,51.53563],[-0.135024,51.535629],[-0.134994,51.535525],[-0.134991,51.535514]]]}},{"type":"Feature","properties":{"LSOA21CD":"E01000954","LSOA21NM":"Camden 022C","MEAN_PTAL_":"6b","mean_AI":52.2356991842,"borough":"Camden"},"geometry":{"type":"Polygon","coordinates":[[[-0.133221,51.532671],[-0.13298,51.532442],[-0.132861,51.532329],[-0.132837,51.532305],[-0.132859,51.532296],[-0.132909,51.53231],[-0.133274,51.532165],[-0.133322,51.532209],[-0.133362,51.532245],[-0.133571,51.532435],[-0.133574,51.532438],[-0.133649,51.532507],[-0.133789,51.532453],[-0.133821,51.532456],[-0.133936,51.532468],[-0.133952,51.532462],[-0.134034,51.532431],[-0.134043,51.532415],[-0.133976,51.532105],[-0.133981,51.532107],[-0.134407,51.532249],[-0.134597,51.532161],[-0.134637,51.532143],[-0.134776,51.532274],[-0.134776,51.532189],[-0.134785,51.532187],[-0.134877,51.53217],[-0.134889,51.532163],[-0.134911,51.53215],[-0.134951,51.532127],[-0.134694,51.531885],[-0.134631,51.531826],[-0.134946,51.531702],[-0.135024,51.531672],[-0.13497,51.531621],[-0.134907,51.531561],[-0.13486,51.53158],[-0.134834,51.531546],[-0.134895,51.531522],[-0.135221,51.531395],[-0.135069,51.53124],[-0.135095,51.531229],[-0.135113,51.531222],[-0.13512,51.531228],[-0.135255,51.531186],[-0.135392,51.531143],[-0.135521,51.531104],[-0.135557,51.531095],[-0.135725,51.531056],[-0.135798,51.531042],[-0.135808,51.531041],[-0.135984,51.531009],[-0.136062,51.531],[-0.13607,51.530999],[-0.136254,51.530979],[-0.136282,51.530975],[-0.136301,51.530973],[-0.13642,51.530968],[-0.136469,51.530965],[-0.136495,51.530966],[-0.136594,51.530966],[-0.136605,51.530966],[-0.136609,51.530966],[-0.136767,51.530977],[-0.13711,51.531096],[-0.137129,51.531103],[-0.137138,51.531106],[-0.137181,51.531121],[-0.137302,51.531163],[-0.137465,51.53122],[-0.137633,51.531248],[-0.137639,51.531249],[-0.13772,51.531267],[-0.137771,51.531283],[-0.137776,51.531284],[-0.137808,51.531293],[-0.137918,51.531334],[-0.138101,51.531425],[-0.138427,51.531564],[-0.138469,51.531581],[-0.138629,51.531532],[-0.138753,51.531576],[-0.138937,51.531643],[-0.138979,51.531658],[-0.139051,51.531684],[-0.139092,51.531829],[-0.139115,51.531911],[-0.139116,51.531915],[-0.139133,51.531979],[-0.139243,51.532379],[-0.139266,51.532459],[-0.139273,51.532488],[-0.139276,51.5325],[-0.139093,51.532523],[-0.139011,51.532534],[-0.13888,51.53255],[-0.1388,51.53256],[-0.13869,51.532574],[-0.138685,51.532575],[-0.138608,51.532589],[-0.138416,51.532623],[-0.138343,51.532636],[-0.138222,51.532657],[-0.138184,51.532664],[-0.138176,51.532665],[-0.138151,51.532671],[-0.13799,51.532706],[-0.137981,51.532708],[-0.137886,51.532729],[-0.13769,51.532797],[-0.13759,51.532831],[-0.1375,51.532874],[-0.137484,51.532865],[-0.137174,51.532686],[-0.137167,51.532682],[-0.136871,51.532512],[-0.136875,51.532484],[-0.13683,51.532446],[-0.136502,51.532592],[-0.136516,51.532608],[-0.136462,51.532636],[-0.136317,51.53271],[-0.136097,51.532824],[-0.135893,51.532928],[-0.135841,51.532955],[-0.135746,51.533004],[-0.135732,51.533011],[-0.135637,51.53297],[-0.135548,51.532933],[-0.13552,51.532911],[-0.135407,51.532826],[-0.135363,51.532845],[-0.135295,51.532777],[-0.135275,51.532758],[-0.13523,51.532713],[-0.135171,51.532655],[-0.135165,51.532636],[-0.135162,51.532629],[-0.135137,51.532621],[-0.135003,51.532489],[-0.134946,51.532511],[-0.134879,51.532539],[-0.134783,51.532577],[-0.134509,51.532688],[-0.134488,51.532696],[-0.134358,51.532748],[-0.134343,51.532757],[-0.134254,51.532791],[-0.134044,51.532873],[-0.133933,51.532916],[-0.133704,51.533006],[-0.133698,51.533008],[-0.133611,51.533042],[-0.133444,51.532883],[-0.133283,51.53273],[-0.133243,51.532692],[-0.133238,51.532687],[-0.133221,51.532671]]]}},{"type":"Feature","properties":{"LSOA21CD":"E01000955","LSOA21NM":"Camden 022D","MEAN_PTAL_":"6b","mean_AI":66.3741776847,"borough":"Camden"},"geometry":{"type":"Polygon","coordinates":[[[-0.133649,51.532507],[-0.133574,51.532438],[-0.133571,51.532435],[-0.133362,51.532245],[-0.133322,51.532209],[-0.133274,51.532165],[-0.132909,51.53231],[-0.132859,51.532296],[-0.132837,51.532305],[-0.132816,51.532285],[-0.13281,51.532283],[-0.132811,51.53228],[-0.132676,51.532149],[-0.132613,51.532088],[-0.132597,51.532073],[-0.13248,51.53196],[-0.132445,51.531926],[-0.132372,51.531836],[-0.132345,51.531836],[-0.132328,51.531816],[-0.132349,51.531808],[-0.132343,51.5318],[-0.132312,51.531763],[-0.13231,51.53176],[-0.132267,51.531708],[-0.13222,51.531662],[-0.132141,51.531584],[-0.132098,51.531542],[-0.132089,51.531533],[-0.132071,51.531515],[-0.132021,51.531466],[-0.131914,51.531361],[-0.131893,51.53134],[-0.131865,51.531313],[-0.131827,51.531275],[-0.131771,51.53122],[-0.131766,51.531215],[-0.13175,51.5312],[-0.131588,51.53104],[-0.131588,51.531022],[-0.131589,51.531013],[-0.131604,51.530987],[-0.131619,51.530969],[-0.131646,51.530958],[-0.13189,51.530859],[-0.131864,51.530829],[-0.131885,51.530821],[-0.131841,51.530772],[-0.131693,51.530611],[-0.131686,51.530604],[-0.131363,51.53025],[-0.13136,51.530247],[-0.131242,51.530119],[-0.131182,51.530053],[-0.131067,51.530037],[-0.130955,51.529922],[-0.130945,51.529913],[-0.130887,51.529778],[-0.130886,51.529692],[-0.13094,51.529691],[-0.130937,51.529685],[-0.130906,51.529633],[-0.130924,51.529645],[-0.130981,51.529664],[-0.131009,51.529682],[-0.13118,51.529721],[-0.131252,51.529731],[-0.131294,51.529736],[-0.131319,51.529631],[-0.131321,51.529625],[-0.131296,51.529609],[-0.130965,51.52939],[-0.130955,51.529383],[-0.130949,51.529379],[-0.130877,51.529407],[-0.130876,51.529413],[-0.130804,51.52944],[-0.130803,51.529436],[-0.130766,51.529378],[-0.130763,51.529374],[-0.130742,51.52934],[-0.130734,51.529328],[-0.130721,51.529309],[-0.130612,51.52908],[-0.130679,51.529071],[-0.130698,51.529044],[-0.130714,51.529021],[-0.1313,51.528819],[-0.131341,51.528805],[-0.131484,51.528835],[-0.131669,51.528802],[-0.13172,51.528846],[-0.13175,51.528895],[-0.131835,51.529033],[-0.131845,51.52903],[-0.131974,51.52898],[-0.132001,51.528994],[-0.132179,51.529088],[-0.132185,51.52909],[-0.132239,51.529105],[-0.132278,51.529154],[-0.132315,51.52918],[-0.132326,51.529184],[-0.132405,51.529218],[-0.132407,51.529227],[-0.132411,51.529233],[-0.132427,51.529257],[-0.132431,51.529271],[-0.132436,51.529276],[-0.13249,51.529337],[-0.132497,51.529353],[-0.132498,51.529356],[-0.132547,51.529393],[-0.13256,51.529402],[-0.132604,51.529423],[-0.132634,51.529449],[-0.132642,51.529452],[-0.13269,51.529493],[-0.132705,51.529512],[-0.132712,51.529518],[-0.13273,51.529534],[-0.132734,51.529536],[-0.132739,51.529539],[-0.132753,51.529553],[-0.132759,51.529555],[-0.132776,51.529563],[-0.132811,51.529585],[-0.13282,51.529588],[-0.13285,51.529599],[-0.132914,51.529641],[-0.132946,51.529676],[-0.132973,51.529737],[-0.132996,51.529732],[-0.133113,51.529707],[-0.133215,51.529681],[-0.13327,51.529665],[-0.133326,51.529649],[-0.133406,51.529724],[-0.133574,51.529882],[-0.133747,51.530042],[-0.133791,51.530082],[-0.133798,51.530089],[-0.133926,51.530207],[-0.134143,51.530409],[-0.1342,51.530462],[-0.134532,51.530738],[-0.13457,51.530769],[-0.134715,51.53089],[-0.134859,51.531011],[-0.134881,51.531029],[-0.135012,51.531138],[-0.135113,51.531222],[-0.135095,51.531229],[-0.135069,51.53124],[-0.135221,51.531395],[-0.134895,51.531522],[-0.134834,51.531546],[-0.13486,51.53158],[-0.134907,51.531561],[-0.13497,51.531621],[-0.135024,51.531672],[-0.134946,51.531702],[-0.134631,51.531826],[-0.134694,51.531885],[-0.134951,51.532127],[-0.134911,51.53215],[-0.134889,51.532163],[-0.134877,51.53217],[-0.134785,51.532187],[-0.134776,51.532189],[-0.134776,51.532274],[-0.134637,51.532143],[-0.134597,51.532161],[-0.134407,51.532249],[-0.133981,51.532107],[-0.133976,51.532105],[-0.134043,51.532415],[-0.134034,51.532431],[-0.133952,51.532462],[-0.133936,51.532468],[-0.133821,51.532456],[-0.133789,51.532453],[-0.133649,51.532507]]]}},{"type":"Feature","properties":{"LSOA21CD":"E01000956","LSOA21NM":"Camden 022E","MEAN_PTAL_":"6b","mean_AI":80.5523083513,"borough":"Camden"},"geometry":{"type":"Polygon","coordinates":[[[-0.126805,51.53073],[-0.126773,51.530676],[-0.126764,51.530653],[-0.126708,51.530672],[-0.126579,51.530682],[-0.125735,51.530751],[-0.124993,51.530811],[-0.124911,51.530942],[-0.124888,51.530915],[-0.124753,51.530782],[-0.124722,51.530751],[-0.124489,51.530459],[-0.124439,51.53041],[-0.124406,51.530377],[-0.124392,51.530359],[-0.124081,51.53021],[-0.123914,51.530117],[-0.123905,51.530112],[-0.123898,51.530108],[-0.123884,51.530108],[-0.12385,51.530078],[-0.123841,51.530071],[-0.123791,51.530038],[-0.123972,51.529956],[-0.124186,51.52986],[-0.124231,51.52984],[-0.124352,51.529792],[-0.124707,51.52965],[-0.125006,51.529531],[-0.125129,51.529482],[-0.125203,51.529453],[-0.125496,51.529336],[-0.125698,51.529256],[-0.126123,51.529086],[-0.126133,51.529083],[-0.126142,51.529079],[-0.126814,51.528833],[-0.126847,51.528821],[-0.12694,51.528787],[-0.127094,51.528731],[-0.127234,51.528679],[-0.127317,51.528649],[-0.12754,51.52856],[-0.127604,51.528535],[-0.127799,51.528457],[-0.127857,51.528434],[-0.127895,51.528419],[-0.128046,51.528359],[-0.128087,51.528342],[-0.128364,51.528232],[-0.128373,51.528229],[-0.128543,51.528161],[-0.128582,51.528145],[-0.128782,51.528066],[-0.129207,51.527897],[-0.129323,51.52785],[-0.129426,51.527809],[-0.129569,51.527752],[-0.129648,51.52772],[-0.129899,51.527621],[-0.129907,51.527618],[-0.130173,51.527523],[-0.130366,51.527454],[-0.130423,51.527434],[-0.130509,51.527403],[-0.130552,51.527389],[-0.130766,51.527322],[-0.130828,51.527379],[-0.13106,51.527594],[-0.131192,51.527716],[-0.131286,51.527803],[-0.131338,51.527851],[-0.13136,51.527872],[-0.131377,51.527888],[-0.131636,51.528129],[-0.131897,51.528372],[-0.1319,51.528375],[-0.131987,51.528452],[-0.13211,51.528561],[-0.13223,51.528667],[-0.132245,51.52868],[-0.132398,51.528815],[-0.13251,51.528913],[-0.132585,51.52898],[-0.13268,51.529064],[-0.132686,51.529069],[-0.13285,51.529214],[-0.132952,51.529304],[-0.133014,51.529359],[-0.133058,51.529397],[-0.133063,51.529402],[-0.133113,51.529449],[-0.133138,51.529472],[-0.133165,51.529497],[-0.133187,51.529518],[-0.133208,51.529537],[-0.133326,51.529649],[-0.13327,51.529665],[-0.133215,51.529681],[-0.133113,51.529707],[-0.132996,51.529732],[-0.132973,51.529737],[-0.132946,51.529676],[-0.132914,51.529641],[-0.13285,51.529599],[-0.13282,51.529588],[-0.132811,51.529585],[-0.132776,51.529563],[-0.132759,51.529555],[-0.132753,51.529553],[-0.132739,51.529539],[-0.132734,51.529536],[-0.13273,51.529534],[-0.132712,51.529518],[-0.132705,51.529512],[-0.13269,51.529493],[-0.132642,51.529452],[-0.132634,51.529449],[-0.132604,51.529423],[-0.13256,51.529402],[-0.132547,51.529393],[-0.132498,51.529356],[-0.132497,51.529353],[-0.13249,51.529337],[-0.132436,51.529276],[-0.132431,51.529271],[-0.132427,51.529257],[-0.132411,51.529233],[-0.132407,51.529227],[-0.132405,51.529218],[-0.132326,51.529184],[-0.132315,51.52918],[-0.132278,51.529154],[-0.132239,51.529105],[-0.132185,51.52909],[-0.132179,51.529088],[-0.132001,51.528994],[-0.131974,51.52898],[-0.131845,51.52903],[-0.131835,51.529033],[-0.13175,51.528895],[-0.13172,51.528846],[-0.131669,51.528802],[-0.131484,51.528835],[-0.131341,51.528805],[-0.1313,51.528819],[-0.130714,51.529021],[-0.130698,51.529044],[-0.130679,51.529071],[-0.130612,51.52908],[-0.130721,51.529309],[-0.130734,51.529328],[-0.130742,51.52934],[-0.130763,51.529374],[-0.130766,51.529378],[-0.130803,51.529436],[-0.130804,51.52944],[-0.130876,51.529413],[-0.130877,51.529407],[-0.130949,51.529379],[-0.130955,51.529383],[-0.130965,51.52939],[-0.131296,51.529609],[-0.131321,51.529625],[-0.131319,51.529631],[-0.131294,51.529736],[-0.131252,51.529731],[-0.13118,51.529721],[-0.131009,51.529682],[-0.130981,51.529664],[-0.130924,51.529645],[-0.130906,51.529633],[-0.130937,51.529685],[-0.13094,51.529691],[-0.130886,51.529692],[-0.130887,51.529778],[-0.130945,51.529913],[-0.130955,51.529922],[-0.131067,51.530037],[-0.131182,51.530053],[-0.131242,51.530119],[-0.13136,51.530247],[-0.131363,51.53025],[-0.131686,51.530604],[-0.131693,51.530611],[-0.131841,51.530772],[-0.131885,51.530821],[-0.131864,51.530829],[-0.131513,51.530969],[-0.131467,51.530987],[-0.131446,51.530996],[-0.131432,51.530983],[-0.131429,51.53098],[-0.131405,51.530958],[-0.131415,51.530955],[-0.131242,51.530778],[-0.131211,51.530747],[-0.131159,51.530727],[-0.13115,51.530724],[-0.13109,51.530701],[-0.131082,51.530698],[-0.130677,51.530858],[-0.130659,51.530865],[-0.130627,51.530867],[-0.13057,51.530863],[-0.130382,51.530782],[-0.130377,51.530784],[-0.129889,51.530977],[-0.129917,51.530996],[-0.12997,51.531048],[-0.130255,51.531334],[-0.130345,51.531423],[-0.130318,51.531435],[-0.130279,51.531448],[-0.130076,51.531513],[-0.130018,51.531532],[-0.130035,51.531549],[-0.129896,51.531605],[-0.129848,51.531624],[-0.129438,51.531789],[-0.129133,51.531915],[-0.128891,51.532015],[-0.128748,51.532074],[-0.128601,51.532129],[-0.128595,51.532131],[-0.128046,51.532336],[-0.127944,51.532374],[-0.12787,51.532402],[-0.127814,51.532418],[-0.127724,51.532445],[-0.127722,51.532442],[-0.127683,51.532372],[-0.127201,51.531483],[-0.127054,51.531202],[-0.126937,51.530953],[-0.126934,51.530948],[-0.126805,51.53073]]]}},{"type":"Feature","properties":{"LSOA21CD":"E01000957","LSOA21NM":"Camden 019C","MEAN_PTAL_":"4","mean_AI":19.5302692152,"borough":"Camden"},"geometry":{"type":"Polygon","coordinates":[[[-0.131063,51.542193],[-0.131058,51.542179],[-0.131044,51.542137],[-0.131041,51.542128],[-0.131038,51.54212],[-0.13127,51.542147],[-0.131621,51.542187],[-0.131627,51.542187],[-0.131718,51.542198],[-0.131726,51.542149],[-0.131751,51.54199],[-0.131757,51.541954],[-0.132045,51.541975],[-0.13204,51.541972],[-0.131983,51.541948],[-0.131692,51.541822],[-0.13168,51.541816],[-0.131746,51.541404],[-0.131757,51.541331],[-0.13176,51.541319],[-0.131765,51.54129],[-0.131784,51.541192],[-0.131796,51.541132],[-0.131796,51.541127],[-0.131795,51.541124],[-0.131787,51.540955],[-0.131774,51.540666],[-0.131773,51.540649],[-0.131739,51.540539],[-0.131271,51.540548],[-0.131213,51.540549],[-0.131198,51.540548],[-0.13119,51.540545],[-0.131156,51.54053],[-0.131113,51.540511],[-0.131055,51.54042],[-0.131051,51.540414],[-0.130898,51.540175],[-0.130788,51.540002],[-0.130626,51.539739],[-0.130629,51.539735],[-0.130635,51.539728],[-0.130641,51.539721],[-0.130812,51.539682],[-0.13103,51.539633],[-0.131071,51.539623],[-0.131194,51.539595],[-0.131329,51.539556],[-0.131377,51.539542],[-0.131422,51.539531],[-0.131439,51.539527],[-0.131458,51.539523],[-0.131724,51.53946],[-0.131729,51.539455],[-0.131737,51.539448],[-0.131803,51.539452],[-0.13182,51.539443],[-0.131838,51.539372],[-0.131841,51.539366],[-0.131853,51.539345],[-0.132038,51.539235],[-0.132048,51.539229],[-0.13206,51.539222],[-0.13209,51.539205],[-0.132099,51.539203],[-0.132162,51.539188],[-0.13222,51.539189],[-0.132253,51.539191],[-0.132352,51.539198],[-0.132378,51.5392],[-0.132372,51.539237],[-0.132371,51.539244],[-0.13234,51.539424],[-0.132513,51.539435],[-0.13252,51.539436],[-0.132557,51.539443],[-0.132569,51.539445],[-0.132578,51.539445],[-0.132589,51.539447],[-0.132618,51.539469],[-0.132634,51.539477],[-0.132773,51.539543],[-0.132779,51.539546],[-0.132799,51.539546],[-0.132804,51.539546],[-0.132861,51.539553],[-0.132946,51.539578],[-0.132954,51.539573],[-0.132989,51.539553],[-0.133013,51.53954],[-0.133022,51.539533],[-0.133046,51.539515],[-0.133054,51.53951],[-0.133128,51.539456],[-0.133164,51.53943],[-0.133188,51.539412],[-0.133241,51.539374],[-0.133265,51.539357],[-0.133407,51.539254],[-0.133466,51.539211],[-0.133551,51.539149],[-0.133608,51.539178],[-0.133689,51.539219],[-0.133755,51.539254],[-0.134074,51.539416],[-0.134105,51.539431],[-0.134145,51.539452],[-0.134178,51.539469],[-0.134183,51.539471],[-0.134294,51.539528],[-0.134393,51.539578],[-0.134458,51.539611],[-0.134549,51.539657],[-0.134604,51.539686],[-0.134717,51.539743],[-0.134735,51.539752],[-0.134821,51.539796],[-0.134837,51.539804],[-0.134872,51.539822],[-0.134934,51.539853],[-0.134955,51.539864],[-0.134968,51.539871],[-0.135125,51.539951],[-0.135365,51.540073],[-0.135583,51.540184],[-0.135639,51.540217],[-0.135651,51.540224],[-0.135683,51.540243],[-0.135848,51.540187],[-0.13593,51.540158],[-0.136134,51.540087],[-0.136471,51.539979],[-0.136743,51.539892],[-0.136748,51.53989],[-0.136756,51.5399],[-0.136762,51.539908],[-0.136788,51.5399],[-0.13679,51.539903],[-0.136795,51.53991],[-0.136811,51.53993],[-0.13694,51.540095],[-0.136948,51.540106],[-0.136957,51.540117],[-0.137038,51.54022],[-0.137074,51.540266],[-0.137094,51.540292],[-0.137173,51.540393],[-0.137186,51.54041],[-0.137198,51.540425],[-0.137256,51.540499],[-0.137274,51.540522],[-0.137292,51.540545],[-0.137404,51.540689],[-0.13746,51.54076],[-0.137478,51.540783],[-0.137486,51.540793],[-0.137489,51.540797],[-0.137504,51.540817],[-0.137551,51.540877],[-0.137563,51.540892],[-0.137549,51.540896],[-0.137311,51.540976],[-0.137252,51.540996],[-0.137141,51.541033],[-0.137065,51.541059],[-0.137031,51.54107],[-0.137025,51.541072],[-0.136677,51.541189],[-0.1365,51.541248],[-0.136496,51.541249],[-0.136256,51.54133],[-0.136217,51.541343],[-0.136165,51.54136],[-0.13616,51.541361],[-0.136102,51.54138],[-0.135965,51.541425],[-0.135816,51.541473],[-0.135739,51.541498],[-0.135693,51.541513],[-0.135671,51.541521],[-0.135611,51.54154],[-0.135404,51.541609],[-0.135428,51.541645],[-0.135449,51.541678],[-0.135483,51.541731],[-0.135519,51.541787],[-0.135532,51.541795],[-0.135545,51.541803],[-0.135549,51.541806],[-0.13559,51.541831],[-0.135612,51.541846],[-0.135635,51.54186],[-0.135665,51.541879],[-0.135697,51.541899],[-0.135823,51.541978],[-0.135837,51.541987],[-0.135844,51.541992],[-0.135837,51.541994],[-0.135816,51.542001],[-0.135508,51.542107],[-0.135402,51.542144],[-0.135378,51.542152],[-0.135269,51.542189],[-0.135193,51.542216],[-0.135051,51.542265],[-0.13504,51.542268],[-0.135035,51.54227],[-0.135011,51.542278],[-0.134996,51.542284],[-0.134889,51.542312],[-0.134867,51.542317],[-0.134854,51.542321],[-0.134691,51.542363],[-0.134382,51.542444],[-0.134365,51.542449],[-0.134342,51.542454],[-0.134242,51.542481],[-0.133982,51.542548],[-0.133887,51.542572],[-0.13369,51.54262],[-0.133649,51.54263],[-0.133554,51.542653],[-0.133426,51.542685],[-0.133332,51.542707],[-0.133302,51.542715],[-0.133226,51.542734],[-0.133117,51.54276],[-0.133105,51.542763],[-0.133034,51.542781],[-0.133027,51.542782],[-0.132888,51.542816],[-0.132858,51.542824],[-0.132814,51.542835],[-0.132758,51.542845],[-0.132649,51.542864],[-0.132576,51.542877],[-0.132518,51.542888],[-0.132447,51.542898],[-0.132324,51.542915],[-0.132186,51.542934],[-0.132177,51.542935],[-0.132107,51.542945],[-0.131899,51.542975],[-0.131711,51.543001],[-0.131603,51.543016],[-0.131501,51.54303],[-0.131458,51.543037],[-0.131456,51.543032],[-0.131454,51.543028],[-0.131405,51.542942],[-0.131359,51.542861],[-0.13135,51.542844],[-0.131271,51.542704],[-0.131182,51.542547],[-0.131123,51.542372],[-0.131116,51.542351],[-0.131108,51.542326],[-0.131105,51.542319],[-0.131104,51.542314],[-0.131094,51.542285],[-0.131063,51.542193]]]}},{"type":"Feature","properties":{"LSOA21CD":"E01000958","LSOA21NM":"Camden 019D","MEAN_PTAL_":"6a","mean_AI":33.275015923,"borough":"Camden"},"geometry":{"type":"Polygon","coordinates":[[[-0.129471,51.539765],[-0.129243,51.539348],[-0.129218,51.53929],[-0.129203,51.539258],[-0.129192,51.539228],[-0.129179,51.539193],[-0.129151,51.539122],[-0.129149,51.539097],[-0.129122,51.538789],[-0.129072,51.538581],[-0.129046,51.538518],[-0.129,51.538406],[-0.128984,51.538369],[-0.128967,51.538328],[-0.128953,51.538303],[-0.128766,51.537999],[-0.128719,51.537923],[-0.128703,51.537896],[-0.128668,51.537839],[-0.128589,51.53771],[-0.128519,51.537664],[-0.128193,51.537195],[-0.128722,51.536938],[-0.128789,51.536906],[-0.128836,51.536925],[-0.129251,51.537059],[-0.129586,51.537167],[-0.129659,51.537211],[-0.129748,51.537253],[-0.129856,51.537292],[-0.129975,51.537319],[-0.130025,51.537328],[-0.130033,51.537329],[-0.129868,51.53711],[-0.129773,51.536965],[-0.129746,51.536928],[-0.129708,51.536802],[-0.129702,51.536709],[-0.129699,51.536667],[-0.129734,51.536523],[-0.12975,51.53647],[-0.129814,51.536395],[-0.129856,51.536345],[-0.129864,51.536324],[-0.129865,51.536321],[-0.129873,51.536301],[-0.129875,51.536247],[-0.129877,51.536193],[-0.129842,51.536102],[-0.129829,51.536069],[-0.129825,51.536057],[-0.129813,51.536033],[-0.129798,51.536003],[-0.129769,51.535972],[-0.129729,51.53593],[-0.129723,51.535924],[-0.129725,51.535919],[-0.129788,51.535774],[-0.12988,51.535559],[-0.129975,51.535546],[-0.130188,51.53555],[-0.131028,51.535645],[-0.131112,51.535655],[-0.131443,51.535673],[-0.131449,51.535673],[-0.132082,51.535353],[-0.132083,51.535348],[-0.132087,51.535301],[-0.132005,51.535274],[-0.13185,51.535199],[-0.131733,51.535138],[-0.13159,51.535062],[-0.131497,51.535014],[-0.131217,51.534899],[-0.131223,51.534895],[-0.131622,51.534643],[-0.131782,51.534657],[-0.131824,51.534629],[-0.13183,51.534624],[-0.132082,51.534807],[-0.13211,51.534844],[-0.132123,51.534871],[-0.132122,51.534887],[-0.132127,51.53489],[-0.132127,51.534895],[-0.132122,51.534943],[-0.132307,51.534964],[-0.132539,51.535002],[-0.13255,51.535003],[-0.132721,51.53506],[-0.13281,51.535086],[-0.13282,51.535089],[-0.13299,51.535172],[-0.133001,51.535164],[-0.133023,51.535181],[-0.133062,51.535134],[-0.133059,51.535121],[-0.133169,51.53504],[-0.133213,51.535005],[-0.133388,51.534935],[-0.133523,51.534881],[-0.133712,51.534806],[-0.133664,51.53476],[-0.13395,51.534634],[-0.134336,51.534487],[-0.134321,51.534779],[-0.134496,51.535018],[-0.134873,51.535133],[-0.13488,51.535135],[-0.134925,51.535288],[-0.134932,51.53531],[-0.134523,51.535364],[-0.134266,51.535397],[-0.13425,51.535399],[-0.133827,51.535454],[-0.133795,51.535473],[-0.13392,51.535659],[-0.133987,51.535757],[-0.133991,51.535763],[-0.133917,51.535772],[-0.133727,51.53584],[-0.133655,51.535839],[-0.133532,51.535833],[-0.133495,51.535831],[-0.133425,51.535827],[-0.13342,51.535827],[-0.13341,51.535826],[-0.133423,51.535842],[-0.133488,51.535923],[-0.133695,51.53618],[-0.13374,51.536236],[-0.133875,51.5364],[-0.133977,51.536522],[-0.133981,51.536527],[-0.134111,51.536683],[-0.134229,51.536817],[-0.134233,51.536816],[-0.134304,51.536902],[-0.134316,51.536917],[-0.134513,51.53715],[-0.134516,51.537153],[-0.134536,51.537178],[-0.134557,51.537191],[-0.134572,51.537208],[-0.134703,51.537358],[-0.134749,51.537425],[-0.134759,51.537439],[-0.134768,51.537453],[-0.134771,51.537457],[-0.134816,51.537444],[-0.13504,51.537375],[-0.135049,51.537372],[-0.135176,51.53733],[-0.135246,51.537325],[-0.135285,51.537294],[-0.135457,51.537238],[-0.135503,51.537222],[-0.135516,51.537218],[-0.135523,51.537216],[-0.135604,51.537192],[-0.135892,51.537098],[-0.135903,51.537095],[-0.135932,51.537085],[-0.135923,51.537075],[-0.135912,51.537062],[-0.135812,51.53695],[-0.1357,51.536826],[-0.135659,51.536779],[-0.135591,51.536704],[-0.135467,51.536566],[-0.135455,51.536553],[-0.135439,51.536535],[-0.135223,51.536293],[-0.135244,51.536278],[-0.13526,51.536278],[-0.135397,51.536278],[-0.135401,51.536277],[-0.135433,51.536274],[-0.135445,51.536272],[-0.135513,51.536258],[-0.135525,51.536254],[-0.135576,51.536236],[-0.135778,51.536167],[-0.135876,51.536073],[-0.135897,51.536076],[-0.136108,51.536113],[-0.136134,51.536143],[-0.136275,51.536311],[-0.136402,51.536461],[-0.136522,51.536604],[-0.136524,51.536606],[-0.136704,51.53682],[-0.136709,51.536825],[-0.136715,51.536832],[-0.136721,51.53683],[-0.136995,51.53674],[-0.136988,51.536831],[-0.137583,51.537044],[-0.137588,51.537045],[-0.137515,51.537384],[-0.137514,51.53739],[-0.137423,51.537419],[-0.137408,51.537456],[-0.13739,51.537528],[-0.137388,51.537559],[-0.137387,51.537589],[-0.137391,51.537607],[-0.137392,51.537613],[-0.137543,51.537786],[-0.137702,51.53797],[-0.137776,51.538054],[-0.138034,51.538352],[-0.138037,51.538356],[-0.138011,51.538368],[-0.137776,51.538467],[-0.137303,51.538658],[-0.136881,51.538844],[-0.136834,51.538863],[-0.136824,51.538867],[-0.136774,51.538889],[-0.13673,51.538907],[-0.136662,51.538935],[-0.136625,51.538951],[-0.136567,51.538976],[-0.136521,51.538995],[-0.136459,51.539021],[-0.136379,51.539055],[-0.136335,51.539073],[-0.13632,51.53908],[-0.136316,51.539081],[-0.136214,51.539124],[-0.136184,51.539137],[-0.136467,51.539494],[-0.136626,51.539696],[-0.136661,51.53974],[-0.136767,51.539875],[-0.136782,51.539893],[-0.136788,51.5399],[-0.136762,51.539908],[-0.136756,51.5399],[-0.136748,51.53989],[-0.136743,51.539892],[-0.136471,51.539979],[-0.136134,51.540087],[-0.13593,51.540158],[-0.135848,51.540187],[-0.135683,51.540243],[-0.135651,51.540224],[-0.135639,51.540217],[-0.135583,51.540184],[-0.135365,51.540073],[-0.135125,51.539951],[-0.134968,51.539871],[-0.134955,51.539864],[-0.134934,51.539853],[-0.134872,51.539822],[-0.134837,51.539804],[-0.134821,51.539796],[-0.134735,51.539752],[-0.134717,51.539743],[-0.134604,51.539686],[-0.134549,51.539657],[-0.134458,51.539611],[-0.134393,51.539578],[-0.134294,51.539528],[-0.134183,51.539471],[-0.134178,51.539469],[-0.134145,51.539452],[-0.134105,51.539431],[-0.134074,51.539416],[-0.133755,51.539254],[-0.133689,51.539219],[-0.133608,51.539178],[-0.133551,51.539149],[-0.133466,51.539211],[-0.133407,51.539254],[-0.133265,51.539357],[-0.133241,51.539374],[-0.133188,51.539412],[-0.133164,51.53943],[-0.133128,51.539456],[-0.133054,51.53951],[-0.133046,51.539515],[-0.133022,51.539533],[-0.133013,51.53954],[-0.132989,51.539553],[-0.132954,51.539573],[-0.132946,51.539578],[-0.132861,51.539553],[-0.132804,51.539546],[-0.132799,51.539546],[-0.132779,51.539546],[-0.132773,51.539543],[-0.132634,51.539477],[-0.132618,51.539469],[-0.132589,51.539447],[-0.132578,51.539445],[-0.132569,51.539445],[-0.132557,51.539443],[-0.13252,51.539436],[-0.132513,51.539435],[-0.13234,51.539424],[-0.132371,51.539244],[-0.132372,51.539237],[-0.132378,51.5392],[-0.132352,51.539198],[-0.132253,51.539191],[-0.13222,51.539189],[-0.132162,51.539188],[-0.132099,51.539203],[-0.13209,51.539205],[-0.13206,51.539222],[-0.132048,51.539229],[-0.132038,51.539235],[-0.131853,51.539345],[-0.131841,51.539366],[-0.131838,51.539372],[-0.13182,51.539443],[-0.131803,51.539452],[-0.131737,51.539448],[-0.131729,51.539455],[-0.131724,51.53946],[-0.131458,51.539523],[-0.131439,51.539527],[-0.131422,51.539531],[-0.131377,51.539542],[-0.131329,51.539556],[-0.131194,51.539595],[-0.131071,51.539623],[-0.13103,51.539633],[-0.130812,51.539682],[-0.130641,51.539721],[-0.130635,51.539728],[-0.130629,51.539735],[-0.130626,51.539739],[-0.130788,51.540002],[-0.130898,51.540175],[-0.131051,51.540414],[-0.130255,51.540484],[-0.129739,51.54053],[-0.129599,51.540154],[-0.129592,51.539983],[-0.129493,51.539805],[-0.129471,51.539765]]]}},{"type":"Feature","properties":{"LSOA21CD":"E01000959","LSOA21NM":"Camden 019E","MEAN_PTAL_":"6b","mean_AI":43.6810255057,"borough":"Camden"},"geometry":{"type":"Polygon","coordinates":[[[-0.136988,51.536831],[-0.136995,51.53674],[-0.136721,51.53683],[-0.136715,51.536832],[-0.136709,51.536825],[-0.136704,51.53682],[-0.136524,51.536606],[-0.136522,51.536604],[-0.136402,51.536461],[-0.136275,51.536311],[-0.136134,51.536143],[-0.136108,51.536113],[-0.135897,51.536076],[-0.135876,51.536073],[-0.135778,51.536167],[-0.135576,51.536236],[-0.135525,51.536254],[-0.135513,51.536258],[-0.135445,51.536272],[-0.135433,51.536274],[-0.135401,51.536277],[-0.135397,51.536278],[-0.13526,51.536278],[-0.135244,51.536278],[-0.135223,51.536293],[-0.135439,51.536535],[-0.135455,51.536553],[-0.135467,51.536566],[-0.135591,51.536704],[-0.135659,51.536779],[-0.1357,51.536826],[-0.135812,51.53695],[-0.135912,51.537062],[-0.135923,51.537075],[-0.135932,51.537085],[-0.135903,51.537095],[-0.135892,51.537098],[-0.135604,51.537192],[-0.135523,51.537216],[-0.135516,51.537218],[-0.135503,51.537222],[-0.135457,51.537238],[-0.135285,51.537294],[-0.135246,51.537325],[-0.135176,51.53733],[-0.135049,51.537372],[-0.13504,51.537375],[-0.134816,51.537444],[-0.134771,51.537457],[-0.134768,51.537453],[-0.134759,51.537439],[-0.134749,51.537425],[-0.134703,51.537358],[-0.134572,51.537208],[-0.134557,51.537191],[-0.134536,51.537178],[-0.134516,51.537153],[-0.134513,51.53715],[-0.134316,51.536917],[-0.134304,51.536902],[-0.134233,51.536816],[-0.134229,51.536817],[-0.134111,51.536683],[-0.133981,51.536527],[-0.133977,51.536522],[-0.133875,51.5364],[-0.13374,51.536236],[-0.133695,51.53618],[-0.133488,51.535923],[-0.133423,51.535842],[-0.13341,51.535826],[-0.13342,51.535827],[-0.133425,51.535827],[-0.133495,51.535831],[-0.133532,51.535833],[-0.133655,51.535839],[-0.133727,51.53584],[-0.133917,51.535772],[-0.133991,51.535763],[-0.133987,51.535757],[-0.13392,51.535659],[-0.133795,51.535473],[-0.133827,51.535454],[-0.13425,51.535399],[-0.134266,51.535397],[-0.134523,51.535364],[-0.134932,51.53531],[-0.134944,51.535354],[-0.134991,51.535514],[-0.134994,51.535525],[-0.135024,51.535629],[-0.135057,51.53563],[-0.135103,51.535632],[-0.13513,51.535632],[-0.135276,51.53562],[-0.135292,51.535616],[-0.135382,51.535594],[-0.135396,51.535589],[-0.135601,51.535519],[-0.135608,51.535517],[-0.135734,51.535473],[-0.135752,51.53548],[-0.135993,51.535567],[-0.136018,51.535565],[-0.136397,51.535529],[-0.136563,51.535555],[-0.136717,51.535475],[-0.136717,51.535472],[-0.136726,51.535413],[-0.136769,51.535309],[-0.136776,51.535293],[-0.136806,51.535248],[-0.136838,51.535215],[-0.136889,51.53516],[-0.136998,51.535119],[-0.137078,51.535105],[-0.137133,51.535104],[-0.137161,51.535108],[-0.137238,51.535119],[-0.137305,51.535137],[-0.137421,51.535178],[-0.137482,51.535161],[-0.137504,51.535154],[-0.13768,51.535094],[-0.13769,51.535091],[-0.137761,51.535164],[-0.137846,51.535252],[-0.137858,51.535264],[-0.137906,51.535314],[-0.137939,51.535348],[-0.137944,51.535353],[-0.137963,51.535373],[-0.137966,51.535376],[-0.13797,51.53538],[-0.137979,51.53539],[-0.138026,51.535439],[-0.138072,51.535486],[-0.1381,51.535519],[-0.138104,51.535524],[-0.138162,51.535593],[-0.138164,51.535595],[-0.138235,51.535679],[-0.138258,51.535707],[-0.13827,51.535721],[-0.138406,51.535882],[-0.138481,51.535971],[-0.138503,51.535998],[-0.138643,51.536163],[-0.138649,51.53617],[-0.138663,51.536187],[-0.138667,51.536191],[-0.138673,51.536197],[-0.138773,51.536303],[-0.138851,51.536385],[-0.13889,51.536427],[-0.138921,51.536459],[-0.13894,51.536479],[-0.138961,51.536502],[-0.139007,51.53655],[-0.139035,51.536579],[-0.139039,51.536584],[-0.139058,51.536604],[-0.139081,51.536628],[-0.139092,51.53664],[-0.139175,51.536727],[-0.139235,51.536791],[-0.139276,51.536834],[-0.139325,51.536885],[-0.13934,51.536902],[-0.139391,51.536955],[-0.13942,51.536986],[-0.139429,51.536996],[-0.139463,51.537031],[-0.139498,51.537068],[-0.139517,51.537088],[-0.139556,51.53713],[-0.139563,51.537137],[-0.139602,51.537178],[-0.139659,51.537238],[-0.139703,51.537285],[-0.139796,51.537383],[-0.13984,51.537429],[-0.139961,51.537557],[-0.139931,51.53757],[-0.139919,51.537574],[-0.139838,51.537608],[-0.139822,51.537615],[-0.139818,51.537616],[-0.139802,51.537623],[-0.139731,51.537652],[-0.139712,51.53766],[-0.139673,51.537676],[-0.139648,51.537687],[-0.139605,51.537705],[-0.139596,51.537709],[-0.139515,51.537742],[-0.139507,51.537746],[-0.139483,51.537755],[-0.139374,51.537801],[-0.13934,51.537815],[-0.139107,51.537912],[-0.139045,51.537938],[-0.138657,51.538099],[-0.138604,51.538121],[-0.138525,51.538154],[-0.138522,51.538155],[-0.138493,51.538167],[-0.138474,51.538175],[-0.138396,51.538208],[-0.138388,51.538211],[-0.138301,51.538247],[-0.138256,51.538266],[-0.138163,51.538304],[-0.138109,51.538327],[-0.138037,51.538356],[-0.138034,51.538352],[-0.137776,51.538054],[-0.137702,51.53797],[-0.137543,51.537786],[-0.137392,51.537613],[-0.137391,51.537607],[-0.137387,51.537589],[-0.137388,51.537559],[-0.13739,51.537528],[-0.137408,51.537456],[-0.137423,51.537419],[-0.137514,51.53739],[-0.137515,51.537384],[-0.137588,51.537045],[-0.137583,51.537044],[-0.136988,51.536831]]]}},{"type":"Feature","properties":{"LSOA21CD":"E01000960","LSOA21NM":"Camden 017A","MEAN_PTAL_":"6a","mean_AI":36.863477296,"borough":"Camden"},"geometry":{"type":"Polygon","coordinates":[[[-0.180105,51.546718],[-0.180102,51.546713],[-0.180004,51.546747],[-0.179929,51.546773],[-0.179641,51.546873],[-0.179571,51.546898],[-0.179523,51.546914],[-0.17947,51.546852],[-0.179444,51.546822],[-0.179431,51.546808],[-0.179387,51.546757],[-0.179377,51.546744],[-0.179332,51.546692],[-0.179186,51.546523],[-0.179091,51.546412],[-0.178965,51.546266],[-0.178963,51.546264],[-0.178956,51.546256],[-0.178938,51.546235],[-0.178889,51.546189],[-0.178847,51.54615],[-0.178817,51.546122],[-0.178636,51.545951],[-0.178611,51.545927],[-0.178548,51.545868],[-0.178474,51.545816],[-0.178317,51.545705],[-0.17829,51.545693],[-0.178278,51.545687],[-0.178244,51.54567],[-0.178143,51.545621],[-0.178129,51.545614],[-0.178083,51.545594],[-0.178005,51.54556],[-0.17795,51.545536],[-0.177911,51.545518],[-0.177907,51.545517],[-0.177903,51.545515],[-0.177577,51.545393],[-0.177473,51.545354],[-0.177427,51.545337],[-0.177372,51.545316],[-0.177368,51.545315],[-0.177075,51.545204],[-0.177023,51.545185],[-0.176936,51.545152],[-0.176914,51.545144],[-0.176833,51.545114],[-0.176416,51.544957],[-0.176303,51.544914],[-0.176279,51.544901],[-0.176273,51.544897],[-0.176058,51.544774],[-0.175906,51.544678],[-0.175878,51.544658],[-0.175717,51.544541],[-0.175707,51.544533],[-0.175805,51.544488],[-0.176144,51.544333],[-0.176307,51.54426],[-0.176473,51.54427],[-0.177169,51.544312],[-0.177206,51.544287],[-0.177366,51.54418],[-0.17738,51.544171],[-0.177435,51.544064],[-0.177536,51.544114],[-0.17755,51.544121],[-0.177582,51.544137],[-0.177636,51.544163],[-0.177845,51.544268],[-0.17788,51.544282],[-0.177969,51.544317],[-0.177986,51.544323],[-0.178046,51.544342],[-0.178266,51.544398],[-0.178267,51.544403],[-0.178372,51.544429],[-0.178393,51.544392],[-0.178422,51.54434],[-0.178517,51.54417],[-0.178562,51.544088],[-0.178627,51.543973],[-0.178629,51.54397],[-0.178637,51.543955],[-0.178698,51.543867],[-0.178717,51.543832],[-0.178737,51.543797],[-0.178754,51.543767],[-0.178756,51.543764],[-0.178772,51.543735],[-0.17878,51.543722],[-0.178805,51.543676],[-0.178814,51.543661],[-0.178822,51.543647],[-0.17884,51.543615],[-0.178842,51.543611],[-0.178848,51.543599],[-0.178917,51.543478],[-0.179353,51.543532],[-0.179366,51.543523],[-0.179366,51.54352],[-0.179335,51.543337],[-0.179032,51.543274],[-0.179039,51.543261],[-0.179072,51.543204],[-0.179129,51.543109],[-0.179136,51.543097],[-0.179139,51.543092],[-0.179146,51.543081],[-0.179219,51.542957],[-0.179271,51.542868],[-0.179276,51.54286],[-0.179302,51.542815],[-0.179343,51.54273],[-0.179854,51.542774],[-0.179857,51.54277],[-0.179859,51.542767],[-0.179945,51.542727],[-0.179952,51.542723],[-0.179994,51.542696],[-0.179989,51.542695],[-0.179842,51.542662],[-0.179813,51.542653],[-0.17985,51.542588],[-0.179877,51.54254],[-0.179913,51.542477],[-0.17995,51.542411],[-0.179963,51.542388],[-0.179997,51.542329],[-0.180046,51.542242],[-0.180065,51.542237],[-0.180198,51.542264],[-0.180232,51.542272],[-0.18028,51.542196],[-0.180334,51.542231],[-0.180344,51.542233],[-0.180436,51.542251],[-0.180471,51.542273],[-0.180519,51.542304],[-0.180611,51.542461],[-0.180602,51.542487],[-0.180601,51.542497],[-0.180599,51.542502],[-0.180568,51.542589],[-0.180564,51.542601],[-0.180563,51.54261],[-0.180562,51.542615],[-0.180555,51.54262],[-0.180518,51.54266],[-0.180506,51.542673],[-0.180498,51.542684],[-0.180487,51.542702],[-0.180436,51.542714],[-0.180358,51.542754],[-0.180319,51.542774],[-0.180309,51.542779],[-0.180263,51.542816],[-0.180259,51.542819],[-0.180231,51.54288],[-0.180229,51.542882],[-0.180232,51.542999],[-0.180233,51.543003],[-0.180317,51.543072],[-0.180307,51.543098],[-0.180303,51.543108],[-0.180299,51.543137],[-0.180284,51.543182],[-0.180274,51.5432],[-0.180271,51.543205],[-0.180266,51.543218],[-0.180256,51.543234],[-0.180236,51.543259],[-0.180233,51.543262],[-0.18023,51.543269],[-0.180218,51.543306],[-0.180202,51.543324],[-0.180177,51.543349],[-0.180165,51.543365],[-0.180152,51.543384],[-0.180129,51.543427],[-0.180127,51.543436],[-0.180126,51.543441],[-0.180089,51.543497],[-0.18008,51.543507],[-0.180076,51.543516],[-0.180048,51.543566],[-0.180031,51.543586],[-0.180023,51.543595],[-0.180024,51.543603],[-0.180019,51.543677],[-0.179986,51.54376],[-0.179923,51.54383],[-0.18055,51.543934],[-0.180558,51.543935],[-0.180545,51.543967],[-0.180527,51.543998],[-0.180523,51.54401],[-0.1805,51.544056],[-0.180492,51.544078],[-0.180536,51.544084],[-0.181037,51.544155],[-0.181198,51.544278],[-0.181205,51.544284],[-0.181079,51.544398],[-0.180911,51.544549],[-0.180906,51.544555],[-0.180784,51.544701],[-0.18067,51.544837],[-0.180539,51.544993],[-0.180507,51.545032],[-0.180455,51.545093],[-0.180446,51.545115],[-0.180499,51.545206],[-0.18059,51.54528],[-0.180762,51.545176],[-0.180953,51.54506],[-0.181017,51.545021],[-0.181033,51.545011],[-0.181092,51.545002],[-0.181378,51.545214],[-0.181571,51.545095],[-0.181753,51.545196],[-0.181869,51.545152],[-0.181891,51.545134],[-0.18196,51.545087],[-0.182023,51.54505],[-0.182035,51.545044],[-0.182089,51.545014],[-0.182098,51.545007],[-0.182164,51.54497],[-0.182198,51.544954],[-0.18221,51.544947],[-0.182245,51.54493],[-0.182267,51.544906],[-0.182343,51.544841],[-0.182352,51.544833],[-0.182386,51.54481],[-0.182425,51.544787],[-0.182467,51.544772],[-0.182584,51.544774],[-0.182607,51.544777],[-0.182703,51.544782],[-0.18279,51.544777],[-0.182821,51.544778],[-0.182994,51.544786],[-0.183271,51.54493],[-0.183281,51.544935],[-0.183244,51.544957],[-0.183085,51.545055],[-0.183007,51.545102],[-0.182945,51.545141],[-0.182664,51.545314],[-0.182585,51.545361],[-0.182379,51.545487],[-0.182267,51.545555],[-0.182175,51.545611],[-0.182162,51.545619],[-0.182065,51.545678],[-0.182052,51.545686],[-0.181978,51.545731],[-0.18186,51.545803],[-0.18166,51.545925],[-0.181599,51.545962],[-0.18157,51.54598],[-0.181842,51.546029],[-0.181952,51.546044],[-0.181965,51.546032],[-0.18208,51.546058],[-0.182088,51.546062],[-0.182172,51.54607],[-0.182301,51.546081],[-0.182514,51.546077],[-0.182547,51.546076],[-0.182639,51.546071],[-0.182677,51.546069],[-0.18278,51.546056],[-0.182784,51.546069],[-0.18282,51.546216],[-0.182843,51.546309],[-0.182862,51.546386],[-0.182881,51.546464],[-0.182893,51.546512],[-0.182911,51.546584],[-0.182914,51.546596],[-0.183075,51.546844],[-0.183072,51.546847],[-0.182858,51.547028],[-0.182848,51.547036],[-0.182768,51.547113],[-0.182696,51.547183],[-0.182652,51.547234],[-0.18268,51.547288],[-0.182775,51.547469],[-0.182698,51.547469],[-0.182691,51.547469],[-0.182002,51.547468],[-0.181638,51.54742],[-0.181658,51.54735],[-0.181418,51.547309],[-0.181357,51.547293],[-0.181129,51.547231],[-0.180877,51.547168],[-0.180765,51.547129],[-0.180664,51.547093],[-0.180675,51.547078],[-0.180687,51.547063],[-0.180657,51.547052],[-0.180628,51.547041],[-0.180447,51.546974],[-0.180213,51.546871],[-0.180105,51.546718]]]}},{"type":"Feature","properties":{"LSOA21CD":"E01000962","LSOA21NM":"Camden 016A","MEAN_PTAL_":"6a","mean_AI":29.8072496793,"borough":"Camden"},"geometry":{"type":"Polygon","coordinates":[[[-0.180507,51.545032],[-0.180539,51.544993],[-0.18067,51.544837],[-0.180784,51.544701],[-0.180906,51.544555],[-0.180911,51.544549],[-0.181079,51.544398],[-0.181205,51.544284],[-0.181198,51.544278],[-0.181037,51.544155],[-0.180536,51.544084],[-0.180492,51.544078],[-0.1805,51.544056],[-0.180523,51.54401],[-0.180527,51.543998],[-0.180545,51.543967],[-0.180558,51.543935],[-0.18055,51.543934],[-0.179923,51.54383],[-0.179986,51.54376],[-0.180019,51.543677],[-0.180024,51.543603],[-0.180023,51.543595],[-0.180031,51.543586],[-0.180048,51.543566],[-0.180076,51.543516],[-0.18008,51.543507],[-0.180089,51.543497],[-0.180126,51.543441],[-0.180127,51.543436],[-0.180129,51.543427],[-0.180152,51.543384],[-0.180165,51.543365],[-0.180177,51.543349],[-0.180202,51.543324],[-0.180218,51.543306],[-0.18023,51.543269],[-0.180233,51.543262],[-0.180236,51.543259],[-0.180256,51.543234],[-0.180266,51.543218],[-0.180271,51.543205],[-0.180274,51.5432],[-0.180284,51.543182],[-0.180299,51.543137],[-0.180303,51.543108],[-0.180307,51.543098],[-0.180317,51.543072],[-0.180233,51.543003],[-0.180232,51.542999],[-0.180229,51.542882],[-0.180231,51.54288],[-0.180259,51.542819],[-0.180263,51.542816],[-0.180309,51.542779],[-0.180319,51.542774],[-0.180358,51.542754],[-0.180436,51.542714],[-0.180487,51.542702],[-0.180498,51.542684],[-0.180506,51.542673],[-0.180518,51.54266],[-0.180555,51.54262],[-0.180562,51.542615],[-0.180563,51.54261],[-0.180564,51.542601],[-0.180568,51.542589],[-0.180599,51.542502],[-0.180601,51.542497],[-0.180602,51.542487],[-0.180611,51.542461],[-0.180519,51.542304],[-0.180471,51.542273],[-0.180436,51.542251],[-0.180344,51.542233],[-0.180334,51.542231],[-0.18028,51.542196],[-0.18026,51.542183],[-0.180222,51.542157],[-0.180167,51.542145],[-0.180158,51.542133],[-0.180122,51.542085],[-0.18012,51.542082],[-0.179763,51.541974],[-0.179769,51.541959],[-0.179814,51.541906],[-0.17983,51.541861],[-0.179837,51.541846],[-0.179846,51.541826],[-0.179833,51.541799],[-0.17989,51.541757],[-0.179946,51.541717],[-0.179952,51.541712],[-0.180111,51.541774],[-0.180124,51.541779],[-0.180138,51.541785],[-0.180156,51.541792],[-0.18029,51.541848],[-0.1803,51.541839],[-0.180361,51.541786],[-0.180396,51.541773],[-0.18042,51.541764],[-0.180435,51.541782],[-0.180453,51.541807],[-0.18046,51.541816],[-0.180503,51.5418],[-0.180585,51.541771],[-0.180637,51.541753],[-0.180649,51.541748],[-0.180708,51.541727],[-0.180716,51.541725],[-0.180747,51.541757],[-0.180819,51.541742],[-0.180867,51.541804],[-0.180877,51.541796],[-0.180902,51.541777],[-0.180913,51.541769],[-0.180917,51.541766],[-0.180932,51.541754],[-0.180966,51.541729],[-0.180993,51.541709],[-0.181,51.541704],[-0.181045,51.54167],[-0.181067,51.541663],[-0.181087,51.541657],[-0.18111,51.54165],[-0.181168,51.541631],[-0.181204,51.54162],[-0.181223,51.541614],[-0.181248,51.541607],[-0.181255,51.541604],[-0.181268,51.541601],[-0.181298,51.541592],[-0.181306,51.54159],[-0.181359,51.541574],[-0.181422,51.541556],[-0.181437,51.541556],[-0.181447,51.541556],[-0.181524,51.541555],[-0.181624,51.541555],[-0.181639,51.541554],[-0.181645,51.541554],[-0.181688,51.541554],[-0.181711,51.541554],[-0.18177,51.541553],[-0.181776,51.54155],[-0.181818,51.541529],[-0.181827,51.541525],[-0.181869,51.541504],[-0.181896,51.541498],[-0.181915,51.541494],[-0.181933,51.54149],[-0.181945,51.541487],[-0.181972,51.541481],[-0.18207,51.541459],[-0.182108,51.541451],[-0.182113,51.54145],[-0.182144,51.541443],[-0.182169,51.541437],[-0.182176,51.541436],[-0.182392,51.541387],[-0.182439,51.541377],[-0.182457,51.541373],[-0.182472,51.54137],[-0.182563,51.541349],[-0.182568,51.541348],[-0.182592,51.541343],[-0.182682,51.541324],[-0.182701,51.541321],[-0.182723,51.541316],[-0.18281,51.541277],[-0.182829,51.541268],[-0.182901,51.541236],[-0.182966,51.541206],[-0.183219,51.541589],[-0.183246,51.541625],[-0.18256,51.541849],[-0.182895,51.542237],[-0.18274,51.542287],[-0.182541,51.542352],[-0.182202,51.542462],[-0.182162,51.542475],[-0.181582,51.542671],[-0.181569,51.542676],[-0.181545,51.542684],[-0.181543,51.54268],[-0.18154,51.542683],[-0.181545,51.542691],[-0.181601,51.54272],[-0.1817,51.542859],[-0.1817,51.542868],[-0.18173,51.542924],[-0.18177,51.542956],[-0.181842,51.543056],[-0.181858,51.54308],[-0.181873,51.543075],[-0.181915,51.543062],[-0.181954,51.543049],[-0.182496,51.542877],[-0.183073,51.542693],[-0.183495,51.542558],[-0.183503,51.542569],[-0.183539,51.542563],[-0.183795,51.542977],[-0.18393,51.542934],[-0.183975,51.54292],[-0.184044,51.542898],[-0.184571,51.542729],[-0.184592,51.542722],[-0.184658,51.542713],[-0.185219,51.542631],[-0.185527,51.542588],[-0.186123,51.542587],[-0.186175,51.543046],[-0.186129,51.543046],[-0.1861,51.543047],[-0.185991,51.54305],[-0.185955,51.543051],[-0.185823,51.543055],[-0.185787,51.543056],[-0.185695,51.543058],[-0.185541,51.543074],[-0.185418,51.543086],[-0.185353,51.543092],[-0.185305,51.543097],[-0.18516,51.543113],[-0.185097,51.543127],[-0.185043,51.543138],[-0.184898,51.543172],[-0.184882,51.543176],[-0.184826,51.543192],[-0.185034,51.543582],[-0.185113,51.543553],[-0.185753,51.543514],[-0.185808,51.544016],[-0.185811,51.544037],[-0.185788,51.544043],[-0.185699,51.544048],[-0.185615,51.544061],[-0.185503,51.544078],[-0.185438,51.544089],[-0.18483,51.544269],[-0.184748,51.544293],[-0.184561,51.544349],[-0.184373,51.544405],[-0.184358,51.544405],[-0.184257,51.544444],[-0.184065,51.544517],[-0.183913,51.54459],[-0.183866,51.544613],[-0.183789,51.54465],[-0.183702,51.544692],[-0.183595,51.544743],[-0.183549,51.544771],[-0.183543,51.544765],[-0.183523,51.544777],[-0.183503,51.544789],[-0.183505,51.544776],[-0.183377,51.544692],[-0.183195,51.544545],[-0.183056,51.544432],[-0.182957,51.544352],[-0.182609,51.544071],[-0.182598,51.544063],[-0.182491,51.544127],[-0.182274,51.544259],[-0.182524,51.544398],[-0.182528,51.5444],[-0.182516,51.544454],[-0.182533,51.544493],[-0.182513,51.544568],[-0.182515,51.5446],[-0.182501,51.544649],[-0.1825,51.544666],[-0.182481,51.544729],[-0.182467,51.544772],[-0.182425,51.544787],[-0.182386,51.54481],[-0.182352,51.544833],[-0.182343,51.544841],[-0.182267,51.544906],[-0.182245,51.54493],[-0.18221,51.544947],[-0.182198,51.544954],[-0.182164,51.54497],[-0.182098,51.545007],[-0.182089,51.545014],[-0.182035,51.545044],[-0.182023,51.54505],[-0.18196,51.545087],[-0.181891,51.545134],[-0.181869,51.545152],[-0.181753,51.545196],[-0.181571,51.545095],[-0.181378,51.545214],[-0.181092,51.545002],[-0.181033,51.545011],[-0.181017,51.545021],[-0.180953,51.54506],[-0.180762,51.545176],[-0.18059,51.54528],[-0.180499,51.545206],[-0.180446,51.545115],[-0.180455,51.545093],[-0.180507,51.545032]]]}},{"type":"Feature","properties":{"LSOA21CD":"E01000964","LSOA21NM":"Camden 016B","MEAN_PTAL_":"6a","mean_AI":37.481121076,"borough":"Camden"},"geometry":{"type":"Polygon","coordinates":[[[-0.182881,51.546464],[-0.182862,51.546386],[-0.182843,51.546309],[-0.18282,51.546216],[-0.182784,51.546069],[-0.18278,51.546056],[-0.182677,51.546069],[-0.182639,51.546071],[-0.182547,51.546076],[-0.182514,51.546077],[-0.182301,51.546081],[-0.182172,51.54607],[-0.182088,51.546062],[-0.18208,51.546058],[-0.181965,51.546032],[-0.181952,51.546044],[-0.181842,51.546029],[-0.18157,51.54598],[-0.181599,51.545962],[-0.18166,51.545925],[-0.18186,51.545803],[-0.181978,51.545731],[-0.182052,51.545686],[-0.182065,51.545678],[-0.182162,51.545619],[-0.182175,51.545611],[-0.182267,51.545555],[-0.182379,51.545487],[-0.182585,51.545361],[-0.182664,51.545314],[-0.182945,51.545141],[-0.183007,51.545102],[-0.183085,51.545055],[-0.183244,51.544957],[-0.183281,51.544935],[-0.183271,51.54493],[-0.182994,51.544786],[-0.182821,51.544778],[-0.18279,51.544777],[-0.182703,51.544782],[-0.182607,51.544777],[-0.182584,51.544774],[-0.182467,51.544772],[-0.182481,51.544729],[-0.1825,51.544666],[-0.182501,51.544649],[-0.182515,51.5446],[-0.182513,51.544568],[-0.182533,51.544493],[-0.182516,51.544454],[-0.182528,51.5444],[-0.182524,51.544398],[-0.182274,51.544259],[-0.182491,51.544127],[-0.182598,51.544063],[-0.182609,51.544071],[-0.182957,51.544352],[-0.183056,51.544432],[-0.183195,51.544545],[-0.183377,51.544692],[-0.183505,51.544776],[-0.183503,51.544789],[-0.183523,51.544777],[-0.183543,51.544765],[-0.183549,51.544771],[-0.183595,51.544743],[-0.183702,51.544692],[-0.183789,51.54465],[-0.183866,51.544613],[-0.183913,51.54459],[-0.184065,51.544517],[-0.184257,51.544444],[-0.184358,51.544405],[-0.184373,51.544405],[-0.184561,51.544349],[-0.184748,51.544293],[-0.18483,51.544269],[-0.185438,51.544089],[-0.185503,51.544078],[-0.185615,51.544061],[-0.185699,51.544048],[-0.185788,51.544043],[-0.185862,51.544558],[-0.185991,51.544545],[-0.186073,51.544547],[-0.186164,51.544539],[-0.186343,51.544543],[-0.18638,51.544549],[-0.186476,51.544552],[-0.186586,51.544545],[-0.186602,51.544543],[-0.186675,51.544546],[-0.186758,51.54456],[-0.186763,51.54456],[-0.186877,51.54455],[-0.186907,51.544551],[-0.187045,51.544557],[-0.187112,51.544565],[-0.187253,51.54457],[-0.187283,51.544576],[-0.187396,51.544579],[-0.187437,51.544575],[-0.187565,51.544576],[-0.187581,51.544575],[-0.187626,51.54457],[-0.187757,51.54457],[-0.187825,51.544581],[-0.18801,51.544586],[-0.188067,51.54458],[-0.188122,51.54458],[-0.188157,51.544602],[-0.188171,51.544614],[-0.188213,51.544652],[-0.188259,51.544694],[-0.188271,51.544711],[-0.188296,51.54473],[-0.188461,51.544827],[-0.188521,51.545059],[-0.188527,51.545085],[-0.188445,51.545108],[-0.188757,51.545118],[-0.18883,51.54512],[-0.188867,51.545122],[-0.188873,51.545122],[-0.188869,51.545207],[-0.188873,51.545341],[-0.188863,51.545358],[-0.188861,51.545409],[-0.188861,51.545427],[-0.188848,51.545563],[-0.188854,51.545596],[-0.188859,51.54562],[-0.188839,51.54566],[-0.188817,51.545886],[-0.188826,51.54591],[-0.18883,51.545921],[-0.188825,51.545931],[-0.18881,51.546023],[-0.188804,51.546032],[-0.188787,51.546202],[-0.188787,51.546204],[-0.188786,51.546215],[-0.188768,51.546403],[-0.188766,51.546429],[-0.188761,51.546478],[-0.188727,51.546477],[-0.18872,51.546523],[-0.1887,51.54665],[-0.188723,51.546845],[-0.188725,51.546861],[-0.188495,51.546879],[-0.188055,51.546912],[-0.18795,51.54692],[-0.18782,51.546931],[-0.187807,51.546932],[-0.187677,51.546943],[-0.186849,51.547012],[-0.186123,51.547073],[-0.185612,51.547136],[-0.185605,51.547137],[-0.185339,51.54717],[-0.185228,51.547185],[-0.184991,51.547217],[-0.184905,51.547228],[-0.184808,51.547241],[-0.184648,51.547263],[-0.184642,51.547264],[-0.184476,51.547286],[-0.184255,51.547315],[-0.184214,51.547321],[-0.184205,51.547322],[-0.184003,51.547349],[-0.183878,51.547363],[-0.183566,51.547398],[-0.183534,51.547402],[-0.183412,51.547415],[-0.183264,51.547432],[-0.182935,51.547469],[-0.182775,51.547469],[-0.18268,51.547288],[-0.182652,51.547234],[-0.182696,51.547183],[-0.182768,51.547113],[-0.182848,51.547036],[-0.182858,51.547028],[-0.183072,51.546847],[-0.183075,51.546844],[-0.182914,51.546596],[-0.182911,51.546584],[-0.182893,51.546512],[-0.182881,51.546464]]]}},{"type":"Feature","properties":{"LSOA21CD":"E01000965","LSOA21NM":"Camden 016C","MEAN_PTAL_":"6a","mean_AI":28.6734941636,"borough":"Camden"},"geometry":{"type":"Polygon","coordinates":[[[-0.189197,51.546497],[-0.189087,51.546495],[-0.189082,51.546495],[-0.188929,51.546493],[-0.188832,51.546491],[-0.188818,51.546483],[-0.188761,51.546478],[-0.188766,51.546429],[-0.188768,51.546403],[-0.188786,51.546215],[-0.188787,51.546204],[-0.188787,51.546202],[-0.188804,51.546032],[-0.18881,51.546023],[-0.188825,51.545931],[-0.18883,51.545921],[-0.188826,51.54591],[-0.188817,51.545886],[-0.188839,51.54566],[-0.188859,51.54562],[-0.188854,51.545596],[-0.188848,51.545563],[-0.188861,51.545427],[-0.188861,51.545409],[-0.188863,51.545358],[-0.188873,51.545341],[-0.188869,51.545207],[-0.188873,51.545122],[-0.188867,51.545122],[-0.18883,51.54512],[-0.188757,51.545118],[-0.188445,51.545108],[-0.188527,51.545085],[-0.188521,51.545059],[-0.188461,51.544827],[-0.188296,51.54473],[-0.188271,51.544711],[-0.188259,51.544694],[-0.188213,51.544652],[-0.188171,51.544614],[-0.188157,51.544602],[-0.188122,51.54458],[-0.188223,51.544508],[-0.188246,51.544499],[-0.18828,51.544487],[-0.188432,51.544372],[-0.188562,51.544333],[-0.1886,51.544126],[-0.188587,51.544123],[-0.188955,51.544134],[-0.188973,51.544134],[-0.188972,51.544107],[-0.188958,51.544107],[-0.188971,51.543944],[-0.18897,51.543898],[-0.188876,51.543913],[-0.188598,51.54396],[-0.188438,51.543987],[-0.188406,51.543846],[-0.188399,51.543818],[-0.188365,51.543759],[-0.188282,51.54368],[-0.188239,51.543656],[-0.188226,51.543648],[-0.188242,51.54364],[-0.188257,51.543557],[-0.188175,51.54355],[-0.188428,51.543227],[-0.188482,51.543158],[-0.188571,51.543162],[-0.188591,51.5431],[-0.188595,51.543087],[-0.188665,51.542865],[-0.188643,51.542847],[-0.188402,51.54282],[-0.1884,51.542768],[-0.188396,51.542629],[-0.188396,51.542607],[-0.188394,51.542544],[-0.188478,51.542514],[-0.188648,51.542411],[-0.188672,51.542385],[-0.188687,51.542344],[-0.188766,51.542113],[-0.188754,51.542104],[-0.188793,51.542053],[-0.188799,51.542046],[-0.18894,51.541862],[-0.188892,51.541734],[-0.188901,51.541728],[-0.18894,51.541648],[-0.18895,51.541628],[-0.188966,51.541608],[-0.18896,51.541582],[-0.18896,51.541576],[-0.188961,51.54153],[-0.188965,51.54152],[-0.188966,51.541516],[-0.188976,51.5415],[-0.18901,51.541441],[-0.189034,51.541419],[-0.189055,51.541149],[-0.188576,51.541368],[-0.188559,51.541375],[-0.188536,51.541382],[-0.188482,51.541351],[-0.18843,51.541322],[-0.188315,51.541199],[-0.188268,51.541073],[-0.188279,51.540826],[-0.188355,51.54084],[-0.188445,51.540858],[-0.188538,51.540902],[-0.188576,51.540921],[-0.188684,51.540975],[-0.188717,51.540991],[-0.188843,51.54106],[-0.188847,51.541062],[-0.189198,51.540778],[-0.189225,51.540791],[-0.18928,51.540818],[-0.189446,51.5409],[-0.189456,51.540905],[-0.189633,51.540993],[-0.189722,51.541037],[-0.189745,51.541048],[-0.189752,51.541052],[-0.189766,51.541059],[-0.189916,51.541096],[-0.190029,51.541124],[-0.190121,51.541142],[-0.190368,51.541123],[-0.190474,51.541115],[-0.190619,51.541105],[-0.190772,51.541093],[-0.190799,51.541091],[-0.190822,51.54109],[-0.190916,51.541083],[-0.190934,51.541081],[-0.191042,51.541073],[-0.191155,51.541065],[-0.191161,51.541064],[-0.191187,51.541062],[-0.191231,51.541059],[-0.191243,51.541058],[-0.191306,51.541054],[-0.19135,51.541049],[-0.191369,51.541048],[-0.19143,51.541042],[-0.191457,51.541039],[-0.191472,51.541038],[-0.191491,51.541036],[-0.191514,51.541036],[-0.191525,51.541035],[-0.191553,51.541034],[-0.19159,51.541034],[-0.191655,51.541037],[-0.191667,51.541038],[-0.191765,51.541048],[-0.19177,51.541048],[-0.191808,51.541052],[-0.191989,51.541071],[-0.192008,51.541073],[-0.192013,51.541073],[-0.192066,51.541079],[-0.192176,51.541102],[-0.192246,51.541122],[-0.192278,51.541131],[-0.192342,51.54127],[-0.192361,51.541329],[-0.192421,51.541514],[-0.192422,51.541519],[-0.192424,51.541525],[-0.192434,51.541554],[-0.192495,51.541743],[-0.192526,51.541842],[-0.192589,51.541891],[-0.192608,51.541907],[-0.19271,51.541988],[-0.192901,51.542124],[-0.192949,51.542159],[-0.192997,51.542193],[-0.193019,51.542208],[-0.193026,51.542213],[-0.193117,51.542278],[-0.193136,51.542307],[-0.19318,51.542374],[-0.193182,51.542378],[-0.193202,51.542437],[-0.193206,51.542472],[-0.193209,51.542503],[-0.193209,51.54251],[-0.193209,51.542515],[-0.193204,51.542561],[-0.193189,51.542608],[-0.193153,51.542677],[-0.193148,51.542687],[-0.193141,51.5427],[-0.193125,51.54273],[-0.193059,51.542856],[-0.193018,51.542933],[-0.193015,51.54294],[-0.19299,51.542993],[-0.19297,51.543038],[-0.192949,51.543084],[-0.192935,51.54313],[-0.19293,51.543149],[-0.19291,51.543215],[-0.192905,51.543232],[-0.192901,51.543247],[-0.192891,51.543258],[-0.192885,51.543264],[-0.192847,51.543306],[-0.192767,51.543393],[-0.192765,51.543396],[-0.19276,51.543402],[-0.192754,51.543408],[-0.19274,51.543434],[-0.192738,51.543437],[-0.192711,51.543487],[-0.192704,51.5435],[-0.192677,51.543548],[-0.192664,51.543586],[-0.192653,51.543615],[-0.192645,51.54364],[-0.192644,51.54365],[-0.192642,51.54366],[-0.192641,51.543665],[-0.192639,51.543679],[-0.19263,51.543738],[-0.192631,51.543745],[-0.192633,51.543754],[-0.192661,51.543886],[-0.192682,51.543933],[-0.192685,51.543938],[-0.192693,51.543957],[-0.192695,51.54396],[-0.192705,51.544003],[-0.192706,51.544007],[-0.192706,51.544011],[-0.192712,51.544055],[-0.192709,51.544073],[-0.192704,51.544103],[-0.192697,51.544146],[-0.192687,51.544168],[-0.192679,51.544186],[-0.192661,51.544225],[-0.192644,51.544225],[-0.192633,51.544225],[-0.192583,51.544224],[-0.192515,51.544224],[-0.192218,51.54422],[-0.192219,51.544217],[-0.192219,51.544213],[-0.192219,51.544203],[-0.192219,51.544194],[-0.192226,51.544023],[-0.192231,51.543915],[-0.192232,51.54389],[-0.192028,51.543884],[-0.191941,51.543881],[-0.191946,51.543676],[-0.191946,51.543663],[-0.191899,51.543663],[-0.191889,51.543663],[-0.191696,51.543662],[-0.191471,51.543661],[-0.191439,51.54366],[-0.191244,51.543659],[-0.191237,51.543659],[-0.191222,51.543659],[-0.191204,51.543659],[-0.191008,51.543658],[-0.190968,51.543658],[-0.190843,51.543657],[-0.190774,51.543656],[-0.190746,51.543656],[-0.190741,51.543656],[-0.190503,51.543655],[-0.190461,51.543655],[-0.190448,51.543655],[-0.19022,51.543653],[-0.190207,51.543653],[-0.190098,51.543652],[-0.189976,51.543652],[-0.189896,51.543651],[-0.189749,51.54365],[-0.189735,51.543727],[-0.189723,51.543899],[-0.189717,51.543962],[-0.189375,51.54395],[-0.189374,51.543967],[-0.189376,51.544116],[-0.189376,51.544122],[-0.189377,51.544132],[-0.189377,51.544145],[-0.189452,51.544147],[-0.189642,51.54415],[-0.189708,51.544152],[-0.189705,51.544198],[-0.189694,51.544347],[-0.189684,51.544478],[-0.189673,51.544639],[-0.189668,51.544699],[-0.189667,51.54472],[-0.189666,51.544726],[-0.189521,51.544724],[-0.189518,51.544845],[-0.189652,51.54485],[-0.189649,51.54492],[-0.18964,51.545117],[-0.189639,51.545144],[-0.189639,51.545148],[-0.189636,51.545173],[-0.189625,51.54529],[-0.18961,51.545444],[-0.189605,51.545491],[-0.189595,51.5456],[-0.189547,51.5456],[-0.189546,51.545609],[-0.189539,51.545697],[-0.189536,51.545731],[-0.189533,51.545767],[-0.189588,51.545767],[-0.189584,51.545819],[-0.18958,51.54587],[-0.189579,51.545879],[-0.189576,51.545917],[-0.189571,51.545972],[-0.189568,51.546008],[-0.189567,51.546019],[-0.189564,51.546058],[-0.189559,51.546119],[-0.189557,51.546139],[-0.189553,51.546197],[-0.18955,51.546234],[-0.189548,51.546253],[-0.189545,51.546295],[-0.189451,51.546295],[-0.189207,51.546295],[-0.189205,51.546321],[-0.189203,51.546362],[-0.189201,51.546404],[-0.189199,51.54646],[-0.189198,51.546469],[-0.189197,51.546487],[-0.189197,51.546497]]]}},{"type":"Feature","properties":{"LSOA21CD":"E01000966","LSOA21NM":"Camden 016D","MEAN_PTAL_":"5","mean_AI":24.6409651349,"borough":"Camden"},"geometry":{"type":"Polygon","coordinates":[[[-0.185862,51.544558],[-0.185788,51.544043],[-0.185811,51.544037],[-0.185808,51.544016],[-0.185753,51.543514],[-0.185113,51.543553],[-0.185034,51.543582],[-0.184826,51.543192],[-0.184882,51.543176],[-0.184898,51.543172],[-0.185043,51.543138],[-0.185097,51.543127],[-0.18516,51.543113],[-0.185305,51.543097],[-0.185353,51.543092],[-0.185418,51.543086],[-0.185541,51.543074],[-0.185695,51.543058],[-0.185787,51.543056],[-0.185823,51.543055],[-0.185955,51.543051],[-0.185991,51.54305],[-0.1861,51.543047],[-0.186129,51.543046],[-0.186175,51.543046],[-0.186123,51.542587],[-0.185527,51.542588],[-0.185219,51.542631],[-0.184658,51.542713],[-0.184592,51.542722],[-0.184571,51.542729],[-0.184044,51.542898],[-0.183975,51.54292],[-0.18393,51.542934],[-0.183795,51.542977],[-0.183539,51.542563],[-0.183503,51.542569],[-0.183495,51.542558],[-0.183073,51.542693],[-0.182496,51.542877],[-0.181954,51.543049],[-0.181915,51.543062],[-0.181873,51.543075],[-0.181858,51.54308],[-0.181842,51.543056],[-0.18177,51.542956],[-0.18173,51.542924],[-0.1817,51.542868],[-0.1817,51.542859],[-0.181601,51.54272],[-0.181545,51.542691],[-0.18154,51.542683],[-0.181543,51.54268],[-0.181545,51.542684],[-0.181569,51.542676],[-0.181582,51.542671],[-0.182162,51.542475],[-0.182202,51.542462],[-0.182541,51.542352],[-0.18274,51.542287],[-0.182895,51.542237],[-0.18256,51.541849],[-0.183246,51.541625],[-0.183219,51.541589],[-0.182966,51.541206],[-0.183077,51.541155],[-0.183096,51.541147],[-0.183103,51.541145],[-0.183235,51.541104],[-0.183274,51.541092],[-0.183347,51.541069],[-0.183356,51.541066],[-0.183369,51.541062],[-0.183447,51.541038],[-0.183459,51.541033],[-0.183521,51.541009],[-0.183576,51.540988],[-0.183595,51.540981],[-0.183669,51.540952],[-0.183677,51.540949],[-0.183685,51.540946],[-0.183699,51.54094],[-0.18373,51.540929],[-0.183794,51.540915],[-0.183825,51.540908],[-0.183924,51.540886],[-0.183929,51.540885],[-0.184052,51.540857],[-0.184063,51.540855],[-0.184071,51.540854],[-0.184157,51.540839],[-0.18422,51.540828],[-0.184294,51.540815],[-0.184321,51.540811],[-0.184358,51.540805],[-0.184397,51.540799],[-0.184458,51.54079],[-0.184527,51.54078],[-0.184534,51.540779],[-0.18466,51.54076],[-0.184685,51.540756],[-0.184737,51.540748],[-0.184768,51.540744],[-0.184831,51.540735],[-0.184858,51.540731],[-0.18489,51.540727],[-0.18502,51.540709],[-0.185025,51.540708],[-0.185056,51.540704],[-0.185065,51.540703],[-0.185118,51.540703],[-0.185181,51.540704],[-0.185231,51.540704],[-0.185237,51.540704],[-0.185355,51.540705],[-0.185359,51.540705],[-0.185466,51.540705],[-0.185549,51.540706],[-0.185679,51.540707],[-0.185843,51.540708],[-0.185897,51.540708],[-0.185944,51.540709],[-0.185968,51.540748],[-0.186104,51.540745],[-0.186174,51.540744],[-0.186182,51.540744],[-0.186359,51.540736],[-0.186589,51.540726],[-0.186607,51.540725],[-0.186668,51.540723],[-0.18671,51.540721],[-0.186725,51.540718],[-0.186738,51.540716],[-0.186745,51.540715],[-0.187137,51.540655],[-0.18722,51.54065],[-0.187231,51.54065],[-0.18727,51.540648],[-0.187277,51.540648],[-0.187281,51.540648],[-0.187352,51.54065],[-0.187365,51.540651],[-0.187471,51.540664],[-0.187501,51.540668],[-0.187585,51.540685],[-0.187828,51.540735],[-0.187955,51.540761],[-0.188112,51.540794],[-0.188168,51.540805],[-0.18818,51.540807],[-0.188274,51.540825],[-0.188279,51.540826],[-0.188268,51.541073],[-0.188315,51.541199],[-0.18843,51.541322],[-0.188482,51.541351],[-0.188536,51.541382],[-0.188559,51.541375],[-0.188576,51.541368],[-0.189055,51.541149],[-0.189034,51.541419],[-0.18901,51.541441],[-0.188976,51.5415],[-0.188966,51.541516],[-0.188965,51.54152],[-0.188961,51.54153],[-0.18896,51.541576],[-0.18896,51.541582],[-0.188966,51.541608],[-0.18895,51.541628],[-0.18894,51.541648],[-0.188901,51.541728],[-0.188892,51.541734],[-0.18894,51.541862],[-0.188799,51.542046],[-0.188793,51.542053],[-0.188754,51.542104],[-0.188766,51.542113],[-0.188687,51.542344],[-0.188672,51.542385],[-0.188648,51.542411],[-0.188478,51.542514],[-0.188394,51.542544],[-0.188396,51.542607],[-0.188396,51.542629],[-0.1884,51.542768],[-0.188402,51.54282],[-0.188643,51.542847],[-0.188665,51.542865],[-0.188595,51.543087],[-0.188591,51.5431],[-0.188571,51.543162],[-0.188482,51.543158],[-0.188428,51.543227],[-0.188175,51.54355],[-0.188257,51.543557],[-0.188242,51.54364],[-0.188226,51.543648],[-0.188239,51.543656],[-0.188282,51.54368],[-0.188365,51.543759],[-0.188399,51.543818],[-0.188406,51.543846],[-0.188438,51.543987],[-0.188598,51.54396],[-0.188876,51.543913],[-0.18897,51.543898],[-0.188971,51.543944],[-0.188958,51.544107],[-0.188972,51.544107],[-0.188973,51.544134],[-0.188955,51.544134],[-0.188587,51.544123],[-0.1886,51.544126],[-0.188562,51.544333],[-0.188432,51.544372],[-0.18828,51.544487],[-0.188246,51.544499],[-0.188223,51.544508],[-0.188122,51.54458],[-0.188067,51.54458],[-0.18801,51.544586],[-0.187825,51.544581],[-0.187757,51.54457],[-0.187626,51.54457],[-0.187581,51.544575],[-0.187565,51.544576],[-0.187437,51.544575],[-0.187396,51.544579],[-0.187283,51.544576],[-0.187253,51.54457],[-0.187112,51.544565],[-0.187045,51.544557],[-0.186907,51.544551],[-0.186877,51.54455],[-0.186763,51.54456],[-0.186758,51.54456],[-0.186675,51.544546],[-0.186602,51.544543],[-0.186586,51.544545],[-0.186476,51.544552],[-0.18638,51.544549],[-0.186343,51.544543],[-0.186164,51.544539],[-0.186073,51.544547],[-0.185991,51.544545],[-0.185862,51.544558]]]}},{"type":"Feature","properties":{"LSOA21CD":"E01000968","LSOA21NM":"Camden 016E","MEAN_PTAL_":"6a","mean_AI":30.8492544565,"borough":"Camden"},"geometry":{"type":"Polygon","coordinates":[[[-0.191275,51.545905],[-0.191295,51.545861],[-0.190875,51.545854],[-0.190647,51.545851],[-0.190635,51.545851],[-0.190543,51.54585],[-0.190624,51.5458],[-0.190727,51.545607],[-0.190677,51.545482],[-0.190792,51.545315],[-0.190794,51.545304],[-0.190642,51.545196],[-0.190562,51.545171],[-0.190404,51.545166],[-0.190353,51.545165],[-0.189886,51.545151],[-0.189851,51.54515],[-0.189725,51.545146],[-0.189653,51.545144],[-0.189639,51.545144],[-0.18964,51.545117],[-0.189649,51.54492],[-0.189652,51.54485],[-0.189518,51.544845],[-0.189521,51.544724],[-0.189666,51.544726],[-0.189667,51.54472],[-0.189668,51.544699],[-0.189673,51.544639],[-0.189684,51.544478],[-0.189694,51.544347],[-0.189705,51.544198],[-0.189708,51.544152],[-0.189642,51.54415],[-0.189452,51.544147],[-0.189377,51.544145],[-0.189377,51.544132],[-0.189376,51.544122],[-0.189376,51.544116],[-0.189374,51.543967],[-0.189375,51.54395],[-0.189717,51.543962],[-0.189723,51.543899],[-0.189735,51.543727],[-0.189749,51.54365],[-0.189896,51.543651],[-0.189976,51.543652],[-0.190098,51.543652],[-0.190207,51.543653],[-0.19022,51.543653],[-0.190448,51.543655],[-0.190461,51.543655],[-0.190503,51.543655],[-0.190741,51.543656],[-0.190746,51.543656],[-0.190774,51.543656],[-0.190843,51.543657],[-0.190968,51.543658],[-0.191008,51.543658],[-0.191204,51.543659],[-0.191222,51.543659],[-0.191237,51.543659],[-0.191244,51.543659],[-0.191439,51.54366],[-0.191471,51.543661],[-0.191696,51.543662],[-0.191889,51.543663],[-0.191899,51.543663],[-0.191946,51.543663],[-0.191946,51.543676],[-0.191941,51.543881],[-0.192028,51.543884],[-0.192232,51.54389],[-0.192231,51.543915],[-0.192226,51.544023],[-0.192219,51.544194],[-0.192219,51.544203],[-0.192219,51.544213],[-0.192219,51.544217],[-0.192218,51.54422],[-0.192515,51.544224],[-0.192583,51.544224],[-0.192633,51.544225],[-0.192644,51.544225],[-0.192661,51.544225],[-0.192637,51.54428],[-0.192635,51.544285],[-0.192626,51.544303],[-0.192611,51.544336],[-0.192596,51.544356],[-0.192581,51.544377],[-0.192561,51.544403],[-0.19255,51.544418],[-0.192532,51.54444],[-0.192438,51.544517],[-0.192436,51.544519],[-0.192374,51.544555],[-0.192319,51.544586],[-0.192311,51.54459],[-0.192254,51.544623],[-0.192323,51.544619],[-0.192329,51.544619],[-0.192554,51.544604],[-0.192759,51.544585],[-0.19277,51.544584],[-0.192787,51.544582],[-0.192797,51.544581],[-0.192858,51.544575],[-0.193152,51.544543],[-0.193168,51.544431],[-0.193175,51.544389],[-0.193187,51.544303],[-0.193198,51.54423],[-0.193267,51.54423],[-0.193387,51.54423],[-0.193398,51.54423],[-0.193446,51.54423],[-0.193454,51.54423],[-0.193504,51.54423],[-0.19353,51.54423],[-0.193594,51.544229],[-0.193623,51.544229],[-0.193684,51.544229],[-0.193697,51.544188],[-0.193763,51.544186],[-0.193799,51.544185],[-0.193817,51.544158],[-0.193833,51.544159],[-0.193923,51.54416],[-0.193985,51.544161],[-0.194026,51.544162],[-0.194105,51.544164],[-0.194144,51.544165],[-0.194219,51.544166],[-0.194229,51.544166],[-0.194332,51.544168],[-0.194364,51.544169],[-0.194393,51.544169],[-0.19444,51.54417],[-0.194504,51.544171],[-0.194498,51.544232],[-0.194511,51.544233],[-0.194611,51.544236],[-0.194634,51.544237],[-0.194707,51.544239],[-0.194731,51.54424],[-0.194742,51.54424],[-0.194769,51.544243],[-0.194818,51.544247],[-0.194872,51.544252],[-0.194914,51.544255],[-0.194988,51.544262],[-0.19501,51.544264],[-0.19508,51.54427],[-0.195088,51.544271],[-0.195094,51.544271],[-0.195185,51.544278],[-0.195207,51.544279],[-0.195229,51.544281],[-0.195235,51.544281],[-0.195297,51.544286],[-0.195329,51.544288],[-0.195366,51.544291],[-0.195396,51.544293],[-0.195413,51.544294],[-0.195492,51.5443],[-0.195518,51.544302],[-0.195565,51.544305],[-0.195582,51.544307],[-0.195637,51.544311],[-0.195659,51.544312],[-0.195686,51.544314],[-0.195725,51.544319],[-0.195775,51.544324],[-0.195878,51.544336],[-0.195894,51.544338],[-0.195941,51.544342],[-0.195954,51.544343],[-0.19597,51.544344],[-0.195976,51.544345],[-0.195998,51.544347],[-0.196028,51.544349],[-0.196113,51.544356],[-0.196134,51.544358],[-0.196282,51.54437],[-0.196329,51.544374],[-0.196356,51.544376],[-0.19644,51.54438],[-0.196445,51.54438],[-0.196445,51.544505],[-0.196386,51.544629],[-0.196365,51.544674],[-0.196401,51.544679],[-0.196384,51.544684],[-0.196361,51.54468],[-0.196356,51.544692],[-0.196351,51.544694],[-0.196335,51.544698],[-0.196306,51.544781],[-0.196296,51.544802],[-0.196022,51.544784],[-0.195972,51.54478],[-0.195939,51.544816],[-0.195906,51.54484],[-0.195816,51.544872],[-0.195783,51.54489],[-0.195772,51.544894],[-0.195767,51.544917],[-0.195757,51.544938],[-0.19575,51.545001],[-0.195751,51.545018],[-0.195735,51.545048],[-0.195734,51.545055],[-0.195719,51.545089],[-0.195717,51.545099],[-0.195714,51.545105],[-0.195696,51.54514],[-0.195693,51.54516],[-0.19568,51.545194],[-0.195677,51.545203],[-0.195664,51.545228],[-0.195656,51.545274],[-0.195651,51.545293],[-0.195629,51.545319],[-0.195614,51.545356],[-0.195602,51.545407],[-0.195591,51.54542],[-0.195588,51.545423],[-0.195574,51.545445],[-0.195559,51.545483],[-0.195549,51.545509],[-0.195547,51.545533],[-0.195527,51.54558],[-0.195499,51.545606],[-0.195487,51.545635],[-0.195479,51.545673],[-0.195481,51.545708],[-0.195483,51.545712],[-0.195494,51.545751],[-0.195397,51.545808],[-0.19538,51.545818],[-0.195102,51.545835],[-0.194956,51.545843],[-0.19493,51.545845],[-0.194841,51.545851],[-0.194788,51.545854],[-0.194649,51.545863],[-0.194575,51.545868],[-0.194488,51.545874],[-0.19446,51.545876],[-0.194318,51.545886],[-0.194307,51.545886],[-0.194294,51.545887],[-0.194259,51.54589],[-0.194067,51.545902],[-0.194055,51.545903],[-0.193947,51.54591],[-0.193954,51.545884],[-0.193955,51.54588],[-0.193933,51.545881],[-0.19386,51.545885],[-0.193756,51.545891],[-0.193535,51.545905],[-0.193373,51.545914],[-0.193327,51.545917],[-0.193262,51.545921],[-0.193075,51.545932],[-0.193048,51.545934],[-0.192987,51.545937],[-0.192926,51.545941],[-0.192928,51.545926],[-0.192955,51.545919],[-0.19294,51.545861],[-0.192961,51.545752],[-0.192969,51.545706],[-0.192977,51.545652],[-0.192961,51.545663],[-0.192901,51.545709],[-0.192865,51.545706],[-0.19264,51.545689],[-0.192416,51.545621],[-0.192289,51.545556],[-0.192281,51.545551],[-0.192177,51.545589],[-0.192056,51.545668],[-0.191858,51.545926],[-0.191914,51.545958],[-0.191895,51.546003],[-0.191878,51.546043],[-0.19161,51.546063],[-0.191503,51.546071],[-0.191495,51.546071],[-0.191254,51.54609],[-0.191262,51.54607],[-0.191275,51.54604],[-0.19131,51.545961],[-0.191334,51.545907],[-0.191312,51.545906],[-0.19128,51.545906],[-0.191275,51.545905]]]}},{"type":"Feature","properties":{"LSOA21CD":"E01000969","LSOA21NM":"Camden 010A","MEAN_PTAL_":"6a","mean_AI":27.2614510784,"borough":"Camden"},"geometry":{"type":"Polygon","coordinates":[[[-0.185413,51.551936],[-0.185302,51.551862],[-0.185202,51.551795],[-0.185199,51.551794],[-0.18518,51.551781],[-0.184986,51.551651],[-0.18497,51.551641],[-0.184884,51.551584],[-0.184758,51.5515],[-0.184675,51.551445],[-0.18465,51.551428],[-0.184516,51.551339],[-0.184505,51.551332],[-0.184463,51.551304],[-0.184428,51.551281],[-0.184243,51.551158],[-0.184235,51.551152],[-0.183996,51.550994],[-0.183891,51.550924],[-0.183874,51.550912],[-0.183849,51.550896],[-0.183876,51.550888],[-0.183936,51.55087],[-0.183957,51.550864],[-0.184066,51.550832],[-0.184103,51.550821],[-0.184416,51.550695],[-0.184536,51.550646],[-0.184804,51.550538],[-0.184894,51.550502],[-0.184904,51.550487],[-0.184976,51.55046],[-0.185198,51.550375],[-0.185211,51.55037],[-0.185276,51.550345],[-0.185292,51.550338],[-0.185346,51.550314],[-0.18535,51.550312],[-0.185487,51.550256],[-0.185655,51.550188],[-0.18595,51.550068],[-0.185979,51.550056],[-0.186058,51.550026],[-0.186463,51.549869],[-0.186478,51.549862],[-0.186547,51.549834],[-0.186675,51.549782],[-0.186762,51.549747],[-0.18677,51.549743],[-0.187023,51.54964],[-0.18735,51.549507],[-0.187355,51.549504],[-0.187486,51.549451],[-0.187643,51.549387],[-0.187935,51.549267],[-0.188076,51.54921],[-0.188208,51.549158],[-0.188339,51.549124],[-0.188365,51.549121],[-0.188397,51.549116],[-0.188454,51.549117],[-0.188569,51.549128],[-0.189042,51.549207],[-0.189065,51.549208],[-0.189346,51.549223],[-0.189423,51.549227],[-0.189433,51.549227],[-0.189495,51.54923],[-0.189576,51.549235],[-0.189791,51.549246],[-0.189842,51.549248],[-0.189879,51.549249],[-0.190432,51.549274],[-0.190448,51.549274],[-0.190558,51.549279],[-0.190574,51.54928],[-0.190588,51.549281],[-0.190947,51.549296],[-0.190962,51.549292],[-0.191328,51.549312],[-0.191374,51.549315],[-0.191379,51.549315],[-0.191386,51.549329],[-0.19144,51.549438],[-0.191452,51.549463],[-0.191453,51.549466],[-0.191468,51.549496],[-0.191495,51.549551],[-0.191505,51.549625],[-0.191506,51.549632],[-0.191504,51.549688],[-0.191502,51.549749],[-0.191499,51.549802],[-0.191479,51.549946],[-0.19143,51.550107],[-0.191447,51.550106],[-0.191467,51.550105],[-0.191712,51.550091],[-0.191726,51.55009],[-0.191734,51.550134],[-0.191738,51.550154],[-0.191771,51.550335],[-0.191893,51.550372],[-0.191913,51.550463],[-0.191877,51.550465],[-0.191438,51.550491],[-0.191416,51.550492],[-0.191397,51.55053],[-0.191397,51.550537],[-0.191397,51.550556],[-0.191425,51.550676],[-0.191427,51.550686],[-0.191459,51.550826],[-0.191486,51.550931],[-0.191491,51.55095],[-0.191509,51.551017],[-0.191516,51.551035],[-0.191519,51.551043],[-0.191522,51.551053],[-0.191535,51.551089],[-0.191666,51.551245],[-0.191755,51.551353],[-0.191788,51.551384],[-0.191801,51.55138],[-0.191787,51.551362],[-0.191728,51.551262],[-0.191716,51.551228],[-0.192041,51.55109],[-0.192147,51.551184],[-0.192353,51.551367],[-0.192489,51.551488],[-0.192528,51.55147],[-0.192578,51.551447],[-0.192585,51.551422],[-0.19259,51.551401],[-0.192595,51.5514],[-0.192623,51.55139],[-0.192673,51.551406],[-0.192782,51.551443],[-0.19291,51.551532],[-0.192985,51.551585],[-0.193001,51.551615],[-0.193118,51.551639],[-0.193147,51.551642],[-0.19333,51.551665],[-0.193366,51.551668],[-0.193376,51.551668],[-0.193331,51.551761],[-0.193328,51.551768],[-0.193323,51.551785],[-0.193251,51.551878],[-0.193231,51.551922],[-0.193232,51.551967],[-0.19325,51.552013],[-0.193425,51.552162],[-0.193454,51.552187],[-0.193431,51.55219],[-0.193323,51.552208],[-0.193271,51.552212],[-0.193199,51.55221],[-0.193162,51.552206],[-0.193107,51.552198],[-0.193078,51.552192],[-0.193057,51.552188],[-0.193046,51.552185],[-0.192917,51.55213],[-0.192914,51.552128],[-0.192902,51.552125],[-0.192862,51.552111],[-0.192848,51.552106],[-0.192842,51.552104],[-0.192835,51.552102],[-0.192796,51.55209],[-0.192761,51.55208],[-0.192727,51.552072],[-0.192598,51.552044],[-0.192572,51.552044],[-0.192545,51.552045],[-0.192479,51.552053],[-0.192449,51.552057],[-0.192416,51.552064],[-0.192378,51.552074],[-0.192304,51.552101],[-0.192274,51.552108],[-0.192154,51.552139],[-0.192145,51.55214],[-0.192139,51.552142],[-0.191852,51.552197],[-0.191847,51.552198],[-0.191735,51.55222],[-0.191559,51.552254],[-0.191527,51.55226],[-0.191485,51.552271],[-0.191477,51.552273],[-0.191414,51.552289],[-0.191383,51.552298],[-0.191216,51.552341],[-0.19121,51.552342],[-0.19118,51.55235],[-0.191164,51.552354],[-0.19114,51.552361],[-0.190848,51.55242],[-0.190832,51.552423],[-0.190689,51.552459],[-0.190575,51.552488],[-0.190489,51.55251],[-0.190482,51.552511],[-0.190363,51.552541],[-0.190167,51.552591],[-0.189845,51.552673],[-0.189841,51.552674],[-0.189837,51.552675],[-0.189729,51.552702],[-0.18966,51.552719],[-0.189495,51.552761],[-0.189338,51.552801],[-0.189227,51.552829],[-0.188756,51.552949],[-0.188749,51.552946],[-0.188739,51.552942],[-0.188734,51.55294],[-0.188726,51.552937],[-0.188721,51.552935],[-0.188569,51.552875],[-0.18856,51.55287],[-0.188453,51.552819],[-0.188346,51.552777],[-0.188225,51.552739],[-0.188159,51.552723],[-0.188151,51.552722],[-0.188138,51.552718],[-0.18813,51.552716],[-0.188124,51.552715],[-0.188098,51.552709],[-0.188012,51.552695],[-0.187965,51.552688],[-0.187895,51.552676],[-0.187857,51.552671],[-0.18776,51.552661],[-0.187669,51.552651],[-0.187601,51.552639],[-0.187583,51.552636],[-0.187514,51.552624],[-0.187461,51.552615],[-0.187381,51.552601],[-0.187361,51.552597],[-0.187241,51.552575],[-0.187116,51.552553],[-0.187086,51.552548],[-0.187068,51.552545],[-0.187019,51.552536],[-0.187007,51.552534],[-0.186945,51.552526],[-0.186803,51.552508],[-0.18673,51.552499],[-0.186724,51.552499],[-0.186699,51.552494],[-0.186693,51.552493],[-0.186669,51.552488],[-0.186558,51.552468],[-0.186542,51.552464],[-0.186471,51.552447],[-0.186397,51.55243],[-0.186391,51.552428],[-0.186377,51.552424],[-0.18632,51.552408],[-0.186286,51.552398],[-0.186249,51.552387],[-0.186226,51.552381],[-0.186126,51.552344],[-0.186121,51.552343],[-0.186082,51.552329],[-0.186028,51.552304],[-0.185956,51.552273],[-0.185869,51.552225],[-0.185866,51.552223],[-0.185748,51.552159],[-0.185677,51.552111],[-0.185673,51.552109],[-0.185637,51.552085],[-0.18563,51.55208],[-0.185554,51.552029],[-0.185548,51.552026],[-0.185431,51.551948],[-0.185413,51.551936]]]}},{"type":"Feature","properties":{"LSOA21CD":"E01000970","LSOA21NM":"Camden 010B","MEAN_PTAL_":"5","mean_AI":23.68454007,"borough":"Camden"},"geometry":{"type":"Polygon","coordinates":[[[-0.192673,51.551406],[-0.192623,51.55139],[-0.192595,51.5514],[-0.19259,51.551401],[-0.192585,51.551422],[-0.192578,51.551447],[-0.192528,51.55147],[-0.192489,51.551488],[-0.192353,51.551367],[-0.192147,51.551184],[-0.192041,51.55109],[-0.191716,51.551228],[-0.191728,51.551262],[-0.191787,51.551362],[-0.191801,51.55138],[-0.191788,51.551384],[-0.191755,51.551353],[-0.191666,51.551245],[-0.191535,51.551089],[-0.191522,51.551053],[-0.191519,51.551043],[-0.191516,51.551035],[-0.191509,51.551017],[-0.191491,51.55095],[-0.191486,51.550931],[-0.191459,51.550826],[-0.191427,51.550686],[-0.191425,51.550676],[-0.191397,51.550556],[-0.191397,51.550537],[-0.191397,51.55053],[-0.191416,51.550492],[-0.191438,51.550491],[-0.191877,51.550465],[-0.191913,51.550463],[-0.191893,51.550372],[-0.191771,51.550335],[-0.191738,51.550154],[-0.191734,51.550134],[-0.191726,51.55009],[-0.191712,51.550091],[-0.191467,51.550105],[-0.191447,51.550106],[-0.19143,51.550107],[-0.191479,51.549946],[-0.191499,51.549802],[-0.191502,51.549749],[-0.191504,51.549688],[-0.191506,51.549632],[-0.191505,51.549625],[-0.191495,51.549551],[-0.191468,51.549496],[-0.191902,51.54944],[-0.19189,51.549487],[-0.191796,51.549626],[-0.191815,51.549638],[-0.19198,51.549743],[-0.192125,51.549817],[-0.192134,51.549824],[-0.192159,51.549841],[-0.192168,51.549847],[-0.192229,51.549876],[-0.192233,51.54988],[-0.192294,51.549893],[-0.192352,51.549905],[-0.192429,51.549879],[-0.192508,51.549878],[-0.192543,51.549878],[-0.192552,51.549819],[-0.192597,51.549765],[-0.192649,51.549729],[-0.192352,51.549577],[-0.192332,51.549567],[-0.192415,51.549482],[-0.192432,51.549469],[-0.19256,51.549365],[-0.192597,51.549385],[-0.192605,51.549379],[-0.192663,51.549332],[-0.192684,51.549302],[-0.192718,51.549276],[-0.192747,51.549237],[-0.19275,51.549235],[-0.192806,51.54916],[-0.192843,51.549153],[-0.192923,51.549113],[-0.192947,51.549106],[-0.193046,51.549063],[-0.193087,51.549057],[-0.193141,51.549037],[-0.193188,51.549004],[-0.193222,51.54894],[-0.193221,51.548923],[-0.19322,51.548845],[-0.193286,51.548829],[-0.193285,51.548814],[-0.193284,51.548789],[-0.193259,51.548461],[-0.193257,51.548435],[-0.193532,51.548452],[-0.193945,51.548477],[-0.194017,51.548484],[-0.194097,51.548492],[-0.194698,51.548551],[-0.194802,51.548563],[-0.195005,51.548587],[-0.195399,51.548642],[-0.19538,51.548697],[-0.195231,51.549124],[-0.195229,51.54913],[-0.195503,51.549172],[-0.195378,51.549193],[-0.195387,51.549221],[-0.195394,51.549246],[-0.195397,51.549254],[-0.195394,51.549291],[-0.19537,51.549353],[-0.195365,51.549359],[-0.195347,51.54938],[-0.195313,51.549402],[-0.195177,51.549452],[-0.195099,51.549468],[-0.194997,51.549475],[-0.194976,51.549497],[-0.194968,51.54951],[-0.194946,51.549533],[-0.194899,51.549568],[-0.194884,51.549579],[-0.194905,51.549587],[-0.194883,51.549625],[-0.194878,51.549628],[-0.194823,51.54966],[-0.194611,51.549784],[-0.194344,51.549939],[-0.194134,51.550062],[-0.194163,51.550094],[-0.194387,51.550331],[-0.194372,51.550334],[-0.194365,51.550341],[-0.194275,51.550385],[-0.194092,51.550464],[-0.194077,51.550471],[-0.194031,51.550491],[-0.194006,51.550502],[-0.193996,51.550506],[-0.194006,51.550521],[-0.194051,51.550579],[-0.194079,51.550589],[-0.194102,51.550609],[-0.194217,51.550711],[-0.194419,51.550889],[-0.194439,51.550907],[-0.194459,51.550898],[-0.194478,51.550888],[-0.194937,51.550749],[-0.194571,51.55099],[-0.194567,51.550993],[-0.19456,51.550997],[-0.194595,51.55102],[-0.194629,51.551051],[-0.194784,51.551169],[-0.194791,51.551175],[-0.19484,51.551216],[-0.194882,51.551261],[-0.194906,51.551277],[-0.194917,51.551282],[-0.194933,51.551293],[-0.194945,51.551303],[-0.195033,51.551386],[-0.195042,51.551395],[-0.19505,51.551405],[-0.195057,51.551414],[-0.195097,51.551468],[-0.195155,51.551553],[-0.195162,51.551562],[-0.195165,51.551568],[-0.195194,51.551639],[-0.195205,51.551667],[-0.195224,51.551816],[-0.195227,51.551838],[-0.195219,51.552027],[-0.195193,51.552029],[-0.195031,51.552035],[-0.194966,51.552037],[-0.194956,51.552037],[-0.194923,51.552038],[-0.194909,51.552039],[-0.194846,51.552041],[-0.194829,51.552041],[-0.194769,51.552043],[-0.194742,51.552044],[-0.194619,51.552048],[-0.194613,51.552048],[-0.194606,51.552048],[-0.194599,51.552049],[-0.194557,51.55205],[-0.194534,51.552051],[-0.194505,51.552052],[-0.194439,51.552055],[-0.194416,51.552057],[-0.194335,51.552061],[-0.194291,51.552066],[-0.194274,51.552067],[-0.194264,51.552068],[-0.194164,51.552077],[-0.194128,51.552082],[-0.194112,51.552084],[-0.194084,51.552088],[-0.194005,51.552098],[-0.193996,51.5521],[-0.193986,51.552102],[-0.193932,51.55211],[-0.19391,51.552114],[-0.193848,51.552124],[-0.193728,51.552143],[-0.193694,51.552148],[-0.193609,51.552162],[-0.193578,51.552167],[-0.193556,51.55217],[-0.193552,51.552171],[-0.193454,51.552187],[-0.193425,51.552162],[-0.19325,51.552013],[-0.193232,51.551967],[-0.193231,51.551922],[-0.193251,51.551878],[-0.193323,51.551785],[-0.193328,51.551768],[-0.193331,51.551761],[-0.193376,51.551668],[-0.193366,51.551668],[-0.19333,51.551665],[-0.193147,51.551642],[-0.193118,51.551639],[-0.193001,51.551615],[-0.192985,51.551585],[-0.19291,51.551532],[-0.192782,51.551443],[-0.192673,51.551406]]]}},{"type":"Feature","properties":{"LSOA21CD":"E01000971","LSOA21NM":"Camden 010C","MEAN_PTAL_":"4","mean_AI":19.3664189255,"borough":"Camden"},"geometry":{"type":"Polygon","coordinates":[[[-0.194571,51.55099],[-0.194937,51.550749],[-0.194478,51.550888],[-0.194459,51.550898],[-0.194439,51.550907],[-0.194419,51.550889],[-0.194217,51.550711],[-0.194102,51.550609],[-0.194079,51.550589],[-0.194051,51.550579],[-0.194006,51.550521],[-0.193996,51.550506],[-0.194006,51.550502],[-0.194031,51.550491],[-0.194077,51.550471],[-0.194092,51.550464],[-0.194275,51.550385],[-0.194365,51.550341],[-0.194372,51.550334],[-0.194387,51.550331],[-0.194163,51.550094],[-0.194134,51.550062],[-0.194344,51.549939],[-0.194611,51.549784],[-0.194823,51.54966],[-0.194878,51.549628],[-0.194883,51.549625],[-0.194905,51.549587],[-0.194884,51.549579],[-0.194899,51.549568],[-0.194946,51.549533],[-0.194968,51.54951],[-0.194976,51.549497],[-0.194997,51.549475],[-0.195099,51.549468],[-0.195177,51.549452],[-0.195313,51.549402],[-0.195347,51.54938],[-0.195365,51.549359],[-0.19537,51.549353],[-0.195394,51.549291],[-0.195397,51.549254],[-0.195394,51.549246],[-0.195387,51.549221],[-0.195378,51.549193],[-0.195503,51.549172],[-0.195826,51.549221],[-0.19587,51.549245],[-0.195886,51.549243],[-0.195892,51.549232],[-0.195942,51.549241],[-0.196151,51.549282],[-0.19622,51.549295],[-0.196508,51.549352],[-0.196527,51.549351],[-0.196557,51.549357],[-0.196603,51.549367],[-0.196613,51.549372],[-0.196694,51.549388],[-0.196855,51.549428],[-0.196859,51.549421],[-0.197037,51.549165],[-0.197377,51.549028],[-0.197548,51.549066],[-0.197602,51.549077],[-0.197818,51.549124],[-0.19804,51.549173],[-0.198079,51.549182],[-0.198038,51.549417],[-0.198048,51.549437],[-0.198094,51.549529],[-0.1981,51.549541],[-0.198106,51.549554],[-0.198145,51.549631],[-0.198149,51.549639],[-0.19817,51.549681],[-0.19818,51.549701],[-0.198187,51.549715],[-0.198197,51.549735],[-0.198207,51.549754],[-0.198209,51.549758],[-0.198214,51.549769],[-0.198242,51.549824],[-0.198267,51.549874],[-0.198298,51.549937],[-0.198308,51.549956],[-0.198312,51.549965],[-0.198331,51.550003],[-0.198334,51.550009],[-0.198336,51.550012],[-0.198343,51.550027],[-0.19835,51.550041],[-0.198371,51.550083],[-0.198389,51.550117],[-0.19841,51.55016],[-0.198422,51.550184],[-0.198427,51.550195],[-0.198436,51.550213],[-0.19845,51.55024],[-0.198452,51.550243],[-0.198466,51.550271],[-0.198476,51.550292],[-0.198497,51.550333],[-0.198513,51.550366],[-0.198517,51.550373],[-0.19854,51.55042],[-0.198545,51.55043],[-0.198555,51.550449],[-0.19856,51.55046],[-0.198579,51.550497],[-0.198602,51.550543],[-0.198607,51.550554],[-0.198616,51.550572],[-0.198631,51.550599],[-0.198647,51.55063],[-0.198667,51.550668],[-0.198688,51.550709],[-0.198699,51.550729],[-0.198747,51.550821],[-0.198755,51.550835],[-0.198763,51.55085],[-0.19877,51.550864],[-0.198792,51.550905],[-0.198827,51.550972],[-0.19884,51.550996],[-0.198866,51.551047],[-0.19888,51.551072],[-0.198892,51.551096],[-0.198906,51.551123],[-0.198922,51.551152],[-0.198948,51.551202],[-0.198964,51.551233],[-0.198969,51.551241],[-0.198979,51.55126],[-0.198994,51.551289],[-0.198997,51.551295],[-0.199002,51.551305],[-0.199083,51.551459],[-0.199118,51.551525],[-0.19913,51.551548],[-0.19909,51.551553],[-0.19896,51.551573],[-0.198927,51.551578],[-0.198907,51.551581],[-0.198875,51.551585],[-0.19882,51.551594],[-0.198803,51.551596],[-0.198771,51.551601],[-0.198729,51.551607],[-0.198604,51.551626],[-0.198544,51.551635],[-0.198535,51.551636],[-0.198494,51.551642],[-0.198468,51.551651],[-0.198462,51.551653],[-0.198435,51.551661],[-0.198374,51.551681],[-0.198291,51.551709],[-0.19828,51.551712],[-0.198275,51.551714],[-0.198231,51.551728],[-0.198198,51.551739],[-0.198188,51.551743],[-0.198127,51.551767],[-0.198061,51.551793],[-0.198015,51.551812],[-0.197999,51.551819],[-0.197983,51.551825],[-0.197962,51.551833],[-0.197926,51.551848],[-0.197915,51.551851],[-0.197899,51.551856],[-0.197871,51.551864],[-0.197862,51.551867],[-0.197743,51.551901],[-0.197637,51.55192],[-0.197632,51.551921],[-0.19762,51.551923],[-0.197592,51.551928],[-0.197575,51.551929],[-0.197531,51.551934],[-0.197381,51.551949],[-0.197328,51.551954],[-0.197291,51.551958],[-0.197285,51.551958],[-0.197279,51.551959],[-0.197205,51.551966],[-0.197179,51.551967],[-0.197155,51.551968],[-0.197139,51.551969],[-0.197023,51.551972],[-0.197018,51.551972],[-0.196965,51.551974],[-0.196857,51.551977],[-0.196774,51.55198],[-0.196726,51.551982],[-0.196685,51.551983],[-0.196578,51.551986],[-0.196558,51.551987],[-0.196551,51.551987],[-0.196475,51.551989],[-0.196468,51.55199],[-0.196401,51.551992],[-0.196318,51.551994],[-0.196306,51.551995],[-0.196176,51.551999],[-0.196093,51.552002],[-0.196072,51.552002],[-0.195956,51.552006],[-0.195877,51.552008],[-0.195808,51.55201],[-0.195802,51.552011],[-0.195712,51.552014],[-0.195679,51.552015],[-0.195667,51.552015],[-0.195472,51.552021],[-0.195423,51.552023],[-0.195418,51.552023],[-0.195315,51.552026],[-0.195281,51.552027],[-0.195193,51.552029],[-0.195219,51.552027],[-0.195227,51.551838],[-0.195224,51.551816],[-0.195205,51.551667],[-0.195194,51.551639],[-0.195165,51.551568],[-0.195162,51.551562],[-0.195155,51.551553],[-0.195097,51.551468],[-0.195057,51.551414],[-0.19505,51.551405],[-0.195042,51.551395],[-0.195033,51.551386],[-0.194945,51.551303],[-0.194933,51.551293],[-0.194917,51.551282],[-0.194906,51.551277],[-0.194882,51.551261],[-0.19484,51.551216],[-0.194791,51.551175],[-0.194784,51.551169],[-0.194629,51.551051],[-0.194595,51.55102],[-0.19456,51.550997],[-0.194567,51.550993],[-0.194571,51.55099]]]}},{"type":"Feature","properties":{"LSOA21CD":"E01000972","LSOA21NM":"Camden 010D","MEAN_PTAL_":"6a","mean_AI":35.4177729539,"borough":"Camden"},"geometry":{"type":"Polygon","coordinates":[[[-0.181359,51.549034],[-0.18133,51.548993],[-0.181281,51.548921],[-0.181246,51.548871],[-0.181227,51.548842],[-0.181188,51.54877],[-0.181184,51.548762],[-0.181161,51.548719],[-0.181148,51.548694],[-0.181143,51.548685],[-0.181126,51.548662],[-0.181099,51.548625],[-0.181085,51.548608],[-0.181042,51.54855],[-0.180943,51.548419],[-0.180937,51.548411],[-0.180926,51.548395],[-0.180895,51.548351],[-0.180834,51.548265],[-0.180819,51.548245],[-0.180812,51.548234],[-0.180777,51.548184],[-0.180766,51.548169],[-0.180708,51.548104],[-0.180704,51.548099],[-0.180689,51.548082],[-0.180683,51.548076],[-0.180651,51.548039],[-0.180586,51.547965],[-0.180573,51.547951],[-0.180552,51.547931],[-0.180536,51.547915],[-0.180367,51.547749],[-0.180115,51.547504],[-0.180036,51.547426],[-0.180031,51.547423],[-0.18003,51.54742],[-0.179996,51.547387],[-0.179966,51.547357],[-0.179948,51.54734],[-0.179837,51.547231],[-0.179769,51.547165],[-0.179734,51.547131],[-0.17969,51.547087],[-0.179675,51.547073],[-0.179669,51.547067],[-0.17958,51.54698],[-0.179523,51.546914],[-0.179571,51.546898],[-0.179641,51.546873],[-0.179929,51.546773],[-0.180004,51.546747],[-0.180102,51.546713],[-0.180105,51.546718],[-0.180213,51.546871],[-0.180447,51.546974],[-0.180628,51.547041],[-0.180657,51.547052],[-0.180687,51.547063],[-0.180675,51.547078],[-0.180664,51.547093],[-0.180765,51.547129],[-0.180877,51.547168],[-0.181129,51.547231],[-0.181357,51.547293],[-0.181418,51.547309],[-0.181658,51.54735],[-0.181638,51.54742],[-0.182002,51.547468],[-0.182691,51.547469],[-0.182698,51.547469],[-0.182775,51.547469],[-0.182935,51.547469],[-0.183264,51.547432],[-0.183412,51.547415],[-0.183534,51.547402],[-0.183566,51.547398],[-0.183878,51.547363],[-0.183941,51.547576],[-0.184127,51.548214],[-0.184182,51.548403],[-0.184429,51.548389],[-0.184549,51.548381],[-0.184763,51.548368],[-0.184865,51.548362],[-0.184898,51.54836],[-0.185013,51.548353],[-0.185067,51.548351],[-0.185082,51.548351],[-0.185145,51.548348],[-0.18529,51.548343],[-0.185315,51.548342],[-0.185445,51.548337],[-0.186263,51.548306],[-0.186779,51.548277],[-0.18672,51.548368],[-0.186574,51.548591],[-0.186569,51.548599],[-0.186541,51.548901],[-0.186611,51.54893],[-0.18662,51.548926],[-0.18666,51.548909],[-0.187257,51.548684],[-0.187738,51.548502],[-0.188177,51.548336],[-0.188357,51.548268],[-0.188437,51.548268],[-0.18845,51.548268],[-0.188706,51.548268],[-0.189463,51.548269],[-0.189512,51.54827],[-0.189806,51.548277],[-0.190175,51.548297],[-0.190278,51.548303],[-0.190589,51.548309],[-0.191019,51.548319],[-0.191025,51.548354],[-0.191029,51.548373],[-0.191058,51.548564],[-0.191058,51.548573],[-0.191068,51.548672],[-0.191076,51.548694],[-0.191106,51.548787],[-0.19113,51.548862],[-0.191133,51.548871],[-0.19118,51.548977],[-0.191225,51.549079],[-0.191249,51.549112],[-0.191335,51.549233],[-0.191374,51.549315],[-0.191328,51.549312],[-0.190962,51.549292],[-0.190947,51.549296],[-0.190588,51.549281],[-0.190574,51.54928],[-0.190558,51.549279],[-0.190448,51.549274],[-0.190432,51.549274],[-0.189879,51.549249],[-0.189842,51.549248],[-0.189791,51.549246],[-0.189576,51.549235],[-0.189495,51.54923],[-0.189433,51.549227],[-0.189423,51.549227],[-0.189346,51.549223],[-0.189065,51.549208],[-0.189042,51.549207],[-0.188569,51.549128],[-0.188454,51.549117],[-0.188397,51.549116],[-0.188365,51.549121],[-0.188339,51.549124],[-0.188208,51.549158],[-0.188076,51.54921],[-0.187935,51.549267],[-0.187643,51.549387],[-0.187486,51.549451],[-0.187355,51.549504],[-0.18735,51.549507],[-0.187023,51.54964],[-0.18677,51.549743],[-0.186762,51.549747],[-0.186675,51.549782],[-0.186547,51.549834],[-0.186478,51.549862],[-0.186463,51.549869],[-0.186058,51.550026],[-0.185979,51.550056],[-0.18595,51.550068],[-0.185655,51.550188],[-0.185487,51.550256],[-0.18535,51.550312],[-0.185346,51.550314],[-0.185292,51.550338],[-0.185276,51.550345],[-0.185211,51.55037],[-0.185198,51.550375],[-0.184976,51.55046],[-0.184904,51.550487],[-0.184894,51.550502],[-0.184804,51.550538],[-0.184536,51.550646],[-0.184416,51.550695],[-0.184103,51.550821],[-0.184066,51.550832],[-0.183957,51.550864],[-0.183936,51.55087],[-0.183876,51.550888],[-0.183849,51.550896],[-0.183845,51.550893],[-0.183809,51.550869],[-0.183758,51.550836],[-0.18371,51.550806],[-0.183604,51.55074],[-0.183568,51.550717],[-0.183484,51.550665],[-0.183372,51.550595],[-0.183332,51.550571],[-0.183322,51.550565],[-0.183312,51.550558],[-0.183264,51.550528],[-0.183141,51.550452],[-0.183134,51.550448],[-0.183085,51.550417],[-0.182955,51.550337],[-0.182857,51.550276],[-0.182813,51.550249],[-0.182749,51.550209],[-0.182733,51.5502],[-0.182665,51.550161],[-0.18259,51.550117],[-0.182578,51.550111],[-0.182546,51.550092],[-0.182459,51.550042],[-0.182435,51.550028],[-0.182419,51.550018],[-0.182408,51.550012],[-0.18234,51.549973],[-0.18225,51.549921],[-0.182241,51.549916],[-0.182232,51.54991],[-0.182226,51.549907],[-0.182207,51.549896],[-0.18219,51.549886],[-0.182158,51.549868],[-0.182071,51.549817],[-0.182041,51.5498],[-0.182036,51.549796],[-0.182031,51.549792],[-0.181979,51.549748],[-0.181971,51.549741],[-0.181925,51.549701],[-0.181821,51.549612],[-0.181816,51.549608],[-0.18178,51.549577],[-0.181761,51.549561],[-0.18172,51.549525],[-0.181715,51.549521],[-0.181688,51.549489],[-0.18166,51.549454],[-0.181648,51.549439],[-0.181621,51.549407],[-0.181608,51.54939],[-0.181601,51.549382],[-0.181598,51.549378],[-0.181576,51.549351],[-0.18155,51.549313],[-0.181543,51.549303],[-0.18151,51.549255],[-0.181443,51.549157],[-0.181438,51.54915],[-0.18142,51.549125],[-0.181405,51.549102],[-0.181402,51.549097],[-0.181389,51.549079],[-0.181382,51.549068],[-0.181359,51.549034]]]}},{"type":"Feature","properties":{"LSOA21CD":"E01000973","LSOA21NM":"Camden 010E","MEAN_PTAL_":"6a","mean_AI":31.9129805517,"borough":"Camden"},"geometry":{"type":"Polygon","coordinates":[[[-0.19189,51.549487],[-0.191902,51.54944],[-0.191468,51.549496],[-0.191453,51.549466],[-0.191452,51.549463],[-0.19144,51.549438],[-0.191386,51.549329],[-0.191379,51.549315],[-0.191374,51.549315],[-0.191335,51.549233],[-0.191249,51.549112],[-0.191225,51.549079],[-0.19118,51.548977],[-0.191133,51.548871],[-0.19113,51.548862],[-0.191106,51.548787],[-0.191076,51.548694],[-0.191068,51.548672],[-0.191058,51.548573],[-0.191058,51.548564],[-0.191029,51.548373],[-0.191025,51.548354],[-0.191019,51.548319],[-0.190589,51.548309],[-0.190278,51.548303],[-0.190175,51.548297],[-0.189806,51.548277],[-0.189512,51.54827],[-0.189463,51.548269],[-0.188706,51.548268],[-0.18845,51.548268],[-0.188437,51.548268],[-0.188357,51.548268],[-0.188177,51.548336],[-0.187738,51.548502],[-0.187257,51.548684],[-0.18666,51.548909],[-0.18662,51.548926],[-0.186611,51.54893],[-0.186541,51.548901],[-0.186569,51.548599],[-0.186574,51.548591],[-0.18672,51.548368],[-0.186779,51.548277],[-0.186263,51.548306],[-0.185445,51.548337],[-0.185315,51.548342],[-0.18529,51.548343],[-0.185145,51.548348],[-0.185082,51.548351],[-0.185067,51.548351],[-0.185013,51.548353],[-0.184898,51.54836],[-0.184865,51.548362],[-0.184763,51.548368],[-0.184549,51.548381],[-0.184429,51.548389],[-0.184182,51.548403],[-0.184127,51.548214],[-0.183941,51.547576],[-0.183878,51.547363],[-0.184003,51.547349],[-0.184205,51.547322],[-0.184214,51.547321],[-0.184255,51.547315],[-0.184476,51.547286],[-0.184642,51.547264],[-0.184648,51.547263],[-0.184808,51.547241],[-0.184905,51.547228],[-0.184991,51.547217],[-0.185228,51.547185],[-0.185339,51.54717],[-0.185605,51.547137],[-0.185612,51.547136],[-0.186123,51.547073],[-0.186849,51.547012],[-0.187677,51.546943],[-0.187807,51.546932],[-0.18782,51.546931],[-0.18795,51.54692],[-0.188055,51.546912],[-0.188495,51.546879],[-0.188725,51.546861],[-0.188723,51.546845],[-0.1887,51.54665],[-0.18872,51.546523],[-0.188727,51.546477],[-0.188761,51.546478],[-0.188818,51.546483],[-0.188832,51.546491],[-0.188929,51.546493],[-0.189082,51.546495],[-0.189087,51.546495],[-0.189197,51.546497],[-0.189197,51.546487],[-0.189198,51.546469],[-0.189199,51.54646],[-0.189201,51.546404],[-0.189203,51.546362],[-0.189205,51.546321],[-0.189207,51.546295],[-0.189451,51.546295],[-0.189545,51.546295],[-0.189548,51.546253],[-0.18955,51.546234],[-0.189553,51.546197],[-0.189557,51.546139],[-0.189559,51.546119],[-0.189564,51.546058],[-0.189567,51.546019],[-0.189568,51.546008],[-0.189571,51.545972],[-0.189576,51.545917],[-0.189579,51.545879],[-0.18958,51.54587],[-0.189584,51.545819],[-0.189588,51.545767],[-0.189533,51.545767],[-0.189536,51.545731],[-0.189539,51.545697],[-0.189546,51.545609],[-0.189547,51.5456],[-0.189595,51.5456],[-0.189605,51.545491],[-0.18961,51.545444],[-0.189625,51.54529],[-0.189636,51.545173],[-0.189639,51.545148],[-0.189639,51.545144],[-0.189653,51.545144],[-0.189725,51.545146],[-0.189851,51.54515],[-0.189886,51.545151],[-0.190353,51.545165],[-0.190404,51.545166],[-0.190562,51.545171],[-0.190642,51.545196],[-0.190794,51.545304],[-0.190792,51.545315],[-0.190677,51.545482],[-0.190727,51.545607],[-0.190624,51.5458],[-0.190543,51.54585],[-0.190635,51.545851],[-0.190647,51.545851],[-0.190875,51.545854],[-0.191295,51.545861],[-0.191275,51.545905],[-0.19128,51.545906],[-0.191312,51.545906],[-0.191334,51.545907],[-0.19131,51.545961],[-0.191275,51.54604],[-0.191262,51.54607],[-0.191254,51.54609],[-0.191495,51.546071],[-0.191503,51.546071],[-0.19161,51.546063],[-0.191878,51.546043],[-0.191895,51.546003],[-0.191914,51.545958],[-0.191858,51.545926],[-0.192056,51.545668],[-0.192177,51.545589],[-0.192281,51.545551],[-0.192289,51.545556],[-0.192416,51.545621],[-0.19264,51.545689],[-0.192865,51.545706],[-0.192901,51.545709],[-0.192961,51.545663],[-0.192977,51.545652],[-0.192969,51.545706],[-0.192961,51.545752],[-0.19294,51.545861],[-0.192955,51.545919],[-0.192928,51.545926],[-0.192926,51.545941],[-0.192987,51.545937],[-0.193048,51.545934],[-0.193075,51.545932],[-0.193262,51.545921],[-0.193327,51.545917],[-0.193373,51.545914],[-0.193535,51.545905],[-0.193756,51.545891],[-0.19386,51.545885],[-0.193933,51.545881],[-0.193955,51.54588],[-0.193954,51.545884],[-0.193947,51.54591],[-0.194055,51.545903],[-0.194067,51.545902],[-0.194259,51.54589],[-0.194294,51.545887],[-0.194307,51.545886],[-0.194318,51.545886],[-0.19446,51.545876],[-0.194488,51.545874],[-0.194575,51.545868],[-0.194649,51.545863],[-0.194788,51.545854],[-0.194841,51.545851],[-0.19493,51.545845],[-0.194956,51.545843],[-0.195102,51.545835],[-0.19538,51.545818],[-0.195397,51.545808],[-0.195494,51.545751],[-0.195483,51.545712],[-0.195481,51.545708],[-0.195479,51.545673],[-0.195487,51.545635],[-0.195499,51.545606],[-0.195527,51.54558],[-0.195547,51.545533],[-0.195549,51.545509],[-0.195559,51.545483],[-0.195574,51.545445],[-0.195588,51.545423],[-0.195591,51.54542],[-0.195602,51.545407],[-0.195614,51.545356],[-0.195629,51.545319],[-0.195651,51.545293],[-0.195656,51.545274],[-0.195664,51.545228],[-0.195677,51.545203],[-0.19568,51.545194],[-0.195693,51.54516],[-0.195696,51.54514],[-0.195714,51.545105],[-0.195717,51.545099],[-0.195719,51.545089],[-0.195734,51.545055],[-0.195735,51.545048],[-0.195751,51.545018],[-0.19575,51.545001],[-0.195757,51.544938],[-0.195767,51.544917],[-0.195772,51.544894],[-0.195783,51.54489],[-0.195816,51.544872],[-0.195906,51.54484],[-0.195939,51.544816],[-0.195972,51.54478],[-0.196022,51.544784],[-0.196296,51.544802],[-0.196306,51.544781],[-0.196335,51.544698],[-0.196351,51.544694],[-0.196356,51.544692],[-0.196361,51.54468],[-0.196384,51.544684],[-0.196401,51.544679],[-0.196459,51.544686],[-0.196532,51.544708],[-0.196565,51.544718],[-0.19661,51.544741],[-0.196719,51.544796],[-0.196723,51.544798],[-0.196732,51.544803],[-0.196737,51.544805],[-0.196759,51.544816],[-0.196805,51.544851],[-0.196827,51.544867],[-0.196928,51.544941],[-0.196974,51.544968],[-0.197026,51.544997],[-0.197065,51.545021],[-0.197112,51.545048],[-0.197111,51.545051],[-0.197093,51.545089],[-0.197084,51.545108],[-0.197048,51.54519],[-0.197038,51.545212],[-0.197032,51.545225],[-0.197025,51.545239],[-0.197024,51.545243],[-0.19702,51.545251],[-0.197017,51.545257],[-0.196963,51.545378],[-0.196939,51.54543],[-0.196934,51.545442],[-0.19691,51.545495],[-0.196908,51.5455],[-0.196903,51.545511],[-0.196897,51.545524],[-0.196863,51.545599],[-0.196853,51.545621],[-0.196851,51.545624],[-0.196831,51.54567],[-0.196828,51.545676],[-0.196806,51.545724],[-0.196801,51.545735],[-0.196771,51.545803],[-0.196752,51.545843],[-0.196717,51.545922],[-0.196715,51.545927],[-0.196966,51.545971],[-0.197279,51.54599],[-0.197468,51.545988],[-0.197571,51.545983],[-0.197615,51.54598],[-0.197678,51.545977],[-0.197765,51.545972],[-0.197769,51.545995],[-0.197771,51.546003],[-0.197776,51.546029],[-0.197778,51.546041],[-0.197816,51.546303],[-0.197819,51.546325],[-0.197824,51.54636],[-0.197825,51.546365],[-0.197843,51.546361],[-0.197853,51.546359],[-0.197888,51.546352],[-0.197986,51.546332],[-0.198016,51.546326],[-0.198068,51.546315],[-0.198083,51.546312],[-0.198975,51.546382],[-0.198946,51.546441],[-0.198943,51.546446],[-0.198867,51.546556],[-0.198802,51.546634],[-0.19875,51.546686],[-0.198696,51.546728],[-0.198579,51.546792],[-0.19857,51.546794],[-0.198497,51.546809],[-0.198405,51.546829],[-0.198401,51.54683],[-0.198375,51.546836],[-0.198333,51.546849],[-0.198285,51.546865],[-0.19828,51.546866],[-0.198256,51.546877],[-0.198245,51.546879],[-0.198231,51.546881],[-0.19815,51.546894],[-0.198034,51.546912],[-0.197883,51.546936],[-0.197851,51.546941],[-0.197737,51.546959],[-0.197685,51.546968],[-0.197493,51.546998],[-0.197278,51.547032],[-0.197185,51.547048],[-0.196682,51.547138],[-0.196659,51.547143],[-0.196594,51.547163],[-0.196597,51.547225],[-0.196598,51.547253],[-0.196664,51.547375],[-0.196758,51.547549],[-0.196734,51.547552],[-0.196509,51.547549],[-0.196491,51.547552],[-0.196456,51.547552],[-0.196417,51.547555],[-0.196403,51.547555],[-0.19639,51.547555],[-0.19637,51.547556],[-0.196339,51.547556],[-0.196254,51.547563],[-0.196247,51.547564],[-0.196134,51.547575],[-0.196111,51.547577],[-0.196085,51.547579],[-0.196024,51.547577],[-0.196013,51.547576],[-0.195991,51.547582],[-0.195885,51.547593],[-0.195874,51.547597],[-0.195821,51.547604],[-0.195776,51.547604],[-0.195754,51.547607],[-0.195725,51.547612],[-0.195701,51.547609],[-0.195614,51.547618],[-0.19554,51.547652],[-0.195479,51.547707],[-0.195464,51.547729],[-0.195461,51.547736],[-0.195446,51.54778],[-0.194936,51.547735],[-0.194913,51.547733],[-0.194854,51.547725],[-0.194812,51.547781],[-0.19477,51.547854],[-0.194765,51.547865],[-0.194748,51.547922],[-0.194746,51.547929],[-0.194683,51.548232],[-0.194558,51.548231],[-0.194399,51.548234],[-0.194299,51.548238],[-0.194281,51.548237],[-0.194241,51.548243],[-0.194097,51.548492],[-0.194017,51.548484],[-0.193945,51.548477],[-0.193532,51.548452],[-0.193257,51.548435],[-0.193259,51.548461],[-0.193284,51.548789],[-0.193285,51.548814],[-0.193286,51.548829],[-0.19322,51.548845],[-0.193221,51.548923],[-0.193222,51.54894],[-0.193188,51.549004],[-0.193141,51.549037],[-0.193087,51.549057],[-0.193046,51.549063],[-0.192947,51.549106],[-0.192923,51.549113],[-0.192843,51.549153],[-0.192806,51.54916],[-0.19275,51.549235],[-0.192747,51.549237],[-0.192718,51.549276],[-0.192684,51.549302],[-0.192663,51.549332],[-0.192605,51.549379],[-0.192597,51.549385],[-0.19256,51.549365],[-0.192432,51.549469],[-0.192415,51.549482],[-0.192332,51.549567],[-0.192352,51.549577],[-0.192649,51.549729],[-0.192597,51.549765],[-0.192552,51.549819],[-0.192543,51.549878],[-0.192508,51.549878],[-0.192429,51.549879],[-0.192352,51.549905],[-0.192294,51.549893],[-0.192233,51.54988],[-0.192229,51.549876],[-0.192168,51.549847],[-0.192159,51.549841],[-0.192134,51.549824],[-0.192125,51.549817],[-0.19198,51.549743],[-0.191815,51.549638],[-0.191796,51.549626],[-0.19189,51.549487]]]}},{"type":"Feature","properties":{"LSOA21CD":"E01000974","LSOA21NM":"Camden 013E","MEAN_PTAL_":"6a","mean_AI":26.8254580149,"borough":"Camden"},"geometry":{"type":"Polygon","coordinates":[[[-0.196557,51.549357],[-0.196527,51.549351],[-0.196508,51.549352],[-0.19622,51.549295],[-0.196151,51.549282],[-0.195942,51.549241],[-0.195892,51.549232],[-0.195886,51.549243],[-0.19587,51.549245],[-0.195826,51.549221],[-0.195503,51.549172],[-0.195229,51.54913],[-0.195231,51.549124],[-0.19538,51.548697],[-0.195399,51.548642],[-0.195005,51.548587],[-0.194802,51.548563],[-0.194698,51.548551],[-0.194097,51.548492],[-0.194241,51.548243],[-0.194281,51.548237],[-0.194299,51.548238],[-0.194399,51.548234],[-0.194558,51.548231],[-0.194683,51.548232],[-0.194746,51.547929],[-0.194748,51.547922],[-0.194765,51.547865],[-0.19477,51.547854],[-0.194812,51.547781],[-0.194854,51.547725],[-0.194913,51.547733],[-0.194936,51.547735],[-0.195446,51.54778],[-0.195461,51.547736],[-0.195464,51.547729],[-0.195479,51.547707],[-0.19554,51.547652],[-0.195614,51.547618],[-0.195701,51.547609],[-0.195725,51.547612],[-0.195754,51.547607],[-0.195776,51.547604],[-0.195821,51.547604],[-0.195874,51.547597],[-0.195885,51.547593],[-0.195991,51.547582],[-0.196013,51.547576],[-0.196024,51.547577],[-0.196085,51.547579],[-0.196111,51.547577],[-0.196134,51.547575],[-0.196247,51.547564],[-0.196254,51.547563],[-0.196339,51.547556],[-0.19637,51.547556],[-0.19639,51.547555],[-0.196403,51.547555],[-0.196417,51.547555],[-0.196456,51.547552],[-0.196491,51.547552],[-0.196509,51.547549],[-0.196734,51.547552],[-0.196758,51.547549],[-0.196664,51.547375],[-0.196598,51.547253],[-0.196597,51.547225],[-0.196594,51.547163],[-0.196659,51.547143],[-0.196682,51.547138],[-0.197185,51.547048],[-0.197278,51.547032],[-0.197493,51.546998],[-0.197685,51.546968],[-0.197737,51.546959],[-0.197851,51.546941],[-0.197883,51.546936],[-0.198034,51.546912],[-0.19815,51.546894],[-0.198231,51.546881],[-0.198245,51.546879],[-0.198256,51.546877],[-0.19828,51.546866],[-0.198285,51.546865],[-0.198333,51.546849],[-0.198375,51.546836],[-0.198401,51.54683],[-0.198405,51.546829],[-0.198497,51.546809],[-0.19857,51.546794],[-0.198579,51.546792],[-0.198696,51.546728],[-0.19875,51.546686],[-0.198802,51.546634],[-0.198867,51.546556],[-0.198943,51.546446],[-0.198946,51.546441],[-0.198975,51.546382],[-0.198083,51.546312],[-0.19831,51.546265],[-0.198317,51.546264],[-0.198352,51.546256],[-0.198431,51.546237],[-0.198495,51.546221],[-0.198533,51.546212],[-0.198559,51.546206],[-0.198579,51.546201],[-0.198589,51.546199],[-0.198727,51.546166],[-0.198779,51.546154],[-0.198983,51.546105],[-0.199076,51.546083],[-0.199118,51.546073],[-0.199131,51.54607],[-0.199529,51.545975],[-0.199533,51.545974],[-0.199571,51.545965],[-0.199726,51.545928],[-0.199838,51.545898],[-0.199857,51.545893],[-0.200056,51.545841],[-0.200104,51.545828],[-0.200148,51.545816],[-0.200172,51.54581],[-0.200199,51.545803],[-0.200234,51.545793],[-0.200256,51.545787],[-0.200319,51.545771],[-0.200366,51.545758],[-0.200418,51.545745],[-0.200444,51.545738],[-0.200517,51.545718],[-0.200601,51.545696],[-0.200619,51.545691],[-0.200635,51.545687],[-0.200641,51.545685],[-0.200732,51.545661],[-0.200742,51.545658],[-0.200764,51.545652],[-0.200794,51.545644],[-0.200962,51.545599],[-0.200982,51.545594],[-0.201024,51.545582],[-0.201035,51.545579],[-0.20104,51.545578],[-0.201072,51.545568],[-0.201136,51.545548],[-0.201155,51.545542],[-0.20125,51.545513],[-0.201262,51.545509],[-0.201789,51.545345],[-0.201923,51.545303],[-0.201934,51.545312],[-0.202064,51.545431],[-0.202121,51.545484],[-0.202192,51.545549],[-0.202201,51.545556],[-0.202279,51.545628],[-0.20229,51.545638],[-0.202361,51.545703],[-0.202407,51.545746],[-0.202428,51.545765],[-0.202439,51.545775],[-0.202462,51.545796],[-0.20253,51.545859],[-0.202609,51.545931],[-0.202697,51.546012],[-0.202739,51.546053],[-0.202802,51.546114],[-0.202819,51.546132],[-0.202824,51.546136],[-0.202831,51.546143],[-0.202889,51.5462],[-0.202894,51.546205],[-0.202918,51.546229],[-0.202922,51.546232],[-0.203036,51.546345],[-0.203048,51.546357],[-0.203065,51.546373],[-0.203078,51.546386],[-0.203194,51.5465],[-0.203197,51.546503],[-0.203385,51.546662],[-0.2034,51.546675],[-0.203478,51.546741],[-0.203515,51.546772],[-0.203565,51.546814],[-0.203675,51.546924],[-0.203719,51.546968],[-0.203695,51.546974],[-0.203668,51.546981],[-0.203653,51.546985],[-0.203372,51.547058],[-0.203203,51.547101],[-0.203157,51.547113],[-0.203094,51.547129],[-0.203002,51.547153],[-0.202993,51.547155],[-0.202985,51.547158],[-0.202936,51.54717],[-0.202894,51.547181],[-0.202845,51.547194],[-0.20283,51.547197],[-0.202783,51.547209],[-0.202748,51.547219],[-0.202699,51.547231],[-0.202679,51.547236],[-0.202644,51.547245],[-0.202619,51.547252],[-0.202602,51.547256],[-0.202592,51.547259],[-0.202567,51.547265],[-0.202548,51.54727],[-0.202534,51.547274],[-0.202481,51.547288],[-0.202477,51.547289],[-0.202461,51.547293],[-0.202411,51.547306],[-0.202405,51.547308],[-0.202397,51.54731],[-0.202354,51.547321],[-0.202333,51.547326],[-0.20232,51.54733],[-0.202238,51.547351],[-0.202225,51.547354],[-0.202164,51.54737],[-0.202118,51.547382],[-0.202098,51.547387],[-0.202051,51.547399],[-0.202021,51.547407],[-0.201978,51.547418],[-0.20197,51.547421],[-0.201943,51.547428],[-0.201903,51.547438],[-0.201873,51.547446],[-0.201866,51.547448],[-0.20183,51.547457],[-0.201821,51.547459],[-0.201799,51.547465],[-0.201749,51.547478],[-0.201731,51.547483],[-0.201718,51.547486],[-0.201652,51.547503],[-0.201645,51.547505],[-0.201631,51.547509],[-0.201565,51.547526],[-0.20149,51.547545],[-0.201483,51.547547],[-0.20147,51.54755],[-0.201418,51.547564],[-0.201351,51.547582],[-0.201309,51.547592],[-0.201295,51.547596],[-0.201264,51.547604],[-0.201219,51.547616],[-0.201204,51.54762],[-0.20119,51.547623],[-0.201161,51.547631],[-0.201153,51.547633],[-0.201108,51.547645],[-0.201089,51.54765],[-0.201078,51.547653],[-0.201047,51.54766],[-0.201036,51.547663],[-0.200992,51.547675],[-0.200983,51.547677],[-0.200976,51.547679],[-0.200941,51.547688],[-0.200937,51.547689],[-0.200927,51.547692],[-0.200904,51.547698],[-0.200828,51.547717],[-0.200778,51.547731],[-0.200752,51.547737],[-0.200712,51.547748],[-0.200685,51.547755],[-0.200606,51.547775],[-0.200571,51.547784],[-0.200564,51.547786],[-0.200549,51.54779],[-0.200533,51.547794],[-0.200456,51.547814],[-0.200425,51.547822],[-0.200403,51.547828],[-0.200369,51.547837],[-0.200354,51.547841],[-0.200342,51.547844],[-0.200317,51.54785],[-0.200227,51.547872],[-0.20022,51.547873],[-0.200169,51.547886],[-0.200107,51.547901],[-0.200103,51.547902],[-0.200026,51.54792],[-0.199938,51.547942],[-0.199921,51.547946],[-0.199851,51.547957],[-0.199763,51.547972],[-0.19972,51.547978],[-0.199711,51.54798],[-0.199632,51.547993],[-0.199606,51.547996],[-0.199526,51.548006],[-0.199428,51.548018],[-0.199394,51.548022],[-0.199363,51.548026],[-0.199343,51.548028],[-0.199287,51.548035],[-0.199209,51.548039],[-0.19913,51.548044],[-0.199042,51.548049],[-0.19901,51.54805],[-0.198951,51.548054],[-0.198879,51.548054],[-0.198861,51.548053],[-0.198803,51.548053],[-0.198712,51.548053],[-0.1987,51.548053],[-0.198681,51.548052],[-0.198617,51.54805],[-0.198547,51.548048],[-0.198494,51.548046],[-0.198422,51.548044],[-0.198411,51.548043],[-0.198366,51.548042],[-0.198229,51.54803],[-0.198222,51.54803],[-0.198077,51.548018],[-0.198068,51.548017],[-0.19787,51.548001],[-0.197805,51.547995],[-0.197789,51.547994],[-0.197786,51.548009],[-0.197751,51.548156],[-0.197719,51.548294],[-0.197707,51.548476],[-0.197756,51.548476],[-0.19779,51.548476],[-0.197778,51.548561],[-0.19775,51.548611],[-0.197725,51.548657],[-0.197624,51.548839],[-0.19762,51.54885],[-0.197688,51.548867],[-0.198117,51.548972],[-0.198082,51.549166],[-0.198079,51.549182],[-0.19804,51.549173],[-0.197818,51.549124],[-0.197602,51.549077],[-0.197548,51.549066],[-0.197377,51.549028],[-0.197037,51.549165],[-0.196859,51.549421],[-0.196855,51.549428],[-0.196694,51.549388],[-0.196613,51.549372],[-0.196603,51.549367],[-0.196557,51.549357]]]}},{"type":"Feature","properties":{"LSOA21CD":"E01035709","LSOA21NM":"Camden 022G","MEAN_PTAL_":"6b","mean_AI":56.8128646997,"borough":"Camden"},"geometry":{"type":"Polygon","coordinates":[[[-0.128836,51.536925],[-0.128789,51.536906],[-0.128722,51.536938],[-0.128711,51.536932],[-0.128657,51.5369],[-0.128564,51.536839],[-0.12849,51.536792],[-0.1284,51.536735],[-0.128289,51.536657],[-0.128222,51.536602],[-0.128168,51.536543],[-0.128085,51.536444],[-0.128014,51.536358],[-0.127937,51.53627],[-0.127819,51.536128],[-0.127793,51.536097],[-0.127774,51.53607],[-0.127751,51.536035],[-0.12772,51.536003],[-0.127692,51.535973],[-0.127496,51.535745],[-0.127475,51.53572],[-0.127246,51.535449],[-0.127035,51.535192],[-0.126918,51.535057],[-0.126794,51.53493],[-0.126673,51.534826],[-0.126593,51.534781],[-0.126485,51.534743],[-0.126334,51.534694],[-0.126388,51.534527],[-0.126389,51.534526],[-0.12639,51.534523],[-0.12639,51.534522],[-0.126432,51.534408],[-0.126458,51.534338],[-0.126457,51.534337],[-0.126463,51.534324],[-0.126474,51.534283],[-0.126527,51.534169],[-0.126537,51.534149],[-0.126778,51.534077],[-0.126782,51.534076],[-0.126888,51.534045],[-0.126947,51.534027],[-0.126981,51.534009],[-0.127023,51.533974],[-0.127028,51.533972],[-0.127844,51.533722],[-0.128443,51.533532],[-0.128622,51.533476],[-0.128508,51.533338],[-0.128566,51.533368],[-0.128698,51.533437],[-0.128473,51.533265],[-0.128411,51.533217],[-0.128389,51.533201],[-0.128197,51.533054],[-0.128109,51.532987],[-0.128077,51.532963],[-0.128028,51.532924],[-0.127972,51.532881],[-0.127939,51.532856],[-0.127924,51.532843],[-0.127912,51.53282],[-0.127856,51.5327],[-0.127855,51.532697],[-0.127791,51.532563],[-0.127737,51.532467],[-0.127724,51.532445],[-0.127814,51.532418],[-0.12787,51.532402],[-0.127944,51.532374],[-0.128046,51.532336],[-0.128595,51.532131],[-0.128601,51.532129],[-0.128748,51.532074],[-0.128891,51.532015],[-0.129133,51.531915],[-0.129438,51.531789],[-0.129848,51.531624],[-0.129896,51.531605],[-0.130035,51.531549],[-0.130018,51.531532],[-0.130076,51.531513],[-0.130279,51.531448],[-0.130318,51.531435],[-0.130345,51.531423],[-0.130255,51.531334],[-0.12997,51.531048],[-0.129917,51.530996],[-0.129889,51.530977],[-0.130377,51.530784],[-0.130382,51.530782],[-0.13057,51.530863],[-0.130627,51.530867],[-0.130659,51.530865],[-0.130677,51.530858],[-0.131082,51.530698],[-0.13109,51.530701],[-0.13115,51.530724],[-0.131159,51.530727],[-0.131211,51.530747],[-0.131242,51.530778],[-0.131415,51.530955],[-0.131405,51.530958],[-0.131429,51.53098],[-0.131432,51.530983],[-0.131446,51.530996],[-0.131467,51.530987],[-0.131513,51.530969],[-0.131864,51.530829],[-0.13189,51.530859],[-0.131646,51.530958],[-0.131619,51.530969],[-0.131604,51.530987],[-0.131589,51.531013],[-0.131588,51.531022],[-0.131588,51.53104],[-0.13175,51.5312],[-0.131766,51.531215],[-0.131771,51.53122],[-0.131827,51.531275],[-0.131865,51.531313],[-0.131893,51.53134],[-0.131914,51.531361],[-0.132021,51.531466],[-0.132071,51.531515],[-0.132089,51.531533],[-0.132098,51.531542],[-0.132141,51.531584],[-0.13222,51.531662],[-0.132267,51.531708],[-0.13231,51.53176],[-0.132312,51.531763],[-0.132343,51.5318],[-0.132349,51.531808],[-0.132328,51.531816],[-0.132345,51.531836],[-0.132372,51.531836],[-0.132445,51.531926],[-0.13248,51.53196],[-0.132597,51.532073],[-0.132613,51.532088],[-0.132676,51.532149],[-0.132811,51.53228],[-0.13281,51.532283],[-0.132816,51.532285],[-0.132837,51.532305],[-0.132778,51.532327],[-0.132734,51.532276],[-0.132395,51.532246],[-0.132225,51.532239],[-0.132141,51.532244],[-0.13213,51.53225],[-0.132114,51.532263],[-0.132028,51.532332],[-0.131944,51.5324],[-0.131921,51.532419],[-0.131865,51.532487],[-0.131417,51.53253],[-0.131404,51.532538],[-0.131583,51.532735],[-0.131802,51.532974],[-0.131849,51.533026],[-0.131891,51.533071],[-0.131911,51.533093],[-0.131919,51.533102],[-0.13199,51.533179],[-0.132001,51.533191],[-0.132031,51.533224],[-0.132092,51.53329],[-0.132123,51.533324],[-0.132125,51.533327],[-0.132197,51.533406],[-0.132224,51.53343],[-0.132237,51.533443],[-0.132283,51.533425],[-0.132391,51.533532],[-0.13235,51.533546],[-0.132096,51.533635],[-0.132086,51.533639],[-0.132114,51.533685],[-0.132116,51.533693],[-0.132127,51.533741],[-0.132125,51.533747],[-0.132122,51.533763],[-0.13212,51.533775],[-0.131992,51.533767],[-0.131981,51.533767],[-0.131974,51.533767],[-0.131946,51.533769],[-0.131886,51.533783],[-0.131877,51.533786],[-0.131754,51.533851],[-0.131748,51.533854],[-0.131743,51.533853],[-0.131731,51.533842],[-0.13158,51.533693],[-0.13157,51.533697],[-0.131559,51.533701],[-0.131472,51.533736],[-0.131397,51.533766],[-0.131352,51.533784],[-0.131336,51.53379],[-0.131205,51.533842],[-0.131303,51.533959],[-0.131321,51.533972],[-0.131336,51.533982],[-0.131375,51.533999],[-0.131391,51.534005],[-0.131454,51.534022],[-0.131468,51.534024],[-0.131481,51.534025],[-0.131485,51.534028],[-0.131491,51.534035],[-0.131512,51.534059],[-0.131515,51.534063],[-0.131532,51.534077],[-0.131557,51.534105],[-0.13157,51.534114],[-0.131576,51.534119],[-0.131579,51.534122],[-0.131588,51.534129],[-0.131597,51.534136],[-0.131606,51.534144],[-0.131616,51.534155],[-0.13167,51.534197],[-0.131673,51.5342],[-0.131685,51.53421],[-0.131688,51.534212],[-0.13171,51.53423],[-0.131716,51.534237],[-0.131726,51.534245],[-0.131732,51.53425],[-0.131738,51.534257],[-0.131744,51.534263],[-0.131778,51.534291],[-0.131784,51.534298],[-0.131791,51.534304],[-0.131825,51.534332],[-0.131816,51.534356],[-0.131796,51.534381],[-0.131784,51.534397],[-0.131613,51.534501],[-0.131722,51.53457],[-0.131788,51.534605],[-0.131795,51.534607],[-0.131816,51.534614],[-0.131821,51.534617],[-0.13183,51.534624],[-0.131824,51.534629],[-0.131782,51.534657],[-0.131622,51.534643],[-0.131223,51.534895],[-0.131217,51.534899],[-0.131497,51.535014],[-0.13159,51.535062],[-0.131733,51.535138],[-0.13185,51.535199],[-0.132005,51.535274],[-0.132087,51.535301],[-0.132083,51.535348],[-0.132082,51.535353],[-0.131449,51.535673],[-0.131443,51.535673],[-0.131112,51.535655],[-0.131028,51.535645],[-0.130188,51.53555],[-0.129975,51.535546],[-0.12988,51.535559],[-0.129788,51.535774],[-0.129725,51.535919],[-0.129723,51.535924],[-0.129729,51.53593],[-0.129769,51.535972],[-0.129798,51.536003],[-0.129813,51.536033],[-0.129825,51.536057],[-0.129829,51.536069],[-0.129842,51.536102],[-0.129877,51.536193],[-0.129875,51.536247],[-0.129873,51.536301],[-0.129865,51.536321],[-0.129864,51.536324],[-0.129856,51.536345],[-0.129814,51.536395],[-0.12975,51.53647],[-0.129734,51.536523],[-0.129699,51.536667],[-0.129702,51.536709],[-0.129708,51.536802],[-0.129746,51.536928],[-0.129773,51.536965],[-0.129868,51.53711],[-0.130033,51.537329],[-0.130025,51.537328],[-0.129975,51.537319],[-0.129856,51.537292],[-0.129748,51.537253],[-0.129659,51.537211],[-0.129586,51.537167],[-0.129251,51.537059],[-0.128836,51.536925]]]}},{"type":"Feature","properties":{"LSOA21CD":"E01035710","LSOA21NM":"Camden 023F","MEAN_PTAL_":"6b","mean_AI":52.0668937235,"borough":"Camden"},"geometry":{"type":"Polygon","coordinates":[[[-0.141304,51.53242],[-0.140901,51.532155],[-0.140622,51.532009],[-0.140587,51.53199],[-0.140484,51.531936],[-0.140086,51.531782],[-0.140052,51.531786],[-0.140048,51.531787],[-0.139851,51.531815],[-0.139485,51.531866],[-0.139194,51.531908],[-0.139185,51.531902],[-0.139115,51.531911],[-0.139092,51.531829],[-0.139051,51.531684],[-0.138979,51.531658],[-0.138937,51.531643],[-0.138753,51.531576],[-0.138629,51.531532],[-0.138469,51.531581],[-0.138427,51.531564],[-0.138101,51.531425],[-0.137918,51.531334],[-0.137808,51.531293],[-0.137776,51.531284],[-0.137771,51.531283],[-0.13772,51.531267],[-0.137639,51.531249],[-0.137633,51.531248],[-0.137465,51.53122],[-0.137302,51.531163],[-0.137181,51.531121],[-0.137138,51.531106],[-0.137129,51.531103],[-0.13711,51.531096],[-0.136767,51.530977],[-0.136609,51.530966],[-0.136605,51.530966],[-0.136594,51.530966],[-0.136495,51.530966],[-0.136469,51.530965],[-0.13642,51.530968],[-0.136301,51.530973],[-0.136282,51.530975],[-0.136254,51.530979],[-0.13607,51.530999],[-0.136062,51.531],[-0.135984,51.531009],[-0.135808,51.531041],[-0.135798,51.531042],[-0.135725,51.531056],[-0.135557,51.531095],[-0.135521,51.531104],[-0.135392,51.531143],[-0.135255,51.531186],[-0.13512,51.531228],[-0.135113,51.531222],[-0.135012,51.531138],[-0.134881,51.531029],[-0.134859,51.531011],[-0.134715,51.53089],[-0.13457,51.530769],[-0.134532,51.530738],[-0.1342,51.530462],[-0.134143,51.530409],[-0.133926,51.530207],[-0.133798,51.530089],[-0.133791,51.530082],[-0.133747,51.530042],[-0.133574,51.529882],[-0.133406,51.529724],[-0.133326,51.529649],[-0.133208,51.529537],[-0.133187,51.529518],[-0.133165,51.529497],[-0.133138,51.529472],[-0.133113,51.529449],[-0.133063,51.529402],[-0.133058,51.529397],[-0.133014,51.529359],[-0.132952,51.529304],[-0.13285,51.529214],[-0.132686,51.529069],[-0.13268,51.529064],[-0.132585,51.52898],[-0.13251,51.528913],[-0.132398,51.528815],[-0.132245,51.52868],[-0.13223,51.528667],[-0.13211,51.528561],[-0.131987,51.528452],[-0.1319,51.528375],[-0.131897,51.528372],[-0.131636,51.528129],[-0.131377,51.527888],[-0.13136,51.527872],[-0.131338,51.527851],[-0.131286,51.527803],[-0.131192,51.527716],[-0.13106,51.527594],[-0.130828,51.527379],[-0.130766,51.527322],[-0.130776,51.527318],[-0.130793,51.527312],[-0.130838,51.527297],[-0.131104,51.527204],[-0.131244,51.527156],[-0.131271,51.527146],[-0.131315,51.527134],[-0.131669,51.527031],[-0.131875,51.526959],[-0.131981,51.526915],[-0.132004,51.526905],[-0.132072,51.526877],[-0.132091,51.526869],[-0.132178,51.526833],[-0.132518,51.52672],[-0.132924,51.526586],[-0.133451,51.526411],[-0.133616,51.526356],[-0.133623,51.526353],[-0.133643,51.526347],[-0.133984,51.526234],[-0.134223,51.526154],[-0.134602,51.526029],[-0.134649,51.526013],[-0.134692,51.525999],[-0.134908,51.525932],[-0.135205,51.525839],[-0.135288,51.525815],[-0.135565,51.525736],[-0.135657,51.525715],[-0.135824,51.525677],[-0.135905,51.525658],[-0.136524,51.525517],[-0.13653,51.52554],[-0.136545,51.525558],[-0.136591,51.525614],[-0.136845,51.525924],[-0.13702,51.526138],[-0.137114,51.526188],[-0.137202,51.526216],[-0.137224,51.52622],[-0.137184,51.526542],[-0.137393,51.526627],[-0.137573,51.526589],[-0.137599,51.526583],[-0.137613,51.526575],[-0.137707,51.526411],[-0.137718,51.52641],[-0.137743,51.526408],[-0.138014,51.52638],[-0.138021,51.526385],[-0.138043,51.526376],[-0.138077,51.526373],[-0.138112,51.526361],[-0.138182,51.526321],[-0.138222,51.526286],[-0.138401,51.526511],[-0.138415,51.526529],[-0.138622,51.526485],[-0.138647,51.52648],[-0.138647,51.526485],[-0.138648,51.5265],[-0.138624,51.526521],[-0.138625,51.526548],[-0.13863,51.526638],[-0.13863,51.526647],[-0.138628,51.526777],[-0.138627,51.526858],[-0.138627,51.526869],[-0.138626,51.526948],[-0.138624,51.527067],[-0.138622,51.527186],[-0.138654,51.527185],[-0.138725,51.527183],[-0.138754,51.527182],[-0.13883,51.52718],[-0.139137,51.527171],[-0.139416,51.527163],[-0.139802,51.527162],[-0.140115,51.527161],[-0.140004,51.527107],[-0.13989,51.527093],[-0.139501,51.52689],[-0.13948,51.526334],[-0.13948,51.526325],[-0.139917,51.526241],[-0.139923,51.52624],[-0.1403,51.526168],[-0.140328,51.526163],[-0.140843,51.526065],[-0.140903,51.526053],[-0.140912,51.52605],[-0.141037,51.526008],[-0.141078,51.525993],[-0.141302,51.525879],[-0.141493,51.525782],[-0.141682,51.525697],[-0.141815,51.525638],[-0.14184,51.525635],[-0.14185,51.525634],[-0.141857,51.525646],[-0.141959,51.525648],[-0.14213,51.52565],[-0.142147,51.525651],[-0.142452,51.525662],[-0.142469,51.526097],[-0.142469,51.526104],[-0.142315,51.526133],[-0.142249,51.52614],[-0.142179,51.526147],[-0.142138,51.526151],[-0.142138,51.526163],[-0.142081,51.526162],[-0.142004,51.526164],[-0.141809,51.526183],[-0.141542,51.526208],[-0.141445,51.526218],[-0.141539,51.526299],[-0.141607,51.526359],[-0.141619,51.526377],[-0.141622,51.526384],[-0.14164,51.526429],[-0.141654,51.526465],[-0.141655,51.526475],[-0.141662,51.52654],[-0.141663,51.526549],[-0.141661,51.526562],[-0.141656,51.526591],[-0.141646,51.526645],[-0.141645,51.526648],[-0.141582,51.526715],[-0.141543,51.526756],[-0.141533,51.526766],[-0.141608,51.526809],[-0.141623,51.526815],[-0.141683,51.526839],[-0.141694,51.526848],[-0.141745,51.526888],[-0.141753,51.526892],[-0.141889,51.526948],[-0.141913,51.526952],[-0.142144,51.526991],[-0.1421,51.52704],[-0.141975,51.527175],[-0.141971,51.52718],[-0.141965,51.527186],[-0.141926,51.527228],[-0.14191,51.527259],[-0.141908,51.527264],[-0.141904,51.527273],[-0.14176,51.527281],[-0.141755,51.527281],[-0.141711,51.527279],[-0.141696,51.527278],[-0.141674,51.527279],[-0.141641,51.527279],[-0.141591,51.527281],[-0.141554,51.527286],[-0.141542,51.527286],[-0.141533,51.527286],[-0.141478,51.52725],[-0.141413,51.527209],[-0.141397,51.5272],[-0.14139,51.527197],[-0.141344,51.527178],[-0.141321,51.527169],[-0.141248,51.527154],[-0.141233,51.527154],[-0.141224,51.527154],[-0.141171,51.527155],[-0.140889,51.527158],[-0.140844,51.527159],[-0.140845,51.527184],[-0.140845,51.527188],[-0.140847,51.52721],[-0.140852,51.527282],[-0.140852,51.527294],[-0.140849,51.527348],[-0.140845,51.527401],[-0.140843,51.527428],[-0.140839,51.5275],[-0.140835,51.527559],[-0.140831,51.527614],[-0.140828,51.527653],[-0.140821,51.527768],[-0.140817,51.52782],[-0.140816,51.527836],[-0.140816,51.527842],[-0.140815,51.52785],[-0.140814,51.527878],[-0.140812,51.527924],[-0.140809,51.528012],[-0.140805,51.528093],[-0.140805,51.528101],[-0.140804,51.528129],[-0.140801,51.528206],[-0.1408,51.528237],[-0.140788,51.528516],[-0.14073,51.528516],[-0.140729,51.528534],[-0.140547,51.528537],[-0.140471,51.528538],[-0.140196,51.528542],[-0.140127,51.528543],[-0.140126,51.528519],[-0.140124,51.528402],[-0.140134,51.528393],[-0.140177,51.52836],[-0.14016,51.528263],[-0.14015,51.528223],[-0.140035,51.528138],[-0.13994,51.528139],[-0.139825,51.52814],[-0.139774,51.52814],[-0.139362,51.528143],[-0.139183,51.528145],[-0.139252,51.52821],[-0.139006,51.528277],[-0.139504,51.528523],[-0.13956,51.52855],[-0.139504,51.528549],[-0.139417,51.528548],[-0.139244,51.528545],[-0.139144,51.528544],[-0.139146,51.528659],[-0.139146,51.528663],[-0.139146,51.528668],[-0.139152,51.529025],[-0.139152,51.529038],[-0.139412,51.529033],[-0.139623,51.529037],[-0.139631,51.529037],[-0.139686,51.529038],[-0.139689,51.52908],[-0.139715,51.529389],[-0.139736,51.52939],[-0.139787,51.52939],[-0.140088,51.529395],[-0.140105,51.52939],[-0.140219,51.52939],[-0.140263,51.52939],[-0.140271,51.529395],[-0.140275,51.529398],[-0.140688,51.529404],[-0.140709,51.529391],[-0.140724,51.529391],[-0.140723,51.529405],[-0.14073,51.529585],[-0.140736,51.529691],[-0.140742,51.529794],[-0.140746,51.529859],[-0.140773,51.530314],[-0.140775,51.530334],[-0.140783,51.530404],[-0.140865,51.530649],[-0.140965,51.530946],[-0.140977,51.530983],[-0.140994,51.531035],[-0.140981,51.53105],[-0.140985,51.531063],[-0.141016,51.531099],[-0.14104,51.531172],[-0.141063,51.531238],[-0.141161,51.531518],[-0.141166,51.531532],[-0.141192,51.531606],[-0.141194,51.531612],[-0.141195,51.531616],[-0.141267,51.531606],[-0.141269,51.531599],[-0.141279,51.531604],[-0.141294,51.531602],[-0.141311,51.531599],[-0.141495,51.531708],[-0.141607,51.531775],[-0.141654,51.531802],[-0.141672,51.531812],[-0.141914,51.531951],[-0.142044,51.532025],[-0.142255,51.532154],[-0.142268,51.532161],[-0.142517,51.5323],[-0.142569,51.532349],[-0.14258,51.532344],[-0.142747,51.532467],[-0.142886,51.532587],[-0.143024,51.532732],[-0.143048,51.532758],[-0.143072,51.532783],[-0.143093,51.532806],[-0.143148,51.532887],[-0.143312,51.533106],[-0.143314,51.533109],[-0.143505,51.533415],[-0.143533,51.53346],[-0.143623,51.533605],[-0.143691,51.533737],[-0.143703,51.53376],[-0.143746,51.53387],[-0.143787,51.533977],[-0.143847,51.534131],[-0.143866,51.534175],[-0.143886,51.534221],[-0.143841,51.53424],[-0.143606,51.534335],[-0.14358,51.534315],[-0.143303,51.534041],[-0.142797,51.533547],[-0.142664,51.533417],[-0.142526,51.533282],[-0.142386,51.533172],[-0.142256,51.533081],[-0.142245,51.533074],[-0.142112,51.532981],[-0.142,51.532902],[-0.14185,51.532797],[-0.14164,51.53265],[-0.141438,51.532509],[-0.141416,51.532493],[-0.141304,51.53242]]]}},{"type":"Feature","properties":{"LSOA21CD":"E01035711","LSOA21NM":"Camden 026E","MEAN_PTAL_":"6b","mean_AI":65.9108768688,"borough":"Camden"},"geometry":{"type":"Polygon","coordinates":[[[-0.128265,51.525039],[-0.127919,51.524729],[-0.127887,51.5247],[-0.127521,51.524856],[-0.12751,51.52486],[-0.127498,51.524849],[-0.127265,51.524636],[-0.127054,51.524719],[-0.126908,51.524776],[-0.126892,51.524783],[-0.126777,51.5248],[-0.126768,51.5248],[-0.126612,51.524798],[-0.126581,51.524797],[-0.126508,51.524788],[-0.126504,51.524788],[-0.126457,51.52484],[-0.126446,51.524849],[-0.126417,51.524874],[-0.126408,51.524881],[-0.126388,51.524897],[-0.126378,51.524906],[-0.12595,51.524913],[-0.125858,51.524803],[-0.125855,51.524801],[-0.125848,51.524792],[-0.12584,51.524781],[-0.125762,51.524679],[-0.125765,51.524677],[-0.125776,51.524668],[-0.125957,51.524545],[-0.126017,51.524504],[-0.126057,51.524477],[-0.126086,51.524456],[-0.126083,51.524452],[-0.125981,51.524323],[-0.125958,51.524295],[-0.125833,51.524143],[-0.125816,51.524123],[-0.125808,51.524114],[-0.125706,51.523995],[-0.125679,51.523968],[-0.125488,51.52372],[-0.126338,51.523764],[-0.126406,51.523727],[-0.126251,51.523625],[-0.126446,51.52354],[-0.126537,51.523501],[-0.12651,51.523476],[-0.126457,51.523429],[-0.12644,51.523414],[-0.126465,51.523415],[-0.126215,51.523188],[-0.126167,51.523144],[-0.125958,51.522955],[-0.125937,51.522936],[-0.125829,51.522838],[-0.125798,51.52281],[-0.12583,51.522796],[-0.125878,51.522775],[-0.125957,51.522741],[-0.126068,51.522692],[-0.126576,51.522471],[-0.126634,51.522446],[-0.126914,51.522324],[-0.12702,51.522282],[-0.127097,51.522311],[-0.127028,51.522344],[-0.127013,51.522352],[-0.126998,51.52237],[-0.126997,51.522397],[-0.126995,51.522442],[-0.127146,51.522624],[-0.127196,51.522672],[-0.12703,51.522809],[-0.127016,51.522821],[-0.127177,51.52296],[-0.127187,51.522968],[-0.12732,51.523083],[-0.127637,51.523089],[-0.127993,51.523411],[-0.128082,51.523494],[-0.128453,51.523843],[-0.128613,51.523992],[-0.128767,51.524138],[-0.128877,51.524241],[-0.128901,51.524263],[-0.129052,51.524201],[-0.12907,51.524193],[-0.129086,51.524186],[-0.129108,51.524175],[-0.129233,51.524114],[-0.129431,51.524035],[-0.129699,51.523929],[-0.129765,51.523909],[-0.129782,51.523904],[-0.129856,51.523973],[-0.129871,51.523987],[-0.129978,51.524087],[-0.130023,51.524128],[-0.130067,51.524169],[-0.130099,51.524198],[-0.130157,51.524252],[-0.130238,51.524328],[-0.130434,51.52451],[-0.130445,51.52452],[-0.130565,51.524631],[-0.130589,51.524654],[-0.130652,51.524713],[-0.130747,51.524801],[-0.130786,51.524837],[-0.130859,51.524905],[-0.130971,51.524987],[-0.131415,51.524803],[-0.131596,51.524728],[-0.131909,51.524598],[-0.132052,51.524735],[-0.132062,51.524744],[-0.132202,51.524691],[-0.13242,51.524608],[-0.132658,51.524518],[-0.132677,51.524511],[-0.132766,51.524449],[-0.132811,51.524405],[-0.132826,51.524387],[-0.132832,51.524368],[-0.132843,51.524334],[-0.132831,51.524262],[-0.132832,51.524235],[-0.132862,51.524208],[-0.132877,51.52419],[-0.13301,51.524121],[-0.133054,51.524094],[-0.13307,51.524068],[-0.13307,51.52405],[-0.133044,51.523995],[-0.132649,51.523624],[-0.132442,51.523717],[-0.132406,51.523734],[-0.131913,51.523956],[-0.131836,51.523991],[-0.131449,51.524165],[-0.13128,51.524008],[-0.1312,51.523931],[-0.131627,51.523769],[-0.132169,51.523564],[-0.132012,51.523543],[-0.13172,51.523503],[-0.131226,51.523435],[-0.131472,51.523192],[-0.131742,51.522926],[-0.13182,51.522849],[-0.131763,51.522798],[-0.131899,51.522745],[-0.131913,51.522739],[-0.132022,51.522695],[-0.132165,51.522639],[-0.132378,51.522554],[-0.132495,51.522508],[-0.132608,51.522463],[-0.132617,51.52246],[-0.132892,51.522351],[-0.13294,51.522332],[-0.132906,51.522457],[-0.132945,51.522461],[-0.132961,51.522462],[-0.133048,51.522477],[-0.133077,51.522485],[-0.133171,51.522512],[-0.133185,51.522516],[-0.133216,51.522545],[-0.133262,51.522588],[-0.133264,51.522591],[-0.133288,51.522644],[-0.133289,51.522651],[-0.133298,51.522769],[-0.133295,51.522778],[-0.13329,51.522797],[-0.133249,51.522878],[-0.133245,51.522885],[-0.133131,51.522931],[-0.133413,51.52319],[-0.13346,51.523234],[-0.133495,51.523217],[-0.133813,51.52306],[-0.133963,51.522986],[-0.134034,51.523035],[-0.134075,51.523069],[-0.134113,51.523111],[-0.134122,51.523123],[-0.134285,51.523351],[-0.134823,51.523142],[-0.13485,51.523131],[-0.134755,51.523042],[-0.134699,51.522996],[-0.134643,51.522951],[-0.134343,51.522668],[-0.134264,51.522594],[-0.134092,51.522433],[-0.133639,51.522599],[-0.13361,51.522572],[-0.133559,51.522524],[-0.133508,51.522476],[-0.133439,51.522411],[-0.133347,51.522325],[-0.133321,51.522301],[-0.133316,51.522296],[-0.133232,51.522218],[-0.13326,51.522207],[-0.13327,51.522203],[-0.133354,51.522171],[-0.133471,51.522127],[-0.133642,51.522062],[-0.133668,51.522047],[-0.133671,51.522045],[-0.133658,51.522032],[-0.133653,51.522028],[-0.133466,51.521861],[-0.13347,51.521858],[-0.133442,51.521832],[-0.133346,51.521744],[-0.133327,51.521726],[-0.133223,51.52163],[-0.13319,51.521599],[-0.133091,51.521508],[-0.133087,51.521504],[-0.13305,51.521469],[-0.132999,51.521423],[-0.132954,51.521381],[-0.132927,51.521356],[-0.132827,51.521263],[-0.132773,51.521213],[-0.132714,51.521159],[-0.132702,51.521153],[-0.132699,51.52115],[-0.132686,51.521133],[-0.132505,51.520965],[-0.132544,51.520948],[-0.133033,51.52074],[-0.133075,51.520776],[-0.13316,51.520814],[-0.133217,51.520824],[-0.133289,51.520834],[-0.133361,51.520826],[-0.133448,51.520809],[-0.133506,51.520792],[-0.13358,51.520766],[-0.133624,51.52074],[-0.133669,51.520696],[-0.133673,51.520692],[-0.133735,51.520769],[-0.133889,51.520808],[-0.134208,51.520929],[-0.134255,51.520947],[-0.134528,51.520854],[-0.13458,51.520831],[-0.134586,51.520836],[-0.134624,51.520874],[-0.134626,51.520877],[-0.134835,51.521083],[-0.13497,51.521243],[-0.135107,51.521405],[-0.135151,51.521457],[-0.135156,51.521461],[-0.135208,51.521517],[-0.135254,51.521521],[-0.135554,51.521549],[-0.135716,51.521564],[-0.135987,51.521464],[-0.136224,51.521353],[-0.136352,51.521476],[-0.136754,51.52186],[-0.136764,51.521869],[-0.136817,51.521845],[-0.137144,51.521696],[-0.137149,51.521693],[-0.137214,51.521665],[-0.137587,51.521501],[-0.13776,51.521426],[-0.137766,51.521431],[-0.137783,51.521424],[-0.137862,51.5215],[-0.137896,51.521533],[-0.138136,51.521764],[-0.138127,51.521767],[-0.137649,51.521915],[-0.137497,51.521962],[-0.13762,51.522081],[-0.137675,51.522126],[-0.137843,51.522264],[-0.137976,51.522388],[-0.138009,51.522419],[-0.138005,51.522421],[-0.137916,51.52246],[-0.137574,51.522608],[-0.137569,51.52261],[-0.137573,51.522614],[-0.137559,51.522619],[-0.137569,51.522629],[-0.137598,51.522655],[-0.137603,51.522659],[-0.137622,51.52266],[-0.137801,51.522825],[-0.137864,51.522886],[-0.13787,51.522891],[-0.137903,51.522921],[-0.138128,51.522827],[-0.138321,51.522746],[-0.13846,51.522687],[-0.13848,51.522708],[-0.13852,51.522749],[-0.138942,51.522698],[-0.139058,51.522684],[-0.139071,51.522682],[-0.139199,51.52281],[-0.139217,51.522828],[-0.139232,51.522844],[-0.139142,51.522882],[-0.139095,51.522903],[-0.13863,51.523104],[-0.138686,51.523156],[-0.138797,51.523259],[-0.138834,51.523291],[-0.138839,51.523295],[-0.138859,51.523312],[-0.13893,51.523372],[-0.138936,51.523377],[-0.139089,51.523507],[-0.139099,51.523516],[-0.139132,51.523489],[-0.139136,51.523491],[-0.139214,51.523532],[-0.13929,51.523571],[-0.139314,51.523583],[-0.139733,51.523358],[-0.13977,51.523338],[-0.139818,51.523383],[-0.139836,51.523399],[-0.139899,51.523457],[-0.139957,51.523514],[-0.140115,51.52367],[-0.140053,51.523697],[-0.140043,51.523701],[-0.139965,51.523655],[-0.139864,51.523595],[-0.139623,51.523684],[-0.139513,51.523724],[-0.139523,51.523775],[-0.139529,51.523802],[-0.13953,51.52381],[-0.139541,51.523863],[-0.139481,51.523886],[-0.139368,51.523929],[-0.13936,51.523932],[-0.139354,51.523941],[-0.139304,51.52396],[-0.139091,51.524044],[-0.139047,51.523999],[-0.138923,51.523875],[-0.138902,51.523854],[-0.138891,51.523859],[-0.138711,51.523928],[-0.138659,51.523949],[-0.138652,51.523952],[-0.138629,51.52396],[-0.13854,51.523995],[-0.138503,51.524009],[-0.138438,51.524034],[-0.138434,51.524036],[-0.138403,51.524047],[-0.138382,51.524054],[-0.138282,51.524089],[-0.138229,51.524108],[-0.138141,51.524139],[-0.138183,51.524206],[-0.138193,51.524223],[-0.138172,51.524293],[-0.138222,51.524306],[-0.138321,51.524308],[-0.138548,51.524183],[-0.138623,51.524142],[-0.138646,51.524129],[-0.138657,51.524124],[-0.138665,51.524135],[-0.138766,51.524294],[-0.138772,51.524303],[-0.138816,51.524294],[-0.138873,51.524282],[-0.138894,51.524277],[-0.13911,51.524231],[-0.13914,51.524225],[-0.139249,51.524202],[-0.139243,51.524196],[-0.139323,51.52418],[-0.139358,51.524175],[-0.139376,51.524172],[-0.139388,51.524169],[-0.139397,51.524165],[-0.139554,51.524133],[-0.139569,51.524131],[-0.139587,51.524128],[-0.139584,51.52413],[-0.139602,51.52431],[-0.139681,51.524304],[-0.139696,51.524293],[-0.139699,51.52429],[-0.139707,51.524289],[-0.139772,51.524276],[-0.139783,51.524278],[-0.139825,51.524284],[-0.139846,51.524271],[-0.139745,51.524094],[-0.139796,51.524084],[-0.139848,51.524073],[-0.139847,51.52407],[-0.139859,51.524067],[-0.139878,51.524067],[-0.139927,51.524066],[-0.13993,51.524073],[-0.139999,51.524247],[-0.140088,51.524255],[-0.14008,51.52422],[-0.140122,51.524155],[-0.140188,51.524197],[-0.140241,51.524231],[-0.140355,51.524355],[-0.140714,51.524286],[-0.140772,51.524346],[-0.140812,51.524389],[-0.140774,51.524399],[-0.140758,51.524403],[-0.140725,51.524412],[-0.140525,51.524464],[-0.140412,51.524493],[-0.140013,51.524597],[-0.139894,51.524628],[-0.139841,51.524642],[-0.139674,51.524687],[-0.139408,51.52476],[-0.13906,51.524855],[-0.139037,51.524861],[-0.138732,51.524944],[-0.138692,51.524955],[-0.138664,51.524962],[-0.138505,51.525005],[-0.138331,51.525053],[-0.1383,51.525061],[-0.138271,51.525069],[-0.13824,51.525079],[-0.138158,51.525105],[-0.13803,51.525146],[-0.138017,51.52515],[-0.137977,51.52516],[-0.137959,51.525165],[-0.137891,51.525183],[-0.137854,51.525193],[-0.137581,51.525266],[-0.137491,51.525296],[-0.137305,51.525357],[-0.137242,51.525378],[-0.137161,51.525399],[-0.137061,51.525424],[-0.136953,51.525445],[-0.136832,51.525469],[-0.136773,51.525481],[-0.136722,51.525488],[-0.13655,51.525511],[-0.136524,51.525517],[-0.135905,51.525658],[-0.135824,51.525677],[-0.135657,51.525715],[-0.135565,51.525736],[-0.135288,51.525815],[-0.135205,51.525839],[-0.134908,51.525932],[-0.134692,51.525999],[-0.134649,51.526013],[-0.134602,51.526029],[-0.134223,51.526154],[-0.133984,51.526234],[-0.133643,51.526347],[-0.133623,51.526353],[-0.133616,51.526356],[-0.133451,51.526411],[-0.132924,51.526586],[-0.132518,51.52672],[-0.132178,51.526833],[-0.132091,51.526869],[-0.132072,51.526877],[-0.132004,51.526905],[-0.131981,51.526915],[-0.131875,51.526959],[-0.131669,51.527031],[-0.131315,51.527134],[-0.131271,51.527146],[-0.131244,51.527156],[-0.131104,51.527204],[-0.130838,51.527297],[-0.130793,51.527312],[-0.130776,51.527318],[-0.130766,51.527322],[-0.130748,51.527305],[-0.130569,51.527142],[-0.130034,51.526651],[-0.129954,51.526578],[-0.129927,51.526553],[-0.129909,51.526535],[-0.129833,51.526467],[-0.129627,51.526277],[-0.129495,51.526156],[-0.129122,51.525814],[-0.129103,51.525796],[-0.128987,51.525691],[-0.12893,51.525638],[-0.128844,51.525559],[-0.128773,51.525495],[-0.12877,51.525493],[-0.128758,51.525482],[-0.128726,51.525453],[-0.128722,51.52545],[-0.128702,51.525432],[-0.128675,51.525407],[-0.128671,51.525403],[-0.128631,51.525367],[-0.128616,51.525355],[-0.128535,51.525282],[-0.128507,51.525256],[-0.128496,51.525246],[-0.128374,51.525137],[-0.128265,51.525039]]]}}]}