{"type":"FeatureCollection","features":[{"type":"Feature","properties":{"LSOA21CD":"E01001714","LSOA21NM":"Hackney 002A","MEAN_PTAL_":"4","mean_AI":19.3859362929,"borough":"Hackney"},"geometry":{"type":"Polygon","coordinates":[[[-0.095848,51.570707],[-0.095642,51.57047],[-0.095616,51.570385],[-0.095608,51.570358],[-0.095604,51.570344],[-0.095524,51.570237],[-0.095476,51.570173],[-0.095344,51.569997],[-0.095323,51.56997],[-0.095256,51.56988],[-0.095217,51.569829],[-0.095176,51.569774],[-0.095153,51.569743],[-0.095069,51.569629],[-0.095057,51.569613],[-0.09504,51.569589],[-0.094954,51.569472],[-0.094942,51.569456],[-0.094927,51.569437],[-0.094907,51.569411],[-0.094871,51.569367],[-0.094196,51.569505],[-0.094127,51.569405],[-0.094104,51.569411],[-0.094093,51.569451],[-0.094091,51.569463],[-0.094105,51.569489],[-0.094142,51.569562],[-0.093907,51.569658],[-0.093864,51.569681],[-0.093836,51.569696],[-0.093822,51.569704],[-0.093745,51.569762],[-0.093719,51.569787],[-0.093635,51.569869],[-0.093373,51.56989],[-0.093361,51.569891],[-0.093186,51.569998],[-0.09318,51.570002],[-0.092991,51.570035],[-0.092899,51.570051],[-0.092777,51.570122],[-0.092733,51.569991],[-0.092668,51.569791],[-0.092614,51.569623],[-0.092599,51.569576],[-0.092564,51.569467],[-0.092534,51.569374],[-0.09253,51.569361],[-0.092516,51.569317],[-0.092503,51.569276],[-0.092483,51.569214],[-0.092477,51.569195],[-0.092471,51.569188],[-0.092315,51.569014],[-0.09192,51.568895],[-0.09204,51.568731],[-0.092053,51.568721],[-0.091561,51.568172],[-0.091332,51.567915],[-0.090057,51.567743],[-0.089501,51.567668],[-0.088174,51.567608],[-0.088203,51.567574],[-0.088262,51.567506],[-0.088305,51.567455],[-0.088309,51.567452],[-0.088341,51.567423],[-0.088402,51.567369],[-0.088462,51.567316],[-0.088494,51.56729],[-0.088648,51.567166],[-0.088653,51.567163],[-0.088693,51.567136],[-0.088785,51.567074],[-0.088815,51.567049],[-0.0889,51.56698],[-0.088912,51.56697],[-0.08894,51.566952],[-0.089006,51.566908],[-0.089077,51.566861],[-0.089164,51.566804],[-0.089169,51.566801],[-0.089206,51.566778],[-0.089278,51.566734],[-0.089408,51.566655],[-0.089417,51.566649],[-0.089512,51.566599],[-0.089689,51.566507],[-0.089768,51.566465],[-0.089834,51.566429],[-0.089846,51.566423],[-0.090009,51.566335],[-0.0901,51.566287],[-0.090154,51.566257],[-0.090242,51.566209],[-0.090259,51.5662],[-0.090336,51.566162],[-0.090364,51.566147],[-0.090487,51.566083],[-0.090498,51.566076],[-0.090601,51.566023],[-0.09064,51.566003],[-0.090672,51.565986],[-0.090703,51.565968],[-0.090727,51.565955],[-0.092086,51.566162],[-0.092091,51.566158],[-0.09217,51.566072],[-0.092386,51.565968],[-0.092642,51.56587],[-0.092823,51.565975],[-0.092835,51.565982],[-0.092949,51.566078],[-0.093253,51.566331],[-0.093609,51.566296],[-0.093642,51.566237],[-0.093663,51.566162],[-0.09368,51.56608],[-0.093683,51.565999],[-0.093677,51.565949],[-0.093685,51.565967],[-0.09371,51.566021],[-0.093722,51.566046],[-0.093762,51.566133],[-0.093797,51.566208],[-0.093815,51.566248],[-0.093867,51.56636],[-0.093879,51.566386],[-0.093919,51.566459],[-0.093921,51.566463],[-0.093935,51.566506],[-0.093943,51.566534],[-0.093948,51.566533],[-0.094017,51.566515],[-0.094027,51.566512],[-0.094057,51.566504],[-0.09458,51.566405],[-0.09463,51.566395],[-0.094661,51.566372],[-0.094738,51.566375],[-0.094916,51.566341],[-0.095047,51.566316],[-0.095227,51.566282],[-0.095244,51.566299],[-0.095276,51.566336],[-0.095286,51.566349],[-0.095278,51.566352],[-0.095247,51.566363],[-0.095145,51.566384],[-0.095071,51.566394],[-0.095026,51.566406],[-0.095015,51.566432],[-0.095006,51.566441],[-0.094724,51.566749],[-0.094689,51.566788],[-0.094571,51.566795],[-0.094368,51.566779],[-0.094329,51.566774],[-0.094143,51.56679],[-0.094072,51.566796],[-0.094067,51.566802],[-0.094037,51.566837],[-0.094025,51.566852],[-0.094027,51.56687],[-0.094042,51.566964],[-0.094055,51.567],[-0.094063,51.567155],[-0.094063,51.567162],[-0.094093,51.567166],[-0.094112,51.567169],[-0.094203,51.56718],[-0.094226,51.567183],[-0.094307,51.567193],[-0.094366,51.567223],[-0.094552,51.567318],[-0.094613,51.567349],[-0.094702,51.567395],[-0.094829,51.567492],[-0.094837,51.567502],[-0.094863,51.56753],[-0.094909,51.56761],[-0.094919,51.567619],[-0.094757,51.567856],[-0.09479,51.567897],[-0.094802,51.567911],[-0.094921,51.568057],[-0.094943,51.568084],[-0.094971,51.568134],[-0.094974,51.568141],[-0.094999,51.568162],[-0.095005,51.56817],[-0.095077,51.568223],[-0.09508,51.568225],[-0.095128,51.568268],[-0.095194,51.568273],[-0.09532,51.568297],[-0.095441,51.568328],[-0.095599,51.568386],[-0.095608,51.568391],[-0.095745,51.568499],[-0.095788,51.568498],[-0.095969,51.568494],[-0.095975,51.56849],[-0.096276,51.56827],[-0.096435,51.568299],[-0.096543,51.568359],[-0.096699,51.568445],[-0.096705,51.568451],[-0.096714,51.568444],[-0.096822,51.568496],[-0.096823,51.568499],[-0.096827,51.568496],[-0.096833,51.5685],[-0.096863,51.568515],[-0.09687,51.568509],[-0.096883,51.568494],[-0.096887,51.568496],[-0.097224,51.568671],[-0.097598,51.568522],[-0.097636,51.568507],[-0.097634,51.568502],[-0.097633,51.568498],[-0.097609,51.568421],[-0.0977,51.568355],[-0.097743,51.568323],[-0.097848,51.568279],[-0.097877,51.568272],[-0.09793,51.568259],[-0.098009,51.568241],[-0.098084,51.568224],[-0.09817,51.568213],[-0.098203,51.568212],[-0.098162,51.568316],[-0.09816,51.568321],[-0.098144,51.568365],[-0.098118,51.56843],[-0.098114,51.568442],[-0.098087,51.568512],[-0.097936,51.568625],[-0.09793,51.568629],[-0.097878,51.568628],[-0.097865,51.568627],[-0.097789,51.568715],[-0.097644,51.568883],[-0.097648,51.568887],[-0.097677,51.568917],[-0.097776,51.568952],[-0.097811,51.56897],[-0.097876,51.569003],[-0.09808,51.569107],[-0.098122,51.569075],[-0.098155,51.569087],[-0.097855,51.569322],[-0.097796,51.569367],[-0.097684,51.569455],[-0.097575,51.56954],[-0.097564,51.569548],[-0.097322,51.569738],[-0.097286,51.569766],[-0.097245,51.569798],[-0.097089,51.56992],[-0.096954,51.570026],[-0.096703,51.570222],[-0.096625,51.570282],[-0.096275,51.570556],[-0.096164,51.570643],[-0.096118,51.570678],[-0.09609,51.570701],[-0.096083,51.570697],[-0.096072,51.570689],[-0.096022,51.570656],[-0.095989,51.570678],[-0.095921,51.570722],[-0.095881,51.570748],[-0.09586,51.570721],[-0.095848,51.570707]]]}},{"type":"Feature","properties":{"LSOA21CD":"E01001715","LSOA21NM":"Hackney 007A","MEAN_PTAL_":"6a","mean_AI":30.4643099418,"borough":"Hackney"},"geometry":{"type":"Polygon","coordinates":[[[-0.096887,51.568496],[-0.096883,51.568494],[-0.09687,51.568509],[-0.096863,51.568515],[-0.096833,51.5685],[-0.096827,51.568496],[-0.096823,51.568499],[-0.096822,51.568496],[-0.096714,51.568444],[-0.096705,51.568451],[-0.096699,51.568445],[-0.096543,51.568359],[-0.096435,51.568299],[-0.096276,51.56827],[-0.095975,51.56849],[-0.095969,51.568494],[-0.095788,51.568498],[-0.095745,51.568499],[-0.095608,51.568391],[-0.095599,51.568386],[-0.095441,51.568328],[-0.09532,51.568297],[-0.095194,51.568273],[-0.095128,51.568268],[-0.09508,51.568225],[-0.095077,51.568223],[-0.095005,51.56817],[-0.094999,51.568162],[-0.094974,51.568141],[-0.094971,51.568134],[-0.094943,51.568084],[-0.094921,51.568057],[-0.094802,51.567911],[-0.09479,51.567897],[-0.094757,51.567856],[-0.094919,51.567619],[-0.094909,51.56761],[-0.094863,51.56753],[-0.094837,51.567502],[-0.094829,51.567492],[-0.094702,51.567395],[-0.094613,51.567349],[-0.094552,51.567318],[-0.094366,51.567223],[-0.094307,51.567193],[-0.094226,51.567183],[-0.094203,51.56718],[-0.094112,51.567169],[-0.094093,51.567166],[-0.094063,51.567162],[-0.094063,51.567155],[-0.094055,51.567],[-0.094042,51.566964],[-0.094027,51.56687],[-0.094025,51.566852],[-0.094037,51.566837],[-0.094067,51.566802],[-0.094072,51.566796],[-0.094143,51.56679],[-0.094329,51.566774],[-0.094368,51.566779],[-0.094571,51.566795],[-0.094689,51.566788],[-0.094724,51.566749],[-0.095006,51.566441],[-0.095015,51.566432],[-0.095026,51.566406],[-0.095071,51.566394],[-0.095145,51.566384],[-0.095247,51.566363],[-0.095278,51.566352],[-0.095286,51.566349],[-0.095276,51.566336],[-0.095244,51.566299],[-0.095227,51.566282],[-0.095254,51.566277],[-0.095269,51.566274],[-0.09534,51.566261],[-0.095408,51.566248],[-0.09552,51.566227],[-0.095587,51.566214],[-0.09564,51.566204],[-0.095695,51.566193],[-0.095788,51.566176],[-0.09582,51.56617],[-0.095888,51.566157],[-0.096017,51.566132],[-0.096106,51.566115],[-0.09613,51.566111],[-0.096168,51.566103],[-0.096279,51.566082],[-0.096327,51.566073],[-0.096344,51.56607],[-0.096447,51.56605],[-0.096477,51.566045],[-0.096541,51.566033],[-0.096615,51.566019],[-0.09669,51.566004],[-0.09672,51.565999],[-0.096854,51.565973],[-0.09692,51.565961],[-0.096952,51.565955],[-0.096987,51.565948],[-0.097069,51.565932],[-0.097182,51.565911],[-0.09725,51.565898],[-0.097308,51.565887],[-0.097396,51.56587],[-0.097412,51.565867],[-0.09743,51.565864],[-0.097482,51.565854],[-0.0975,51.565851],[-0.09763,51.565826],[-0.097639,51.565824],[-0.097778,51.565798],[-0.097802,51.565793],[-0.097974,51.565761],[-0.098024,51.565751],[-0.098052,51.565746],[-0.098058,51.565745],[-0.098086,51.565789],[-0.098085,51.565793],[-0.098089,51.565794],[-0.098113,51.565832],[-0.098164,51.565822],[-0.09824,51.565807],[-0.098385,51.565779],[-0.098654,51.565726],[-0.098682,51.565778],[-0.098732,51.565758],[-0.098769,51.565836],[-0.098778,51.565854],[-0.098851,51.565986],[-0.098852,51.565991],[-0.098855,51.566001],[-0.098869,51.566062],[-0.098873,51.566062],[-0.098884,51.566062],[-0.098893,51.566061],[-0.098899,51.566072],[-0.098989,51.566055],[-0.09907,51.566039],[-0.099276,51.566],[-0.099486,51.56596],[-0.099528,51.565952],[-0.099676,51.565924],[-0.099859,51.56589],[-0.100125,51.565839],[-0.100418,51.565783],[-0.10047,51.565774],[-0.100476,51.565772],[-0.100535,51.565761],[-0.10055,51.565779],[-0.100634,51.565876],[-0.100737,51.565992],[-0.100789,51.566049],[-0.100817,51.566081],[-0.100836,51.566076],[-0.100872,51.566097],[-0.100815,51.566134],[-0.100773,51.566107],[-0.10076,51.566114],[-0.100509,51.565987],[-0.10031,51.565893],[-0.100197,51.565978],[-0.100133,51.566026],[-0.099884,51.566213],[-0.099856,51.566235],[-0.099807,51.566271],[-0.099755,51.566311],[-0.099657,51.566379],[-0.09952,51.566475],[-0.0996,51.566311],[-0.099511,51.56629],[-0.099489,51.56629],[-0.099409,51.566289],[-0.099288,51.566287],[-0.099193,51.566312],[-0.099178,51.566316],[-0.099161,51.56632],[-0.099144,51.56633],[-0.099071,51.566355],[-0.099045,51.56636],[-0.098961,51.566396],[-0.098895,51.566408],[-0.09886,51.566421],[-0.098851,51.566417],[-0.098828,51.566431],[-0.098825,51.566433],[-0.09882,51.566436],[-0.098648,51.566546],[-0.098646,51.566548],[-0.098566,51.566608],[-0.09854,51.566627],[-0.098446,51.566698],[-0.098335,51.566787],[-0.098253,51.566853],[-0.098091,51.566963],[-0.098102,51.567005],[-0.098111,51.56702],[-0.098144,51.567072],[-0.098168,51.56709],[-0.098208,51.567119],[-0.098312,51.567162],[-0.098318,51.567165],[-0.098507,51.567187],[-0.09854,51.567177],[-0.098549,51.567186],[-0.098578,51.567217],[-0.098726,51.567376],[-0.098751,51.567382],[-0.098831,51.567402],[-0.098912,51.567406],[-0.099001,51.567505],[-0.099014,51.56756],[-0.099039,51.567661],[-0.09896,51.567719],[-0.09893,51.567742],[-0.098852,51.56775],[-0.0988,51.567826],[-0.098792,51.567838],[-0.09879,51.56784],[-0.098783,51.56785],[-0.098626,51.568077],[-0.098519,51.568232],[-0.098515,51.568231],[-0.098427,51.568219],[-0.098263,51.568194],[-0.098219,51.568206],[-0.098203,51.568212],[-0.09817,51.568213],[-0.098084,51.568224],[-0.098009,51.568241],[-0.09793,51.568259],[-0.097877,51.568272],[-0.097848,51.568279],[-0.097743,51.568323],[-0.0977,51.568355],[-0.097609,51.568421],[-0.097633,51.568498],[-0.097634,51.568502],[-0.097636,51.568507],[-0.097598,51.568522],[-0.097224,51.568671],[-0.096887,51.568496]]]}},{"type":"Feature","properties":{"LSOA21CD":"E01001716","LSOA21NM":"Hackney 007B","MEAN_PTAL_":"6a","mean_AI":34.1732529456,"borough":"Hackney"},"geometry":{"type":"Polygon","coordinates":[[[-0.09808,51.569107],[-0.097876,51.569003],[-0.097811,51.56897],[-0.097776,51.568952],[-0.097677,51.568917],[-0.097648,51.568887],[-0.097644,51.568883],[-0.097789,51.568715],[-0.097865,51.568627],[-0.097878,51.568628],[-0.09793,51.568629],[-0.097936,51.568625],[-0.098087,51.568512],[-0.098114,51.568442],[-0.098118,51.56843],[-0.098144,51.568365],[-0.09816,51.568321],[-0.098162,51.568316],[-0.098203,51.568212],[-0.098219,51.568206],[-0.098263,51.568194],[-0.098427,51.568219],[-0.098515,51.568231],[-0.098519,51.568232],[-0.098626,51.568077],[-0.098783,51.56785],[-0.09879,51.56784],[-0.098792,51.567838],[-0.0988,51.567826],[-0.098852,51.56775],[-0.09893,51.567742],[-0.09896,51.567719],[-0.099039,51.567661],[-0.099014,51.56756],[-0.099001,51.567505],[-0.098912,51.567406],[-0.098831,51.567402],[-0.098751,51.567382],[-0.098726,51.567376],[-0.098578,51.567217],[-0.098549,51.567186],[-0.09854,51.567177],[-0.098507,51.567187],[-0.098318,51.567165],[-0.098312,51.567162],[-0.098208,51.567119],[-0.098168,51.56709],[-0.098144,51.567072],[-0.098111,51.56702],[-0.098102,51.567005],[-0.098091,51.566963],[-0.098253,51.566853],[-0.098335,51.566787],[-0.098446,51.566698],[-0.09854,51.566627],[-0.098566,51.566608],[-0.098646,51.566548],[-0.098648,51.566546],[-0.09882,51.566436],[-0.098825,51.566433],[-0.098828,51.566431],[-0.098851,51.566417],[-0.09886,51.566421],[-0.098895,51.566408],[-0.098961,51.566396],[-0.099045,51.56636],[-0.099071,51.566355],[-0.099144,51.56633],[-0.099161,51.56632],[-0.099178,51.566316],[-0.099193,51.566312],[-0.099288,51.566287],[-0.099409,51.566289],[-0.099489,51.56629],[-0.099511,51.56629],[-0.0996,51.566311],[-0.09952,51.566475],[-0.099657,51.566379],[-0.099755,51.566311],[-0.099807,51.566271],[-0.099856,51.566235],[-0.099884,51.566213],[-0.100133,51.566026],[-0.100197,51.565978],[-0.10031,51.565893],[-0.100509,51.565987],[-0.10076,51.566114],[-0.100773,51.566107],[-0.100815,51.566134],[-0.100872,51.566097],[-0.100836,51.566076],[-0.100817,51.566081],[-0.100789,51.566049],[-0.100737,51.565992],[-0.100634,51.565876],[-0.10055,51.565779],[-0.100535,51.565761],[-0.100476,51.565772],[-0.10047,51.565774],[-0.100418,51.565783],[-0.100125,51.565839],[-0.099859,51.56589],[-0.099676,51.565924],[-0.099528,51.565952],[-0.099486,51.56596],[-0.099276,51.566],[-0.09907,51.566039],[-0.098989,51.566055],[-0.098899,51.566072],[-0.098893,51.566061],[-0.098884,51.566062],[-0.098873,51.566062],[-0.098869,51.566062],[-0.098855,51.566001],[-0.098852,51.565991],[-0.098851,51.565986],[-0.098778,51.565854],[-0.098769,51.565836],[-0.098732,51.565758],[-0.098682,51.565778],[-0.098654,51.565726],[-0.098385,51.565779],[-0.09824,51.565807],[-0.098164,51.565822],[-0.098113,51.565832],[-0.098089,51.565794],[-0.098085,51.565793],[-0.098086,51.565789],[-0.098058,51.565745],[-0.098052,51.565746],[-0.098056,51.565738],[-0.097983,51.565594],[-0.097946,51.565522],[-0.097898,51.565428],[-0.097868,51.565369],[-0.097863,51.565359],[-0.097831,51.565296],[-0.097802,51.565241],[-0.097712,51.565063],[-0.097585,51.564814],[-0.097496,51.564638],[-0.097777,51.564569],[-0.097817,51.564507],[-0.097981,51.564487],[-0.09799,51.56448],[-0.098553,51.564088],[-0.09854,51.564036],[-0.0986,51.564074],[-0.098668,51.564117],[-0.098711,51.564145],[-0.098828,51.564218],[-0.098957,51.5643],[-0.09931,51.564523],[-0.099075,51.564669],[-0.09906,51.564678],[-0.09904,51.564676],[-0.099024,51.564682],[-0.099001,51.564715],[-0.098976,51.564751],[-0.098959,51.564774],[-0.098971,51.56485],[-0.098991,51.564974],[-0.099025,51.565199],[-0.099184,51.565309],[-0.09925,51.565323],[-0.099705,51.565241],[-0.099712,51.565231],[-0.099723,51.565217],[-0.099848,51.565054],[-0.099744,51.564894],[-0.099748,51.564891],[-0.099828,51.564846],[-0.099832,51.564844],[-0.09986,51.564862],[-0.099905,51.564832],[-0.100169,51.564652],[-0.100224,51.564621],[-0.100232,51.564616],[-0.100303,51.564611],[-0.100334,51.564618],[-0.100551,51.564744],[-0.100743,51.564803],[-0.100823,51.564816],[-0.100898,51.564827],[-0.100909,51.564827],[-0.100972,51.564856],[-0.101024,51.564904],[-0.101036,51.56491],[-0.101213,51.564999],[-0.101284,51.565058],[-0.101288,51.56506],[-0.101582,51.565177],[-0.101593,51.565182],[-0.101737,51.565217],[-0.101858,51.565235],[-0.101885,51.565238],[-0.101939,51.565219],[-0.102245,51.565264],[-0.10239,51.565306],[-0.102437,51.565319],[-0.10254,51.565356],[-0.102664,51.565302],[-0.102671,51.565299],[-0.103076,51.565555],[-0.103069,51.56556],[-0.103016,51.565599],[-0.102949,51.565656],[-0.102956,51.565661],[-0.102962,51.565665],[-0.102563,51.565919],[-0.102546,51.56593],[-0.102449,51.565992],[-0.102035,51.566256],[-0.101851,51.566374],[-0.101735,51.566447],[-0.101563,51.56656],[-0.101513,51.566593],[-0.101504,51.566599],[-0.101221,51.566784],[-0.101084,51.566887],[-0.101065,51.566901],[-0.101061,51.566904],[-0.100924,51.567006],[-0.100911,51.567015],[-0.100891,51.56703],[-0.100889,51.567032],[-0.100798,51.5671],[-0.100706,51.567168],[-0.100576,51.567265],[-0.100529,51.5673],[-0.100226,51.567525],[-0.100223,51.567528],[-0.10018,51.56756],[-0.100141,51.567589],[-0.099979,51.56771],[-0.099971,51.567716],[-0.099822,51.567827],[-0.099718,51.567904],[-0.099669,51.567941],[-0.099414,51.56813],[-0.099374,51.568161],[-0.099366,51.568166],[-0.099362,51.568169],[-0.099309,51.568209],[-0.099035,51.568413],[-0.098852,51.568549],[-0.098659,51.568693],[-0.098635,51.568712],[-0.09856,51.56877],[-0.098551,51.568778],[-0.098331,51.568949],[-0.098326,51.568953],[-0.098155,51.569087],[-0.098122,51.569075],[-0.09808,51.569107]]]}},{"type":"Feature","properties":{"LSOA21CD":"E01001717","LSOA21NM":"Hackney 007C","MEAN_PTAL_":"3","mean_AI":14.6821320976,"borough":"Hackney"},"geometry":{"type":"Polygon","coordinates":[[[-0.093867,51.56636],[-0.093815,51.566248],[-0.093797,51.566208],[-0.093762,51.566133],[-0.093722,51.566046],[-0.09371,51.566021],[-0.093685,51.565967],[-0.093677,51.565949],[-0.093683,51.565999],[-0.09368,51.56608],[-0.093663,51.566162],[-0.093642,51.566237],[-0.093609,51.566296],[-0.093253,51.566331],[-0.092949,51.566078],[-0.092835,51.565982],[-0.092823,51.565975],[-0.092642,51.56587],[-0.092386,51.565968],[-0.09217,51.566072],[-0.092091,51.566158],[-0.092086,51.566162],[-0.090727,51.565955],[-0.090825,51.565898],[-0.090866,51.565874],[-0.090893,51.565859],[-0.090931,51.565837],[-0.090948,51.565827],[-0.091033,51.56578],[-0.091107,51.565738],[-0.091187,51.565693],[-0.091194,51.565689],[-0.091259,51.565658],[-0.091303,51.565637],[-0.09131,51.565634],[-0.091397,51.565592],[-0.091463,51.565553],[-0.091493,51.565534],[-0.091501,51.565529],[-0.091536,51.565508],[-0.091618,51.565464],[-0.091643,51.565451],[-0.091707,51.565409],[-0.09178,51.565338],[-0.091785,51.565333],[-0.091834,51.565293],[-0.091865,51.565246],[-0.091908,51.565173],[-0.091916,51.56516],[-0.09194,51.565085],[-0.091963,51.565013],[-0.091963,51.56501],[-0.091965,51.564917],[-0.091964,51.564907],[-0.091958,51.564825],[-0.091944,51.564559],[-0.091944,51.56455],[-0.091939,51.564454],[-0.091932,51.564338],[-0.091927,51.564329],[-0.091905,51.564294],[-0.091891,51.564271],[-0.091876,51.564247],[-0.091871,51.564239],[-0.09177,51.564076],[-0.09182,51.564063],[-0.09236,51.563929],[-0.092423,51.563913],[-0.092432,51.56391],[-0.092435,51.563915],[-0.092461,51.563956],[-0.092518,51.564043],[-0.092528,51.564057],[-0.092536,51.564069],[-0.09259,51.564159],[-0.092607,51.564187],[-0.092618,51.564206],[-0.092668,51.564289],[-0.09257,51.564317],[-0.092522,51.564332],[-0.092511,51.564338],[-0.092478,51.564358],[-0.092462,51.564376],[-0.092462,51.564394],[-0.0925,51.564502],[-0.092517,51.564524],[-0.092528,51.564538],[-0.092639,51.564648],[-0.092667,51.564658],[-0.092695,51.564667],[-0.092753,51.564668],[-0.092884,51.564634],[-0.092805,51.564513],[-0.092837,51.564526],[-0.092808,51.564483],[-0.092787,51.564451],[-0.092829,51.564443],[-0.092999,51.564408],[-0.093067,51.564394],[-0.093075,51.564381],[-0.093076,51.564376],[-0.093128,51.564176],[-0.093178,51.564123],[-0.093202,51.564098],[-0.093282,51.564104],[-0.093342,51.564114],[-0.093357,51.564116],[-0.093415,51.564132],[-0.093402,51.564252],[-0.093397,51.564303],[-0.093404,51.564325],[-0.093567,51.564292],[-0.09359,51.564287],[-0.093652,51.564274],[-0.093765,51.564251],[-0.09382,51.56424],[-0.093868,51.56423],[-0.093933,51.564217],[-0.093983,51.564207],[-0.094079,51.564187],[-0.094105,51.564182],[-0.094163,51.56417],[-0.094197,51.564163],[-0.094278,51.564146],[-0.094335,51.564135],[-0.094376,51.564126],[-0.094424,51.564117],[-0.094486,51.564104],[-0.094541,51.564093],[-0.094574,51.564086],[-0.094675,51.564065],[-0.094716,51.564057],[-0.094772,51.564045],[-0.094823,51.564035],[-0.094855,51.564028],[-0.094977,51.564003],[-0.095006,51.563998],[-0.095018,51.563995],[-0.09518,51.563962],[-0.095188,51.56396],[-0.095237,51.56395],[-0.095265,51.563945],[-0.095271,51.563943],[-0.09541,51.563915],[-0.095433,51.56391],[-0.095461,51.563905],[-0.095477,51.563901],[-0.095555,51.563885],[-0.095626,51.563871],[-0.09566,51.563864],[-0.095685,51.563859],[-0.095744,51.563846],[-0.095777,51.56384],[-0.095807,51.563834],[-0.095846,51.563826],[-0.095894,51.563816],[-0.095984,51.563798],[-0.095995,51.563795],[-0.096008,51.563793],[-0.096023,51.563789],[-0.09612,51.56377],[-0.096145,51.563765],[-0.09617,51.563759],[-0.096295,51.563734],[-0.09631,51.563731],[-0.096362,51.56372],[-0.096379,51.563717],[-0.096395,51.563713],[-0.096453,51.563702],[-0.096527,51.563686],[-0.096572,51.563677],[-0.09658,51.563676],[-0.096686,51.563654],[-0.096966,51.563597],[-0.096977,51.56362],[-0.097009,51.563681],[-0.097013,51.56369],[-0.097064,51.56379],[-0.097082,51.563825],[-0.097087,51.563835],[-0.097089,51.563839],[-0.097109,51.563879],[-0.097119,51.563898],[-0.097137,51.563934],[-0.097149,51.563958],[-0.097184,51.564026],[-0.097186,51.56403],[-0.097198,51.564054],[-0.097231,51.564118],[-0.097253,51.564161],[-0.097267,51.564189],[-0.097282,51.564219],[-0.097367,51.564385],[-0.09726,51.564378],[-0.097333,51.564527],[-0.097301,51.564607],[-0.097274,51.564666],[-0.097488,51.564624],[-0.097496,51.564638],[-0.097585,51.564814],[-0.097712,51.565063],[-0.097802,51.565241],[-0.097831,51.565296],[-0.097863,51.565359],[-0.097868,51.565369],[-0.097898,51.565428],[-0.097946,51.565522],[-0.097983,51.565594],[-0.098056,51.565738],[-0.098052,51.565746],[-0.098024,51.565751],[-0.097974,51.565761],[-0.097802,51.565793],[-0.097778,51.565798],[-0.097639,51.565824],[-0.09763,51.565826],[-0.0975,51.565851],[-0.097482,51.565854],[-0.09743,51.565864],[-0.097412,51.565867],[-0.097396,51.56587],[-0.097308,51.565887],[-0.09725,51.565898],[-0.097182,51.565911],[-0.097069,51.565932],[-0.096987,51.565948],[-0.096952,51.565955],[-0.09692,51.565961],[-0.096854,51.565973],[-0.09672,51.565999],[-0.09669,51.566004],[-0.096615,51.566019],[-0.096541,51.566033],[-0.096477,51.566045],[-0.096447,51.56605],[-0.096344,51.56607],[-0.096327,51.566073],[-0.096279,51.566082],[-0.096168,51.566103],[-0.09613,51.566111],[-0.096106,51.566115],[-0.096017,51.566132],[-0.095888,51.566157],[-0.09582,51.56617],[-0.095788,51.566176],[-0.095695,51.566193],[-0.09564,51.566204],[-0.095587,51.566214],[-0.09552,51.566227],[-0.095408,51.566248],[-0.09534,51.566261],[-0.095269,51.566274],[-0.095254,51.566277],[-0.095227,51.566282],[-0.095047,51.566316],[-0.094916,51.566341],[-0.094738,51.566375],[-0.094661,51.566372],[-0.09463,51.566395],[-0.09458,51.566405],[-0.094057,51.566504],[-0.094027,51.566512],[-0.094017,51.566515],[-0.093948,51.566533],[-0.093943,51.566534],[-0.093935,51.566506],[-0.093921,51.566463],[-0.093919,51.566459],[-0.093879,51.566386],[-0.093867,51.56636]]]}},{"type":"Feature","properties":{"LSOA21CD":"E01001718","LSOA21NM":"Hackney 007D","MEAN_PTAL_":"6a","mean_AI":39.4716655705,"borough":"Hackney"},"geometry":{"type":"Polygon","coordinates":[[[-0.103076,51.565555],[-0.102671,51.565299],[-0.102664,51.565302],[-0.10254,51.565356],[-0.102437,51.565319],[-0.10239,51.565306],[-0.102245,51.565264],[-0.101939,51.565219],[-0.101885,51.565238],[-0.101858,51.565235],[-0.101737,51.565217],[-0.101593,51.565182],[-0.101582,51.565177],[-0.101288,51.56506],[-0.101284,51.565058],[-0.101213,51.564999],[-0.101036,51.56491],[-0.101024,51.564904],[-0.100972,51.564856],[-0.100909,51.564827],[-0.100898,51.564827],[-0.100823,51.564816],[-0.100743,51.564803],[-0.100551,51.564744],[-0.100334,51.564618],[-0.100303,51.564611],[-0.100232,51.564616],[-0.100224,51.564621],[-0.100169,51.564652],[-0.099905,51.564832],[-0.09986,51.564862],[-0.099832,51.564844],[-0.099828,51.564846],[-0.099748,51.564891],[-0.099744,51.564894],[-0.099848,51.565054],[-0.099723,51.565217],[-0.099712,51.565231],[-0.099705,51.565241],[-0.09925,51.565323],[-0.099184,51.565309],[-0.099025,51.565199],[-0.098991,51.564974],[-0.098971,51.56485],[-0.098959,51.564774],[-0.098976,51.564751],[-0.099001,51.564715],[-0.099024,51.564682],[-0.09904,51.564676],[-0.09906,51.564678],[-0.099075,51.564669],[-0.09931,51.564523],[-0.098957,51.5643],[-0.098828,51.564218],[-0.098711,51.564145],[-0.098668,51.564117],[-0.0986,51.564074],[-0.09854,51.564036],[-0.098531,51.564001],[-0.098387,51.563908],[-0.098369,51.563896],[-0.098301,51.563854],[-0.098471,51.563738],[-0.098705,51.563592],[-0.098739,51.563571],[-0.098952,51.563452],[-0.098928,51.563445],[-0.098874,51.563435],[-0.098857,51.563432],[-0.098776,51.563417],[-0.098728,51.563413],[-0.098692,51.563391],[-0.09866,51.563365],[-0.098647,51.563354],[-0.098616,51.563338],[-0.098605,51.563332],[-0.0986,51.563329],[-0.098487,51.563269],[-0.098475,51.563263],[-0.098421,51.563223],[-0.098418,51.563221],[-0.098389,51.5632],[-0.098343,51.563167],[-0.098329,51.563157],[-0.098326,51.563155],[-0.09831,51.563147],[-0.098236,51.563098],[-0.098232,51.563096],[-0.098208,51.563083],[-0.098173,51.56306],[-0.098147,51.563046],[-0.098114,51.563028],[-0.098078,51.563002],[-0.098035,51.562972],[-0.098031,51.56297],[-0.097974,51.562938],[-0.097956,51.562928],[-0.097946,51.562922],[-0.097924,51.562906],[-0.097916,51.5629],[-0.097904,51.562891],[-0.09789,51.562882],[-0.097857,51.562866],[-0.097778,51.562817],[-0.097766,51.562806],[-0.097702,51.562754],[-0.097697,51.562751],[-0.097665,51.562734],[-0.097666,51.562702],[-0.097666,51.562695],[-0.097669,51.56268],[-0.09767,51.562673],[-0.09767,51.562666],[-0.097669,51.562615],[-0.097646,51.56251],[-0.097641,51.5625],[-0.097618,51.562455],[-0.097547,51.562376],[-0.097399,51.562305],[-0.097347,51.562301],[-0.097463,51.562232],[-0.097628,51.562134],[-0.097652,51.562117],[-0.097686,51.562092],[-0.097692,51.562087],[-0.097702,51.562091],[-0.097723,51.562078],[-0.097752,51.562097],[-0.097793,51.562124],[-0.097878,51.562179],[-0.097887,51.562175],[-0.097914,51.562193],[-0.09792,51.562189],[-0.097929,51.562184],[-0.097965,51.562162],[-0.097969,51.562159],[-0.098097,51.56208],[-0.098192,51.562022],[-0.098222,51.562007],[-0.098246,51.561995],[-0.098241,51.561992],[-0.098247,51.561989],[-0.098291,51.561961],[-0.098549,51.561809],[-0.098557,51.561804],[-0.098586,51.561813],[-0.098612,51.561828],[-0.09865,51.56185],[-0.098698,51.561878],[-0.098714,51.561877],[-0.09872,51.561878],[-0.098727,51.561878],[-0.099038,51.561713],[-0.099053,51.561705],[-0.099221,51.561616],[-0.099457,51.56149],[-0.099462,51.561493],[-0.099472,51.5615],[-0.099509,51.561525],[-0.099566,51.561562],[-0.099575,51.561569],[-0.099616,51.561597],[-0.099647,51.561617],[-0.09967,51.561633],[-0.099709,51.561659],[-0.099724,51.561669],[-0.099746,51.561684],[-0.099755,51.56169],[-0.099797,51.561718],[-0.099832,51.561742],[-0.099887,51.561779],[-0.099901,51.561788],[-0.099909,51.561793],[-0.099974,51.561837],[-0.099998,51.561853],[-0.100009,51.56186],[-0.10014,51.561948],[-0.100147,51.561953],[-0.100151,51.561956],[-0.100199,51.561988],[-0.100203,51.561991],[-0.10022,51.562002],[-0.100229,51.562008],[-0.100264,51.562031],[-0.100282,51.562044],[-0.100304,51.562059],[-0.100339,51.562082],[-0.100343,51.562085],[-0.100361,51.562097],[-0.100402,51.562124],[-0.100425,51.56214],[-0.100461,51.562164],[-0.100475,51.562173],[-0.100481,51.562177],[-0.100516,51.562201],[-0.100548,51.562222],[-0.100554,51.562226],[-0.100578,51.562242],[-0.100581,51.562244],[-0.100586,51.562248],[-0.100615,51.562267],[-0.100658,51.562296],[-0.100668,51.562303],[-0.100702,51.562326],[-0.100738,51.56235],[-0.100759,51.562364],[-0.100768,51.56237],[-0.100784,51.562381],[-0.100805,51.562394],[-0.10081,51.562398],[-0.100824,51.562408],[-0.100832,51.562413],[-0.100839,51.562418],[-0.100856,51.562432],[-0.100863,51.562438],[-0.100872,51.562445],[-0.10092,51.562484],[-0.100934,51.562496],[-0.100951,51.562506],[-0.100968,51.562516],[-0.100978,51.562522],[-0.100999,51.562535],[-0.101076,51.562582],[-0.101098,51.562592],[-0.101112,51.562598],[-0.101179,51.562627],[-0.101245,51.562656],[-0.101259,51.562662],[-0.101303,51.562682],[-0.101311,51.562686],[-0.101323,51.562693],[-0.101332,51.562698],[-0.101382,51.562725],[-0.101392,51.562731],[-0.101413,51.562745],[-0.10144,51.562763],[-0.10149,51.562796],[-0.101514,51.562814],[-0.101527,51.562823],[-0.101541,51.562834],[-0.101548,51.562839],[-0.101652,51.562917],[-0.101705,51.562956],[-0.101752,51.56299],[-0.101759,51.562996],[-0.101818,51.56304],[-0.101872,51.56308],[-0.101905,51.563105],[-0.101942,51.563136],[-0.101952,51.563146],[-0.101976,51.563165],[-0.102061,51.563237],[-0.102074,51.563246],[-0.102138,51.563291],[-0.102173,51.563311],[-0.102185,51.563318],[-0.102216,51.563336],[-0.102224,51.563341],[-0.10224,51.56335],[-0.102512,51.56351],[-0.102554,51.563534],[-0.102614,51.56357],[-0.102624,51.563576],[-0.102666,51.563601],[-0.102695,51.563619],[-0.102734,51.563642],[-0.10278,51.563671],[-0.102817,51.563694],[-0.102835,51.563704],[-0.102875,51.563729],[-0.102904,51.563746],[-0.102932,51.563764],[-0.102995,51.563802],[-0.103085,51.563858],[-0.103122,51.56388],[-0.103136,51.563889],[-0.103176,51.563913],[-0.103262,51.563966],[-0.103265,51.563967],[-0.103386,51.564041],[-0.103421,51.564063],[-0.103436,51.564072],[-0.103494,51.564107],[-0.103522,51.564124],[-0.103566,51.564151],[-0.10358,51.56416],[-0.103639,51.564196],[-0.10368,51.564221],[-0.103685,51.564224],[-0.103772,51.564277],[-0.103818,51.564305],[-0.103857,51.564328],[-0.1039,51.564356],[-0.103917,51.564366],[-0.10399,51.56441],[-0.104025,51.564431],[-0.104086,51.564469],[-0.104204,51.564541],[-0.104266,51.564579],[-0.104376,51.564646],[-0.10438,51.564649],[-0.1044,51.564661],[-0.104482,51.564713],[-0.104479,51.564715],[-0.104469,51.564721],[-0.104434,51.564743],[-0.104281,51.564841],[-0.104228,51.564875],[-0.104117,51.564946],[-0.103966,51.565042],[-0.10388,51.565097],[-0.103835,51.565125],[-0.103754,51.565177],[-0.103699,51.565212],[-0.103605,51.565272],[-0.103535,51.565317],[-0.103493,51.565343],[-0.103474,51.565356],[-0.103421,51.56539],[-0.103385,51.565411],[-0.103279,51.565474],[-0.103204,51.56552],[-0.102983,51.565652],[-0.102962,51.565665],[-0.102956,51.565661],[-0.102949,51.565656],[-0.103016,51.565599],[-0.103069,51.56556],[-0.103076,51.565555]]]}},{"type":"Feature","properties":{"LSOA21CD":"E01001719","LSOA21NM":"Hackney 007E","MEAN_PTAL_":"3","mean_AI":13.2904491372,"borough":"Hackney"},"geometry":{"type":"Polygon","coordinates":[[[-0.092517,51.564524],[-0.0925,51.564502],[-0.092462,51.564394],[-0.092462,51.564376],[-0.092478,51.564358],[-0.092511,51.564338],[-0.092522,51.564332],[-0.09257,51.564317],[-0.092668,51.564289],[-0.092618,51.564206],[-0.092607,51.564187],[-0.09259,51.564159],[-0.092536,51.564069],[-0.092528,51.564057],[-0.092518,51.564043],[-0.092461,51.563956],[-0.092435,51.563915],[-0.092432,51.56391],[-0.092421,51.563885],[-0.092407,51.563857],[-0.092399,51.563839],[-0.092394,51.56383],[-0.092373,51.563786],[-0.092361,51.56376],[-0.092327,51.56369],[-0.092245,51.56352],[-0.09224,51.563509],[-0.092219,51.563464],[-0.092174,51.563368],[-0.092137,51.563276],[-0.092128,51.563252],[-0.0921,51.563181],[-0.092049,51.563052],[-0.092043,51.563037],[-0.092007,51.562921],[-0.091981,51.562835],[-0.091948,51.56273],[-0.091946,51.562723],[-0.09192,51.562639],[-0.091913,51.562615],[-0.091874,51.562489],[-0.091785,51.562146],[-0.091728,51.561929],[-0.091789,51.560993],[-0.091769,51.560748],[-0.091766,51.560699],[-0.091748,51.560479],[-0.091744,51.560417],[-0.09174,51.560377],[-0.091728,51.560347],[-0.091706,51.560294],[-0.09168,51.560231],[-0.091678,51.560224],[-0.091715,51.560228],[-0.091738,51.560231],[-0.092035,51.560266],[-0.09212,51.560275],[-0.092141,51.560278],[-0.092163,51.560282],[-0.092217,51.560292],[-0.092257,51.560299],[-0.092295,51.56031],[-0.092357,51.560328],[-0.092427,51.560349],[-0.092436,51.560351],[-0.092525,51.560377],[-0.092673,51.56042],[-0.092707,51.560666],[-0.092474,51.560781],[-0.09247,51.560783],[-0.092354,51.560928],[-0.09233,51.560956],[-0.092482,51.561012],[-0.092547,51.561036],[-0.092553,51.561039],[-0.092664,51.56108],[-0.093612,51.561435],[-0.093671,51.561458],[-0.09371,51.561472],[-0.093787,51.561501],[-0.093887,51.561539],[-0.093953,51.561564],[-0.094082,51.561613],[-0.094138,51.561634],[-0.094229,51.561668],[-0.094235,51.561671],[-0.094272,51.561687],[-0.094435,51.561757],[-0.094532,51.561799],[-0.094568,51.561814],[-0.094603,51.561829],[-0.094623,51.561839],[-0.094638,51.561846],[-0.094693,51.561873],[-0.094759,51.561904],[-0.094914,51.56197],[-0.095,51.562007],[-0.095005,51.562002],[-0.095024,51.562011],[-0.095035,51.562017],[-0.09503,51.562021],[-0.095039,51.562025],[-0.095198,51.5621],[-0.09532,51.562158],[-0.095518,51.562254],[-0.095719,51.562351],[-0.095933,51.562454],[-0.096253,51.562639],[-0.096267,51.562646],[-0.096286,51.562657],[-0.096259,51.562665],[-0.096126,51.562708],[-0.096015,51.562743],[-0.095842,51.562797],[-0.094867,51.563105],[-0.094615,51.563187],[-0.094487,51.563229],[-0.09422,51.563318],[-0.094104,51.563357],[-0.093774,51.563467],[-0.093319,51.563619],[-0.093302,51.563625],[-0.093274,51.563634],[-0.093271,51.563631],[-0.093161,51.563669],[-0.093123,51.563682],[-0.092951,51.563736],[-0.092953,51.563739],[-0.092994,51.56381],[-0.093134,51.564048],[-0.093141,51.56406],[-0.093152,51.564066],[-0.093178,51.564083],[-0.093185,51.564087],[-0.09319,51.56409],[-0.093202,51.564098],[-0.093178,51.564123],[-0.093128,51.564176],[-0.093076,51.564376],[-0.093075,51.564381],[-0.093067,51.564394],[-0.092999,51.564408],[-0.092829,51.564443],[-0.092787,51.564451],[-0.092808,51.564483],[-0.092837,51.564526],[-0.092805,51.564513],[-0.092884,51.564634],[-0.092753,51.564668],[-0.092695,51.564667],[-0.092667,51.564658],[-0.092639,51.564648],[-0.092528,51.564538],[-0.092517,51.564524]]]}},{"type":"Feature","properties":{"LSOA21CD":"E01001722","LSOA21NM":"Hackney 029A","MEAN_PTAL_":"3","mean_AI":12.1481922473,"borough":"Hackney"},"geometry":{"type":"Polygon","coordinates":[[[-0.061477,51.56492],[-0.061319,51.564911],[-0.061245,51.564925],[-0.061215,51.564922],[-0.061085,51.564906],[-0.061071,51.564904],[-0.060587,51.564846],[-0.060591,51.56475],[-0.060593,51.564697],[-0.060596,51.564607],[-0.060596,51.564602],[-0.060323,51.564428],[-0.06029,51.564407],[-0.060134,51.564417],[-0.060118,51.564417],[-0.059782,51.564536],[-0.059578,51.564352],[-0.059554,51.56433],[-0.059547,51.564324],[-0.059538,51.564315],[-0.059488,51.564269],[-0.059446,51.56423],[-0.059393,51.564181],[-0.059389,51.564177],[-0.059382,51.564171],[-0.059299,51.564094],[-0.059233,51.564034],[-0.059225,51.564027],[-0.059136,51.563945],[-0.059006,51.563824],[-0.059004,51.563823],[-0.058999,51.563818],[-0.058973,51.563794],[-0.058969,51.563791],[-0.058951,51.563774],[-0.058939,51.563763],[-0.058909,51.563736],[-0.058888,51.563715],[-0.058866,51.563698],[-0.058846,51.563683],[-0.058732,51.563594],[-0.058681,51.563545],[-0.058611,51.563478],[-0.058606,51.563473],[-0.058601,51.563469],[-0.058591,51.563459],[-0.058547,51.563417],[-0.058501,51.563373],[-0.058475,51.563348],[-0.058462,51.563336],[-0.058438,51.563313],[-0.05843,51.563305],[-0.058416,51.563291],[-0.058408,51.563283],[-0.058358,51.563236],[-0.058325,51.563204],[-0.058285,51.563165],[-0.058274,51.563155],[-0.058256,51.563137],[-0.058195,51.563079],[-0.058129,51.563016],[-0.058148,51.563008],[-0.058226,51.562983],[-0.05835,51.562943],[-0.058681,51.56285],[-0.058765,51.562827],[-0.058789,51.56282],[-0.058793,51.562819],[-0.058942,51.562778],[-0.058951,51.562775],[-0.058981,51.562767],[-0.059241,51.562695],[-0.059439,51.562641],[-0.059471,51.562633],[-0.059597,51.562602],[-0.059761,51.562562],[-0.059794,51.562554],[-0.05989,51.562531],[-0.059916,51.562527],[-0.059955,51.562522],[-0.059977,51.562519],[-0.06,51.562516],[-0.060049,51.562509],[-0.060107,51.562501],[-0.06019,51.562489],[-0.06023,51.562484],[-0.06024,51.562483],[-0.060274,51.562478],[-0.060288,51.562476],[-0.060298,51.562476],[-0.060345,51.562475],[-0.060352,51.562475],[-0.060358,51.562475],[-0.060452,51.562475],[-0.0605,51.562475],[-0.060512,51.562475],[-0.060644,51.562475],[-0.060823,51.562489],[-0.060876,51.562494],[-0.060914,51.562497],[-0.060956,51.562506],[-0.061037,51.562523],[-0.061075,51.562531],[-0.061098,51.562536],[-0.061103,51.562537],[-0.061168,51.562561],[-0.061182,51.562566],[-0.061244,51.562588],[-0.06132,51.562615],[-0.061352,51.562627],[-0.061414,51.562649],[-0.061572,51.562706],[-0.061596,51.562715],[-0.0616,51.562716],[-0.061636,51.562725],[-0.061789,51.562764],[-0.061795,51.562765],[-0.061874,51.562785],[-0.06192,51.562797],[-0.062033,51.562806],[-0.062136,51.562815],[-0.062151,51.562814],[-0.062156,51.562814],[-0.06228,51.562811],[-0.062394,51.562809],[-0.06242,51.562808],[-0.062427,51.562808],[-0.062465,51.562807],[-0.062519,51.562806],[-0.062556,51.562805],[-0.062589,51.562804],[-0.062621,51.562804],[-0.062645,51.562804],[-0.062735,51.562803],[-0.062742,51.562802],[-0.062786,51.562802],[-0.062898,51.562801],[-0.062916,51.5628],[-0.063088,51.562798],[-0.063111,51.562798],[-0.063233,51.562797],[-0.063338,51.562802],[-0.063351,51.562801],[-0.063358,51.562802],[-0.063397,51.562803],[-0.063409,51.562803],[-0.063414,51.562804],[-0.063491,51.562807],[-0.063499,51.562808],[-0.063538,51.562812],[-0.06361,51.56282],[-0.06362,51.562821],[-0.06369,51.562828],[-0.063706,51.56283],[-0.063735,51.562833],[-0.063818,51.562842],[-0.063831,51.562844],[-0.063849,51.562846],[-0.063889,51.562855],[-0.063898,51.562857],[-0.063903,51.562858],[-0.064007,51.562882],[-0.064019,51.562885],[-0.064071,51.562898],[-0.064088,51.562901],[-0.064122,51.562909],[-0.064136,51.562912],[-0.064164,51.562918],[-0.064181,51.562922],[-0.064193,51.562924],[-0.064228,51.562932],[-0.064242,51.562935],[-0.064285,51.562945],[-0.064371,51.562964],[-0.064386,51.562964],[-0.064418,51.562966],[-0.064507,51.56297],[-0.064528,51.562968],[-0.064554,51.562966],[-0.064599,51.562962],[-0.06461,51.562961],[-0.064632,51.56296],[-0.064753,51.562919],[-0.064772,51.562913],[-0.064829,51.562894],[-0.064879,51.562877],[-0.064958,51.562848],[-0.065012,51.562828],[-0.065027,51.562822],[-0.065031,51.562821],[-0.065116,51.56279],[-0.065127,51.562785],[-0.065209,51.562755],[-0.065242,51.562743],[-0.065279,51.562729],[-0.065323,51.562713],[-0.065335,51.562707],[-0.065406,51.562673],[-0.065413,51.562669],[-0.065452,51.562651],[-0.065463,51.562645],[-0.06554,51.562608],[-0.065582,51.562588],[-0.065585,51.562586],[-0.065687,51.562536],[-0.065742,51.56251],[-0.06579,51.562486],[-0.065812,51.562476],[-0.065816,51.562474],[-0.065993,51.562426],[-0.066027,51.562416],[-0.066041,51.562413],[-0.066168,51.562393],[-0.066192,51.56239],[-0.066433,51.562354],[-0.066584,51.562338],[-0.066657,51.562331],[-0.066703,51.562326],[-0.066722,51.562324],[-0.066813,51.562315],[-0.066954,51.562317],[-0.067082,51.562319],[-0.067083,51.562323],[-0.067108,51.562413],[-0.067121,51.562467],[-0.067103,51.56253],[-0.067088,51.562548],[-0.06691,51.562671],[-0.066618,51.562925],[-0.066595,51.562944],[-0.066187,51.563378],[-0.066066,51.56352],[-0.066009,51.5636],[-0.065394,51.563437],[-0.065346,51.563485],[-0.065327,51.56351],[-0.065315,51.563521],[-0.065293,51.563546],[-0.065266,51.563578],[-0.06526,51.563588],[-0.065244,51.563626],[-0.065204,51.563673],[-0.065198,51.563708],[-0.065166,51.563767],[-0.065098,51.563839],[-0.065083,51.563891],[-0.065063,51.563922],[-0.064996,51.563984],[-0.064985,51.564056],[-0.064927,51.564121],[-0.06488,51.564223],[-0.064875,51.564227],[-0.064832,51.564296],[-0.064825,51.564307],[-0.064821,51.564317],[-0.064806,51.564337],[-0.064778,51.564392],[-0.064768,51.564419],[-0.064766,51.564431],[-0.064716,51.564487],[-0.064684,51.564532],[-0.064676,51.564544],[-0.06459,51.564616],[-0.064556,51.564663],[-0.064495,51.564709],[-0.064317,51.564844],[-0.064312,51.564848],[-0.064187,51.564813],[-0.064136,51.564801],[-0.064004,51.564789],[-0.063875,51.56479],[-0.063645,51.564822],[-0.063421,51.564868],[-0.063384,51.564883],[-0.063301,51.564832],[-0.063249,51.564805],[-0.063189,51.564769],[-0.063185,51.564766],[-0.063132,51.564732],[-0.063042,51.564699],[-0.062976,51.564667],[-0.062911,51.564645],[-0.062599,51.564614],[-0.062433,51.564725],[-0.062374,51.564723],[-0.062302,51.56472],[-0.062224,51.564634],[-0.062108,51.564508],[-0.062084,51.564553],[-0.062003,51.564709],[-0.061955,51.564785],[-0.061917,51.564912],[-0.061925,51.564917],[-0.061928,51.56496],[-0.061802,51.565043],[-0.061494,51.564926],[-0.061477,51.56492]]]}},{"type":"Feature","properties":{"LSOA21CD":"E01001723","LSOA21NM":"Hackney 006A","MEAN_PTAL_":"4","mean_AI":16.9895323598,"borough":"Hackney"},"geometry":{"type":"Polygon","coordinates":[[[-0.067711,51.566577],[-0.067705,51.566575],[-0.067679,51.566575],[-0.067552,51.566575],[-0.06754,51.566575],[-0.067405,51.566596],[-0.067405,51.56658],[-0.067405,51.566569],[-0.067406,51.566496],[-0.067408,51.566365],[-0.067408,51.566349],[-0.067408,51.566345],[-0.067401,51.566344],[-0.067258,51.566364],[-0.067223,51.566369],[-0.067218,51.566371],[-0.067196,51.566385],[-0.067117,51.566384],[-0.067089,51.566388],[-0.066808,51.566428],[-0.066794,51.566428],[-0.066796,51.56638],[-0.066804,51.566185],[-0.066801,51.565988],[-0.0668,51.565943],[-0.066796,51.56582],[-0.066795,51.565771],[-0.066794,51.565744],[-0.0668,51.56561],[-0.0668,51.565604],[-0.066771,51.565609],[-0.066763,51.565443],[-0.066755,51.565285],[-0.066736,51.565229],[-0.066459,51.565243],[-0.066453,51.565242],[-0.06632,51.565224],[-0.066201,51.565193],[-0.066076,51.565139],[-0.066065,51.565143],[-0.065973,51.565173],[-0.065945,51.565191],[-0.065911,51.565212],[-0.065827,51.565249],[-0.065737,51.565276],[-0.065574,51.565301],[-0.065417,51.565302],[-0.065203,51.56527],[-0.065142,51.565125],[-0.06521,51.56499],[-0.065214,51.564991],[-0.065227,51.564967],[-0.065246,51.564932],[-0.065254,51.564925],[-0.065283,51.564874],[-0.065284,51.564859],[-0.06537,51.564698],[-0.065449,51.564549],[-0.065614,51.56424],[-0.065629,51.564212],[-0.06568,51.564116],[-0.065806,51.5639],[-0.066009,51.5636],[-0.066066,51.56352],[-0.066187,51.563378],[-0.066595,51.562944],[-0.066618,51.562925],[-0.06691,51.562671],[-0.067088,51.562548],[-0.067103,51.56253],[-0.067121,51.562467],[-0.067108,51.562413],[-0.067083,51.562323],[-0.067082,51.562319],[-0.067268,51.562323],[-0.06737,51.562324],[-0.067388,51.562325],[-0.067398,51.562325],[-0.067486,51.562326],[-0.067506,51.562327],[-0.067524,51.562327],[-0.067556,51.562328],[-0.067569,51.562329],[-0.067626,51.562335],[-0.067661,51.562339],[-0.067679,51.56234],[-0.067741,51.562346],[-0.067837,51.562357],[-0.067873,51.562362],[-0.0679,51.562365],[-0.067922,51.562368],[-0.067931,51.562369],[-0.067975,51.562376],[-0.067998,51.56238],[-0.068051,51.562388],[-0.068127,51.562399],[-0.068202,51.562411],[-0.068221,51.562414],[-0.068353,51.562434],[-0.068376,51.562438],[-0.068394,51.56244],[-0.068471,51.56245],[-0.068568,51.562462],[-0.068616,51.562468],[-0.068628,51.56247],[-0.068647,51.562472],[-0.068763,51.562487],[-0.068796,51.562491],[-0.068923,51.562507],[-0.068946,51.56251],[-0.06896,51.562512],[-0.069058,51.562524],[-0.069075,51.562526],[-0.069156,51.562537],[-0.069175,51.562539],[-0.069207,51.562543],[-0.069338,51.56256],[-0.06935,51.562562],[-0.06957,51.562591],[-0.069596,51.562595],[-0.069644,51.562601],[-0.069835,51.562627],[-0.069862,51.562631],[-0.070225,51.562681],[-0.070221,51.562692],[-0.070089,51.563054],[-0.070076,51.563089],[-0.070073,51.563097],[-0.070053,51.563151],[-0.070029,51.563217],[-0.070055,51.5632],[-0.070089,51.563193],[-0.070109,51.563199],[-0.070413,51.56328],[-0.070624,51.563336],[-0.070722,51.563363],[-0.070722,51.56337],[-0.070722,51.563466],[-0.070722,51.56354],[-0.070685,51.563555],[-0.070665,51.563566],[-0.070594,51.563601],[-0.070549,51.563623],[-0.070526,51.563638],[-0.070504,51.563652],[-0.070493,51.563659],[-0.070392,51.563741],[-0.070345,51.563792],[-0.070324,51.563815],[-0.070309,51.563837],[-0.070304,51.563851],[-0.070292,51.563881],[-0.070247,51.563901],[-0.070241,51.563904],[-0.070184,51.563936],[-0.070097,51.563999],[-0.070049,51.564056],[-0.070027,51.564082],[-0.070014,51.564108],[-0.07001,51.564127],[-0.070003,51.564155],[-0.069999,51.564171],[-0.070002,51.564224],[-0.070002,51.564236],[-0.070014,51.564279],[-0.070016,51.564287],[-0.070004,51.564299],[-0.069998,51.564305],[-0.069953,51.564371],[-0.069951,51.564377],[-0.069946,51.564398],[-0.069943,51.564412],[-0.069942,51.564434],[-0.069941,51.564452],[-0.070158,51.56454],[-0.070537,51.564695],[-0.070617,51.564746],[-0.070303,51.564843],[-0.070293,51.564848],[-0.070231,51.564866],[-0.069677,51.565037],[-0.069652,51.565045],[-0.069615,51.565054],[-0.069455,51.565092],[-0.069406,51.565104],[-0.069409,51.565116],[-0.069522,51.565358],[-0.069562,51.565445],[-0.069596,51.56549],[-0.069588,51.565501],[-0.069572,51.565523],[-0.069556,51.565537],[-0.069469,51.565615],[-0.068965,51.56562],[-0.068956,51.565621],[-0.068929,51.565691],[-0.069006,51.565915],[-0.069022,51.565949],[-0.069036,51.565981],[-0.069024,51.566056],[-0.069036,51.566089],[-0.069037,51.566107],[-0.06904,51.566119],[-0.069052,51.566125],[-0.069086,51.566148],[-0.069232,51.566248],[-0.069293,51.566414],[-0.069263,51.566444],[-0.069212,51.566498],[-0.06921,51.566501],[-0.069239,51.566529],[-0.069268,51.566583],[-0.069271,51.566619],[-0.069257,51.566681],[-0.069239,51.566712],[-0.069175,51.566781],[-0.069102,51.566836],[-0.06907,51.566855],[-0.069066,51.566853],[-0.069059,51.566846],[-0.069055,51.566843],[-0.069002,51.566801],[-0.068961,51.566769],[-0.068942,51.566747],[-0.068915,51.566714],[-0.068907,51.566705],[-0.068852,51.566574],[-0.068799,51.56659],[-0.068504,51.566647],[-0.068499,51.566656],[-0.068499,51.566672],[-0.068502,51.566679],[-0.068504,51.566686],[-0.068503,51.566739],[-0.068503,51.566776],[-0.068501,51.566793],[-0.068503,51.566805],[-0.068503,51.566834],[-0.068503,51.566853],[-0.068503,51.566879],[-0.068503,51.566937],[-0.068502,51.566965],[-0.068502,51.567041],[-0.068502,51.567115],[-0.068502,51.567162],[-0.068501,51.567255],[-0.068513,51.567306],[-0.068501,51.567307],[-0.068484,51.567309],[-0.068483,51.567348],[-0.068486,51.567351],[-0.068471,51.567351],[-0.068366,51.567351],[-0.068124,51.567349],[-0.068087,51.567348],[-0.068082,51.567348],[-0.068015,51.567347],[-0.068071,51.567327],[-0.068076,51.567325],[-0.068102,51.567315],[-0.068102,51.567313],[-0.068056,51.567195],[-0.068054,51.567154],[-0.068056,51.567151],[-0.068066,51.567133],[-0.068078,51.567077],[-0.068078,51.567073],[-0.068078,51.567071],[-0.068091,51.567033],[-0.06809,51.56703],[-0.068098,51.567008],[-0.068104,51.566992],[-0.068102,51.566944],[-0.068102,51.566939],[-0.068133,51.56688],[-0.068054,51.566768],[-0.067942,51.566669],[-0.067919,51.566659],[-0.067918,51.566656],[-0.067887,51.566644],[-0.067711,51.566577]]]}},{"type":"Feature","properties":{"LSOA21CD":"E01001724","LSOA21NM":"Hackney 006B","MEAN_PTAL_":"4","mean_AI":18.5523542319,"borough":"Hackney"},"geometry":{"type":"Polygon","coordinates":[[[-0.071976,51.567565],[-0.071909,51.567473],[-0.071887,51.567472],[-0.071866,51.567472],[-0.071859,51.567472],[-0.0718,51.567475],[-0.071785,51.567466],[-0.071569,51.567365],[-0.071546,51.567357],[-0.071526,51.56735],[-0.071471,51.567339],[-0.071358,51.567339],[-0.071341,51.567339],[-0.071258,51.567339],[-0.07124,51.56734],[-0.071167,51.567342],[-0.070956,51.567347],[-0.070896,51.567348],[-0.070853,51.567349],[-0.070838,51.567358],[-0.070491,51.567361],[-0.070258,51.567363],[-0.070116,51.567364],[-0.070108,51.567364],[-0.069936,51.567365],[-0.069683,51.567366],[-0.069683,51.567346],[-0.069682,51.567319],[-0.069676,51.567046],[-0.069675,51.567024],[-0.069638,51.567045],[-0.069609,51.567061],[-0.069431,51.567037],[-0.069243,51.567011],[-0.069218,51.567005],[-0.069181,51.566996],[-0.069088,51.566963],[-0.069084,51.566947],[-0.069077,51.566922],[-0.069074,51.566888],[-0.069072,51.566866],[-0.06907,51.566855],[-0.069102,51.566836],[-0.069175,51.566781],[-0.069239,51.566712],[-0.069257,51.566681],[-0.069271,51.566619],[-0.069268,51.566583],[-0.069239,51.566529],[-0.06921,51.566501],[-0.069212,51.566498],[-0.069263,51.566444],[-0.069293,51.566414],[-0.069232,51.566248],[-0.069086,51.566148],[-0.069052,51.566125],[-0.06904,51.566119],[-0.069037,51.566107],[-0.069036,51.566089],[-0.069024,51.566056],[-0.069036,51.565981],[-0.069022,51.565949],[-0.069006,51.565915],[-0.068929,51.565691],[-0.068956,51.565621],[-0.068965,51.56562],[-0.069469,51.565615],[-0.069556,51.565537],[-0.069572,51.565523],[-0.069588,51.565501],[-0.069596,51.56549],[-0.069562,51.565445],[-0.069522,51.565358],[-0.069409,51.565116],[-0.069406,51.565104],[-0.069455,51.565092],[-0.069615,51.565054],[-0.069652,51.565045],[-0.069677,51.565037],[-0.070231,51.564866],[-0.070293,51.564848],[-0.070303,51.564843],[-0.070617,51.564746],[-0.070537,51.564695],[-0.070158,51.56454],[-0.069941,51.564452],[-0.069942,51.564434],[-0.069943,51.564412],[-0.069946,51.564398],[-0.069951,51.564377],[-0.069953,51.564371],[-0.069998,51.564305],[-0.070004,51.564299],[-0.070016,51.564287],[-0.070014,51.564279],[-0.070002,51.564236],[-0.070002,51.564224],[-0.069999,51.564171],[-0.070003,51.564155],[-0.07001,51.564127],[-0.070014,51.564108],[-0.070027,51.564082],[-0.070049,51.564056],[-0.070097,51.563999],[-0.070184,51.563936],[-0.070241,51.563904],[-0.070247,51.563901],[-0.070292,51.563881],[-0.070304,51.563851],[-0.070309,51.563837],[-0.070324,51.563815],[-0.070345,51.563792],[-0.070392,51.563741],[-0.070493,51.563659],[-0.070504,51.563652],[-0.070526,51.563638],[-0.070549,51.563623],[-0.070594,51.563601],[-0.070665,51.563566],[-0.070685,51.563555],[-0.070722,51.56354],[-0.070722,51.563466],[-0.070722,51.56337],[-0.070722,51.563363],[-0.070624,51.563336],[-0.070413,51.56328],[-0.070109,51.563199],[-0.070089,51.563193],[-0.070055,51.5632],[-0.070029,51.563217],[-0.070053,51.563151],[-0.070073,51.563097],[-0.070076,51.563089],[-0.070089,51.563054],[-0.070221,51.562692],[-0.070225,51.562681],[-0.070415,51.562706],[-0.070577,51.562729],[-0.070612,51.562733],[-0.070736,51.56275],[-0.070755,51.562753],[-0.070845,51.562765],[-0.070869,51.562768],[-0.070941,51.562778],[-0.071011,51.562788],[-0.071081,51.562795],[-0.07111,51.562798],[-0.07128,51.562816],[-0.07133,51.562821],[-0.071403,51.562829],[-0.071446,51.562833],[-0.071566,51.562846],[-0.071599,51.56285],[-0.071648,51.562864],[-0.071718,51.562885],[-0.07185,51.562924],[-0.071889,51.562935],[-0.071991,51.562966],[-0.072201,51.563028],[-0.072209,51.563031],[-0.07225,51.563044],[-0.072279,51.563055],[-0.072371,51.563086],[-0.072396,51.563095],[-0.072413,51.563103],[-0.072514,51.563153],[-0.072609,51.5632],[-0.072631,51.563211],[-0.072742,51.563263],[-0.072773,51.563277],[-0.072816,51.563298],[-0.072849,51.56331],[-0.072893,51.563327],[-0.07295,51.563349],[-0.073034,51.563381],[-0.07304,51.563383],[-0.073073,51.563395],[-0.073161,51.563429],[-0.073151,51.563456],[-0.073147,51.563466],[-0.073116,51.563541],[-0.07311,51.563558],[-0.073092,51.56364],[-0.073091,51.56384],[-0.07309,51.563933],[-0.07309,51.563938],[-0.07309,51.563949],[-0.07309,51.563952],[-0.07309,51.563982],[-0.07309,51.564036],[-0.073089,51.564146],[-0.073089,51.564168],[-0.073089,51.564189],[-0.073088,51.564243],[-0.073088,51.564271],[-0.073088,51.564297],[-0.073088,51.564315],[-0.073088,51.564365],[-0.073087,51.564456],[-0.073087,51.564468],[-0.073087,51.564487],[-0.073087,51.564496],[-0.073087,51.56454],[-0.073086,51.564598],[-0.073086,51.564601],[-0.073086,51.564723],[-0.073086,51.564741],[-0.073085,51.564778],[-0.073085,51.564814],[-0.073085,51.564841],[-0.073085,51.564874],[-0.073084,51.565071],[-0.073083,51.565171],[-0.073083,51.565207],[-0.073082,51.565294],[-0.073082,51.565311],[-0.073082,51.565375],[-0.073082,51.565388],[-0.073083,51.565418],[-0.073081,51.565421],[-0.073081,51.56543],[-0.073076,51.565479],[-0.073067,51.565588],[-0.073061,51.565657],[-0.073053,51.565743],[-0.073043,51.565857],[-0.073031,51.565994],[-0.073029,51.566015],[-0.073022,51.566061],[-0.073001,51.566224],[-0.073,51.566228],[-0.072993,51.566282],[-0.072989,51.566312],[-0.072985,51.566341],[-0.072981,51.566469],[-0.07298,51.566481],[-0.072979,51.566516],[-0.072979,51.566541],[-0.072977,51.566575],[-0.072976,51.566631],[-0.072976,51.566634],[-0.072974,51.566666],[-0.072973,51.566719],[-0.072972,51.56674],[-0.07297,51.56681],[-0.072967,51.566888],[-0.072967,51.5669],[-0.072965,51.566936],[-0.072964,51.566963],[-0.072964,51.566969],[-0.07296,51.567077],[-0.072955,51.567202],[-0.072954,51.567238],[-0.072951,51.567325],[-0.07295,51.567332],[-0.07295,51.567344],[-0.072943,51.567548],[-0.072931,51.567876],[-0.072923,51.567876],[-0.072922,51.567905],[-0.07267,51.567901],[-0.072218,51.567895],[-0.072191,51.567858],[-0.071976,51.567565]]]}},{"type":"Feature","properties":{"LSOA21CD":"E01001725","LSOA21NM":"Hackney 004A","MEAN_PTAL_":"4","mean_AI":15.1543598405,"borough":"Hackney"},"geometry":{"type":"Polygon","coordinates":[[[-0.070949,51.57029],[-0.070947,51.570178],[-0.070897,51.570178],[-0.07076,51.570178],[-0.07064,51.570178],[-0.07056,51.570178],[-0.070536,51.570178],[-0.070515,51.570178],[-0.070417,51.570178],[-0.070386,51.570178],[-0.070325,51.570179],[-0.07029,51.570179],[-0.070235,51.57018],[-0.070168,51.570181],[-0.070005,51.570184],[-0.069954,51.570185],[-0.069913,51.570186],[-0.069887,51.570186],[-0.069779,51.570188],[-0.069666,51.57019],[-0.069666,51.570152],[-0.069667,51.570115],[-0.069666,51.570095],[-0.069658,51.570095],[-0.069284,51.570106],[-0.069237,51.570135],[-0.069114,51.570136],[-0.069097,51.570136],[-0.06909,51.570136],[-0.069082,51.570136],[-0.068932,51.570137],[-0.068906,51.570105],[-0.068637,51.570098],[-0.068612,51.570098],[-0.068596,51.570096],[-0.068536,51.57009],[-0.068523,51.570089],[-0.068498,51.570086],[-0.068427,51.570079],[-0.068357,51.570079],[-0.06822,51.570079],[-0.068125,51.57008],[-0.067963,51.57008],[-0.067846,51.570081],[-0.067735,51.570081],[-0.067651,51.570081],[-0.067628,51.570081],[-0.067528,51.570082],[-0.067503,51.570082],[-0.067487,51.570082],[-0.067413,51.570084],[-0.067365,51.570086],[-0.067323,51.570087],[-0.067117,51.570086],[-0.067016,51.570086],[-0.066965,51.570086],[-0.066939,51.570086],[-0.066906,51.570085],[-0.066697,51.570081],[-0.066679,51.570081],[-0.066753,51.570038],[-0.066915,51.569959],[-0.06695,51.569942],[-0.066978,51.569929],[-0.067001,51.569916],[-0.066904,51.569865],[-0.066838,51.56983],[-0.066799,51.569809],[-0.066708,51.569762],[-0.066684,51.569749],[-0.066604,51.569707],[-0.066595,51.569702],[-0.06659,51.569699],[-0.066579,51.569693],[-0.066536,51.56967],[-0.066515,51.569658],[-0.0665,51.56965],[-0.066491,51.569645],[-0.066442,51.569618],[-0.066439,51.569616],[-0.066427,51.56961],[-0.066409,51.5696],[-0.066382,51.569586],[-0.066377,51.569583],[-0.066309,51.569549],[-0.066269,51.569528],[-0.066228,51.569507],[-0.066209,51.569498],[-0.066201,51.569494],[-0.066257,51.569452],[-0.066283,51.569432],[-0.066257,51.569418],[-0.066238,51.569408],[-0.066218,51.569397],[-0.066193,51.569383],[-0.066087,51.569326],[-0.066069,51.569317],[-0.066056,51.569309],[-0.066051,51.569307],[-0.066031,51.569297],[-0.065889,51.569225],[-0.065883,51.569222],[-0.065846,51.569203],[-0.065821,51.56919],[-0.065775,51.569166],[-0.065771,51.569164],[-0.065746,51.569152],[-0.065735,51.569146],[-0.065603,51.569076],[-0.065588,51.569068],[-0.065509,51.56902],[-0.065395,51.568951],[-0.065638,51.568802],[-0.065658,51.56879],[-0.065773,51.568722],[-0.066098,51.568557],[-0.066341,51.568407],[-0.066349,51.568403],[-0.066483,51.568321],[-0.066498,51.568311],[-0.066759,51.568166],[-0.066773,51.568159],[-0.066791,51.568149],[-0.066862,51.568109],[-0.066971,51.568049],[-0.067023,51.568016],[-0.067042,51.568011],[-0.067103,51.567981],[-0.067151,51.567936],[-0.067155,51.567931],[-0.067157,51.567929],[-0.067176,51.567911],[-0.067223,51.567867],[-0.067268,51.567859],[-0.067289,51.567855],[-0.067343,51.56783],[-0.067354,51.567824],[-0.067327,51.567822],[-0.067319,51.567821],[-0.067199,51.567819],[-0.066962,51.567739],[-0.066815,51.567689],[-0.066889,51.567677],[-0.066962,51.567595],[-0.066967,51.56759],[-0.066977,51.567579],[-0.067038,51.567515],[-0.067066,51.567466],[-0.067075,51.567458],[-0.067088,51.567445],[-0.067114,51.56742],[-0.067116,51.567414],[-0.067127,51.567392],[-0.06713,51.567386],[-0.067146,51.567338],[-0.067152,51.56732],[-0.067151,51.567292],[-0.067167,51.567269],[-0.067178,51.567245],[-0.067199,51.567198],[-0.0672,51.567194],[-0.067209,51.567184],[-0.06721,51.56718],[-0.067221,51.567148],[-0.067228,51.567138],[-0.06723,51.567135],[-0.067245,51.567098],[-0.067247,51.567085],[-0.067253,51.56703],[-0.067254,51.567022],[-0.06727,51.566993],[-0.067281,51.566975],[-0.067287,51.566966],[-0.06734,51.566911],[-0.067344,51.566906],[-0.067331,51.566891],[-0.067326,51.566884],[-0.067317,51.566868],[-0.067302,51.56684],[-0.067298,51.566823],[-0.067293,51.566796],[-0.067282,51.566744],[-0.067284,51.566733],[-0.067286,51.566724],[-0.067285,51.566715],[-0.067281,51.566685],[-0.067294,51.566629],[-0.067405,51.566596],[-0.06754,51.566575],[-0.067552,51.566575],[-0.067679,51.566575],[-0.067705,51.566575],[-0.067711,51.566577],[-0.067887,51.566644],[-0.067918,51.566656],[-0.067919,51.566659],[-0.067942,51.566669],[-0.068054,51.566768],[-0.068133,51.56688],[-0.068102,51.566939],[-0.068102,51.566944],[-0.068104,51.566992],[-0.068098,51.567008],[-0.06809,51.56703],[-0.068091,51.567033],[-0.068078,51.567071],[-0.068078,51.567073],[-0.068078,51.567077],[-0.068066,51.567133],[-0.068056,51.567151],[-0.068054,51.567154],[-0.068056,51.567195],[-0.068102,51.567313],[-0.068102,51.567315],[-0.068076,51.567325],[-0.068071,51.567327],[-0.068015,51.567347],[-0.068082,51.567348],[-0.068087,51.567348],[-0.068124,51.567349],[-0.068366,51.567351],[-0.068471,51.567351],[-0.068486,51.567351],[-0.068483,51.567348],[-0.068484,51.567309],[-0.068501,51.567307],[-0.068513,51.567306],[-0.068501,51.567255],[-0.068502,51.567162],[-0.068502,51.567115],[-0.068502,51.567041],[-0.068502,51.566965],[-0.068503,51.566937],[-0.068503,51.566879],[-0.068503,51.566853],[-0.068503,51.566834],[-0.068503,51.566805],[-0.068501,51.566793],[-0.068503,51.566776],[-0.068503,51.566739],[-0.068504,51.566686],[-0.068502,51.566679],[-0.068499,51.566672],[-0.068499,51.566656],[-0.068504,51.566647],[-0.068799,51.56659],[-0.068852,51.566574],[-0.068907,51.566705],[-0.068915,51.566714],[-0.068942,51.566747],[-0.068961,51.566769],[-0.069002,51.566801],[-0.069055,51.566843],[-0.069059,51.566846],[-0.069066,51.566853],[-0.06907,51.566855],[-0.069072,51.566866],[-0.069074,51.566888],[-0.069077,51.566922],[-0.069084,51.566947],[-0.069088,51.566963],[-0.069181,51.566996],[-0.069218,51.567005],[-0.069243,51.567011],[-0.069431,51.567037],[-0.069609,51.567061],[-0.069638,51.567045],[-0.069675,51.567024],[-0.069676,51.567046],[-0.069682,51.567319],[-0.069683,51.567346],[-0.069683,51.567366],[-0.069936,51.567365],[-0.070108,51.567364],[-0.070116,51.567364],[-0.070258,51.567363],[-0.070491,51.567361],[-0.070838,51.567358],[-0.070853,51.567349],[-0.070896,51.567348],[-0.070956,51.567347],[-0.071167,51.567342],[-0.07124,51.56734],[-0.071258,51.567339],[-0.071341,51.567339],[-0.071358,51.567339],[-0.071471,51.567339],[-0.071526,51.56735],[-0.071546,51.567357],[-0.071569,51.567365],[-0.071785,51.567466],[-0.0718,51.567475],[-0.071746,51.567512],[-0.071694,51.56754],[-0.071662,51.56755],[-0.071537,51.567588],[-0.07143,51.567608],[-0.071304,51.567612],[-0.071283,51.567606],[-0.071175,51.567596],[-0.071124,51.567599],[-0.071116,51.567598],[-0.071031,51.567605],[-0.071021,51.567608],[-0.070992,51.56761],[-0.070929,51.567616],[-0.07086,51.567614],[-0.07085,51.567613],[-0.070791,51.567603],[-0.070767,51.567607],[-0.070747,51.567613],[-0.070689,51.567623],[-0.070652,51.567625],[-0.070538,51.567614],[-0.070524,51.567616],[-0.070466,51.567619],[-0.070401,51.567612],[-0.070388,51.567613],[-0.070333,51.567612],[-0.070321,51.567615],[-0.07023,51.567623],[-0.070115,51.567615],[-0.070082,51.567622],[-0.069991,51.56762],[-0.069939,51.56761],[-0.069886,51.567619],[-0.069772,51.567619],[-0.069721,51.567621],[-0.069652,51.567613],[-0.069639,51.567613],[-0.069609,51.567609],[-0.069483,51.567608],[-0.069474,51.56761],[-0.069409,51.56761],[-0.069344,51.567599],[-0.069334,51.567599],[-0.069257,51.567587],[-0.069142,51.567607],[-0.069123,51.567609],[-0.069115,51.56761],[-0.069035,51.56761],[-0.06899,51.567601],[-0.068936,51.567601],[-0.068916,51.567601],[-0.068894,51.567596],[-0.068832,51.567595],[-0.068818,51.567598],[-0.068768,51.567599],[-0.068738,51.567604],[-0.068511,51.567604],[-0.068505,51.567604],[-0.068497,51.567598],[-0.068494,51.567851],[-0.068498,51.567851],[-0.068503,51.567851],[-0.068514,51.56785],[-0.068943,51.567854],[-0.069215,51.567856],[-0.069548,51.567859],[-0.069565,51.567867],[-0.069598,51.567868],[-0.069599,51.567884],[-0.069604,51.567998],[-0.069605,51.568029],[-0.069612,51.568029],[-0.069613,51.568087],[-0.069614,51.568106],[-0.069615,51.568169],[-0.069615,51.56819],[-0.069618,51.5683],[-0.069619,51.568356],[-0.069621,51.568419],[-0.069621,51.568423],[-0.069624,51.568555],[-0.069624,51.568579],[-0.069626,51.568668],[-0.069626,51.568678],[-0.069628,51.568741],[-0.069629,51.568786],[-0.06963,51.568844],[-0.069654,51.568973],[-0.070298,51.568994],[-0.070337,51.568995],[-0.070401,51.569063],[-0.070434,51.569091],[-0.070493,51.569136],[-0.07058,51.56919],[-0.070707,51.56926],[-0.070892,51.569219],[-0.070892,51.568946],[-0.071308,51.568945],[-0.07131,51.569052],[-0.071184,51.569153],[-0.071403,51.569414],[-0.071406,51.569417],[-0.071442,51.56946],[-0.071443,51.569467],[-0.071475,51.569773],[-0.071544,51.569826],[-0.071595,51.569864],[-0.071601,51.569868],[-0.071526,51.569948],[-0.07145,51.570029],[-0.071395,51.570088],[-0.071387,51.570195],[-0.072036,51.570201],[-0.072026,51.570286],[-0.071723,51.570287],[-0.071371,51.570289],[-0.071329,51.570289],[-0.071308,51.570289],[-0.071205,51.570289],[-0.070949,51.57029]]]}},{"type":"Feature","properties":{"LSOA21CD":"E01001726","LSOA21NM":"Hackney 004B","MEAN_PTAL_":"4","mean_AI":19.2827593547,"borough":"Hackney"},"geometry":{"type":"Polygon","coordinates":[[[-0.072026,51.570286],[-0.072036,51.570201],[-0.071387,51.570195],[-0.071395,51.570088],[-0.07145,51.570029],[-0.071526,51.569948],[-0.071601,51.569868],[-0.071595,51.569864],[-0.071544,51.569826],[-0.071475,51.569773],[-0.071443,51.569467],[-0.071442,51.56946],[-0.071406,51.569417],[-0.071403,51.569414],[-0.071184,51.569153],[-0.07131,51.569052],[-0.071308,51.568945],[-0.070892,51.568946],[-0.070892,51.569219],[-0.070707,51.56926],[-0.07058,51.56919],[-0.070493,51.569136],[-0.070434,51.569091],[-0.070401,51.569063],[-0.070337,51.568995],[-0.070298,51.568994],[-0.069654,51.568973],[-0.06963,51.568844],[-0.069629,51.568786],[-0.069628,51.568741],[-0.069626,51.568678],[-0.069626,51.568668],[-0.069624,51.568579],[-0.069624,51.568555],[-0.069621,51.568423],[-0.069621,51.568419],[-0.069619,51.568356],[-0.069618,51.5683],[-0.069615,51.56819],[-0.069615,51.568169],[-0.069614,51.568106],[-0.069613,51.568087],[-0.069612,51.568029],[-0.069605,51.568029],[-0.069604,51.567998],[-0.069599,51.567884],[-0.069598,51.567868],[-0.069565,51.567867],[-0.069548,51.567859],[-0.069215,51.567856],[-0.068943,51.567854],[-0.068514,51.56785],[-0.068503,51.567851],[-0.068498,51.567851],[-0.068494,51.567851],[-0.068497,51.567598],[-0.068505,51.567604],[-0.068511,51.567604],[-0.068738,51.567604],[-0.068768,51.567599],[-0.068818,51.567598],[-0.068832,51.567595],[-0.068894,51.567596],[-0.068916,51.567601],[-0.068936,51.567601],[-0.06899,51.567601],[-0.069035,51.56761],[-0.069115,51.56761],[-0.069123,51.567609],[-0.069142,51.567607],[-0.069257,51.567587],[-0.069334,51.567599],[-0.069344,51.567599],[-0.069409,51.56761],[-0.069474,51.56761],[-0.069483,51.567608],[-0.069609,51.567609],[-0.069639,51.567613],[-0.069652,51.567613],[-0.069721,51.567621],[-0.069772,51.567619],[-0.069886,51.567619],[-0.069939,51.56761],[-0.069991,51.56762],[-0.070082,51.567622],[-0.070115,51.567615],[-0.07023,51.567623],[-0.070321,51.567615],[-0.070333,51.567612],[-0.070388,51.567613],[-0.070401,51.567612],[-0.070466,51.567619],[-0.070524,51.567616],[-0.070538,51.567614],[-0.070652,51.567625],[-0.070689,51.567623],[-0.070747,51.567613],[-0.070767,51.567607],[-0.070791,51.567603],[-0.07085,51.567613],[-0.07086,51.567614],[-0.070929,51.567616],[-0.070992,51.56761],[-0.071021,51.567608],[-0.071031,51.567605],[-0.071116,51.567598],[-0.071124,51.567599],[-0.071175,51.567596],[-0.071283,51.567606],[-0.071304,51.567612],[-0.07143,51.567608],[-0.071537,51.567588],[-0.071662,51.56755],[-0.071694,51.56754],[-0.071746,51.567512],[-0.0718,51.567475],[-0.071859,51.567472],[-0.071866,51.567472],[-0.071887,51.567472],[-0.071909,51.567473],[-0.071976,51.567565],[-0.072191,51.567858],[-0.072218,51.567895],[-0.07267,51.567901],[-0.072922,51.567905],[-0.072923,51.567876],[-0.072931,51.567876],[-0.072926,51.568021],[-0.072921,51.568171],[-0.072909,51.568521],[-0.072905,51.568641],[-0.072904,51.568653],[-0.072903,51.568696],[-0.0729,51.568779],[-0.072888,51.56911],[-0.072882,51.569295],[-0.072876,51.56946],[-0.072876,51.569463],[-0.072876,51.569469],[-0.07287,51.569635],[-0.072869,51.569665],[-0.072868,51.569677],[-0.072866,51.569751],[-0.072865,51.569766],[-0.072865,51.569772],[-0.072863,51.569841],[-0.072861,51.569892],[-0.072857,51.569992],[-0.072856,51.570024],[-0.072855,51.570069],[-0.072854,51.570089],[-0.072854,51.570104],[-0.072852,51.570159],[-0.072851,51.570184],[-0.07285,51.570206],[-0.07285,51.570217],[-0.072848,51.570268],[-0.072847,51.570283],[-0.072847,51.570288],[-0.072835,51.570288],[-0.072665,51.570288],[-0.072649,51.570288],[-0.072605,51.570288],[-0.072478,51.570288],[-0.072088,51.570286],[-0.072026,51.570286]]]}},{"type":"Feature","properties":{"LSOA21CD":"E01001727","LSOA21NM":"Hackney 006C","MEAN_PTAL_":"3","mean_AI":10.3347541133,"borough":"Hackney"},"geometry":{"type":"Polygon","coordinates":[[[-0.064283,51.568938],[-0.064275,51.568932],[-0.063865,51.569163],[-0.063805,51.569121],[-0.063695,51.569022],[-0.063691,51.569019],[-0.063672,51.569001],[-0.063537,51.568916],[-0.063468,51.568856],[-0.063397,51.568794],[-0.063391,51.568789],[-0.063337,51.568807],[-0.063197,51.568854],[-0.063166,51.568864],[-0.06311,51.568883],[-0.063099,51.568888],[-0.063092,51.568891],[-0.063018,51.568922],[-0.063008,51.568927],[-0.062929,51.56896],[-0.062887,51.568921],[-0.062836,51.568874],[-0.062734,51.56878],[-0.062669,51.56874],[-0.062651,51.568729],[-0.062616,51.568708],[-0.062604,51.568701],[-0.062551,51.568658],[-0.062543,51.568651],[-0.062494,51.568611],[-0.062389,51.568526],[-0.062382,51.56852],[-0.062355,51.56853],[-0.062053,51.568639],[-0.062008,51.568655],[-0.061832,51.568716],[-0.061749,51.568617],[-0.061744,51.56861],[-0.061638,51.56848],[-0.061636,51.568477],[-0.061586,51.568417],[-0.061542,51.568363],[-0.061529,51.568344],[-0.061515,51.568324],[-0.06143,51.568205],[-0.061383,51.568139],[-0.061874,51.567923],[-0.061928,51.567899],[-0.061958,51.567886],[-0.061926,51.567856],[-0.061903,51.567835],[-0.061858,51.567792],[-0.061833,51.567769],[-0.061789,51.567727],[-0.061728,51.567647],[-0.061616,51.567499],[-0.061667,51.567483],[-0.06175,51.567458],[-0.061753,51.567456],[-0.061867,51.567421],[-0.061888,51.567418],[-0.061933,51.567405],[-0.061939,51.567403],[-0.06196,51.567392],[-0.062113,51.567345],[-0.062122,51.567342],[-0.062223,51.567311],[-0.062344,51.567274],[-0.062396,51.567257],[-0.062463,51.567237],[-0.062696,51.567165],[-0.062808,51.56713],[-0.062841,51.56712],[-0.062882,51.567107],[-0.062928,51.567093],[-0.063256,51.566992],[-0.063304,51.566977],[-0.063314,51.566974],[-0.063392,51.56695],[-0.063435,51.566936],[-0.063502,51.566916],[-0.064212,51.566696],[-0.064229,51.566691],[-0.064255,51.566685],[-0.064403,51.566647],[-0.064304,51.566434],[-0.06427,51.566397],[-0.064214,51.566336],[-0.064201,51.566322],[-0.06418,51.566274],[-0.064168,51.566245],[-0.064107,51.566106],[-0.064184,51.566103],[-0.064776,51.566079],[-0.064793,51.565946],[-0.064801,51.565884],[-0.064804,51.565856],[-0.064807,51.565835],[-0.064814,51.565784],[-0.064816,51.565779],[-0.064816,51.565766],[-0.064826,51.565739],[-0.064849,51.565676],[-0.064862,51.565651],[-0.064866,51.565644],[-0.064887,51.565605],[-0.064983,51.565425],[-0.065058,51.565284],[-0.06509,51.565224],[-0.06514,51.56513],[-0.065142,51.565125],[-0.065203,51.56527],[-0.065417,51.565302],[-0.065574,51.565301],[-0.065737,51.565276],[-0.065827,51.565249],[-0.065911,51.565212],[-0.065945,51.565191],[-0.065973,51.565173],[-0.066065,51.565143],[-0.066076,51.565139],[-0.066201,51.565193],[-0.06632,51.565224],[-0.066453,51.565242],[-0.066459,51.565243],[-0.066736,51.565229],[-0.066755,51.565285],[-0.066763,51.565443],[-0.066771,51.565609],[-0.0668,51.565604],[-0.0668,51.56561],[-0.066794,51.565744],[-0.066795,51.565771],[-0.066796,51.56582],[-0.0668,51.565943],[-0.066801,51.565988],[-0.066804,51.566185],[-0.066796,51.56638],[-0.066794,51.566428],[-0.066808,51.566428],[-0.067089,51.566388],[-0.067117,51.566384],[-0.067196,51.566385],[-0.067218,51.566371],[-0.067223,51.566369],[-0.067258,51.566364],[-0.067401,51.566344],[-0.067408,51.566345],[-0.067408,51.566349],[-0.067408,51.566365],[-0.067406,51.566496],[-0.067405,51.566569],[-0.067405,51.56658],[-0.067405,51.566596],[-0.067294,51.566629],[-0.067281,51.566685],[-0.067285,51.566715],[-0.067286,51.566724],[-0.067284,51.566733],[-0.067282,51.566744],[-0.067293,51.566796],[-0.067298,51.566823],[-0.067302,51.56684],[-0.067317,51.566868],[-0.067326,51.566884],[-0.067331,51.566891],[-0.067344,51.566906],[-0.06734,51.566911],[-0.067287,51.566966],[-0.067281,51.566975],[-0.06727,51.566993],[-0.067254,51.567022],[-0.067253,51.56703],[-0.067247,51.567085],[-0.067245,51.567098],[-0.06723,51.567135],[-0.067228,51.567138],[-0.067221,51.567148],[-0.06721,51.56718],[-0.067209,51.567184],[-0.0672,51.567194],[-0.067199,51.567198],[-0.067178,51.567245],[-0.067167,51.567269],[-0.067151,51.567292],[-0.067152,51.56732],[-0.067146,51.567338],[-0.06713,51.567386],[-0.067127,51.567392],[-0.067116,51.567414],[-0.067114,51.56742],[-0.067088,51.567445],[-0.067075,51.567458],[-0.067066,51.567466],[-0.067038,51.567515],[-0.066977,51.567579],[-0.066967,51.56759],[-0.066962,51.567595],[-0.066889,51.567677],[-0.066815,51.567689],[-0.066962,51.567739],[-0.067199,51.567819],[-0.067319,51.567821],[-0.067327,51.567822],[-0.067354,51.567824],[-0.067343,51.56783],[-0.067289,51.567855],[-0.067268,51.567859],[-0.067223,51.567867],[-0.067176,51.567911],[-0.067157,51.567929],[-0.067155,51.567931],[-0.067151,51.567936],[-0.067103,51.567981],[-0.067042,51.568011],[-0.067023,51.568016],[-0.066971,51.568049],[-0.066862,51.568109],[-0.066791,51.568149],[-0.066773,51.568159],[-0.066759,51.568166],[-0.066498,51.568311],[-0.066483,51.568321],[-0.066349,51.568403],[-0.066341,51.568407],[-0.066098,51.568557],[-0.065773,51.568722],[-0.065658,51.56879],[-0.065638,51.568802],[-0.065395,51.568951],[-0.065392,51.568949],[-0.06533,51.568985],[-0.065289,51.569008],[-0.065269,51.56902],[-0.065061,51.569141],[-0.065049,51.569148],[-0.065029,51.569159],[-0.064997,51.569178],[-0.064971,51.569193],[-0.064959,51.569199],[-0.064938,51.569212],[-0.064923,51.56922],[-0.064845,51.569266],[-0.064838,51.569269],[-0.064735,51.569329],[-0.06473,51.569332],[-0.064725,51.569335],[-0.064705,51.569347],[-0.064433,51.569504],[-0.064341,51.56944],[-0.064133,51.569295],[-0.064126,51.56929],[-0.064101,51.569271],[-0.064138,51.569251],[-0.064467,51.569064],[-0.064283,51.568938]]]}},{"type":"Feature","properties":{"LSOA21CD":"E01001728","LSOA21NM":"Hackney 029B","MEAN_PTAL_":"3","mean_AI":10.1728800935,"borough":"Hackney"},"geometry":{"type":"Polygon","coordinates":[[[-0.060052,51.565069],[-0.06004,51.564991],[-0.060031,51.564954],[-0.060019,51.564905],[-0.060018,51.564901],[-0.060008,51.564858],[-0.059995,51.564818],[-0.059988,51.564796],[-0.059979,51.564769],[-0.059934,51.564709],[-0.05993,51.564703],[-0.059907,51.564671],[-0.059902,51.564666],[-0.059898,51.564661],[-0.059875,51.564635],[-0.059813,51.564564],[-0.059789,51.564543],[-0.059782,51.564536],[-0.060118,51.564417],[-0.060134,51.564417],[-0.06029,51.564407],[-0.060323,51.564428],[-0.060596,51.564602],[-0.060596,51.564607],[-0.060593,51.564697],[-0.060591,51.56475],[-0.060587,51.564846],[-0.061071,51.564904],[-0.061085,51.564906],[-0.061215,51.564922],[-0.061245,51.564925],[-0.061319,51.564911],[-0.061477,51.56492],[-0.061494,51.564926],[-0.061802,51.565043],[-0.061928,51.56496],[-0.061925,51.564917],[-0.061917,51.564912],[-0.061955,51.564785],[-0.062003,51.564709],[-0.062084,51.564553],[-0.062108,51.564508],[-0.062224,51.564634],[-0.062302,51.56472],[-0.062374,51.564723],[-0.062433,51.564725],[-0.062599,51.564614],[-0.062911,51.564645],[-0.062976,51.564667],[-0.063042,51.564699],[-0.063132,51.564732],[-0.063185,51.564766],[-0.063189,51.564769],[-0.063249,51.564805],[-0.063301,51.564832],[-0.063384,51.564883],[-0.063421,51.564868],[-0.063645,51.564822],[-0.063875,51.56479],[-0.064004,51.564789],[-0.064136,51.564801],[-0.064187,51.564813],[-0.064312,51.564848],[-0.064317,51.564844],[-0.064495,51.564709],[-0.064556,51.564663],[-0.06459,51.564616],[-0.064676,51.564544],[-0.064684,51.564532],[-0.064716,51.564487],[-0.064766,51.564431],[-0.064768,51.564419],[-0.064778,51.564392],[-0.064806,51.564337],[-0.064821,51.564317],[-0.064825,51.564307],[-0.064832,51.564296],[-0.064875,51.564227],[-0.06488,51.564223],[-0.064927,51.564121],[-0.064985,51.564056],[-0.064996,51.563984],[-0.065063,51.563922],[-0.065083,51.563891],[-0.065098,51.563839],[-0.065166,51.563767],[-0.065198,51.563708],[-0.065204,51.563673],[-0.065244,51.563626],[-0.06526,51.563588],[-0.065266,51.563578],[-0.065293,51.563546],[-0.065315,51.563521],[-0.065327,51.56351],[-0.065346,51.563485],[-0.065394,51.563437],[-0.066009,51.5636],[-0.065806,51.5639],[-0.06568,51.564116],[-0.065629,51.564212],[-0.065614,51.56424],[-0.065449,51.564549],[-0.06537,51.564698],[-0.065284,51.564859],[-0.065283,51.564874],[-0.065254,51.564925],[-0.065246,51.564932],[-0.065227,51.564967],[-0.065214,51.564991],[-0.06521,51.56499],[-0.065142,51.565125],[-0.06514,51.56513],[-0.06509,51.565224],[-0.065058,51.565284],[-0.064983,51.565425],[-0.064887,51.565605],[-0.064866,51.565644],[-0.064862,51.565651],[-0.064849,51.565676],[-0.064826,51.565739],[-0.064816,51.565766],[-0.064816,51.565779],[-0.064814,51.565784],[-0.064807,51.565835],[-0.064804,51.565856],[-0.064801,51.565884],[-0.064793,51.565946],[-0.064776,51.566079],[-0.064184,51.566103],[-0.064107,51.566106],[-0.064168,51.566245],[-0.06418,51.566274],[-0.064201,51.566322],[-0.064214,51.566336],[-0.06427,51.566397],[-0.064304,51.566434],[-0.064403,51.566647],[-0.064255,51.566685],[-0.064229,51.566691],[-0.064212,51.566696],[-0.063502,51.566916],[-0.063435,51.566936],[-0.063392,51.56695],[-0.063314,51.566974],[-0.063304,51.566977],[-0.063256,51.566992],[-0.062928,51.567093],[-0.062882,51.567107],[-0.062841,51.56712],[-0.062808,51.56713],[-0.062696,51.567165],[-0.062463,51.567237],[-0.062396,51.567257],[-0.062344,51.567274],[-0.062223,51.567311],[-0.062122,51.567342],[-0.062113,51.567345],[-0.06196,51.567392],[-0.061939,51.567403],[-0.061933,51.567405],[-0.061888,51.567418],[-0.061867,51.567421],[-0.061753,51.567456],[-0.06175,51.567458],[-0.061667,51.567483],[-0.061616,51.567499],[-0.061532,51.567524],[-0.061446,51.56755],[-0.061381,51.567567],[-0.061209,51.567619],[-0.061067,51.567662],[-0.061051,51.567667],[-0.061034,51.567672],[-0.060938,51.567552],[-0.060934,51.567548],[-0.06093,51.567542],[-0.060903,51.567508],[-0.060861,51.567456],[-0.060662,51.567207],[-0.060654,51.567198],[-0.060645,51.567186],[-0.060579,51.567104],[-0.060575,51.567099],[-0.060555,51.567075],[-0.060543,51.567059],[-0.06054,51.567054],[-0.060523,51.567025],[-0.060516,51.567014],[-0.060434,51.566872],[-0.060425,51.566858],[-0.060391,51.566799],[-0.060385,51.566788],[-0.060356,51.566739],[-0.060326,51.56665],[-0.060309,51.5666],[-0.06029,51.566546],[-0.06028,51.566489],[-0.060241,51.56626],[-0.06024,51.566254],[-0.060224,51.566165],[-0.060193,51.565987],[-0.060172,51.565863],[-0.06017,51.565855],[-0.060161,51.565807],[-0.06016,51.565796],[-0.060159,51.565792],[-0.060135,51.565631],[-0.060128,51.56558],[-0.060084,51.56529],[-0.060084,51.565286],[-0.060075,51.565225],[-0.060068,51.565182],[-0.060065,51.565162],[-0.060052,51.565069]]]}},{"type":"Feature","properties":{"LSOA21CD":"E01001729","LSOA21NM":"Hackney 019A","MEAN_PTAL_":"4","mean_AI":19.7891772806,"borough":"Hackney"},"geometry":{"type":"Polygon","coordinates":[[[-0.043438,51.55096],[-0.04323,51.550601],[-0.043213,51.550573],[-0.043195,51.550541],[-0.043016,51.550234],[-0.043017,51.550216],[-0.043053,51.550206],[-0.043339,51.550131],[-0.043389,51.550118],[-0.043453,51.550102],[-0.043525,51.550083],[-0.043753,51.550023],[-0.044053,51.549945],[-0.044159,51.549916],[-0.044301,51.549877],[-0.044036,51.549397],[-0.043951,51.549244],[-0.043781,51.548937],[-0.043795,51.548933],[-0.044263,51.548802],[-0.044266,51.548795],[-0.044321,51.548654],[-0.044311,51.548635],[-0.044256,51.548539],[-0.044098,51.548258],[-0.044047,51.548269],[-0.044045,51.548266],[-0.043935,51.54829],[-0.043914,51.548298],[-0.043762,51.54833],[-0.04376,51.548327],[-0.043695,51.548341],[-0.043599,51.548362],[-0.043514,51.54838],[-0.043503,51.548382],[-0.043471,51.548389],[-0.04331,51.548422],[-0.04318,51.548447],[-0.042656,51.548546],[-0.042643,51.548546],[-0.04249,51.548577],[-0.042283,51.548619],[-0.042278,51.54862],[-0.042075,51.548653],[-0.041979,51.54867],[-0.041886,51.548686],[-0.041816,51.548692],[-0.041772,51.548695],[-0.041756,51.548697],[-0.041737,51.548698],[-0.041658,51.548705],[-0.041524,51.548716],[-0.041487,51.548717],[-0.041379,51.548722],[-0.040971,51.548733],[-0.040959,51.548705],[-0.040843,51.548422],[-0.040721,51.548124],[-0.040654,51.547963],[-0.040473,51.547521],[-0.040414,51.547445],[-0.040378,51.547399],[-0.040331,51.547276],[-0.04022,51.546986],[-0.040216,51.546978],[-0.040289,51.546978],[-0.040326,51.546978],[-0.040368,51.546978],[-0.04044,51.546979],[-0.040819,51.546993],[-0.040852,51.546994],[-0.040865,51.546994],[-0.040949,51.546997],[-0.041097,51.547003],[-0.041221,51.547007],[-0.041484,51.547017],[-0.041538,51.547019],[-0.041779,51.547028],[-0.041973,51.547035],[-0.042012,51.547037],[-0.042014,51.546969],[-0.042015,51.54693],[-0.042016,51.546909],[-0.042016,51.546884],[-0.042017,51.546881],[-0.042017,51.546861],[-0.042017,51.546845],[-0.042018,51.546841],[-0.04202,51.546748],[-0.042021,51.546724],[-0.042021,51.546718],[-0.042021,51.546703],[-0.042022,51.546695],[-0.042017,51.546672],[-0.042016,51.546668],[-0.042015,51.546661],[-0.042007,51.546625],[-0.042006,51.546622],[-0.042006,51.546619],[-0.042004,51.546612],[-0.041998,51.546583],[-0.041992,51.546551],[-0.041934,51.546318],[-0.041939,51.546318],[-0.041954,51.54632],[-0.042065,51.546333],[-0.042076,51.546335],[-0.042169,51.546358],[-0.042211,51.546373],[-0.042268,51.546392],[-0.04228,51.546396],[-0.042458,51.546487],[-0.042475,51.546495],[-0.042523,51.546512],[-0.042566,51.546523],[-0.04257,51.546519],[-0.042785,51.546327],[-0.0428,51.546332],[-0.042939,51.546384],[-0.043443,51.546571],[-0.04346,51.546577],[-0.043492,51.546589],[-0.043465,51.546606],[-0.043415,51.546639],[-0.043334,51.54669],[-0.043149,51.546809],[-0.043058,51.546849],[-0.043031,51.546861],[-0.042972,51.546887],[-0.0429,51.546895],[-0.042873,51.546898],[-0.042861,51.546899],[-0.042959,51.547014],[-0.042998,51.54706],[-0.043058,51.547081],[-0.043126,51.547104],[-0.043187,51.547106],[-0.043266,51.54711],[-0.043466,51.547118],[-0.043558,51.547121],[-0.043815,51.547132],[-0.044337,51.547153],[-0.044341,51.547151],[-0.044368,51.547152],[-0.044453,51.547155],[-0.044698,51.547161],[-0.045356,51.547176],[-0.0455,51.547179],[-0.045763,51.547186],[-0.045553,51.547387],[-0.045677,51.547391],[-0.04571,51.547432],[-0.045855,51.54761],[-0.045879,51.547647],[-0.04595,51.547757],[-0.04599,51.547819],[-0.046001,51.5479],[-0.045999,51.547915],[-0.045982,51.548017],[-0.045994,51.548017],[-0.046001,51.548017],[-0.046402,51.548024],[-0.046414,51.548024],[-0.046547,51.548026],[-0.046824,51.548031],[-0.046839,51.548031],[-0.046962,51.548033],[-0.046966,51.548041],[-0.046973,51.548058],[-0.046981,51.548074],[-0.047012,51.548143],[-0.047004,51.548145],[-0.047038,51.548199],[-0.047059,51.548246],[-0.047084,51.548301],[-0.047093,51.548321],[-0.046929,51.548322],[-0.046922,51.548322],[-0.046784,51.548323],[-0.046651,51.548324],[-0.046565,51.548332],[-0.046171,51.548369],[-0.046138,51.548372],[-0.046122,51.548386],[-0.04602,51.5484],[-0.045993,51.548403],[-0.045936,51.548411],[-0.045924,51.548423],[-0.04592,51.548428],[-0.045902,51.54876],[-0.045902,51.548765],[-0.046088,51.548897],[-0.046045,51.549092],[-0.046294,51.549421],[-0.046297,51.549425],[-0.04688,51.549308],[-0.046888,51.549336],[-0.046892,51.549351],[-0.046874,51.549359],[-0.046881,51.549374],[-0.047084,51.549809],[-0.047086,51.549812],[-0.047087,51.549815],[-0.047104,51.54985],[-0.047146,51.549941],[-0.04715,51.549949],[-0.047169,51.54999],[-0.047193,51.550042],[-0.047214,51.550087],[-0.047316,51.550305],[-0.046981,51.55038],[-0.046766,51.550429],[-0.046828,51.550586],[-0.046829,51.55059],[-0.046853,51.550756],[-0.046853,51.550769],[-0.046855,51.550802],[-0.046856,51.550819],[-0.046856,51.550833],[-0.046856,51.550837],[-0.046853,51.550848],[-0.046813,51.551013],[-0.046804,51.551051],[-0.046753,51.551175],[-0.046727,51.551182],[-0.046654,51.551199],[-0.046568,51.551216],[-0.046456,51.551238],[-0.04644,51.551242],[-0.046406,51.551249],[-0.046374,51.551253],[-0.046186,51.551264],[-0.045207,51.551081],[-0.045166,51.551068],[-0.044735,51.550922],[-0.044722,51.550918],[-0.044712,51.550928],[-0.044499,51.551036],[-0.044405,51.551083],[-0.044193,51.551244],[-0.043709,51.55141],[-0.043701,51.551412],[-0.043602,51.551242],[-0.043598,51.551236],[-0.043508,51.551081],[-0.04349,51.551049],[-0.043438,51.55096]]]}},{"type":"Feature","properties":{"LSOA21CD":"E01001730","LSOA21NM":"Hackney 019B","MEAN_PTAL_":"5","mean_AI":20.5835453881,"borough":"Hackney"},"geometry":{"type":"Polygon","coordinates":[[[-0.046966,51.548041],[-0.046962,51.548033],[-0.046839,51.548031],[-0.046824,51.548031],[-0.046547,51.548026],[-0.046414,51.548024],[-0.046402,51.548024],[-0.046001,51.548017],[-0.045994,51.548017],[-0.045982,51.548017],[-0.045999,51.547915],[-0.046001,51.5479],[-0.04599,51.547819],[-0.04595,51.547757],[-0.045879,51.547647],[-0.045855,51.54761],[-0.04571,51.547432],[-0.045677,51.547391],[-0.045553,51.547387],[-0.045763,51.547186],[-0.0455,51.547179],[-0.045356,51.547176],[-0.044698,51.547161],[-0.044453,51.547155],[-0.044368,51.547152],[-0.044341,51.547151],[-0.044337,51.547153],[-0.043815,51.547132],[-0.043558,51.547121],[-0.043466,51.547118],[-0.043266,51.54711],[-0.043187,51.547106],[-0.043126,51.547104],[-0.043058,51.547081],[-0.042998,51.54706],[-0.042959,51.547014],[-0.042861,51.546899],[-0.042873,51.546898],[-0.0429,51.546895],[-0.042972,51.546887],[-0.043031,51.546861],[-0.043058,51.546849],[-0.043149,51.546809],[-0.043334,51.54669],[-0.043415,51.546639],[-0.043465,51.546606],[-0.043492,51.546589],[-0.04346,51.546577],[-0.043443,51.546571],[-0.042939,51.546384],[-0.0428,51.546332],[-0.042785,51.546327],[-0.04257,51.546519],[-0.042566,51.546523],[-0.042523,51.546512],[-0.042475,51.546495],[-0.042458,51.546487],[-0.04228,51.546396],[-0.042268,51.546392],[-0.042211,51.546373],[-0.042169,51.546358],[-0.042076,51.546335],[-0.042065,51.546333],[-0.041954,51.54632],[-0.041939,51.546318],[-0.041934,51.546318],[-0.041926,51.546282],[-0.041917,51.546248],[-0.041916,51.546245],[-0.041907,51.546208],[-0.041906,51.546203],[-0.041898,51.546171],[-0.041855,51.545996],[-0.041854,51.545992],[-0.041837,51.545921],[-0.041836,51.545917],[-0.041819,51.545848],[-0.041809,51.545806],[-0.041806,51.545797],[-0.041805,51.545791],[-0.041793,51.545743],[-0.041792,51.545738],[-0.041778,51.545681],[-0.041776,51.545674],[-0.041768,51.545642],[-0.041765,51.545629],[-0.04176,51.545607],[-0.041754,51.545583],[-0.04175,51.545567],[-0.041734,51.545504],[-0.04168,51.545282],[-0.041673,51.545256],[-0.041661,51.545206],[-0.042081,51.545169],[-0.042095,51.545167],[-0.042249,51.545154],[-0.042273,51.545152],[-0.042638,51.545099],[-0.042644,51.545098],[-0.042709,51.545089],[-0.04296,51.545053],[-0.043192,51.545014],[-0.043197,51.545014],[-0.043269,51.545002],[-0.043293,51.544999],[-0.043429,51.544984],[-0.043643,51.544967],[-0.044019,51.54495],[-0.044235,51.544941],[-0.044312,51.544942],[-0.044405,51.544944],[-0.044415,51.544944],[-0.044556,51.544946],[-0.044995,51.544953],[-0.045305,51.544959],[-0.045572,51.544943],[-0.045636,51.544939],[-0.045752,51.544933],[-0.045795,51.544931],[-0.04584,51.544929],[-0.045927,51.544926],[-0.045978,51.544924],[-0.046258,51.544913],[-0.046265,51.544913],[-0.046309,51.544859],[-0.046376,51.544776],[-0.046441,51.544696],[-0.046512,51.544599],[-0.04654,51.544562],[-0.046572,51.544518],[-0.046628,51.544441],[-0.046643,51.544421],[-0.046657,51.544402],[-0.046715,51.544322],[-0.046787,51.544224],[-0.046803,51.544202],[-0.046842,51.544213],[-0.046852,51.5442],[-0.047275,51.54433],[-0.047253,51.544334],[-0.047095,51.544537],[-0.047087,51.544547],[-0.046983,51.544665],[-0.046948,51.544706],[-0.046982,51.544706],[-0.04707,51.544705],[-0.047173,51.544705],[-0.047229,51.544916],[-0.047247,51.544982],[-0.047249,51.544989],[-0.047083,51.544917],[-0.046895,51.545016],[-0.046864,51.54504],[-0.046769,51.545132],[-0.046753,51.545167],[-0.046728,51.54522],[-0.046758,51.545305],[-0.046771,51.54533],[-0.046781,51.545347],[-0.046792,51.545359],[-0.046813,51.545381],[-0.046873,51.545428],[-0.046867,51.545441],[-0.046881,51.545528],[-0.046884,51.545552],[-0.046911,51.545725],[-0.047185,51.545868],[-0.047193,51.545873],[-0.047737,51.545774],[-0.047795,51.545855],[-0.047802,51.545858],[-0.047849,51.545878],[-0.047983,51.545941],[-0.048028,51.545967],[-0.048054,51.545985],[-0.048111,51.546034],[-0.048135,51.546061],[-0.048165,51.546108],[-0.04818,51.546143],[-0.048187,51.546199],[-0.048187,51.546208],[-0.048175,51.546249],[-0.048173,51.546254],[-0.048179,51.546265],[-0.048191,51.546301],[-0.048197,51.546375],[-0.04818,51.546429],[-0.048177,51.546436],[-0.048172,51.546447],[-0.048169,51.546452],[-0.047533,51.546501],[-0.047525,51.546501],[-0.047463,51.546579],[-0.047349,51.546721],[-0.047328,51.546748],[-0.047348,51.546754],[-0.047407,51.546764],[-0.047463,51.546773],[-0.047535,51.546784],[-0.047553,51.546784],[-0.04765,51.546785],[-0.047664,51.546786],[-0.047665,51.546794],[-0.047666,51.546819],[-0.047667,51.546828],[-0.047668,51.546844],[-0.047673,51.54693],[-0.047665,51.547109],[-0.047664,51.547136],[-0.047836,51.547148],[-0.047836,51.547166],[-0.047833,51.54722],[-0.047825,51.547254],[-0.047822,51.547267],[-0.048365,51.54728],[-0.048665,51.547288],[-0.049051,51.547297],[-0.04909,51.547298],[-0.04933,51.547304],[-0.049329,51.547317],[-0.049329,51.547338],[-0.049329,51.547668],[-0.049328,51.547673],[-0.049327,51.547695],[-0.049317,51.547937],[-0.049241,51.547962],[-0.04923,51.547965],[-0.049224,51.547967],[-0.049157,51.547873],[-0.048983,51.54786],[-0.048792,51.547845],[-0.048457,51.547819],[-0.048449,51.547818],[-0.048431,51.547836],[-0.04832,51.547949],[-0.048486,51.548164],[-0.048801,51.548207],[-0.048881,51.54822],[-0.04905,51.548248],[-0.049004,51.548292],[-0.048936,51.548353],[-0.048893,51.548392],[-0.048884,51.548394],[-0.048703,51.548447],[-0.04863,51.548539],[-0.048515,51.54859],[-0.048486,51.548603],[-0.04838,51.548631],[-0.048324,51.548666],[-0.048193,51.548674],[-0.048105,51.54868],[-0.04803,51.548685],[-0.048054,51.548741],[-0.048069,51.54878],[-0.048074,51.548787],[-0.048146,51.548895],[-0.048153,51.548904],[-0.048158,51.548913],[-0.048246,51.549044],[-0.048207,51.549053],[-0.048149,51.549067],[-0.04814,51.549069],[-0.047998,51.549102],[-0.047914,51.549118],[-0.04785,51.54913],[-0.04756,51.549183],[-0.047504,51.549193],[-0.047273,51.549235],[-0.04714,51.549259],[-0.047126,51.549259],[-0.0471,51.549264],[-0.04689,51.549306],[-0.04688,51.549308],[-0.046297,51.549425],[-0.046294,51.549421],[-0.046045,51.549092],[-0.046088,51.548897],[-0.045902,51.548765],[-0.045902,51.54876],[-0.04592,51.548428],[-0.045924,51.548423],[-0.045936,51.548411],[-0.045993,51.548403],[-0.04602,51.5484],[-0.046122,51.548386],[-0.046138,51.548372],[-0.046171,51.548369],[-0.046565,51.548332],[-0.046651,51.548324],[-0.046784,51.548323],[-0.046922,51.548322],[-0.046929,51.548322],[-0.047093,51.548321],[-0.047084,51.548301],[-0.047059,51.548246],[-0.047038,51.548199],[-0.047004,51.548145],[-0.047012,51.548143],[-0.046981,51.548074],[-0.046973,51.548058],[-0.046966,51.548041]]]}},{"type":"Feature","properties":{"LSOA21CD":"E01001731","LSOA21NM":"Hackney 017A","MEAN_PTAL_":"6a","mean_AI":25.430693612,"borough":"Hackney"},"geometry":{"type":"Polygon","coordinates":[[[-0.051112,51.547033],[-0.051117,51.547029],[-0.05111,51.54703],[-0.051026,51.547049],[-0.051011,51.547052],[-0.050917,51.547074],[-0.050882,51.547083],[-0.050833,51.547094],[-0.050802,51.5471],[-0.050737,51.547113],[-0.050664,51.547126],[-0.050635,51.547132],[-0.050478,51.547146],[-0.05044,51.54715],[-0.050389,51.547155],[-0.050367,51.547154],[-0.050295,51.547153],[-0.05029,51.547153],[-0.05027,51.547153],[-0.050216,51.547152],[-0.050104,51.547143],[-0.050093,51.547146],[-0.050087,51.547148],[-0.050034,51.547145],[-0.050034,51.547166],[-0.05004,51.547316],[-0.05004,51.547322],[-0.049829,51.547317],[-0.049762,51.547315],[-0.04969,51.547313],[-0.049626,51.547312],[-0.049529,51.547309],[-0.049413,51.547306],[-0.04933,51.547304],[-0.04909,51.547298],[-0.049051,51.547297],[-0.048665,51.547288],[-0.048365,51.54728],[-0.047822,51.547267],[-0.047825,51.547254],[-0.047833,51.54722],[-0.047836,51.547166],[-0.047836,51.547148],[-0.047664,51.547136],[-0.047665,51.547109],[-0.047673,51.54693],[-0.047668,51.546844],[-0.047667,51.546828],[-0.047666,51.546819],[-0.047665,51.546794],[-0.047664,51.546786],[-0.04765,51.546785],[-0.047553,51.546784],[-0.047535,51.546784],[-0.047463,51.546773],[-0.047407,51.546764],[-0.047348,51.546754],[-0.047328,51.546748],[-0.047349,51.546721],[-0.047463,51.546579],[-0.047525,51.546501],[-0.047533,51.546501],[-0.048169,51.546452],[-0.048172,51.546447],[-0.048177,51.546436],[-0.04818,51.546429],[-0.048197,51.546375],[-0.048191,51.546301],[-0.048179,51.546265],[-0.048173,51.546254],[-0.048175,51.546249],[-0.048187,51.546208],[-0.048187,51.546199],[-0.04818,51.546143],[-0.048165,51.546108],[-0.048135,51.546061],[-0.048111,51.546034],[-0.048054,51.545985],[-0.048028,51.545967],[-0.047983,51.545941],[-0.047849,51.545878],[-0.047802,51.545858],[-0.047795,51.545855],[-0.047737,51.545774],[-0.047921,51.545377],[-0.047889,51.545366],[-0.047882,51.545363],[-0.048174,51.545316],[-0.048182,51.545314],[-0.048179,51.545321],[-0.048205,51.545316],[-0.048215,51.545343],[-0.048267,51.545482],[-0.048294,51.545555],[-0.04832,51.545619],[-0.048362,51.545655],[-0.048474,51.545729],[-0.048502,51.545748],[-0.048515,51.545793],[-0.048602,51.546141],[-0.048625,51.546139],[-0.049121,51.546107],[-0.049118,51.546189],[-0.049117,51.546198],[-0.049124,51.546202],[-0.049131,51.546208],[-0.049135,51.546208],[-0.049174,51.546217],[-0.049217,51.546218],[-0.049496,51.546194],[-0.04948,51.546169],[-0.04945,51.546108],[-0.049414,51.546021],[-0.04942,51.545912],[-0.049415,51.545903],[-0.049405,51.545892],[-0.049031,51.545502],[-0.049022,51.545491],[-0.049349,51.54527],[-0.049385,51.54527],[-0.049559,51.545269],[-0.049561,51.545262],[-0.049601,51.545268],[-0.049614,51.545268],[-0.049695,51.545266],[-0.04972,51.545264],[-0.049895,51.545235],[-0.049855,51.545256],[-0.049954,51.545327],[-0.050015,51.545366],[-0.050193,51.545481],[-0.050243,51.545513],[-0.050249,51.545517],[-0.0502,51.545595],[-0.05023,51.545785],[-0.050525,51.545825],[-0.050677,51.545846],[-0.05069,51.545838],[-0.0508,51.545797],[-0.050808,51.545795],[-0.050785,51.545664],[-0.050773,51.545596],[-0.050764,51.545495],[-0.050763,51.545479],[-0.050754,51.545371],[-0.050752,51.545365],[-0.050721,51.545231],[-0.050693,51.545109],[-0.050693,51.545102],[-0.05068,51.545064],[-0.05067,51.545039],[-0.050582,51.54482],[-0.050559,51.544766],[-0.050552,51.544746],[-0.050529,51.54469],[-0.050521,51.544671],[-0.050502,51.544624],[-0.050474,51.544553],[-0.050452,51.5445],[-0.050444,51.544481],[-0.050425,51.544433],[-0.050387,51.54434],[-0.050382,51.544328],[-0.05038,51.544321],[-0.050302,51.544128],[-0.050298,51.544118],[-0.050257,51.544016],[-0.050219,51.543935],[-0.050203,51.5439],[-0.050197,51.543887],[-0.05019,51.543888],[-0.05019,51.543851],[-0.050171,51.543806],[-0.050147,51.543716],[-0.050152,51.543692],[-0.050154,51.543686],[-0.050164,51.543644],[-0.050188,51.543655],[-0.050188,51.543639],[-0.050338,51.543713],[-0.050521,51.543692],[-0.050572,51.543686],[-0.050865,51.543651],[-0.050877,51.54365],[-0.050902,51.543647],[-0.050946,51.543642],[-0.051049,51.54363],[-0.051085,51.543625],[-0.051138,51.543618],[-0.051147,51.543616],[-0.051459,51.543575],[-0.051464,51.543574],[-0.051484,51.543572],[-0.051494,51.54357],[-0.051612,51.543554],[-0.051618,51.543554],[-0.051628,51.543552],[-0.051646,51.54355],[-0.051664,51.543548],[-0.051675,51.543546],[-0.05173,51.543539],[-0.051747,51.543537],[-0.05178,51.543532],[-0.051794,51.54353],[-0.051882,51.543518],[-0.051893,51.543517],[-0.051956,51.543509],[-0.051965,51.543507],[-0.052008,51.543502],[-0.052044,51.543497],[-0.052073,51.543493],[-0.052088,51.543492],[-0.052237,51.543473],[-0.052259,51.54347],[-0.052277,51.543468],[-0.052497,51.543439],[-0.052673,51.543418],[-0.05277,51.543405],[-0.052798,51.543401],[-0.052838,51.543396],[-0.052862,51.543393],[-0.052936,51.543384],[-0.053039,51.543371],[-0.053079,51.543366],[-0.053133,51.54336],[-0.05315,51.543358],[-0.053246,51.543349],[-0.05328,51.543345],[-0.053367,51.543336],[-0.053395,51.543333],[-0.053444,51.543328],[-0.053541,51.543318],[-0.053691,51.543303],[-0.053819,51.54329],[-0.053888,51.543283],[-0.0539,51.543281],[-0.053957,51.543276],[-0.054012,51.54327],[-0.054059,51.543265],[-0.054084,51.543263],[-0.054116,51.543259],[-0.054182,51.543253],[-0.054209,51.54325],[-0.054228,51.543248],[-0.054256,51.543245],[-0.054314,51.543239],[-0.05435,51.543235],[-0.054392,51.543231],[-0.054401,51.54323],[-0.05441,51.543229],[-0.054426,51.543228],[-0.054493,51.543221],[-0.054537,51.543216],[-0.054567,51.543213],[-0.054575,51.543212],[-0.05461,51.543209],[-0.054648,51.543205],[-0.05477,51.543195],[-0.054817,51.543191],[-0.05488,51.543185],[-0.055293,51.54315],[-0.055297,51.543175],[-0.055303,51.543219],[-0.055321,51.54335],[-0.055323,51.543365],[-0.055325,51.543377],[-0.055335,51.543452],[-0.055337,51.543463],[-0.055337,51.543466],[-0.055341,51.543489],[-0.055349,51.543552],[-0.055353,51.543577],[-0.055362,51.543639],[-0.055366,51.543668],[-0.055368,51.543728],[-0.055369,51.543753],[-0.055372,51.543816],[-0.055373,51.543855],[-0.055375,51.543896],[-0.05538,51.544012],[-0.05538,51.544021],[-0.055383,51.544082],[-0.055383,51.5441],[-0.055384,51.544104],[-0.055384,51.54411],[-0.055379,51.544189],[-0.055378,51.544206],[-0.055376,51.544239],[-0.055366,51.544396],[-0.055361,51.544485],[-0.055351,51.544637],[-0.055346,51.544727],[-0.055343,51.544755],[-0.055314,51.545],[-0.055273,51.545356],[-0.055269,51.545393],[-0.055243,51.545613],[-0.055241,51.54563],[-0.055227,51.545722],[-0.055226,51.545727],[-0.05522,51.545773],[-0.055219,51.545776],[-0.05521,51.545842],[-0.055208,51.545854],[-0.055208,51.545857],[-0.055204,51.54588],[-0.0552,51.545907],[-0.055187,51.545994],[-0.055185,51.546009],[-0.055167,51.546135],[-0.055166,51.54614],[-0.055162,51.546182],[-0.055154,51.546258],[-0.055151,51.546283],[-0.055145,51.546342],[-0.055137,51.546413],[-0.055135,51.546432],[-0.055133,51.54645],[-0.055132,51.546464],[-0.055128,51.546493],[-0.055125,51.546521],[-0.055118,51.546586],[-0.055118,51.546588],[-0.055116,51.546611],[-0.055115,51.546623],[-0.055112,51.546653],[-0.055112,51.546662],[-0.055109,51.546678],[-0.055106,51.546699],[-0.055104,51.546723],[-0.055101,51.546745],[-0.055095,51.546809],[-0.055094,51.546812],[-0.055092,51.546822],[-0.055089,51.546836],[-0.055081,51.546868],[-0.055075,51.546891],[-0.055059,51.546954],[-0.055041,51.547024],[-0.055028,51.547074],[-0.055025,51.547089],[-0.05502,51.547107],[-0.054954,51.547112],[-0.054897,51.547116],[-0.054686,51.547131],[-0.054611,51.547136],[-0.054368,51.547153],[-0.054359,51.547154],[-0.054296,51.547158],[-0.053894,51.547194],[-0.053706,51.54721],[-0.053636,51.547216],[-0.053568,51.547221],[-0.053421,51.547231],[-0.053226,51.547245],[-0.052931,51.547265],[-0.05279,51.547272],[-0.052779,51.547272],[-0.052773,51.547272],[-0.05255,51.547283],[-0.052545,51.547283],[-0.052234,51.547297],[-0.052146,51.547301],[-0.05212,51.547302],[-0.051662,51.547313],[-0.051643,51.547314],[-0.051522,51.547316],[-0.051476,51.547318],[-0.051287,51.547322],[-0.05129,51.547326],[-0.0512,51.547326],[-0.051228,51.547347],[-0.051168,51.547343],[-0.051154,51.547341],[-0.051127,51.547338],[-0.051095,51.547332],[-0.051078,51.547329],[-0.051069,51.547326],[-0.050981,51.547305],[-0.050943,51.547293],[-0.050894,51.547278],[-0.050878,51.547272],[-0.050874,51.547271],[-0.05087,51.547269],[-0.050875,51.547264],[-0.050933,51.547208],[-0.051108,51.547037],[-0.051112,51.547033]]]}},{"type":"Feature","properties":{"LSOA21CD":"E01001732","LSOA21NM":"Hackney 019C","MEAN_PTAL_":"5","mean_AI":20.3919546637,"borough":"Hackney"},"geometry":{"type":"Polygon","coordinates":[[[-0.049118,51.546189],[-0.049121,51.546107],[-0.048625,51.546139],[-0.048602,51.546141],[-0.048515,51.545793],[-0.048502,51.545748],[-0.048474,51.545729],[-0.048362,51.545655],[-0.04832,51.545619],[-0.048294,51.545555],[-0.048267,51.545482],[-0.048215,51.545343],[-0.048205,51.545316],[-0.048179,51.545321],[-0.048182,51.545314],[-0.048174,51.545316],[-0.047882,51.545363],[-0.047889,51.545366],[-0.047921,51.545377],[-0.047737,51.545774],[-0.047193,51.545873],[-0.047185,51.545868],[-0.046911,51.545725],[-0.046884,51.545552],[-0.046881,51.545528],[-0.046867,51.545441],[-0.046873,51.545428],[-0.046813,51.545381],[-0.046792,51.545359],[-0.046781,51.545347],[-0.046771,51.54533],[-0.046758,51.545305],[-0.046728,51.54522],[-0.046753,51.545167],[-0.046769,51.545132],[-0.046864,51.54504],[-0.046895,51.545016],[-0.047083,51.544917],[-0.047249,51.544989],[-0.047247,51.544982],[-0.047229,51.544916],[-0.047173,51.544705],[-0.04707,51.544705],[-0.046982,51.544706],[-0.046948,51.544706],[-0.046983,51.544665],[-0.047087,51.544547],[-0.047095,51.544537],[-0.047253,51.544334],[-0.047275,51.54433],[-0.046852,51.5442],[-0.046842,51.544213],[-0.046803,51.544202],[-0.046812,51.54419],[-0.046829,51.544167],[-0.046854,51.544133],[-0.046859,51.544127],[-0.046886,51.54409],[-0.046905,51.544064],[-0.046925,51.544036],[-0.046964,51.543984],[-0.046987,51.543952],[-0.047004,51.543929],[-0.047006,51.543926],[-0.047014,51.543914],[-0.047028,51.543896],[-0.047053,51.543868],[-0.04714,51.543771],[-0.047205,51.543699],[-0.047223,51.543679],[-0.047232,51.54367],[-0.047239,51.543663],[-0.047257,51.543646],[-0.047314,51.543595],[-0.047332,51.54358],[-0.047357,51.543559],[-0.047464,51.543471],[-0.04747,51.543466],[-0.047612,51.543349],[-0.047653,51.543315],[-0.047714,51.543265],[-0.047813,51.543184],[-0.047842,51.54316],[-0.04788,51.543129],[-0.047899,51.543119],[-0.047906,51.543116],[-0.047911,51.543113],[-0.04798,51.543079],[-0.047985,51.543077],[-0.048052,51.543044],[-0.048118,51.543011],[-0.048139,51.543],[-0.048145,51.542998],[-0.048173,51.542979],[-0.048348,51.542869],[-0.048352,51.542866],[-0.048366,51.542858],[-0.048386,51.542867],[-0.048396,51.542871],[-0.048635,51.542978],[-0.048682,51.542997],[-0.048806,51.54305],[-0.048881,51.543081],[-0.048975,51.543121],[-0.048994,51.543129],[-0.049001,51.543132],[-0.049176,51.543206],[-0.049202,51.543217],[-0.0493,51.543258],[-0.049489,51.543337],[-0.049556,51.543366],[-0.049732,51.54344],[-0.049913,51.543516],[-0.04992,51.543519],[-0.049976,51.543543],[-0.049993,51.54355],[-0.050099,51.543595],[-0.050112,51.543601],[-0.050188,51.543639],[-0.050188,51.543655],[-0.050164,51.543644],[-0.050154,51.543686],[-0.050152,51.543692],[-0.050147,51.543716],[-0.050171,51.543806],[-0.05019,51.543851],[-0.05019,51.543888],[-0.050197,51.543887],[-0.050203,51.5439],[-0.050219,51.543935],[-0.050257,51.544016],[-0.050298,51.544118],[-0.050302,51.544128],[-0.05038,51.544321],[-0.050382,51.544328],[-0.050387,51.54434],[-0.050425,51.544433],[-0.050444,51.544481],[-0.050452,51.5445],[-0.050474,51.544553],[-0.050502,51.544624],[-0.050521,51.544671],[-0.050529,51.54469],[-0.050552,51.544746],[-0.050559,51.544766],[-0.050582,51.54482],[-0.05067,51.545039],[-0.05068,51.545064],[-0.050693,51.545102],[-0.050693,51.545109],[-0.050721,51.545231],[-0.050752,51.545365],[-0.050754,51.545371],[-0.050763,51.545479],[-0.050764,51.545495],[-0.050773,51.545596],[-0.050785,51.545664],[-0.050808,51.545795],[-0.0508,51.545797],[-0.05069,51.545838],[-0.050677,51.545846],[-0.050525,51.545825],[-0.05023,51.545785],[-0.0502,51.545595],[-0.050249,51.545517],[-0.050243,51.545513],[-0.050193,51.545481],[-0.050015,51.545366],[-0.049954,51.545327],[-0.049855,51.545256],[-0.049895,51.545235],[-0.04972,51.545264],[-0.049695,51.545266],[-0.049614,51.545268],[-0.049601,51.545268],[-0.049561,51.545262],[-0.049559,51.545269],[-0.049385,51.54527],[-0.049349,51.54527],[-0.049022,51.545491],[-0.049031,51.545502],[-0.049405,51.545892],[-0.049415,51.545903],[-0.04942,51.545912],[-0.049414,51.546021],[-0.04945,51.546108],[-0.04948,51.546169],[-0.049496,51.546194],[-0.049217,51.546218],[-0.049174,51.546217],[-0.049135,51.546208],[-0.049131,51.546208],[-0.049124,51.546202],[-0.049117,51.546198],[-0.049118,51.546189]]]}},{"type":"Feature","properties":{"LSOA21CD":"E01001733","LSOA21NM":"Hackney 015A","MEAN_PTAL_":"4","mean_AI":16.9427146968,"borough":"Hackney"},"geometry":{"type":"Polygon","coordinates":[[[-0.040841,51.552114],[-0.040818,51.552061],[-0.040802,51.552022],[-0.0408,51.552019],[-0.040793,51.552002],[-0.040782,51.551977],[-0.040777,51.551966],[-0.040773,51.551955],[-0.040766,51.55194],[-0.040755,51.551914],[-0.040752,51.551907],[-0.04075,51.551901],[-0.040746,51.551887],[-0.040743,51.551875],[-0.040732,51.551837],[-0.040725,51.551815],[-0.040722,51.551804],[-0.040719,51.551793],[-0.040709,51.551757],[-0.040703,51.551738],[-0.040688,51.551684],[-0.040686,51.55168],[-0.040672,51.551631],[-0.040658,51.551581],[-0.040656,51.551577],[-0.040651,51.551556],[-0.040644,51.551532],[-0.04064,51.551516],[-0.040634,51.551487],[-0.040625,51.551442],[-0.040618,51.551407],[-0.040613,51.551384],[-0.04061,51.551368],[-0.040603,51.551332],[-0.040594,51.551288],[-0.040587,51.551253],[-0.040585,51.551246],[-0.040581,51.551227],[-0.040577,51.551205],[-0.040569,51.551167],[-0.040563,51.55114],[-0.040557,51.551106],[-0.040552,51.551084],[-0.04055,51.551073],[-0.040542,51.551036],[-0.040536,51.551005],[-0.040535,51.550999],[-0.040533,51.550992],[-0.040529,51.550972],[-0.040525,51.55095],[-0.040524,51.550946],[-0.040517,51.550914],[-0.040516,51.55091],[-0.040505,51.550856],[-0.040504,51.550851],[-0.040502,51.550841],[-0.0405,51.55083],[-0.040497,51.550814],[-0.040495,51.550804],[-0.04049,51.55078],[-0.040488,51.550773],[-0.040487,51.550767],[-0.04048,51.550747],[-0.040478,51.550741],[-0.040474,51.550727],[-0.040462,51.550692],[-0.040458,51.55068],[-0.040454,51.550666],[-0.04045,51.550655],[-0.040447,51.550645],[-0.040444,51.550637],[-0.040439,51.550621],[-0.040433,51.550602],[-0.040423,51.550573],[-0.040418,51.550557],[-0.040407,51.550526],[-0.040403,51.550513],[-0.040402,51.550509],[-0.0404,51.550504],[-0.040397,51.550496],[-0.040388,51.550468],[-0.040368,51.550418],[-0.040363,51.550405],[-0.040361,51.550399],[-0.040358,51.550392],[-0.040355,51.550384],[-0.040353,51.55038],[-0.040341,51.550349],[-0.040333,51.550329],[-0.040323,51.550303],[-0.040316,51.550286],[-0.040309,51.550269],[-0.040304,51.550255],[-0.0403,51.550248],[-0.040297,51.55024],[-0.040294,51.550232],[-0.040291,51.550225],[-0.040279,51.550193],[-0.040277,51.550188],[-0.040271,51.550173],[-0.040268,51.550166],[-0.040253,51.550127],[-0.040246,51.550112],[-0.040243,51.550104],[-0.040232,51.550076],[-0.04023,51.550072],[-0.040227,51.550063],[-0.040221,51.550049],[-0.04022,51.550046],[-0.040216,51.550035],[-0.0402,51.549995],[-0.040194,51.549981],[-0.040189,51.549969],[-0.040188,51.549965],[-0.040182,51.54995],[-0.040171,51.549922],[-0.040167,51.549913],[-0.040165,51.549906],[-0.040157,51.549887],[-0.040148,51.549865],[-0.040146,51.549858],[-0.04014,51.549845],[-0.040139,51.549841],[-0.04013,51.549819],[-0.040112,51.549774],[-0.040111,51.549771],[-0.040109,51.549767],[-0.0401,51.549744],[-0.040095,51.549731],[-0.040088,51.549714],[-0.04008,51.549693],[-0.040076,51.549683],[-0.040073,51.549677],[-0.040065,51.549656],[-0.040055,51.549631],[-0.040052,51.549624],[-0.040048,51.549613],[-0.040043,51.549602],[-0.040034,51.549578],[-0.040032,51.549574],[-0.040029,51.549567],[-0.040022,51.549548],[-0.040019,51.549542],[-0.040016,51.549532],[-0.040005,51.549504],[-0.040002,51.549497],[-0.039997,51.549485],[-0.039995,51.54948],[-0.039977,51.549434],[-0.039974,51.549428],[-0.039969,51.549415],[-0.039967,51.549409],[-0.039965,51.549404],[-0.039961,51.549395],[-0.039958,51.549387],[-0.039948,51.549363],[-0.039941,51.549345],[-0.039932,51.549322],[-0.039929,51.549315],[-0.039923,51.549299],[-0.039917,51.549285],[-0.039915,51.549278],[-0.039913,51.549274],[-0.039905,51.549253],[-0.039895,51.54923],[-0.039892,51.549222],[-0.039882,51.549197],[-0.039881,51.549194],[-0.039877,51.549183],[-0.039872,51.54917],[-0.039854,51.549126],[-0.039853,51.549123],[-0.039848,51.54911],[-0.039845,51.549102],[-0.039751,51.548868],[-0.039758,51.548866],[-0.039802,51.548859],[-0.039923,51.548839],[-0.040003,51.548825],[-0.04015,51.5488],[-0.040264,51.548789],[-0.040378,51.548777],[-0.040421,51.548772],[-0.040518,51.548767],[-0.040534,51.548766],[-0.040624,51.548762],[-0.040678,51.548759],[-0.040793,51.548753],[-0.040856,51.54875],[-0.040897,51.548747],[-0.040975,51.548743],[-0.040971,51.548733],[-0.041379,51.548722],[-0.041487,51.548717],[-0.041524,51.548716],[-0.041658,51.548705],[-0.041737,51.548698],[-0.041756,51.548697],[-0.041772,51.548695],[-0.041816,51.548692],[-0.041886,51.548686],[-0.041979,51.54867],[-0.042075,51.548653],[-0.042278,51.54862],[-0.042283,51.548619],[-0.04249,51.548577],[-0.042643,51.548546],[-0.042656,51.548546],[-0.04318,51.548447],[-0.04331,51.548422],[-0.043471,51.548389],[-0.043503,51.548382],[-0.043514,51.54838],[-0.043599,51.548362],[-0.043695,51.548341],[-0.04376,51.548327],[-0.043762,51.54833],[-0.043914,51.548298],[-0.043935,51.54829],[-0.044045,51.548266],[-0.044047,51.548269],[-0.044098,51.548258],[-0.044256,51.548539],[-0.044311,51.548635],[-0.044321,51.548654],[-0.044266,51.548795],[-0.044263,51.548802],[-0.043795,51.548933],[-0.043781,51.548937],[-0.043951,51.549244],[-0.044036,51.549397],[-0.044301,51.549877],[-0.044159,51.549916],[-0.044053,51.549945],[-0.043753,51.550023],[-0.043525,51.550083],[-0.043453,51.550102],[-0.043389,51.550118],[-0.043339,51.550131],[-0.043053,51.550206],[-0.043017,51.550216],[-0.043016,51.550234],[-0.043195,51.550541],[-0.043213,51.550573],[-0.04323,51.550601],[-0.043438,51.55096],[-0.04349,51.551049],[-0.043508,51.551081],[-0.043598,51.551236],[-0.043602,51.551242],[-0.043701,51.551412],[-0.043709,51.55141],[-0.044193,51.551244],[-0.044405,51.551083],[-0.044499,51.551036],[-0.044712,51.550928],[-0.044722,51.550918],[-0.044735,51.550922],[-0.045166,51.551068],[-0.045207,51.551081],[-0.046186,51.551264],[-0.046374,51.551253],[-0.046384,51.551403],[-0.046408,51.55179],[-0.046415,51.551899],[-0.046433,51.551937],[-0.046469,51.55198],[-0.046537,51.552025],[-0.046555,51.552031],[-0.046647,51.552042],[-0.046663,51.552046],[-0.046729,51.552061],[-0.046654,51.552068],[-0.046672,51.552147],[-0.046685,51.552207],[-0.046692,51.552239],[-0.046718,51.552356],[-0.046701,51.552358],[-0.046348,51.552397],[-0.046322,51.552399],[-0.046308,51.552401],[-0.046298,51.552402],[-0.046292,51.552403],[-0.046112,51.552425],[-0.046001,51.552439],[-0.045804,51.552463],[-0.04579,51.552465],[-0.045789,51.552461],[-0.045773,51.552415],[-0.045768,51.552402],[-0.045742,51.552326],[-0.045725,51.552278],[-0.045703,51.552216],[-0.045689,51.552176],[-0.045652,51.552161],[-0.045606,51.552167],[-0.0456,51.552167],[-0.045594,51.552168],[-0.04554,51.552175],[-0.045506,51.552179],[-0.045437,51.552188],[-0.045382,51.552195],[-0.045356,51.552198],[-0.045336,51.552201],[-0.045319,51.552203],[-0.045245,51.552212],[-0.045233,51.552214],[-0.045178,51.552221],[-0.045164,51.552223],[-0.045128,51.552227],[-0.045106,51.55223],[-0.045037,51.552238],[-0.045028,51.552239],[-0.044991,51.552243],[-0.044935,51.55225],[-0.04493,51.55225],[-0.044923,51.552251],[-0.044904,51.552253],[-0.044841,51.55226],[-0.044828,51.552262],[-0.044723,51.552274],[-0.044751,51.552344],[-0.044753,51.552349],[-0.044756,51.552357],[-0.044759,51.552366],[-0.044794,51.552453],[-0.044846,51.552588],[-0.04485,51.552598],[-0.044675,51.552624],[-0.04457,51.552639],[-0.044535,51.552644],[-0.044424,51.552661],[-0.044397,51.552665],[-0.04437,51.552669],[-0.044365,51.55267],[-0.044359,51.552671],[-0.044056,51.55273],[-0.0439,51.55276],[-0.043922,51.552807],[-0.043962,51.55289],[-0.043967,51.552901],[-0.04397,51.552907],[-0.043989,51.552947],[-0.043996,51.55296],[-0.044005,51.552979],[-0.044015,51.553001],[-0.044033,51.553039],[-0.044039,51.55305],[-0.044003,51.553057],[-0.043976,51.553062],[-0.043972,51.553063],[-0.043965,51.553065],[-0.043896,51.553078],[-0.043864,51.553084],[-0.043852,51.553087],[-0.043838,51.553089],[-0.043816,51.553094],[-0.043746,51.553108],[-0.043739,51.553109],[-0.043733,51.55311],[-0.043729,51.553111],[-0.043721,51.553113],[-0.043712,51.553114],[-0.043701,51.553116],[-0.04364,51.553129],[-0.043608,51.553135],[-0.043593,51.553138],[-0.043547,51.553147],[-0.043531,51.55315],[-0.043506,51.553155],[-0.043466,51.553163],[-0.043455,51.553165],[-0.043414,51.553173],[-0.043394,51.553177],[-0.043362,51.553183],[-0.043334,51.553189],[-0.043321,51.553191],[-0.043293,51.553197],[-0.043274,51.553201],[-0.043216,51.553212],[-0.043211,51.553213],[-0.043176,51.55322],[-0.043149,51.553225],[-0.043122,51.55323],[-0.043107,51.553234],[-0.043101,51.553235],[-0.04307,51.553241],[-0.043064,51.553242],[-0.04306,51.553243],[-0.043024,51.55325],[-0.043014,51.553252],[-0.042996,51.553255],[-0.042974,51.553259],[-0.042894,51.553275],[-0.04289,51.553275],[-0.04283,51.553287],[-0.042802,51.553292],[-0.042764,51.5533],[-0.042751,51.553302],[-0.042747,51.553303],[-0.042708,51.55331],[-0.04269,51.553314],[-0.042681,51.553315],[-0.042631,51.553325],[-0.042622,51.553327],[-0.042612,51.553329],[-0.042602,51.553331],[-0.042556,51.553339],[-0.042544,51.553342],[-0.04254,51.553343],[-0.042532,51.553344],[-0.042474,51.553355],[-0.042463,51.553357],[-0.042445,51.553361],[-0.042402,51.553369],[-0.042368,51.553376],[-0.042339,51.553381],[-0.042335,51.553382],[-0.042319,51.553385],[-0.042292,51.55339],[-0.042287,51.553391],[-0.04227,51.553395],[-0.042231,51.553403],[-0.04222,51.553405],[-0.042215,51.553406],[-0.042204,51.553408],[-0.042142,51.553421],[-0.04213,51.553423],[-0.042099,51.553429],[-0.042049,51.55344],[-0.042003,51.553449],[-0.041989,51.553452],[-0.041568,51.553537],[-0.041547,51.553541],[-0.041536,51.55352],[-0.041534,51.553515],[-0.041527,51.553503],[-0.041508,51.553466],[-0.041503,51.553457],[-0.041484,51.55342],[-0.041428,51.553315],[-0.041417,51.553294],[-0.041391,51.553245],[-0.04139,51.553242],[-0.041387,51.553236],[-0.041375,51.553213],[-0.041369,51.553202],[-0.041352,51.553171],[-0.04132,51.55311],[-0.041317,51.553104],[-0.041316,51.553102],[-0.041311,51.553092],[-0.041291,51.553054],[-0.041287,51.553047],[-0.041283,51.55304],[-0.04128,51.553034],[-0.041276,51.553025],[-0.041268,51.553011],[-0.041263,51.553001],[-0.041256,51.552988],[-0.04124,51.552958],[-0.041237,51.552951],[-0.041233,51.552945],[-0.041221,51.552921],[-0.041215,51.55291],[-0.041213,51.552906],[-0.041209,51.552899],[-0.041196,51.552874],[-0.041194,51.55287],[-0.041172,51.552829],[-0.04117,51.552825],[-0.041157,51.552801],[-0.041154,51.552794],[-0.041151,51.552789],[-0.041135,51.552758],[-0.041129,51.552748],[-0.041126,51.552741],[-0.041122,51.552733],[-0.04112,51.552731],[-0.041105,51.552702],[-0.041099,51.55269],[-0.041093,51.552679],[-0.04109,51.552673],[-0.041089,51.552671],[-0.041061,51.552619],[-0.041054,51.552605],[-0.041042,51.552582],[-0.041006,51.552497],[-0.041004,51.552493],[-0.040992,51.552465],[-0.040986,51.55245],[-0.040976,51.552428],[-0.040974,51.552424],[-0.040971,51.552417],[-0.040954,51.552377],[-0.040945,51.552354],[-0.040938,51.552339],[-0.040934,51.55233],[-0.040927,51.552313],[-0.040917,51.552289],[-0.040911,51.552276],[-0.04091,51.552274],[-0.040905,51.552262],[-0.040901,51.552252],[-0.040898,51.552245],[-0.040876,51.552196],[-0.040863,51.552166],[-0.040861,51.55216],[-0.040852,51.552139],[-0.040848,51.55213],[-0.040845,51.552122],[-0.040842,51.552117],[-0.040841,51.552114]]]}},{"type":"Feature","properties":{"LSOA21CD":"E01001734","LSOA21NM":"Hackney 017B","MEAN_PTAL_":"6a","mean_AI":27.1136750591,"borough":"Hackney"},"geometry":{"type":"Polygon","coordinates":[[[-0.048662,51.551921],[-0.048657,51.5519],[-0.048651,51.551878],[-0.048649,51.551871],[-0.04858,51.551878],[-0.048552,51.551881],[-0.0485,51.551886],[-0.048484,51.551888],[-0.048456,51.551891],[-0.048445,51.551892],[-0.04841,51.551895],[-0.048404,51.551896],[-0.048353,51.551901],[-0.048333,51.551903],[-0.048295,51.551907],[-0.04828,51.551908],[-0.048214,51.551915],[-0.048144,51.551922],[-0.0481,51.551927],[-0.048064,51.55193],[-0.048038,51.551933],[-0.048025,51.551934],[-0.047989,51.551938],[-0.047933,51.551944],[-0.047888,51.551948],[-0.047871,51.55195],[-0.047864,51.551951],[-0.047816,51.551955],[-0.047782,51.551959],[-0.04773,51.551964],[-0.04772,51.551965],[-0.0477,51.551967],[-0.047572,51.551979],[-0.047554,51.551981],[-0.04755,51.551981],[-0.047545,51.551982],[-0.047515,51.551984],[-0.047485,51.551987],[-0.047481,51.551988],[-0.04743,51.551993],[-0.047409,51.551995],[-0.047391,51.551997],[-0.047336,51.552002],[-0.047319,51.552003],[-0.047302,51.552005],[-0.047285,51.552007],[-0.047234,51.552012],[-0.047174,51.552018],[-0.047164,51.552019],[-0.047159,51.552019],[-0.04712,51.552023],[-0.047104,51.552024],[-0.047097,51.552025],[-0.047083,51.552026],[-0.047062,51.552028],[-0.047015,51.552033],[-0.047007,51.552034],[-0.046919,51.552042],[-0.046884,51.552046],[-0.046856,51.552048],[-0.046824,51.552051],[-0.04681,51.552053],[-0.0468,51.552054],[-0.046766,51.552057],[-0.046759,51.552058],[-0.046748,51.552059],[-0.046737,51.55206],[-0.046729,51.552061],[-0.046663,51.552046],[-0.046647,51.552042],[-0.046555,51.552031],[-0.046537,51.552025],[-0.046469,51.55198],[-0.046433,51.551937],[-0.046415,51.551899],[-0.046408,51.55179],[-0.046384,51.551403],[-0.046374,51.551253],[-0.046406,51.551249],[-0.04644,51.551242],[-0.046456,51.551238],[-0.046568,51.551216],[-0.046654,51.551199],[-0.046727,51.551182],[-0.046753,51.551175],[-0.046792,51.551187],[-0.046882,51.551219],[-0.046933,51.551237],[-0.046971,51.551253],[-0.047003,51.551269],[-0.047008,51.551271],[-0.047078,51.551301],[-0.047172,51.551346],[-0.047214,51.551366],[-0.047237,51.551374],[-0.04732,51.551402],[-0.047403,51.551431],[-0.04745,51.551444],[-0.047579,51.551522],[-0.047612,51.551536],[-0.047655,51.551554],[-0.047695,51.551567],[-0.047718,51.551574],[-0.047735,51.551579],[-0.047847,51.551607],[-0.047866,51.551609],[-0.047873,51.55161],[-0.048012,51.551614],[-0.048028,51.551613],[-0.04806,51.551611],[-0.048076,51.551609],[-0.04808,51.551609],[-0.048099,51.551607],[-0.048206,51.551591],[-0.048225,51.551586],[-0.048239,51.551586],[-0.048286,51.551585],[-0.048326,51.55158],[-0.048339,51.551578],[-0.048359,51.55158],[-0.04845,51.551577],[-0.048469,51.551575],[-0.04851,51.551569],[-0.048516,51.551569],[-0.04852,51.551569],[-0.048532,51.551568],[-0.048667,51.551561],[-0.04867,51.551567],[-0.04881,51.551554],[-0.049063,51.55153],[-0.04905,51.551478],[-0.049009,51.551307],[-0.049003,51.551285],[-0.048997,51.551271],[-0.048984,51.551243],[-0.048976,51.551196],[-0.048962,51.551167],[-0.048961,51.551164],[-0.048954,51.55115],[-0.048949,51.551139],[-0.048943,51.551126],[-0.048907,51.551049],[-0.048847,51.55092],[-0.049163,51.550853],[-0.049257,51.550797],[-0.049293,51.550754],[-0.04931,51.55074],[-0.049322,51.550729],[-0.049343,51.550729],[-0.049366,51.550729],[-0.049382,51.550726],[-0.049513,51.550701],[-0.049524,51.550703],[-0.049617,51.550716],[-0.049623,51.550716],[-0.049865,51.550703],[-0.049863,51.550699],[-0.049675,51.550347],[-0.049687,51.550344],[-0.049741,51.55033],[-0.049779,51.550326],[-0.049813,51.550336],[-0.049842,51.550345],[-0.049853,51.550349],[-0.049875,51.550359],[-0.049976,51.550385],[-0.050006,51.550388],[-0.05002,51.55039],[-0.050041,51.550395],[-0.050138,51.550422],[-0.050284,51.550415],[-0.050298,51.550415],[-0.050347,51.550624],[-0.050463,51.550613],[-0.050579,51.550581],[-0.050578,51.550545],[-0.05058,51.550547],[-0.050604,51.550567],[-0.050609,51.550569],[-0.050646,51.550585],[-0.050689,51.550595],[-0.050704,51.550595],[-0.051008,51.550544],[-0.051124,51.550525],[-0.051186,51.550514],[-0.051191,51.550509],[-0.051211,51.550506],[-0.051213,51.55051],[-0.051241,51.550504],[-0.051503,51.550471],[-0.051555,51.550505],[-0.051951,51.550761],[-0.052039,51.550746],[-0.052057,51.55074],[-0.05206,51.550664],[-0.052069,51.550467],[-0.051928,51.550304],[-0.051902,51.550274],[-0.051967,51.550244],[-0.052004,51.55023],[-0.052134,51.55019],[-0.052139,51.550189],[-0.052311,51.55015],[-0.052319,51.550149],[-0.052348,51.550147],[-0.052358,51.550147],[-0.052371,51.550148],[-0.05246,51.550152],[-0.05259,51.550159],[-0.052659,51.55017],[-0.053018,51.55012],[-0.053465,51.550057],[-0.053469,51.550026],[-0.053053,51.549846],[-0.052715,51.54944],[-0.052775,51.549371],[-0.052788,51.549357],[-0.052867,51.549286],[-0.052875,51.549279],[-0.052899,51.549261],[-0.052893,51.549245],[-0.052889,51.549229],[-0.052881,51.549192],[-0.052876,51.549168],[-0.052873,51.54914],[-0.052873,51.549125],[-0.052874,51.549117],[-0.05289,51.549039],[-0.052897,51.549008],[-0.0529,51.548999],[-0.052933,51.54892],[-0.052934,51.548917],[-0.052949,51.548891],[-0.052994,51.548812],[-0.053,51.548803],[-0.053393,51.548235],[-0.053528,51.548472],[-0.053532,51.54848],[-0.053635,51.548661],[-0.053802,51.548954],[-0.053874,51.549081],[-0.053886,51.549103],[-0.053952,51.549224],[-0.054046,51.549381],[-0.054093,51.549437],[-0.054105,51.549451],[-0.054111,51.549459],[-0.054126,51.549477],[-0.054283,51.549663],[-0.054303,51.549687],[-0.054354,51.549742],[-0.054366,51.549755],[-0.054394,51.549741],[-0.0544,51.549738],[-0.054447,51.549714],[-0.054527,51.549673],[-0.054561,51.54966],[-0.054891,51.549532],[-0.054927,51.549518],[-0.054955,51.549701],[-0.054981,51.549765],[-0.054997,51.549803],[-0.05504,51.5499],[-0.055051,51.549925],[-0.055071,51.54997],[-0.055086,51.550005],[-0.055088,51.550008],[-0.055109,51.550057],[-0.055137,51.550121],[-0.055143,51.550136],[-0.055182,51.550224],[-0.055186,51.550232],[-0.055187,51.550236],[-0.055221,51.550313],[-0.055228,51.550329],[-0.05523,51.550333],[-0.055257,51.550395],[-0.05526,51.550401],[-0.055284,51.550455],[-0.055287,51.550463],[-0.05529,51.550469],[-0.055292,51.550473],[-0.055302,51.550497],[-0.055304,51.550501],[-0.055305,51.550505],[-0.055321,51.550542],[-0.055329,51.550558],[-0.055339,51.550581],[-0.055347,51.5506],[-0.055354,51.550614],[-0.055359,51.550625],[-0.055362,51.550633],[-0.05537,51.550652],[-0.055375,51.550661],[-0.055388,51.550691],[-0.055393,51.550702],[-0.055405,51.55073],[-0.05541,51.55074],[-0.055427,51.550779],[-0.055429,51.550785],[-0.055449,51.550829],[-0.055451,51.550834],[-0.055484,51.550908],[-0.055485,51.550911],[-0.055489,51.550919],[-0.055492,51.550926],[-0.055515,51.550977],[-0.055516,51.55098],[-0.055531,51.551015],[-0.055541,51.551037],[-0.055558,51.551074],[-0.055564,51.551089],[-0.055572,51.551106],[-0.05558,51.551124],[-0.055585,51.551136],[-0.055608,51.551187],[-0.055611,51.551194],[-0.055619,51.551212],[-0.055644,51.551269],[-0.055659,51.551305],[-0.055668,51.551325],[-0.05567,51.551329],[-0.055698,51.551394],[-0.0557,51.551399],[-0.055706,51.551412],[-0.055708,51.551415],[-0.055711,51.551422],[-0.055717,51.551435],[-0.055732,51.551467],[-0.05576,51.551522],[-0.05577,51.551541],[-0.055773,51.551548],[-0.055777,51.551555],[-0.055808,51.551616],[-0.055835,51.551679],[-0.055838,51.551687],[-0.055839,51.55169],[-0.05586,51.551739],[-0.055887,51.551816],[-0.055889,51.55182],[-0.055924,51.551923],[-0.055926,51.551927],[-0.055928,51.551932],[-0.055932,51.551945],[-0.055959,51.55202],[-0.056016,51.552188],[-0.055845,51.552221],[-0.055658,51.552258],[-0.055643,51.552261],[-0.055579,51.552274],[-0.055553,51.552279],[-0.055502,51.552289],[-0.055483,51.552293],[-0.055471,51.552295],[-0.055409,51.552307],[-0.055359,51.552317],[-0.055286,51.552331],[-0.055272,51.552334],[-0.055215,51.552345],[-0.055203,51.552348],[-0.055154,51.552357],[-0.055141,51.55236],[-0.055135,51.552361],[-0.055097,51.552369],[-0.055092,51.55237],[-0.054915,51.552405],[-0.054909,51.552406],[-0.054904,51.552407],[-0.054895,51.552408],[-0.05477,51.552433],[-0.054756,51.552436],[-0.054733,51.55244],[-0.054654,51.552456],[-0.054599,51.552467],[-0.054589,51.552469],[-0.05443,51.5525],[-0.054425,51.552501],[-0.054413,51.552503],[-0.054339,51.552518],[-0.054319,51.552522],[-0.054305,51.552524],[-0.054286,51.552528],[-0.054212,51.552543],[-0.054133,51.552559],[-0.054094,51.552567],[-0.054086,51.552569],[-0.053954,51.552596],[-0.053894,51.552609],[-0.053881,51.552611],[-0.053807,51.552626],[-0.053799,51.552628],[-0.053738,51.552641],[-0.053702,51.552648],[-0.053695,51.55265],[-0.053598,51.55267],[-0.053593,51.552671],[-0.053567,51.552676],[-0.053425,51.552705],[-0.053408,51.552709],[-0.052954,51.552803],[-0.052949,51.552797],[-0.052942,51.552788],[-0.052938,51.552783],[-0.052936,51.552781],[-0.05289,51.552721],[-0.052882,51.552711],[-0.052877,51.552704],[-0.052861,51.552683],[-0.052851,51.55267],[-0.052843,51.552659],[-0.05284,51.552656],[-0.052798,51.552602],[-0.052761,51.552554],[-0.052747,51.552531],[-0.052743,51.552524],[-0.052729,51.552503],[-0.052727,51.5525],[-0.052702,51.55246],[-0.05264,51.552376],[-0.052582,51.55231],[-0.052538,51.552266],[-0.052532,51.552261],[-0.052524,51.552254],[-0.052463,51.552202],[-0.052459,51.552198],[-0.052438,51.552181],[-0.052426,51.552169],[-0.052379,51.552122],[-0.052333,51.552077],[-0.05233,51.552074],[-0.052283,51.552028],[-0.052274,51.552018],[-0.052262,51.552007],[-0.052223,51.55197],[-0.052191,51.551977],[-0.052133,51.55199],[-0.05178,51.552068],[-0.051762,51.552072],[-0.051689,51.552088],[-0.051577,51.552113],[-0.051534,51.552123],[-0.051518,51.552126],[-0.051509,51.552128],[-0.051497,51.552131],[-0.05143,51.552145],[-0.051425,51.552147],[-0.051408,51.55215],[-0.051375,51.552158],[-0.051364,51.55216],[-0.051355,51.552162],[-0.051286,51.552177],[-0.051278,51.552179],[-0.051261,51.552183],[-0.051225,51.552191],[-0.051213,51.552193],[-0.051162,51.552205],[-0.051136,51.55221],[-0.051129,51.552212],[-0.051096,51.552219],[-0.051081,51.552223],[-0.051058,51.552228],[-0.050992,51.552242],[-0.050985,51.552244],[-0.050965,51.552248],[-0.05094,51.552254],[-0.050931,51.552256],[-0.050826,51.552279],[-0.050749,51.552296],[-0.050745,51.552297],[-0.050734,51.552299],[-0.05058,51.552333],[-0.050559,51.552338],[-0.050542,51.552342],[-0.050469,51.552366],[-0.050457,51.55237],[-0.050396,51.552391],[-0.050371,51.552399],[-0.050341,51.552409],[-0.05033,51.552413],[-0.050237,51.552444],[-0.050226,51.552448],[-0.05022,51.55245],[-0.050205,51.552457],[-0.05017,51.552473],[-0.050133,51.55249],[-0.050126,51.552493],[-0.050098,51.552506],[-0.050047,51.552529],[-0.050039,51.552533],[-0.050013,51.552545],[-0.049993,51.552554],[-0.049982,51.552559],[-0.049966,51.552566],[-0.04993,51.552583],[-0.049922,51.552587],[-0.049841,51.552624],[-0.049836,51.552626],[-0.049832,51.552628],[-0.049786,51.552649],[-0.049775,51.552655],[-0.049757,51.552664],[-0.049736,51.552675],[-0.049684,51.552702],[-0.049629,51.552721],[-0.049624,51.552722],[-0.04956,51.552737],[-0.049494,51.552747],[-0.049411,51.552754],[-0.049382,51.552757],[-0.049374,51.552758],[-0.049368,51.552758],[-0.048992,51.552793],[-0.048903,51.552801],[-0.048891,51.552774],[-0.048888,51.552768],[-0.048885,51.552763],[-0.048862,51.552713],[-0.048851,51.552667],[-0.048848,51.552656],[-0.048845,51.552642],[-0.048835,51.552605],[-0.048827,51.55257],[-0.048818,51.552534],[-0.048815,51.552524],[-0.048812,51.55251],[-0.048806,51.552485],[-0.048801,51.552466],[-0.048791,51.552425],[-0.048779,51.552378],[-0.048771,51.552347],[-0.048759,51.552297],[-0.048733,51.552194],[-0.048729,51.552177],[-0.048728,51.552172],[-0.048726,51.552166],[-0.048723,51.552153],[-0.048681,51.551993],[-0.048673,51.551961],[-0.048664,51.551926],[-0.048662,51.551921]]]}},{"type":"Feature","properties":{"LSOA21CD":"E01001735","LSOA21NM":"Hackney 019D","MEAN_PTAL_":"6a","mean_AI":25.9741572436,"borough":"Hackney"},"geometry":{"type":"Polygon","coordinates":[[[-0.047718,51.551574],[-0.047695,51.551567],[-0.047655,51.551554],[-0.047612,51.551536],[-0.047579,51.551522],[-0.04745,51.551444],[-0.047403,51.551431],[-0.04732,51.551402],[-0.047237,51.551374],[-0.047214,51.551366],[-0.047172,51.551346],[-0.047078,51.551301],[-0.047008,51.551271],[-0.047003,51.551269],[-0.046971,51.551253],[-0.046933,51.551237],[-0.046882,51.551219],[-0.046792,51.551187],[-0.046753,51.551175],[-0.046804,51.551051],[-0.046813,51.551013],[-0.046853,51.550848],[-0.046856,51.550837],[-0.046856,51.550833],[-0.046856,51.550819],[-0.046855,51.550802],[-0.046853,51.550769],[-0.046853,51.550756],[-0.046829,51.55059],[-0.046828,51.550586],[-0.046766,51.550429],[-0.046981,51.55038],[-0.047316,51.550305],[-0.047214,51.550087],[-0.047193,51.550042],[-0.047169,51.54999],[-0.04715,51.549949],[-0.047146,51.549941],[-0.047104,51.54985],[-0.047087,51.549815],[-0.047086,51.549812],[-0.047084,51.549809],[-0.046881,51.549374],[-0.046874,51.549359],[-0.046892,51.549351],[-0.046888,51.549336],[-0.04688,51.549308],[-0.04689,51.549306],[-0.0471,51.549264],[-0.047126,51.549259],[-0.04714,51.549259],[-0.047273,51.549235],[-0.047504,51.549193],[-0.04756,51.549183],[-0.04785,51.54913],[-0.047914,51.549118],[-0.047998,51.549102],[-0.04814,51.549069],[-0.048149,51.549067],[-0.048207,51.549053],[-0.048246,51.549044],[-0.048158,51.548913],[-0.048153,51.548904],[-0.048146,51.548895],[-0.048074,51.548787],[-0.048069,51.54878],[-0.048054,51.548741],[-0.04803,51.548685],[-0.048105,51.54868],[-0.048193,51.548674],[-0.048324,51.548666],[-0.04838,51.548631],[-0.048486,51.548603],[-0.048515,51.54859],[-0.04863,51.548539],[-0.048703,51.548447],[-0.048884,51.548394],[-0.048893,51.548392],[-0.048936,51.548353],[-0.049004,51.548292],[-0.04905,51.548248],[-0.048881,51.54822],[-0.048801,51.548207],[-0.048486,51.548164],[-0.04832,51.547949],[-0.048431,51.547836],[-0.048449,51.547818],[-0.048457,51.547819],[-0.048792,51.547845],[-0.048983,51.54786],[-0.049157,51.547873],[-0.049224,51.547967],[-0.04923,51.547965],[-0.049241,51.547962],[-0.049317,51.547937],[-0.049327,51.547695],[-0.049328,51.547673],[-0.049329,51.547668],[-0.049329,51.547338],[-0.049329,51.547317],[-0.04933,51.547304],[-0.049413,51.547306],[-0.049529,51.547309],[-0.049626,51.547312],[-0.04969,51.547313],[-0.049762,51.547315],[-0.049829,51.547317],[-0.05004,51.547322],[-0.05004,51.547316],[-0.050034,51.547166],[-0.050034,51.547145],[-0.050087,51.547148],[-0.050093,51.547146],[-0.050104,51.547143],[-0.050216,51.547152],[-0.05027,51.547153],[-0.05029,51.547153],[-0.050295,51.547153],[-0.050367,51.547154],[-0.050389,51.547155],[-0.05044,51.54715],[-0.050478,51.547146],[-0.050635,51.547132],[-0.050664,51.547126],[-0.050737,51.547113],[-0.050802,51.5471],[-0.050833,51.547094],[-0.050882,51.547083],[-0.050917,51.547074],[-0.051011,51.547052],[-0.051026,51.547049],[-0.05111,51.54703],[-0.051117,51.547029],[-0.051112,51.547033],[-0.051108,51.547037],[-0.050933,51.547208],[-0.050875,51.547264],[-0.05087,51.547269],[-0.050874,51.547271],[-0.050878,51.547272],[-0.050894,51.547278],[-0.050943,51.547293],[-0.050981,51.547305],[-0.051069,51.547326],[-0.051078,51.547329],[-0.051095,51.547332],[-0.051127,51.547338],[-0.051154,51.547341],[-0.051168,51.547343],[-0.051228,51.547347],[-0.0512,51.547326],[-0.05129,51.547326],[-0.051304,51.547345],[-0.051308,51.547351],[-0.051331,51.547381],[-0.051505,51.547613],[-0.051521,51.547639],[-0.051579,51.547731],[-0.051592,51.547753],[-0.051658,51.547828],[-0.051675,51.547847],[-0.051686,51.54786],[-0.051799,51.547988],[-0.05183,51.548023],[-0.051915,51.54812],[-0.052134,51.548083],[-0.0531,51.547919],[-0.0532,51.547894],[-0.053369,51.548193],[-0.053393,51.548235],[-0.053,51.548803],[-0.052994,51.548812],[-0.052949,51.548891],[-0.052934,51.548917],[-0.052933,51.54892],[-0.0529,51.548999],[-0.052897,51.549008],[-0.05289,51.549039],[-0.052874,51.549117],[-0.052873,51.549125],[-0.052873,51.54914],[-0.052876,51.549168],[-0.052881,51.549192],[-0.052889,51.549229],[-0.052893,51.549245],[-0.052899,51.549261],[-0.052875,51.549279],[-0.052867,51.549286],[-0.052788,51.549357],[-0.052775,51.549371],[-0.052715,51.54944],[-0.053053,51.549846],[-0.053469,51.550026],[-0.053465,51.550057],[-0.053018,51.55012],[-0.052659,51.55017],[-0.05259,51.550159],[-0.05246,51.550152],[-0.052371,51.550148],[-0.052358,51.550147],[-0.052348,51.550147],[-0.052319,51.550149],[-0.052311,51.55015],[-0.052139,51.550189],[-0.052134,51.55019],[-0.052004,51.55023],[-0.051967,51.550244],[-0.051902,51.550274],[-0.051928,51.550304],[-0.052069,51.550467],[-0.05206,51.550664],[-0.052057,51.55074],[-0.052039,51.550746],[-0.051951,51.550761],[-0.051555,51.550505],[-0.051503,51.550471],[-0.051241,51.550504],[-0.051213,51.55051],[-0.051211,51.550506],[-0.051191,51.550509],[-0.051186,51.550514],[-0.051124,51.550525],[-0.051008,51.550544],[-0.050704,51.550595],[-0.050689,51.550595],[-0.050646,51.550585],[-0.050609,51.550569],[-0.050604,51.550567],[-0.05058,51.550547],[-0.050578,51.550545],[-0.050579,51.550581],[-0.050463,51.550613],[-0.050347,51.550624],[-0.050298,51.550415],[-0.050284,51.550415],[-0.050138,51.550422],[-0.050041,51.550395],[-0.05002,51.55039],[-0.050006,51.550388],[-0.049976,51.550385],[-0.049875,51.550359],[-0.049853,51.550349],[-0.049842,51.550345],[-0.049813,51.550336],[-0.049779,51.550326],[-0.049741,51.55033],[-0.049687,51.550344],[-0.049675,51.550347],[-0.049863,51.550699],[-0.049865,51.550703],[-0.049623,51.550716],[-0.049617,51.550716],[-0.049524,51.550703],[-0.049513,51.550701],[-0.049382,51.550726],[-0.049366,51.550729],[-0.049343,51.550729],[-0.049322,51.550729],[-0.04931,51.55074],[-0.049293,51.550754],[-0.049257,51.550797],[-0.049163,51.550853],[-0.048847,51.55092],[-0.048907,51.551049],[-0.048943,51.551126],[-0.048949,51.551139],[-0.048954,51.55115],[-0.048961,51.551164],[-0.048962,51.551167],[-0.048976,51.551196],[-0.048984,51.551243],[-0.048997,51.551271],[-0.049003,51.551285],[-0.049009,51.551307],[-0.04905,51.551478],[-0.049063,51.55153],[-0.04881,51.551554],[-0.04867,51.551567],[-0.048667,51.551561],[-0.048532,51.551568],[-0.04852,51.551569],[-0.048516,51.551569],[-0.04851,51.551569],[-0.048469,51.551575],[-0.04845,51.551577],[-0.048359,51.55158],[-0.048339,51.551578],[-0.048326,51.55158],[-0.048286,51.551585],[-0.048239,51.551586],[-0.048225,51.551586],[-0.048206,51.551591],[-0.048099,51.551607],[-0.04808,51.551609],[-0.048076,51.551609],[-0.04806,51.551611],[-0.048028,51.551613],[-0.048012,51.551614],[-0.047873,51.55161],[-0.047866,51.551609],[-0.047847,51.551607],[-0.047735,51.551579],[-0.047718,51.551574]]]}},{"type":"Feature","properties":{"LSOA21CD":"E01001736","LSOA21NM":"Hackney 012A","MEAN_PTAL_":"3","mean_AI":10.2237691774,"borough":"Hackney"},"geometry":{"type":"Polygon","coordinates":[[[-0.080296,51.559207],[-0.080286,51.559205],[-0.080284,51.559208],[-0.080258,51.559257],[-0.080253,51.559275],[-0.080249,51.559239],[-0.080246,51.559208],[-0.080244,51.559189],[-0.080243,51.559183],[-0.080242,51.559176],[-0.080242,51.559167],[-0.080235,51.559106],[-0.080232,51.55908],[-0.08023,51.559054],[-0.080225,51.55901],[-0.080223,51.558993],[-0.08022,51.558964],[-0.080218,51.558951],[-0.080214,51.558906],[-0.080212,51.55889],[-0.080208,51.558853],[-0.080205,51.55882],[-0.080204,51.558816],[-0.080202,51.558798],[-0.080198,51.558775],[-0.080197,51.558771],[-0.080196,51.558766],[-0.080183,51.558693],[-0.080183,51.55869],[-0.080175,51.558644],[-0.080173,51.558634],[-0.080171,51.558623],[-0.080166,51.558599],[-0.080158,51.558554],[-0.080152,51.558519],[-0.08015,51.558509],[-0.080149,51.558505],[-0.080147,51.558491],[-0.080144,51.558473],[-0.08014,51.558435],[-0.080137,51.558399],[-0.080134,51.55836],[-0.080131,51.558329],[-0.08013,51.558317],[-0.080124,51.558243],[-0.080124,51.558239],[-0.08012,51.558198],[-0.080117,51.558162],[-0.080117,51.558158],[-0.080115,51.558145],[-0.080113,51.558122],[-0.080109,51.558072],[-0.080106,51.558035],[-0.080105,51.558023],[-0.080103,51.558007],[-0.080102,51.55799],[-0.080052,51.557946],[-0.080049,51.557943],[-0.079744,51.557935],[-0.079677,51.557972],[-0.079672,51.557975],[-0.079657,51.557968],[-0.079544,51.557914],[-0.079487,51.5579],[-0.079457,51.557897],[-0.079425,51.557894],[-0.07923,51.557937],[-0.079216,51.557923],[-0.079181,51.557885],[-0.078791,51.5579],[-0.078811,51.557871],[-0.078812,51.557868],[-0.078815,51.557858],[-0.078835,51.557777],[-0.078838,51.557765],[-0.078851,51.557664],[-0.078854,51.557639],[-0.078856,51.557625],[-0.078857,51.557613],[-0.078858,51.557609],[-0.078864,51.557556],[-0.078865,51.557552],[-0.078866,51.557548],[-0.078868,51.55753],[-0.078872,51.557496],[-0.078876,51.557465],[-0.07888,51.557441],[-0.078891,51.557365],[-0.078898,51.557317],[-0.078901,51.557293],[-0.078902,51.557286],[-0.078903,51.557282],[-0.078905,51.557266],[-0.078912,51.557219],[-0.078917,51.557188],[-0.078919,51.557174],[-0.078924,51.557136],[-0.078927,51.55712],[-0.078927,51.557114],[-0.078928,51.557109],[-0.078946,51.556988],[-0.078947,51.556981],[-0.078953,51.556942],[-0.078954,51.556932],[-0.07896,51.556892],[-0.07897,51.55683],[-0.07897,51.556827],[-0.078971,51.556822],[-0.078978,51.556778],[-0.078985,51.556731],[-0.078987,51.556723],[-0.078988,51.556715],[-0.078994,51.556675],[-0.078997,51.556659],[-0.079004,51.556617],[-0.079006,51.556601],[-0.079007,51.556597],[-0.079008,51.556592],[-0.079012,51.556565],[-0.079012,51.556561],[-0.07902,51.556512],[-0.079029,51.556457],[-0.079052,51.556317],[-0.079059,51.556274],[-0.079065,51.556233],[-0.079068,51.556217],[-0.079075,51.556174],[-0.079087,51.556098],[-0.079088,51.556093],[-0.079097,51.556032],[-0.079105,51.555978],[-0.079111,51.555936],[-0.079121,51.555873],[-0.07913,51.555812],[-0.07914,51.555747],[-0.07915,51.555687],[-0.079151,51.555678],[-0.079155,51.555647],[-0.079164,51.55559],[-0.079165,51.555585],[-0.079165,51.555579],[-0.079172,51.555535],[-0.079176,51.55551],[-0.079177,51.5555],[-0.079181,51.55548],[-0.079183,51.555464],[-0.079185,51.555452],[-0.079194,51.555389],[-0.079202,51.555336],[-0.079203,51.55533],[-0.079212,51.555272],[-0.079214,51.555256],[-0.07922,51.55522],[-0.079231,51.555147],[-0.079234,51.555126],[-0.07923,51.555123],[-0.079208,51.555104],[-0.079198,51.555095],[-0.079192,51.555071],[-0.079185,51.555043],[-0.07919,51.554978],[-0.07919,51.554972],[-0.0792,51.554905],[-0.079203,51.554891],[-0.079205,51.554885],[-0.079224,51.554805],[-0.079227,51.554793],[-0.079231,51.554778],[-0.079205,51.554775],[-0.079189,51.554773],[-0.079187,51.55476],[-0.079174,51.554748],[-0.079176,51.554739],[-0.079181,51.554713],[-0.079183,51.554704],[-0.079187,51.554681],[-0.079189,51.554667],[-0.079209,51.554563],[-0.079214,51.554537],[-0.07923,51.554454],[-0.079236,51.554421],[-0.079251,51.554346],[-0.079311,51.554117],[-0.079331,51.554125],[-0.07971,51.55417],[-0.080067,51.554212],[-0.080424,51.554254],[-0.080424,51.554257],[-0.080393,51.554311],[-0.080386,51.554323],[-0.080166,51.554521],[-0.080039,51.554637],[-0.080192,51.554696],[-0.080226,51.554708],[-0.080233,51.55471],[-0.080562,51.554781],[-0.080737,51.55479],[-0.08097,51.554774],[-0.081058,51.554793],[-0.081117,51.554801],[-0.081212,51.554811],[-0.081272,51.554815],[-0.081352,51.554815],[-0.081466,51.554812],[-0.081589,51.5548],[-0.081611,51.554798],[-0.08184,51.55476],[-0.081849,51.554758],[-0.081887,51.554608],[-0.082018,51.554619],[-0.082256,51.554639],[-0.082281,51.554641],[-0.082316,51.554638],[-0.082368,51.554634],[-0.082412,51.554625],[-0.082456,51.554608],[-0.082485,51.554591],[-0.082486,51.554573],[-0.08249,51.554557],[-0.082545,51.554538],[-0.082992,51.554358],[-0.082984,51.554383],[-0.082956,51.554497],[-0.082787,51.555168],[-0.082753,51.555304],[-0.082742,51.55535],[-0.082719,51.555412],[-0.082675,51.555466],[-0.08267,51.555482],[-0.082668,51.555491],[-0.082688,51.555522],[-0.082662,51.555674],[-0.082656,51.55571],[-0.082654,51.555717],[-0.082612,51.556031],[-0.08258,51.556221],[-0.082571,51.556277],[-0.082564,51.556299],[-0.082559,51.556318],[-0.082559,51.556341],[-0.082559,51.556349],[-0.082552,51.556369],[-0.082551,51.556379],[-0.082544,51.556398],[-0.082539,51.556436],[-0.082542,51.556452],[-0.082537,51.556479],[-0.082532,51.556492],[-0.082524,51.55655],[-0.082502,51.556663],[-0.082486,51.556744],[-0.082482,51.556753],[-0.082167,51.55666],[-0.082056,51.556586],[-0.082023,51.55657],[-0.082,51.556588],[-0.081967,51.556627],[-0.081921,51.556663],[-0.08185,51.556699],[-0.08172,51.556728],[-0.081598,51.556732],[-0.081555,51.556729],[-0.081552,51.556733],[-0.081512,51.556764],[-0.081494,51.556785],[-0.081449,51.556858],[-0.081445,51.556882],[-0.081459,51.556964],[-0.081063,51.556913],[-0.081047,51.556911],[-0.081057,51.556926],[-0.081048,51.557042],[-0.081044,51.557102],[-0.081026,51.557102],[-0.080936,51.557101],[-0.080921,51.557198],[-0.080902,51.557309],[-0.080611,51.557307],[-0.080497,51.557306],[-0.080485,51.557386],[-0.080472,51.557478],[-0.080476,51.557482],[-0.080788,51.557514],[-0.080826,51.557505],[-0.080836,51.557502],[-0.0809,51.55748],[-0.080932,51.557464],[-0.080951,51.557455],[-0.080961,51.55745],[-0.080974,51.557446],[-0.081003,51.557433],[-0.081012,51.557429],[-0.081069,51.557401],[-0.081131,51.557428],[-0.081208,51.557464],[-0.081216,51.557465],[-0.081273,51.557476],[-0.081296,51.557481],[-0.081314,51.557484],[-0.081346,51.557488],[-0.081366,51.557491],[-0.081398,51.557493],[-0.08146,51.557493],[-0.081517,51.557489],[-0.081523,51.557489],[-0.081541,51.557495],[-0.081562,51.557501],[-0.081586,51.557508],[-0.081641,51.55752],[-0.081665,51.557523],[-0.081671,51.557524],[-0.081677,51.557527],[-0.081688,51.557533],[-0.081726,51.557549],[-0.081731,51.557551],[-0.08181,51.557575],[-0.081823,51.557578],[-0.081944,51.557602],[-0.081958,51.557625],[-0.081958,51.557681],[-0.081947,51.557696],[-0.081852,51.55783],[-0.081847,51.557831],[-0.081849,51.557839],[-0.08185,51.557844],[-0.081829,51.557843],[-0.081713,51.557835],[-0.081664,51.557832],[-0.081584,51.557826],[-0.081555,51.557824],[-0.081549,51.557824],[-0.081498,51.557821],[-0.081454,51.557818],[-0.08138,51.557813],[-0.081333,51.55781],[-0.081283,51.557806],[-0.081228,51.557803],[-0.081216,51.557802],[-0.0812,51.557799],[-0.081121,51.557794],[-0.081049,51.55779],[-0.080989,51.557787],[-0.080966,51.557785],[-0.080953,51.557784],[-0.080979,51.557984],[-0.08098,51.557989],[-0.080987,51.558046],[-0.08099,51.558063],[-0.080995,51.558105],[-0.080996,51.558109],[-0.080996,51.558117],[-0.081001,51.558175],[-0.081002,51.558186],[-0.081005,51.558222],[-0.081006,51.558231],[-0.081009,51.558261],[-0.081011,51.558289],[-0.081016,51.558348],[-0.081017,51.558357],[-0.081022,51.558411],[-0.081025,51.558444],[-0.081026,51.558456],[-0.081027,51.558476],[-0.081034,51.55856],[-0.081036,51.558569],[-0.081038,51.558592],[-0.081039,51.5586],[-0.081045,51.558648],[-0.081051,51.558702],[-0.081059,51.558771],[-0.081066,51.558832],[-0.081076,51.55892],[-0.081077,51.558929],[-0.081079,51.558945],[-0.081081,51.558965],[-0.081084,51.558995],[-0.081086,51.559006],[-0.081089,51.559033],[-0.081098,51.559109],[-0.081103,51.559154],[-0.081098,51.559154],[-0.080736,51.559209],[-0.080725,51.55921],[-0.080725,51.559215],[-0.080722,51.559265],[-0.080722,51.559277],[-0.080691,51.559335],[-0.080688,51.559338],[-0.080669,51.559334],[-0.080392,51.559232],[-0.080301,51.559208],[-0.080296,51.559207]]]}},{"type":"Feature","properties":{"LSOA21CD":"E01001737","LSOA21NM":"Hackney 012B","MEAN_PTAL_":"2","mean_AI":8.58796659868,"borough":"Hackney"},"geometry":{"type":"Polygon","coordinates":[[[-0.083724,51.558464],[-0.083601,51.558258],[-0.083554,51.558179],[-0.083273,51.558087],[-0.083275,51.558044],[-0.083283,51.557876],[-0.08329,51.557846],[-0.083298,51.557815],[-0.083298,51.557812],[-0.08332,51.557757],[-0.083371,51.557673],[-0.083339,51.557663],[-0.083182,51.55761],[-0.083164,51.557438],[-0.08317,51.557431],[-0.083175,51.557427],[-0.083259,51.557238],[-0.083308,51.557257],[-0.083685,51.557402],[-0.083681,51.557377],[-0.08372,51.557332],[-0.083731,51.557319],[-0.083806,51.55725],[-0.083829,51.557234],[-0.083838,51.557229],[-0.08388,51.557208],[-0.083883,51.557169],[-0.083893,51.557145],[-0.083902,51.557122],[-0.083951,51.557056],[-0.08397,51.557044],[-0.084014,51.557016],[-0.084165,51.556961],[-0.084187,51.556953],[-0.084161,51.556947],[-0.084033,51.556891],[-0.083991,51.556854],[-0.08395,51.556818],[-0.083933,51.556795],[-0.083917,51.556775],[-0.083933,51.556767],[-0.083974,51.556744],[-0.084008,51.556734],[-0.084113,51.556703],[-0.084243,51.556674],[-0.084457,51.556625],[-0.084667,51.556578],[-0.084854,51.556568],[-0.085218,51.55655],[-0.085308,51.556546],[-0.085346,51.556544],[-0.085359,51.556544],[-0.085822,51.55656],[-0.085865,51.556561],[-0.085879,51.556561],[-0.086073,51.556581],[-0.086453,51.55662],[-0.08655,51.556633],[-0.08684,51.556685],[-0.087054,51.556743],[-0.087061,51.556736],[-0.087097,51.556748],[-0.087448,51.55686],[-0.087475,51.556859],[-0.087568,51.556886],[-0.087653,51.556923],[-0.087662,51.556926],[-0.087681,51.55691],[-0.08769,51.556908],[-0.087682,51.556906],[-0.087696,51.556892],[-0.087752,51.556836],[-0.087737,51.556837],[-0.087667,51.556839],[-0.087624,51.556806],[-0.087608,51.556797],[-0.087238,51.556591],[-0.087255,51.556545],[-0.087264,51.556517],[-0.087295,51.556505],[-0.087476,51.556327],[-0.087501,51.556302],[-0.087936,51.555871],[-0.087986,51.555821],[-0.088048,51.555761],[-0.088092,51.555725],[-0.088139,51.555702],[-0.088168,51.555724],[-0.088531,51.555993],[-0.088592,51.55596],[-0.088659,51.555978],[-0.088644,51.556064],[-0.088579,51.556106],[-0.088557,51.556121],[-0.088471,51.556197],[-0.088461,51.556208],[-0.088421,51.556264],[-0.088386,51.556325],[-0.088366,51.556376],[-0.088363,51.556384],[-0.088328,51.556402],[-0.088319,51.556406],[-0.088223,51.556471],[-0.088212,51.55648],[-0.088205,51.556485],[-0.088189,51.5565],[-0.088248,51.556492],[-0.088574,51.556493],[-0.088654,51.556493],[-0.088688,51.556492],[-0.088756,51.556515],[-0.088758,51.556518],[-0.088808,51.556584],[-0.088831,51.556613],[-0.088925,51.556733],[-0.088942,51.556739],[-0.089148,51.556813],[-0.08915,51.556818],[-0.089185,51.556888],[-0.089714,51.55693],[-0.089723,51.55692],[-0.089809,51.556826],[-0.089816,51.556826],[-0.090308,51.556814],[-0.090326,51.556813],[-0.090331,51.556869],[-0.090341,51.556997],[-0.090346,51.557063],[-0.090347,51.557072],[-0.090363,51.557272],[-0.090365,51.5573],[-0.090369,51.557347],[-0.090372,51.557385],[-0.090374,51.55741],[-0.090377,51.55744],[-0.090382,51.5575],[-0.090384,51.55753],[-0.090389,51.557595],[-0.090395,51.557673],[-0.090205,51.557751],[-0.090139,51.557778],[-0.090119,51.557786],[-0.090112,51.557789],[-0.089912,51.557872],[-0.089875,51.557887],[-0.089867,51.55789],[-0.089861,51.557893],[-0.089757,51.557935],[-0.089676,51.557968],[-0.089645,51.557983],[-0.089578,51.558014],[-0.08943,51.558082],[-0.08935,51.558119],[-0.089198,51.55819],[-0.089063,51.558252],[-0.089006,51.558278],[-0.088956,51.558301],[-0.0888,51.558405],[-0.088793,51.558411],[-0.088736,51.558448],[-0.08834,51.558713],[-0.088271,51.558759],[-0.088193,51.558799],[-0.087701,51.558356],[-0.087432,51.558358],[-0.08723,51.558417],[-0.087089,51.558458],[-0.086682,51.558577],[-0.086602,51.558542],[-0.086578,51.558531],[-0.086528,51.558509],[-0.086475,51.558486],[-0.086468,51.558482],[-0.086372,51.558444],[-0.086343,51.558432],[-0.086326,51.558426],[-0.086253,51.558403],[-0.086201,51.558387],[-0.086154,51.558402],[-0.086149,51.558404],[-0.085917,51.558479],[-0.085929,51.558513],[-0.085938,51.558538],[-0.085945,51.558596],[-0.08595,51.558649],[-0.085681,51.5587],[-0.085581,51.558719],[-0.085534,51.558727],[-0.085218,51.558786],[-0.085074,51.558813],[-0.084863,51.558853],[-0.084897,51.558908],[-0.084907,51.558924],[-0.084947,51.558988],[-0.084994,51.559065],[-0.085004,51.559081],[-0.085027,51.559118],[-0.085001,51.559139],[-0.084995,51.559136],[-0.084931,51.559103],[-0.084732,51.559001],[-0.084726,51.558998],[-0.084548,51.558907],[-0.084215,51.558736],[-0.084113,51.558684],[-0.083842,51.558662],[-0.083795,51.558583],[-0.083724,51.558464]]]}},{"type":"Feature","properties":{"LSOA21CD":"E01001741","LSOA21NM":"Hackney 009A","MEAN_PTAL_":"3","mean_AI":11.2012104271,"borough":"Hackney"},"geometry":{"type":"Polygon","coordinates":[[[-0.078941,51.561249],[-0.078935,51.561192],[-0.078925,51.561192],[-0.078687,51.561198],[-0.078603,51.5612],[-0.078485,51.561203],[-0.078485,51.561158],[-0.078485,51.561147],[-0.078485,51.561141],[-0.078484,51.561064],[-0.078484,51.561058],[-0.078484,51.56105],[-0.078484,51.560992],[-0.078481,51.560956],[-0.07848,51.560941],[-0.078479,51.56093],[-0.078479,51.560927],[-0.078474,51.560865],[-0.078473,51.56086],[-0.078469,51.560824],[-0.078468,51.560814],[-0.078467,51.560806],[-0.078458,51.560726],[-0.078456,51.560713],[-0.078456,51.560696],[-0.078456,51.560686],[-0.078457,51.560667],[-0.078457,51.560624],[-0.078457,51.560613],[-0.078457,51.560574],[-0.078458,51.560539],[-0.078458,51.560523],[-0.078458,51.560499],[-0.078458,51.560496],[-0.078458,51.560476],[-0.078458,51.560467],[-0.078459,51.560438],[-0.078459,51.560431],[-0.078459,51.560387],[-0.078508,51.560385],[-0.07852,51.560385],[-0.078527,51.560385],[-0.078577,51.560383],[-0.078611,51.560382],[-0.078638,51.560381],[-0.078656,51.56038],[-0.078664,51.56038],[-0.07889,51.560372],[-0.078892,51.56032],[-0.078896,51.560092],[-0.078896,51.560088],[-0.078896,51.560081],[-0.078897,51.56006],[-0.07889,51.56006],[-0.078874,51.56006],[-0.078859,51.560061],[-0.078824,51.560061],[-0.078786,51.560062],[-0.078712,51.560064],[-0.078625,51.560065],[-0.07861,51.560066],[-0.078601,51.560066],[-0.078598,51.560038],[-0.078596,51.560026],[-0.078586,51.559927],[-0.078586,51.559922],[-0.078582,51.559893],[-0.078577,51.55984],[-0.078576,51.559836],[-0.078575,51.559825],[-0.078574,51.559809],[-0.078569,51.559769],[-0.078567,51.559748],[-0.078567,51.559742],[-0.078563,51.559706],[-0.078562,51.559697],[-0.078558,51.559659],[-0.078557,51.559655],[-0.078554,51.559625],[-0.078553,51.559608],[-0.078551,51.559598],[-0.07855,51.55958],[-0.078549,51.559572],[-0.078545,51.559539],[-0.078502,51.559537],[-0.078501,51.559531],[-0.078501,51.559521],[-0.0785,51.55951],[-0.078498,51.559494],[-0.078497,51.559476],[-0.078496,51.559472],[-0.078495,51.559458],[-0.078494,51.559442],[-0.078489,51.55939],[-0.078488,51.559385],[-0.078487,51.559368],[-0.078483,51.559328],[-0.078482,51.559314],[-0.078481,51.559298],[-0.078477,51.559255],[-0.078476,51.559246],[-0.078474,51.559226],[-0.078474,51.559224],[-0.078471,51.559189],[-0.078469,51.559169],[-0.078468,51.559158],[-0.078467,51.559147],[-0.078467,51.559144],[-0.078466,51.559135],[-0.078465,51.559127],[-0.078462,51.559086],[-0.07846,51.559071],[-0.07846,51.559061],[-0.078458,51.559039],[-0.078455,51.559012],[-0.078453,51.558983],[-0.078451,51.558967],[-0.07845,51.558956],[-0.078449,51.558944],[-0.078449,51.558941],[-0.078443,51.558878],[-0.078439,51.558835],[-0.078439,51.558832],[-0.078435,51.558791],[-0.078433,51.558763],[-0.078432,51.558751],[-0.078431,51.558743],[-0.078429,51.558724],[-0.078429,51.558719],[-0.078426,51.558682],[-0.078424,51.558662],[-0.078423,51.558652],[-0.078423,51.558648],[-0.078422,51.558637],[-0.078421,51.558627],[-0.078418,51.558595],[-0.078416,51.558575],[-0.078416,51.55857],[-0.078412,51.558535],[-0.078409,51.558494],[-0.078408,51.558485],[-0.078408,51.558481],[-0.078404,51.558436],[-0.078403,51.558433],[-0.0784,51.5584],[-0.0784,51.558397],[-0.078399,51.558386],[-0.078395,51.558336],[-0.078391,51.558293],[-0.078391,51.558291],[-0.078389,51.558278],[-0.078387,51.558254],[-0.078387,51.558246],[-0.078386,51.558242],[-0.078385,51.558228],[-0.078383,51.558204],[-0.078382,51.558199],[-0.07838,51.558181],[-0.078377,51.558146],[-0.078376,51.55814],[-0.078413,51.558101],[-0.078425,51.558096],[-0.078429,51.558094],[-0.078446,51.558087],[-0.078495,51.558066],[-0.078543,51.558046],[-0.078561,51.558038],[-0.078594,51.558024],[-0.078623,51.558012],[-0.078674,51.55799],[-0.07869,51.557981],[-0.07872,51.557962],[-0.078758,51.557938],[-0.078768,51.557932],[-0.078791,51.5579],[-0.079181,51.557885],[-0.079216,51.557923],[-0.07923,51.557937],[-0.079425,51.557894],[-0.079457,51.557897],[-0.079487,51.5579],[-0.079544,51.557914],[-0.079657,51.557968],[-0.079672,51.557975],[-0.079677,51.557972],[-0.079744,51.557935],[-0.080049,51.557943],[-0.080052,51.557946],[-0.080102,51.55799],[-0.080103,51.558007],[-0.080105,51.558023],[-0.080106,51.558035],[-0.080109,51.558072],[-0.080113,51.558122],[-0.080115,51.558145],[-0.080117,51.558158],[-0.080117,51.558162],[-0.08012,51.558198],[-0.080124,51.558239],[-0.080124,51.558243],[-0.08013,51.558317],[-0.080131,51.558329],[-0.080134,51.55836],[-0.080137,51.558399],[-0.08014,51.558435],[-0.080144,51.558473],[-0.080147,51.558491],[-0.080149,51.558505],[-0.08015,51.558509],[-0.080152,51.558519],[-0.080158,51.558554],[-0.080166,51.558599],[-0.080171,51.558623],[-0.080173,51.558634],[-0.080175,51.558644],[-0.080183,51.55869],[-0.080183,51.558693],[-0.080196,51.558766],[-0.080197,51.558771],[-0.080198,51.558775],[-0.080202,51.558798],[-0.080204,51.558816],[-0.080205,51.55882],[-0.080208,51.558853],[-0.080212,51.55889],[-0.080214,51.558906],[-0.080218,51.558951],[-0.08022,51.558964],[-0.080223,51.558993],[-0.080225,51.55901],[-0.08023,51.559054],[-0.080232,51.55908],[-0.080235,51.559106],[-0.080242,51.559167],[-0.080242,51.559176],[-0.080243,51.559183],[-0.080244,51.559189],[-0.080246,51.559208],[-0.080249,51.559239],[-0.080253,51.559275],[-0.080258,51.559257],[-0.080284,51.559208],[-0.080286,51.559205],[-0.080296,51.559207],[-0.080301,51.559208],[-0.080392,51.559232],[-0.080669,51.559334],[-0.080688,51.559338],[-0.08069,51.559345],[-0.080691,51.559354],[-0.080695,51.559377],[-0.080696,51.559384],[-0.080697,51.55939],[-0.080694,51.559401],[-0.080699,51.559455],[-0.080697,51.559459],[-0.080698,51.559468],[-0.080703,51.559517],[-0.080704,51.559526],[-0.080704,51.559531],[-0.080709,51.559542],[-0.080716,51.559615],[-0.080719,51.559617],[-0.080736,51.559627],[-0.080743,51.55963],[-0.08078,51.559644],[-0.080795,51.55965],[-0.080973,51.559643],[-0.080976,51.559676],[-0.08098,51.559719],[-0.081029,51.559775],[-0.081203,51.559841],[-0.081207,51.559852],[-0.08122,51.559889],[-0.081224,51.5599],[-0.081214,51.559904],[-0.081212,51.559907],[-0.081209,51.559913],[-0.081201,51.55991],[-0.081179,51.55992],[-0.0811,51.559946],[-0.081048,51.559963],[-0.081009,51.559977],[-0.080953,51.559998],[-0.080854,51.560034],[-0.080805,51.560052],[-0.080724,51.560082],[-0.080691,51.560095],[-0.080652,51.560109],[-0.080622,51.560135],[-0.080607,51.560144],[-0.080658,51.560339],[-0.08066,51.560347],[-0.080681,51.560428],[-0.080698,51.560494],[-0.080714,51.560555],[-0.08072,51.560581],[-0.080729,51.560614],[-0.080731,51.560623],[-0.080775,51.560773],[-0.080794,51.56084],[-0.080823,51.56084],[-0.080903,51.56082],[-0.080991,51.560798],[-0.081024,51.56079],[-0.081048,51.560784],[-0.081065,51.56078],[-0.081115,51.56077],[-0.081131,51.560767],[-0.081137,51.560767],[-0.081143,51.560764],[-0.081151,51.560758],[-0.081226,51.560739],[-0.081239,51.560736],[-0.081416,51.560692],[-0.081428,51.560689],[-0.081466,51.56069],[-0.081503,51.560691],[-0.081508,51.560687],[-0.081515,51.560697],[-0.081578,51.560791],[-0.081619,51.560853],[-0.081647,51.560895],[-0.081666,51.560903],[-0.081781,51.560827],[-0.08183,51.560811],[-0.081838,51.560811],[-0.081921,51.560807],[-0.081939,51.560809],[-0.081972,51.560813],[-0.081979,51.560814],[-0.082072,51.560841],[-0.082096,51.560855],[-0.082102,51.560859],[-0.082129,51.560875],[-0.082135,51.560878],[-0.082174,51.56089],[-0.082222,51.560906],[-0.082237,51.560911],[-0.082247,51.560913],[-0.082288,51.560924],[-0.082318,51.560931],[-0.082402,51.56092],[-0.082406,51.560919],[-0.082418,51.560917],[-0.082422,51.560915],[-0.082445,51.560909],[-0.082457,51.560906],[-0.082492,51.560896],[-0.082503,51.560893],[-0.08253,51.560893],[-0.082618,51.560891],[-0.082688,51.560876],[-0.082781,51.56085],[-0.08284,51.560698],[-0.082841,51.560683],[-0.08284,51.560677],[-0.082845,51.560648],[-0.082844,51.560569],[-0.082841,51.560558],[-0.082771,51.560439],[-0.082766,51.560431],[-0.082784,51.560426],[-0.083162,51.56033],[-0.083168,51.560329],[-0.083172,51.560335],[-0.08322,51.560362],[-0.083269,51.560445],[-0.083285,51.560473],[-0.083349,51.560582],[-0.083386,51.560645],[-0.08339,51.560652],[-0.083398,51.560667],[-0.0834,51.560672],[-0.083435,51.560779],[-0.083437,51.560784],[-0.083456,51.560873],[-0.083476,51.560905],[-0.083485,51.560915],[-0.083493,51.560928],[-0.083606,51.560933],[-0.083726,51.560938],[-0.083839,51.560891],[-0.084164,51.560758],[-0.084171,51.560755],[-0.084167,51.56075],[-0.084161,51.560744],[-0.084158,51.560675],[-0.084144,51.560367],[-0.084174,51.560332],[-0.084177,51.560329],[-0.084247,51.560286],[-0.084253,51.560287],[-0.084602,51.560356],[-0.084684,51.56033],[-0.084712,51.560321],[-0.08493,51.56062],[-0.085094,51.560838],[-0.085034,51.560888],[-0.085037,51.56089],[-0.08493,51.560979],[-0.084877,51.561016],[-0.084864,51.561023],[-0.084856,51.561028],[-0.084789,51.561066],[-0.084755,51.561083],[-0.084747,51.561087],[-0.084727,51.561097],[-0.08469,51.561109],[-0.084651,51.561123],[-0.08464,51.561126],[-0.084571,51.561146],[-0.084462,51.561166],[-0.084065,51.561179],[-0.084018,51.56118],[-0.083993,51.561181],[-0.083829,51.561186],[-0.083745,51.561189],[-0.083641,51.561193],[-0.083602,51.561194],[-0.083483,51.561194],[-0.083381,51.561194],[-0.083375,51.561194],[-0.08326,51.561195],[-0.083189,51.561199],[-0.083061,51.561207],[-0.083052,51.561208],[-0.083034,51.561209],[-0.083017,51.561211],[-0.082974,51.561215],[-0.08295,51.561217],[-0.082886,51.561224],[-0.082848,51.561228],[-0.082793,51.561235],[-0.082728,51.561245],[-0.082689,51.561253],[-0.082678,51.561255],[-0.082383,51.561329],[-0.082207,51.561391],[-0.082188,51.561397],[-0.082021,51.561456],[-0.082015,51.561459],[-0.082001,51.561463],[-0.081974,51.561473],[-0.08182,51.561533],[-0.081763,51.561555],[-0.081651,51.561599],[-0.081644,51.561602],[-0.08145,51.561677],[-0.081365,51.56171],[-0.081335,51.561722],[-0.081323,51.561727],[-0.081181,51.561782],[-0.081153,51.561793],[-0.081021,51.561845],[-0.081013,51.561848],[-0.080895,51.561894],[-0.08088,51.5619],[-0.080869,51.561904],[-0.080865,51.561906],[-0.080671,51.561981],[-0.080656,51.561987],[-0.08063,51.561997],[-0.080601,51.562009],[-0.080554,51.562027],[-0.080533,51.562035],[-0.080526,51.562038],[-0.080522,51.562039],[-0.080433,51.562074],[-0.080356,51.562104],[-0.080352,51.562106],[-0.080345,51.562109],[-0.080324,51.562117],[-0.080235,51.562118],[-0.080189,51.562118],[-0.080164,51.562119],[-0.080136,51.562119],[-0.080103,51.562119],[-0.08008,51.56212],[-0.080046,51.56212],[-0.080023,51.56212],[-0.080006,51.562121],[-0.079988,51.562121],[-0.079971,51.562121],[-0.079895,51.562122],[-0.079848,51.562122],[-0.079737,51.562124],[-0.079699,51.562124],[-0.079686,51.562124],[-0.079622,51.562125],[-0.079598,51.562126],[-0.079589,51.562126],[-0.079585,51.562126],[-0.079416,51.562128],[-0.079347,51.562134],[-0.07927,51.562141],[-0.079265,51.562141],[-0.079192,51.562148],[-0.079123,51.562154],[-0.079021,51.562164],[-0.079002,51.562165],[-0.078954,51.56217],[-0.07886,51.562177],[-0.078824,51.56218],[-0.078795,51.562183],[-0.078774,51.562185],[-0.07869,51.562192],[-0.078642,51.562195],[-0.078579,51.562201],[-0.078567,51.562202],[-0.078553,51.562029],[-0.078551,51.562007],[-0.07854,51.561939],[-0.07853,51.561873],[-0.078514,51.561766],[-0.078507,51.561714],[-0.078501,51.561678],[-0.078604,51.561675],[-0.078654,51.561674],[-0.078676,51.561673],[-0.078959,51.561666],[-0.078971,51.561666],[-0.078966,51.561586],[-0.078962,51.561533],[-0.078961,51.561515],[-0.078954,51.561429],[-0.078946,51.561309],[-0.078941,51.561249]]]}},{"type":"Feature","properties":{"LSOA21CD":"E01001742","LSOA21NM":"Hackney 008A","MEAN_PTAL_":"2","mean_AI":7.9330936774,"borough":"Hackney"},"geometry":{"type":"Polygon","coordinates":[[[-0.081939,51.560809],[-0.081921,51.560807],[-0.081838,51.560811],[-0.08183,51.560811],[-0.081781,51.560827],[-0.081666,51.560903],[-0.081647,51.560895],[-0.081619,51.560853],[-0.081578,51.560791],[-0.081515,51.560697],[-0.081508,51.560687],[-0.081503,51.560691],[-0.081466,51.56069],[-0.081428,51.560689],[-0.081416,51.560692],[-0.081239,51.560736],[-0.081226,51.560739],[-0.081151,51.560758],[-0.081143,51.560764],[-0.081137,51.560767],[-0.081131,51.560767],[-0.081115,51.56077],[-0.081065,51.56078],[-0.081048,51.560784],[-0.081024,51.56079],[-0.080991,51.560798],[-0.080903,51.56082],[-0.080823,51.56084],[-0.080794,51.56084],[-0.080775,51.560773],[-0.080731,51.560623],[-0.080729,51.560614],[-0.08072,51.560581],[-0.080714,51.560555],[-0.080698,51.560494],[-0.080681,51.560428],[-0.08066,51.560347],[-0.080658,51.560339],[-0.080607,51.560144],[-0.080622,51.560135],[-0.080652,51.560109],[-0.080691,51.560095],[-0.080724,51.560082],[-0.080805,51.560052],[-0.080854,51.560034],[-0.080953,51.559998],[-0.081009,51.559977],[-0.081048,51.559963],[-0.0811,51.559946],[-0.081179,51.55992],[-0.081201,51.55991],[-0.081209,51.559913],[-0.081212,51.559907],[-0.081214,51.559904],[-0.081224,51.5599],[-0.08122,51.559889],[-0.081207,51.559852],[-0.081203,51.559841],[-0.081029,51.559775],[-0.08098,51.559719],[-0.080976,51.559676],[-0.080973,51.559643],[-0.080795,51.55965],[-0.08078,51.559644],[-0.080743,51.55963],[-0.080736,51.559627],[-0.080719,51.559617],[-0.080716,51.559615],[-0.080709,51.559542],[-0.080704,51.559531],[-0.080704,51.559526],[-0.080703,51.559517],[-0.080698,51.559468],[-0.080697,51.559459],[-0.080699,51.559455],[-0.080694,51.559401],[-0.080697,51.55939],[-0.080696,51.559384],[-0.080695,51.559377],[-0.080691,51.559354],[-0.08069,51.559345],[-0.080688,51.559338],[-0.080691,51.559335],[-0.080722,51.559277],[-0.080722,51.559265],[-0.080725,51.559215],[-0.080725,51.55921],[-0.080736,51.559209],[-0.081098,51.559154],[-0.081103,51.559154],[-0.081098,51.559109],[-0.081089,51.559033],[-0.081086,51.559006],[-0.081084,51.558995],[-0.081081,51.558965],[-0.081079,51.558945],[-0.081077,51.558929],[-0.081076,51.55892],[-0.081066,51.558832],[-0.081059,51.558771],[-0.081051,51.558702],[-0.081045,51.558648],[-0.081039,51.5586],[-0.081038,51.558592],[-0.081036,51.558569],[-0.081034,51.55856],[-0.081027,51.558476],[-0.081026,51.558456],[-0.081025,51.558444],[-0.081022,51.558411],[-0.081017,51.558357],[-0.081016,51.558348],[-0.081011,51.558289],[-0.081009,51.558261],[-0.081006,51.558231],[-0.081005,51.558222],[-0.081002,51.558186],[-0.081001,51.558175],[-0.080996,51.558117],[-0.080996,51.558109],[-0.080995,51.558105],[-0.08099,51.558063],[-0.080987,51.558046],[-0.08098,51.557989],[-0.080979,51.557984],[-0.080953,51.557784],[-0.080966,51.557785],[-0.080989,51.557787],[-0.081049,51.55779],[-0.081121,51.557794],[-0.0812,51.557799],[-0.081216,51.557802],[-0.081228,51.557803],[-0.081283,51.557806],[-0.081333,51.55781],[-0.08138,51.557813],[-0.081454,51.557818],[-0.081498,51.557821],[-0.081549,51.557824],[-0.081555,51.557824],[-0.081584,51.557826],[-0.081664,51.557832],[-0.081713,51.557835],[-0.081829,51.557843],[-0.08185,51.557844],[-0.081849,51.557839],[-0.081847,51.557831],[-0.081852,51.55783],[-0.081947,51.557696],[-0.081958,51.557681],[-0.081958,51.557625],[-0.081944,51.557602],[-0.081823,51.557578],[-0.08181,51.557575],[-0.081731,51.557551],[-0.081726,51.557549],[-0.081688,51.557533],[-0.081677,51.557527],[-0.081671,51.557524],[-0.081665,51.557523],[-0.081641,51.55752],[-0.081586,51.557508],[-0.081562,51.557501],[-0.081541,51.557495],[-0.081523,51.557489],[-0.081517,51.557489],[-0.08146,51.557493],[-0.081398,51.557493],[-0.081366,51.557491],[-0.081346,51.557488],[-0.081314,51.557484],[-0.081296,51.557481],[-0.081273,51.557476],[-0.081216,51.557465],[-0.081208,51.557464],[-0.081131,51.557428],[-0.081069,51.557401],[-0.081012,51.557429],[-0.081003,51.557433],[-0.080974,51.557446],[-0.080961,51.55745],[-0.080951,51.557455],[-0.080932,51.557464],[-0.0809,51.55748],[-0.080836,51.557502],[-0.080826,51.557505],[-0.080788,51.557514],[-0.080476,51.557482],[-0.080472,51.557478],[-0.080485,51.557386],[-0.080497,51.557306],[-0.080611,51.557307],[-0.080902,51.557309],[-0.080921,51.557198],[-0.080936,51.557101],[-0.081026,51.557102],[-0.081044,51.557102],[-0.081048,51.557042],[-0.081057,51.556926],[-0.081047,51.556911],[-0.081063,51.556913],[-0.081459,51.556964],[-0.081445,51.556882],[-0.081449,51.556858],[-0.081494,51.556785],[-0.081512,51.556764],[-0.081552,51.556733],[-0.081555,51.556729],[-0.081598,51.556732],[-0.08172,51.556728],[-0.08185,51.556699],[-0.081921,51.556663],[-0.081967,51.556627],[-0.082,51.556588],[-0.082023,51.55657],[-0.082056,51.556586],[-0.082167,51.55666],[-0.082482,51.556753],[-0.082482,51.556765],[-0.082486,51.556825],[-0.08247,51.556828],[-0.082461,51.556874],[-0.082547,51.556894],[-0.082632,51.55694],[-0.082662,51.556958],[-0.08268,51.556968],[-0.082871,51.557079],[-0.082997,51.557143],[-0.083042,51.55716],[-0.0831,51.557181],[-0.083126,51.557191],[-0.083136,51.557194],[-0.083211,51.557219],[-0.083259,51.557238],[-0.083175,51.557427],[-0.08317,51.557431],[-0.083164,51.557438],[-0.083182,51.55761],[-0.083339,51.557663],[-0.083371,51.557673],[-0.08332,51.557757],[-0.083298,51.557812],[-0.083298,51.557815],[-0.08329,51.557846],[-0.083283,51.557876],[-0.083275,51.558044],[-0.083273,51.558087],[-0.083554,51.558179],[-0.083601,51.558258],[-0.083724,51.558464],[-0.083795,51.558583],[-0.083842,51.558662],[-0.084113,51.558684],[-0.084215,51.558736],[-0.084548,51.558907],[-0.084726,51.558998],[-0.084732,51.559001],[-0.084931,51.559103],[-0.084995,51.559136],[-0.085001,51.559139],[-0.085027,51.559118],[-0.085004,51.559081],[-0.084994,51.559065],[-0.084947,51.558988],[-0.084907,51.558924],[-0.084897,51.558908],[-0.084863,51.558853],[-0.085074,51.558813],[-0.085218,51.558786],[-0.085534,51.558727],[-0.085581,51.558719],[-0.085681,51.5587],[-0.08595,51.558649],[-0.085945,51.558596],[-0.085938,51.558538],[-0.085929,51.558513],[-0.085917,51.558479],[-0.086149,51.558404],[-0.086154,51.558402],[-0.086201,51.558387],[-0.086253,51.558403],[-0.086326,51.558426],[-0.086343,51.558432],[-0.086372,51.558444],[-0.086468,51.558482],[-0.086475,51.558486],[-0.086528,51.558509],[-0.086578,51.558531],[-0.086602,51.558542],[-0.086682,51.558577],[-0.087089,51.558458],[-0.08723,51.558417],[-0.087432,51.558358],[-0.087701,51.558356],[-0.088193,51.558799],[-0.088098,51.558849],[-0.087968,51.558917],[-0.087753,51.559029],[-0.087745,51.559033],[-0.087741,51.559035],[-0.087568,51.559115],[-0.087498,51.559148],[-0.087474,51.559159],[-0.087431,51.559179],[-0.087346,51.559218],[-0.087293,51.559243],[-0.08727,51.559257],[-0.087236,51.559278],[-0.087195,51.559303],[-0.087173,51.559319],[-0.087069,51.559394],[-0.087066,51.559396],[-0.087018,51.559431],[-0.086996,51.559447],[-0.086862,51.559562],[-0.086743,51.559664],[-0.08673,51.559676],[-0.086344,51.560007],[-0.086336,51.560013],[-0.086313,51.560033],[-0.086161,51.560136],[-0.086145,51.560146],[-0.086089,51.560178],[-0.085945,51.56026],[-0.085764,51.560364],[-0.085741,51.560379],[-0.085661,51.560436],[-0.085622,51.560463],[-0.08561,51.560471],[-0.085602,51.560477],[-0.085579,51.560493],[-0.085489,51.560556],[-0.08548,51.560562],[-0.085418,51.560606],[-0.085411,51.560611],[-0.085379,51.560633],[-0.085366,51.560642],[-0.085353,51.560651],[-0.085344,51.560657],[-0.085326,51.56067],[-0.085175,51.560776],[-0.08516,51.560788],[-0.085148,51.560798],[-0.085037,51.56089],[-0.085034,51.560888],[-0.085094,51.560838],[-0.08493,51.56062],[-0.084712,51.560321],[-0.084684,51.56033],[-0.084602,51.560356],[-0.084253,51.560287],[-0.084247,51.560286],[-0.084177,51.560329],[-0.084174,51.560332],[-0.084144,51.560367],[-0.084158,51.560675],[-0.084161,51.560744],[-0.084167,51.56075],[-0.084171,51.560755],[-0.084164,51.560758],[-0.083839,51.560891],[-0.083726,51.560938],[-0.083606,51.560933],[-0.083493,51.560928],[-0.083485,51.560915],[-0.083476,51.560905],[-0.083456,51.560873],[-0.083437,51.560784],[-0.083435,51.560779],[-0.0834,51.560672],[-0.083398,51.560667],[-0.08339,51.560652],[-0.083386,51.560645],[-0.083349,51.560582],[-0.083285,51.560473],[-0.083269,51.560445],[-0.08322,51.560362],[-0.083172,51.560335],[-0.083168,51.560329],[-0.083162,51.56033],[-0.082784,51.560426],[-0.082766,51.560431],[-0.082771,51.560439],[-0.082841,51.560558],[-0.082844,51.560569],[-0.082845,51.560648],[-0.08284,51.560677],[-0.082841,51.560683],[-0.08284,51.560698],[-0.082781,51.56085],[-0.082688,51.560876],[-0.082618,51.560891],[-0.08253,51.560893],[-0.082503,51.560893],[-0.082492,51.560896],[-0.082457,51.560906],[-0.082445,51.560909],[-0.082422,51.560915],[-0.082418,51.560917],[-0.082406,51.560919],[-0.082402,51.56092],[-0.082318,51.560931],[-0.082288,51.560924],[-0.082247,51.560913],[-0.082237,51.560911],[-0.082222,51.560906],[-0.082174,51.56089],[-0.082135,51.560878],[-0.082129,51.560875],[-0.082102,51.560859],[-0.082096,51.560855],[-0.082072,51.560841],[-0.081979,51.560814],[-0.081972,51.560813],[-0.081939,51.560809]]]}},{"type":"Feature","properties":{"LSOA21CD":"E01001744","LSOA21NM":"Hackney 031A","MEAN_PTAL_":"5","mean_AI":22.4770407258,"borough":"Hackney"},"geometry":{"type":"Polygon","coordinates":[[[-0.069109,51.545094],[-0.069104,51.545058],[-0.068387,51.545085],[-0.068389,51.545106],[-0.068071,51.545132],[-0.068064,51.545135],[-0.068051,51.545136],[-0.067981,51.545142],[-0.067932,51.545146],[-0.067932,51.545143],[-0.067926,51.545124],[-0.067929,51.545108],[-0.067957,51.544983],[-0.067853,51.54491],[-0.067779,51.54488],[-0.067743,51.544847],[-0.067721,51.54483],[-0.067684,51.544808],[-0.067674,51.544814],[-0.067541,51.544898],[-0.067525,51.544908],[-0.067474,51.544926],[-0.067451,51.544931],[-0.067423,51.544937],[-0.067355,51.544952],[-0.067336,51.544955],[-0.067326,51.544955],[-0.06721,51.544958],[-0.067201,51.544958],[-0.067143,51.544954],[-0.067137,51.544954],[-0.067079,51.544922],[-0.067045,51.544903],[-0.066967,51.544928],[-0.066865,51.54496],[-0.066856,51.544963],[-0.066844,51.544965],[-0.066773,51.544966],[-0.066767,51.544966],[-0.066597,51.544949],[-0.066565,51.544945],[-0.066439,51.544909],[-0.066437,51.544902],[-0.066432,51.544842],[-0.06643,51.544834],[-0.066458,51.544696],[-0.066459,51.544672],[-0.066454,51.544655],[-0.066451,51.54463],[-0.066438,51.544585],[-0.066431,51.544573],[-0.066421,51.544484],[-0.066428,51.544437],[-0.066336,51.544386],[-0.066254,51.54433],[-0.066175,51.544307],[-0.066119,51.544306],[-0.065862,51.544301],[-0.065791,51.544362],[-0.065763,51.544358],[-0.065738,51.544161],[-0.065723,51.54405],[-0.065723,51.544047],[-0.065743,51.544046],[-0.065749,51.544045],[-0.065875,51.544017],[-0.065804,51.543888],[-0.065716,51.543728],[-0.065703,51.543666],[-0.065698,51.543639],[-0.06568,51.543637],[-0.065555,51.54364],[-0.065529,51.543637],[-0.065407,51.543635],[-0.065313,51.543641],[-0.065265,51.543648],[-0.065255,51.543649],[-0.065202,51.543648],[-0.065178,51.54365],[-0.065096,51.543646],[-0.065083,51.543646],[-0.064974,51.5436],[-0.064863,51.543565],[-0.064749,51.543546],[-0.064646,51.543543],[-0.064447,51.543566],[-0.064444,51.543529],[-0.064443,51.543522],[-0.064435,51.543416],[-0.064434,51.543398],[-0.064424,51.543269],[-0.064606,51.543265],[-0.064619,51.543264],[-0.064712,51.543262],[-0.064737,51.543262],[-0.064844,51.54326],[-0.064855,51.543259],[-0.064869,51.543259],[-0.064947,51.543257],[-0.065045,51.543254],[-0.065067,51.543253],[-0.065161,51.54325],[-0.065169,51.54325],[-0.065236,51.543247],[-0.065253,51.543247],[-0.065269,51.543246],[-0.065365,51.543243],[-0.065382,51.543242],[-0.065494,51.543238],[-0.065599,51.543234],[-0.065647,51.543233],[-0.065738,51.54323],[-0.065814,51.543227],[-0.065878,51.543225],[-0.065982,51.543221],[-0.065993,51.543221],[-0.066056,51.543218],[-0.06614,51.543215],[-0.066201,51.543213],[-0.066243,51.543212],[-0.066328,51.543209],[-0.066353,51.543208],[-0.066449,51.543204],[-0.066457,51.543204],[-0.066532,51.543201],[-0.066574,51.5432],[-0.066657,51.543197],[-0.066682,51.543196],[-0.066776,51.543193],[-0.06686,51.54319],[-0.066913,51.543188],[-0.067166,51.543179],[-0.06729,51.543175],[-0.06732,51.543174],[-0.067327,51.543173],[-0.067511,51.543167],[-0.067603,51.543164],[-0.067698,51.54316],[-0.067822,51.543156],[-0.067938,51.543152],[-0.068037,51.543148],[-0.06806,51.543148],[-0.068069,51.543147],[-0.068153,51.543144],[-0.068158,51.543144],[-0.068231,51.543141],[-0.06837,51.543137],[-0.068393,51.543135],[-0.068549,51.543128],[-0.068656,51.543123],[-0.068662,51.543123],[-0.068805,51.543116],[-0.068961,51.543109],[-0.068991,51.543108],[-0.069046,51.543105],[-0.069126,51.543101],[-0.069142,51.543101],[-0.069229,51.543096],[-0.069237,51.543096],[-0.069317,51.543092],[-0.069335,51.543092],[-0.069486,51.543084],[-0.069554,51.543081],[-0.069897,51.543065],[-0.069911,51.543065],[-0.069918,51.543064],[-0.06994,51.543063],[-0.0702,51.543053],[-0.070372,51.543046],[-0.070387,51.543046],[-0.070576,51.543038],[-0.070788,51.54303],[-0.070826,51.543028],[-0.070938,51.543021],[-0.070945,51.543021],[-0.070987,51.543019],[-0.070992,51.543018],[-0.071067,51.543014],[-0.071193,51.543007],[-0.071285,51.543002],[-0.071498,51.54299],[-0.071576,51.542986],[-0.071632,51.542984],[-0.071661,51.542982],[-0.071696,51.542981],[-0.071717,51.54298],[-0.072053,51.542967],[-0.072108,51.542965],[-0.072162,51.542963],[-0.072197,51.542962],[-0.072467,51.542948],[-0.072548,51.542944],[-0.072556,51.542944],[-0.072577,51.542943],[-0.072858,51.542928],[-0.072908,51.542926],[-0.072925,51.542925],[-0.073014,51.542921],[-0.073044,51.542919],[-0.073207,51.542911],[-0.07322,51.54291],[-0.073409,51.542901],[-0.07347,51.542898],[-0.073529,51.542895],[-0.07356,51.542894],[-0.073608,51.542891],[-0.073616,51.542892],[-0.073621,51.542892],[-0.073655,51.542894],[-0.073816,51.542905],[-0.073888,51.54291],[-0.073925,51.542908],[-0.073991,51.542905],[-0.074076,51.5429],[-0.074101,51.542899],[-0.074334,51.542888],[-0.074345,51.542887],[-0.074492,51.54288],[-0.074517,51.542879],[-0.074587,51.543187],[-0.074591,51.54319],[-0.074751,51.5433],[-0.074821,51.543349],[-0.075054,51.54351],[-0.075092,51.543536],[-0.0751,51.543539],[-0.075147,51.543557],[-0.075149,51.543583],[-0.075061,51.543728],[-0.075058,51.543733],[-0.075063,51.543888],[-0.075026,51.543999],[-0.075083,51.544082],[-0.074506,51.544046],[-0.074499,51.544046],[-0.074466,51.544044],[-0.074446,51.544045],[-0.074405,51.544045],[-0.074369,51.544042],[-0.074308,51.544038],[-0.074035,51.544021],[-0.073643,51.543996],[-0.07357,51.543994],[-0.073518,51.543991],[-0.073514,51.543991],[-0.073513,51.543994],[-0.073172,51.543988],[-0.073016,51.543986],[-0.072789,51.543982],[-0.072728,51.543993],[-0.072699,51.543981],[-0.072671,51.543968],[-0.072619,51.543967],[-0.072619,51.543979],[-0.072623,51.544328],[-0.072673,51.544316],[-0.073148,51.544437],[-0.073109,51.544478],[-0.073039,51.544542],[-0.073024,51.544552],[-0.072998,51.544568],[-0.072988,51.544574],[-0.072984,51.544577],[-0.072978,51.54458],[-0.072902,51.544625],[-0.072896,51.54463],[-0.072879,51.544644],[-0.072869,51.544653],[-0.072851,51.544675],[-0.072831,51.544701],[-0.07283,51.544711],[-0.072827,51.544755],[-0.07285,51.544802],[-0.072876,51.544833],[-0.072894,51.544854],[-0.072902,51.54486],[-0.072909,51.544865],[-0.072965,51.544902],[-0.072981,51.544913],[-0.072984,51.544915],[-0.072988,51.544918],[-0.073028,51.544919],[-0.073034,51.54492],[-0.073083,51.544924],[-0.073089,51.54493],[-0.073091,51.544933],[-0.07314,51.544962],[-0.07317,51.544979],[-0.07319,51.544988],[-0.073215,51.545],[-0.073234,51.545009],[-0.073569,51.545104],[-0.073588,51.545109],[-0.073574,51.545112],[-0.073266,51.545186],[-0.073245,51.545191],[-0.073195,51.545213],[-0.07318,51.545221],[-0.073128,51.54525],[-0.073112,51.54526],[-0.073094,51.54527],[-0.07307,51.545267],[-0.073055,51.545265],[-0.073019,51.545268],[-0.072996,51.54527],[-0.072974,51.545269],[-0.072959,51.545269],[-0.072916,51.545297],[-0.072894,51.545315],[-0.07289,51.545317],[-0.07288,51.545323],[-0.072868,51.545331],[-0.072668,51.545418],[-0.072656,51.545424],[-0.072475,51.545297],[-0.072462,51.54529],[-0.072455,51.545286],[-0.072452,51.545284],[-0.072434,51.545272],[-0.072399,51.545276],[-0.072375,51.54528],[-0.072309,51.545283],[-0.072305,51.54528],[-0.072272,51.545254],[-0.07225,51.545237],[-0.072242,51.545233],[-0.072215,51.545222],[-0.072211,51.54522],[-0.072105,51.545196],[-0.072109,51.545147],[-0.072116,51.54507],[-0.072054,51.54508],[-0.071996,51.545088],[-0.071945,51.545096],[-0.071912,51.545101],[-0.071905,51.545099],[-0.071894,51.545096],[-0.071881,51.545092],[-0.071875,51.54509],[-0.071815,51.545099],[-0.071809,51.5451],[-0.071764,51.545101],[-0.071728,51.545102],[-0.071717,51.545102],[-0.071678,51.545128],[-0.071666,51.545136],[-0.071634,51.545175],[-0.071633,51.545178],[-0.071593,51.545362],[-0.07159,51.545375],[-0.071512,51.545376],[-0.071435,51.545376],[-0.07141,51.54537],[-0.071369,51.545361],[-0.071353,51.545357],[-0.071288,51.545336],[-0.07126,51.545248],[-0.071261,51.545213],[-0.071258,51.545205],[-0.071244,51.545162],[-0.071246,51.545145],[-0.071247,51.545131],[-0.071248,51.545122],[-0.071252,51.545114],[-0.071263,51.544964],[-0.071256,51.54496],[-0.071232,51.544943],[-0.071152,51.544937],[-0.071148,51.544935],[-0.070811,51.544779],[-0.070785,51.54477],[-0.070768,51.54477],[-0.070717,51.544772],[-0.070711,51.544773],[-0.070706,51.544773],[-0.070699,51.544774],[-0.070688,51.544775],[-0.070679,51.544775],[-0.070653,51.544772],[-0.070647,51.544772],[-0.070596,51.544771],[-0.070591,51.544771],[-0.070586,51.544771],[-0.070559,51.544774],[-0.07054,51.544776],[-0.070503,51.544774],[-0.070497,51.544774],[-0.070477,51.544772],[-0.070473,51.544775],[-0.070398,51.544819],[-0.070389,51.544825],[-0.07033,51.544886],[-0.070321,51.544896],[-0.070311,51.544945],[-0.070313,51.544948],[-0.070335,51.545007],[-0.07034,51.54502],[-0.070389,51.545071],[-0.07042,51.54509],[-0.070423,51.545092],[-0.070406,51.545108],[-0.070391,51.545122],[-0.070336,51.545211],[-0.070336,51.545215],[-0.070336,51.545238],[-0.070336,51.545252],[-0.070376,51.545356],[-0.070379,51.545363],[-0.07038,51.545367],[-0.07039,51.545373],[-0.070435,51.5454],[-0.070439,51.545402],[-0.070403,51.545499],[-0.070403,51.545519],[-0.070403,51.545539],[-0.070404,51.545545],[-0.070344,51.545644],[-0.070323,51.545677],[-0.07031,51.545699],[-0.070305,51.545706],[-0.070354,51.545838],[-0.070256,51.545866],[-0.070121,51.545948],[-0.07,51.546157],[-0.070061,51.546167],[-0.070359,51.546217],[-0.070419,51.546227],[-0.070184,51.546261],[-0.070143,51.546268],[-0.070056,51.546284],[-0.069997,51.54631],[-0.069924,51.546335],[-0.069895,51.546344],[-0.069821,51.546379],[-0.069716,51.546434],[-0.069689,51.546415],[-0.069666,51.5464],[-0.069639,51.546394],[-0.069578,51.54638],[-0.069594,51.546349],[-0.069607,51.546313],[-0.069624,51.546245],[-0.069652,51.54613],[-0.069655,51.546117],[-0.06966,51.546098],[-0.06962,51.546088],[-0.069282,51.546003],[-0.069417,51.545819],[-0.069305,51.545746],[-0.069256,51.545666],[-0.069253,51.545654],[-0.06923,51.545605],[-0.069219,51.545592],[-0.069204,51.545525],[-0.069179,51.545483],[-0.069174,51.545477],[-0.069145,51.54544],[-0.069144,51.545435],[-0.069138,51.545417],[-0.069136,51.545408],[-0.069135,51.545395],[-0.069132,51.545362],[-0.069135,51.54534],[-0.069134,51.545312],[-0.069139,51.545266],[-0.069122,51.545193],[-0.069113,51.545177],[-0.069105,51.545143],[-0.069109,51.545094]]]}},{"type":"Feature","properties":{"LSOA21CD":"E01001745","LSOA21NM":"Hackney 016A","MEAN_PTAL_":"3","mean_AI":14.3898245009,"borough":"Hackney"},"geometry":{"type":"Polygon","coordinates":[[[-0.06648,51.554565],[-0.066975,51.554271],[-0.067279,51.55409],[-0.067522,51.554112],[-0.0675,51.554192],[-0.067502,51.5542],[-0.06756,51.554443],[-0.067576,51.554436],[-0.067649,51.55441],[-0.068014,51.554278],[-0.06803,51.554272],[-0.067969,51.554202],[-0.067798,51.554004],[-0.0676,51.553776],[-0.067556,51.553725],[-0.067465,51.55362],[-0.067335,51.553471],[-0.067302,51.553432],[-0.067313,51.553429],[-0.067274,51.553387],[-0.067267,51.55338],[-0.06809,51.553061],[-0.067835,51.552922],[-0.067801,51.552903],[-0.067784,51.552893],[-0.067773,51.552894],[-0.067756,51.552895],[-0.067694,51.5529],[-0.067598,51.552907],[-0.06753,51.552912],[-0.067469,51.552917],[-0.067407,51.552922],[-0.067306,51.552811],[-0.067304,51.552808],[-0.067048,51.552527],[-0.067042,51.552519],[-0.067074,51.552508],[-0.067081,51.552506],[-0.067086,51.552504],[-0.067142,51.552485],[-0.067159,51.552479],[-0.067264,51.552443],[-0.067276,51.552439],[-0.067306,51.552429],[-0.067398,51.552397],[-0.067389,51.552385],[-0.067368,51.552359],[-0.06735,51.552336],[-0.067335,51.552317],[-0.067309,51.552284],[-0.067279,51.552246],[-0.067257,51.552218],[-0.067255,51.552216],[-0.067234,51.552189],[-0.067224,51.552176],[-0.067208,51.552176],[-0.067198,51.55214],[-0.067172,51.552052],[-0.067166,51.552029],[-0.06716,51.552008],[-0.067145,51.551958],[-0.067135,51.551923],[-0.067126,51.551889],[-0.067101,51.551803],[-0.067086,51.551752],[-0.067082,51.551737],[-0.067078,51.551724],[-0.067029,51.551554],[-0.067065,51.551549],[-0.067082,51.551548],[-0.067146,51.551536],[-0.067169,51.551531],[-0.067177,51.55153],[-0.067224,51.551521],[-0.067281,51.551511],[-0.067333,51.551501],[-0.067419,51.551485],[-0.067426,51.551484],[-0.067432,51.551483],[-0.067552,51.55146],[-0.067596,51.551452],[-0.067615,51.551449],[-0.067667,51.551433],[-0.067677,51.551431],[-0.067687,51.551428],[-0.067706,51.551422],[-0.067748,51.55141],[-0.067766,51.551405],[-0.06791,51.551363],[-0.067941,51.551354],[-0.067988,51.55134],[-0.068009,51.551334],[-0.068244,51.551263],[-0.068353,51.551222],[-0.068493,51.551168],[-0.068506,51.551214],[-0.068554,51.55143],[-0.068574,51.551492],[-0.06859,51.551564],[-0.068596,51.551564],[-0.068669,51.551801],[-0.068709,51.551927],[-0.068753,51.552036],[-0.068771,51.552081],[-0.068768,51.552088],[-0.068775,51.552087],[-0.068788,51.552109],[-0.068835,51.55219],[-0.068865,51.552229],[-0.068902,51.552267],[-0.068978,51.552346],[-0.069144,51.552492],[-0.069298,51.552619],[-0.069471,51.552761],[-0.069533,51.552812],[-0.069561,51.552835],[-0.069646,51.552905],[-0.06975,51.552843],[-0.069838,51.552809],[-0.06997,51.552766],[-0.070086,51.552732],[-0.070184,51.552806],[-0.070273,51.552744],[-0.070426,51.552654],[-0.070569,51.552569],[-0.070657,51.552526],[-0.070672,51.552517],[-0.070846,51.552453],[-0.071045,51.55238],[-0.071185,51.552328],[-0.071302,51.552285],[-0.071324,51.552275],[-0.071445,51.552224],[-0.071508,51.552198],[-0.071614,51.552147],[-0.07167,51.55212],[-0.071673,51.552117],[-0.071686,51.552105],[-0.07169,51.552102],[-0.071733,51.552079],[-0.07173,51.552067],[-0.07174,51.552058],[-0.071797,51.552007],[-0.07182,51.551988],[-0.071895,51.551917],[-0.071963,51.55192],[-0.071981,51.551921],[-0.07199,51.551922],[-0.072155,51.55193],[-0.072632,51.551954],[-0.072696,51.551759],[-0.0727,51.551754],[-0.072728,51.551723],[-0.072741,51.551717],[-0.072784,51.551693],[-0.072797,51.55169],[-0.072891,51.551663],[-0.072901,51.551663],[-0.072916,51.551663],[-0.072918,51.551665],[-0.073066,51.551812],[-0.073212,51.551959],[-0.073233,51.55198],[-0.073235,51.551984],[-0.073241,51.551984],[-0.073369,51.551848],[-0.073411,51.551802],[-0.073828,51.551771],[-0.073946,51.551749],[-0.073953,51.551748],[-0.073959,51.551746],[-0.07403,51.551786],[-0.074038,51.55179],[-0.074058,51.551808],[-0.074166,51.551874],[-0.074202,51.551876],[-0.074327,51.551861],[-0.074354,51.551858],[-0.074346,51.55193],[-0.074342,51.552034],[-0.074343,51.552038],[-0.074393,51.55204],[-0.074837,51.55206],[-0.074953,51.552065],[-0.074975,51.552067],[-0.074963,51.55217],[-0.074956,51.552219],[-0.074953,51.552246],[-0.075025,51.552257],[-0.074961,51.552255],[-0.074955,51.552301],[-0.074954,51.552312],[-0.074937,51.552446],[-0.074937,51.55245],[-0.074932,51.552494],[-0.074931,51.552499],[-0.074926,51.552539],[-0.074925,51.552547],[-0.074923,51.552565],[-0.074922,51.552572],[-0.074918,51.552605],[-0.074903,51.552724],[-0.074899,51.552756],[-0.074892,51.552813],[-0.074887,51.552862],[-0.074884,51.552885],[-0.074872,51.552982],[-0.074871,51.55299],[-0.07486,51.553079],[-0.074858,51.553102],[-0.074836,51.553102],[-0.074693,51.553102],[-0.0744,51.553103],[-0.074082,51.553116],[-0.073937,51.553115],[-0.073925,51.553229],[-0.073923,51.553265],[-0.07392,51.553369],[-0.073906,51.553369],[-0.073884,51.55337],[-0.073703,51.553375],[-0.073555,51.55338],[-0.073547,51.55338],[-0.073463,51.553382],[-0.073376,51.553385],[-0.073215,51.55339],[-0.073143,51.553392],[-0.073092,51.553393],[-0.072723,51.553405],[-0.072215,51.553418],[-0.072183,51.553418],[-0.07213,51.55342],[-0.072083,51.553422],[-0.072033,51.553425],[-0.071952,51.55343],[-0.071907,51.553433],[-0.071882,51.553434],[-0.071824,51.553438],[-0.071809,51.553438],[-0.071739,51.553443],[-0.071679,51.553447],[-0.071648,51.553449],[-0.071635,51.55345],[-0.071631,51.55345],[-0.071563,51.553449],[-0.071452,51.553447],[-0.071416,51.553447],[-0.071302,51.553446],[-0.071295,51.553446],[-0.071294,51.553461],[-0.071293,51.553482],[-0.071291,51.553526],[-0.071289,51.553568],[-0.071286,51.553622],[-0.071284,51.553665],[-0.071282,51.553708],[-0.071282,51.55371],[-0.071281,51.553739],[-0.07128,51.553748],[-0.071279,51.553778],[-0.071279,51.553788],[-0.071277,51.553819],[-0.071276,51.553844],[-0.071276,51.553855],[-0.071275,51.553877],[-0.071198,51.553905],[-0.071186,51.553909],[-0.071113,51.553937],[-0.071093,51.553934],[-0.071029,51.553924],[-0.07093,51.55391],[-0.070855,51.553899],[-0.070841,51.553897],[-0.070794,51.55389],[-0.070745,51.553883],[-0.070729,51.55388],[-0.070723,51.553879],[-0.070656,51.553869],[-0.070629,51.553864],[-0.070579,51.553855],[-0.070573,51.553854],[-0.070569,51.553853],[-0.070513,51.553843],[-0.070434,51.553829],[-0.070421,51.553826],[-0.07039,51.55382],[-0.070372,51.553817],[-0.070368,51.553816],[-0.070304,51.553805],[-0.070236,51.553792],[-0.070184,51.553782],[-0.070162,51.553773],[-0.070124,51.553758],[-0.070115,51.553754],[-0.07002,51.553714],[-0.069965,51.553691],[-0.069956,51.553698],[-0.069933,51.553715],[-0.069834,51.553789],[-0.069731,51.553866],[-0.069437,51.554082],[-0.069431,51.554086],[-0.069366,51.554134],[-0.069362,51.554137],[-0.069356,51.554138],[-0.069126,51.554134],[-0.068779,51.554128],[-0.068773,51.554128],[-0.068653,51.554126],[-0.068649,51.554129],[-0.068644,51.554129],[-0.068577,51.554214],[-0.06857,51.554223],[-0.068542,51.554258],[-0.068515,51.554296],[-0.068504,51.554312],[-0.068487,51.554337],[-0.068481,51.554345],[-0.068477,51.554351],[-0.068474,51.554355],[-0.068449,51.554395],[-0.06844,51.554408],[-0.068379,51.554502],[-0.068361,51.554557],[-0.068337,51.554624],[-0.068328,51.554651],[-0.068322,51.554669],[-0.068304,51.55472],[-0.068299,51.554735],[-0.068298,51.554738],[-0.068284,51.554796],[-0.068251,51.554933],[-0.068235,51.554998],[-0.068216,51.555077],[-0.068215,51.555083],[-0.068213,51.555092],[-0.068209,51.555108],[-0.0682,51.555142],[-0.068193,51.55517],[-0.068187,51.555194],[-0.068184,51.555206],[-0.06816,51.555306],[-0.068152,51.555338],[-0.068149,51.55535],[-0.068139,51.555389],[-0.068133,51.555411],[-0.068125,51.555446],[-0.068124,51.55545],[-0.06812,51.555536],[-0.06812,51.555542],[-0.06812,51.555547],[-0.068121,51.555553],[-0.068125,51.555577],[-0.067843,51.555563],[-0.067682,51.555554],[-0.067531,51.555546],[-0.067522,51.555546],[-0.066907,51.555514],[-0.066796,51.555508],[-0.06679,51.555508],[-0.066753,51.555506],[-0.066669,51.555502],[-0.066663,51.555501],[-0.066455,51.555119],[-0.066374,51.554969],[-0.066276,51.554789],[-0.066234,51.554712],[-0.06648,51.554565]]]}},{"type":"Feature","properties":{"LSOA21CD":"E01001746","LSOA21NM":"Hackney 016B","MEAN_PTAL_":"3","mean_AI":11.7528062498,"borough":"Hackney"},"geometry":{"type":"Polygon","coordinates":[[[-0.065938,51.554169],[-0.065836,51.553979],[-0.065832,51.553975],[-0.065801,51.553926],[-0.065794,51.553917],[-0.065734,51.553824],[-0.065659,51.553708],[-0.065536,51.55352],[-0.065459,51.553403],[-0.065436,51.553367],[-0.065412,51.553331],[-0.0653,51.55319],[-0.065292,51.55318],[-0.065244,51.55312],[-0.065239,51.553113],[-0.065236,51.55311],[-0.065207,51.553073],[-0.065191,51.553052],[-0.065144,51.552993],[-0.065019,51.552836],[-0.06501,51.552827],[-0.064953,51.552774],[-0.06495,51.552772],[-0.064778,51.552613],[-0.064687,51.552531],[-0.064682,51.552526],[-0.064624,51.552475],[-0.064598,51.552451],[-0.0645,51.552366],[-0.064398,51.552277],[-0.064388,51.552268],[-0.064279,51.552181],[-0.064204,51.552121],[-0.064056,51.552017],[-0.063989,51.55197],[-0.063905,51.551907],[-0.063922,51.551905],[-0.06416,51.551874],[-0.064174,51.551872],[-0.064202,51.551868],[-0.064326,51.551852],[-0.064383,51.551845],[-0.064406,51.551842],[-0.064441,51.551837],[-0.064601,51.551817],[-0.064691,51.551805],[-0.064712,51.551803],[-0.064966,51.551774],[-0.065083,51.55176],[-0.065352,51.551729],[-0.065378,51.551726],[-0.065594,51.551702],[-0.065673,51.551694],[-0.065679,51.551693],[-0.065774,51.551684],[-0.06619,51.551642],[-0.066201,51.551641],[-0.066285,51.551632],[-0.066427,51.551618],[-0.066459,51.551615],[-0.066475,51.551613],[-0.066501,51.55161],[-0.06656,51.551604],[-0.066589,51.551602],[-0.066607,51.5516],[-0.066738,51.551586],[-0.066759,51.551584],[-0.066996,51.551557],[-0.067023,51.551554],[-0.067029,51.551554],[-0.067078,51.551724],[-0.067082,51.551737],[-0.067086,51.551752],[-0.067101,51.551803],[-0.067126,51.551889],[-0.067135,51.551923],[-0.067145,51.551958],[-0.06716,51.552008],[-0.067166,51.552029],[-0.067172,51.552052],[-0.067198,51.55214],[-0.067208,51.552176],[-0.067224,51.552176],[-0.067234,51.552189],[-0.067255,51.552216],[-0.067257,51.552218],[-0.067279,51.552246],[-0.067309,51.552284],[-0.067335,51.552317],[-0.06735,51.552336],[-0.067368,51.552359],[-0.067389,51.552385],[-0.067398,51.552397],[-0.067306,51.552429],[-0.067276,51.552439],[-0.067264,51.552443],[-0.067159,51.552479],[-0.067142,51.552485],[-0.067086,51.552504],[-0.067081,51.552506],[-0.067074,51.552508],[-0.067042,51.552519],[-0.067048,51.552527],[-0.067304,51.552808],[-0.067306,51.552811],[-0.067407,51.552922],[-0.067469,51.552917],[-0.06753,51.552912],[-0.067598,51.552907],[-0.067694,51.5529],[-0.067756,51.552895],[-0.067773,51.552894],[-0.067784,51.552893],[-0.067801,51.552903],[-0.067835,51.552922],[-0.06809,51.553061],[-0.067267,51.55338],[-0.067274,51.553387],[-0.067313,51.553429],[-0.067302,51.553432],[-0.067335,51.553471],[-0.067465,51.55362],[-0.067556,51.553725],[-0.0676,51.553776],[-0.067798,51.554004],[-0.067969,51.554202],[-0.06803,51.554272],[-0.068014,51.554278],[-0.067649,51.55441],[-0.067576,51.554436],[-0.06756,51.554443],[-0.067502,51.5542],[-0.0675,51.554192],[-0.067522,51.554112],[-0.067279,51.55409],[-0.066975,51.554271],[-0.06648,51.554565],[-0.066234,51.554712],[-0.066225,51.554696],[-0.066045,51.554365],[-0.066042,51.55436],[-0.066027,51.554332],[-0.06594,51.554172],[-0.065938,51.554169]]]}},{"type":"Feature","properties":{"LSOA21CD":"E01001747","LSOA21NM":"Hackney 014B","MEAN_PTAL_":"5","mean_AI":21.6727944615,"borough":"Hackney"},"geometry":{"type":"Polygon","coordinates":[[[-0.069471,51.552761],[-0.069298,51.552619],[-0.069144,51.552492],[-0.068978,51.552346],[-0.068902,51.552267],[-0.068865,51.552229],[-0.068835,51.55219],[-0.068788,51.552109],[-0.068775,51.552087],[-0.068768,51.552088],[-0.068771,51.552081],[-0.068753,51.552036],[-0.068709,51.551927],[-0.068669,51.551801],[-0.068596,51.551564],[-0.06859,51.551564],[-0.068574,51.551492],[-0.068554,51.55143],[-0.068506,51.551214],[-0.068493,51.551168],[-0.068499,51.551165],[-0.068498,51.551157],[-0.068511,51.55116],[-0.068597,51.551116],[-0.068699,51.551082],[-0.068831,51.551039],[-0.06886,51.551032],[-0.069087,51.550981],[-0.069238,51.550947],[-0.069308,51.550934],[-0.069317,51.550932],[-0.0695,51.550897],[-0.069617,51.550872],[-0.069697,51.550866],[-0.069729,51.550863],[-0.069802,51.550857],[-0.069882,51.550851],[-0.06994,51.550846],[-0.070038,51.550838],[-0.07008,51.550835],[-0.07013,51.55083],[-0.070174,51.550827],[-0.070253,51.55082],[-0.070266,51.550819],[-0.07039,51.550813],[-0.070487,51.550809],[-0.070504,51.550808],[-0.070519,51.550807],[-0.070542,51.550806],[-0.070846,51.550802],[-0.070958,51.550793],[-0.071067,51.550784],[-0.071147,51.550777],[-0.071257,51.550768],[-0.071481,51.55075],[-0.071545,51.550744],[-0.071569,51.550742],[-0.071582,51.550747],[-0.071751,51.550807],[-0.071783,51.550818],[-0.071896,51.550865],[-0.071965,51.550938],[-0.072006,51.550992],[-0.07206,51.551074],[-0.072157,51.551166],[-0.072157,51.551174],[-0.072184,51.551202],[-0.072191,51.551207],[-0.072198,51.551211],[-0.07221,51.551219],[-0.072227,51.55123],[-0.072298,51.55124],[-0.072334,51.551245],[-0.07237,51.55125],[-0.072473,51.551198],[-0.072503,51.55118],[-0.072518,51.551172],[-0.072556,51.551157],[-0.072604,51.551139],[-0.072639,51.551126],[-0.072723,51.551094],[-0.072783,51.551071],[-0.072921,51.551019],[-0.072972,51.550999],[-0.073068,51.550967],[-0.073189,51.550927],[-0.073278,51.550897],[-0.073526,51.550856],[-0.073894,51.550797],[-0.074131,51.55076],[-0.074194,51.55075],[-0.074345,51.550731],[-0.074702,51.550686],[-0.074743,51.550681],[-0.074963,51.550654],[-0.075095,51.550631],[-0.075112,51.550628],[-0.075151,51.550621],[-0.075153,51.550586],[-0.075155,51.550569],[-0.075169,51.550565],[-0.075194,51.550558],[-0.075229,51.550572],[-0.075342,51.550553],[-0.075543,51.550488],[-0.075634,51.550459],[-0.075939,51.550348],[-0.075944,51.550317],[-0.075961,51.5502],[-0.075589,51.550119],[-0.075356,51.550068],[-0.075309,51.550011],[-0.075309,51.550007],[-0.075291,51.549919],[-0.075346,51.549837],[-0.075378,51.549833],[-0.075733,51.54978],[-0.075785,51.549772],[-0.075805,51.549767],[-0.0758,51.549717],[-0.075775,51.549472],[-0.075791,51.549449],[-0.07586,51.549422],[-0.075866,51.549419],[-0.075928,51.54939],[-0.075941,51.549382],[-0.075999,51.54934],[-0.076031,51.549312],[-0.076035,51.549308],[-0.076087,51.549334],[-0.076121,51.549351],[-0.076127,51.549353],[-0.076184,51.549376],[-0.076318,51.549419],[-0.076367,51.549426],[-0.076451,51.549431],[-0.076515,51.549429],[-0.076542,51.549427],[-0.076558,51.549423],[-0.07671,51.549358],[-0.076765,51.549351],[-0.076775,51.549349],[-0.076821,51.549339],[-0.076905,51.549311],[-0.076934,51.549297],[-0.076985,51.549266],[-0.077006,51.549242],[-0.077438,51.549185],[-0.077486,51.549179],[-0.077488,51.549181],[-0.077506,51.549203],[-0.077548,51.549252],[-0.077615,51.549332],[-0.077656,51.549379],[-0.077691,51.549421],[-0.077716,51.549454],[-0.07772,51.54946],[-0.077805,51.549574],[-0.077811,51.549582],[-0.077865,51.549654],[-0.07787,51.549661],[-0.077881,51.549675],[-0.077935,51.549761],[-0.077996,51.549858],[-0.078002,51.549867],[-0.078091,51.550009],[-0.078094,51.550013],[-0.078117,51.550049],[-0.078125,51.550063],[-0.078169,51.550132],[-0.078181,51.550151],[-0.078238,51.550241],[-0.078255,51.550269],[-0.078297,51.550334],[-0.0783,51.550339],[-0.078354,51.550426],[-0.078358,51.550431],[-0.078458,51.55059],[-0.078535,51.550711],[-0.078629,51.550862],[-0.078689,51.550944],[-0.078691,51.550947],[-0.078751,51.55103],[-0.078766,51.551052],[-0.078776,51.551065],[-0.078799,51.551093],[-0.078843,51.551146],[-0.078908,51.551218],[-0.07899,51.551309],[-0.079014,51.551336],[-0.07902,51.55134],[-0.079023,51.551344],[-0.079108,51.551417],[-0.079111,51.551419],[-0.079284,51.551568],[-0.07931,51.55159],[-0.079343,51.55161],[-0.079417,51.551655],[-0.079399,51.551675],[-0.079397,51.551677],[-0.079282,51.551813],[-0.079219,51.551865],[-0.07917,51.551905],[-0.079164,51.551907],[-0.079134,51.55192],[-0.079072,51.551946],[-0.079047,51.551957],[-0.079046,51.551973],[-0.079038,51.552056],[-0.079035,51.552211],[-0.07895,51.552219],[-0.078922,51.552222],[-0.078909,51.552224],[-0.078805,51.552233],[-0.078792,51.552234],[-0.078772,51.552235],[-0.078622,51.552248],[-0.078611,51.552249],[-0.078596,51.55225],[-0.078437,51.552264],[-0.078407,51.552267],[-0.078397,51.552267],[-0.078362,51.55227],[-0.07835,51.552271],[-0.078288,51.552277],[-0.07819,51.552284],[-0.078101,51.552292],[-0.078078,51.552293],[-0.077959,51.552303],[-0.077949,51.552304],[-0.077928,51.552305],[-0.077924,51.552306],[-0.077846,51.552312],[-0.077833,51.552313],[-0.077782,51.552317],[-0.077773,51.552318],[-0.07775,51.552319],[-0.077694,51.552324],[-0.07769,51.552324],[-0.077662,51.552326],[-0.077655,51.552327],[-0.077622,51.55233],[-0.07759,51.552332],[-0.077582,51.552333],[-0.077575,51.552333],[-0.077482,51.552341],[-0.07738,51.552348],[-0.077369,51.552307],[-0.077347,51.552207],[-0.077343,51.552189],[-0.077336,51.552189],[-0.077315,51.552191],[-0.077264,51.552195],[-0.077222,51.552199],[-0.077174,51.552203],[-0.077154,51.552204],[-0.07714,51.552206],[-0.077115,51.552208],[-0.077089,51.55221],[-0.077029,51.552215],[-0.077014,51.552216],[-0.076994,51.552218],[-0.076987,51.552218],[-0.076935,51.552223],[-0.076967,51.552346],[-0.076997,51.552461],[-0.076998,51.552464],[-0.077022,51.55256],[-0.077051,51.552683],[-0.077052,51.552688],[-0.077053,51.552691],[-0.077041,51.552691],[-0.076975,51.552694],[-0.076959,51.552695],[-0.076942,51.552696],[-0.076855,51.5527],[-0.076847,51.5527],[-0.076808,51.552702],[-0.076764,51.552704],[-0.076719,51.552706],[-0.076697,51.552707],[-0.076665,51.552709],[-0.076646,51.55271],[-0.07656,51.552714],[-0.076548,51.552714],[-0.076511,51.552716],[-0.076434,51.55272],[-0.076419,51.55272],[-0.076412,51.552721],[-0.076384,51.552722],[-0.07637,51.552723],[-0.076323,51.552725],[-0.076318,51.552725],[-0.076287,51.552727],[-0.076292,51.552503],[-0.076245,51.552501],[-0.076145,51.552497],[-0.076098,51.552495],[-0.076007,51.552491],[-0.075931,51.552483],[-0.075937,51.552455],[-0.075932,51.552284],[-0.075932,51.552275],[-0.075932,51.552272],[-0.075781,51.552277],[-0.075751,51.552279],[-0.075703,51.552277],[-0.075501,51.552275],[-0.075412,51.552271],[-0.07536,51.552269],[-0.075277,51.552266],[-0.075214,51.552264],[-0.075066,51.552258],[-0.075025,51.552257],[-0.074953,51.552246],[-0.074956,51.552219],[-0.074963,51.55217],[-0.074975,51.552067],[-0.074953,51.552065],[-0.074837,51.55206],[-0.074393,51.55204],[-0.074343,51.552038],[-0.074342,51.552034],[-0.074346,51.55193],[-0.074354,51.551858],[-0.074327,51.551861],[-0.074202,51.551876],[-0.074166,51.551874],[-0.074058,51.551808],[-0.074038,51.55179],[-0.07403,51.551786],[-0.073959,51.551746],[-0.073953,51.551748],[-0.073946,51.551749],[-0.073828,51.551771],[-0.073411,51.551802],[-0.073369,51.551848],[-0.073241,51.551984],[-0.073235,51.551984],[-0.073233,51.55198],[-0.073212,51.551959],[-0.073066,51.551812],[-0.072918,51.551665],[-0.072916,51.551663],[-0.072901,51.551663],[-0.072891,51.551663],[-0.072797,51.55169],[-0.072784,51.551693],[-0.072741,51.551717],[-0.072728,51.551723],[-0.0727,51.551754],[-0.072696,51.551759],[-0.072632,51.551954],[-0.072155,51.55193],[-0.07199,51.551922],[-0.071981,51.551921],[-0.071963,51.55192],[-0.071895,51.551917],[-0.07182,51.551988],[-0.071797,51.552007],[-0.07174,51.552058],[-0.07173,51.552067],[-0.071733,51.552079],[-0.07169,51.552102],[-0.071686,51.552105],[-0.071673,51.552117],[-0.07167,51.55212],[-0.071614,51.552147],[-0.071508,51.552198],[-0.071445,51.552224],[-0.071324,51.552275],[-0.071302,51.552285],[-0.071185,51.552328],[-0.071045,51.55238],[-0.070846,51.552453],[-0.070672,51.552517],[-0.070657,51.552526],[-0.070569,51.552569],[-0.070426,51.552654],[-0.070273,51.552744],[-0.070184,51.552806],[-0.070086,51.552732],[-0.06997,51.552766],[-0.069838,51.552809],[-0.06975,51.552843],[-0.069646,51.552905],[-0.069561,51.552835],[-0.069533,51.552812],[-0.069471,51.552761]]]}},{"type":"Feature","properties":{"LSOA21CD":"E01001749","LSOA21NM":"Hackney 020B","MEAN_PTAL_":"5","mean_AI":20.9047652488,"borough":"Hackney"},"geometry":{"type":"Polygon","coordinates":[[[-0.065163,51.547199],[-0.065162,51.547168],[-0.065085,51.547172],[-0.065082,51.547116],[-0.065027,51.547117],[-0.065027,51.547113],[-0.065027,51.547105],[-0.065026,51.5471],[-0.065024,51.547048],[-0.065023,51.547039],[-0.065023,51.547034],[-0.065023,51.547029],[-0.065022,51.547015],[-0.065021,51.547006],[-0.065005,51.546969],[-0.065003,51.546964],[-0.064988,51.546931],[-0.064984,51.546922],[-0.064968,51.546886],[-0.064929,51.546888],[-0.064898,51.546889],[-0.064893,51.54688],[-0.06488,51.546853],[-0.064878,51.546847],[-0.064872,51.546834],[-0.064848,51.546784],[-0.064847,51.546781],[-0.06484,51.546767],[-0.06476,51.546666],[-0.064751,51.546655],[-0.064736,51.546641],[-0.064715,51.546621],[-0.064707,51.546613],[-0.064687,51.546594],[-0.064669,51.546577],[-0.064599,51.546576],[-0.064599,51.546559],[-0.0646,51.54655],[-0.064602,51.546484],[-0.064529,51.54648],[-0.064528,51.546425],[-0.064528,51.546418],[-0.064528,51.54632],[-0.06452,51.54626],[-0.064515,51.546229],[-0.06451,51.546185],[-0.064506,51.546166],[-0.064392,51.546156],[-0.06431,51.546149],[-0.064283,51.546147],[-0.064158,51.546136],[-0.064002,51.546123],[-0.063989,51.546122],[-0.063842,51.546109],[-0.063841,51.546106],[-0.063836,51.546096],[-0.063834,51.546092],[-0.063812,51.546051],[-0.063692,51.545825],[-0.063689,51.545819],[-0.063687,51.545815],[-0.06368,51.545801],[-0.063657,51.545759],[-0.063655,51.545755],[-0.063556,51.545569],[-0.063493,51.545449],[-0.063791,51.545431],[-0.063821,51.545429],[-0.063995,51.545418],[-0.064091,51.545412],[-0.064359,51.545396],[-0.064488,51.545388],[-0.064554,51.545384],[-0.064627,51.545379],[-0.064641,51.545378],[-0.06464,51.545371],[-0.064637,51.545353],[-0.064633,51.545326],[-0.064626,51.545285],[-0.064596,51.5451],[-0.064583,51.544972],[-0.064565,51.544804],[-0.064565,51.544797],[-0.064559,51.544742],[-0.064546,51.544617],[-0.064541,51.544573],[-0.064525,51.544415],[-0.064521,51.544379],[-0.064521,51.544375],[-0.064493,51.544109],[-0.06449,51.544078],[-0.064489,51.544075],[-0.064489,51.54407],[-0.064474,51.543929],[-0.064467,51.543843],[-0.064467,51.543837],[-0.064465,51.543812],[-0.064461,51.543758],[-0.064451,51.543623],[-0.064447,51.543572],[-0.064447,51.543566],[-0.064646,51.543543],[-0.064749,51.543546],[-0.064863,51.543565],[-0.064974,51.5436],[-0.065083,51.543646],[-0.065096,51.543646],[-0.065178,51.54365],[-0.065202,51.543648],[-0.065255,51.543649],[-0.065265,51.543648],[-0.065313,51.543641],[-0.065407,51.543635],[-0.065529,51.543637],[-0.065555,51.54364],[-0.06568,51.543637],[-0.065698,51.543639],[-0.065703,51.543666],[-0.065716,51.543728],[-0.065804,51.543888],[-0.065875,51.544017],[-0.065749,51.544045],[-0.065743,51.544046],[-0.065723,51.544047],[-0.065723,51.54405],[-0.065738,51.544161],[-0.065763,51.544358],[-0.065791,51.544362],[-0.065862,51.544301],[-0.066119,51.544306],[-0.066175,51.544307],[-0.066254,51.54433],[-0.066336,51.544386],[-0.066428,51.544437],[-0.066421,51.544484],[-0.066431,51.544573],[-0.066438,51.544585],[-0.066451,51.54463],[-0.066454,51.544655],[-0.066459,51.544672],[-0.066458,51.544696],[-0.06643,51.544834],[-0.066432,51.544842],[-0.066437,51.544902],[-0.066439,51.544909],[-0.066565,51.544945],[-0.066597,51.544949],[-0.066767,51.544966],[-0.066773,51.544966],[-0.066844,51.544965],[-0.066856,51.544963],[-0.066865,51.54496],[-0.066967,51.544928],[-0.067045,51.544903],[-0.067079,51.544922],[-0.067137,51.544954],[-0.067143,51.544954],[-0.067201,51.544958],[-0.06721,51.544958],[-0.067326,51.544955],[-0.067336,51.544955],[-0.067355,51.544952],[-0.067423,51.544937],[-0.067451,51.544931],[-0.067474,51.544926],[-0.067525,51.544908],[-0.067541,51.544898],[-0.067674,51.544814],[-0.067684,51.544808],[-0.067721,51.54483],[-0.067743,51.544847],[-0.067779,51.54488],[-0.067853,51.54491],[-0.067957,51.544983],[-0.067929,51.545108],[-0.067926,51.545124],[-0.067932,51.545143],[-0.067932,51.545146],[-0.067981,51.545142],[-0.068051,51.545136],[-0.068064,51.545135],[-0.068071,51.545132],[-0.068389,51.545106],[-0.068387,51.545085],[-0.069104,51.545058],[-0.069109,51.545094],[-0.069105,51.545143],[-0.069113,51.545177],[-0.069122,51.545193],[-0.069139,51.545266],[-0.069134,51.545312],[-0.069135,51.54534],[-0.069132,51.545362],[-0.069135,51.545395],[-0.069136,51.545408],[-0.069138,51.545417],[-0.069144,51.545435],[-0.069145,51.54544],[-0.069174,51.545477],[-0.069179,51.545483],[-0.069204,51.545525],[-0.069219,51.545592],[-0.06923,51.545605],[-0.069253,51.545654],[-0.069256,51.545666],[-0.069305,51.545746],[-0.069417,51.545819],[-0.069282,51.546003],[-0.06962,51.546088],[-0.06966,51.546098],[-0.069655,51.546117],[-0.069652,51.54613],[-0.069624,51.546245],[-0.069607,51.546313],[-0.069585,51.546319],[-0.069561,51.546326],[-0.069549,51.54633],[-0.06954,51.546331],[-0.069491,51.546338],[-0.069462,51.546337],[-0.069405,51.546327],[-0.06917,51.54629],[-0.06916,51.546292],[-0.069147,51.546305],[-0.069105,51.546349],[-0.068872,51.546593],[-0.068866,51.546599],[-0.068853,51.546606],[-0.068841,51.546632],[-0.068838,51.546639],[-0.068845,51.546691],[-0.068853,51.546745],[-0.068853,51.546754],[-0.068851,51.546759],[-0.068848,51.546771],[-0.068803,51.546856],[-0.068804,51.54686],[-0.068815,51.546875],[-0.068834,51.546923],[-0.068838,51.546934],[-0.068821,51.547007],[-0.068764,51.547113],[-0.068747,51.547144],[-0.06873,51.547151],[-0.068684,51.547171],[-0.068677,51.547174],[-0.068734,51.547294],[-0.06874,51.547308],[-0.068732,51.547358],[-0.068422,51.547558],[-0.068411,51.547565],[-0.068363,51.547618],[-0.068259,51.547613],[-0.068176,51.547608],[-0.06817,51.547608],[-0.068164,51.547608],[-0.068146,51.547607],[-0.06798,51.547598],[-0.067966,51.547597],[-0.067952,51.547596],[-0.067858,51.547591],[-0.067775,51.547587],[-0.067741,51.547585],[-0.067732,51.547584],[-0.0677,51.547583],[-0.067683,51.547582],[-0.067559,51.547575],[-0.067551,51.547574],[-0.067456,51.547569],[-0.067424,51.547568],[-0.067404,51.547566],[-0.067152,51.547553],[-0.067102,51.54755],[-0.06704,51.547547],[-0.066903,51.54754],[-0.06683,51.547536],[-0.066634,51.547525],[-0.066509,51.547519],[-0.066425,51.547514],[-0.066301,51.547507],[-0.066107,51.547497],[-0.065759,51.547478],[-0.065677,51.547474],[-0.065607,51.54747],[-0.065552,51.547467],[-0.065483,51.547464],[-0.065434,51.547461],[-0.065369,51.547458],[-0.065304,51.547454],[-0.065209,51.547448],[-0.065214,51.547326],[-0.065216,51.547288],[-0.065202,51.547272],[-0.065174,51.547241],[-0.065163,51.547229],[-0.065163,51.547206],[-0.065163,51.547199]]]}},{"type":"Feature","properties":{"LSOA21CD":"E01001750","LSOA21NM":"Hackney 031D","MEAN_PTAL_":"4","mean_AI":16.7618143304,"borough":"Hackney"},"geometry":{"type":"Polygon","coordinates":[[[-0.080099,51.542744],[-0.080085,51.542726],[-0.080013,51.542716],[-0.079951,51.542715],[-0.079941,51.542715],[-0.079924,51.542711],[-0.07978,51.542678],[-0.079727,51.542666],[-0.079643,51.542658],[-0.079575,51.542651],[-0.079513,51.542645],[-0.079243,51.542619],[-0.079203,51.542615],[-0.07908,51.542603],[-0.079066,51.542601],[-0.07907,51.54259],[-0.079108,51.542454],[-0.079114,51.542431],[-0.07913,51.542374],[-0.079137,51.54235],[-0.079148,51.542311],[-0.079165,51.54225],[-0.079182,51.54219],[-0.079191,51.542158],[-0.079193,51.542149],[-0.079198,51.542131],[-0.079224,51.542038],[-0.079227,51.542019],[-0.079207,51.542044],[-0.079178,51.542069],[-0.078812,51.541989],[-0.078806,51.541989],[-0.078799,51.541989],[-0.078736,51.541997],[-0.078677,51.542018],[-0.078547,51.541974],[-0.078452,51.541942],[-0.078356,51.541939],[-0.078314,51.541942],[-0.0783,51.541943],[-0.078274,51.541935],[-0.07796,51.541914],[-0.077945,51.541912],[-0.077938,51.54189],[-0.077928,51.541861],[-0.077919,51.54189],[-0.077896,51.541968],[-0.077879,51.542021],[-0.077865,51.542058],[-0.077858,51.542066],[-0.077857,51.542073],[-0.077852,51.54209],[-0.077849,51.542103],[-0.077844,51.542123],[-0.077845,51.542133],[-0.077836,51.542163],[-0.077835,51.542167],[-0.077833,51.54217],[-0.077831,51.542179],[-0.077826,51.542193],[-0.077822,51.542211],[-0.077814,51.542237],[-0.077813,51.542241],[-0.077813,51.542246],[-0.077811,51.542254],[-0.077807,51.542268],[-0.077795,51.542303],[-0.077791,51.542315],[-0.077752,51.54244],[-0.07775,51.542449],[-0.077755,51.542455],[-0.077753,51.542464],[-0.077745,51.542463],[-0.077717,51.54246],[-0.077327,51.542422],[-0.077325,51.542416],[-0.07722,51.542403],[-0.077213,51.542403],[-0.077133,51.542403],[-0.077124,51.542403],[-0.07711,51.542401],[-0.077099,51.5424],[-0.07692,51.542383],[-0.076869,51.542378],[-0.076806,51.542372],[-0.076315,51.542324],[-0.07633,51.542213],[-0.076338,51.542146],[-0.076346,51.542092],[-0.076346,51.542088],[-0.076353,51.542039],[-0.076358,51.542003],[-0.076358,51.541998],[-0.076359,51.54199],[-0.076362,51.541969],[-0.076366,51.54194],[-0.076367,51.541935],[-0.076369,51.541918],[-0.07637,51.541911],[-0.076371,51.541904],[-0.076371,51.541901],[-0.076374,51.541883],[-0.076381,51.541843],[-0.076383,51.541833],[-0.076384,51.541825],[-0.076385,51.54182],[-0.076391,51.541784],[-0.076397,51.541747],[-0.076398,51.541742],[-0.076402,51.541717],[-0.076409,51.541677],[-0.076414,51.541646],[-0.076417,51.541627],[-0.076418,51.541624],[-0.076426,51.541573],[-0.076428,51.541564],[-0.076433,51.541533],[-0.076435,51.541518],[-0.076437,51.541511],[-0.076454,51.541407],[-0.076455,51.541403],[-0.076457,51.541392],[-0.076459,51.541378],[-0.076459,51.541375],[-0.076462,51.541357],[-0.076463,51.541349],[-0.076466,51.541326],[-0.076466,51.541323],[-0.076471,51.541285],[-0.076473,51.541271],[-0.076476,51.541249],[-0.076479,51.541228],[-0.07648,51.541224],[-0.076481,51.541217],[-0.076488,51.541164],[-0.07649,51.541146],[-0.076497,51.541093],[-0.076498,51.54109],[-0.076504,51.541044],[-0.076518,51.540934],[-0.076519,51.540927],[-0.07653,51.540843],[-0.076533,51.540827],[-0.076534,51.54082],[-0.076534,51.540817],[-0.076551,51.540691],[-0.076567,51.540572],[-0.076583,51.540455],[-0.076591,51.540396],[-0.0766,51.540328],[-0.076604,51.540294],[-0.07661,51.540254],[-0.076611,51.540245],[-0.076612,51.540241],[-0.076613,51.540228],[-0.07662,51.540177],[-0.076631,51.540095],[-0.076639,51.540036],[-0.076644,51.539975],[-0.076646,51.539947],[-0.076649,51.539918],[-0.07665,51.539907],[-0.076654,51.539855],[-0.076654,51.539851],[-0.076662,51.539761],[-0.076666,51.539707],[-0.076679,51.539545],[-0.07669,51.539417],[-0.076693,51.53938],[-0.076696,51.539333],[-0.076698,51.539304],[-0.076701,51.539275],[-0.076703,51.539253],[-0.07671,51.539176],[-0.076714,51.539077],[-0.076714,51.539076],[-0.076717,51.539002],[-0.076785,51.539006],[-0.077036,51.53902],[-0.07732,51.539037],[-0.077334,51.539037],[-0.077481,51.539046],[-0.07767,51.539057],[-0.077738,51.539061],[-0.07786,51.539067],[-0.078203,51.539087],[-0.078212,51.539088],[-0.078306,51.539093],[-0.078452,51.539101],[-0.078468,51.539102],[-0.078562,51.539108],[-0.078705,51.539126],[-0.078708,51.539115],[-0.07875,51.538976],[-0.078807,51.538783],[-0.078831,51.538703],[-0.079003,51.538812],[-0.079008,51.538816],[-0.079014,51.538814],[-0.079628,51.538641],[-0.079629,51.538632],[-0.079639,51.53851],[-0.07964,51.538495],[-0.079999,51.538412],[-0.080006,51.538372],[-0.080029,51.538226],[-0.080029,51.538224],[-0.080041,51.53815],[-0.080058,51.538049],[-0.080073,51.53795],[-0.080093,51.53783],[-0.080104,51.537758],[-0.080106,51.53775],[-0.080109,51.537731],[-0.080117,51.537676],[-0.080209,51.537682],[-0.08021,51.53767],[-0.080215,51.537629],[-0.080222,51.537564],[-0.080226,51.537531],[-0.080247,51.537347],[-0.080118,51.53733],[-0.080096,51.537327],[-0.079931,51.537306],[-0.079913,51.537304],[-0.079809,51.53729],[-0.079784,51.537287],[-0.079662,51.537275],[-0.079638,51.537272],[-0.079294,51.537236],[-0.079094,51.537085],[-0.079055,51.537055],[-0.079297,51.53693],[-0.079366,51.536895],[-0.079791,51.536831],[-0.079847,51.536823],[-0.08,51.536766],[-0.080134,51.536716],[-0.080251,51.53655],[-0.080333,51.536432],[-0.080342,51.53642],[-0.080866,51.53647],[-0.080882,51.536471],[-0.08111,51.536493],[-0.081132,51.536496],[-0.081242,51.536506],[-0.081368,51.536518],[-0.081507,51.536532],[-0.081513,51.536532],[-0.081513,51.536539],[-0.081586,51.536545],[-0.081839,51.536564],[-0.081851,51.536565],[-0.081852,51.53656],[-0.081858,51.536566],[-0.081887,51.536569],[-0.081882,51.536592],[-0.081846,51.536773],[-0.081834,51.536833],[-0.081814,51.536927],[-0.081807,51.536973],[-0.081805,51.536984],[-0.081796,51.537035],[-0.081791,51.537069],[-0.081791,51.537071],[-0.081787,51.537092],[-0.081768,51.537209],[-0.081756,51.537277],[-0.081745,51.537317],[-0.081737,51.537344],[-0.081718,51.537407],[-0.081706,51.537447],[-0.08169,51.537492],[-0.082041,51.537494],[-0.082051,51.537497],[-0.082175,51.537527],[-0.08218,51.537529],[-0.082191,51.537546],[-0.082331,51.537709],[-0.082336,51.537715],[-0.082345,51.537755],[-0.082348,51.537768],[-0.082337,51.537825],[-0.082307,51.537868],[-0.0823,51.537877],[-0.082258,51.53791],[-0.082247,51.537919],[-0.082153,51.537973],[-0.082135,51.537983],[-0.08213,51.537986],[-0.082125,51.537989],[-0.082073,51.538012],[-0.082068,51.538014],[-0.082054,51.538012],[-0.082025,51.538007],[-0.082008,51.538006],[-0.081974,51.538002],[-0.081907,51.538],[-0.081889,51.538],[-0.081878,51.538001],[-0.08187,51.538002],[-0.081668,51.538018],[-0.081655,51.538019],[-0.081611,51.537996],[-0.081567,51.537923],[-0.081559,51.53791],[-0.081558,51.537907],[-0.081551,51.537891],[-0.08155,51.537895],[-0.081541,51.53792],[-0.081515,51.537995],[-0.081514,51.537997],[-0.081511,51.538007],[-0.08146,51.538153],[-0.081373,51.538415],[-0.081334,51.538534],[-0.08129,51.538518],[-0.081255,51.538505],[-0.081243,51.538501],[-0.081207,51.538488],[-0.081116,51.538459],[-0.081099,51.538455],[-0.081073,51.538448],[-0.081001,51.538434],[-0.080958,51.538428],[-0.080927,51.538424],[-0.080831,51.538416],[-0.080815,51.538415],[-0.080793,51.538414],[-0.08075,51.538415],[-0.080709,51.538416],[-0.080629,51.538422],[-0.0806,51.538425],[-0.080594,51.538426],[-0.080517,51.538439],[-0.080503,51.538442],[-0.080502,51.538444],[-0.080359,51.538864],[-0.080322,51.538973],[-0.080647,51.539033],[-0.080643,51.539232],[-0.080643,51.539236],[-0.080826,51.539248],[-0.080851,51.539249],[-0.080983,51.539256],[-0.081083,51.539262],[-0.081095,51.539263],[-0.081081,51.53928],[-0.08108,51.539283],[-0.081073,51.539308],[-0.081019,51.539499],[-0.081018,51.539506],[-0.080982,51.539633],[-0.08098,51.539637],[-0.080972,51.539666],[-0.080946,51.539764],[-0.080938,51.539791],[-0.080902,51.539922],[-0.0809,51.53993],[-0.080896,51.539942],[-0.080876,51.540012],[-0.080875,51.540022],[-0.080874,51.540025],[-0.080873,51.540028],[-0.080872,51.540031],[-0.080872,51.540035],[-0.08086,51.540081],[-0.080854,51.540092],[-0.080844,51.540127],[-0.080843,51.540131],[-0.080833,51.540164],[-0.080794,51.540292],[-0.080779,51.540342],[-0.080777,51.54035],[-0.080761,51.540403],[-0.080759,51.540408],[-0.080748,51.540445],[-0.080706,51.540585],[-0.080659,51.540739],[-0.080639,51.540843],[-0.080618,51.54095],[-0.080617,51.540956],[-0.080622,51.540957],[-0.080621,51.540963],[-0.080627,51.540964],[-0.080615,51.540974],[-0.080609,51.541027],[-0.080608,51.541034],[-0.080602,51.541034],[-0.080533,51.54134],[-0.08053,51.541349],[-0.080802,51.541335],[-0.080807,51.541335],[-0.080918,51.541344],[-0.080924,51.541345],[-0.080961,51.541358],[-0.081072,51.541397],[-0.081118,51.54142],[-0.081171,51.541446],[-0.081175,51.541448],[-0.08115,51.541525],[-0.081146,51.541538],[-0.081146,51.541541],[-0.081129,51.541603],[-0.081127,51.541608],[-0.081126,51.541615],[-0.081124,51.541638],[-0.081119,51.541659],[-0.081115,51.541676],[-0.081108,51.541692],[-0.081098,51.541748],[-0.08109,51.541764],[-0.081084,51.541792],[-0.081077,51.54183],[-0.081077,51.541834],[-0.081063,51.541882],[-0.081054,51.541912],[-0.081054,51.541919],[-0.081049,51.54195],[-0.081043,51.541985],[-0.081012,51.542061],[-0.081012,51.542069],[-0.081003,51.542106],[-0.080998,51.542129],[-0.080991,51.542147],[-0.080985,51.542195],[-0.080976,51.542215],[-0.080974,51.542219],[-0.080973,51.542231],[-0.080971,51.542243],[-0.080862,51.542305],[-0.080774,51.542371],[-0.080735,51.542452],[-0.080728,51.542529],[-0.08077,51.542611],[-0.080771,51.542614],[-0.08077,51.542617],[-0.080764,51.54275],[-0.080747,51.542754],[-0.080743,51.542757],[-0.08073,51.542767],[-0.080726,51.54277],[-0.080632,51.542762],[-0.080545,51.542761],[-0.080502,51.54276],[-0.08043,51.542759],[-0.080242,51.542739],[-0.080229,51.542737],[-0.080184,51.542764],[-0.080176,51.542763],[-0.080152,51.542763],[-0.080141,51.542763],[-0.080133,51.542757],[-0.080127,51.542754],[-0.080099,51.542744]]]}},{"type":"Feature","properties":{"LSOA21CD":"E01001751","LSOA21NM":"Hackney 031B","MEAN_PTAL_":"4","mean_AI":17.517989498,"borough":"Hackney"},"geometry":{"type":"Polygon","coordinates":[[[-0.082766,51.545345],[-0.082761,51.545344],[-0.082746,51.545346],[-0.082659,51.545355],[-0.082634,51.545358],[-0.082586,51.545358],[-0.082557,51.545359],[-0.08254,51.545356],[-0.08251,51.545352],[-0.082457,51.545342],[-0.082433,51.545337],[-0.08242,51.54533],[-0.082319,51.545314],[-0.082298,51.545311],[-0.082287,51.545309],[-0.082183,51.545299],[-0.082177,51.545298],[-0.082098,51.545303],[-0.082008,51.545289],[-0.081987,51.545286],[-0.081954,51.545273],[-0.08195,51.545272],[-0.081861,51.545259],[-0.081854,51.545258],[-0.081841,51.545256],[-0.081728,51.545249],[-0.081626,51.545257],[-0.081594,51.54526],[-0.081566,51.545265],[-0.081561,51.545271],[-0.08147,51.545306],[-0.081397,51.545327],[-0.081296,51.545335],[-0.081101,51.545332],[-0.080975,51.54533],[-0.080943,51.545294],[-0.080966,51.545182],[-0.080975,51.545137],[-0.080992,51.545059],[-0.081001,51.545013],[-0.081029,51.544877],[-0.08103,51.544874],[-0.081052,51.544862],[-0.081053,51.544859],[-0.081058,51.544848],[-0.081034,51.544846],[-0.080907,51.544833],[-0.080735,51.544817],[-0.08069,51.544812],[-0.08053,51.544797],[-0.080515,51.544795],[-0.080317,51.544776],[-0.080219,51.544766],[-0.080147,51.544759],[-0.079915,51.544737],[-0.079883,51.544727],[-0.079821,51.544721],[-0.07984,51.544713],[-0.079857,51.544573],[-0.080155,51.544499],[-0.080317,51.544459],[-0.080334,51.544453],[-0.080344,51.544449],[-0.080401,51.544428],[-0.080469,51.544398],[-0.080469,51.544389],[-0.080474,51.544328],[-0.080473,51.544323],[-0.080473,51.544318],[-0.080476,51.544308],[-0.080486,51.544285],[-0.080496,51.544264],[-0.080497,51.544254],[-0.080501,51.544203],[-0.080502,51.544197],[-0.080505,51.54419],[-0.080506,51.544186],[-0.080511,51.544167],[-0.080523,51.544135],[-0.080523,51.544127],[-0.080529,51.544043],[-0.080534,51.544028],[-0.080555,51.543972],[-0.080557,51.543967],[-0.080588,51.5439],[-0.080597,51.54388],[-0.0806,51.543874],[-0.080605,51.543854],[-0.080609,51.543826],[-0.080608,51.543816],[-0.08061,51.543798],[-0.080616,51.543755],[-0.080617,51.543747],[-0.080619,51.543744],[-0.080625,51.54372],[-0.08063,51.543701],[-0.080634,51.543688],[-0.080638,51.543675],[-0.080637,51.543642],[-0.080643,51.543631],[-0.080674,51.543578],[-0.080691,51.543513],[-0.080693,51.543509],[-0.080701,51.543488],[-0.080709,51.543465],[-0.080712,51.543448],[-0.080714,51.543443],[-0.080715,51.543438],[-0.08072,51.543422],[-0.08072,51.543419],[-0.080722,51.543401],[-0.08073,51.543368],[-0.080738,51.543348],[-0.080739,51.543343],[-0.080743,51.543335],[-0.080747,51.543321],[-0.08075,51.543308],[-0.080751,51.543302],[-0.080756,51.543287],[-0.080759,51.543268],[-0.080761,51.543252],[-0.080761,51.543232],[-0.080761,51.543223],[-0.080764,51.543209],[-0.080765,51.543205],[-0.080767,51.543196],[-0.080768,51.543193],[-0.080768,51.543186],[-0.080653,51.54312],[-0.080642,51.543115],[-0.080595,51.543081],[-0.08058,51.543069],[-0.080561,51.543035],[-0.080541,51.542999],[-0.080541,51.542942],[-0.080557,51.542917],[-0.080577,51.542887],[-0.080726,51.54277],[-0.08073,51.542767],[-0.080743,51.542757],[-0.080747,51.542754],[-0.080764,51.54275],[-0.08077,51.542617],[-0.080771,51.542614],[-0.08077,51.542611],[-0.080728,51.542529],[-0.080735,51.542452],[-0.080774,51.542371],[-0.080862,51.542305],[-0.080971,51.542243],[-0.080973,51.542231],[-0.080974,51.542219],[-0.080976,51.542215],[-0.080985,51.542195],[-0.080991,51.542147],[-0.080998,51.542129],[-0.081003,51.542106],[-0.081012,51.542069],[-0.081012,51.542061],[-0.081043,51.541985],[-0.081049,51.54195],[-0.081054,51.541919],[-0.081054,51.541912],[-0.081063,51.541882],[-0.081077,51.541834],[-0.081077,51.54183],[-0.081084,51.541792],[-0.08109,51.541764],[-0.081098,51.541748],[-0.081108,51.541692],[-0.081115,51.541676],[-0.081119,51.541659],[-0.081124,51.541638],[-0.081126,51.541615],[-0.081127,51.541608],[-0.081129,51.541603],[-0.081146,51.541541],[-0.081146,51.541538],[-0.08115,51.541525],[-0.081175,51.541448],[-0.081171,51.541446],[-0.081118,51.54142],[-0.081072,51.541397],[-0.080961,51.541358],[-0.080924,51.541345],[-0.080918,51.541344],[-0.080807,51.541335],[-0.080802,51.541335],[-0.08053,51.541349],[-0.080533,51.54134],[-0.080602,51.541034],[-0.080608,51.541034],[-0.080609,51.541027],[-0.080615,51.540974],[-0.080627,51.540964],[-0.080621,51.540963],[-0.080622,51.540957],[-0.080617,51.540956],[-0.080618,51.54095],[-0.080639,51.540843],[-0.080659,51.540739],[-0.080706,51.540585],[-0.080722,51.540588],[-0.08101,51.540645],[-0.081027,51.540646],[-0.081119,51.540651],[-0.08124,51.540631],[-0.081239,51.540626],[-0.081232,51.540506],[-0.081286,51.540397],[-0.081386,51.540316],[-0.081434,51.540286],[-0.081466,51.540271],[-0.081468,51.540265],[-0.081471,51.540261],[-0.081503,51.540218],[-0.081514,51.540196],[-0.081519,51.540187],[-0.081525,51.540174],[-0.08153,51.540159],[-0.081529,51.540153],[-0.081495,51.539991],[-0.081519,51.539938],[-0.081521,51.539934],[-0.08155,51.539898],[-0.081602,51.53988],[-0.081618,51.53987],[-0.081634,51.539859],[-0.081638,51.539856],[-0.081662,51.539833],[-0.081669,51.539825],[-0.081681,51.539813],[-0.081704,51.539781],[-0.081706,51.539776],[-0.081741,51.539695],[-0.081761,51.53965],[-0.081809,51.539633],[-0.081822,51.539632],[-0.081916,51.539621],[-0.08193,51.53962],[-0.08208,51.539635],[-0.08209,51.539638],[-0.082265,51.539684],[-0.082269,51.539682],[-0.082275,51.539679],[-0.082295,51.539669],[-0.082599,51.539669],[-0.082728,51.539704],[-0.082726,51.539812],[-0.082724,51.539815],[-0.08271,51.539848],[-0.082706,51.539857],[-0.0827,51.539893],[-0.082698,51.539906],[-0.082699,51.539914],[-0.0827,51.53992],[-0.0827,51.539937],[-0.0827,51.53994],[-0.0827,51.539946],[-0.082695,51.539959],[-0.082689,51.539974],[-0.082687,51.539988],[-0.082686,51.539996],[-0.082662,51.540034],[-0.082658,51.540041],[-0.082653,51.540094],[-0.082653,51.540098],[-0.082652,51.540109],[-0.082645,51.540149],[-0.082643,51.540154],[-0.08264,51.540161],[-0.082639,51.540166],[-0.082634,51.540173],[-0.082618,51.540199],[-0.082604,51.540243],[-0.082604,51.540248],[-0.082602,51.540258],[-0.082596,51.540281],[-0.082592,51.540297],[-0.082592,51.5403],[-0.082602,51.540364],[-0.082606,51.540372],[-0.082625,51.540414],[-0.082658,51.540462],[-0.082712,51.540519],[-0.082718,51.540525],[-0.082935,51.540414],[-0.082948,51.540407],[-0.082954,51.540404],[-0.082958,51.540396],[-0.083013,51.540287],[-0.083028,51.540269],[-0.083033,51.540264],[-0.083089,51.540223],[-0.083094,51.540219],[-0.083073,51.540171],[-0.083071,51.540158],[-0.083065,51.540117],[-0.083068,51.540104],[-0.083075,51.540076],[-0.083147,51.539982],[-0.08315,51.53998],[-0.083156,51.539975],[-0.083155,51.539967],[-0.083136,51.539876],[-0.083136,51.539872],[-0.083142,51.539859],[-0.083198,51.53974],[-0.083209,51.539737],[-0.083611,51.539632],[-0.083554,51.539839],[-0.083535,51.539912],[-0.083526,51.539943],[-0.083507,51.540014],[-0.083504,51.540025],[-0.083487,51.540085],[-0.083473,51.540139],[-0.083456,51.540199],[-0.083439,51.540262],[-0.083436,51.540274],[-0.083446,51.540275],[-0.08349,51.540282],[-0.083464,51.54036],[-0.083476,51.540421],[-0.083468,51.540429],[-0.083476,51.54043],[-0.08357,51.540445],[-0.083937,51.540497],[-0.083942,51.540497],[-0.08394,51.540495],[-0.083884,51.540452],[-0.083885,51.540444],[-0.083917,51.540299],[-0.083921,51.540297],[-0.084025,51.540212],[-0.084035,51.540207],[-0.08406,51.540193],[-0.084067,51.540194],[-0.084179,51.540227],[-0.084208,51.540231],[-0.084268,51.54024],[-0.084284,51.540242],[-0.084309,51.540241],[-0.084328,51.540244],[-0.084355,51.540247],[-0.084361,51.540248],[-0.084369,51.54025],[-0.084415,51.540271],[-0.084427,51.540274],[-0.084442,51.540277],[-0.084467,51.540283],[-0.084487,51.540289],[-0.084554,51.540301],[-0.084559,51.540301],[-0.0846,51.540304],[-0.08461,51.540304],[-0.084847,51.540286],[-0.084857,51.540306],[-0.084895,51.540383],[-0.084781,51.540605],[-0.084773,51.540608],[-0.084768,51.54061],[-0.084758,51.540614],[-0.084771,51.540615],[-0.08529,51.540689],[-0.085292,51.540684],[-0.085294,51.540679],[-0.085345,51.540686],[-0.085343,51.540691],[-0.085329,51.540725],[-0.085294,51.540813],[-0.085277,51.540855],[-0.085249,51.540925],[-0.085228,51.540977],[-0.085221,51.540996],[-0.085201,51.541047],[-0.085192,51.541068],[-0.085173,51.541115],[-0.085161,51.541146],[-0.085157,51.541154],[-0.08512,51.541248],[-0.085112,51.541267],[-0.085074,51.541362],[-0.085057,51.541405],[-0.085005,51.541534],[-0.084994,51.54156],[-0.084978,51.541601],[-0.084957,51.541654],[-0.084918,51.54175],[-0.084914,51.54176],[-0.084907,51.541778],[-0.084842,51.54194],[-0.084805,51.542033],[-0.084801,51.542043],[-0.084797,51.542051],[-0.084773,51.542111],[-0.08477,51.54212],[-0.084748,51.542173],[-0.084746,51.54218],[-0.084735,51.542206],[-0.084731,51.542218],[-0.084698,51.542299],[-0.084694,51.542308],[-0.084692,51.542313],[-0.08469,51.54232],[-0.084664,51.542384],[-0.084658,51.542399],[-0.084653,51.542412],[-0.084645,51.542432],[-0.084642,51.542441],[-0.084636,51.542455],[-0.084619,51.542498],[-0.084617,51.542502],[-0.084592,51.542568],[-0.084546,51.542686],[-0.084541,51.542698],[-0.084538,51.542707],[-0.084516,51.542763],[-0.084502,51.542797],[-0.084494,51.542818],[-0.084493,51.542821],[-0.084489,51.54283],[-0.084482,51.542849],[-0.084474,51.54287],[-0.084468,51.542884],[-0.084445,51.542944],[-0.084414,51.543022],[-0.084407,51.543042],[-0.084372,51.54313],[-0.08437,51.543137],[-0.084355,51.543173],[-0.084301,51.543312],[-0.0843,51.543315],[-0.084272,51.543386],[-0.084256,51.543428],[-0.084243,51.543461],[-0.084234,51.543485],[-0.084229,51.543495],[-0.084221,51.543518],[-0.0842,51.543572],[-0.084195,51.543584],[-0.084189,51.543598],[-0.084179,51.543623],[-0.084162,51.543668],[-0.084152,51.543695],[-0.084123,51.543767],[-0.084119,51.543777],[-0.084116,51.543786],[-0.084088,51.543858],[-0.084065,51.543917],[-0.084062,51.543923],[-0.084059,51.543932],[-0.084038,51.543987],[-0.084027,51.544016],[-0.084024,51.544026],[-0.084008,51.544068],[-0.083979,51.544146],[-0.083968,51.544175],[-0.083953,51.544215],[-0.083944,51.544238],[-0.083941,51.544247],[-0.083937,51.544257],[-0.083927,51.544286],[-0.083915,51.544318],[-0.083911,51.544329],[-0.083888,51.544388],[-0.083872,51.544433],[-0.083867,51.544445],[-0.083857,51.544472],[-0.083846,51.544501],[-0.083841,51.544515],[-0.083816,51.544583],[-0.083814,51.544588],[-0.083799,51.544627],[-0.083796,51.544637],[-0.083775,51.544691],[-0.083771,51.544702],[-0.083751,51.544757],[-0.083742,51.544779],[-0.083736,51.544795],[-0.083722,51.544835],[-0.083706,51.544878],[-0.083672,51.544968],[-0.083652,51.54502],[-0.083635,51.545065],[-0.083633,51.545076],[-0.083629,51.545097],[-0.083622,51.54513],[-0.083617,51.545154],[-0.083603,51.545225],[-0.083612,51.545289],[-0.083616,51.545314],[-0.083621,51.545348],[-0.083622,51.545353],[-0.083627,51.545384],[-0.083628,51.545392],[-0.083634,51.545432],[-0.083635,51.545438],[-0.083644,51.545495],[-0.083652,51.545546],[-0.083658,51.545587],[-0.08366,51.545601],[-0.083662,51.545615],[-0.083663,51.545622],[-0.083664,51.545629],[-0.083676,51.545704],[-0.083677,51.545714],[-0.083685,51.545765],[-0.083691,51.545807],[-0.083696,51.545838],[-0.083749,51.546181],[-0.083733,51.546185],[-0.083384,51.546132],[-0.083331,51.546124],[-0.083196,51.546103],[-0.083172,51.546099],[-0.083191,51.54608],[-0.083196,51.546073],[-0.083266,51.545834],[-0.083229,51.545809],[-0.083196,51.545787],[-0.083154,51.545758],[-0.083143,51.545752],[-0.083173,51.545626],[-0.083172,51.545616],[-0.083171,51.545594],[-0.08315,51.545541],[-0.083077,51.54548],[-0.083033,51.545442],[-0.082985,51.545413],[-0.082975,51.545401],[-0.082967,51.545391],[-0.08284,51.545362],[-0.082766,51.545345]]]}},{"type":"Feature","properties":{"LSOA21CD":"E01001753","LSOA21NM":"Hackney 025B","MEAN_PTAL_":"3","mean_AI":11.6490188812,"borough":"Hackney"},"geometry":{"type":"Polygon","coordinates":[[[-0.080982,51.539633],[-0.081018,51.539506],[-0.081019,51.539499],[-0.081073,51.539308],[-0.08108,51.539283],[-0.081081,51.53928],[-0.081095,51.539263],[-0.081083,51.539262],[-0.080983,51.539256],[-0.080851,51.539249],[-0.080826,51.539248],[-0.080643,51.539236],[-0.080643,51.539232],[-0.080647,51.539033],[-0.080322,51.538973],[-0.080359,51.538864],[-0.080502,51.538444],[-0.080503,51.538442],[-0.080517,51.538439],[-0.080594,51.538426],[-0.0806,51.538425],[-0.080629,51.538422],[-0.080709,51.538416],[-0.08075,51.538415],[-0.080793,51.538414],[-0.080815,51.538415],[-0.080831,51.538416],[-0.080927,51.538424],[-0.080958,51.538428],[-0.081001,51.538434],[-0.081073,51.538448],[-0.081099,51.538455],[-0.081116,51.538459],[-0.081207,51.538488],[-0.081243,51.538501],[-0.081255,51.538505],[-0.08129,51.538518],[-0.081334,51.538534],[-0.081373,51.538415],[-0.08146,51.538153],[-0.081511,51.538007],[-0.081514,51.537997],[-0.081515,51.537995],[-0.081541,51.53792],[-0.08155,51.537895],[-0.081551,51.537891],[-0.081558,51.537907],[-0.081559,51.53791],[-0.081567,51.537923],[-0.081611,51.537996],[-0.081655,51.538019],[-0.081668,51.538018],[-0.08187,51.538002],[-0.081878,51.538001],[-0.081889,51.538],[-0.081907,51.538],[-0.081974,51.538002],[-0.082008,51.538006],[-0.082025,51.538007],[-0.082054,51.538012],[-0.082068,51.538014],[-0.082073,51.538012],[-0.082125,51.537989],[-0.08213,51.537986],[-0.082135,51.537983],[-0.082153,51.537973],[-0.082247,51.537919],[-0.082258,51.53791],[-0.0823,51.537877],[-0.082307,51.537868],[-0.082337,51.537825],[-0.082348,51.537768],[-0.082345,51.537755],[-0.082336,51.537715],[-0.082331,51.537709],[-0.082191,51.537546],[-0.08218,51.537529],[-0.082175,51.537527],[-0.082051,51.537497],[-0.082041,51.537494],[-0.08169,51.537492],[-0.081706,51.537447],[-0.081718,51.537407],[-0.081737,51.537344],[-0.081745,51.537317],[-0.081756,51.537277],[-0.081768,51.537209],[-0.081787,51.537092],[-0.081791,51.537071],[-0.081791,51.537069],[-0.081796,51.537035],[-0.081805,51.536984],[-0.081807,51.536973],[-0.081814,51.536927],[-0.081834,51.536833],[-0.081846,51.536773],[-0.081882,51.536592],[-0.081887,51.536569],[-0.081909,51.536467],[-0.081915,51.53647],[-0.082019,51.536509],[-0.082133,51.536472],[-0.0824,51.536671],[-0.082405,51.536671],[-0.083165,51.536732],[-0.083169,51.536728],[-0.083234,51.536641],[-0.083333,51.536651],[-0.083674,51.536663],[-0.084034,51.536694],[-0.084068,51.536697],[-0.084095,51.536699],[-0.084094,51.536746],[-0.084091,51.536883],[-0.084063,51.536902],[-0.083992,51.536951],[-0.083912,51.537104],[-0.083868,51.537189],[-0.083772,51.537374],[-0.083776,51.537376],[-0.083897,51.537511],[-0.084238,51.537597],[-0.08458,51.537683],[-0.084588,51.537681],[-0.084603,51.537677],[-0.084885,51.537617],[-0.084897,51.537614],[-0.085158,51.537577],[-0.085273,51.537597],[-0.085423,51.537644],[-0.085534,51.537843],[-0.085613,51.537983],[-0.085655,51.538058],[-0.085662,51.538067],[-0.085692,51.538107],[-0.085733,51.538157],[-0.085553,51.538253],[-0.085489,51.538287],[-0.085474,51.5383],[-0.085349,51.538287],[-0.084978,51.538248],[-0.084927,51.538243],[-0.084807,51.538205],[-0.084788,51.538199],[-0.084731,51.538181],[-0.08466,51.538176],[-0.084622,51.538173],[-0.084548,51.538167],[-0.084483,51.538162],[-0.084475,51.538167],[-0.084292,51.538287],[-0.084406,51.538447],[-0.084276,51.538511],[-0.083969,51.53866],[-0.083931,51.538679],[-0.083916,51.538689],[-0.08391,51.538694],[-0.083908,51.538697],[-0.083897,51.538707],[-0.083819,51.538752],[-0.083819,51.538759],[-0.083819,51.538808],[-0.083819,51.538829],[-0.083819,51.538907],[-0.083819,51.538928],[-0.083819,51.538948],[-0.083737,51.538942],[-0.083691,51.539294],[-0.083687,51.539322],[-0.083673,51.539413],[-0.08367,51.539416],[-0.083657,51.539464],[-0.083611,51.539632],[-0.083209,51.539737],[-0.083198,51.53974],[-0.083142,51.539859],[-0.083136,51.539872],[-0.083136,51.539876],[-0.083155,51.539967],[-0.083156,51.539975],[-0.08315,51.53998],[-0.083147,51.539982],[-0.083075,51.540076],[-0.083068,51.540104],[-0.083065,51.540117],[-0.083071,51.540158],[-0.083073,51.540171],[-0.083094,51.540219],[-0.083089,51.540223],[-0.083033,51.540264],[-0.083028,51.540269],[-0.083013,51.540287],[-0.082958,51.540396],[-0.082954,51.540404],[-0.082948,51.540407],[-0.082935,51.540414],[-0.082718,51.540525],[-0.082712,51.540519],[-0.082658,51.540462],[-0.082625,51.540414],[-0.082606,51.540372],[-0.082602,51.540364],[-0.082592,51.5403],[-0.082592,51.540297],[-0.082596,51.540281],[-0.082602,51.540258],[-0.082604,51.540248],[-0.082604,51.540243],[-0.082618,51.540199],[-0.082634,51.540173],[-0.082639,51.540166],[-0.08264,51.540161],[-0.082643,51.540154],[-0.082645,51.540149],[-0.082652,51.540109],[-0.082653,51.540098],[-0.082653,51.540094],[-0.082658,51.540041],[-0.082662,51.540034],[-0.082686,51.539996],[-0.082687,51.539988],[-0.082689,51.539974],[-0.082695,51.539959],[-0.0827,51.539946],[-0.0827,51.53994],[-0.0827,51.539937],[-0.0827,51.53992],[-0.082699,51.539914],[-0.082698,51.539906],[-0.0827,51.539893],[-0.082706,51.539857],[-0.08271,51.539848],[-0.082724,51.539815],[-0.082726,51.539812],[-0.082728,51.539704],[-0.082599,51.539669],[-0.082295,51.539669],[-0.082275,51.539679],[-0.082269,51.539682],[-0.082265,51.539684],[-0.08209,51.539638],[-0.08208,51.539635],[-0.08193,51.53962],[-0.081916,51.539621],[-0.081822,51.539632],[-0.081809,51.539633],[-0.081761,51.53965],[-0.081741,51.539695],[-0.081706,51.539776],[-0.081704,51.539781],[-0.081681,51.539813],[-0.081669,51.539825],[-0.081662,51.539833],[-0.081638,51.539856],[-0.081634,51.539859],[-0.081618,51.53987],[-0.081602,51.53988],[-0.08155,51.539898],[-0.081521,51.539934],[-0.081519,51.539938],[-0.081495,51.539991],[-0.081529,51.540153],[-0.08153,51.540159],[-0.081525,51.540174],[-0.081519,51.540187],[-0.081514,51.540196],[-0.081503,51.540218],[-0.081471,51.540261],[-0.081468,51.540265],[-0.081466,51.540271],[-0.081434,51.540286],[-0.081386,51.540316],[-0.081286,51.540397],[-0.081232,51.540506],[-0.081239,51.540626],[-0.08124,51.540631],[-0.081119,51.540651],[-0.081027,51.540646],[-0.08101,51.540645],[-0.080722,51.540588],[-0.080706,51.540585],[-0.080748,51.540445],[-0.080759,51.540408],[-0.080761,51.540403],[-0.080777,51.54035],[-0.080779,51.540342],[-0.080794,51.540292],[-0.080833,51.540164],[-0.080843,51.540131],[-0.080844,51.540127],[-0.080854,51.540092],[-0.08086,51.540081],[-0.080872,51.540035],[-0.080872,51.540031],[-0.080873,51.540028],[-0.080874,51.540025],[-0.080875,51.540022],[-0.080876,51.540012],[-0.080896,51.539942],[-0.0809,51.53993],[-0.080902,51.539922],[-0.080938,51.539791],[-0.080946,51.539764],[-0.080972,51.539666],[-0.08098,51.539637],[-0.080982,51.539633]]]}},{"type":"Feature","properties":{"LSOA21CD":"E01001755","LSOA21NM":"Hackney 025D","MEAN_PTAL_":"3","mean_AI":13.9949019465,"borough":"Hackney"},"geometry":{"type":"Polygon","coordinates":[[[-0.080382,51.535488],[-0.080361,51.535483],[-0.080338,51.535482],[-0.080368,51.535442],[-0.080415,51.535377],[-0.080438,51.535346],[-0.080478,51.535291],[-0.080463,51.535275],[-0.080413,51.535222],[-0.080401,51.535209],[-0.080366,51.535171],[-0.08036,51.535165],[-0.08025,51.535046],[-0.080199,51.534991],[-0.080194,51.534989],[-0.080093,51.535011],[-0.079934,51.535046],[-0.07991,51.535052],[-0.079803,51.535075],[-0.079774,51.535063],[-0.079769,51.535061],[-0.079716,51.535063],[-0.079558,51.53507],[-0.079171,51.535086],[-0.079152,51.535087],[-0.07911,51.535089],[-0.078836,51.53532],[-0.078771,51.535302],[-0.078726,51.535289],[-0.078767,51.535258],[-0.07877,51.535184],[-0.078761,51.53513],[-0.078443,51.534991],[-0.078388,51.534967],[-0.078384,51.534965],[-0.07832,51.535017],[-0.07819,51.535122],[-0.078149,51.535156],[-0.077836,51.535179],[-0.077828,51.535199],[-0.077925,51.535282],[-0.077744,51.535431],[-0.077736,51.535438],[-0.077401,51.535376],[-0.07735,51.535335],[-0.077145,51.535349],[-0.07692,51.535345],[-0.076931,51.535202],[-0.076931,51.535199],[-0.076939,51.535094],[-0.076942,51.535061],[-0.076955,51.534943],[-0.076959,51.534913],[-0.07696,51.534902],[-0.076972,51.534804],[-0.076984,51.534697],[-0.076991,51.534642],[-0.076994,51.53461],[-0.077003,51.534537],[-0.077005,51.534521],[-0.07701,51.53446],[-0.077017,51.534386],[-0.077028,51.534261],[-0.077028,51.534258],[-0.077038,51.534141],[-0.077047,51.534042],[-0.077057,51.533929],[-0.07707,51.533781],[-0.077079,51.533683],[-0.077081,51.533657],[-0.077082,51.533648],[-0.077086,51.533604],[-0.077093,51.533523],[-0.077095,51.5335],[-0.077097,51.533481],[-0.077105,51.533391],[-0.077107,51.533365],[-0.077119,51.533363],[-0.077124,51.533363],[-0.077134,51.533361],[-0.077543,51.533311],[-0.077691,51.533305],[-0.077933,51.533295],[-0.077939,51.533295],[-0.078068,51.533289],[-0.078081,51.533289],[-0.078206,51.533284],[-0.078256,51.533282],[-0.078332,51.533279],[-0.07861,51.533267],[-0.078619,51.533267],[-0.078985,51.533252],[-0.079201,51.53324],[-0.079377,51.533229],[-0.079454,51.533225],[-0.079646,51.533214],[-0.079847,51.533202],[-0.080055,51.533191],[-0.080084,51.533189],[-0.08009,51.533146],[-0.08013,51.532851],[-0.080138,51.53279],[-0.080146,51.532736],[-0.080146,51.532732],[-0.080151,51.532732],[-0.08046,51.532741],[-0.080466,51.532742],[-0.080658,51.532747],[-0.080709,51.532745],[-0.080727,51.532744],[-0.080741,51.532743],[-0.080766,51.532742],[-0.080796,51.53274],[-0.080958,51.532727],[-0.080966,51.532727],[-0.081311,51.5327],[-0.081317,51.532699],[-0.08137,51.532695],[-0.082026,51.532649],[-0.082033,51.532648],[-0.082289,51.53263],[-0.082295,51.53263],[-0.082478,51.532617],[-0.082604,51.532607],[-0.082744,51.532598],[-0.083028,51.532578],[-0.083037,51.532577],[-0.083051,51.532701],[-0.083062,51.532893],[-0.083054,51.533017],[-0.083054,51.53302],[-0.083054,51.533026],[-0.083033,51.53315],[-0.083031,51.53316],[-0.083028,51.533177],[-0.083026,51.533197],[-0.083024,51.53321],[-0.083013,51.533294],[-0.082996,51.533417],[-0.08299,51.533461],[-0.082989,51.533475],[-0.082986,51.533495],[-0.082977,51.533565],[-0.082967,51.533635],[-0.082935,51.533879],[-0.082926,51.533942],[-0.082913,51.534039],[-0.082908,51.534076],[-0.082869,51.534372],[-0.082871,51.534438],[-0.082875,51.534588],[-0.082875,51.534596],[-0.082876,51.534628],[-0.082876,51.53466],[-0.082877,51.534672],[-0.082878,51.534717],[-0.082892,51.534885],[-0.082893,51.5349],[-0.082894,51.534922],[-0.08286,51.535038],[-0.082839,51.535068],[-0.082799,51.535127],[-0.082796,51.535129],[-0.082765,51.535123],[-0.081856,51.534953],[-0.081639,51.535287],[-0.08165,51.535349],[-0.081652,51.535359],[-0.081653,51.535367],[-0.081177,51.535464],[-0.08108,51.535484],[-0.081045,51.535491],[-0.081032,51.535513],[-0.080998,51.53557],[-0.080959,51.535636],[-0.080922,51.53566],[-0.080866,51.535641],[-0.080708,51.535589],[-0.080646,51.535568],[-0.080639,51.535566],[-0.080589,51.535549],[-0.080509,51.535523],[-0.080504,51.535521],[-0.080488,51.535517],[-0.080382,51.535488]]]}},{"type":"Feature","properties":{"LSOA21CD":"E01001756","LSOA21NM":"Hackney 030C","MEAN_PTAL_":"6a","mean_AI":25.218352596,"borough":"Hackney"},"geometry":{"type":"Polygon","coordinates":[[[-0.07686,51.546086],[-0.076813,51.546081],[-0.076788,51.546083],[-0.076533,51.546101],[-0.076484,51.546104],[-0.076438,51.54611],[-0.075743,51.546196],[-0.075684,51.546204],[-0.075686,51.546194],[-0.075689,51.546177],[-0.075693,51.546155],[-0.075698,51.546125],[-0.075724,51.545986],[-0.075728,51.545961],[-0.075756,51.54581],[-0.075758,51.545797],[-0.075761,51.545782],[-0.075767,51.545746],[-0.07577,51.545732],[-0.075771,51.545727],[-0.075776,51.545705],[-0.075776,51.545702],[-0.075789,51.545645],[-0.075796,51.545614],[-0.075805,51.545571],[-0.07581,51.54555],[-0.075831,51.545452],[-0.075835,51.545437],[-0.075844,51.545394],[-0.075844,51.545392],[-0.075849,51.545371],[-0.075858,51.545329],[-0.07586,51.545322],[-0.075872,51.545266],[-0.075875,51.545254],[-0.075883,51.545215],[-0.075899,51.545142],[-0.0759,51.545138],[-0.075904,51.545122],[-0.075909,51.545099],[-0.075911,51.545087],[-0.075913,51.545075],[-0.075917,51.545048],[-0.075945,51.544848],[-0.075946,51.544835],[-0.075948,51.544825],[-0.07595,51.544809],[-0.075961,51.544728],[-0.075963,51.544714],[-0.075971,51.544652],[-0.075975,51.544628],[-0.07598,51.544588],[-0.07599,51.54452],[-0.075998,51.544459],[-0.076002,51.544436],[-0.07601,51.54439],[-0.07601,51.544386],[-0.076014,51.544366],[-0.076014,51.544362],[-0.076019,51.544334],[-0.076051,51.544143],[-0.076052,51.544135],[-0.076086,51.54393],[-0.076088,51.543916],[-0.076091,51.543899],[-0.076093,51.543884],[-0.076096,51.54387],[-0.0761,51.543843],[-0.076101,51.543838],[-0.076102,51.54383],[-0.076106,51.543809],[-0.076107,51.543801],[-0.076109,51.543788],[-0.076112,51.543774],[-0.076113,51.543766],[-0.07613,51.543664],[-0.076132,51.543651],[-0.076132,51.543649],[-0.076134,51.543641],[-0.076137,51.543616],[-0.076143,51.543572],[-0.076145,51.543561],[-0.076153,51.54351],[-0.076154,51.543497],[-0.076155,51.543491],[-0.076164,51.543432],[-0.076164,51.543428],[-0.076172,51.543372],[-0.076178,51.543332],[-0.076184,51.54329],[-0.076186,51.543275],[-0.076187,51.543271],[-0.076188,51.543262],[-0.076201,51.543173],[-0.076207,51.543132],[-0.076211,51.543101],[-0.076212,51.543096],[-0.076213,51.54309],[-0.076218,51.543058],[-0.076219,51.543049],[-0.076226,51.543],[-0.076227,51.542986],[-0.076231,51.542955],[-0.076237,51.542916],[-0.076239,51.542897],[-0.076242,51.542876],[-0.076242,51.542873],[-0.076249,51.54282],[-0.07625,51.542811],[-0.076253,51.542793],[-0.076255,51.542775],[-0.076262,51.542721],[-0.076264,51.542708],[-0.076265,51.5427],[-0.076274,51.542631],[-0.076277,51.542611],[-0.076278,51.5426],[-0.076279,51.542596],[-0.076279,51.542593],[-0.076284,51.54256],[-0.076292,51.542499],[-0.076294,51.542481],[-0.076297,51.542456],[-0.076305,51.542396],[-0.076314,51.542332],[-0.076315,51.542324],[-0.076806,51.542372],[-0.076869,51.542378],[-0.07692,51.542383],[-0.077099,51.5424],[-0.07711,51.542401],[-0.077124,51.542403],[-0.077133,51.542403],[-0.077213,51.542403],[-0.07722,51.542403],[-0.077325,51.542416],[-0.077327,51.542422],[-0.077717,51.54246],[-0.077745,51.542463],[-0.077753,51.542464],[-0.077755,51.542455],[-0.07775,51.542449],[-0.077752,51.54244],[-0.077791,51.542315],[-0.077795,51.542303],[-0.077807,51.542268],[-0.077811,51.542254],[-0.077813,51.542246],[-0.077813,51.542241],[-0.077814,51.542237],[-0.077822,51.542211],[-0.077826,51.542193],[-0.077831,51.542179],[-0.077833,51.54217],[-0.077835,51.542167],[-0.077836,51.542163],[-0.077845,51.542133],[-0.077844,51.542123],[-0.077849,51.542103],[-0.077852,51.54209],[-0.077857,51.542073],[-0.077858,51.542066],[-0.077865,51.542058],[-0.077879,51.542021],[-0.077896,51.541968],[-0.077919,51.54189],[-0.077928,51.541861],[-0.077938,51.54189],[-0.077945,51.541912],[-0.07796,51.541914],[-0.078274,51.541935],[-0.0783,51.541943],[-0.078314,51.541942],[-0.078356,51.541939],[-0.078452,51.541942],[-0.078547,51.541974],[-0.078677,51.542018],[-0.078736,51.541997],[-0.078799,51.541989],[-0.078806,51.541989],[-0.078812,51.541989],[-0.079178,51.542069],[-0.079207,51.542044],[-0.079227,51.542019],[-0.079224,51.542038],[-0.079198,51.542131],[-0.079193,51.542149],[-0.079191,51.542158],[-0.079182,51.54219],[-0.079165,51.54225],[-0.079148,51.542311],[-0.079137,51.54235],[-0.07913,51.542374],[-0.079114,51.542431],[-0.079108,51.542454],[-0.07907,51.54259],[-0.079066,51.542601],[-0.07908,51.542603],[-0.079203,51.542615],[-0.079243,51.542619],[-0.079513,51.542645],[-0.079575,51.542651],[-0.079643,51.542658],[-0.079727,51.542666],[-0.07978,51.542678],[-0.079924,51.542711],[-0.079941,51.542715],[-0.079951,51.542715],[-0.080013,51.542716],[-0.080085,51.542726],[-0.080099,51.542744],[-0.080127,51.542754],[-0.080133,51.542757],[-0.080141,51.542763],[-0.080152,51.542763],[-0.080176,51.542763],[-0.080184,51.542764],[-0.080229,51.542737],[-0.080242,51.542739],[-0.08043,51.542759],[-0.080502,51.54276],[-0.080545,51.542761],[-0.080632,51.542762],[-0.080726,51.54277],[-0.080577,51.542887],[-0.080557,51.542917],[-0.080541,51.542942],[-0.080541,51.542999],[-0.080561,51.543035],[-0.08058,51.543069],[-0.080595,51.543081],[-0.080642,51.543115],[-0.080653,51.54312],[-0.080768,51.543186],[-0.080768,51.543193],[-0.080767,51.543196],[-0.080765,51.543205],[-0.080764,51.543209],[-0.080761,51.543223],[-0.080761,51.543232],[-0.080761,51.543252],[-0.080759,51.543268],[-0.080756,51.543287],[-0.080751,51.543302],[-0.08075,51.543308],[-0.080747,51.543321],[-0.080743,51.543335],[-0.080739,51.543343],[-0.080738,51.543348],[-0.08073,51.543368],[-0.080722,51.543401],[-0.08072,51.543419],[-0.08072,51.543422],[-0.080715,51.543438],[-0.080714,51.543443],[-0.080712,51.543448],[-0.080709,51.543465],[-0.080701,51.543488],[-0.080693,51.543509],[-0.080691,51.543513],[-0.080674,51.543578],[-0.080643,51.543631],[-0.080637,51.543642],[-0.080638,51.543675],[-0.080634,51.543688],[-0.08063,51.543701],[-0.080625,51.54372],[-0.080619,51.543744],[-0.080617,51.543747],[-0.080616,51.543755],[-0.08061,51.543798],[-0.080608,51.543816],[-0.080609,51.543826],[-0.080605,51.543854],[-0.0806,51.543874],[-0.080597,51.54388],[-0.080588,51.5439],[-0.080557,51.543967],[-0.080555,51.543972],[-0.080534,51.544028],[-0.080529,51.544043],[-0.080523,51.544127],[-0.080523,51.544135],[-0.080511,51.544167],[-0.080506,51.544186],[-0.080505,51.54419],[-0.080502,51.544197],[-0.080501,51.544203],[-0.080497,51.544254],[-0.080496,51.544264],[-0.080486,51.544285],[-0.080476,51.544308],[-0.080473,51.544318],[-0.080473,51.544323],[-0.080474,51.544328],[-0.080469,51.544389],[-0.080469,51.544398],[-0.080401,51.544428],[-0.080344,51.544449],[-0.080334,51.544453],[-0.080317,51.544459],[-0.080155,51.544499],[-0.079857,51.544573],[-0.07984,51.544713],[-0.079821,51.544721],[-0.079883,51.544727],[-0.079915,51.544737],[-0.080147,51.544759],[-0.080219,51.544766],[-0.080317,51.544776],[-0.080515,51.544795],[-0.08053,51.544797],[-0.08069,51.544812],[-0.080735,51.544817],[-0.080907,51.544833],[-0.081034,51.544846],[-0.081058,51.544848],[-0.081053,51.544859],[-0.081052,51.544862],[-0.08103,51.544874],[-0.081029,51.544877],[-0.081001,51.545013],[-0.080992,51.545059],[-0.080975,51.545137],[-0.080966,51.545182],[-0.080943,51.545294],[-0.080975,51.54533],[-0.081101,51.545332],[-0.081296,51.545335],[-0.081397,51.545327],[-0.08147,51.545306],[-0.081561,51.545271],[-0.081566,51.545265],[-0.081594,51.54526],[-0.081626,51.545257],[-0.081728,51.545249],[-0.081841,51.545256],[-0.081854,51.545258],[-0.081861,51.545259],[-0.08195,51.545272],[-0.081954,51.545273],[-0.081987,51.545286],[-0.082008,51.545289],[-0.082098,51.545303],[-0.082177,51.545298],[-0.082183,51.545299],[-0.082287,51.545309],[-0.082298,51.545311],[-0.082319,51.545314],[-0.08242,51.54533],[-0.082433,51.545337],[-0.082457,51.545342],[-0.08251,51.545352],[-0.08254,51.545356],[-0.082557,51.545359],[-0.082586,51.545358],[-0.082634,51.545358],[-0.082659,51.545355],[-0.082746,51.545346],[-0.082761,51.545344],[-0.082766,51.545345],[-0.08284,51.545362],[-0.082967,51.545391],[-0.082975,51.545401],[-0.082985,51.545413],[-0.083033,51.545442],[-0.083077,51.54548],[-0.08315,51.545541],[-0.083171,51.545594],[-0.083172,51.545616],[-0.083173,51.545626],[-0.083143,51.545752],[-0.083154,51.545758],[-0.083196,51.545787],[-0.083229,51.545809],[-0.083266,51.545834],[-0.083196,51.546073],[-0.083191,51.54608],[-0.083172,51.546099],[-0.083196,51.546103],[-0.083331,51.546124],[-0.083384,51.546132],[-0.083733,51.546185],[-0.083749,51.546181],[-0.083783,51.546408],[-0.08381,51.546582],[-0.083812,51.546595],[-0.083812,51.546599],[-0.083812,51.546604],[-0.083788,51.546603],[-0.083748,51.546602],[-0.083579,51.546595],[-0.083361,51.546587],[-0.083323,51.546585],[-0.083267,51.546583],[-0.083246,51.546582],[-0.083169,51.546579],[-0.083139,51.546578],[-0.08292,51.546564],[-0.082879,51.546561],[-0.082745,51.546552],[-0.082711,51.54655],[-0.082673,51.546547],[-0.082594,51.546542],[-0.0825,51.546536],[-0.08247,51.546534],[-0.082455,51.546533],[-0.082413,51.54653],[-0.082408,51.54653],[-0.082375,51.546528],[-0.082335,51.546525],[-0.082309,51.546523],[-0.082275,51.546521],[-0.082212,51.546517],[-0.082196,51.546516],[-0.082103,51.54651],[-0.082028,51.546505],[-0.082013,51.546504],[-0.081934,51.546499],[-0.081878,51.546495],[-0.081858,51.546494],[-0.081843,51.546493],[-0.081736,51.546486],[-0.081623,51.546478],[-0.081533,51.546472],[-0.081428,51.546465],[-0.081374,51.546462],[-0.081362,51.546461],[-0.081308,51.546457],[-0.081256,51.546454],[-0.081251,51.546453],[-0.081223,51.546452],[-0.08114,51.546446],[-0.081078,51.546442],[-0.081024,51.546438],[-0.080953,51.546434],[-0.080931,51.546432],[-0.080654,51.546414],[-0.080558,51.546408],[-0.080523,51.546405],[-0.080504,51.546404],[-0.080466,51.546401],[-0.080328,51.546392],[-0.080306,51.546391],[-0.08025,51.546387],[-0.080209,51.546384],[-0.080102,51.546377],[-0.080059,51.546375],[-0.080051,51.546374],[-0.079973,51.546369],[-0.079934,51.546366],[-0.079907,51.546364],[-0.079793,51.546357],[-0.079784,51.546356],[-0.079769,51.546355],[-0.079718,51.546352],[-0.079709,51.546351],[-0.079695,51.54635],[-0.079667,51.546348],[-0.079628,51.546345],[-0.079557,51.54634],[-0.079541,51.546339],[-0.079456,51.546332],[-0.079443,51.546331],[-0.079381,51.546326],[-0.079241,51.546316],[-0.079234,51.546315],[-0.079211,51.546313],[-0.079076,51.546303],[-0.079039,51.5463],[-0.078977,51.546296],[-0.078901,51.54629],[-0.078882,51.546288],[-0.078783,51.546281],[-0.078701,51.546274],[-0.078655,51.546271],[-0.078631,51.546269],[-0.078627,51.546269],[-0.078605,51.546267],[-0.078491,51.546258],[-0.078485,51.546258],[-0.078296,51.546243],[-0.078278,51.546241],[-0.078258,51.546239],[-0.078239,51.546237],[-0.078122,51.546224],[-0.078074,51.546219],[-0.078035,51.546215],[-0.077995,51.546211],[-0.077988,51.54621],[-0.077908,51.546201],[-0.077862,51.546196],[-0.077853,51.546195],[-0.077698,51.546178],[-0.077674,51.546175],[-0.07766,51.546174],[-0.077635,51.546171],[-0.077615,51.546169],[-0.077575,51.546165],[-0.077512,51.546158],[-0.077431,51.546149],[-0.077404,51.546146],[-0.07739,51.546144],[-0.077339,51.546139],[-0.077294,51.546134],[-0.077217,51.546125],[-0.07716,51.546119],[-0.077106,51.546113],[-0.077035,51.546106],[-0.07686,51.546086]]]}},{"type":"Feature","properties":{"LSOA21CD":"E01001757","LSOA21NM":"Hackney 016C","MEAN_PTAL_":"5","mean_AI":23.7124531685,"borough":"Hackney"},"geometry":{"type":"Polygon","coordinates":[[[-0.055924,51.551923],[-0.055889,51.55182],[-0.055887,51.551816],[-0.05586,51.551739],[-0.055839,51.55169],[-0.055838,51.551687],[-0.055835,51.551679],[-0.055808,51.551616],[-0.055777,51.551555],[-0.055773,51.551548],[-0.05577,51.551541],[-0.05576,51.551522],[-0.055732,51.551467],[-0.055717,51.551435],[-0.055711,51.551422],[-0.055708,51.551415],[-0.055706,51.551412],[-0.0557,51.551399],[-0.055698,51.551394],[-0.05567,51.551329],[-0.055668,51.551325],[-0.055659,51.551305],[-0.055644,51.551269],[-0.055619,51.551212],[-0.055611,51.551194],[-0.055608,51.551187],[-0.055585,51.551136],[-0.05558,51.551124],[-0.055572,51.551106],[-0.055564,51.551089],[-0.055558,51.551074],[-0.055541,51.551037],[-0.055531,51.551015],[-0.055516,51.55098],[-0.055515,51.550977],[-0.055492,51.550926],[-0.055489,51.550919],[-0.055485,51.550911],[-0.055484,51.550908],[-0.055655,51.550888],[-0.055791,51.550872],[-0.055886,51.550862],[-0.055915,51.550858],[-0.056011,51.550847],[-0.056069,51.55084],[-0.056138,51.550833],[-0.056169,51.550829],[-0.056245,51.55082],[-0.056297,51.550814],[-0.056303,51.550814],[-0.05632,51.550812],[-0.056462,51.550795],[-0.056467,51.550795],[-0.056536,51.550787],[-0.056568,51.550783],[-0.05658,51.550782],[-0.056632,51.550776],[-0.056729,51.550765],[-0.056764,51.550761],[-0.056833,51.550753],[-0.056928,51.550742],[-0.056954,51.550739],[-0.056962,51.550738],[-0.057012,51.550732],[-0.057077,51.550725],[-0.057115,51.55072],[-0.05712,51.55072],[-0.057146,51.550717],[-0.057285,51.550701],[-0.057293,51.5507],[-0.057374,51.550691],[-0.057421,51.550701],[-0.057483,51.550722],[-0.0575,51.550727],[-0.057553,51.550751],[-0.057563,51.550757],[-0.057653,51.550789],[-0.057663,51.550794],[-0.057702,51.550783],[-0.057807,51.550761],[-0.0579,51.550747],[-0.057927,51.550745],[-0.058004,51.550742],[-0.058047,51.550745],[-0.058027,51.550689],[-0.058215,51.550666],[-0.058391,51.550645],[-0.058423,51.550609],[-0.058888,51.550562],[-0.058953,51.550576],[-0.058829,51.550846],[-0.05882,51.550865],[-0.058805,51.550897],[-0.058678,51.551172],[-0.058632,51.551242],[-0.058628,51.551248],[-0.058638,51.551259],[-0.058633,51.55127],[-0.058631,51.551275],[-0.058512,51.551533],[-0.058416,51.551739],[-0.058513,51.551826],[-0.058635,51.551848],[-0.058754,51.551869],[-0.059285,51.551561],[-0.059293,51.551563],[-0.05946,51.551595],[-0.059401,51.551664],[-0.059215,51.552014],[-0.059331,51.552049],[-0.059421,51.552077],[-0.059814,51.552198],[-0.059686,51.552323],[-0.059661,51.552347],[-0.059695,51.552482],[-0.059644,51.552489],[-0.059478,51.552512],[-0.059329,51.552532],[-0.059188,51.552552],[-0.05918,51.552553],[-0.059112,51.552563],[-0.059098,51.552564],[-0.059075,51.552568],[-0.059001,51.552578],[-0.058495,51.552646],[-0.058204,51.552686],[-0.0581,51.5527],[-0.058094,51.552701],[-0.057991,51.552715],[-0.057973,51.552717],[-0.05794,51.552722],[-0.057595,51.552769],[-0.057514,51.55278],[-0.057509,51.55278],[-0.057329,51.552807],[-0.05728,51.552814],[-0.057,51.552855],[-0.056933,51.552865],[-0.056841,51.552878],[-0.056826,51.55288],[-0.056787,51.552886],[-0.056634,51.552909],[-0.056513,51.552926],[-0.056394,51.552944],[-0.056361,51.552948],[-0.056291,51.552959],[-0.05621,51.55297],[-0.056211,51.552901],[-0.056211,51.552889],[-0.056196,51.55283],[-0.056181,51.552772],[-0.056163,51.5527],[-0.056148,51.552646],[-0.056129,51.552581],[-0.056109,51.55251],[-0.056087,51.552432],[-0.056084,51.552422],[-0.056075,51.55239],[-0.056066,51.552361],[-0.05605,51.552304],[-0.056016,51.552188],[-0.055959,51.55202],[-0.055932,51.551945],[-0.055928,51.551932],[-0.055926,51.551927],[-0.055924,51.551923]]]}},{"type":"Feature","properties":{"LSOA21CD":"E01001758","LSOA21NM":"Hackney 016D","MEAN_PTAL_":"5","mean_AI":24.059975092,"borough":"Hackney"},"geometry":{"type":"Polygon","coordinates":[[[-0.059293,51.551563],[-0.059285,51.551561],[-0.058754,51.551869],[-0.058635,51.551848],[-0.058513,51.551826],[-0.058416,51.551739],[-0.058512,51.551533],[-0.058631,51.551275],[-0.058633,51.55127],[-0.058638,51.551259],[-0.058628,51.551248],[-0.058632,51.551242],[-0.058678,51.551172],[-0.058805,51.550897],[-0.05882,51.550865],[-0.058829,51.550846],[-0.058953,51.550576],[-0.058888,51.550562],[-0.058423,51.550609],[-0.058391,51.550645],[-0.058215,51.550666],[-0.058027,51.550689],[-0.058047,51.550745],[-0.058004,51.550742],[-0.057927,51.550745],[-0.0579,51.550747],[-0.057807,51.550761],[-0.057702,51.550783],[-0.057663,51.550794],[-0.057653,51.550789],[-0.057563,51.550757],[-0.057553,51.550751],[-0.0575,51.550727],[-0.057483,51.550722],[-0.057421,51.550701],[-0.057374,51.550691],[-0.057293,51.5507],[-0.057285,51.550701],[-0.057146,51.550717],[-0.05712,51.55072],[-0.057115,51.55072],[-0.057077,51.550725],[-0.057012,51.550732],[-0.056962,51.550738],[-0.056954,51.550739],[-0.056928,51.550742],[-0.056833,51.550753],[-0.056764,51.550761],[-0.056729,51.550765],[-0.056632,51.550776],[-0.05658,51.550782],[-0.056568,51.550783],[-0.056536,51.550787],[-0.056467,51.550795],[-0.056462,51.550795],[-0.05632,51.550812],[-0.056303,51.550814],[-0.056297,51.550814],[-0.056245,51.55082],[-0.056169,51.550829],[-0.056138,51.550833],[-0.056069,51.55084],[-0.056011,51.550847],[-0.055915,51.550858],[-0.055886,51.550862],[-0.055791,51.550872],[-0.055655,51.550888],[-0.055484,51.550908],[-0.055451,51.550834],[-0.055449,51.550829],[-0.055429,51.550785],[-0.055427,51.550779],[-0.05541,51.55074],[-0.055405,51.55073],[-0.055393,51.550702],[-0.055388,51.550691],[-0.055375,51.550661],[-0.05537,51.550652],[-0.055362,51.550633],[-0.055359,51.550625],[-0.055354,51.550614],[-0.055347,51.5506],[-0.055339,51.550581],[-0.055329,51.550558],[-0.055321,51.550542],[-0.055305,51.550505],[-0.055304,51.550501],[-0.055302,51.550497],[-0.055292,51.550473],[-0.05529,51.550469],[-0.055287,51.550463],[-0.055284,51.550455],[-0.055519,51.550429],[-0.055561,51.550424],[-0.05563,51.550416],[-0.055652,51.550414],[-0.055694,51.550409],[-0.055752,51.550402],[-0.055788,51.550398],[-0.055794,51.550399],[-0.0558,51.550401],[-0.055881,51.550392],[-0.055939,51.550385],[-0.05595,51.550383],[-0.056032,51.550374],[-0.056059,51.55037],[-0.056093,51.550366],[-0.056101,51.550362],[-0.056122,51.550359],[-0.05613,51.550358],[-0.056188,51.550351],[-0.056334,51.550335],[-0.05634,51.550334],[-0.056345,51.550336],[-0.056373,51.550333],[-0.056425,51.550326],[-0.056431,51.550323],[-0.056491,51.550316],[-0.056578,51.550306],[-0.056633,51.5503],[-0.056637,51.550301],[-0.05665,51.550299],[-0.056666,51.550297],[-0.056783,51.550283],[-0.056792,51.550282],[-0.056812,51.55028],[-0.056907,51.550268],[-0.056928,51.550266],[-0.05693,51.550266],[-0.056962,51.550262],[-0.056993,51.550258],[-0.0571,51.550245],[-0.057151,51.550239],[-0.057167,51.550237],[-0.05718,51.550236],[-0.057251,51.550227],[-0.057318,51.550219],[-0.05735,51.550215],[-0.057426,51.550206],[-0.057453,51.550203],[-0.05752,51.550196],[-0.057579,51.550189],[-0.057699,51.550175],[-0.057758,51.550168],[-0.057762,51.550166],[-0.057808,51.550147],[-0.05782,51.550146],[-0.058101,51.550118],[-0.058121,51.550116],[-0.058125,51.550083],[-0.058126,51.550073],[-0.058123,51.550061],[-0.05811,51.550014],[-0.058057,51.549931],[-0.057974,51.549868],[-0.057944,51.54985],[-0.057759,51.54971],[-0.05799,51.549618],[-0.058084,51.549599],[-0.058167,51.549591],[-0.058205,51.549588],[-0.058315,51.549587],[-0.058395,51.549573],[-0.058415,51.549572],[-0.058547,51.549595],[-0.058637,51.54961],[-0.05888,51.549676],[-0.059076,51.549759],[-0.059115,51.549787],[-0.059374,51.549742],[-0.059387,51.54974],[-0.059395,51.549732],[-0.059455,51.549679],[-0.059619,51.549574],[-0.059644,51.549574],[-0.059661,51.549575],[-0.059676,51.549574],[-0.059769,51.54957],[-0.059777,51.549559],[-0.059764,51.54954],[-0.059765,51.549517],[-0.059765,51.549513],[-0.05978,51.549505],[-0.059812,51.549492],[-0.059823,51.549488],[-0.059826,51.549484],[-0.059844,51.54948],[-0.059835,51.549473],[-0.059872,51.54943],[-0.05997,51.549317],[-0.059967,51.54931],[-0.059919,51.549206],[-0.059902,51.549171],[-0.059603,51.54907],[-0.059536,51.549005],[-0.059523,51.548938],[-0.059536,51.548843],[-0.059538,51.548824],[-0.059446,51.548879],[-0.059356,51.548949],[-0.059175,51.549087],[-0.059181,51.549091],[-0.059154,51.54911],[-0.059147,51.549108],[-0.058966,51.549017],[-0.058783,51.548926],[-0.058625,51.548847],[-0.058438,51.548752],[-0.058371,51.548717],[-0.058212,51.54864],[-0.058175,51.548622],[-0.058083,51.548578],[-0.057956,51.548517],[-0.057948,51.548513],[-0.058009,51.548456],[-0.057938,51.548403],[-0.057866,51.548336],[-0.057847,51.548311],[-0.057816,51.548255],[-0.057911,51.548163],[-0.058363,51.548103],[-0.058443,51.54806],[-0.058493,51.548032],[-0.0585,51.547996],[-0.058547,51.547903],[-0.058551,51.547893],[-0.058567,51.547878],[-0.05865,51.54786],[-0.05869,51.547858],[-0.058755,51.547859],[-0.058868,51.547874],[-0.059017,51.547937],[-0.059053,51.547952],[-0.059125,51.547982],[-0.059133,51.547977],[-0.059208,51.547927],[-0.0592,51.54778],[-0.059267,51.547718],[-0.059279,51.547712],[-0.059383,51.547655],[-0.059406,51.547646],[-0.059434,51.547636],[-0.059443,51.547634],[-0.059534,51.547613],[-0.059543,51.547611],[-0.059619,51.547601],[-0.059633,51.547598],[-0.059642,51.547597],[-0.059674,51.547579],[-0.059733,51.547553],[-0.059767,51.547543],[-0.059848,51.547522],[-0.059888,51.547511],[-0.0599,51.547508],[-0.059705,51.547192],[-0.059939,51.547202],[-0.060023,51.547206],[-0.060648,51.547232],[-0.061044,51.547248],[-0.061058,51.547249],[-0.061172,51.547254],[-0.061962,51.547287],[-0.06224,51.547298],[-0.062399,51.547305],[-0.062423,51.547306],[-0.062448,51.547336],[-0.061996,51.547709],[-0.061927,51.547801],[-0.061884,51.547877],[-0.061745,51.547892],[-0.061424,51.547927],[-0.061206,51.547951],[-0.061172,51.547954],[-0.061165,51.547953],[-0.061093,51.547948],[-0.061075,51.547946],[-0.061061,51.547945],[-0.061029,51.547943],[-0.060977,51.547946],[-0.060844,51.547954],[-0.060821,51.547955],[-0.060797,51.547957],[-0.060779,51.547961],[-0.060652,51.547992],[-0.060622,51.547999],[-0.060215,51.548131],[-0.060196,51.548138],[-0.060208,51.54816],[-0.060278,51.548299],[-0.06029,51.548322],[-0.060345,51.548432],[-0.060357,51.548455],[-0.060399,51.548519],[-0.060403,51.548526],[-0.060546,51.548745],[-0.060237,51.548868],[-0.060325,51.549192],[-0.06033,51.549207],[-0.060316,51.549215],[-0.060379,51.54926],[-0.060414,51.549285],[-0.060419,51.549289],[-0.060515,51.549357],[-0.060595,51.549387],[-0.060696,51.549374],[-0.060726,51.549365],[-0.060759,51.549367],[-0.060909,51.549331],[-0.06096,51.54931],[-0.06106,51.549268],[-0.061275,51.549363],[-0.061294,51.549395],[-0.06129,51.549406],[-0.061218,51.54962],[-0.061316,51.54963],[-0.06133,51.549666],[-0.061333,51.549674],[-0.061335,51.549678],[-0.06143,51.549694],[-0.061456,51.549755],[-0.061535,51.549947],[-0.061558,51.550003],[-0.061587,51.550074],[-0.061628,51.550138],[-0.061673,51.55021],[-0.061695,51.550247],[-0.061699,51.550252],[-0.061753,51.550323],[-0.061758,51.55033],[-0.061771,51.550348],[-0.061777,51.550356],[-0.061943,51.550539],[-0.061954,51.550549],[-0.062082,51.550659],[-0.062071,51.55066],[-0.062049,51.55071],[-0.062078,51.550734],[-0.062091,51.550745],[-0.062225,51.550839],[-0.062242,51.550849],[-0.062316,51.550895],[-0.062437,51.55097],[-0.062636,51.551093],[-0.062891,51.551255],[-0.063918,51.551903],[-0.063922,51.551905],[-0.063905,51.551907],[-0.063073,51.55202],[-0.062282,51.552127],[-0.061292,51.552261],[-0.060945,51.552309],[-0.060938,51.55231],[-0.060506,51.55237],[-0.060434,51.55238],[-0.06043,51.55238],[-0.060131,51.552422],[-0.060033,51.552435],[-0.060016,51.552437],[-0.059945,51.552447],[-0.059695,51.552482],[-0.059661,51.552347],[-0.059686,51.552323],[-0.059814,51.552198],[-0.059421,51.552077],[-0.059331,51.552049],[-0.059215,51.552014],[-0.059401,51.551664],[-0.05946,51.551595],[-0.059293,51.551563]]]}},{"type":"Feature","properties":{"LSOA21CD":"E01001759","LSOA21NM":"Hackney 016E","MEAN_PTAL_":"5","mean_AI":21.1427716809,"borough":"Hackney"},"geometry":{"type":"Polygon","coordinates":[[[-0.061673,51.55021],[-0.061628,51.550138],[-0.061587,51.550074],[-0.061558,51.550003],[-0.061535,51.549947],[-0.061456,51.549755],[-0.06143,51.549694],[-0.061462,51.549699],[-0.061545,51.549714],[-0.061627,51.549725],[-0.061688,51.549734],[-0.061734,51.549744],[-0.061916,51.549782],[-0.061921,51.549783],[-0.061973,51.549794],[-0.062,51.5498],[-0.062051,51.549811],[-0.062145,51.54983],[-0.062254,51.549854],[-0.062274,51.549858],[-0.062447,51.549894],[-0.062474,51.5499],[-0.0625,51.549907],[-0.062552,51.549922],[-0.062739,51.549976],[-0.062803,51.549995],[-0.062876,51.550016],[-0.062989,51.550049],[-0.063002,51.550053],[-0.063109,51.550091],[-0.063128,51.550098],[-0.063186,51.55012],[-0.063186,51.550128],[-0.063266,51.550154],[-0.063435,51.55021],[-0.063442,51.550213],[-0.063491,51.550187],[-0.063467,51.550181],[-0.063536,51.549795],[-0.0636,51.549799],[-0.06361,51.549798],[-0.063633,51.549799],[-0.063719,51.549795],[-0.063764,51.549798],[-0.063775,51.549797],[-0.063809,51.549799],[-0.063887,51.549792],[-0.063962,51.549779],[-0.063994,51.549673],[-0.063991,51.549643],[-0.063922,51.54953],[-0.063931,51.549523],[-0.063944,51.549514],[-0.063947,51.5495],[-0.063968,51.549407],[-0.063966,51.549396],[-0.063962,51.549361],[-0.063938,51.549311],[-0.063907,51.549268],[-0.063893,51.549255],[-0.06374,51.549159],[-0.063725,51.549149],[-0.063691,51.549131],[-0.063702,51.549112],[-0.063708,51.549107],[-0.063723,51.549095],[-0.063772,51.549044],[-0.063774,51.549042],[-0.0638,51.548991],[-0.063803,51.548988],[-0.063824,51.548963],[-0.063848,51.548941],[-0.063861,51.548928],[-0.063873,51.548911],[-0.063876,51.548908],[-0.063882,51.5489],[-0.063885,51.548897],[-0.063899,51.54888],[-0.064158,51.548737],[-0.064173,51.548744],[-0.06418,51.548747],[-0.064192,51.548752],[-0.0642,51.548756],[-0.06422,51.548768],[-0.06424,51.548782],[-0.064246,51.548786],[-0.064258,51.548797],[-0.064293,51.54884],[-0.064302,51.548855],[-0.064312,51.548871],[-0.064327,51.548916],[-0.064329,51.548921],[-0.064333,51.548931],[-0.064346,51.548949],[-0.064356,51.548969],[-0.064365,51.548985],[-0.06437,51.548996],[-0.064375,51.549012],[-0.064382,51.549025],[-0.064394,51.549043],[-0.064399,51.549057],[-0.064407,51.549059],[-0.064441,51.549068],[-0.064475,51.549077],[-0.064491,51.549082],[-0.064543,51.549103],[-0.064554,51.54911],[-0.06458,51.549125],[-0.064607,51.549147],[-0.064629,51.549152],[-0.064651,51.549153],[-0.064728,51.549157],[-0.064737,51.549155],[-0.064764,51.549152],[-0.064777,51.549146],[-0.06481,51.549131],[-0.064816,51.549127],[-0.064855,51.549097],[-0.064862,51.549088],[-0.064885,51.549056],[-0.064912,51.549087],[-0.064922,51.549085],[-0.064945,51.54908],[-0.064983,51.549072],[-0.065039,51.549059],[-0.065076,51.549051],[-0.065141,51.549036],[-0.065166,51.549031],[-0.065197,51.54907],[-0.065268,51.549189],[-0.065277,51.54919],[-0.065285,51.549188],[-0.065326,51.549179],[-0.065401,51.549161],[-0.065428,51.549155],[-0.065462,51.549146],[-0.065465,51.54915],[-0.065485,51.549177],[-0.065498,51.549175],[-0.065542,51.549168],[-0.065577,51.549157],[-0.065582,51.549155],[-0.0656,51.549148],[-0.06568,51.549126],[-0.065696,51.549123],[-0.065702,51.549121],[-0.065719,51.549116],[-0.065773,51.549102],[-0.065783,51.549101],[-0.065788,51.5491],[-0.065821,51.549091],[-0.065844,51.549087],[-0.065848,51.549086],[-0.065853,51.549084],[-0.065864,51.549081],[-0.06593,51.549063],[-0.065943,51.549058],[-0.065961,51.54905],[-0.066,51.549042],[-0.066011,51.54904],[-0.066063,51.549034],[-0.066097,51.549025],[-0.066109,51.54902],[-0.066115,51.549018],[-0.066127,51.549015],[-0.066189,51.549002],[-0.066212,51.548999],[-0.066233,51.548996],[-0.066295,51.548978],[-0.06645,51.548908],[-0.066467,51.548899],[-0.066558,51.548833],[-0.066581,51.54883],[-0.066747,51.548776],[-0.066794,51.548787],[-0.066857,51.548798],[-0.066916,51.548805],[-0.06706,51.548811],[-0.067111,51.54881],[-0.067187,51.548802],[-0.067263,51.54879],[-0.067325,51.54878],[-0.067546,51.548709],[-0.067559,51.548704],[-0.067637,51.548668],[-0.067656,51.548659],[-0.06768,51.548648],[-0.067698,51.548687],[-0.067704,51.5487],[-0.067707,51.548731],[-0.067709,51.548759],[-0.067693,51.548758],[-0.067635,51.548755],[-0.067636,51.548762],[-0.067639,51.548779],[-0.067642,51.548802],[-0.067657,51.548902],[-0.067663,51.548947],[-0.067667,51.548968],[-0.06768,51.54906],[-0.067696,51.54917],[-0.067696,51.549173],[-0.067697,51.54918],[-0.067713,51.549284],[-0.067719,51.549329],[-0.067728,51.54939],[-0.067728,51.549393],[-0.06773,51.549407],[-0.067731,51.549411],[-0.067736,51.549446],[-0.067749,51.549531],[-0.067749,51.549534],[-0.067761,51.549618],[-0.067768,51.549667],[-0.06777,51.54968],[-0.067779,51.549736],[-0.067784,51.549773],[-0.067804,51.549913],[-0.06772,51.549917],[-0.06772,51.549922],[-0.067721,51.549936],[-0.067722,51.549943],[-0.067727,51.55001],[-0.067735,51.550095],[-0.067732,51.550148],[-0.067727,51.550158],[-0.067721,51.550167],[-0.067706,51.550192],[-0.067703,51.550197],[-0.067701,51.55024],[-0.067705,51.550265],[-0.067707,51.550276],[-0.067713,51.550318],[-0.067735,51.55036],[-0.067737,51.550364],[-0.067739,51.550368],[-0.06775,51.550396],[-0.067753,51.550404],[-0.067764,51.550431],[-0.067765,51.550446],[-0.067765,51.550456],[-0.067768,51.550496],[-0.067757,51.550519],[-0.067751,51.55053],[-0.067759,51.550583],[-0.067759,51.550585],[-0.067763,51.550611],[-0.067767,51.550639],[-0.067772,51.550676],[-0.067779,51.550687],[-0.067798,51.550716],[-0.067803,51.550739],[-0.067814,51.550803],[-0.067796,51.550845],[-0.067789,51.550864],[-0.067796,51.55091],[-0.067807,51.550972],[-0.06781,51.550995],[-0.06782,51.551049],[-0.067837,51.55111],[-0.067838,51.551113],[-0.06784,51.551116],[-0.067858,51.551149],[-0.068007,51.551331],[-0.068009,51.551334],[-0.067988,51.55134],[-0.067941,51.551354],[-0.06791,51.551363],[-0.067766,51.551405],[-0.067748,51.55141],[-0.067706,51.551422],[-0.067687,51.551428],[-0.067677,51.551431],[-0.067667,51.551433],[-0.067615,51.551449],[-0.067596,51.551452],[-0.067552,51.55146],[-0.067432,51.551483],[-0.067426,51.551484],[-0.067419,51.551485],[-0.067333,51.551501],[-0.067281,51.551511],[-0.067224,51.551521],[-0.067177,51.55153],[-0.067169,51.551531],[-0.067146,51.551536],[-0.067082,51.551548],[-0.067065,51.551549],[-0.067029,51.551554],[-0.067023,51.551554],[-0.066996,51.551557],[-0.066759,51.551584],[-0.066738,51.551586],[-0.066607,51.5516],[-0.066589,51.551602],[-0.06656,51.551604],[-0.066501,51.55161],[-0.066475,51.551613],[-0.066459,51.551615],[-0.066427,51.551618],[-0.066285,51.551632],[-0.066201,51.551641],[-0.06619,51.551642],[-0.065774,51.551684],[-0.065679,51.551693],[-0.065673,51.551694],[-0.065594,51.551702],[-0.065378,51.551726],[-0.065352,51.551729],[-0.065083,51.55176],[-0.064966,51.551774],[-0.064712,51.551803],[-0.064691,51.551805],[-0.064601,51.551817],[-0.064441,51.551837],[-0.064406,51.551842],[-0.064383,51.551845],[-0.064326,51.551852],[-0.064202,51.551868],[-0.064174,51.551872],[-0.06416,51.551874],[-0.063922,51.551905],[-0.063918,51.551903],[-0.062891,51.551255],[-0.062636,51.551093],[-0.062437,51.55097],[-0.062316,51.550895],[-0.062242,51.550849],[-0.062225,51.550839],[-0.062091,51.550745],[-0.062078,51.550734],[-0.062049,51.55071],[-0.062071,51.55066],[-0.062082,51.550659],[-0.061954,51.550549],[-0.061943,51.550539],[-0.061777,51.550356],[-0.061771,51.550348],[-0.061758,51.55033],[-0.061753,51.550323],[-0.061699,51.550252],[-0.061695,51.550247],[-0.061673,51.55021]]]}},{"type":"Feature","properties":{"LSOA21CD":"E01001760","LSOA21NM":"Hackney 017C","MEAN_PTAL_":"6a","mean_AI":31.5450802546,"borough":"Hackney"},"geometry":{"type":"Polygon","coordinates":[[[-0.055257,51.550395],[-0.05523,51.550333],[-0.055228,51.550329],[-0.055221,51.550313],[-0.055187,51.550236],[-0.055186,51.550232],[-0.055182,51.550224],[-0.055143,51.550136],[-0.055137,51.550121],[-0.055109,51.550057],[-0.055088,51.550008],[-0.055086,51.550005],[-0.055071,51.54997],[-0.055051,51.549925],[-0.05504,51.5499],[-0.054997,51.549803],[-0.054981,51.549765],[-0.054955,51.549701],[-0.054927,51.549518],[-0.054891,51.549532],[-0.054561,51.54966],[-0.054527,51.549673],[-0.054447,51.549714],[-0.0544,51.549738],[-0.054394,51.549741],[-0.054366,51.549755],[-0.054354,51.549742],[-0.054303,51.549687],[-0.054283,51.549663],[-0.054126,51.549477],[-0.054111,51.549459],[-0.054105,51.549451],[-0.054093,51.549437],[-0.054046,51.549381],[-0.053952,51.549224],[-0.053886,51.549103],[-0.053874,51.549081],[-0.053802,51.548954],[-0.053635,51.548661],[-0.053532,51.54848],[-0.053528,51.548472],[-0.053393,51.548235],[-0.053369,51.548193],[-0.0532,51.547894],[-0.0531,51.547919],[-0.052134,51.548083],[-0.051915,51.54812],[-0.05183,51.548023],[-0.051799,51.547988],[-0.051686,51.54786],[-0.051675,51.547847],[-0.051658,51.547828],[-0.051592,51.547753],[-0.051579,51.547731],[-0.051521,51.547639],[-0.051505,51.547613],[-0.051331,51.547381],[-0.051308,51.547351],[-0.051304,51.547345],[-0.05129,51.547326],[-0.051287,51.547322],[-0.051476,51.547318],[-0.051522,51.547316],[-0.051643,51.547314],[-0.051662,51.547313],[-0.05212,51.547302],[-0.052146,51.547301],[-0.052234,51.547297],[-0.052545,51.547283],[-0.05255,51.547283],[-0.052773,51.547272],[-0.052779,51.547272],[-0.05279,51.547272],[-0.052931,51.547265],[-0.053226,51.547245],[-0.053421,51.547231],[-0.053568,51.547221],[-0.053636,51.547216],[-0.053706,51.54721],[-0.053894,51.547194],[-0.054296,51.547158],[-0.054359,51.547154],[-0.054368,51.547153],[-0.054611,51.547136],[-0.054686,51.547131],[-0.054897,51.547116],[-0.054954,51.547112],[-0.05502,51.547107],[-0.055025,51.547089],[-0.055028,51.547074],[-0.055041,51.547024],[-0.055059,51.546954],[-0.055075,51.546891],[-0.055081,51.546868],[-0.055089,51.546836],[-0.055092,51.546822],[-0.055094,51.546812],[-0.055095,51.546809],[-0.055101,51.546745],[-0.055104,51.546723],[-0.055106,51.546699],[-0.055109,51.546678],[-0.055112,51.546662],[-0.055111,51.546676],[-0.055506,51.546661],[-0.055626,51.546657],[-0.055699,51.546654],[-0.055826,51.546649],[-0.055892,51.546647],[-0.055761,51.546578],[-0.055786,51.546484],[-0.055789,51.546474],[-0.055798,51.546457],[-0.055902,51.546386],[-0.055939,51.546361],[-0.055908,51.546316],[-0.05593,51.546314],[-0.05595,51.546312],[-0.056112,51.546295],[-0.056334,51.546272],[-0.056425,51.546264],[-0.056688,51.546238],[-0.056693,51.546235],[-0.056702,51.546235],[-0.056697,51.546237],[-0.056706,51.546291],[-0.056708,51.546335],[-0.05671,51.546356],[-0.056717,51.546361],[-0.056724,51.546403],[-0.05674,51.546502],[-0.056752,51.546578],[-0.056749,51.546592],[-0.056755,51.546594],[-0.056756,51.546603],[-0.056776,51.546601],[-0.05705,51.546584],[-0.057262,51.54657],[-0.05741,51.546561],[-0.057441,51.54656],[-0.057702,51.546553],[-0.057962,51.546545],[-0.057895,51.546561],[-0.057969,51.546993],[-0.057812,51.546997],[-0.057785,51.546998],[-0.057684,51.547012],[-0.057669,51.547014],[-0.057621,51.547022],[-0.057577,51.547032],[-0.057517,51.54705],[-0.057497,51.547057],[-0.057434,51.547079],[-0.057986,51.547087],[-0.058029,51.547087],[-0.058079,51.547088],[-0.058145,51.547089],[-0.058277,51.547095],[-0.058353,51.547099],[-0.058365,51.547099],[-0.058434,51.547103],[-0.058522,51.547107],[-0.058559,51.547109],[-0.058599,51.547111],[-0.058619,51.547111],[-0.058662,51.547114],[-0.058706,51.547116],[-0.058757,51.547118],[-0.058806,51.54712],[-0.058864,51.547123],[-0.059152,51.547137],[-0.059653,51.54716],[-0.059672,51.547161],[-0.059698,51.547163],[-0.059705,51.547192],[-0.0599,51.547508],[-0.059888,51.547511],[-0.059848,51.547522],[-0.059767,51.547543],[-0.059733,51.547553],[-0.059674,51.547579],[-0.059642,51.547597],[-0.059633,51.547598],[-0.059619,51.547601],[-0.059543,51.547611],[-0.059534,51.547613],[-0.059443,51.547634],[-0.059434,51.547636],[-0.059406,51.547646],[-0.059383,51.547655],[-0.059279,51.547712],[-0.059267,51.547718],[-0.0592,51.54778],[-0.059208,51.547927],[-0.059133,51.547977],[-0.059125,51.547982],[-0.059053,51.547952],[-0.059017,51.547937],[-0.058868,51.547874],[-0.058755,51.547859],[-0.05869,51.547858],[-0.05865,51.54786],[-0.058567,51.547878],[-0.058551,51.547893],[-0.058547,51.547903],[-0.0585,51.547996],[-0.058493,51.548032],[-0.058443,51.54806],[-0.058363,51.548103],[-0.057911,51.548163],[-0.057816,51.548255],[-0.057847,51.548311],[-0.057866,51.548336],[-0.057938,51.548403],[-0.058009,51.548456],[-0.057948,51.548513],[-0.057956,51.548517],[-0.058083,51.548578],[-0.058175,51.548622],[-0.058212,51.54864],[-0.058371,51.548717],[-0.058438,51.548752],[-0.058625,51.548847],[-0.058783,51.548926],[-0.058966,51.549017],[-0.059147,51.549108],[-0.059154,51.54911],[-0.059181,51.549091],[-0.059175,51.549087],[-0.059356,51.548949],[-0.059446,51.548879],[-0.059538,51.548824],[-0.059536,51.548843],[-0.059523,51.548938],[-0.059536,51.549005],[-0.059603,51.54907],[-0.059902,51.549171],[-0.059919,51.549206],[-0.059967,51.54931],[-0.05997,51.549317],[-0.059872,51.54943],[-0.059835,51.549473],[-0.059844,51.54948],[-0.059826,51.549484],[-0.059823,51.549488],[-0.059812,51.549492],[-0.05978,51.549505],[-0.059765,51.549513],[-0.059765,51.549517],[-0.059764,51.54954],[-0.059777,51.549559],[-0.059769,51.54957],[-0.059676,51.549574],[-0.059661,51.549575],[-0.059644,51.549574],[-0.059619,51.549574],[-0.059455,51.549679],[-0.059395,51.549732],[-0.059387,51.54974],[-0.059374,51.549742],[-0.059115,51.549787],[-0.059076,51.549759],[-0.05888,51.549676],[-0.058637,51.54961],[-0.058547,51.549595],[-0.058415,51.549572],[-0.058395,51.549573],[-0.058315,51.549587],[-0.058205,51.549588],[-0.058167,51.549591],[-0.058084,51.549599],[-0.05799,51.549618],[-0.057759,51.54971],[-0.057944,51.54985],[-0.057974,51.549868],[-0.058057,51.549931],[-0.05811,51.550014],[-0.058123,51.550061],[-0.058126,51.550073],[-0.058125,51.550083],[-0.058121,51.550116],[-0.058101,51.550118],[-0.05782,51.550146],[-0.057808,51.550147],[-0.057762,51.550166],[-0.057758,51.550168],[-0.057699,51.550175],[-0.057579,51.550189],[-0.05752,51.550196],[-0.057453,51.550203],[-0.057426,51.550206],[-0.05735,51.550215],[-0.057318,51.550219],[-0.057251,51.550227],[-0.05718,51.550236],[-0.057167,51.550237],[-0.057151,51.550239],[-0.0571,51.550245],[-0.056993,51.550258],[-0.056962,51.550262],[-0.05693,51.550266],[-0.056928,51.550266],[-0.056907,51.550268],[-0.056812,51.55028],[-0.056792,51.550282],[-0.056783,51.550283],[-0.056666,51.550297],[-0.05665,51.550299],[-0.056637,51.550301],[-0.056633,51.5503],[-0.056578,51.550306],[-0.056491,51.550316],[-0.056431,51.550323],[-0.056425,51.550326],[-0.056373,51.550333],[-0.056345,51.550336],[-0.05634,51.550334],[-0.056334,51.550335],[-0.056188,51.550351],[-0.05613,51.550358],[-0.056122,51.550359],[-0.056101,51.550362],[-0.056093,51.550366],[-0.056059,51.55037],[-0.056032,51.550374],[-0.05595,51.550383],[-0.055939,51.550385],[-0.055881,51.550392],[-0.0558,51.550401],[-0.055794,51.550399],[-0.055788,51.550398],[-0.055752,51.550402],[-0.055694,51.550409],[-0.055652,51.550414],[-0.05563,51.550416],[-0.055561,51.550424],[-0.055519,51.550429],[-0.055284,51.550455],[-0.05526,51.550401],[-0.055257,51.550395]]]}},{"type":"Feature","properties":{"LSOA21CD":"E01001761","LSOA21NM":"Hackney 016F","MEAN_PTAL_":"6a","mean_AI":25.2123881647,"borough":"Hackney"},"geometry":{"type":"Polygon","coordinates":[[[-0.061916,51.549782],[-0.061734,51.549744],[-0.061688,51.549734],[-0.061627,51.549725],[-0.061545,51.549714],[-0.061462,51.549699],[-0.06143,51.549694],[-0.061335,51.549678],[-0.061333,51.549674],[-0.06133,51.549666],[-0.061316,51.54963],[-0.061218,51.54962],[-0.06129,51.549406],[-0.061294,51.549395],[-0.061275,51.549363],[-0.06106,51.549268],[-0.06096,51.54931],[-0.060909,51.549331],[-0.060759,51.549367],[-0.060726,51.549365],[-0.060696,51.549374],[-0.060595,51.549387],[-0.060515,51.549357],[-0.060419,51.549289],[-0.060414,51.549285],[-0.060379,51.54926],[-0.060316,51.549215],[-0.06033,51.549207],[-0.060325,51.549192],[-0.060237,51.548868],[-0.060546,51.548745],[-0.060403,51.548526],[-0.060399,51.548519],[-0.060357,51.548455],[-0.060345,51.548432],[-0.06029,51.548322],[-0.060278,51.548299],[-0.060208,51.54816],[-0.060196,51.548138],[-0.060215,51.548131],[-0.060622,51.547999],[-0.060652,51.547992],[-0.060779,51.547961],[-0.060797,51.547957],[-0.060821,51.547955],[-0.060844,51.547954],[-0.060977,51.547946],[-0.061029,51.547943],[-0.061061,51.547945],[-0.061075,51.547946],[-0.061093,51.547948],[-0.061165,51.547953],[-0.061172,51.547954],[-0.061206,51.547951],[-0.061424,51.547927],[-0.061745,51.547892],[-0.061884,51.547877],[-0.061927,51.547801],[-0.061996,51.547709],[-0.062448,51.547336],[-0.062423,51.547306],[-0.062597,51.547313],[-0.062774,51.54732],[-0.062915,51.547326],[-0.062936,51.547353],[-0.063091,51.547353],[-0.063273,51.547362],[-0.063352,51.547365],[-0.063398,51.547367],[-0.063412,51.547368],[-0.063643,51.547689],[-0.063667,51.547723],[-0.063777,51.547876],[-0.063799,51.547908],[-0.063857,51.548018],[-0.063866,51.548035],[-0.063893,51.548089],[-0.063892,51.548114],[-0.064245,51.54809],[-0.064289,51.548066],[-0.064417,51.548076],[-0.064628,51.548091],[-0.064644,51.548105],[-0.064682,51.548104],[-0.064668,51.548049],[-0.064652,51.547988],[-0.064648,51.547971],[-0.064635,51.547921],[-0.064621,51.547865],[-0.064611,51.547825],[-0.06459,51.547742],[-0.064556,51.54761],[-0.064508,51.547423],[-0.064504,51.547405],[-0.064502,51.5474],[-0.064499,51.547388],[-0.064407,51.547189],[-0.0644,51.547176],[-0.064344,51.547067],[-0.064332,51.547044],[-0.064276,51.546935],[-0.064234,51.546853],[-0.064215,51.546816],[-0.064167,51.546723],[-0.06411,51.546613],[-0.064074,51.546543],[-0.064047,51.546491],[-0.064035,51.546468],[-0.064031,51.546462],[-0.064005,51.546414],[-0.063962,51.546335],[-0.063939,51.546291],[-0.063928,51.546272],[-0.063842,51.546113],[-0.063842,51.546109],[-0.063989,51.546122],[-0.064002,51.546123],[-0.064158,51.546136],[-0.064283,51.546147],[-0.06431,51.546149],[-0.064392,51.546156],[-0.064506,51.546166],[-0.06451,51.546185],[-0.064515,51.546229],[-0.06452,51.54626],[-0.064528,51.54632],[-0.064528,51.546418],[-0.064528,51.546425],[-0.064529,51.54648],[-0.064602,51.546484],[-0.0646,51.54655],[-0.064599,51.546559],[-0.064599,51.546576],[-0.064669,51.546577],[-0.064687,51.546594],[-0.064707,51.546613],[-0.064715,51.546621],[-0.064736,51.546641],[-0.064751,51.546655],[-0.06476,51.546666],[-0.06484,51.546767],[-0.064847,51.546781],[-0.064848,51.546784],[-0.064872,51.546834],[-0.064878,51.546847],[-0.06488,51.546853],[-0.064893,51.54688],[-0.064898,51.546889],[-0.064929,51.546888],[-0.064968,51.546886],[-0.064984,51.546922],[-0.064988,51.546931],[-0.065003,51.546964],[-0.065005,51.546969],[-0.065021,51.547006],[-0.065022,51.547015],[-0.065023,51.547029],[-0.065023,51.547034],[-0.065023,51.547039],[-0.065024,51.547048],[-0.065026,51.5471],[-0.065027,51.547105],[-0.065027,51.547113],[-0.065027,51.547117],[-0.065082,51.547116],[-0.065085,51.547172],[-0.065162,51.547168],[-0.065163,51.547199],[-0.065163,51.547206],[-0.065163,51.547229],[-0.065174,51.547241],[-0.065202,51.547272],[-0.065216,51.547288],[-0.065214,51.547326],[-0.065209,51.547448],[-0.065304,51.547454],[-0.065369,51.547458],[-0.065434,51.547461],[-0.065483,51.547464],[-0.065552,51.547467],[-0.065607,51.54747],[-0.065677,51.547474],[-0.065759,51.547478],[-0.066107,51.547497],[-0.066301,51.547507],[-0.066425,51.547514],[-0.066509,51.547519],[-0.066634,51.547525],[-0.06683,51.547536],[-0.066903,51.54754],[-0.06704,51.547547],[-0.067102,51.54755],[-0.067152,51.547553],[-0.067404,51.547566],[-0.067424,51.547568],[-0.067456,51.547569],[-0.067551,51.547574],[-0.067559,51.547575],[-0.067683,51.547582],[-0.0677,51.547583],[-0.067732,51.547584],[-0.067741,51.547585],[-0.067775,51.547587],[-0.067858,51.547591],[-0.067952,51.547596],[-0.067966,51.547597],[-0.06798,51.547598],[-0.068146,51.547607],[-0.068164,51.547608],[-0.06817,51.547608],[-0.068176,51.547608],[-0.068259,51.547613],[-0.068363,51.547618],[-0.068939,51.547649],[-0.068955,51.54765],[-0.068968,51.547651],[-0.068962,51.547662],[-0.068958,51.547668],[-0.068954,51.547674],[-0.068893,51.547777],[-0.068829,51.547873],[-0.068779,51.547948],[-0.068758,51.547979],[-0.068744,51.547999],[-0.068739,51.548007],[-0.068721,51.548031],[-0.068705,51.548051],[-0.068687,51.548075],[-0.06868,51.548083],[-0.068623,51.548113],[-0.068565,51.548143],[-0.068526,51.548156],[-0.06851,51.548161],[-0.068469,51.548174],[-0.068438,51.548184],[-0.068423,51.548189],[-0.0684,51.548196],[-0.068391,51.548197],[-0.068261,51.548211],[-0.068222,51.548215],[-0.068178,51.548219],[-0.068126,51.548225],[-0.068088,51.548229],[-0.068016,51.548236],[-0.068,51.548238],[-0.067978,51.54824],[-0.067949,51.548243],[-0.067905,51.548248],[-0.067876,51.548251],[-0.067804,51.548258],[-0.06773,51.548266],[-0.067718,51.548267],[-0.067706,51.548268],[-0.067652,51.548275],[-0.067696,51.54844],[-0.067744,51.548438],[-0.067756,51.548438],[-0.06778,51.548437],[-0.067798,51.548481],[-0.067816,51.548524],[-0.067811,51.548573],[-0.06781,51.548589],[-0.067809,51.548594],[-0.067805,51.548635],[-0.067801,51.548636],[-0.067714,51.548645],[-0.06768,51.548648],[-0.067656,51.548659],[-0.067637,51.548668],[-0.067559,51.548704],[-0.067546,51.548709],[-0.067325,51.54878],[-0.067263,51.54879],[-0.067187,51.548802],[-0.067111,51.54881],[-0.06706,51.548811],[-0.066916,51.548805],[-0.066857,51.548798],[-0.066794,51.548787],[-0.066747,51.548776],[-0.066581,51.54883],[-0.066558,51.548833],[-0.066467,51.548899],[-0.06645,51.548908],[-0.066295,51.548978],[-0.066233,51.548996],[-0.066212,51.548999],[-0.066189,51.549002],[-0.066127,51.549015],[-0.066115,51.549018],[-0.066109,51.54902],[-0.066097,51.549025],[-0.066063,51.549034],[-0.066011,51.54904],[-0.066,51.549042],[-0.065961,51.54905],[-0.065943,51.549058],[-0.06593,51.549063],[-0.065864,51.549081],[-0.065853,51.549084],[-0.065848,51.549086],[-0.065844,51.549087],[-0.065821,51.549091],[-0.065788,51.5491],[-0.065783,51.549101],[-0.065773,51.549102],[-0.065719,51.549116],[-0.065702,51.549121],[-0.065696,51.549123],[-0.06568,51.549126],[-0.0656,51.549148],[-0.065582,51.549155],[-0.065577,51.549157],[-0.065542,51.549168],[-0.065498,51.549175],[-0.065485,51.549177],[-0.065465,51.54915],[-0.065462,51.549146],[-0.065428,51.549155],[-0.065401,51.549161],[-0.065326,51.549179],[-0.065285,51.549188],[-0.065277,51.54919],[-0.065268,51.549189],[-0.065197,51.54907],[-0.065166,51.549031],[-0.065141,51.549036],[-0.065076,51.549051],[-0.065039,51.549059],[-0.064983,51.549072],[-0.064945,51.54908],[-0.064922,51.549085],[-0.064912,51.549087],[-0.064885,51.549056],[-0.064862,51.549088],[-0.064855,51.549097],[-0.064816,51.549127],[-0.06481,51.549131],[-0.064777,51.549146],[-0.064764,51.549152],[-0.064737,51.549155],[-0.064728,51.549157],[-0.064651,51.549153],[-0.064629,51.549152],[-0.064607,51.549147],[-0.06458,51.549125],[-0.064554,51.54911],[-0.064543,51.549103],[-0.064491,51.549082],[-0.064475,51.549077],[-0.064441,51.549068],[-0.064407,51.549059],[-0.064399,51.549057],[-0.064394,51.549043],[-0.064382,51.549025],[-0.064375,51.549012],[-0.06437,51.548996],[-0.064365,51.548985],[-0.064356,51.548969],[-0.064346,51.548949],[-0.064333,51.548931],[-0.064329,51.548921],[-0.064327,51.548916],[-0.064312,51.548871],[-0.064302,51.548855],[-0.064293,51.54884],[-0.064258,51.548797],[-0.064246,51.548786],[-0.06424,51.548782],[-0.06422,51.548768],[-0.0642,51.548756],[-0.064192,51.548752],[-0.06418,51.548747],[-0.064173,51.548744],[-0.064158,51.548737],[-0.063899,51.54888],[-0.063885,51.548897],[-0.063882,51.5489],[-0.063876,51.548908],[-0.063873,51.548911],[-0.063861,51.548928],[-0.063848,51.548941],[-0.063824,51.548963],[-0.063803,51.548988],[-0.0638,51.548991],[-0.063774,51.549042],[-0.063772,51.549044],[-0.063723,51.549095],[-0.063708,51.549107],[-0.063702,51.549112],[-0.063691,51.549131],[-0.063725,51.549149],[-0.06374,51.549159],[-0.063893,51.549255],[-0.063907,51.549268],[-0.063938,51.549311],[-0.063962,51.549361],[-0.063966,51.549396],[-0.063968,51.549407],[-0.063947,51.5495],[-0.063944,51.549514],[-0.063931,51.549523],[-0.063922,51.54953],[-0.063991,51.549643],[-0.063994,51.549673],[-0.063962,51.549779],[-0.063887,51.549792],[-0.063809,51.549799],[-0.063775,51.549797],[-0.063764,51.549798],[-0.063719,51.549795],[-0.063633,51.549799],[-0.06361,51.549798],[-0.0636,51.549799],[-0.063536,51.549795],[-0.063467,51.550181],[-0.063491,51.550187],[-0.063442,51.550213],[-0.063435,51.55021],[-0.063266,51.550154],[-0.063186,51.550128],[-0.063186,51.55012],[-0.063128,51.550098],[-0.063109,51.550091],[-0.063002,51.550053],[-0.062989,51.550049],[-0.062876,51.550016],[-0.062803,51.549995],[-0.062739,51.549976],[-0.062552,51.549922],[-0.0625,51.549907],[-0.062474,51.5499],[-0.062447,51.549894],[-0.062274,51.549858],[-0.062254,51.549854],[-0.062145,51.54983],[-0.062051,51.549811],[-0.062,51.5498],[-0.061973,51.549794],[-0.061921,51.549783],[-0.061916,51.549782]]]}},{"type":"Feature","properties":{"LSOA21CD":"E01001762","LSOA21NM":"Hackney 017D","MEAN_PTAL_":"6a","mean_AI":26.400699307,"borough":"Hackney"},"geometry":{"type":"Polygon","coordinates":[[[-0.063893,51.548089],[-0.063866,51.548035],[-0.063857,51.548018],[-0.063799,51.547908],[-0.063777,51.547876],[-0.063667,51.547723],[-0.063643,51.547689],[-0.063412,51.547368],[-0.063398,51.547367],[-0.063352,51.547365],[-0.063273,51.547362],[-0.063091,51.547353],[-0.062936,51.547353],[-0.062915,51.547326],[-0.062774,51.54732],[-0.062597,51.547313],[-0.062423,51.547306],[-0.062399,51.547305],[-0.06224,51.547298],[-0.061962,51.547287],[-0.061172,51.547254],[-0.061058,51.547249],[-0.061044,51.547248],[-0.060648,51.547232],[-0.060023,51.547206],[-0.059939,51.547202],[-0.059705,51.547192],[-0.059698,51.547163],[-0.059672,51.547161],[-0.059653,51.54716],[-0.059152,51.547137],[-0.058864,51.547123],[-0.058806,51.54712],[-0.058757,51.547118],[-0.058706,51.547116],[-0.058662,51.547114],[-0.058619,51.547111],[-0.058599,51.547111],[-0.058559,51.547109],[-0.058522,51.547107],[-0.058434,51.547103],[-0.058365,51.547099],[-0.058353,51.547099],[-0.058277,51.547095],[-0.058145,51.547089],[-0.058079,51.547088],[-0.058029,51.547087],[-0.057986,51.547087],[-0.057434,51.547079],[-0.057497,51.547057],[-0.057517,51.54705],[-0.057577,51.547032],[-0.057621,51.547022],[-0.057669,51.547014],[-0.057684,51.547012],[-0.057785,51.546998],[-0.057812,51.546997],[-0.057969,51.546993],[-0.057895,51.546561],[-0.057962,51.546545],[-0.057702,51.546553],[-0.057441,51.54656],[-0.05741,51.546561],[-0.057262,51.54657],[-0.05705,51.546584],[-0.056776,51.546601],[-0.056756,51.546603],[-0.056755,51.546594],[-0.056749,51.546592],[-0.056752,51.546578],[-0.05674,51.546502],[-0.056724,51.546403],[-0.056717,51.546361],[-0.05671,51.546356],[-0.056708,51.546335],[-0.056706,51.546291],[-0.056697,51.546237],[-0.056702,51.546235],[-0.056693,51.546235],[-0.056688,51.546238],[-0.056425,51.546264],[-0.056334,51.546272],[-0.056112,51.546295],[-0.05595,51.546312],[-0.05593,51.546314],[-0.055908,51.546316],[-0.055939,51.546361],[-0.055902,51.546386],[-0.055798,51.546457],[-0.055789,51.546474],[-0.055786,51.546484],[-0.055761,51.546578],[-0.055892,51.546647],[-0.055826,51.546649],[-0.055699,51.546654],[-0.055626,51.546657],[-0.055506,51.546661],[-0.055111,51.546676],[-0.055112,51.546662],[-0.055112,51.546653],[-0.055115,51.546623],[-0.055116,51.546611],[-0.055118,51.546588],[-0.055118,51.546586],[-0.055125,51.546521],[-0.055128,51.546493],[-0.055132,51.546464],[-0.055133,51.54645],[-0.055135,51.546432],[-0.055137,51.546413],[-0.055145,51.546342],[-0.055151,51.546283],[-0.055154,51.546258],[-0.055162,51.546182],[-0.055166,51.54614],[-0.055167,51.546135],[-0.055185,51.546009],[-0.055187,51.545994],[-0.0552,51.545907],[-0.055204,51.54588],[-0.055208,51.545857],[-0.055208,51.545854],[-0.05521,51.545842],[-0.055219,51.545776],[-0.05522,51.545773],[-0.055226,51.545727],[-0.055227,51.545722],[-0.055241,51.54563],[-0.055243,51.545613],[-0.055269,51.545393],[-0.055273,51.545356],[-0.055314,51.545],[-0.055343,51.544755],[-0.055346,51.544727],[-0.055351,51.544637],[-0.055361,51.544485],[-0.055366,51.544396],[-0.055376,51.544239],[-0.055449,51.544224],[-0.055502,51.544212],[-0.056101,51.544204],[-0.05656,51.544198],[-0.056955,51.544193],[-0.056999,51.544193],[-0.057087,51.544192],[-0.057145,51.544191],[-0.057135,51.544209],[-0.057133,51.544236],[-0.057164,51.54433],[-0.057261,51.544634],[-0.057478,51.544602],[-0.057495,51.544598],[-0.057724,51.54455],[-0.057915,51.54451],[-0.057974,51.544494],[-0.058258,51.544416],[-0.05825,51.544397],[-0.058233,51.54436],[-0.058076,51.544015],[-0.058007,51.543862],[-0.058035,51.543853],[-0.05819,51.543803],[-0.058213,51.543795],[-0.058273,51.543787],[-0.058385,51.543781],[-0.058391,51.543781],[-0.058481,51.543792],[-0.058511,51.543796],[-0.058717,51.543837],[-0.058779,51.543865],[-0.058825,51.54386],[-0.05885,51.543863],[-0.058953,51.543889],[-0.058996,51.54391],[-0.059075,51.543965],[-0.059095,51.543987],[-0.059106,51.544011],[-0.05911,51.544096],[-0.059231,51.544121],[-0.059421,51.544161],[-0.059369,51.544223],[-0.05932,51.544353],[-0.059313,51.54437],[-0.059314,51.544403],[-0.059319,51.544402],[-0.059362,51.544393],[-0.059542,51.544358],[-0.059792,51.544365],[-0.059773,51.544398],[-0.059767,51.544408],[-0.05976,51.544475],[-0.059787,51.544552],[-0.059804,51.544575],[-0.059817,51.544591],[-0.059853,51.544612],[-0.059866,51.544634],[-0.059896,51.544665],[-0.059899,51.544672],[-0.059901,51.544677],[-0.05991,51.544717],[-0.059913,51.544722],[-0.059925,51.544778],[-0.059939,51.544801],[-0.059948,51.544845],[-0.059948,51.544853],[-0.059952,51.544861],[-0.059957,51.544871],[-0.059993,51.544917],[-0.059994,51.544925],[-0.059999,51.544935],[-0.060015,51.544964],[-0.060025,51.544976],[-0.060039,51.545002],[-0.060045,51.545027],[-0.060047,51.545036],[-0.060058,51.545098],[-0.060059,51.545106],[-0.060069,51.545117],[-0.060091,51.545171],[-0.060095,51.545176],[-0.060103,51.545188],[-0.060116,51.545205],[-0.06015,51.545233],[-0.060154,51.545239],[-0.060158,51.545274],[-0.060162,51.545282],[-0.060167,51.54529],[-0.060175,51.545345],[-0.060178,51.545359],[-0.060183,51.545364],[-0.060189,51.545371],[-0.060196,51.545378],[-0.060199,51.545383],[-0.060219,51.545444],[-0.060221,51.545466],[-0.060231,51.545489],[-0.060232,51.545493],[-0.060234,51.545497],[-0.060238,51.545502],[-0.060266,51.545544],[-0.060273,51.545582],[-0.060274,51.545589],[-0.060277,51.545596],[-0.060298,51.545697],[-0.060323,51.545695],[-0.060519,51.545677],[-0.060523,51.545692],[-0.060529,51.545715],[-0.060577,51.545903],[-0.060589,51.54595],[-0.060823,51.545917],[-0.060914,51.545935],[-0.060931,51.545934],[-0.060997,51.545934],[-0.061011,51.545933],[-0.061043,51.545933],[-0.061053,51.545931],[-0.061066,51.545931],[-0.061116,51.545916],[-0.061296,51.545882],[-0.0613,51.545882],[-0.061345,51.545879],[-0.061378,51.545879],[-0.061397,51.545877],[-0.061434,51.545865],[-0.061476,51.545855],[-0.061538,51.545848],[-0.061585,51.545836],[-0.06165,51.545827],[-0.06169,51.545826],[-0.061745,51.545831],[-0.0618,51.54583],[-0.06183,51.545821],[-0.061886,51.545803],[-0.061936,51.545812],[-0.061954,51.545815],[-0.061985,51.545814],[-0.062136,51.545794],[-0.062177,51.545779],[-0.062212,51.545767],[-0.06223,51.545731],[-0.062302,51.545833],[-0.062349,51.5459],[-0.06241,51.545987],[-0.062416,51.545986],[-0.062414,51.545993],[-0.062419,51.545999],[-0.062602,51.546243],[-0.062627,51.546277],[-0.062859,51.546165],[-0.062873,51.546162],[-0.062898,51.546159],[-0.062912,51.546159],[-0.062993,51.546159],[-0.063003,51.54616],[-0.063092,51.546168],[-0.063138,51.546177],[-0.063158,51.546181],[-0.063197,51.546189],[-0.063243,51.546202],[-0.063252,51.546193],[-0.063346,51.54612],[-0.063353,51.546116],[-0.063377,51.546102],[-0.063383,51.5461],[-0.063413,51.546087],[-0.06349,51.546067],[-0.063569,51.546048],[-0.063575,51.546047],[-0.063592,51.546047],[-0.063775,51.546051],[-0.063808,51.546051],[-0.063812,51.546051],[-0.063834,51.546092],[-0.063836,51.546096],[-0.063841,51.546106],[-0.063842,51.546109],[-0.063842,51.546113],[-0.063928,51.546272],[-0.063939,51.546291],[-0.063962,51.546335],[-0.064005,51.546414],[-0.064031,51.546462],[-0.064035,51.546468],[-0.064047,51.546491],[-0.064074,51.546543],[-0.06411,51.546613],[-0.064167,51.546723],[-0.064215,51.546816],[-0.064234,51.546853],[-0.064276,51.546935],[-0.064332,51.547044],[-0.064344,51.547067],[-0.0644,51.547176],[-0.064407,51.547189],[-0.064499,51.547388],[-0.064502,51.5474],[-0.064504,51.547405],[-0.064508,51.547423],[-0.064556,51.54761],[-0.06459,51.547742],[-0.064611,51.547825],[-0.064621,51.547865],[-0.064635,51.547921],[-0.064648,51.547971],[-0.064652,51.547988],[-0.064668,51.548049],[-0.064682,51.548104],[-0.064644,51.548105],[-0.064628,51.548091],[-0.064417,51.548076],[-0.064289,51.548066],[-0.064245,51.54809],[-0.063892,51.548114],[-0.063893,51.548089]]]}},{"type":"Feature","properties":{"LSOA21CD":"E01001763","LSOA21NM":"Hackney 020C","MEAN_PTAL_":"5","mean_AI":20.3106518948,"borough":"Hackney"},"geometry":{"type":"Polygon","coordinates":[[[-0.062602,51.546243],[-0.062419,51.545999],[-0.062414,51.545993],[-0.062416,51.545986],[-0.06241,51.545987],[-0.062349,51.5459],[-0.062302,51.545833],[-0.06223,51.545731],[-0.062212,51.545767],[-0.062177,51.545779],[-0.062136,51.545794],[-0.061985,51.545814],[-0.061954,51.545815],[-0.061936,51.545812],[-0.061886,51.545803],[-0.06183,51.545821],[-0.0618,51.54583],[-0.061745,51.545831],[-0.06169,51.545826],[-0.06165,51.545827],[-0.061585,51.545836],[-0.061538,51.545848],[-0.061476,51.545855],[-0.061434,51.545865],[-0.061397,51.545877],[-0.061378,51.545879],[-0.061345,51.545879],[-0.0613,51.545882],[-0.061296,51.545882],[-0.061116,51.545916],[-0.061066,51.545931],[-0.061053,51.545931],[-0.061043,51.545933],[-0.061011,51.545933],[-0.060997,51.545934],[-0.060931,51.545934],[-0.060914,51.545935],[-0.060823,51.545917],[-0.060589,51.54595],[-0.060577,51.545903],[-0.060529,51.545715],[-0.060523,51.545692],[-0.060519,51.545677],[-0.060323,51.545695],[-0.060298,51.545697],[-0.060277,51.545596],[-0.060274,51.545589],[-0.060273,51.545582],[-0.060266,51.545544],[-0.060238,51.545502],[-0.060234,51.545497],[-0.060232,51.545493],[-0.060231,51.545489],[-0.060221,51.545466],[-0.060219,51.545444],[-0.060199,51.545383],[-0.060196,51.545378],[-0.060189,51.545371],[-0.060183,51.545364],[-0.060178,51.545359],[-0.060175,51.545345],[-0.060167,51.54529],[-0.060162,51.545282],[-0.060158,51.545274],[-0.060154,51.545239],[-0.06015,51.545233],[-0.060116,51.545205],[-0.060103,51.545188],[-0.060095,51.545176],[-0.060091,51.545171],[-0.060069,51.545117],[-0.060059,51.545106],[-0.060058,51.545098],[-0.060047,51.545036],[-0.060045,51.545027],[-0.060039,51.545002],[-0.060025,51.544976],[-0.060015,51.544964],[-0.059999,51.544935],[-0.059994,51.544925],[-0.059993,51.544917],[-0.059957,51.544871],[-0.059952,51.544861],[-0.059948,51.544853],[-0.059948,51.544845],[-0.059939,51.544801],[-0.059925,51.544778],[-0.059913,51.544722],[-0.05991,51.544717],[-0.059901,51.544677],[-0.059899,51.544672],[-0.059896,51.544665],[-0.059866,51.544634],[-0.059853,51.544612],[-0.059817,51.544591],[-0.059804,51.544575],[-0.059787,51.544552],[-0.05976,51.544475],[-0.059767,51.544408],[-0.059773,51.544398],[-0.059792,51.544365],[-0.059542,51.544358],[-0.059362,51.544393],[-0.059319,51.544402],[-0.059314,51.544403],[-0.059313,51.54437],[-0.05932,51.544353],[-0.059369,51.544223],[-0.059421,51.544161],[-0.059231,51.544121],[-0.05911,51.544096],[-0.059106,51.544011],[-0.059095,51.543987],[-0.059075,51.543965],[-0.058996,51.54391],[-0.058953,51.543889],[-0.05885,51.543863],[-0.058825,51.54386],[-0.058779,51.543865],[-0.058717,51.543837],[-0.058511,51.543796],[-0.058481,51.543792],[-0.058391,51.543781],[-0.058385,51.543781],[-0.058273,51.543787],[-0.058213,51.543795],[-0.05819,51.543803],[-0.058035,51.543853],[-0.058007,51.543862],[-0.058076,51.544015],[-0.058233,51.54436],[-0.05825,51.544397],[-0.058258,51.544416],[-0.057974,51.544494],[-0.057915,51.54451],[-0.057724,51.54455],[-0.057495,51.544598],[-0.057478,51.544602],[-0.057261,51.544634],[-0.057164,51.54433],[-0.057133,51.544236],[-0.057135,51.544209],[-0.057145,51.544191],[-0.057087,51.544192],[-0.056999,51.544193],[-0.056955,51.544193],[-0.05656,51.544198],[-0.056101,51.544204],[-0.055502,51.544212],[-0.055449,51.544224],[-0.055376,51.544239],[-0.055378,51.544206],[-0.055379,51.544189],[-0.055384,51.54411],[-0.055384,51.544104],[-0.055383,51.5441],[-0.055383,51.544082],[-0.05538,51.544021],[-0.05538,51.544012],[-0.055375,51.543896],[-0.055373,51.543855],[-0.055372,51.543816],[-0.055369,51.543753],[-0.055368,51.543728],[-0.055366,51.543668],[-0.055789,51.543613],[-0.055972,51.543589],[-0.056094,51.543573],[-0.056145,51.543567],[-0.056205,51.543559],[-0.05621,51.543558],[-0.056299,51.543548],[-0.056318,51.543545],[-0.05639,51.543537],[-0.056467,51.543528],[-0.056525,51.543521],[-0.056569,51.543516],[-0.05664,51.543508],[-0.056721,51.543499],[-0.057214,51.543441],[-0.057412,51.543418],[-0.057511,51.543407],[-0.057517,51.543406],[-0.057588,51.543398],[-0.057652,51.543399],[-0.057688,51.5434],[-0.057778,51.543405],[-0.0578,51.543406],[-0.057851,51.543409],[-0.057864,51.54341],[-0.057911,51.543412],[-0.058019,51.543419],[-0.05803,51.54342],[-0.058094,51.54343],[-0.058179,51.543443],[-0.058313,51.543463],[-0.058416,51.543479],[-0.058433,51.543481],[-0.058479,51.543488],[-0.058538,51.543497],[-0.05863,51.543511],[-0.058692,51.54352],[-0.058707,51.543523],[-0.058755,51.54353],[-0.058767,51.543532],[-0.058892,51.54355],[-0.058917,51.543555],[-0.058996,51.54357],[-0.05923,51.543615],[-0.059255,51.543618],[-0.059307,51.543625],[-0.059415,51.54364],[-0.059563,51.543656],[-0.059597,51.54366],[-0.059698,51.543666],[-0.059967,51.543662],[-0.059972,51.543661],[-0.059991,51.54366],[-0.060098,51.543652],[-0.060139,51.543646],[-0.060176,51.543642],[-0.060272,51.54363],[-0.060521,51.543597],[-0.060537,51.543595],[-0.06104,51.54353],[-0.061121,51.54352],[-0.061298,51.543497],[-0.061313,51.543495],[-0.061403,51.543483],[-0.061555,51.543463],[-0.061576,51.543461],[-0.061583,51.54346],[-0.06168,51.543447],[-0.061738,51.54344],[-0.061795,51.543432],[-0.061855,51.543425],[-0.061885,51.543421],[-0.061965,51.54341],[-0.062038,51.543401],[-0.062061,51.543398],[-0.062183,51.543382],[-0.062259,51.543372],[-0.062287,51.543368],[-0.062341,51.543364],[-0.062437,51.543357],[-0.062459,51.543355],[-0.062535,51.543349],[-0.062579,51.543346],[-0.0626,51.543344],[-0.06276,51.543331],[-0.062773,51.54333],[-0.062907,51.54332],[-0.062922,51.543319],[-0.062953,51.543316],[-0.063,51.543313],[-0.063251,51.543303],[-0.06326,51.543303],[-0.063391,51.543298],[-0.063404,51.543297],[-0.063547,51.543292],[-0.063651,51.543288],[-0.063664,51.543287],[-0.06376,51.543284],[-0.063779,51.543283],[-0.063791,51.543282],[-0.063828,51.543282],[-0.064019,51.543277],[-0.06403,51.543277],[-0.064139,51.543275],[-0.064146,51.543275],[-0.064395,51.543269],[-0.064414,51.543269],[-0.064424,51.543269],[-0.064434,51.543398],[-0.064435,51.543416],[-0.064443,51.543522],[-0.064444,51.543529],[-0.064447,51.543566],[-0.064447,51.543572],[-0.064451,51.543623],[-0.064461,51.543758],[-0.064465,51.543812],[-0.064467,51.543837],[-0.064467,51.543843],[-0.064474,51.543929],[-0.064489,51.54407],[-0.064489,51.544075],[-0.06449,51.544078],[-0.064493,51.544109],[-0.064521,51.544375],[-0.064521,51.544379],[-0.064525,51.544415],[-0.064541,51.544573],[-0.064546,51.544617],[-0.064559,51.544742],[-0.064565,51.544797],[-0.064565,51.544804],[-0.064583,51.544972],[-0.064596,51.5451],[-0.064626,51.545285],[-0.064633,51.545326],[-0.064637,51.545353],[-0.06464,51.545371],[-0.064641,51.545378],[-0.064627,51.545379],[-0.064554,51.545384],[-0.064488,51.545388],[-0.064359,51.545396],[-0.064091,51.545412],[-0.063995,51.545418],[-0.063821,51.545429],[-0.063791,51.545431],[-0.063493,51.545449],[-0.063556,51.545569],[-0.063655,51.545755],[-0.063657,51.545759],[-0.06368,51.545801],[-0.063687,51.545815],[-0.063689,51.545819],[-0.063692,51.545825],[-0.063812,51.546051],[-0.063808,51.546051],[-0.063775,51.546051],[-0.063592,51.546047],[-0.063575,51.546047],[-0.063569,51.546048],[-0.06349,51.546067],[-0.063413,51.546087],[-0.063383,51.5461],[-0.063377,51.546102],[-0.063353,51.546116],[-0.063346,51.54612],[-0.063252,51.546193],[-0.063243,51.546202],[-0.063197,51.546189],[-0.063158,51.546181],[-0.063138,51.546177],[-0.063092,51.546168],[-0.063003,51.54616],[-0.062993,51.546159],[-0.062912,51.546159],[-0.062898,51.546159],[-0.062873,51.546162],[-0.062859,51.546165],[-0.062627,51.546277],[-0.062602,51.546243]]]}},{"type":"Feature","properties":{"LSOA21CD":"E01001764","LSOA21NM":"Hackney 010A","MEAN_PTAL_":"4","mean_AI":16.2212160271,"borough":"Hackney"},"geometry":{"type":"Polygon","coordinates":[[[-0.064626,51.560394],[-0.064593,51.56038],[-0.064587,51.560382],[-0.064473,51.560403],[-0.064414,51.560406],[-0.064343,51.560402],[-0.064254,51.560382],[-0.064187,51.560354],[-0.064152,51.560333],[-0.064087,51.560297],[-0.064083,51.560293],[-0.064012,51.560259],[-0.064009,51.560257],[-0.063989,51.560244],[-0.063953,51.560226],[-0.063935,51.560213],[-0.063961,51.560164],[-0.064008,51.560113],[-0.064074,51.560071],[-0.064165,51.560041],[-0.064346,51.560023],[-0.064227,51.559872],[-0.064138,51.559769],[-0.064105,51.55973],[-0.064101,51.559726],[-0.064071,51.559732],[-0.063659,51.559876],[-0.063594,51.559899],[-0.063577,51.559905],[-0.0635,51.559932],[-0.063484,51.559938],[-0.063455,51.559948],[-0.063442,51.559952],[-0.063394,51.559973],[-0.063352,51.559986],[-0.063312,51.560003],[-0.063303,51.560006],[-0.063271,51.560017],[-0.063263,51.56002],[-0.063167,51.560053],[-0.063023,51.560104],[-0.062993,51.560115],[-0.062986,51.56012],[-0.062978,51.560124],[-0.062963,51.560114],[-0.062933,51.560095],[-0.062908,51.560097],[-0.062897,51.560097],[-0.062853,51.560067],[-0.062811,51.560038],[-0.062811,51.560032],[-0.062811,51.560027],[-0.062812,51.560023],[-0.062814,51.559982],[-0.062819,51.559878],[-0.062945,51.559693],[-0.062721,51.559622],[-0.06272,51.559577],[-0.062719,51.559518],[-0.062919,51.559442],[-0.062935,51.55943],[-0.062999,51.559382],[-0.063002,51.55938],[-0.063046,51.55933],[-0.06306,51.559322],[-0.06307,51.559315],[-0.063107,51.559294],[-0.063129,51.559287],[-0.063139,51.559283],[-0.063147,51.559279],[-0.063158,51.559275],[-0.063236,51.559257],[-0.063389,51.559239],[-0.063396,51.559234],[-0.063665,51.559034],[-0.063487,51.558902],[-0.063496,51.558844],[-0.063578,51.558737],[-0.063608,51.558699],[-0.063735,51.558617],[-0.063741,51.558611],[-0.063737,51.558609],[-0.063761,51.558589],[-0.063737,51.558584],[-0.063679,51.558571],[-0.0636,51.558561],[-0.063568,51.558557],[-0.063435,51.55854],[-0.063287,51.558528],[-0.063122,51.558516],[-0.063083,51.558513],[-0.06295,51.558503],[-0.062908,51.558499],[-0.062896,51.558498],[-0.062787,51.55849],[-0.062488,51.558467],[-0.062241,51.558448],[-0.062166,51.558444],[-0.062162,51.558444],[-0.062114,51.55844],[-0.062022,51.558431],[-0.062017,51.558426],[-0.061978,51.558422],[-0.062007,51.558408],[-0.062042,51.558391],[-0.062086,51.558365],[-0.062119,51.558345],[-0.062126,51.558341],[-0.062131,51.558338],[-0.062236,51.558241],[-0.06238,51.558095],[-0.062431,51.558043],[-0.06251,51.557963],[-0.062586,51.557887],[-0.062632,51.557839],[-0.062698,51.557773],[-0.062879,51.557589],[-0.062878,51.557606],[-0.062872,51.557697],[-0.062948,51.55778],[-0.063003,51.55784],[-0.063043,51.557883],[-0.063046,51.557887],[-0.063079,51.557923],[-0.06309,51.557935],[-0.063098,51.557939],[-0.063107,51.55795],[-0.063111,51.557956],[-0.063141,51.557995],[-0.063176,51.558015],[-0.063256,51.558061],[-0.06338,51.558132],[-0.063429,51.55816],[-0.063559,51.558235],[-0.063578,51.558234],[-0.063668,51.558229],[-0.063948,51.55829],[-0.064008,51.558304],[-0.064022,51.558307],[-0.064052,51.55828],[-0.064097,51.558205],[-0.064132,51.558148],[-0.064155,51.55811],[-0.064168,51.558088],[-0.06417,51.558084],[-0.064166,51.558081],[-0.064249,51.557953],[-0.064329,51.55783],[-0.064337,51.557813],[-0.064341,51.557801],[-0.064382,51.557733],[-0.064388,51.557724],[-0.064441,51.557635],[-0.064471,51.557586],[-0.064486,51.557589],[-0.064647,51.557626],[-0.06472,51.557642],[-0.064795,51.557659],[-0.064842,51.55767],[-0.064961,51.557697],[-0.065053,51.557717],[-0.065071,51.557722],[-0.065157,51.557732],[-0.065186,51.557723],[-0.065361,51.55769],[-0.065381,51.557687],[-0.065375,51.557681],[-0.065353,51.557658],[-0.06534,51.557646],[-0.065356,51.557612],[-0.065361,51.557602],[-0.065361,51.557586],[-0.06536,51.557455],[-0.06536,51.557446],[-0.065359,51.557439],[-0.065356,51.557421],[-0.065341,51.557382],[-0.065314,51.557337],[-0.06531,51.557333],[-0.065219,51.557268],[-0.065177,51.557244],[-0.065166,51.557237],[-0.065149,51.557227],[-0.065131,51.557219],[-0.065104,51.557205],[-0.0648,51.557106],[-0.064786,51.557102],[-0.064795,51.557087],[-0.064882,51.556952],[-0.064903,51.556918],[-0.064927,51.55692],[-0.065043,51.556924],[-0.065116,51.556928],[-0.065295,51.556935],[-0.065342,51.556937],[-0.065414,51.55694],[-0.06543,51.556941],[-0.065442,51.556941],[-0.065498,51.556944],[-0.065639,51.55695],[-0.065674,51.556888],[-0.065764,51.556872],[-0.065843,51.556857],[-0.066002,51.556829],[-0.066024,51.556827],[-0.066039,51.556826],[-0.066105,51.55683],[-0.066138,51.556836],[-0.066166,51.556868],[-0.066168,51.556871],[-0.066171,51.556876],[-0.066173,51.556878],[-0.066198,51.556918],[-0.066201,51.556924],[-0.066215,51.556939],[-0.066228,51.556953],[-0.066232,51.55696],[-0.066241,51.556973],[-0.066252,51.556991],[-0.066293,51.557032],[-0.066296,51.55704],[-0.066298,51.557043],[-0.066306,51.557063],[-0.066312,51.5571],[-0.066313,51.557106],[-0.066313,51.557115],[-0.066326,51.557129],[-0.066336,51.55714],[-0.066339,51.557144],[-0.066347,51.55716],[-0.066355,51.557167],[-0.066404,51.557245],[-0.066406,51.557248],[-0.06642,51.557269],[-0.066435,51.55729],[-0.066439,51.557296],[-0.066448,51.557311],[-0.066453,51.557318],[-0.066461,51.557327],[-0.066475,51.557348],[-0.066481,51.557357],[-0.066486,51.557362],[-0.066494,51.557374],[-0.066505,51.55739],[-0.066509,51.557391],[-0.06657,51.557407],[-0.066675,51.55738],[-0.066835,51.55734],[-0.066806,51.557362],[-0.066993,51.557313],[-0.066987,51.557302],[-0.06701,51.557297],[-0.067021,51.557294],[-0.067032,51.557291],[-0.067509,51.557172],[-0.067526,51.557204],[-0.067534,51.557219],[-0.067566,51.557276],[-0.067598,51.557334],[-0.067621,51.557375],[-0.067657,51.557441],[-0.067689,51.557498],[-0.067693,51.557506],[-0.067717,51.557549],[-0.067724,51.557562],[-0.067753,51.557615],[-0.067761,51.55763],[-0.06779,51.557681],[-0.067949,51.55797],[-0.067996,51.557956],[-0.068008,51.557962],[-0.068022,51.557967],[-0.068085,51.557993],[-0.068357,51.557972],[-0.06856,51.557957],[-0.068641,51.557909],[-0.068649,51.557904],[-0.068783,51.557869],[-0.068801,51.557869],[-0.069072,51.557864],[-0.069096,51.557864],[-0.069116,51.557889],[-0.069164,51.557951],[-0.069226,51.558031],[-0.069236,51.558043],[-0.069249,51.55806],[-0.069255,51.558069],[-0.069231,51.558077],[-0.069074,51.558127],[-0.068983,51.558155],[-0.068726,51.558237],[-0.068698,51.558268],[-0.068891,51.558424],[-0.06892,51.558488],[-0.068924,51.558503],[-0.068924,51.558534],[-0.068832,51.558659],[-0.06879,51.558715],[-0.06877,51.558742],[-0.068717,51.558809],[-0.068709,51.558819],[-0.068691,51.558822],[-0.068684,51.558824],[-0.068665,51.558828],[-0.068611,51.55884],[-0.068562,51.558872],[-0.068505,51.558868],[-0.06817,51.558843],[-0.068144,51.558841],[-0.067954,51.558865],[-0.067923,51.558872],[-0.067895,51.558878],[-0.067749,51.558935],[-0.067745,51.558937],[-0.067726,51.558958],[-0.067718,51.558959],[-0.067758,51.559034],[-0.067997,51.559478],[-0.068056,51.559586],[-0.06818,51.559813],[-0.068234,51.559912],[-0.068245,51.559933],[-0.068247,51.559937],[-0.068308,51.560048],[-0.068319,51.560068],[-0.068373,51.560171],[-0.068427,51.560273],[-0.068403,51.560302],[-0.068399,51.560303],[-0.068299,51.560339],[-0.068269,51.560351],[-0.068203,51.560364],[-0.068129,51.56037],[-0.068052,51.560367],[-0.067975,51.560355],[-0.067904,51.560337],[-0.067831,51.560309],[-0.067821,51.560277],[-0.067787,51.56022],[-0.06778,51.560211],[-0.067773,51.5602],[-0.067767,51.560183],[-0.067737,51.560141],[-0.067731,51.560133],[-0.067714,51.5601],[-0.067707,51.560078],[-0.067687,51.560045],[-0.067682,51.560035],[-0.06767,51.560016],[-0.067666,51.560005],[-0.067626,51.559943],[-0.067617,51.559922],[-0.0676,51.559899],[-0.067592,51.559881],[-0.067568,51.559849],[-0.067556,51.559826],[-0.067539,51.5598],[-0.067529,51.559779],[-0.067519,51.559764],[-0.067503,51.559731],[-0.067491,51.559713],[-0.067483,51.559695],[-0.067469,51.559675],[-0.067446,51.559629],[-0.067437,51.559616],[-0.067425,51.559591],[-0.067417,51.559579],[-0.0674,51.559544],[-0.067389,51.559531],[-0.067378,51.559508],[-0.067356,51.55948],[-0.067334,51.559438],[-0.067326,51.559428],[-0.067306,51.559391],[-0.067304,51.559388],[-0.067278,51.559343],[-0.067276,51.559337],[-0.067274,51.559333],[-0.067255,51.559299],[-0.067242,51.559282],[-0.067222,51.559247],[-0.067206,51.559225],[-0.067202,51.559217],[-0.067154,51.559205],[-0.067031,51.559183],[-0.06695,51.559177],[-0.066842,51.559182],[-0.066746,51.559202],[-0.066599,51.559266],[-0.06659,51.55928],[-0.06658,51.559299],[-0.066638,51.559399],[-0.066273,51.559512],[-0.066081,51.559572],[-0.066073,51.559574],[-0.066075,51.559577],[-0.066079,51.559583],[-0.066183,51.559753],[-0.066352,51.560023],[-0.066403,51.560088],[-0.066592,51.560333],[-0.066595,51.560339],[-0.06603,51.560489],[-0.066027,51.560486],[-0.065992,51.560451],[-0.065911,51.560392],[-0.065773,51.560423],[-0.065729,51.560432],[-0.065612,51.560434],[-0.065566,51.560434],[-0.065522,51.560431],[-0.065457,51.560418],[-0.065366,51.56039],[-0.06528,51.560354],[-0.065272,51.560351],[-0.065263,51.560359],[-0.065203,51.560403],[-0.065129,51.560445],[-0.065074,51.560466],[-0.064768,51.560509],[-0.064764,51.560552],[-0.06465,51.560408],[-0.064626,51.560394]]]}},{"type":"Feature","properties":{"LSOA21CD":"E01001765","LSOA21NM":"Hackney 010B","MEAN_PTAL_":"3","mean_AI":13.1094370492,"borough":"Hackney"},"geometry":{"type":"Polygon","coordinates":[[[-0.063948,51.55829],[-0.063668,51.558229],[-0.063578,51.558234],[-0.063559,51.558235],[-0.063429,51.55816],[-0.06338,51.558132],[-0.063256,51.558061],[-0.063176,51.558015],[-0.063141,51.557995],[-0.063111,51.557956],[-0.063107,51.55795],[-0.063098,51.557939],[-0.06309,51.557935],[-0.063079,51.557923],[-0.063046,51.557887],[-0.063043,51.557883],[-0.063003,51.55784],[-0.062948,51.55778],[-0.062872,51.557697],[-0.062878,51.557606],[-0.062879,51.557589],[-0.06288,51.557571],[-0.062748,51.5574],[-0.062655,51.557406],[-0.062391,51.557425],[-0.062103,51.557445],[-0.062078,51.55744],[-0.06206,51.557458],[-0.06188,51.557649],[-0.061821,51.557712],[-0.06182,51.557759],[-0.061819,51.557887],[-0.061765,51.557886],[-0.061719,51.557886],[-0.061717,51.557889],[-0.061676,51.557889],[-0.061653,51.557891],[-0.061611,51.557893],[-0.061578,51.557896],[-0.061567,51.557889],[-0.061507,51.557858],[-0.061472,51.55784],[-0.061406,51.557813],[-0.061394,51.55781],[-0.061251,51.55777],[-0.061246,51.55777],[-0.061212,51.557767],[-0.061183,51.557764],[-0.06113,51.557764],[-0.0611,51.557765],[-0.061087,51.557766],[-0.061073,51.557768],[-0.061066,51.557769],[-0.06104,51.557773],[-0.06095,51.557799],[-0.060944,51.557801],[-0.060884,51.557829],[-0.060814,51.557872],[-0.060787,51.557859],[-0.060749,51.55784],[-0.060698,51.557823],[-0.06069,51.557822],[-0.060641,51.557812],[-0.060591,51.557802],[-0.060562,51.557796],[-0.060564,51.557804],[-0.060565,51.557809],[-0.060493,51.557814],[-0.060449,51.557816],[-0.060435,51.557817],[-0.060375,51.557821],[-0.060325,51.557824],[-0.060248,51.557829],[-0.060231,51.55783],[-0.060154,51.557834],[-0.059962,51.557847],[-0.059936,51.557848],[-0.059638,51.557862],[-0.059499,51.557868],[-0.059494,51.557868],[-0.059491,51.55785],[-0.059496,51.55785],[-0.059452,51.557557],[-0.059439,51.557483],[-0.059378,51.557137],[-0.059357,51.557017],[-0.059347,51.556961],[-0.05931,51.556826],[-0.059227,51.556384],[-0.059214,51.556357],[-0.059197,51.556346],[-0.059158,51.55632],[-0.059173,51.556311],[-0.059184,51.556284],[-0.059205,51.556231],[-0.05921,51.556228],[-0.05923,51.556216],[-0.059235,51.556213],[-0.059509,51.556189],[-0.059692,51.556173],[-0.059717,51.556171],[-0.059946,51.55615],[-0.059945,51.556144],[-0.060065,51.556132],[-0.060168,51.556122],[-0.060209,51.556118],[-0.060231,51.556116],[-0.060288,51.55611],[-0.060341,51.556105],[-0.060419,51.556097],[-0.060472,51.556092],[-0.060493,51.55609],[-0.060551,51.556084],[-0.060614,51.556078],[-0.060623,51.556077],[-0.060676,51.556072],[-0.060727,51.556067],[-0.060771,51.55605],[-0.060808,51.556028],[-0.06083,51.556015],[-0.060834,51.55601],[-0.060887,51.555941],[-0.060901,51.555935],[-0.060965,51.555963],[-0.061035,51.555994],[-0.061098,51.556021],[-0.061118,51.556041],[-0.061153,51.556076],[-0.061364,51.556054],[-0.061372,51.556053],[-0.061408,51.556049],[-0.061498,51.55604],[-0.061738,51.556014],[-0.061783,51.556165],[-0.06179,51.556191],[-0.061795,51.556208],[-0.061796,51.556212],[-0.062043,51.556188],[-0.062049,51.556187],[-0.062119,51.55618],[-0.062175,51.556175],[-0.062322,51.556161],[-0.062345,51.556159],[-0.062418,51.556152],[-0.062534,51.55614],[-0.062558,51.556192],[-0.06256,51.556197],[-0.062578,51.556238],[-0.063111,51.55619],[-0.063147,51.556187],[-0.063334,51.55617],[-0.063254,51.555927],[-0.063251,51.555918],[-0.063245,51.555899],[-0.063227,51.555846],[-0.063554,51.555818],[-0.063599,51.555814],[-0.063598,51.555789],[-0.063597,51.555747],[-0.063596,51.555706],[-0.063595,51.555666],[-0.063591,51.555521],[-0.063905,51.555517],[-0.063948,51.555517],[-0.064265,51.555841],[-0.064094,51.556053],[-0.064061,51.556093],[-0.064099,51.556327],[-0.064101,51.556342],[-0.064185,51.556255],[-0.064187,51.556253],[-0.064241,51.556197],[-0.064529,51.555891],[-0.064559,51.55586],[-0.064563,51.555855],[-0.064615,51.5558],[-0.064636,51.555777],[-0.064679,51.555731],[-0.064711,51.555697],[-0.064754,51.555651],[-0.064827,51.555575],[-0.064891,51.555506],[-0.06491,51.555506],[-0.064926,51.555506],[-0.065114,51.555722],[-0.065149,51.555761],[-0.065152,51.55576],[-0.065191,51.555744],[-0.065199,51.555741],[-0.065274,51.555716],[-0.065295,51.555712],[-0.065337,51.555706],[-0.065348,51.555704],[-0.065394,51.555699],[-0.065395,51.555695],[-0.065431,51.555495],[-0.065614,51.555491],[-0.065688,51.55549],[-0.065697,51.55549],[-0.065765,51.555489],[-0.066024,51.555486],[-0.066205,51.555483],[-0.066339,51.555488],[-0.066612,51.555498],[-0.066637,51.555499],[-0.066663,51.555501],[-0.066669,51.555502],[-0.066753,51.555506],[-0.06679,51.555508],[-0.066796,51.555508],[-0.066907,51.555514],[-0.067522,51.555546],[-0.067531,51.555546],[-0.067682,51.555554],[-0.067843,51.555563],[-0.068125,51.555577],[-0.068126,51.555585],[-0.068137,51.555659],[-0.068148,51.555734],[-0.068163,51.55583],[-0.068163,51.555833],[-0.068167,51.55586],[-0.068172,51.55589],[-0.068175,51.555909],[-0.068183,51.555966],[-0.068215,51.556166],[-0.06822,51.556197],[-0.068222,51.5562],[-0.068223,51.556211],[-0.068253,51.556384],[-0.068257,51.556404],[-0.068264,51.556445],[-0.068268,51.556459],[-0.068276,51.55649],[-0.06828,51.556504],[-0.068292,51.556545],[-0.068298,51.556566],[-0.0683,51.556574],[-0.068325,51.556661],[-0.068342,51.55672],[-0.068344,51.556729],[-0.068345,51.556733],[-0.068348,51.556741],[-0.068352,51.556756],[-0.068354,51.556764],[-0.068356,51.556769],[-0.068356,51.556771],[-0.068375,51.55681],[-0.068377,51.556815],[-0.068408,51.556879],[-0.068414,51.556893],[-0.068459,51.556987],[-0.068509,51.557091],[-0.068512,51.557097],[-0.068535,51.557131],[-0.068567,51.55718],[-0.068572,51.557189],[-0.068578,51.557197],[-0.068581,51.557202],[-0.068625,51.557269],[-0.068636,51.557285],[-0.068641,51.557294],[-0.068658,51.557317],[-0.068668,51.55733],[-0.068671,51.557334],[-0.068684,51.557352],[-0.068707,51.557383],[-0.068722,51.557401],[-0.068725,51.557405],[-0.068751,51.557436],[-0.068753,51.557439],[-0.068756,51.557442],[-0.068782,51.557475],[-0.068812,51.55751],[-0.068855,51.557564],[-0.068891,51.557607],[-0.068949,51.557678],[-0.068963,51.557695],[-0.069005,51.557746],[-0.069017,51.557761],[-0.06902,51.557766],[-0.069034,51.557783],[-0.069055,51.557811],[-0.069089,51.557854],[-0.069096,51.557864],[-0.069072,51.557864],[-0.068801,51.557869],[-0.068783,51.557869],[-0.068649,51.557904],[-0.068641,51.557909],[-0.06856,51.557957],[-0.068357,51.557972],[-0.068085,51.557993],[-0.068022,51.557967],[-0.068008,51.557962],[-0.067996,51.557956],[-0.067949,51.55797],[-0.06779,51.557681],[-0.067761,51.55763],[-0.067753,51.557615],[-0.067724,51.557562],[-0.067717,51.557549],[-0.067693,51.557506],[-0.067689,51.557498],[-0.067657,51.557441],[-0.067621,51.557375],[-0.067598,51.557334],[-0.067566,51.557276],[-0.067534,51.557219],[-0.067526,51.557204],[-0.067509,51.557172],[-0.067032,51.557291],[-0.067021,51.557294],[-0.06701,51.557297],[-0.066987,51.557302],[-0.066993,51.557313],[-0.066806,51.557362],[-0.066835,51.55734],[-0.066675,51.55738],[-0.06657,51.557407],[-0.066509,51.557391],[-0.066505,51.55739],[-0.066494,51.557374],[-0.066486,51.557362],[-0.066481,51.557357],[-0.066475,51.557348],[-0.066461,51.557327],[-0.066453,51.557318],[-0.066448,51.557311],[-0.066439,51.557296],[-0.066435,51.55729],[-0.06642,51.557269],[-0.066406,51.557248],[-0.066404,51.557245],[-0.066355,51.557167],[-0.066347,51.55716],[-0.066339,51.557144],[-0.066336,51.55714],[-0.066326,51.557129],[-0.066313,51.557115],[-0.066313,51.557106],[-0.066312,51.5571],[-0.066306,51.557063],[-0.066298,51.557043],[-0.066296,51.55704],[-0.066293,51.557032],[-0.066252,51.556991],[-0.066241,51.556973],[-0.066232,51.55696],[-0.066228,51.556953],[-0.066215,51.556939],[-0.066201,51.556924],[-0.066198,51.556918],[-0.066173,51.556878],[-0.066171,51.556876],[-0.066168,51.556871],[-0.066166,51.556868],[-0.066138,51.556836],[-0.066105,51.55683],[-0.066039,51.556826],[-0.066024,51.556827],[-0.066002,51.556829],[-0.065843,51.556857],[-0.065764,51.556872],[-0.065674,51.556888],[-0.065639,51.55695],[-0.065498,51.556944],[-0.065442,51.556941],[-0.06543,51.556941],[-0.065414,51.55694],[-0.065342,51.556937],[-0.065295,51.556935],[-0.065116,51.556928],[-0.065043,51.556924],[-0.064927,51.55692],[-0.064903,51.556918],[-0.064882,51.556952],[-0.064795,51.557087],[-0.064786,51.557102],[-0.0648,51.557106],[-0.065104,51.557205],[-0.065131,51.557219],[-0.065149,51.557227],[-0.065166,51.557237],[-0.065177,51.557244],[-0.065219,51.557268],[-0.06531,51.557333],[-0.065314,51.557337],[-0.065341,51.557382],[-0.065356,51.557421],[-0.065359,51.557439],[-0.06536,51.557446],[-0.06536,51.557455],[-0.065361,51.557586],[-0.065361,51.557602],[-0.065356,51.557612],[-0.06534,51.557646],[-0.065353,51.557658],[-0.065375,51.557681],[-0.065381,51.557687],[-0.065361,51.55769],[-0.065186,51.557723],[-0.065157,51.557732],[-0.065071,51.557722],[-0.065053,51.557717],[-0.064961,51.557697],[-0.064842,51.55767],[-0.064795,51.557659],[-0.06472,51.557642],[-0.064647,51.557626],[-0.064486,51.557589],[-0.064471,51.557586],[-0.064441,51.557635],[-0.064388,51.557724],[-0.064382,51.557733],[-0.064341,51.557801],[-0.064337,51.557813],[-0.064329,51.55783],[-0.064249,51.557953],[-0.064166,51.558081],[-0.06417,51.558084],[-0.064168,51.558088],[-0.064155,51.55811],[-0.064132,51.558148],[-0.064097,51.558205],[-0.064052,51.55828],[-0.064022,51.558307],[-0.064008,51.558304],[-0.063948,51.55829]]]}},{"type":"Feature","properties":{"LSOA21CD":"E01001767","LSOA21NM":"Hackney 010D","MEAN_PTAL_":"4","mean_AI":16.1411754935,"borough":"Hackney"},"geometry":{"type":"Polygon","coordinates":[[[-0.057689,51.562538],[-0.057673,51.562519],[-0.057638,51.562476],[-0.057628,51.562464],[-0.057624,51.562459],[-0.05759,51.562419],[-0.057555,51.562377],[-0.057509,51.56231],[-0.057496,51.562285],[-0.05748,51.562255],[-0.057473,51.562243],[-0.057469,51.562232],[-0.057465,51.562221],[-0.057452,51.562187],[-0.057447,51.562174],[-0.057442,51.562159],[-0.057421,51.562081],[-0.057419,51.562072],[-0.057417,51.562065],[-0.057412,51.562048],[-0.057368,51.561944],[-0.05735,51.561903],[-0.057346,51.561893],[-0.057316,51.561824],[-0.057182,51.561513],[-0.057158,51.561457],[-0.057142,51.561419],[-0.057138,51.56141],[-0.057133,51.561399],[-0.05713,51.561393],[-0.057098,51.561317],[-0.057081,51.561277],[-0.057029,51.561157],[-0.056987,51.561058],[-0.056961,51.561],[-0.056942,51.560955],[-0.05691,51.56088],[-0.056891,51.560838],[-0.056867,51.56078],[-0.056851,51.560744],[-0.056839,51.560715],[-0.056812,51.560652],[-0.056793,51.560608],[-0.056783,51.560585],[-0.056774,51.56056],[-0.056718,51.56039],[-0.056686,51.560293],[-0.056684,51.560287],[-0.05667,51.560243],[-0.056664,51.560225],[-0.056643,51.56018],[-0.056615,51.56012],[-0.05661,51.560111],[-0.056602,51.560082],[-0.056563,51.559941],[-0.056551,51.55991],[-0.056542,51.559889],[-0.056539,51.559883],[-0.057094,51.559839],[-0.057759,51.559787],[-0.057958,51.559771],[-0.058542,51.559746],[-0.05871,51.559739],[-0.058951,51.559731],[-0.058997,51.559728],[-0.059115,51.55972],[-0.059155,51.559721],[-0.059252,51.559721],[-0.059271,51.559721],[-0.059431,51.559715],[-0.059447,51.559715],[-0.059454,51.559715],[-0.059585,51.559713],[-0.05975,51.559711],[-0.059807,51.559712],[-0.059813,51.559712],[-0.059832,51.559714],[-0.059951,51.559723],[-0.060094,51.559744],[-0.060172,51.55975],[-0.060199,51.559747],[-0.060193,51.559595],[-0.060231,51.559519],[-0.06024,51.559501],[-0.060244,51.559494],[-0.06025,51.559486],[-0.06028,51.55945],[-0.060251,51.559437],[-0.060219,51.559427],[-0.060132,51.5594],[-0.060065,51.559396],[-0.05999,51.559393],[-0.059819,51.559404],[-0.05981,51.559316],[-0.059802,51.559144],[-0.059802,51.559135],[-0.059782,51.558919],[-0.060025,51.558945],[-0.060043,51.558942],[-0.06009,51.558934],[-0.0601,51.558932],[-0.060114,51.55893],[-0.060158,51.558914],[-0.060173,51.558905],[-0.060217,51.558879],[-0.060254,51.558864],[-0.060259,51.558862],[-0.060328,51.558823],[-0.060362,51.5588],[-0.060377,51.558787],[-0.060388,51.558787],[-0.060396,51.558786],[-0.060402,51.558787],[-0.060424,51.558787],[-0.060435,51.558787],[-0.060474,51.558792],[-0.060479,51.558793],[-0.060578,51.5588],[-0.060616,51.5588],[-0.060639,51.5588],[-0.060656,51.558801],[-0.060697,51.558797],[-0.060714,51.558797],[-0.060726,51.558798],[-0.06073,51.558798],[-0.060755,51.558797],[-0.060779,51.558797],[-0.060825,51.558799],[-0.060832,51.5588],[-0.060837,51.5588],[-0.060846,51.558801],[-0.060859,51.558803],[-0.060932,51.558814],[-0.060982,51.55882],[-0.060988,51.558821],[-0.060996,51.558821],[-0.061026,51.558825],[-0.061044,51.558824],[-0.061095,51.558825],[-0.061115,51.558825],[-0.06113,51.558825],[-0.06118,51.55882],[-0.061259,51.558818],[-0.061281,51.558816],[-0.061323,51.558812],[-0.061349,51.558812],[-0.061377,51.558809],[-0.061382,51.558809],[-0.061477,51.558828],[-0.061523,51.558834],[-0.061802,51.55887],[-0.061971,51.558892],[-0.062046,51.558993],[-0.06205,51.558998],[-0.062064,51.559004],[-0.062093,51.559014],[-0.062171,51.559041],[-0.06222,51.559055],[-0.062261,51.559067],[-0.062322,51.559067],[-0.062341,51.559065],[-0.062578,51.559016],[-0.062701,51.558965],[-0.062789,51.558738],[-0.062867,51.558743],[-0.062987,51.558752],[-0.063056,51.558747],[-0.063088,51.558751],[-0.063185,51.558733],[-0.063251,51.558737],[-0.063283,51.558548],[-0.063287,51.558528],[-0.063435,51.55854],[-0.063568,51.558557],[-0.0636,51.558561],[-0.063679,51.558571],[-0.063737,51.558584],[-0.063761,51.558589],[-0.063737,51.558609],[-0.063741,51.558611],[-0.063735,51.558617],[-0.063608,51.558699],[-0.063578,51.558737],[-0.063496,51.558844],[-0.063487,51.558902],[-0.063665,51.559034],[-0.063396,51.559234],[-0.063389,51.559239],[-0.063236,51.559257],[-0.063158,51.559275],[-0.063147,51.559279],[-0.063139,51.559283],[-0.063129,51.559287],[-0.063107,51.559294],[-0.06307,51.559315],[-0.06306,51.559322],[-0.063046,51.55933],[-0.063002,51.55938],[-0.062999,51.559382],[-0.062935,51.55943],[-0.062919,51.559442],[-0.062719,51.559518],[-0.06272,51.559577],[-0.062721,51.559622],[-0.062945,51.559693],[-0.062819,51.559878],[-0.062814,51.559982],[-0.062598,51.559963],[-0.0625,51.559955],[-0.062493,51.559953],[-0.062486,51.559954],[-0.062408,51.55996],[-0.062351,51.559952],[-0.062322,51.559951],[-0.06215,51.559929],[-0.062139,51.559929],[-0.062137,51.559932],[-0.062124,51.559958],[-0.062134,51.559969],[-0.062126,51.559986],[-0.06212,51.56],[-0.061952,51.560185],[-0.061947,51.560192],[-0.061835,51.560202],[-0.061722,51.560213],[-0.06159,51.560239],[-0.061536,51.560255],[-0.061474,51.560279],[-0.061858,51.560584],[-0.061864,51.560589],[-0.061847,51.560621],[-0.061835,51.560627],[-0.061727,51.560689],[-0.061666,51.560716],[-0.061548,51.560769],[-0.061537,51.560775],[-0.061481,51.560802],[-0.061318,51.560883],[-0.061313,51.560886],[-0.061257,51.560914],[-0.061219,51.560932],[-0.061083,51.561001],[-0.061065,51.56101],[-0.061004,51.561044],[-0.060963,51.561067],[-0.060875,51.561116],[-0.06082,51.561147],[-0.0608,51.561158],[-0.060732,51.561197],[-0.060663,51.561236],[-0.060581,51.561282],[-0.060532,51.561309],[-0.060474,51.561342],[-0.060421,51.561367],[-0.060366,51.561393],[-0.060352,51.5614],[-0.060281,51.561434],[-0.060105,51.561519],[-0.060039,51.561551],[-0.060001,51.561569],[-0.059985,51.561577],[-0.059961,51.561588],[-0.059914,51.561611],[-0.059845,51.561642],[-0.059752,51.561683],[-0.059671,51.561719],[-0.059615,51.561744],[-0.059578,51.561761],[-0.059533,51.561781],[-0.059513,51.56179],[-0.059385,51.561847],[-0.059328,51.561872],[-0.05928,51.561894],[-0.059252,51.561906],[-0.059201,51.561927],[-0.059196,51.561929],[-0.059192,51.561931],[-0.059106,51.561967],[-0.058999,51.562011],[-0.058918,51.562044],[-0.05894,51.562067],[-0.058954,51.56208],[-0.059045,51.562164],[-0.059105,51.56222],[-0.059178,51.562288],[-0.0593,51.562237],[-0.059361,51.562296],[-0.059415,51.562349],[-0.059572,51.562286],[-0.059618,51.562267],[-0.059696,51.56257],[-0.059794,51.562554],[-0.059761,51.562562],[-0.059597,51.562602],[-0.059471,51.562633],[-0.059439,51.562641],[-0.059241,51.562695],[-0.058981,51.562767],[-0.058951,51.562775],[-0.058942,51.562778],[-0.058793,51.562819],[-0.058789,51.56282],[-0.058765,51.562827],[-0.058681,51.56285],[-0.05835,51.562943],[-0.058226,51.562983],[-0.058148,51.563008],[-0.058129,51.563016],[-0.05807,51.56296],[-0.058057,51.562947],[-0.05802,51.562912],[-0.058004,51.562897],[-0.057999,51.562891],[-0.057979,51.562873],[-0.057974,51.562867],[-0.057958,51.562851],[-0.057929,51.562822],[-0.057878,51.562771],[-0.057873,51.562764],[-0.057689,51.562538]]]}},{"type":"Feature","properties":{"LSOA21CD":"E01001768","LSOA21NM":"Hackney 006D","MEAN_PTAL_":"4","mean_AI":15.7930726118,"borough":"Hackney"},"geometry":{"type":"Polygon","coordinates":[[[-0.063358,51.562802],[-0.063351,51.562801],[-0.063338,51.562802],[-0.063233,51.562797],[-0.063111,51.562798],[-0.063088,51.562798],[-0.062916,51.5628],[-0.062898,51.562801],[-0.062786,51.562802],[-0.062742,51.562802],[-0.062735,51.562803],[-0.062645,51.562804],[-0.062621,51.562804],[-0.062589,51.562804],[-0.062556,51.562805],[-0.062519,51.562806],[-0.062465,51.562807],[-0.062427,51.562808],[-0.06242,51.562808],[-0.062394,51.562809],[-0.06228,51.562811],[-0.062156,51.562814],[-0.062151,51.562814],[-0.062136,51.562815],[-0.062033,51.562806],[-0.06192,51.562797],[-0.061874,51.562785],[-0.061795,51.562765],[-0.061789,51.562764],[-0.061636,51.562725],[-0.0616,51.562716],[-0.061596,51.562715],[-0.061572,51.562706],[-0.061414,51.562649],[-0.061352,51.562627],[-0.06132,51.562615],[-0.061244,51.562588],[-0.061182,51.562566],[-0.061168,51.562561],[-0.061103,51.562537],[-0.061098,51.562536],[-0.061075,51.562531],[-0.061037,51.562523],[-0.060956,51.562506],[-0.060914,51.562497],[-0.060876,51.562494],[-0.060823,51.562489],[-0.060644,51.562475],[-0.060512,51.562475],[-0.0605,51.562475],[-0.060452,51.562475],[-0.060358,51.562475],[-0.060352,51.562475],[-0.060345,51.562475],[-0.060298,51.562476],[-0.060288,51.562476],[-0.060274,51.562478],[-0.06024,51.562483],[-0.06023,51.562484],[-0.06019,51.562489],[-0.060107,51.562501],[-0.060049,51.562509],[-0.06,51.562516],[-0.059977,51.562519],[-0.059955,51.562522],[-0.059916,51.562527],[-0.05989,51.562531],[-0.059794,51.562554],[-0.059696,51.56257],[-0.059618,51.562267],[-0.059572,51.562286],[-0.059415,51.562349],[-0.059361,51.562296],[-0.0593,51.562237],[-0.059178,51.562288],[-0.059105,51.56222],[-0.059045,51.562164],[-0.058954,51.56208],[-0.05894,51.562067],[-0.058918,51.562044],[-0.058999,51.562011],[-0.059106,51.561967],[-0.059192,51.561931],[-0.059196,51.561929],[-0.059201,51.561927],[-0.059252,51.561906],[-0.05928,51.561894],[-0.059328,51.561872],[-0.059385,51.561847],[-0.059513,51.56179],[-0.059533,51.561781],[-0.059578,51.561761],[-0.059615,51.561744],[-0.059671,51.561719],[-0.059752,51.561683],[-0.059845,51.561642],[-0.059914,51.561611],[-0.059961,51.561588],[-0.059985,51.561577],[-0.060001,51.561569],[-0.060039,51.561551],[-0.060105,51.561519],[-0.060281,51.561434],[-0.060352,51.5614],[-0.060366,51.561393],[-0.060421,51.561367],[-0.060474,51.561342],[-0.060532,51.561309],[-0.060581,51.561282],[-0.060663,51.561236],[-0.060732,51.561197],[-0.0608,51.561158],[-0.06082,51.561147],[-0.060875,51.561116],[-0.060963,51.561067],[-0.061004,51.561044],[-0.061065,51.56101],[-0.061083,51.561001],[-0.061219,51.560932],[-0.061257,51.560914],[-0.061313,51.560886],[-0.061318,51.560883],[-0.061481,51.560802],[-0.061537,51.560775],[-0.061548,51.560769],[-0.061666,51.560716],[-0.061727,51.560689],[-0.061835,51.560627],[-0.061847,51.560621],[-0.061864,51.560589],[-0.061858,51.560584],[-0.061474,51.560279],[-0.061536,51.560255],[-0.06159,51.560239],[-0.061722,51.560213],[-0.061835,51.560202],[-0.061947,51.560192],[-0.061952,51.560185],[-0.06212,51.56],[-0.062126,51.559986],[-0.062134,51.559969],[-0.062124,51.559958],[-0.062137,51.559932],[-0.062139,51.559929],[-0.06215,51.559929],[-0.062322,51.559951],[-0.062351,51.559952],[-0.062408,51.55996],[-0.062486,51.559954],[-0.062493,51.559953],[-0.0625,51.559955],[-0.062598,51.559963],[-0.062814,51.559982],[-0.062812,51.560023],[-0.062811,51.560027],[-0.062811,51.560032],[-0.062811,51.560038],[-0.062853,51.560067],[-0.062897,51.560097],[-0.062908,51.560097],[-0.062933,51.560095],[-0.062963,51.560114],[-0.062978,51.560124],[-0.062986,51.56012],[-0.062993,51.560115],[-0.063023,51.560104],[-0.063167,51.560053],[-0.063263,51.56002],[-0.063271,51.560017],[-0.063303,51.560006],[-0.063312,51.560003],[-0.063352,51.559986],[-0.063394,51.559973],[-0.063442,51.559952],[-0.063455,51.559948],[-0.063484,51.559938],[-0.0635,51.559932],[-0.063577,51.559905],[-0.063594,51.559899],[-0.063659,51.559876],[-0.064071,51.559732],[-0.064101,51.559726],[-0.064105,51.55973],[-0.064138,51.559769],[-0.064227,51.559872],[-0.064346,51.560023],[-0.064165,51.560041],[-0.064074,51.560071],[-0.064008,51.560113],[-0.063961,51.560164],[-0.063935,51.560213],[-0.063953,51.560226],[-0.063989,51.560244],[-0.064009,51.560257],[-0.064012,51.560259],[-0.064083,51.560293],[-0.064087,51.560297],[-0.064152,51.560333],[-0.064187,51.560354],[-0.064254,51.560382],[-0.064343,51.560402],[-0.064414,51.560406],[-0.064473,51.560403],[-0.064587,51.560382],[-0.064593,51.56038],[-0.064626,51.560394],[-0.06465,51.560408],[-0.064764,51.560552],[-0.064805,51.560604],[-0.0649,51.560722],[-0.064903,51.560725],[-0.064874,51.560725],[-0.064853,51.560725],[-0.064638,51.560716],[-0.064422,51.560692],[-0.064411,51.560691],[-0.064345,51.560678],[-0.064335,51.560677],[-0.064323,51.560673],[-0.064297,51.56074],[-0.064293,51.560748],[-0.064214,51.560957],[-0.064221,51.560957],[-0.064407,51.560953],[-0.064443,51.560958],[-0.064558,51.560989],[-0.06463,51.561022],[-0.064649,51.56101],[-0.064695,51.560988],[-0.065008,51.560924],[-0.065062,51.56098],[-0.065127,51.56102],[-0.065134,51.561024],[-0.065147,51.561029],[-0.065154,51.561038],[-0.065155,51.561048],[-0.065168,51.561062],[-0.065176,51.561062],[-0.06531,51.561217],[-0.065491,51.561424],[-0.065602,51.561534],[-0.06564,51.561578],[-0.065665,51.561606],[-0.06587,51.561839],[-0.065891,51.561863],[-0.065919,51.561881],[-0.066017,51.561946],[-0.066209,51.562024],[-0.066325,51.562072],[-0.066424,51.562112],[-0.066428,51.562114],[-0.066452,51.562125],[-0.066611,51.562195],[-0.066641,51.562208],[-0.066683,51.562244],[-0.066696,51.562263],[-0.066712,51.5623],[-0.066722,51.562324],[-0.066703,51.562326],[-0.066657,51.562331],[-0.066584,51.562338],[-0.066433,51.562354],[-0.066192,51.56239],[-0.066168,51.562393],[-0.066041,51.562413],[-0.066027,51.562416],[-0.065993,51.562426],[-0.065816,51.562474],[-0.065812,51.562476],[-0.06579,51.562486],[-0.065742,51.56251],[-0.065687,51.562536],[-0.065585,51.562586],[-0.065582,51.562588],[-0.06554,51.562608],[-0.065463,51.562645],[-0.065452,51.562651],[-0.065413,51.562669],[-0.065406,51.562673],[-0.065335,51.562707],[-0.065323,51.562713],[-0.065279,51.562729],[-0.065242,51.562743],[-0.065209,51.562755],[-0.065127,51.562785],[-0.065116,51.56279],[-0.065031,51.562821],[-0.065027,51.562822],[-0.065012,51.562828],[-0.064958,51.562848],[-0.064879,51.562877],[-0.064829,51.562894],[-0.064772,51.562913],[-0.064753,51.562919],[-0.064632,51.56296],[-0.06461,51.562961],[-0.064599,51.562962],[-0.064554,51.562966],[-0.064528,51.562968],[-0.064507,51.56297],[-0.064418,51.562966],[-0.064386,51.562964],[-0.064371,51.562964],[-0.064285,51.562945],[-0.064242,51.562935],[-0.064228,51.562932],[-0.064193,51.562924],[-0.064181,51.562922],[-0.064164,51.562918],[-0.064136,51.562912],[-0.064122,51.562909],[-0.064088,51.562901],[-0.064071,51.562898],[-0.064019,51.562885],[-0.064007,51.562882],[-0.063903,51.562858],[-0.063898,51.562857],[-0.063889,51.562855],[-0.063849,51.562846],[-0.063831,51.562844],[-0.063818,51.562842],[-0.063735,51.562833],[-0.063706,51.56283],[-0.06369,51.562828],[-0.06362,51.562821],[-0.06361,51.56282],[-0.063538,51.562812],[-0.063499,51.562808],[-0.063491,51.562807],[-0.063414,51.562804],[-0.063409,51.562803],[-0.063397,51.562803],[-0.063358,51.562802]]]}},{"type":"Feature","properties":{"LSOA21CD":"E01001769","LSOA21NM":"Hackney 006E","MEAN_PTAL_":"4","mean_AI":19.9969243048,"borough":"Hackney"},"geometry":{"type":"Polygon","coordinates":[[[-0.067268,51.562323],[-0.067082,51.562319],[-0.066954,51.562317],[-0.066813,51.562315],[-0.066722,51.562324],[-0.066712,51.5623],[-0.066696,51.562263],[-0.066683,51.562244],[-0.066641,51.562208],[-0.066611,51.562195],[-0.066452,51.562125],[-0.066428,51.562114],[-0.066424,51.562112],[-0.066325,51.562072],[-0.066209,51.562024],[-0.066017,51.561946],[-0.065919,51.561881],[-0.065891,51.561863],[-0.06587,51.561839],[-0.065665,51.561606],[-0.06564,51.561578],[-0.065602,51.561534],[-0.065491,51.561424],[-0.06531,51.561217],[-0.065176,51.561062],[-0.065168,51.561062],[-0.065155,51.561048],[-0.065154,51.561038],[-0.065147,51.561029],[-0.065134,51.561024],[-0.065127,51.56102],[-0.065062,51.56098],[-0.065008,51.560924],[-0.064695,51.560988],[-0.064649,51.56101],[-0.06463,51.561022],[-0.064558,51.560989],[-0.064443,51.560958],[-0.064407,51.560953],[-0.064221,51.560957],[-0.064214,51.560957],[-0.064293,51.560748],[-0.064297,51.56074],[-0.064323,51.560673],[-0.064335,51.560677],[-0.064345,51.560678],[-0.064411,51.560691],[-0.064422,51.560692],[-0.064638,51.560716],[-0.064853,51.560725],[-0.064874,51.560725],[-0.064903,51.560725],[-0.0649,51.560722],[-0.064805,51.560604],[-0.064764,51.560552],[-0.064768,51.560509],[-0.065074,51.560466],[-0.065129,51.560445],[-0.065203,51.560403],[-0.065263,51.560359],[-0.065272,51.560351],[-0.06528,51.560354],[-0.065366,51.56039],[-0.065457,51.560418],[-0.065522,51.560431],[-0.065566,51.560434],[-0.065612,51.560434],[-0.065729,51.560432],[-0.065773,51.560423],[-0.065911,51.560392],[-0.065992,51.560451],[-0.066027,51.560486],[-0.06603,51.560489],[-0.066595,51.560339],[-0.066592,51.560333],[-0.066403,51.560088],[-0.066352,51.560023],[-0.066183,51.559753],[-0.066079,51.559583],[-0.066075,51.559577],[-0.066073,51.559574],[-0.066081,51.559572],[-0.066273,51.559512],[-0.066638,51.559399],[-0.06658,51.559299],[-0.06659,51.55928],[-0.066599,51.559266],[-0.066746,51.559202],[-0.066842,51.559182],[-0.06695,51.559177],[-0.067031,51.559183],[-0.067154,51.559205],[-0.067202,51.559217],[-0.067206,51.559225],[-0.067222,51.559247],[-0.067242,51.559282],[-0.067255,51.559299],[-0.067274,51.559333],[-0.067276,51.559337],[-0.067278,51.559343],[-0.067304,51.559388],[-0.067306,51.559391],[-0.067326,51.559428],[-0.067334,51.559438],[-0.067356,51.55948],[-0.067378,51.559508],[-0.067389,51.559531],[-0.0674,51.559544],[-0.067417,51.559579],[-0.067425,51.559591],[-0.067437,51.559616],[-0.067446,51.559629],[-0.067469,51.559675],[-0.067483,51.559695],[-0.067491,51.559713],[-0.067503,51.559731],[-0.067519,51.559764],[-0.067529,51.559779],[-0.067539,51.5598],[-0.067556,51.559826],[-0.067568,51.559849],[-0.067592,51.559881],[-0.0676,51.559899],[-0.067617,51.559922],[-0.067626,51.559943],[-0.067666,51.560005],[-0.06767,51.560016],[-0.067682,51.560035],[-0.067687,51.560045],[-0.067707,51.560078],[-0.067714,51.5601],[-0.067731,51.560133],[-0.067737,51.560141],[-0.067767,51.560183],[-0.067773,51.5602],[-0.06778,51.560211],[-0.067787,51.56022],[-0.067821,51.560277],[-0.067831,51.560309],[-0.067904,51.560337],[-0.067975,51.560355],[-0.068052,51.560367],[-0.068129,51.56037],[-0.068203,51.560364],[-0.068269,51.560351],[-0.068299,51.560339],[-0.068399,51.560303],[-0.068403,51.560302],[-0.068427,51.560273],[-0.068373,51.560171],[-0.068319,51.560068],[-0.068308,51.560048],[-0.068247,51.559937],[-0.068245,51.559933],[-0.068234,51.559912],[-0.06818,51.559813],[-0.068056,51.559586],[-0.067997,51.559478],[-0.067758,51.559034],[-0.067718,51.558959],[-0.067726,51.558958],[-0.067745,51.558937],[-0.067749,51.558935],[-0.067895,51.558878],[-0.067923,51.558872],[-0.067954,51.558865],[-0.068144,51.558841],[-0.06817,51.558843],[-0.068505,51.558868],[-0.068562,51.558872],[-0.068611,51.55884],[-0.068665,51.558828],[-0.068684,51.558824],[-0.068691,51.558822],[-0.068709,51.558819],[-0.068717,51.558809],[-0.06877,51.558742],[-0.06879,51.558715],[-0.068832,51.558659],[-0.068924,51.558534],[-0.068924,51.558503],[-0.06892,51.558488],[-0.068891,51.558424],[-0.068698,51.558268],[-0.068726,51.558237],[-0.068983,51.558155],[-0.069074,51.558127],[-0.069231,51.558077],[-0.069255,51.558069],[-0.069263,51.55808],[-0.069269,51.558088],[-0.069275,51.558097],[-0.069294,51.558125],[-0.069333,51.558181],[-0.069389,51.558264],[-0.069395,51.558272],[-0.069438,51.558335],[-0.06945,51.558352],[-0.069484,51.558402],[-0.069486,51.558406],[-0.069497,51.558422],[-0.069541,51.558493],[-0.069564,51.558528],[-0.069591,51.558573],[-0.069603,51.558591],[-0.069616,51.558611],[-0.069658,51.558679],[-0.06966,51.558684],[-0.069668,51.558697],[-0.069682,51.558723],[-0.069708,51.55877],[-0.06972,51.558792],[-0.069761,51.558868],[-0.069764,51.558873],[-0.069783,51.558907],[-0.06981,51.558957],[-0.069841,51.559023],[-0.069851,51.559044],[-0.069859,51.559062],[-0.069877,51.5591],[-0.06989,51.559127],[-0.0699,51.559148],[-0.06992,51.559191],[-0.069924,51.5592],[-0.069949,51.55926],[-0.06995,51.559265],[-0.069953,51.55927],[-0.069959,51.559285],[-0.069976,51.559326],[-0.069984,51.559346],[-0.069986,51.559351],[-0.069992,51.559367],[-0.070001,51.55939],[-0.070032,51.559463],[-0.070039,51.55948],[-0.070046,51.559497],[-0.070048,51.559503],[-0.07005,51.559508],[-0.070055,51.55952],[-0.070058,51.559527],[-0.07006,51.559532],[-0.070075,51.559568],[-0.070083,51.559589],[-0.070086,51.559597],[-0.070105,51.559642],[-0.070111,51.559657],[-0.070118,51.559675],[-0.07012,51.55968],[-0.070129,51.559703],[-0.070138,51.559728],[-0.070143,51.559742],[-0.070149,51.559759],[-0.070168,51.559811],[-0.07017,51.559817],[-0.070191,51.559874],[-0.070195,51.559885],[-0.070211,51.559928],[-0.07022,51.559953],[-0.070241,51.560012],[-0.070256,51.560053],[-0.070273,51.560099],[-0.070285,51.560134],[-0.070305,51.560191],[-0.070306,51.560194],[-0.07031,51.560205],[-0.070313,51.560214],[-0.07032,51.560232],[-0.070328,51.560242],[-0.070352,51.56027],[-0.070361,51.56028],[-0.070365,51.560286],[-0.070367,51.560293],[-0.070384,51.560355],[-0.070398,51.560407],[-0.07041,51.56045],[-0.070425,51.560504],[-0.070427,51.560512],[-0.070431,51.560528],[-0.070435,51.560543],[-0.070436,51.560548],[-0.070438,51.560555],[-0.070441,51.560565],[-0.070448,51.560589],[-0.070449,51.560593],[-0.070456,51.56062],[-0.070465,51.560652],[-0.07047,51.56067],[-0.070492,51.560753],[-0.070494,51.56076],[-0.07053,51.560816],[-0.070534,51.560821],[-0.070543,51.560835],[-0.070552,51.560849],[-0.070557,51.560857],[-0.070563,51.560878],[-0.070567,51.560887],[-0.070573,51.560906],[-0.070577,51.560919],[-0.070579,51.560927],[-0.070617,51.561041],[-0.070624,51.561062],[-0.070645,51.561128],[-0.070653,51.561159],[-0.070669,51.561223],[-0.070676,51.561252],[-0.070681,51.561272],[-0.070691,51.56131],[-0.070697,51.561339],[-0.070698,51.561344],[-0.070701,51.561356],[-0.070752,51.561591],[-0.070775,51.561695],[-0.070791,51.56177],[-0.070799,51.561808],[-0.070803,51.561826],[-0.070808,51.561848],[-0.070808,51.561851],[-0.070815,51.561887],[-0.070818,51.561906],[-0.07082,51.561918],[-0.070826,51.561951],[-0.070826,51.561956],[-0.070828,51.561963],[-0.070829,51.561968],[-0.07083,51.561978],[-0.070837,51.56202],[-0.070838,51.562023],[-0.070843,51.562041],[-0.070856,51.562093],[-0.070857,51.562098],[-0.070865,51.562129],[-0.070876,51.562172],[-0.070884,51.562189],[-0.07089,51.5622],[-0.070901,51.562224],[-0.070907,51.562236],[-0.070919,51.562261],[-0.070931,51.562286],[-0.070932,51.562288],[-0.070934,51.562292],[-0.070947,51.562319],[-0.070954,51.562334],[-0.070969,51.562354],[-0.070975,51.562362],[-0.070999,51.562394],[-0.071013,51.562413],[-0.071032,51.562439],[-0.071048,51.562461],[-0.071052,51.562466],[-0.071054,51.562469],[-0.071071,51.562487],[-0.071109,51.562525],[-0.07113,51.562546],[-0.071147,51.562564],[-0.071156,51.56257],[-0.07116,51.562573],[-0.071213,51.562612],[-0.071216,51.562614],[-0.071256,51.562644],[-0.071261,51.562648],[-0.071342,51.562709],[-0.071408,51.562745],[-0.071429,51.562756],[-0.071521,51.562807],[-0.071599,51.56285],[-0.071566,51.562846],[-0.071446,51.562833],[-0.071403,51.562829],[-0.07133,51.562821],[-0.07128,51.562816],[-0.07111,51.562798],[-0.071081,51.562795],[-0.071011,51.562788],[-0.070941,51.562778],[-0.070869,51.562768],[-0.070845,51.562765],[-0.070755,51.562753],[-0.070736,51.56275],[-0.070612,51.562733],[-0.070577,51.562729],[-0.070415,51.562706],[-0.070225,51.562681],[-0.069862,51.562631],[-0.069835,51.562627],[-0.069644,51.562601],[-0.069596,51.562595],[-0.06957,51.562591],[-0.06935,51.562562],[-0.069338,51.56256],[-0.069207,51.562543],[-0.069175,51.562539],[-0.069156,51.562537],[-0.069075,51.562526],[-0.069058,51.562524],[-0.06896,51.562512],[-0.068946,51.56251],[-0.068923,51.562507],[-0.068796,51.562491],[-0.068763,51.562487],[-0.068647,51.562472],[-0.068628,51.56247],[-0.068616,51.562468],[-0.068568,51.562462],[-0.068471,51.56245],[-0.068394,51.56244],[-0.068376,51.562438],[-0.068353,51.562434],[-0.068221,51.562414],[-0.068202,51.562411],[-0.068127,51.562399],[-0.068051,51.562388],[-0.067998,51.56238],[-0.067975,51.562376],[-0.067931,51.562369],[-0.067922,51.562368],[-0.0679,51.562365],[-0.067873,51.562362],[-0.067837,51.562357],[-0.067741,51.562346],[-0.067679,51.56234],[-0.067661,51.562339],[-0.067626,51.562335],[-0.067569,51.562329],[-0.067556,51.562328],[-0.067524,51.562327],[-0.067506,51.562327],[-0.067486,51.562326],[-0.067398,51.562325],[-0.067388,51.562325],[-0.06737,51.562324],[-0.067268,51.562323]]]}},{"type":"Feature","properties":{"LSOA21CD":"E01001770","LSOA21NM":"Hackney 010E","MEAN_PTAL_":"4","mean_AI":19.1646694578,"borough":"Hackney"},"geometry":{"type":"Polygon","coordinates":[[[-0.056438,51.559657],[-0.056367,51.559543],[-0.05626,51.559387],[-0.056187,51.55928],[-0.056149,51.559214],[-0.056144,51.559205],[-0.056126,51.559175],[-0.05612,51.559165],[-0.056092,51.559116],[-0.056085,51.559104],[-0.056083,51.559101],[-0.056074,51.55908],[-0.056064,51.559055],[-0.056062,51.559051],[-0.056038,51.558992],[-0.056032,51.558978],[-0.056028,51.558969],[-0.055955,51.558796],[-0.055955,51.558793],[-0.055953,51.558786],[-0.055935,51.558716],[-0.055911,51.55862],[-0.055908,51.558608],[-0.055902,51.558574],[-0.055886,51.558483],[-0.055879,51.558442],[-0.055878,51.558434],[-0.055874,51.558413],[-0.055874,51.55841],[-0.055871,51.558392],[-0.05587,51.558391],[-0.055856,51.558304],[-0.055879,51.558153],[-0.055882,51.55811],[-0.055883,51.558093],[-0.055885,51.558062],[-0.055904,51.557786],[-0.055907,51.557734],[-0.055909,51.557711],[-0.055901,51.557632],[-0.055895,51.55757],[-0.055891,51.557522],[-0.055888,51.557489],[-0.055879,51.557419],[-0.055865,51.557308],[-0.055864,51.557305],[-0.05586,51.557269],[-0.055846,51.557212],[-0.055837,51.557176],[-0.055803,51.557037],[-0.055792,51.556994],[-0.055769,51.556899],[-0.05575,51.556822],[-0.055738,51.556775],[-0.055724,51.556719],[-0.055713,51.556672],[-0.055709,51.556657],[-0.055683,51.556614],[-0.055641,51.556544],[-0.055605,51.556498],[-0.055576,51.556463],[-0.055605,51.556461],[-0.055634,51.55646],[-0.05587,51.556315],[-0.056001,51.556235],[-0.056138,51.556151],[-0.056263,51.556146],[-0.056421,51.55614],[-0.056458,51.556159],[-0.056682,51.556135],[-0.056832,51.556118],[-0.056846,51.556117],[-0.056859,51.556124],[-0.056869,51.556123],[-0.056886,51.556121],[-0.057198,51.556084],[-0.057222,51.556081],[-0.057229,51.556083],[-0.057436,51.556128],[-0.057467,51.556125],[-0.0575,51.556119],[-0.057505,51.556119],[-0.057606,51.556113],[-0.057613,51.556112],[-0.057621,51.556113],[-0.057691,51.556108],[-0.057737,51.556097],[-0.057749,51.556096],[-0.057813,51.556088],[-0.057825,51.556088],[-0.057884,51.556087],[-0.057939,51.556077],[-0.05795,51.556075],[-0.058024,51.556066],[-0.058094,51.556049],[-0.058138,51.556044],[-0.058154,51.556044],[-0.058191,51.556043],[-0.058277,51.556026],[-0.058293,51.556025],[-0.05834,51.556022],[-0.058354,51.55602],[-0.058371,51.556018],[-0.058722,51.555996],[-0.058774,51.55603],[-0.058986,51.55617],[-0.058967,51.556226],[-0.058928,51.556343],[-0.059158,51.55632],[-0.059197,51.556346],[-0.059214,51.556357],[-0.059227,51.556384],[-0.05931,51.556826],[-0.059347,51.556961],[-0.059357,51.557017],[-0.059378,51.557137],[-0.059439,51.557483],[-0.059452,51.557557],[-0.059496,51.55785],[-0.059491,51.55785],[-0.059494,51.557868],[-0.059499,51.557868],[-0.059638,51.557862],[-0.059936,51.557848],[-0.059962,51.557847],[-0.060154,51.557834],[-0.060231,51.55783],[-0.060248,51.557829],[-0.060325,51.557824],[-0.060375,51.557821],[-0.060435,51.557817],[-0.060449,51.557816],[-0.060493,51.557814],[-0.060565,51.557809],[-0.060564,51.557804],[-0.060562,51.557796],[-0.060591,51.557802],[-0.060641,51.557812],[-0.06069,51.557822],[-0.060698,51.557823],[-0.060749,51.55784],[-0.060787,51.557859],[-0.060814,51.557872],[-0.060884,51.557829],[-0.060944,51.557801],[-0.06095,51.557799],[-0.06104,51.557773],[-0.061066,51.557769],[-0.061073,51.557768],[-0.061087,51.557766],[-0.0611,51.557765],[-0.06113,51.557764],[-0.061183,51.557764],[-0.061212,51.557767],[-0.061246,51.55777],[-0.061251,51.55777],[-0.061394,51.55781],[-0.061406,51.557813],[-0.061472,51.55784],[-0.061507,51.557858],[-0.061567,51.557889],[-0.061578,51.557896],[-0.061611,51.557893],[-0.061653,51.557891],[-0.061676,51.557889],[-0.061717,51.557889],[-0.061719,51.557886],[-0.061765,51.557886],[-0.061819,51.557887],[-0.06182,51.557759],[-0.061821,51.557712],[-0.06188,51.557649],[-0.06206,51.557458],[-0.062078,51.55744],[-0.062103,51.557445],[-0.062391,51.557425],[-0.062655,51.557406],[-0.062748,51.5574],[-0.06288,51.557571],[-0.062879,51.557589],[-0.062698,51.557773],[-0.062632,51.557839],[-0.062586,51.557887],[-0.06251,51.557963],[-0.062431,51.558043],[-0.06238,51.558095],[-0.062236,51.558241],[-0.062131,51.558338],[-0.062126,51.558341],[-0.062119,51.558345],[-0.062086,51.558365],[-0.062042,51.558391],[-0.062007,51.558408],[-0.061978,51.558422],[-0.062017,51.558426],[-0.062022,51.558431],[-0.062114,51.55844],[-0.062162,51.558444],[-0.062166,51.558444],[-0.062241,51.558448],[-0.062488,51.558467],[-0.062787,51.55849],[-0.062896,51.558498],[-0.062908,51.558499],[-0.06295,51.558503],[-0.063083,51.558513],[-0.063122,51.558516],[-0.063287,51.558528],[-0.063283,51.558548],[-0.063251,51.558737],[-0.063185,51.558733],[-0.063088,51.558751],[-0.063056,51.558747],[-0.062987,51.558752],[-0.062867,51.558743],[-0.062789,51.558738],[-0.062701,51.558965],[-0.062578,51.559016],[-0.062341,51.559065],[-0.062322,51.559067],[-0.062261,51.559067],[-0.06222,51.559055],[-0.062171,51.559041],[-0.062093,51.559014],[-0.062064,51.559004],[-0.06205,51.558998],[-0.062046,51.558993],[-0.061971,51.558892],[-0.061802,51.55887],[-0.061523,51.558834],[-0.061477,51.558828],[-0.061382,51.558809],[-0.061377,51.558809],[-0.061349,51.558812],[-0.061323,51.558812],[-0.061281,51.558816],[-0.061259,51.558818],[-0.06118,51.55882],[-0.06113,51.558825],[-0.061115,51.558825],[-0.061095,51.558825],[-0.061044,51.558824],[-0.061026,51.558825],[-0.060996,51.558821],[-0.060988,51.558821],[-0.060982,51.55882],[-0.060932,51.558814],[-0.060859,51.558803],[-0.060846,51.558801],[-0.060837,51.5588],[-0.060832,51.5588],[-0.060825,51.558799],[-0.060779,51.558797],[-0.060755,51.558797],[-0.06073,51.558798],[-0.060726,51.558798],[-0.060714,51.558797],[-0.060697,51.558797],[-0.060656,51.558801],[-0.060639,51.5588],[-0.060616,51.5588],[-0.060578,51.5588],[-0.060479,51.558793],[-0.060474,51.558792],[-0.060435,51.558787],[-0.060424,51.558787],[-0.060402,51.558787],[-0.060396,51.558786],[-0.060388,51.558787],[-0.060377,51.558787],[-0.060362,51.5588],[-0.060328,51.558823],[-0.060259,51.558862],[-0.060254,51.558864],[-0.060217,51.558879],[-0.060173,51.558905],[-0.060158,51.558914],[-0.060114,51.55893],[-0.0601,51.558932],[-0.06009,51.558934],[-0.060043,51.558942],[-0.060025,51.558945],[-0.059782,51.558919],[-0.059802,51.559135],[-0.059802,51.559144],[-0.05981,51.559316],[-0.059819,51.559404],[-0.05999,51.559393],[-0.060065,51.559396],[-0.060132,51.5594],[-0.060219,51.559427],[-0.060251,51.559437],[-0.06028,51.55945],[-0.06025,51.559486],[-0.060244,51.559494],[-0.06024,51.559501],[-0.060231,51.559519],[-0.060193,51.559595],[-0.060199,51.559747],[-0.060172,51.55975],[-0.060094,51.559744],[-0.059951,51.559723],[-0.059832,51.559714],[-0.059813,51.559712],[-0.059807,51.559712],[-0.05975,51.559711],[-0.059585,51.559713],[-0.059454,51.559715],[-0.059447,51.559715],[-0.059431,51.559715],[-0.059271,51.559721],[-0.059252,51.559721],[-0.059155,51.559721],[-0.059115,51.55972],[-0.058997,51.559728],[-0.058951,51.559731],[-0.05871,51.559739],[-0.058542,51.559746],[-0.057958,51.559771],[-0.057759,51.559787],[-0.057094,51.559839],[-0.056539,51.559883],[-0.056484,51.559749],[-0.056474,51.559729],[-0.05646,51.559701],[-0.056447,51.559675],[-0.056438,51.559657]]]}},{"type":"Feature","properties":{"LSOA21CD":"E01001772","LSOA21NM":"Hackney 024A","MEAN_PTAL_":"3","mean_AI":14.752077112,"borough":"Hackney"},"geometry":{"type":"Polygon","coordinates":[[[-0.071088,51.539036],[-0.070907,51.539025],[-0.070906,51.539033],[-0.070902,51.539078],[-0.070863,51.539076],[-0.070784,51.539073],[-0.070425,51.539058],[-0.070286,51.539052],[-0.070231,51.53905],[-0.070211,51.539049],[-0.070222,51.538927],[-0.070226,51.538875],[-0.07024,51.538718],[-0.070241,51.538705],[-0.070248,51.53863],[-0.070255,51.538552],[-0.070255,51.538548],[-0.070256,51.538532],[-0.070258,51.538518],[-0.070264,51.538451],[-0.070264,51.538442],[-0.070266,51.538418],[-0.070267,51.538411],[-0.070268,51.538401],[-0.070283,51.538278],[-0.070285,51.538263],[-0.070285,51.538257],[-0.070295,51.538176],[-0.070295,51.538172],[-0.070297,51.538155],[-0.0703,51.538131],[-0.070307,51.53807],[-0.07031,51.538051],[-0.070311,51.538042],[-0.070316,51.537997],[-0.070318,51.537982],[-0.070332,51.537861],[-0.070343,51.537772],[-0.070335,51.537698],[-0.070333,51.537685],[-0.070329,51.537642],[-0.070328,51.537637],[-0.070322,51.537574],[-0.07032,51.537561],[-0.070319,51.537546],[-0.070316,51.537526],[-0.070316,51.537521],[-0.070311,51.537476],[-0.07031,51.537467],[-0.07031,51.537457],[-0.070306,51.537408],[-0.070306,51.537402],[-0.070305,51.537387],[-0.070304,51.537381],[-0.070304,51.537373],[-0.070303,51.537363],[-0.070303,51.537357],[-0.070301,51.537335],[-0.0703,51.537314],[-0.070297,51.537277],[-0.070291,51.537195],[-0.07029,51.537175],[-0.070289,51.53717],[-0.07028,51.537029],[-0.070278,51.537008],[-0.070277,51.536999],[-0.070277,51.536993],[-0.070265,51.536823],[-0.070264,51.536815],[-0.070258,51.536719],[-0.070257,51.536707],[-0.070253,51.536647],[-0.070252,51.536638],[-0.070245,51.536545],[-0.070244,51.536531],[-0.070242,51.536493],[-0.070241,51.53649],[-0.070234,51.536387],[-0.070228,51.536296],[-0.070227,51.536278],[-0.070197,51.536033],[-0.070201,51.536032],[-0.070236,51.536026],[-0.070557,51.536053],[-0.070711,51.536066],[-0.070996,51.53609],[-0.071051,51.536095],[-0.071052,51.53609],[-0.071056,51.536091],[-0.071143,51.536099],[-0.071554,51.536137],[-0.071742,51.536153],[-0.071896,51.536166],[-0.071926,51.536168],[-0.071925,51.536171],[-0.071928,51.536424],[-0.071929,51.536657],[-0.07193,51.53679],[-0.071747,51.536796],[-0.071738,51.536861],[-0.071693,51.536898],[-0.071683,51.537062],[-0.071681,51.537097],[-0.071679,51.537131],[-0.071676,51.537182],[-0.071672,51.537186],[-0.071708,51.537231],[-0.0717,51.537256],[-0.071729,51.53728],[-0.071712,51.537316],[-0.071706,51.537329],[-0.071677,51.537347],[-0.071693,51.537364],[-0.071698,51.53743],[-0.071664,51.537449],[-0.071649,51.537457],[-0.071605,51.537482],[-0.071562,51.537506],[-0.071569,51.537525],[-0.07157,51.537551],[-0.071567,51.537564],[-0.071578,51.537638],[-0.071285,51.537663],[-0.071151,51.537754],[-0.071234,51.537837],[-0.071333,51.537935],[-0.071422,51.537945],[-0.07149,51.537991],[-0.071819,51.538037],[-0.071805,51.53812],[-0.071938,51.538127],[-0.071948,51.538128],[-0.072089,51.538133],[-0.07216,51.538127],[-0.072228,51.538102],[-0.072306,51.538075],[-0.07228,51.538049],[-0.072172,51.537954],[-0.072175,51.537948],[-0.072126,51.537901],[-0.072057,51.537828],[-0.072016,51.537773],[-0.072003,51.537737],[-0.072001,51.537723],[-0.071992,51.537656],[-0.071991,51.537619],[-0.071978,51.537346],[-0.071977,51.537319],[-0.071993,51.537346],[-0.072013,51.537382],[-0.072065,51.537443],[-0.072072,51.537448],[-0.072177,51.537509],[-0.072372,51.537349],[-0.07253,51.537219],[-0.072646,51.537125],[-0.07266,51.537113],[-0.072686,51.537104],[-0.072694,51.537119],[-0.072763,51.537121],[-0.07295,51.537126],[-0.072993,51.537127],[-0.072994,51.537098],[-0.072999,51.536976],[-0.073003,51.536964],[-0.073019,51.536918],[-0.073154,51.53692],[-0.073243,51.536921],[-0.073523,51.536926],[-0.073527,51.536858],[-0.073532,51.536782],[-0.073541,51.536632],[-0.073557,51.536615],[-0.073589,51.536573],[-0.073589,51.536545],[-0.073594,51.536298],[-0.0736,51.536298],[-0.073654,51.536302],[-0.073825,51.536316],[-0.073958,51.536326],[-0.07396,51.536337],[-0.074009,51.536529],[-0.074014,51.536548],[-0.074018,51.536552],[-0.074094,51.53662],[-0.074095,51.536624],[-0.074095,51.536661],[-0.074105,51.536706],[-0.074107,51.536717],[-0.07411,51.536724],[-0.074112,51.536729],[-0.074109,51.536751],[-0.07411,51.536767],[-0.074111,51.536774],[-0.074101,51.536781],[-0.074096,51.536785],[-0.074008,51.536817],[-0.073834,51.536882],[-0.073826,51.536885],[-0.074008,51.537046],[-0.074018,51.537055],[-0.074042,51.537065],[-0.074077,51.537092],[-0.074084,51.537098],[-0.074063,51.537112],[-0.073996,51.537141],[-0.073991,51.537145],[-0.073952,51.537177],[-0.073943,51.537184],[-0.073948,51.537326],[-0.073949,51.537365],[-0.073949,51.537367],[-0.074025,51.537396],[-0.074044,51.537403],[-0.074117,51.537446],[-0.07412,51.537448],[-0.074126,51.537454],[-0.074013,51.537531],[-0.073986,51.537538],[-0.073811,51.537583],[-0.07379,51.537589],[-0.073968,51.537767],[-0.07398,51.537779],[-0.0741,51.537821],[-0.074105,51.537823],[-0.074035,51.537866],[-0.074027,51.537874],[-0.074004,51.537897],[-0.073995,51.537906],[-0.073989,51.538099],[-0.073989,51.538105],[-0.074078,51.538154],[-0.074111,51.538172],[-0.074118,51.538176],[-0.074027,51.5383],[-0.074023,51.538305],[-0.073996,51.538498],[-0.073672,51.538507],[-0.073648,51.538507],[-0.073557,51.538509],[-0.07355,51.538509],[-0.07351,51.53851],[-0.073495,51.538511],[-0.073456,51.538512],[-0.073438,51.538513],[-0.073384,51.538515],[-0.073379,51.538516],[-0.073315,51.53852],[-0.073303,51.538521],[-0.073248,51.53853],[-0.07322,51.538535],[-0.073208,51.538536],[-0.073101,51.538554],[-0.073047,51.538562],[-0.073077,51.538578],[-0.073096,51.538587],[-0.0731,51.538589],[-0.073141,51.53861],[-0.073266,51.538675],[-0.073297,51.538694],[-0.073306,51.538699],[-0.073451,51.538789],[-0.073531,51.538837],[-0.073583,51.53887],[-0.073622,51.538895],[-0.073669,51.538924],[-0.073674,51.538928],[-0.073757,51.53898],[-0.073766,51.538987],[-0.073782,51.538999],[-0.073908,51.539082],[-0.074089,51.539219],[-0.073821,51.539194],[-0.073817,51.539194],[-0.073781,51.539193],[-0.073694,51.539189],[-0.073678,51.539188],[-0.073661,51.539187],[-0.073629,51.539186],[-0.073528,51.53918],[-0.073507,51.539178],[-0.073401,51.539172],[-0.073391,51.539171],[-0.073252,51.539162],[-0.073241,51.539161],[-0.073235,51.539161],[-0.073196,51.539159],[-0.073188,51.539158],[-0.07305,51.539151],[-0.073033,51.539151],[-0.07301,51.539149],[-0.073003,51.539149],[-0.072874,51.539142],[-0.072845,51.539141],[-0.072723,51.539134],[-0.072693,51.539132],[-0.072654,51.53913],[-0.072646,51.53913],[-0.07258,51.539126],[-0.072568,51.539125],[-0.072515,51.539122],[-0.072504,51.539122],[-0.072436,51.539118],[-0.072427,51.539118],[-0.072382,51.539115],[-0.072315,51.539111],[-0.072228,51.539106],[-0.072212,51.539105],[-0.072083,51.539097],[-0.072069,51.539096],[-0.071976,51.53909],[-0.071939,51.539088],[-0.071889,51.539084],[-0.071739,51.539074],[-0.07173,51.539073],[-0.071695,51.539071],[-0.071642,51.539068],[-0.071593,51.539065],[-0.071586,51.539065],[-0.071496,51.53906],[-0.071443,51.539056],[-0.071431,51.539056],[-0.071423,51.539055],[-0.071415,51.539055],[-0.071292,51.539048],[-0.07126,51.539046],[-0.071177,51.539041],[-0.071162,51.53904],[-0.071154,51.53904],[-0.071088,51.539036]]]}},{"type":"Feature","properties":{"LSOA21CD":"E01001773","LSOA21NM":"Hackney 025E","MEAN_PTAL_":"4","mean_AI":15.3307968154,"borough":"Hackney"},"geometry":{"type":"Polygon","coordinates":[[[-0.0736,51.536298],[-0.073594,51.536298],[-0.073589,51.536545],[-0.073589,51.536573],[-0.073557,51.536615],[-0.073541,51.536632],[-0.073532,51.536782],[-0.073527,51.536858],[-0.073523,51.536926],[-0.073243,51.536921],[-0.073154,51.53692],[-0.073019,51.536918],[-0.073003,51.536964],[-0.072999,51.536976],[-0.072994,51.537098],[-0.072993,51.537127],[-0.07295,51.537126],[-0.072763,51.537121],[-0.072694,51.537119],[-0.072686,51.537104],[-0.07266,51.537113],[-0.072646,51.537125],[-0.07253,51.537219],[-0.072372,51.537349],[-0.072177,51.537509],[-0.072072,51.537448],[-0.072065,51.537443],[-0.072013,51.537382],[-0.071993,51.537346],[-0.071977,51.537319],[-0.071978,51.537346],[-0.071991,51.537619],[-0.071992,51.537656],[-0.072001,51.537723],[-0.072003,51.537737],[-0.072016,51.537773],[-0.072057,51.537828],[-0.072126,51.537901],[-0.072175,51.537948],[-0.072172,51.537954],[-0.07228,51.538049],[-0.072306,51.538075],[-0.072228,51.538102],[-0.07216,51.538127],[-0.072089,51.538133],[-0.071948,51.538128],[-0.071938,51.538127],[-0.071805,51.53812],[-0.071819,51.538037],[-0.07149,51.537991],[-0.071422,51.537945],[-0.071333,51.537935],[-0.071234,51.537837],[-0.071151,51.537754],[-0.071285,51.537663],[-0.071578,51.537638],[-0.071567,51.537564],[-0.07157,51.537551],[-0.071569,51.537525],[-0.071562,51.537506],[-0.071605,51.537482],[-0.071649,51.537457],[-0.071664,51.537449],[-0.071698,51.53743],[-0.071693,51.537364],[-0.071677,51.537347],[-0.071706,51.537329],[-0.071712,51.537316],[-0.071729,51.53728],[-0.0717,51.537256],[-0.071708,51.537231],[-0.071672,51.537186],[-0.071676,51.537182],[-0.071679,51.537131],[-0.071681,51.537097],[-0.071683,51.537062],[-0.071693,51.536898],[-0.071738,51.536861],[-0.071747,51.536796],[-0.07193,51.53679],[-0.071929,51.536657],[-0.071928,51.536424],[-0.071925,51.536171],[-0.071926,51.536168],[-0.071932,51.536017],[-0.071939,51.535839],[-0.071936,51.535786],[-0.071914,51.535488],[-0.071912,51.535461],[-0.071767,51.535476],[-0.071517,51.53548],[-0.071524,51.535333],[-0.071536,51.535036],[-0.071538,51.534992],[-0.071598,51.534991],[-0.07166,51.534991],[-0.071773,51.534991],[-0.071815,51.534991],[-0.071814,51.534985],[-0.07183,51.534985],[-0.071829,51.534981],[-0.071795,51.534829],[-0.071749,51.53455],[-0.071724,51.534378],[-0.072031,51.534374],[-0.07204,51.534371],[-0.072429,51.534232],[-0.072445,51.534226],[-0.072359,51.534092],[-0.072335,51.533984],[-0.072318,51.53387],[-0.07231,51.533817],[-0.072478,51.533819],[-0.072762,51.533601],[-0.073388,51.533913],[-0.073467,51.534043],[-0.073765,51.534087],[-0.07377,51.53416],[-0.073936,51.534126],[-0.073945,51.53413],[-0.074063,51.534185],[-0.074125,51.534222],[-0.074109,51.534252],[-0.073954,51.53455],[-0.073368,51.534426],[-0.073084,51.534868],[-0.073117,51.534874],[-0.073334,51.534916],[-0.073634,51.535133],[-0.073652,51.535302],[-0.073628,51.53534],[-0.073792,51.53533],[-0.074096,51.535306],[-0.074166,51.535301],[-0.074226,51.535296],[-0.074313,51.535289],[-0.074458,51.535278],[-0.074489,51.535276],[-0.074496,51.535275],[-0.074689,51.535264],[-0.074732,51.53526],[-0.074972,51.535242],[-0.074978,51.535241],[-0.075129,51.535229],[-0.075158,51.535227],[-0.075166,51.535226],[-0.075232,51.535222],[-0.075304,51.535218],[-0.075378,51.535213],[-0.075523,51.535204],[-0.075576,51.5352],[-0.07584,51.535183],[-0.075911,51.535179],[-0.075947,51.535176],[-0.076333,51.535145],[-0.076575,51.535125],[-0.076584,51.535124],[-0.076607,51.535122],[-0.076939,51.535094],[-0.076931,51.535199],[-0.076931,51.535202],[-0.07692,51.535345],[-0.076919,51.535364],[-0.076911,51.535471],[-0.076904,51.535556],[-0.076902,51.535585],[-0.076901,51.535595],[-0.0769,51.53561],[-0.076898,51.535632],[-0.076892,51.535714],[-0.07689,51.535745],[-0.076887,51.535778],[-0.076885,51.535811],[-0.076879,51.535888],[-0.07687,51.536003],[-0.07687,51.536013],[-0.076867,51.536047],[-0.076866,51.536058],[-0.07686,51.536143],[-0.076857,51.536178],[-0.076841,51.536388],[-0.076839,51.536413],[-0.076835,51.536472],[-0.076831,51.536525],[-0.07683,51.536541],[-0.07682,51.53667],[-0.076818,51.536697],[-0.076813,51.536755],[-0.076809,51.536808],[-0.076806,51.536963],[-0.076806,51.537002],[-0.076805,51.537006],[-0.076805,51.537055],[-0.076802,51.537167],[-0.076801,51.537223],[-0.0768,51.53727],[-0.076799,51.537361],[-0.076797,51.537419],[-0.076797,51.537423],[-0.076797,51.537465],[-0.076796,51.537468],[-0.076795,51.537551],[-0.076795,51.537554],[-0.076794,51.537609],[-0.076791,51.537727],[-0.076787,51.537787],[-0.076786,51.537798],[-0.076778,51.537902],[-0.076771,51.538],[-0.076769,51.538033],[-0.076769,51.538036],[-0.076754,51.538237],[-0.076753,51.538253],[-0.076752,51.538263],[-0.076748,51.538321],[-0.07674,51.538418],[-0.076734,51.538419],[-0.076379,51.538433],[-0.076108,51.538444],[-0.076041,51.538447],[-0.075951,51.538451],[-0.075927,51.538452],[-0.075881,51.538454],[-0.075778,51.538458],[-0.075661,51.538463],[-0.075607,51.538465],[-0.075589,51.538466],[-0.075549,51.538467],[-0.075479,51.538468],[-0.075437,51.538469],[-0.075169,51.538474],[-0.07513,51.538475],[-0.07462,51.538486],[-0.074555,51.538487],[-0.074335,51.538492],[-0.074034,51.538498],[-0.073996,51.538498],[-0.074023,51.538305],[-0.074027,51.5383],[-0.074118,51.538176],[-0.074111,51.538172],[-0.074078,51.538154],[-0.073989,51.538105],[-0.073989,51.538099],[-0.073995,51.537906],[-0.074004,51.537897],[-0.074027,51.537874],[-0.074035,51.537866],[-0.074105,51.537823],[-0.0741,51.537821],[-0.07398,51.537779],[-0.073968,51.537767],[-0.07379,51.537589],[-0.073811,51.537583],[-0.073986,51.537538],[-0.074013,51.537531],[-0.074126,51.537454],[-0.07412,51.537448],[-0.074117,51.537446],[-0.074044,51.537403],[-0.074025,51.537396],[-0.073949,51.537367],[-0.073949,51.537365],[-0.073948,51.537326],[-0.073943,51.537184],[-0.073952,51.537177],[-0.073991,51.537145],[-0.073996,51.537141],[-0.074063,51.537112],[-0.074084,51.537098],[-0.074077,51.537092],[-0.074042,51.537065],[-0.074018,51.537055],[-0.074008,51.537046],[-0.073826,51.536885],[-0.073834,51.536882],[-0.074008,51.536817],[-0.074096,51.536785],[-0.074101,51.536781],[-0.074111,51.536774],[-0.07411,51.536767],[-0.074109,51.536751],[-0.074112,51.536729],[-0.07411,51.536724],[-0.074107,51.536717],[-0.074105,51.536706],[-0.074095,51.536661],[-0.074095,51.536624],[-0.074094,51.53662],[-0.074018,51.536552],[-0.074014,51.536548],[-0.074009,51.536529],[-0.07396,51.536337],[-0.073958,51.536326],[-0.073825,51.536316],[-0.073654,51.536302],[-0.0736,51.536298]]]}},{"type":"Feature","properties":{"LSOA21CD":"E01001776","LSOA21NM":"Hackney 025F","MEAN_PTAL_":"4","mean_AI":17.1454832582,"borough":"Hackney"},"geometry":{"type":"Polygon","coordinates":[[[-0.073084,51.534868],[-0.073368,51.534426],[-0.073954,51.53455],[-0.074109,51.534252],[-0.074125,51.534222],[-0.074063,51.534185],[-0.073945,51.53413],[-0.073936,51.534126],[-0.07377,51.53416],[-0.073765,51.534087],[-0.073467,51.534043],[-0.073388,51.533913],[-0.072762,51.533601],[-0.072478,51.533819],[-0.07231,51.533817],[-0.072301,51.533817],[-0.0723,51.533812],[-0.072288,51.533669],[-0.07228,51.533581],[-0.072287,51.533352],[-0.072289,51.533305],[-0.072289,51.533291],[-0.072289,51.533285],[-0.072294,51.533149],[-0.072297,51.533053],[-0.072597,51.533049],[-0.072841,51.533045],[-0.072822,51.532862],[-0.072531,51.532777],[-0.072504,51.532769],[-0.072311,51.532699],[-0.07231,51.532311],[-0.072308,51.531952],[-0.072308,51.531949],[-0.072308,51.531901],[-0.072456,51.531897],[-0.072761,51.531891],[-0.072771,51.531888],[-0.072827,51.531886],[-0.073082,51.531881],[-0.073203,51.531879],[-0.073418,51.531874],[-0.07352,51.531872],[-0.073564,51.531864],[-0.073608,51.531829],[-0.073664,51.531785],[-0.073684,51.531769],[-0.07372,51.531772],[-0.07372,51.531778],[-0.073755,51.531779],[-0.073821,51.53178],[-0.073888,51.531781],[-0.074096,51.531783],[-0.074413,51.531788],[-0.074413,51.531793],[-0.074419,51.531793],[-0.074444,51.531792],[-0.075155,51.531789],[-0.075154,51.531755],[-0.075167,51.531755],[-0.075208,51.531755],[-0.075619,51.531757],[-0.07589,51.531758],[-0.075891,51.531828],[-0.075895,51.532043],[-0.075897,51.532203],[-0.075901,51.532428],[-0.075902,51.532469],[-0.075902,51.532492],[-0.075905,51.532651],[-0.075906,51.532709],[-0.076065,51.53274],[-0.076114,51.532743],[-0.076177,51.532741],[-0.076192,51.532738],[-0.076196,51.532738],[-0.076231,51.532737],[-0.076242,51.532738],[-0.076256,51.532739],[-0.076322,51.532734],[-0.076326,51.532734],[-0.07637,51.532736],[-0.076461,51.532717],[-0.076477,51.532712],[-0.076493,51.532711],[-0.07662,51.5327],[-0.076985,51.532671],[-0.077052,51.532808],[-0.077147,51.532801],[-0.077151,51.532904],[-0.077152,51.532939],[-0.07715,51.532993],[-0.077148,51.53302],[-0.077146,51.533051],[-0.077143,51.533105],[-0.07714,51.533137],[-0.077138,51.533177],[-0.077132,51.53326],[-0.077126,51.53335],[-0.077124,51.533363],[-0.077119,51.533363],[-0.077107,51.533365],[-0.077105,51.533391],[-0.077097,51.533481],[-0.077095,51.5335],[-0.077093,51.533523],[-0.077086,51.533604],[-0.077082,51.533648],[-0.077081,51.533657],[-0.077079,51.533683],[-0.07707,51.533781],[-0.077057,51.533929],[-0.077047,51.534042],[-0.077038,51.534141],[-0.077028,51.534258],[-0.077028,51.534261],[-0.077017,51.534386],[-0.07701,51.53446],[-0.077005,51.534521],[-0.077003,51.534537],[-0.076994,51.53461],[-0.076991,51.534642],[-0.076984,51.534697],[-0.076972,51.534804],[-0.07696,51.534902],[-0.076959,51.534913],[-0.076955,51.534943],[-0.076942,51.535061],[-0.076939,51.535094],[-0.076607,51.535122],[-0.076584,51.535124],[-0.076575,51.535125],[-0.076333,51.535145],[-0.075947,51.535176],[-0.075911,51.535179],[-0.07584,51.535183],[-0.075576,51.5352],[-0.075523,51.535204],[-0.075378,51.535213],[-0.075304,51.535218],[-0.075232,51.535222],[-0.075166,51.535226],[-0.075158,51.535227],[-0.075129,51.535229],[-0.074978,51.535241],[-0.074972,51.535242],[-0.074732,51.53526],[-0.074689,51.535264],[-0.074496,51.535275],[-0.074489,51.535276],[-0.074458,51.535278],[-0.074313,51.535289],[-0.074226,51.535296],[-0.074166,51.535301],[-0.074096,51.535306],[-0.073792,51.53533],[-0.073628,51.53534],[-0.073652,51.535302],[-0.073634,51.535133],[-0.073334,51.534916],[-0.073117,51.534874],[-0.073084,51.534868]]]}},{"type":"Feature","properties":{"LSOA21CD":"E01001781","LSOA21NM":"Hackney 026B","MEAN_PTAL_":"3","mean_AI":11.6531149392,"borough":"Hackney"},"geometry":{"type":"Polygon","coordinates":[[[-0.086415,51.534943],[-0.086411,51.534908],[-0.08597,51.534913],[-0.085944,51.534914],[-0.085929,51.534914],[-0.085864,51.534915],[-0.085493,51.534914],[-0.085373,51.534913],[-0.085365,51.534913],[-0.084715,51.534911],[-0.08425,51.53491],[-0.084199,51.534909],[-0.083684,51.534908],[-0.083638,51.534907],[-0.083364,51.534904],[-0.082893,51.5349],[-0.082892,51.534885],[-0.082878,51.534717],[-0.082877,51.534672],[-0.082876,51.53466],[-0.082876,51.534628],[-0.082875,51.534596],[-0.082875,51.534588],[-0.082871,51.534438],[-0.082869,51.534372],[-0.082908,51.534076],[-0.082913,51.534039],[-0.082926,51.533942],[-0.082935,51.533879],[-0.082967,51.533635],[-0.082977,51.533565],[-0.082986,51.533495],[-0.082989,51.533475],[-0.08299,51.533461],[-0.082996,51.533417],[-0.083013,51.533294],[-0.083024,51.53321],[-0.083026,51.533197],[-0.083028,51.533177],[-0.083031,51.53316],[-0.083033,51.53315],[-0.083054,51.533026],[-0.083054,51.53302],[-0.083054,51.533017],[-0.083062,51.532893],[-0.083051,51.532701],[-0.083037,51.532577],[-0.083029,51.532516],[-0.083021,51.532513],[-0.083018,51.532491],[-0.083026,51.532481],[-0.083025,51.532478],[-0.08303,51.532362],[-0.083031,51.532352],[-0.083026,51.532324],[-0.083019,51.53228],[-0.083011,51.53218],[-0.08301,51.532165],[-0.083008,51.53214],[-0.083004,51.532082],[-0.082995,51.531966],[-0.083047,51.531956],[-0.083195,51.532048],[-0.083205,51.532042],[-0.083447,51.531892],[-0.083445,51.531886],[-0.083348,51.531593],[-0.083353,51.531591],[-0.083597,51.531466],[-0.083599,51.531461],[-0.083631,51.531378],[-0.083646,51.531367],[-0.083845,51.531221],[-0.084033,51.531224],[-0.084297,51.531006],[-0.084576,51.531003],[-0.084798,51.531001],[-0.084805,51.531008],[-0.084813,51.531009],[-0.085406,51.531049],[-0.085313,51.531122],[-0.085341,51.531276],[-0.085357,51.53136],[-0.085358,51.531365],[-0.085421,51.531364],[-0.085564,51.531746],[-0.085574,51.53175],[-0.08558,51.531752],[-0.085595,51.531758],[-0.085578,51.532211],[-0.085577,51.532218],[-0.086038,51.532299],[-0.086238,51.532145],[-0.08588,51.531758],[-0.085898,51.531751],[-0.08597,51.531722],[-0.08637,51.531694],[-0.086517,51.531683],[-0.086548,51.531681],[-0.086781,51.532041],[-0.086811,51.532088],[-0.086904,51.532082],[-0.086911,51.532082],[-0.087447,51.532046],[-0.087705,51.532028],[-0.087973,51.532011],[-0.087858,51.53222],[-0.08759,51.532286],[-0.087107,51.532405],[-0.0871,51.532426],[-0.087037,51.532446],[-0.087061,51.532484],[-0.087104,51.532553],[-0.087201,51.532708],[-0.087221,51.532741],[-0.087275,51.532701],[-0.087321,51.532667],[-0.087386,51.53269],[-0.08752,51.532911],[-0.087526,51.53292],[-0.087592,51.532999],[-0.087602,51.533008],[-0.087609,51.533014],[-0.087629,51.533028],[-0.088061,51.533014],[-0.08807,51.533014],[-0.088285,51.533327],[-0.088462,51.533283],[-0.088811,51.533196],[-0.088964,51.533408],[-0.089074,51.533561],[-0.088889,51.533617],[-0.088933,51.533675],[-0.08908,51.533872],[-0.089136,51.533926],[-0.089357,51.534216],[-0.089072,51.534162],[-0.088918,51.534285],[-0.088677,51.534477],[-0.088533,51.534509],[-0.088521,51.534512],[-0.088752,51.534828],[-0.088898,51.535017],[-0.089162,51.535357],[-0.089128,51.53537],[-0.088797,51.535465],[-0.087948,51.535707],[-0.087846,51.535737],[-0.087702,51.53578],[-0.087692,51.535783],[-0.087674,51.535788],[-0.087627,51.535802],[-0.087621,51.535803],[-0.087547,51.535825],[-0.087534,51.535829],[-0.087516,51.535834],[-0.08751,51.535836],[-0.0875,51.535839],[-0.087313,51.535895],[-0.087222,51.53592],[-0.087188,51.53593],[-0.08717,51.535935],[-0.087102,51.535955],[-0.087034,51.535974],[-0.086742,51.536058],[-0.086676,51.536077],[-0.086649,51.536084],[-0.086564,51.536109],[-0.086558,51.536071],[-0.086542,51.53597],[-0.08653,51.535896],[-0.086512,51.53578],[-0.086506,51.535725],[-0.086489,51.535556],[-0.086488,51.535549],[-0.086486,51.535529],[-0.086463,51.535344],[-0.086435,51.53511],[-0.086434,51.535102],[-0.086429,51.535061],[-0.086415,51.534943]]]}},{"type":"Feature","properties":{"LSOA21CD":"E01001783","LSOA21NM":"Hackney 026D","MEAN_PTAL_":"4","mean_AI":18.7944174007,"borough":"Hackney"},"geometry":{"type":"Polygon","coordinates":[[[-0.088964,51.533408],[-0.088811,51.533196],[-0.088462,51.533283],[-0.088285,51.533327],[-0.08807,51.533014],[-0.088061,51.533014],[-0.087629,51.533028],[-0.087609,51.533014],[-0.087602,51.533008],[-0.087592,51.532999],[-0.087526,51.53292],[-0.08752,51.532911],[-0.087386,51.53269],[-0.087321,51.532667],[-0.087275,51.532701],[-0.087221,51.532741],[-0.087201,51.532708],[-0.087104,51.532553],[-0.087061,51.532484],[-0.087037,51.532446],[-0.0871,51.532426],[-0.087107,51.532405],[-0.08759,51.532286],[-0.087858,51.53222],[-0.088188,51.532601],[-0.088191,51.532603],[-0.08821,51.532599],[-0.088234,51.532592],[-0.088248,51.532584],[-0.08827,51.532572],[-0.088592,51.532395],[-0.088465,51.532093],[-0.088475,51.532089],[-0.088762,51.531962],[-0.088766,51.53196],[-0.088902,51.5319],[-0.088904,51.531897],[-0.088651,51.531704],[-0.088652,51.531697],[-0.0887,51.531365],[-0.088702,51.531354],[-0.088571,51.53132],[-0.088516,51.531306],[-0.088041,51.531488],[-0.088036,51.53149],[-0.087919,51.53143],[-0.087902,51.53137],[-0.087834,51.531111],[-0.087833,51.531104],[-0.087815,51.531037],[-0.087798,51.531036],[-0.087701,51.531047],[-0.087678,51.531049],[-0.087653,51.531052],[-0.087565,51.531063],[-0.087547,51.531065],[-0.087264,51.5311],[-0.087021,51.53113],[-0.086757,51.531163],[-0.086562,51.531189],[-0.086576,51.531173],[-0.086621,51.531122],[-0.086594,51.530849],[-0.086657,51.530819],[-0.0867,51.530801],[-0.08675,51.53078],[-0.086766,51.530775],[-0.086809,51.53076],[-0.086947,51.530728],[-0.086962,51.530725],[-0.087043,51.530713],[-0.087051,51.530712],[-0.087101,51.530709],[-0.087108,51.530709],[-0.087114,51.53071],[-0.087215,51.530717],[-0.087251,51.530722],[-0.087559,51.530773],[-0.087585,51.530777],[-0.087802,51.530615],[-0.087812,51.530614],[-0.087986,51.530603],[-0.088108,51.530626],[-0.088113,51.530624],[-0.088188,51.530594],[-0.088166,51.530528],[-0.088092,51.530334],[-0.088084,51.530313],[-0.087989,51.530145],[-0.088007,51.530134],[-0.087982,51.530046],[-0.087973,51.530016],[-0.088112,51.529993],[-0.088039,51.529813],[-0.087871,51.529828],[-0.087751,51.52984],[-0.087899,51.529741],[-0.088008,51.529705],[-0.088014,51.529703],[-0.088082,51.52968],[-0.088419,51.529668],[-0.088478,51.529666],[-0.088486,51.529662],[-0.08851,51.529651],[-0.088521,51.52965],[-0.08876,51.529638],[-0.088816,51.529636],[-0.088946,51.530017],[-0.088958,51.530051],[-0.089055,51.530337],[-0.089104,51.530487],[-0.089132,51.530572],[-0.089144,51.530615],[-0.089174,51.530717],[-0.089177,51.53073],[-0.08922,51.530878],[-0.089224,51.530889],[-0.089231,51.530905],[-0.089257,51.53097],[-0.089272,51.531006],[-0.089322,51.531181],[-0.089537,51.53116],[-0.089531,51.531136],[-0.089815,51.531104],[-0.090149,51.531066],[-0.090163,51.531054],[-0.09018,51.531051],[-0.090234,51.53104],[-0.090266,51.531051],[-0.090274,51.531054],[-0.090432,51.531112],[-0.090689,51.531205],[-0.090749,51.531311],[-0.090756,51.531324],[-0.090634,51.531592],[-0.090618,51.531629],[-0.090559,51.531755],[-0.090552,51.531785],[-0.090536,51.531846],[-0.090765,51.532151],[-0.090906,51.53234],[-0.090924,51.532364],[-0.091021,51.532404],[-0.091135,51.532452],[-0.091139,51.532454],[-0.091328,51.532722],[-0.091301,51.532793],[-0.090857,51.532923],[-0.090768,51.532949],[-0.090339,51.533074],[-0.090291,51.533087],[-0.090263,51.533095],[-0.090245,51.5331],[-0.090252,51.53311],[-0.090254,51.533113],[-0.090294,51.533141],[-0.090304,51.533148],[-0.090331,51.533167],[-0.090329,51.533193],[-0.090334,51.5332],[-0.090329,51.533201],[-0.090318,51.533205],[-0.090215,51.533235],[-0.089881,51.533336],[-0.089758,51.533373],[-0.089462,51.533462],[-0.089399,51.533481],[-0.089226,51.533527],[-0.089074,51.533561],[-0.088964,51.533408]]]}},{"type":"Feature","properties":{"LSOA21CD":"E01001784","LSOA21NM":"Hackney 032A","MEAN_PTAL_":"5","mean_AI":20.853731401,"borough":"Hackney"},"geometry":{"type":"Polygon","coordinates":[[[-0.080168,51.532075],[-0.080174,51.531872],[-0.080175,51.531842],[-0.080175,51.531838],[-0.080176,51.531835],[-0.08018,51.531713],[-0.08018,51.531694],[-0.080181,51.531668],[-0.080182,51.531628],[-0.080182,51.531619],[-0.080183,51.531568],[-0.080184,51.531537],[-0.080186,51.531439],[-0.080186,51.531435],[-0.080186,51.531424],[-0.080187,51.531385],[-0.080188,51.531305],[-0.080189,51.531281],[-0.08019,51.53124],[-0.08019,51.531199],[-0.080191,51.53115],[-0.080192,51.531128],[-0.080193,51.531074],[-0.080194,51.531024],[-0.080194,51.531019],[-0.080196,51.530934],[-0.080197,51.530857],[-0.080197,51.530839],[-0.080198,51.530836],[-0.080198,51.530815],[-0.080207,51.53075],[-0.080217,51.530679],[-0.080221,51.530648],[-0.080225,51.530617],[-0.080228,51.5306],[-0.08023,51.530586],[-0.080243,51.530487],[-0.080246,51.530421],[-0.080251,51.53032],[-0.080251,51.530313],[-0.080252,51.530293],[-0.080253,51.530275],[-0.080242,51.530124],[-0.08024,51.530106],[-0.080231,51.530078],[-0.080229,51.53007],[-0.080217,51.530034],[-0.080209,51.530006],[-0.080189,51.529952],[-0.080155,51.529854],[-0.080151,51.529842],[-0.080129,51.529777],[-0.080126,51.529771],[-0.080125,51.529766],[-0.080122,51.529755],[-0.080071,51.529614],[-0.080032,51.5295],[-0.080026,51.529451],[-0.080006,51.529268],[-0.080003,51.529154],[-0.080014,51.529041],[-0.080015,51.529032],[-0.080017,51.529015],[-0.080023,51.529014],[-0.080044,51.529011],[-0.080044,51.52902],[-0.080443,51.529017],[-0.080712,51.529013],[-0.080834,51.529011],[-0.080858,51.529011],[-0.08127,51.529014],[-0.081277,51.529341],[-0.081282,51.529472],[-0.081288,51.529554],[-0.081285,51.529599],[-0.081305,51.529643],[-0.081313,51.529662],[-0.08134,51.529689],[-0.081321,51.529721],[-0.081403,51.529721],[-0.081423,51.529721],[-0.081448,51.529721],[-0.08145,51.529729],[-0.081525,51.529746],[-0.081583,51.529738],[-0.081971,51.529736],[-0.082264,51.529735],[-0.082412,51.529734],[-0.082883,51.529731],[-0.083013,51.52973],[-0.083227,51.529729],[-0.083207,51.529892],[-0.083206,51.5299],[-0.083205,51.529909],[-0.083131,51.529953],[-0.083087,51.529988],[-0.083085,51.529992],[-0.083071,51.530023],[-0.08299,51.530238],[-0.082979,51.530285],[-0.082918,51.530561],[-0.082898,51.530738],[-0.08291,51.53075],[-0.082906,51.530863],[-0.082988,51.53082],[-0.083329,51.530724],[-0.083625,51.531009],[-0.083628,51.531012],[-0.083845,51.531221],[-0.083646,51.531367],[-0.083631,51.531378],[-0.083599,51.531461],[-0.083597,51.531466],[-0.083353,51.531591],[-0.083348,51.531593],[-0.083445,51.531886],[-0.083447,51.531892],[-0.083205,51.532042],[-0.083195,51.532048],[-0.083047,51.531956],[-0.082995,51.531966],[-0.083004,51.532082],[-0.083008,51.53214],[-0.08301,51.532165],[-0.083011,51.53218],[-0.083019,51.53228],[-0.083026,51.532324],[-0.083031,51.532352],[-0.08303,51.532362],[-0.083025,51.532478],[-0.083026,51.532481],[-0.083018,51.532491],[-0.083021,51.532513],[-0.083029,51.532516],[-0.083037,51.532577],[-0.083028,51.532578],[-0.082744,51.532598],[-0.082604,51.532607],[-0.082478,51.532617],[-0.082295,51.53263],[-0.082289,51.53263],[-0.082033,51.532648],[-0.082026,51.532649],[-0.08137,51.532695],[-0.081317,51.532699],[-0.081311,51.5327],[-0.080966,51.532727],[-0.080958,51.532727],[-0.080796,51.53274],[-0.080766,51.532742],[-0.080741,51.532743],[-0.080727,51.532744],[-0.080709,51.532745],[-0.080658,51.532747],[-0.080466,51.532742],[-0.08046,51.532741],[-0.080151,51.532732],[-0.080146,51.532732],[-0.080156,51.53243],[-0.080162,51.532251],[-0.080167,51.532101],[-0.080168,51.532075]]]}},{"type":"Feature","properties":{"LSOA21CD":"E01001785","LSOA21NM":"Hackney 015B","MEAN_PTAL_":"3","mean_AI":13.9442679603,"borough":"Hackney"},"geometry":{"type":"Polygon","coordinates":[[[-0.038946,51.55164],[-0.038867,51.551631],[-0.038787,51.551633],[-0.038703,51.551644],[-0.038589,51.551678],[-0.038566,51.551663],[-0.038541,51.551641],[-0.038494,51.551417],[-0.038481,51.551418],[-0.038277,51.551431],[-0.038032,51.55145],[-0.037702,51.551468],[-0.037696,51.551478],[-0.037437,51.551507],[-0.037234,51.551522],[-0.037216,51.551523],[-0.036959,51.551544],[-0.036657,51.551556],[-0.036476,51.551571],[-0.036469,51.551568],[-0.03647,51.551572],[-0.036504,51.551729],[-0.036516,51.551783],[-0.036552,51.551951],[-0.036555,51.551961],[-0.036551,51.551959],[-0.036383,51.552007],[-0.036309,51.552012],[-0.036238,51.552011],[-0.036131,51.55199],[-0.036073,51.551975],[-0.036026,51.551955],[-0.036013,51.551949],[-0.036009,51.551932],[-0.03599,51.551922],[-0.035969,51.551914],[-0.035936,51.5519],[-0.035844,51.551865],[-0.035771,51.551845],[-0.035725,51.551842],[-0.03563,51.551848],[-0.035502,51.551883],[-0.035497,51.551885],[-0.035484,51.551875],[-0.03548,51.551872],[-0.03548,51.551869],[-0.035477,51.551843],[-0.035474,51.551804],[-0.03547,51.551779],[-0.035465,51.551747],[-0.035463,51.551723],[-0.035461,51.551708],[-0.035458,51.551664],[-0.03546,51.551661],[-0.035457,51.551632],[-0.035457,51.551627],[-0.035456,51.551619],[-0.035452,51.55159],[-0.035451,51.551586],[-0.035449,51.551567],[-0.035442,51.551518],[-0.035439,51.551496],[-0.035429,51.551428],[-0.035423,51.551382],[-0.035431,51.551371],[-0.035435,51.551366],[-0.035439,51.55136],[-0.035452,51.551362],[-0.035566,51.551378],[-0.035672,51.55138],[-0.035702,51.551376],[-0.03579,51.551352],[-0.035827,51.551336],[-0.035924,51.551278],[-0.03592,51.551239],[-0.035921,51.551227],[-0.035921,51.551224],[-0.035917,51.551191],[-0.035917,51.551185],[-0.035919,51.551156],[-0.035917,51.55114],[-0.035916,51.551132],[-0.035916,51.551128],[-0.035914,51.551109],[-0.035916,51.551084],[-0.035912,51.551053],[-0.035911,51.551041],[-0.035911,51.551029],[-0.035909,51.551011],[-0.03591,51.550987],[-0.035905,51.550947],[-0.035904,51.550939],[-0.035909,51.550904],[-0.035908,51.550873],[-0.035902,51.550848],[-0.035904,51.550834],[-0.035908,51.550813],[-0.035907,51.550786],[-0.035888,51.550711],[-0.035883,51.550705],[-0.035866,51.550644],[-0.035845,51.550605],[-0.035842,51.55057],[-0.035833,51.550537],[-0.035815,51.550505],[-0.035813,51.550502],[-0.035815,51.550463],[-0.035803,51.550412],[-0.035786,51.550375],[-0.035754,51.550334],[-0.035739,51.550321],[-0.035725,51.550294],[-0.03571,51.550276],[-0.03571,51.550271],[-0.03571,51.550242],[-0.035706,51.550224],[-0.035675,51.550161],[-0.035672,51.550157],[-0.035659,51.550107],[-0.035624,51.550063],[-0.035611,51.550053],[-0.035463,51.550052],[-0.035213,51.550113],[-0.035206,51.550116],[-0.035186,51.55012],[-0.035069,51.549876],[-0.0351,51.549866],[-0.0351,51.549862],[-0.035165,51.549846],[-0.035288,51.549815],[-0.035496,51.549763],[-0.035792,51.549688],[-0.035873,51.549668],[-0.035923,51.549655],[-0.036009,51.549634],[-0.036018,51.549631],[-0.036037,51.549627],[-0.03613,51.549603],[-0.03614,51.549601],[-0.036253,51.549572],[-0.036336,51.549552],[-0.036408,51.549533],[-0.036432,51.549528],[-0.036489,51.549516],[-0.036628,51.549487],[-0.036704,51.549471],[-0.03671,51.54947],[-0.036721,51.549468],[-0.037054,51.549398],[-0.03706,51.549397],[-0.03753,51.549298],[-0.037739,51.549255],[-0.037752,51.549252],[-0.037834,51.549235],[-0.037867,51.549228],[-0.038283,51.549141],[-0.038336,51.54913],[-0.038423,51.549112],[-0.038498,51.549096],[-0.038619,51.54907],[-0.038688,51.549056],[-0.038707,51.549052],[-0.038726,51.549048],[-0.038762,51.54904],[-0.03877,51.549039],[-0.038886,51.549015],[-0.038924,51.549007],[-0.038948,51.549001],[-0.038953,51.549],[-0.039053,51.548984],[-0.039147,51.548968],[-0.039238,51.548953],[-0.039295,51.548944],[-0.03933,51.548938],[-0.039425,51.548922],[-0.039502,51.548909],[-0.039729,51.548871],[-0.039751,51.548868],[-0.039845,51.549102],[-0.039848,51.54911],[-0.039853,51.549123],[-0.039854,51.549126],[-0.039872,51.54917],[-0.039877,51.549183],[-0.039881,51.549194],[-0.039882,51.549197],[-0.039892,51.549222],[-0.039895,51.54923],[-0.039905,51.549253],[-0.039913,51.549274],[-0.039915,51.549278],[-0.039917,51.549285],[-0.039923,51.549299],[-0.039929,51.549315],[-0.039932,51.549322],[-0.039941,51.549345],[-0.039948,51.549363],[-0.039958,51.549387],[-0.039961,51.549395],[-0.039965,51.549404],[-0.039967,51.549409],[-0.039969,51.549415],[-0.039974,51.549428],[-0.039977,51.549434],[-0.039995,51.54948],[-0.039997,51.549485],[-0.040002,51.549497],[-0.040005,51.549504],[-0.040016,51.549532],[-0.040019,51.549542],[-0.040022,51.549548],[-0.040029,51.549567],[-0.040032,51.549574],[-0.040034,51.549578],[-0.040043,51.549602],[-0.040048,51.549613],[-0.040052,51.549624],[-0.040055,51.549631],[-0.040065,51.549656],[-0.040073,51.549677],[-0.040076,51.549683],[-0.04008,51.549693],[-0.040088,51.549714],[-0.040095,51.549731],[-0.0401,51.549744],[-0.040109,51.549767],[-0.040111,51.549771],[-0.040112,51.549774],[-0.04013,51.549819],[-0.040139,51.549841],[-0.04014,51.549845],[-0.040146,51.549858],[-0.040148,51.549865],[-0.040157,51.549887],[-0.040165,51.549906],[-0.040167,51.549913],[-0.040171,51.549922],[-0.040182,51.54995],[-0.040188,51.549965],[-0.040189,51.549969],[-0.040194,51.549981],[-0.0402,51.549995],[-0.040216,51.550035],[-0.04022,51.550046],[-0.040221,51.550049],[-0.040227,51.550063],[-0.04023,51.550072],[-0.040232,51.550076],[-0.040243,51.550104],[-0.040246,51.550112],[-0.040253,51.550127],[-0.040268,51.550166],[-0.040271,51.550173],[-0.040277,51.550188],[-0.040279,51.550193],[-0.040291,51.550225],[-0.040294,51.550232],[-0.040297,51.55024],[-0.0403,51.550248],[-0.040304,51.550255],[-0.040309,51.550269],[-0.040316,51.550286],[-0.040323,51.550303],[-0.040333,51.550329],[-0.040341,51.550349],[-0.040353,51.55038],[-0.040355,51.550384],[-0.040358,51.550392],[-0.040361,51.550399],[-0.040363,51.550405],[-0.040368,51.550418],[-0.040388,51.550468],[-0.040397,51.550496],[-0.0404,51.550504],[-0.040402,51.550509],[-0.040403,51.550513],[-0.040407,51.550526],[-0.040418,51.550557],[-0.040423,51.550573],[-0.040433,51.550602],[-0.040439,51.550621],[-0.040444,51.550637],[-0.040447,51.550645],[-0.04045,51.550655],[-0.040454,51.550666],[-0.040458,51.55068],[-0.040462,51.550692],[-0.040474,51.550727],[-0.040478,51.550741],[-0.04048,51.550747],[-0.040487,51.550767],[-0.040488,51.550773],[-0.04049,51.55078],[-0.040495,51.550804],[-0.040497,51.550814],[-0.0405,51.55083],[-0.040502,51.550841],[-0.040504,51.550851],[-0.040505,51.550856],[-0.040516,51.55091],[-0.040517,51.550914],[-0.040524,51.550946],[-0.040525,51.55095],[-0.040529,51.550972],[-0.040533,51.550992],[-0.040535,51.550999],[-0.040536,51.551005],[-0.040542,51.551036],[-0.04055,51.551073],[-0.040552,51.551084],[-0.040557,51.551106],[-0.040563,51.55114],[-0.040569,51.551167],[-0.040577,51.551205],[-0.040581,51.551227],[-0.040585,51.551246],[-0.040578,51.551246],[-0.040475,51.551253],[-0.040349,51.551264],[-0.040292,51.551266],[-0.040177,51.551274],[-0.040179,51.551277],[-0.040188,51.551299],[-0.040191,51.551418],[-0.040193,51.551479],[-0.040194,51.551535],[-0.040194,51.551538],[-0.040192,51.551542],[-0.040187,51.551549],[-0.040179,51.551558],[-0.040163,51.551572],[-0.040132,51.551599],[-0.040123,51.551606],[-0.040094,51.551595],[-0.03996,51.551557],[-0.039828,51.551548],[-0.03975,51.551552],[-0.039612,51.551578],[-0.03963,51.55167],[-0.039632,51.551683],[-0.039641,51.551728],[-0.039648,51.551763],[-0.039652,51.551782],[-0.039655,51.551801],[-0.039659,51.551819],[-0.039669,51.551872],[-0.039673,51.551891],[-0.039676,51.551909],[-0.039678,51.551918],[-0.039689,51.551972],[-0.03969,51.551977],[-0.039692,51.55199],[-0.039695,51.552004],[-0.039704,51.552051],[-0.039706,51.552062],[-0.039707,51.552066],[-0.03971,51.552083],[-0.039712,51.552094],[-0.039714,51.552107],[-0.039716,51.552118],[-0.039723,51.552151],[-0.039725,51.552163],[-0.039727,51.552172],[-0.039731,51.552193],[-0.039738,51.552229],[-0.039742,51.552252],[-0.039744,51.552261],[-0.039749,51.552288],[-0.039752,51.552307],[-0.039756,51.552329],[-0.039761,51.552353],[-0.039763,51.552364],[-0.039765,51.552375],[-0.039776,51.552433],[-0.03978,51.552455],[-0.039785,51.552479],[-0.039789,51.5525],[-0.039792,51.552516],[-0.039794,51.552522],[-0.039799,51.552546],[-0.039804,51.552568],[-0.039807,51.552579],[-0.039808,51.552586],[-0.03981,51.552594],[-0.039815,51.552614],[-0.039819,51.552637],[-0.039821,51.552641],[-0.039827,51.552671],[-0.039831,51.552687],[-0.039842,51.552739],[-0.039846,51.552754],[-0.039846,51.552757],[-0.039851,51.552776],[-0.039853,51.552785],[-0.039861,51.552821],[-0.039861,51.552825],[-0.039863,51.552832],[-0.039866,51.552852],[-0.039869,51.552866],[-0.039873,51.552888],[-0.039882,51.552937],[-0.039883,51.552946],[-0.039886,51.552963],[-0.039892,51.552993],[-0.039894,51.553007],[-0.039896,51.553011],[-0.039904,51.553027],[-0.039908,51.553047],[-0.039913,51.553068],[-0.039916,51.553073],[-0.039931,51.553147],[-0.039916,51.553154],[-0.039875,51.55317],[-0.039856,51.553172],[-0.039837,51.553174],[-0.039782,51.55318],[-0.03976,51.553183],[-0.03971,51.553189],[-0.039601,51.553201],[-0.039562,51.553206],[-0.039493,51.553214],[-0.03944,51.55322],[-0.039424,51.553222],[-0.039395,51.553091],[-0.039386,51.553048],[-0.039379,51.553015],[-0.03936,51.55293],[-0.039358,51.552922],[-0.039348,51.552876],[-0.039338,51.552831],[-0.03932,51.552748],[-0.039319,51.552742],[-0.039309,51.552696],[-0.039302,51.552664],[-0.039283,51.552577],[-0.039281,51.55257],[-0.039276,51.552546],[-0.039272,51.552525],[-0.039258,51.552465],[-0.039258,51.552461],[-0.039253,51.552439],[-0.039242,51.55239],[-0.039238,51.552372],[-0.039235,51.552359],[-0.039234,51.552352],[-0.039222,51.552298],[-0.039215,51.552265],[-0.039205,51.55222],[-0.039197,51.552183],[-0.039195,51.552174],[-0.039182,51.552114],[-0.039168,51.55205],[-0.039165,51.552035],[-0.039149,51.551965],[-0.039131,51.551882],[-0.039128,51.551866],[-0.039121,51.551836],[-0.03911,51.551786],[-0.0391,51.55174],[-0.039087,51.55168],[-0.039075,51.551675],[-0.039025,51.551658],[-0.038946,51.55164]]]}},{"type":"Feature","properties":{"LSOA21CD":"E01001788","LSOA21NM":"Hackney 013C","MEAN_PTAL_":"1b","mean_AI":4.29404856786,"borough":"Hackney"},"geometry":{"type":"Polygon","coordinates":[[[-0.038407,51.557349],[-0.038339,51.557279],[-0.038227,51.557294],[-0.038023,51.557148],[-0.038018,51.557144],[-0.037919,51.557073],[-0.0379,51.557059],[-0.037707,51.556915],[-0.03744,51.556716],[-0.037388,51.556677],[-0.037219,51.556598],[-0.037208,51.556593],[-0.036833,51.556417],[-0.036751,51.556379],[-0.036438,51.556284],[-0.036043,51.555994],[-0.035986,51.555953],[-0.035974,51.555944],[-0.0359,51.555889],[-0.035823,51.555833],[-0.035798,51.55581],[-0.035793,51.555804],[-0.035725,51.55574],[-0.035698,51.555714],[-0.035688,51.555709],[-0.035689,51.555705],[-0.035618,51.555669],[-0.035609,51.555664],[-0.035569,51.555644],[-0.035168,51.555437],[-0.034796,51.555245],[-0.034011,51.554841],[-0.03399,51.55483],[-0.034049,51.554806],[-0.034275,51.554716],[-0.034351,51.554685],[-0.034347,51.554611],[-0.034444,51.554612],[-0.034671,51.554612],[-0.03468,51.554543],[-0.034683,51.554522],[-0.034693,51.554442],[-0.034699,51.554398],[-0.034705,51.554353],[-0.034708,51.554329],[-0.034711,51.554304],[-0.034652,51.554302],[-0.034513,51.554296],[-0.034515,51.554278],[-0.03452,51.554239],[-0.034533,51.55414],[-0.034438,51.554146],[-0.034427,51.554147],[-0.034375,51.554112],[-0.034365,51.554106],[-0.034369,51.554092],[-0.034324,51.554046],[-0.034321,51.554043],[-0.03403,51.553745],[-0.034114,51.553716],[-0.034425,51.553611],[-0.034434,51.553608],[-0.034667,51.553529],[-0.034969,51.553897],[-0.035289,51.553785],[-0.035712,51.553636],[-0.03563,51.553201],[-0.035814,51.553229],[-0.035845,51.553234],[-0.036034,51.553274],[-0.036043,51.553277],[-0.036143,51.553305],[-0.03617,51.553345],[-0.036201,51.553398],[-0.03621,51.553415],[-0.036227,51.553451],[-0.036233,51.553466],[-0.036256,51.553523],[-0.036329,51.553544],[-0.036385,51.553562],[-0.036473,51.55359],[-0.036509,51.553602],[-0.036692,51.553669],[-0.036823,51.553727],[-0.036986,51.553802],[-0.037511,51.554044],[-0.03762,51.554245],[-0.037634,51.55427],[-0.037671,51.554284],[-0.037742,51.554227],[-0.037784,51.554193],[-0.037798,51.554197],[-0.037883,51.554222],[-0.037921,51.554222],[-0.037926,51.554222],[-0.037931,51.554221],[-0.038213,51.554166],[-0.038243,51.55416],[-0.03836,51.554137],[-0.038374,51.554134],[-0.038403,51.554129],[-0.038454,51.554119],[-0.038491,51.554111],[-0.038621,51.554086],[-0.038692,51.554072],[-0.038788,51.554053],[-0.038825,51.554046],[-0.038896,51.554032],[-0.038993,51.554013],[-0.039044,51.554003],[-0.039135,51.553985],[-0.03915,51.553982],[-0.039191,51.553974],[-0.039203,51.553998],[-0.039188,51.554002],[-0.039097,51.55402],[-0.03907,51.554044],[-0.039056,51.554058],[-0.039021,51.554099],[-0.039014,51.554108],[-0.038995,51.554127],[-0.038964,51.554165],[-0.03896,51.55417],[-0.038931,51.554209],[-0.038907,51.554238],[-0.038902,51.554243],[-0.038883,51.554266],[-0.038878,51.554272],[-0.038876,51.554275],[-0.03887,51.554281],[-0.038851,51.554286],[-0.038812,51.554297],[-0.038799,51.554301],[-0.038792,51.554303],[-0.038681,51.554342],[-0.038591,51.554376],[-0.038559,51.55439],[-0.038524,51.554407],[-0.038464,51.554438],[-0.038451,51.554446],[-0.038948,51.554761],[-0.039235,51.554937],[-0.039243,51.554942],[-0.039245,51.554949],[-0.039242,51.554951],[-0.039267,51.555004],[-0.039407,51.554976],[-0.039699,51.554919],[-0.039744,51.55491],[-0.039874,51.554884],[-0.039922,51.554976],[-0.03993,51.554972],[-0.040288,51.554765],[-0.040303,51.554769],[-0.04058,51.554846],[-0.040589,51.554844],[-0.040821,51.554793],[-0.040837,51.554798],[-0.040943,51.554835],[-0.040956,51.554841],[-0.041017,51.55487],[-0.041065,51.554898],[-0.041114,51.554931],[-0.041138,51.554951],[-0.041158,51.554973],[-0.041167,51.554985],[-0.041168,51.554993],[-0.041282,51.55523],[-0.041285,51.555237],[-0.041287,51.555241],[-0.041286,51.55525],[-0.041295,51.555267],[-0.041297,51.555272],[-0.041381,51.555444],[-0.041393,51.555467],[-0.041394,51.55547],[-0.041429,51.555542],[-0.041506,51.555695],[-0.041507,51.555699],[-0.041429,51.555713],[-0.041247,51.55585],[-0.041241,51.555854],[-0.041246,51.555869],[-0.041022,51.556151],[-0.040953,51.556238],[-0.040892,51.556314],[-0.040855,51.55632],[-0.040787,51.556362],[-0.040655,51.556403],[-0.040566,51.556227],[-0.040471,51.556033],[-0.040359,51.555806],[-0.040322,51.555747],[-0.040133,51.555783],[-0.039852,51.555836],[-0.039789,51.555902],[-0.039899,51.556348],[-0.039902,51.556358],[-0.039437,51.556428],[-0.03942,51.556431],[-0.039408,51.556433],[-0.039427,51.556527],[-0.039432,51.556548],[-0.039453,51.556603],[-0.03946,51.55662],[-0.039472,51.556639],[-0.039642,51.556825],[-0.039677,51.556863],[-0.039667,51.556893],[-0.039663,51.556905],[-0.039629,51.556977],[-0.039624,51.556989],[-0.039596,51.557028],[-0.039608,51.557058],[-0.039639,51.557114],[-0.039324,51.557184],[-0.039216,51.557208],[-0.039214,51.557203],[-0.039196,51.557204],[-0.038695,51.557296],[-0.038407,51.557349]]]}},{"type":"Feature","properties":{"LSOA21CD":"E01001789","LSOA21NM":"Hackney 015C","MEAN_PTAL_":"2","mean_AI":5.88302280388,"borough":"Hackney"},"geometry":{"type":"Polygon","coordinates":[[[-0.043425,51.557097],[-0.043305,51.556862],[-0.043284,51.556821],[-0.043199,51.556656],[-0.043177,51.556613],[-0.043149,51.556558],[-0.043041,51.556376],[-0.043027,51.556379],[-0.043023,51.55637],[-0.043032,51.556359],[-0.043015,51.556331],[-0.043005,51.556311],[-0.042988,51.556276],[-0.042914,51.556132],[-0.042903,51.556125],[-0.042898,51.556128],[-0.042767,51.556194],[-0.042755,51.5562],[-0.042726,51.55621],[-0.042719,51.556212],[-0.042647,51.556219],[-0.042602,51.556215],[-0.042593,51.556214],[-0.042559,51.556205],[-0.042532,51.556198],[-0.042485,51.556187],[-0.042449,51.556179],[-0.042443,51.556179],[-0.042421,51.556176],[-0.042409,51.556174],[-0.04239,51.556156],[-0.042372,51.556134],[-0.042366,51.556126],[-0.042361,51.556118],[-0.042359,51.556114],[-0.042354,51.556107],[-0.042334,51.55607],[-0.042333,51.556067],[-0.042325,51.556046],[-0.04232,51.556039],[-0.042304,51.556011],[-0.042299,51.556003],[-0.042296,51.555994],[-0.042291,51.555986],[-0.042289,51.55598],[-0.042285,51.555967],[-0.042272,51.555945],[-0.04227,51.555941],[-0.042267,51.555932],[-0.042264,51.555926],[-0.042257,51.555914],[-0.042248,51.555902],[-0.042242,51.555892],[-0.042238,51.555885],[-0.042225,51.555863],[-0.042219,51.555845],[-0.042216,51.555838],[-0.042211,51.555837],[-0.042144,51.555821],[-0.042137,51.555819],[-0.042106,51.555816],[-0.042048,51.555813],[-0.042017,51.555816],[-0.041991,51.555818],[-0.041941,51.555829],[-0.04193,51.555834],[-0.041923,51.555837],[-0.041893,51.555849],[-0.041842,51.555879],[-0.041836,51.555883],[-0.041807,51.555907],[-0.041804,51.555909],[-0.041729,51.555986],[-0.041723,51.555992],[-0.041643,51.555971],[-0.041636,51.555957],[-0.041507,51.555699],[-0.041506,51.555695],[-0.041429,51.555542],[-0.041394,51.55547],[-0.041393,51.555467],[-0.041381,51.555444],[-0.041297,51.555272],[-0.041295,51.555267],[-0.041286,51.55525],[-0.041287,51.555241],[-0.041285,51.555237],[-0.041282,51.55523],[-0.041168,51.554993],[-0.041167,51.554985],[-0.041158,51.554973],[-0.041149,51.554955],[-0.041131,51.554917],[-0.04111,51.554873],[-0.041093,51.554837],[-0.041084,51.554819],[-0.041079,51.554809],[-0.041052,51.554753],[-0.041047,51.554742],[-0.041021,51.554688],[-0.041,51.554645],[-0.040988,51.554619],[-0.040943,51.554524],[-0.040925,51.55449],[-0.040871,51.554385],[-0.04082,51.554288],[-0.040809,51.554266],[-0.040771,51.554191],[-0.040755,51.554161],[-0.040731,51.554115],[-0.040707,51.554069],[-0.040674,51.554004],[-0.040646,51.553949],[-0.040594,51.55385],[-0.040562,51.553787],[-0.040529,51.553724],[-0.040516,51.553699],[-0.040599,51.553682],[-0.04071,51.55366],[-0.040807,51.553641],[-0.040833,51.553636],[-0.040885,51.553625],[-0.040916,51.553619],[-0.040951,51.553612],[-0.041033,51.553596],[-0.041046,51.553594],[-0.041077,51.553588],[-0.041109,51.553581],[-0.041147,51.553574],[-0.041181,51.553567],[-0.041203,51.553563],[-0.041217,51.55356],[-0.041235,51.553556],[-0.041297,51.553544],[-0.041312,51.553541],[-0.041338,51.553536],[-0.041355,51.553533],[-0.041383,51.553527],[-0.041467,51.553516],[-0.041472,51.553509],[-0.041487,51.553507],[-0.04152,51.5535],[-0.041529,51.553516],[-0.041534,51.553515],[-0.041536,51.55352],[-0.041547,51.553541],[-0.041568,51.553537],[-0.041989,51.553452],[-0.042003,51.553449],[-0.042049,51.55344],[-0.042099,51.553429],[-0.04213,51.553423],[-0.042142,51.553421],[-0.042204,51.553408],[-0.042215,51.553406],[-0.04222,51.553405],[-0.042231,51.553403],[-0.04227,51.553395],[-0.042287,51.553391],[-0.042292,51.55339],[-0.042319,51.553385],[-0.042335,51.553382],[-0.042339,51.553381],[-0.042368,51.553376],[-0.042402,51.553369],[-0.042445,51.553361],[-0.042463,51.553357],[-0.042474,51.553355],[-0.042532,51.553344],[-0.04254,51.553343],[-0.042544,51.553342],[-0.042556,51.553339],[-0.042602,51.553331],[-0.042612,51.553329],[-0.042622,51.553327],[-0.042631,51.553325],[-0.042681,51.553315],[-0.04269,51.553314],[-0.042708,51.55331],[-0.042747,51.553303],[-0.042751,51.553302],[-0.042764,51.5533],[-0.042802,51.553292],[-0.04283,51.553287],[-0.04289,51.553275],[-0.042894,51.553275],[-0.042974,51.553259],[-0.042996,51.553255],[-0.043014,51.553252],[-0.043024,51.55325],[-0.04306,51.553243],[-0.043064,51.553242],[-0.04307,51.553241],[-0.043101,51.553235],[-0.043107,51.553234],[-0.043122,51.55323],[-0.043149,51.553225],[-0.043176,51.55322],[-0.043211,51.553213],[-0.043216,51.553212],[-0.043274,51.553201],[-0.043293,51.553197],[-0.043321,51.553191],[-0.043334,51.553189],[-0.043362,51.553183],[-0.043394,51.553177],[-0.043414,51.553173],[-0.043455,51.553165],[-0.043466,51.553163],[-0.043506,51.553155],[-0.043531,51.55315],[-0.043547,51.553147],[-0.043593,51.553138],[-0.043608,51.553135],[-0.04364,51.553129],[-0.043701,51.553116],[-0.043712,51.553114],[-0.043721,51.553113],[-0.043729,51.553111],[-0.043733,51.55311],[-0.043739,51.553109],[-0.043746,51.553108],[-0.043816,51.553094],[-0.043838,51.553089],[-0.043852,51.553087],[-0.043864,51.553084],[-0.043896,51.553078],[-0.043965,51.553065],[-0.043972,51.553063],[-0.043976,51.553062],[-0.044003,51.553057],[-0.044039,51.55305],[-0.04406,51.553093],[-0.044064,51.553101],[-0.044092,51.553155],[-0.044094,51.553161],[-0.044096,51.553165],[-0.044126,51.553225],[-0.044158,51.553288],[-0.044172,51.553316],[-0.04418,51.553331],[-0.044182,51.553336],[-0.044203,51.553333],[-0.044238,51.553328],[-0.044248,51.553346],[-0.044298,51.553441],[-0.0443,51.553446],[-0.044333,51.553508],[-0.044357,51.553554],[-0.044291,51.553567],[-0.044296,51.553579],[-0.044319,51.553625],[-0.044341,51.553668],[-0.044344,51.553673],[-0.044352,51.553689],[-0.044379,51.553742],[-0.044423,51.55383],[-0.044441,51.553865],[-0.044448,51.553878],[-0.044456,51.553895],[-0.044468,51.553917],[-0.044469,51.55392],[-0.044495,51.553971],[-0.044521,51.554024],[-0.044528,51.55404],[-0.044545,51.554077],[-0.044549,51.554085],[-0.044552,51.554091],[-0.044588,51.554168],[-0.044596,51.554185],[-0.044601,51.554195],[-0.04462,51.554236],[-0.044629,51.554253],[-0.04465,51.554297],[-0.044652,51.554301],[-0.044659,51.554315],[-0.044679,51.554356],[-0.04469,51.55438],[-0.044733,51.554467],[-0.044744,51.554491],[-0.044769,51.554539],[-0.044772,51.554547],[-0.044776,51.554554],[-0.044791,51.554583],[-0.044827,51.554656],[-0.044832,51.554665],[-0.044854,51.554711],[-0.044857,51.554716],[-0.044863,51.554729],[-0.044917,51.554836],[-0.044927,51.554857],[-0.044933,51.554868],[-0.044936,51.554875],[-0.044939,51.55488],[-0.044941,51.554884],[-0.044948,51.554899],[-0.044955,51.554911],[-0.044984,51.554968],[-0.044986,51.554973],[-0.044999,51.554998],[-0.045004,51.555009],[-0.045013,51.555026],[-0.045023,51.555046],[-0.04509,51.555177],[-0.045196,51.555157],[-0.04523,51.555221],[-0.045237,51.555235],[-0.045311,51.555375],[-0.045282,51.555404],[-0.045271,51.555416],[-0.04542,51.555678],[-0.045422,51.555682],[-0.045448,51.555727],[-0.045451,51.555789],[-0.045452,51.555791],[-0.045452,51.555805],[-0.045455,51.555844],[-0.045533,51.556008],[-0.045548,51.556039],[-0.045477,51.556053],[-0.045485,51.556068],[-0.045493,51.556084],[-0.045519,51.556134],[-0.04553,51.556156],[-0.045533,51.556162],[-0.045538,51.556172],[-0.045545,51.556186],[-0.045548,51.556191],[-0.04556,51.556213],[-0.045577,51.556247],[-0.045584,51.55626],[-0.045604,51.556299],[-0.04561,51.556312],[-0.045625,51.556342],[-0.045636,51.556365],[-0.045639,51.55637],[-0.045645,51.556383],[-0.045647,51.556389],[-0.045663,51.556422],[-0.045669,51.556435],[-0.04568,51.556457],[-0.045704,51.556508],[-0.04572,51.556544],[-0.045724,51.556553],[-0.045735,51.556574],[-0.045739,51.556584],[-0.045752,51.556611],[-0.045756,51.55662],[-0.045763,51.556634],[-0.045765,51.556638],[-0.045766,51.556642],[-0.04578,51.55667],[-0.0458,51.556703],[-0.04575,51.556738],[-0.045704,51.556762],[-0.04563,51.5568],[-0.045566,51.556823],[-0.045528,51.556831],[-0.045326,51.556845],[-0.045311,51.556841],[-0.045279,51.556831],[-0.04515,51.556867],[-0.045109,51.556873],[-0.045008,51.556876],[-0.044942,51.556872],[-0.044936,51.556871],[-0.044796,51.556835],[-0.04469,51.556885],[-0.044651,51.556903],[-0.044595,51.556924],[-0.04446,51.556959],[-0.044394,51.556938],[-0.044366,51.556947],[-0.044206,51.556997],[-0.04414,51.557007],[-0.044075,51.557007],[-0.043982,51.556998],[-0.043937,51.556982],[-0.043872,51.556967],[-0.043845,51.557003],[-0.043808,51.557035],[-0.043792,51.557045],[-0.043756,51.557068],[-0.043712,51.557087],[-0.043686,51.557097],[-0.043604,51.557097],[-0.043425,51.557097]]]}},{"type":"Feature","properties":{"LSOA21CD":"E01001790","LSOA21NM":"Hackney 013D","MEAN_PTAL_":"2","mean_AI":7.49655234212,"borough":"Hackney"},"geometry":{"type":"Polygon","coordinates":[[[-0.032576,51.55413],[-0.032501,51.554059],[-0.032444,51.554004],[-0.032441,51.554002],[-0.032258,51.553828],[-0.032194,51.553731],[-0.032081,51.553562],[-0.032051,51.553517],[-0.032035,51.553494],[-0.032015,51.553464],[-0.031875,51.553253],[-0.031818,51.553169],[-0.0318,51.553141],[-0.031771,51.553098],[-0.031761,51.553083],[-0.031704,51.552998],[-0.031639,51.5529],[-0.031795,51.552849],[-0.031811,51.552846],[-0.031869,51.552834],[-0.032011,51.552839],[-0.032042,51.552845],[-0.032056,51.552848],[-0.032065,51.552846],[-0.032179,51.55282],[-0.032184,51.552818],[-0.032189,51.55281],[-0.032239,51.552738],[-0.032246,51.552736],[-0.032387,51.552716],[-0.032394,51.552713],[-0.032462,51.552692],[-0.032467,51.55269],[-0.032549,51.552648],[-0.032547,51.552641],[-0.032543,51.55263],[-0.032543,51.552621],[-0.03254,51.552583],[-0.032542,51.552572],[-0.032556,51.552481],[-0.03256,51.552451],[-0.032561,51.552448],[-0.032557,51.552446],[-0.032548,51.552437],[-0.032371,51.552241],[-0.032304,51.552264],[-0.032277,51.552244],[-0.032231,51.55221],[-0.032193,51.552074],[-0.032145,51.551906],[-0.032117,51.551805],[-0.032352,51.551775],[-0.032394,51.551824],[-0.032444,51.551882],[-0.032574,51.552023],[-0.032596,51.552047],[-0.032679,51.552129],[-0.032683,51.552128],[-0.032686,51.552131],[-0.03288,51.552359],[-0.033174,51.552703],[-0.033179,51.552709],[-0.033242,51.552639],[-0.033324,51.552546],[-0.033356,51.55238],[-0.033384,51.552232],[-0.033387,51.552218],[-0.033554,51.552016],[-0.033562,51.552006],[-0.03357,51.551984],[-0.033497,51.5519],[-0.033471,51.551867],[-0.033513,51.551852],[-0.033864,51.551735],[-0.033959,51.551703],[-0.034096,51.551657],[-0.034312,51.551582],[-0.034318,51.551581],[-0.03456,51.551865],[-0.03464,51.551953],[-0.034696,51.552013],[-0.034729,51.552047],[-0.034779,51.5521],[-0.034782,51.552103],[-0.03482,51.552142],[-0.03493,51.552258],[-0.034938,51.552266],[-0.034956,51.552293],[-0.034992,51.552348],[-0.035005,51.552366],[-0.035018,51.552365],[-0.035053,51.552388],[-0.035031,51.552406],[-0.035044,51.55243],[-0.035123,51.552562],[-0.035152,51.55261],[-0.035234,51.552747],[-0.035234,51.552764],[-0.035244,51.552782],[-0.035233,51.552792],[-0.035224,51.552801],[-0.035222,51.552802],[-0.035215,51.55281],[-0.035579,51.552927],[-0.035609,51.553087],[-0.03563,51.553201],[-0.035712,51.553636],[-0.035289,51.553785],[-0.034969,51.553897],[-0.034667,51.553529],[-0.034434,51.553608],[-0.034425,51.553611],[-0.034114,51.553716],[-0.03403,51.553745],[-0.034321,51.554043],[-0.034324,51.554046],[-0.034369,51.554092],[-0.034365,51.554106],[-0.034375,51.554112],[-0.034427,51.554147],[-0.034438,51.554146],[-0.034533,51.55414],[-0.03452,51.554239],[-0.034515,51.554278],[-0.034513,51.554296],[-0.034652,51.554302],[-0.034711,51.554304],[-0.034708,51.554329],[-0.034705,51.554353],[-0.034699,51.554398],[-0.034693,51.554442],[-0.034683,51.554522],[-0.03468,51.554543],[-0.034671,51.554612],[-0.034444,51.554612],[-0.034347,51.554611],[-0.034351,51.554685],[-0.034275,51.554716],[-0.034049,51.554806],[-0.03399,51.55483],[-0.033877,51.554772],[-0.033626,51.55466],[-0.033445,51.554579],[-0.033336,51.554531],[-0.03328,51.554505],[-0.032985,51.554374],[-0.032943,51.554355],[-0.032775,51.55428],[-0.03265,51.554185],[-0.03258,51.554131],[-0.032576,51.55413]]]}},{"type":"Feature","properties":{"LSOA21CD":"E01001791","LSOA21NM":"Hackney 015D","MEAN_PTAL_":"2","mean_AI":8.38115931878,"borough":"Hackney"},"geometry":{"type":"Polygon","coordinates":[[[-0.039235,51.554937],[-0.038948,51.554761],[-0.038451,51.554446],[-0.038464,51.554438],[-0.038524,51.554407],[-0.038559,51.55439],[-0.038591,51.554376],[-0.038681,51.554342],[-0.038792,51.554303],[-0.038799,51.554301],[-0.038812,51.554297],[-0.038851,51.554286],[-0.03887,51.554281],[-0.038876,51.554275],[-0.038878,51.554272],[-0.038883,51.554266],[-0.038902,51.554243],[-0.038907,51.554238],[-0.038931,51.554209],[-0.03896,51.55417],[-0.038964,51.554165],[-0.038995,51.554127],[-0.039014,51.554108],[-0.039021,51.554099],[-0.039056,51.554058],[-0.03907,51.554044],[-0.039097,51.55402],[-0.039188,51.554002],[-0.039203,51.553998],[-0.039191,51.553974],[-0.03915,51.553982],[-0.039135,51.553985],[-0.039044,51.554003],[-0.038993,51.554013],[-0.038896,51.554032],[-0.038825,51.554046],[-0.038788,51.554053],[-0.038692,51.554072],[-0.038621,51.554086],[-0.038491,51.554111],[-0.038454,51.554119],[-0.038403,51.554129],[-0.038374,51.554134],[-0.03836,51.554137],[-0.038243,51.55416],[-0.038213,51.554166],[-0.037931,51.554221],[-0.037926,51.554222],[-0.037921,51.554222],[-0.037883,51.554222],[-0.037798,51.554197],[-0.037784,51.554193],[-0.037742,51.554227],[-0.037671,51.554284],[-0.037634,51.55427],[-0.03762,51.554245],[-0.037511,51.554044],[-0.036986,51.553802],[-0.036823,51.553727],[-0.036692,51.553669],[-0.036509,51.553602],[-0.036473,51.55359],[-0.036385,51.553562],[-0.036329,51.553544],[-0.036256,51.553523],[-0.036233,51.553466],[-0.036227,51.553451],[-0.03621,51.553415],[-0.036201,51.553398],[-0.03617,51.553345],[-0.036143,51.553305],[-0.036043,51.553277],[-0.036034,51.553274],[-0.035845,51.553234],[-0.035814,51.553229],[-0.03563,51.553201],[-0.035609,51.553087],[-0.035579,51.552927],[-0.035215,51.55281],[-0.035222,51.552802],[-0.035224,51.552801],[-0.035233,51.552792],[-0.035244,51.552782],[-0.035234,51.552764],[-0.035234,51.552747],[-0.035152,51.55261],[-0.035123,51.552562],[-0.035044,51.55243],[-0.035031,51.552406],[-0.035053,51.552388],[-0.035018,51.552365],[-0.035036,51.552363],[-0.035059,51.552384],[-0.03509,51.552359],[-0.035402,51.552333],[-0.035512,51.552323],[-0.035541,51.552321],[-0.035551,51.55232],[-0.035613,51.552315],[-0.035939,51.552287],[-0.03596,51.552277],[-0.035893,51.552188],[-0.035889,51.55218],[-0.03588,51.55216],[-0.035881,51.552156],[-0.035884,51.552095],[-0.035886,51.552089],[-0.035888,51.552083],[-0.035893,51.552069],[-0.035914,51.55204],[-0.035922,51.55203],[-0.035986,51.551969],[-0.036003,51.551956],[-0.036013,51.551949],[-0.036026,51.551955],[-0.036073,51.551975],[-0.036131,51.55199],[-0.036238,51.552011],[-0.036309,51.552012],[-0.036383,51.552007],[-0.036551,51.551959],[-0.036555,51.551961],[-0.036552,51.551951],[-0.036516,51.551783],[-0.036504,51.551729],[-0.03647,51.551572],[-0.036469,51.551568],[-0.036476,51.551571],[-0.036657,51.551556],[-0.036959,51.551544],[-0.037216,51.551523],[-0.037234,51.551522],[-0.037437,51.551507],[-0.037696,51.551478],[-0.037702,51.551468],[-0.038032,51.55145],[-0.038277,51.551431],[-0.038481,51.551418],[-0.038494,51.551417],[-0.038541,51.551641],[-0.038566,51.551663],[-0.038589,51.551678],[-0.038703,51.551644],[-0.038787,51.551633],[-0.038867,51.551631],[-0.038946,51.55164],[-0.039025,51.551658],[-0.039075,51.551675],[-0.039087,51.55168],[-0.0391,51.55174],[-0.03911,51.551786],[-0.039121,51.551836],[-0.039128,51.551866],[-0.039131,51.551882],[-0.039149,51.551965],[-0.039165,51.552035],[-0.039168,51.55205],[-0.039182,51.552114],[-0.039195,51.552174],[-0.039197,51.552183],[-0.039205,51.55222],[-0.039215,51.552265],[-0.039222,51.552298],[-0.039234,51.552352],[-0.039235,51.552359],[-0.039238,51.552372],[-0.039242,51.55239],[-0.039253,51.552439],[-0.039258,51.552461],[-0.039258,51.552465],[-0.039272,51.552525],[-0.039276,51.552546],[-0.039281,51.55257],[-0.039283,51.552577],[-0.039302,51.552664],[-0.039309,51.552696],[-0.039319,51.552742],[-0.03932,51.552748],[-0.039338,51.552831],[-0.039348,51.552876],[-0.039358,51.552922],[-0.03936,51.55293],[-0.039379,51.553015],[-0.039386,51.553048],[-0.039395,51.553091],[-0.039424,51.553222],[-0.03944,51.55322],[-0.039493,51.553214],[-0.039562,51.553206],[-0.039601,51.553201],[-0.03971,51.553189],[-0.03976,51.553183],[-0.039782,51.55318],[-0.039837,51.553174],[-0.039856,51.553172],[-0.039875,51.55317],[-0.039916,51.553154],[-0.039931,51.553147],[-0.039916,51.553073],[-0.039913,51.553068],[-0.039908,51.553047],[-0.039904,51.553027],[-0.039896,51.553011],[-0.039894,51.553007],[-0.039892,51.552993],[-0.039886,51.552963],[-0.039883,51.552946],[-0.039882,51.552937],[-0.039873,51.552888],[-0.039869,51.552866],[-0.039866,51.552852],[-0.039863,51.552832],[-0.039861,51.552825],[-0.039861,51.552821],[-0.039853,51.552785],[-0.039851,51.552776],[-0.039846,51.552757],[-0.039846,51.552754],[-0.039842,51.552739],[-0.039831,51.552687],[-0.039827,51.552671],[-0.039821,51.552641],[-0.039819,51.552637],[-0.039815,51.552614],[-0.03981,51.552594],[-0.039808,51.552586],[-0.039807,51.552579],[-0.039804,51.552568],[-0.039799,51.552546],[-0.039794,51.552522],[-0.039792,51.552516],[-0.039789,51.5525],[-0.039785,51.552479],[-0.03978,51.552455],[-0.039776,51.552433],[-0.039765,51.552375],[-0.039763,51.552364],[-0.039761,51.552353],[-0.039756,51.552329],[-0.039752,51.552307],[-0.039749,51.552288],[-0.039744,51.552261],[-0.039742,51.552252],[-0.039738,51.552229],[-0.039731,51.552193],[-0.039727,51.552172],[-0.039725,51.552163],[-0.039723,51.552151],[-0.039716,51.552118],[-0.039714,51.552107],[-0.039712,51.552094],[-0.03971,51.552083],[-0.039707,51.552066],[-0.039706,51.552062],[-0.039704,51.552051],[-0.039695,51.552004],[-0.039692,51.55199],[-0.03969,51.551977],[-0.039689,51.551972],[-0.039678,51.551918],[-0.039676,51.551909],[-0.039673,51.551891],[-0.039669,51.551872],[-0.039659,51.551819],[-0.039655,51.551801],[-0.039652,51.551782],[-0.039648,51.551763],[-0.039641,51.551728],[-0.039632,51.551683],[-0.03963,51.55167],[-0.039612,51.551578],[-0.03975,51.551552],[-0.039828,51.551548],[-0.03996,51.551557],[-0.040094,51.551595],[-0.040123,51.551606],[-0.040132,51.551599],[-0.040163,51.551572],[-0.040179,51.551558],[-0.040187,51.551549],[-0.040192,51.551542],[-0.040194,51.551538],[-0.040194,51.551535],[-0.040193,51.551479],[-0.040191,51.551418],[-0.040188,51.551299],[-0.040179,51.551277],[-0.040177,51.551274],[-0.040292,51.551266],[-0.040349,51.551264],[-0.040475,51.551253],[-0.040578,51.551246],[-0.040585,51.551246],[-0.040587,51.551253],[-0.040594,51.551288],[-0.040603,51.551332],[-0.04061,51.551368],[-0.040613,51.551384],[-0.040618,51.551407],[-0.040625,51.551442],[-0.040634,51.551487],[-0.04064,51.551516],[-0.040644,51.551532],[-0.040651,51.551556],[-0.040656,51.551577],[-0.040658,51.551581],[-0.040672,51.551631],[-0.040686,51.55168],[-0.040688,51.551684],[-0.040703,51.551738],[-0.040709,51.551757],[-0.040719,51.551793],[-0.040722,51.551804],[-0.040725,51.551815],[-0.040732,51.551837],[-0.040743,51.551875],[-0.040746,51.551887],[-0.04075,51.551901],[-0.040752,51.551907],[-0.040755,51.551914],[-0.040766,51.55194],[-0.040773,51.551955],[-0.040777,51.551966],[-0.040782,51.551977],[-0.040793,51.552002],[-0.0408,51.552019],[-0.040802,51.552022],[-0.040818,51.552061],[-0.040841,51.552114],[-0.040842,51.552117],[-0.040845,51.552122],[-0.040848,51.55213],[-0.040852,51.552139],[-0.040861,51.55216],[-0.040863,51.552166],[-0.040876,51.552196],[-0.040898,51.552245],[-0.040901,51.552252],[-0.040905,51.552262],[-0.04091,51.552274],[-0.040911,51.552276],[-0.040917,51.552289],[-0.040927,51.552313],[-0.040934,51.55233],[-0.040938,51.552339],[-0.040945,51.552354],[-0.040954,51.552377],[-0.040971,51.552417],[-0.040974,51.552424],[-0.040976,51.552428],[-0.040986,51.55245],[-0.040992,51.552465],[-0.041004,51.552493],[-0.041006,51.552497],[-0.041042,51.552582],[-0.041054,51.552605],[-0.041061,51.552619],[-0.041089,51.552671],[-0.04109,51.552673],[-0.041093,51.552679],[-0.041099,51.55269],[-0.041105,51.552702],[-0.04112,51.552731],[-0.041122,51.552733],[-0.041126,51.552741],[-0.041129,51.552748],[-0.041135,51.552758],[-0.041151,51.552789],[-0.041154,51.552794],[-0.041157,51.552801],[-0.04117,51.552825],[-0.041172,51.552829],[-0.041194,51.55287],[-0.041196,51.552874],[-0.041209,51.552899],[-0.041213,51.552906],[-0.041215,51.55291],[-0.041221,51.552921],[-0.041233,51.552945],[-0.041237,51.552951],[-0.04124,51.552958],[-0.041256,51.552988],[-0.041263,51.553001],[-0.041268,51.553011],[-0.041276,51.553025],[-0.04128,51.553034],[-0.041283,51.55304],[-0.041287,51.553047],[-0.041291,51.553054],[-0.041311,51.553092],[-0.041316,51.553102],[-0.041317,51.553104],[-0.04132,51.55311],[-0.041352,51.553171],[-0.041369,51.553202],[-0.041375,51.553213],[-0.041387,51.553236],[-0.04139,51.553242],[-0.041391,51.553245],[-0.041417,51.553294],[-0.041428,51.553315],[-0.041484,51.55342],[-0.041503,51.553457],[-0.041508,51.553466],[-0.041527,51.553503],[-0.041534,51.553515],[-0.041529,51.553516],[-0.04152,51.5535],[-0.041487,51.553507],[-0.041472,51.553509],[-0.041467,51.553516],[-0.041383,51.553527],[-0.041355,51.553533],[-0.041338,51.553536],[-0.041312,51.553541],[-0.041297,51.553544],[-0.041235,51.553556],[-0.041217,51.55356],[-0.041203,51.553563],[-0.041181,51.553567],[-0.041147,51.553574],[-0.041109,51.553581],[-0.041077,51.553588],[-0.041046,51.553594],[-0.041033,51.553596],[-0.040951,51.553612],[-0.040916,51.553619],[-0.040885,51.553625],[-0.040833,51.553636],[-0.040807,51.553641],[-0.04071,51.55366],[-0.040599,51.553682],[-0.040516,51.553699],[-0.040529,51.553724],[-0.040562,51.553787],[-0.040594,51.55385],[-0.040646,51.553949],[-0.040674,51.554004],[-0.040707,51.554069],[-0.040731,51.554115],[-0.040755,51.554161],[-0.040771,51.554191],[-0.040809,51.554266],[-0.04082,51.554288],[-0.040871,51.554385],[-0.040925,51.55449],[-0.040943,51.554524],[-0.040988,51.554619],[-0.041,51.554645],[-0.041021,51.554688],[-0.041047,51.554742],[-0.041052,51.554753],[-0.041079,51.554809],[-0.041084,51.554819],[-0.041093,51.554837],[-0.04111,51.554873],[-0.041131,51.554917],[-0.041149,51.554955],[-0.041158,51.554973],[-0.041138,51.554951],[-0.041114,51.554931],[-0.041065,51.554898],[-0.041017,51.55487],[-0.040956,51.554841],[-0.040943,51.554835],[-0.040837,51.554798],[-0.040821,51.554793],[-0.040589,51.554844],[-0.04058,51.554846],[-0.040303,51.554769],[-0.040288,51.554765],[-0.03993,51.554972],[-0.039922,51.554976],[-0.039874,51.554884],[-0.039744,51.55491],[-0.039699,51.554919],[-0.039407,51.554976],[-0.039267,51.555004],[-0.039242,51.554951],[-0.039245,51.554949],[-0.039243,51.554942],[-0.039235,51.554937]]]}},{"type":"Feature","properties":{"LSOA21CD":"E01001792","LSOA21NM":"Hackney 011A","MEAN_PTAL_":"4","mean_AI":16.8564037361,"borough":"Hackney"},"geometry":{"type":"Polygon","coordinates":[[[-0.05028,51.560599],[-0.049973,51.560325],[-0.049961,51.560312],[-0.051048,51.559848],[-0.051073,51.559837],[-0.05074,51.559601],[-0.050681,51.55956],[-0.050486,51.559408],[-0.050458,51.559386],[-0.050222,51.559175],[-0.049986,51.558946],[-0.049946,51.558901],[-0.049898,51.558845],[-0.049835,51.558773],[-0.049808,51.558737],[-0.049784,51.558706],[-0.049797,51.558698],[-0.049757,51.558641],[-0.049993,51.558581],[-0.05015,51.55854],[-0.050236,51.558518],[-0.050232,51.558507],[-0.050316,51.55846],[-0.050137,51.558322],[-0.050136,51.558319],[-0.050122,51.558273],[-0.050133,51.558243],[-0.050137,51.558248],[-0.050167,51.55824],[-0.05035,51.558193],[-0.050412,51.558177],[-0.050571,51.558136],[-0.050632,51.55812],[-0.050741,51.558092],[-0.05083,51.558068],[-0.050895,51.558052],[-0.050966,51.558033],[-0.050983,51.558029],[-0.050991,51.558027],[-0.05111,51.557997],[-0.051309,51.557946],[-0.051444,51.557911],[-0.051462,51.557907],[-0.051637,51.557862],[-0.05167,51.557854],[-0.051741,51.557835],[-0.051873,51.557802],[-0.051954,51.557781],[-0.052086,51.557748],[-0.052227,51.557712],[-0.052392,51.557965],[-0.052438,51.557953],[-0.052545,51.55812],[-0.052614,51.558226],[-0.052635,51.55825],[-0.052669,51.55829],[-0.052762,51.558263],[-0.053069,51.558176],[-0.053286,51.558114],[-0.053413,51.558078],[-0.053852,51.557953],[-0.053881,51.557945],[-0.053958,51.557923],[-0.053983,51.557916],[-0.054123,51.557874],[-0.054147,51.557867],[-0.054239,51.557839],[-0.054254,51.557835],[-0.054294,51.557823],[-0.054348,51.557807],[-0.054504,51.55776],[-0.054553,51.557745],[-0.054567,51.557741],[-0.054593,51.557734],[-0.05471,51.557702],[-0.054748,51.557692],[-0.054969,51.557631],[-0.05507,51.557603],[-0.055108,51.557593],[-0.055462,51.557507],[-0.055465,51.557511],[-0.055573,51.55748],[-0.055735,51.557441],[-0.055879,51.557419],[-0.055888,51.557489],[-0.055891,51.557522],[-0.055895,51.55757],[-0.055901,51.557632],[-0.055909,51.557711],[-0.055907,51.557734],[-0.055904,51.557786],[-0.055885,51.558062],[-0.055883,51.558093],[-0.055882,51.55811],[-0.055879,51.558153],[-0.055856,51.558304],[-0.05587,51.558391],[-0.055871,51.558392],[-0.055874,51.55841],[-0.055874,51.558413],[-0.055878,51.558434],[-0.055879,51.558442],[-0.055886,51.558483],[-0.055902,51.558574],[-0.055908,51.558608],[-0.055911,51.55862],[-0.055935,51.558716],[-0.055953,51.558786],[-0.055955,51.558793],[-0.055955,51.558796],[-0.056028,51.558969],[-0.056032,51.558978],[-0.056038,51.558992],[-0.056062,51.559051],[-0.056064,51.559055],[-0.056074,51.55908],[-0.056083,51.559101],[-0.056085,51.559104],[-0.056092,51.559116],[-0.05612,51.559165],[-0.056126,51.559175],[-0.056144,51.559205],[-0.056149,51.559214],[-0.056187,51.55928],[-0.05626,51.559387],[-0.056367,51.559543],[-0.056438,51.559657],[-0.056447,51.559675],[-0.05646,51.559701],[-0.056474,51.559729],[-0.055844,51.56001],[-0.055693,51.560077],[-0.055728,51.560288],[-0.055693,51.560338],[-0.05566,51.560373],[-0.055577,51.560443],[-0.055566,51.560452],[-0.055523,51.560477],[-0.055635,51.560459],[-0.055748,51.56044],[-0.055882,51.560418],[-0.056005,51.560681],[-0.056009,51.560689],[-0.056115,51.560679],[-0.05612,51.560683],[-0.056161,51.560712],[-0.0564,51.560794],[-0.056407,51.560816],[-0.0564,51.560872],[-0.056398,51.560875],[-0.056372,51.560929],[-0.056384,51.560933],[-0.056495,51.560982],[-0.056543,51.561018],[-0.056581,51.561076],[-0.056594,51.561216],[-0.056606,51.561218],[-0.05648,51.561241],[-0.056438,51.561248],[-0.056408,51.561252],[-0.056396,51.561256],[-0.056354,51.561264],[-0.056348,51.561264],[-0.05633,51.561266],[-0.056249,51.561279],[-0.056218,51.56128],[-0.056162,51.561288],[-0.05613,51.561294],[-0.055978,51.561323],[-0.055595,51.561396],[-0.05534,51.561442],[-0.055244,51.561459],[-0.055137,51.561478],[-0.054757,51.561547],[-0.054687,51.56156],[-0.054673,51.561565],[-0.054626,51.561573],[-0.05462,51.561575],[-0.054566,51.561585],[-0.054493,51.561598],[-0.054478,51.561599],[-0.054454,51.561603],[-0.054445,51.561606],[-0.054408,51.561612],[-0.054349,51.561624],[-0.054328,51.561628],[-0.054126,51.561667],[-0.05412,51.561667],[-0.05402,51.561686],[-0.054017,51.561688],[-0.053837,51.561723],[-0.053821,51.561726],[-0.053718,51.561745],[-0.05336,51.561809],[-0.053355,51.56181],[-0.053348,51.561812],[-0.053252,51.561829],[-0.053218,51.561835],[-0.053176,51.561843],[-0.053051,51.561865],[-0.05301,51.561873],[-0.052938,51.561886],[-0.052838,51.561904],[-0.052731,51.561924],[-0.052364,51.56199],[-0.052329,51.562006],[-0.052322,51.56201],[-0.052323,51.562013],[-0.052379,51.562155],[-0.05238,51.562157],[-0.052438,51.562205],[-0.052443,51.562209],[-0.052571,51.562259],[-0.052559,51.562271],[-0.052518,51.5623],[-0.052462,51.562329],[-0.052365,51.562359],[-0.052314,51.562368],[-0.052088,51.562372],[-0.052082,51.562372],[-0.052065,51.562371],[-0.05206,51.56237],[-0.051851,51.562354],[-0.051788,51.562295],[-0.051709,51.562237],[-0.051516,51.562112],[-0.05127,51.562022],[-0.05118,51.561992],[-0.051001,51.56194],[-0.050985,51.561931],[-0.050776,51.561844],[-0.050696,51.561814],[-0.050538,51.561758],[-0.050399,51.561709],[-0.050205,51.561658],[-0.05018,51.561648],[-0.050011,51.561581],[-0.050026,51.561547],[-0.050036,51.561518],[-0.050057,51.561456],[-0.050065,51.561431],[-0.050236,51.56077],[-0.05028,51.560599]]]}},{"type":"Feature","properties":{"LSOA21CD":"E01001793","LSOA21NM":"Hackney 011B","MEAN_PTAL_":"3","mean_AI":11.0811897788,"borough":"Hackney"},"geometry":{"type":"Polygon","coordinates":[[[-0.047459,51.559349],[-0.047398,51.559231],[-0.046387,51.559252],[-0.045499,51.559201],[-0.045262,51.559176],[-0.045728,51.558301],[-0.045796,51.558172],[-0.045855,51.558062],[-0.045898,51.55798],[-0.045905,51.557967],[-0.045994,51.5578],[-0.046001,51.557787],[-0.046047,51.557701],[-0.046055,51.557685],[-0.046067,51.557662],[-0.046147,51.557508],[-0.046189,51.557426],[-0.046211,51.557381],[-0.046236,51.557334],[-0.04624,51.557325],[-0.04626,51.557283],[-0.046261,51.55728],[-0.04628,51.55724],[-0.046286,51.557227],[-0.046302,51.557193],[-0.046316,51.557172],[-0.046327,51.557154],[-0.046423,51.557002],[-0.046099,51.557024],[-0.046044,51.55692],[-0.046022,51.556876],[-0.045964,51.556883],[-0.045925,51.556887],[-0.045904,51.556869],[-0.045896,51.556861],[-0.045867,51.556814],[-0.045844,51.556776],[-0.045833,51.556759],[-0.045809,51.556718],[-0.045807,51.556715],[-0.0458,51.556703],[-0.04578,51.55667],[-0.045766,51.556642],[-0.045765,51.556638],[-0.045763,51.556634],[-0.045756,51.55662],[-0.045752,51.556611],[-0.045739,51.556584],[-0.045735,51.556574],[-0.045724,51.556553],[-0.04572,51.556544],[-0.045704,51.556508],[-0.04568,51.556457],[-0.045669,51.556435],[-0.045663,51.556422],[-0.045647,51.556389],[-0.045645,51.556383],[-0.045639,51.55637],[-0.045636,51.556365],[-0.045625,51.556342],[-0.04561,51.556312],[-0.045604,51.556299],[-0.045584,51.55626],[-0.045577,51.556247],[-0.04556,51.556213],[-0.045548,51.556191],[-0.045545,51.556186],[-0.045538,51.556172],[-0.045533,51.556162],[-0.04553,51.556156],[-0.045519,51.556134],[-0.045493,51.556084],[-0.045485,51.556068],[-0.045477,51.556053],[-0.045548,51.556039],[-0.045533,51.556008],[-0.045455,51.555844],[-0.045452,51.555805],[-0.045452,51.555791],[-0.045451,51.555789],[-0.045657,51.555747],[-0.045803,51.555717],[-0.045809,51.555722],[-0.045818,51.55573],[-0.045876,51.555718],[-0.045936,51.555834],[-0.045953,51.555849],[-0.045959,51.555849],[-0.045968,51.555846],[-0.046355,51.555725],[-0.046363,51.555723],[-0.046366,51.555732],[-0.04644,51.555782],[-0.046685,51.555947],[-0.0469,51.555733],[-0.046901,51.55573],[-0.046906,51.555727],[-0.046948,51.555683],[-0.046956,51.555678],[-0.046969,51.555669],[-0.04743,51.555865],[-0.047389,51.555909],[-0.047489,51.555937],[-0.047511,51.555935],[-0.047491,51.555891],[-0.047551,51.555863],[-0.047571,51.555867],[-0.047655,51.555879],[-0.047673,51.555866],[-0.047695,51.55585],[-0.047896,51.555705],[-0.047937,51.55571],[-0.048005,51.555666],[-0.048051,51.555651],[-0.048079,51.555635],[-0.048087,51.555632],[-0.048126,51.555609],[-0.048152,51.555599],[-0.048188,51.55558],[-0.048215,51.555571],[-0.048238,51.555559],[-0.048269,51.555537],[-0.048314,51.555513],[-0.048327,51.555503],[-0.048372,51.55548],[-0.048384,51.555472],[-0.048416,51.555456],[-0.048423,51.555451],[-0.048473,51.555424],[-0.048511,51.555398],[-0.048514,51.555395],[-0.048529,51.555385],[-0.048591,51.555351],[-0.048596,51.555348],[-0.048615,51.555335],[-0.048651,51.555315],[-0.048666,51.555307],[-0.048694,51.555289],[-0.048699,51.555285],[-0.048706,51.555281],[-0.048703,51.555275],[-0.048694,51.555249],[-0.048661,51.555181],[-0.048605,51.555107],[-0.0486,51.555057],[-0.048626,51.554998],[-0.048766,51.554918],[-0.04881,51.554893],[-0.048828,51.554882],[-0.048793,51.554826],[-0.048978,51.554692],[-0.049096,51.55465],[-0.049119,51.554646],[-0.0492,51.554669],[-0.049209,51.554671],[-0.049236,51.554679],[-0.049265,51.554691],[-0.049281,51.554696],[-0.04935,51.554724],[-0.049375,51.554733],[-0.049383,51.554735],[-0.049422,51.554748],[-0.049442,51.554756],[-0.04946,51.554762],[-0.049515,51.554786],[-0.049597,51.554811],[-0.049612,51.554815],[-0.049629,51.554818],[-0.049643,51.554821],[-0.049677,51.55484],[-0.049703,51.554859],[-0.049811,51.554859],[-0.049859,51.554859],[-0.049919,51.554859],[-0.049927,51.55486],[-0.049984,51.554876],[-0.050036,51.554898],[-0.050146,51.554978],[-0.050136,51.554996],[-0.050133,51.555002],[-0.050116,51.555021],[-0.050099,51.555034],[-0.050153,51.555004],[-0.050231,51.554959],[-0.050241,51.554953],[-0.050329,51.55492],[-0.050346,51.55493],[-0.050499,51.555018],[-0.050571,51.555124],[-0.050585,51.555164],[-0.050586,51.555173],[-0.050586,51.555193],[-0.050594,51.555194],[-0.050632,51.555192],[-0.050728,51.555182],[-0.05086,51.555191],[-0.050882,51.555196],[-0.050934,51.555209],[-0.050984,51.555233],[-0.051045,51.555282],[-0.05111,51.555333],[-0.051134,51.555352],[-0.051187,51.555394],[-0.051223,51.555422],[-0.051312,51.555493],[-0.051309,51.555534],[-0.051309,51.555578],[-0.051323,51.55559],[-0.051342,51.555591],[-0.051384,51.555589],[-0.051535,51.555581],[-0.051672,51.555567],[-0.051689,51.555565],[-0.051797,51.555541],[-0.051941,51.555599],[-0.051749,51.555715],[-0.051719,51.555734],[-0.051437,51.555896],[-0.051134,51.55607],[-0.050886,51.555901],[-0.050867,51.555912],[-0.050829,51.555934],[-0.050803,51.555947],[-0.05024,51.556287],[-0.050221,51.556299],[-0.050211,51.556304],[-0.050203,51.556316],[-0.050174,51.55638],[-0.050143,51.556406],[-0.050095,51.55643],[-0.049921,51.556418],[-0.049877,51.556421],[-0.049883,51.556464],[-0.05003,51.556582],[-0.049911,51.556589],[-0.049899,51.556586],[-0.049879,51.55659],[-0.049523,51.55661],[-0.049543,51.556649],[-0.04955,51.556664],[-0.049664,51.556852],[-0.049713,51.556933],[-0.049889,51.557222],[-0.049914,51.557264],[-0.049916,51.557268],[-0.049912,51.557269],[-0.049938,51.557305],[-0.049993,51.557389],[-0.050006,51.55741],[-0.050057,51.557492],[-0.050078,51.557525],[-0.050085,51.557537],[-0.050091,51.557546],[-0.050136,51.557619],[-0.050172,51.557675],[-0.050177,51.557683],[-0.05021,51.557736],[-0.050224,51.557758],[-0.050254,51.557805],[-0.050275,51.55784],[-0.050278,51.557845],[-0.050267,51.557848],[-0.050252,51.557853],[-0.050207,51.557865],[-0.050037,51.557913],[-0.049938,51.557941],[-0.049925,51.557944],[-0.049968,51.557953],[-0.049973,51.558019],[-0.05002,51.558084],[-0.050051,51.558128],[-0.050073,51.558159],[-0.050098,51.558195],[-0.050133,51.558243],[-0.050122,51.558273],[-0.050136,51.558319],[-0.050137,51.558322],[-0.050316,51.55846],[-0.050232,51.558507],[-0.050236,51.558518],[-0.05015,51.55854],[-0.049993,51.558581],[-0.049757,51.558641],[-0.049797,51.558698],[-0.049784,51.558706],[-0.049808,51.558737],[-0.049835,51.558773],[-0.049898,51.558845],[-0.049946,51.558901],[-0.049986,51.558946],[-0.050222,51.559175],[-0.050458,51.559386],[-0.050486,51.559408],[-0.050681,51.55956],[-0.05074,51.559601],[-0.051073,51.559837],[-0.051048,51.559848],[-0.049961,51.560312],[-0.049882,51.560346],[-0.0491,51.56068],[-0.048987,51.560728],[-0.048972,51.560737],[-0.048873,51.560662],[-0.048786,51.560596],[-0.04867,51.560508],[-0.048566,51.560429],[-0.048512,51.560388],[-0.048375,51.560285],[-0.048329,51.56025],[-0.047966,51.559974],[-0.047841,51.559855],[-0.047759,51.559757],[-0.047635,51.559609],[-0.047594,51.559554],[-0.047485,51.559399],[-0.047459,51.559349]]]}},{"type":"Feature","properties":{"LSOA21CD":"E01001794","LSOA21NM":"Hackney 011C","MEAN_PTAL_":"4","mean_AI":18.2652463468,"borough":"Hackney"},"geometry":{"type":"Polygon","coordinates":[[[-0.050177,51.557683],[-0.050172,51.557675],[-0.050136,51.557619],[-0.050091,51.557546],[-0.050085,51.557537],[-0.050078,51.557525],[-0.050057,51.557492],[-0.050006,51.55741],[-0.049993,51.557389],[-0.049938,51.557305],[-0.049912,51.557269],[-0.049916,51.557268],[-0.049914,51.557264],[-0.049889,51.557222],[-0.049713,51.556933],[-0.049664,51.556852],[-0.04955,51.556664],[-0.049543,51.556649],[-0.049523,51.55661],[-0.049879,51.55659],[-0.049899,51.556586],[-0.049911,51.556589],[-0.05003,51.556582],[-0.049883,51.556464],[-0.049877,51.556421],[-0.049921,51.556418],[-0.050095,51.55643],[-0.050143,51.556406],[-0.050174,51.55638],[-0.050203,51.556316],[-0.050211,51.556304],[-0.050221,51.556299],[-0.05024,51.556287],[-0.050803,51.555947],[-0.050829,51.555934],[-0.050867,51.555912],[-0.050886,51.555901],[-0.051134,51.55607],[-0.051437,51.555896],[-0.051719,51.555734],[-0.051749,51.555715],[-0.051941,51.555599],[-0.051797,51.555541],[-0.051689,51.555565],[-0.051672,51.555567],[-0.051535,51.555581],[-0.051384,51.555589],[-0.051342,51.555591],[-0.051323,51.55559],[-0.051309,51.555578],[-0.051309,51.555534],[-0.051312,51.555493],[-0.051223,51.555422],[-0.051187,51.555394],[-0.051134,51.555352],[-0.05111,51.555333],[-0.051045,51.555282],[-0.050984,51.555233],[-0.050934,51.555209],[-0.050882,51.555196],[-0.05086,51.555191],[-0.050728,51.555182],[-0.050632,51.555192],[-0.050594,51.555194],[-0.050586,51.555193],[-0.050586,51.555173],[-0.050585,51.555164],[-0.050571,51.555124],[-0.050499,51.555018],[-0.050346,51.55493],[-0.050329,51.55492],[-0.050344,51.554902],[-0.050358,51.554887],[-0.050506,51.554803],[-0.05051,51.554801],[-0.050519,51.554795],[-0.050699,51.554686],[-0.050749,51.554636],[-0.050797,51.554627],[-0.050808,51.554624],[-0.050829,51.55461],[-0.050862,51.554587],[-0.050891,51.55457],[-0.050918,51.554553],[-0.050956,51.554531],[-0.050964,51.554526],[-0.05097,51.55452],[-0.051024,51.554487],[-0.05104,51.554476],[-0.051076,51.554452],[-0.0511,51.554437],[-0.051138,51.554419],[-0.051146,51.554415],[-0.05117,51.554405],[-0.05121,51.554386],[-0.051412,51.554533],[-0.051372,51.554555],[-0.051379,51.55456],[-0.05146,51.554621],[-0.051534,51.554604],[-0.051914,51.554511],[-0.051951,51.554502],[-0.052057,51.554471],[-0.052257,51.554349],[-0.052282,51.554262],[-0.052317,51.554257],[-0.052341,51.554254],[-0.052464,51.554238],[-0.05266,51.554228],[-0.052772,51.554215],[-0.05285,51.554206],[-0.052873,51.554212],[-0.05301,51.554248],[-0.053347,51.554337],[-0.053361,51.554341],[-0.053383,51.554347],[-0.053359,51.554574],[-0.053345,51.554716],[-0.053344,51.554723],[-0.053332,51.554753],[-0.05333,51.554758],[-0.053346,51.55476],[-0.053385,51.554767],[-0.053416,51.554771],[-0.053544,51.554787],[-0.053557,51.554783],[-0.053684,51.554743],[-0.053687,51.554737],[-0.053733,51.554647],[-0.053739,51.554636],[-0.053739,51.554631],[-0.053742,51.554623],[-0.053752,51.554597],[-0.053754,51.554592],[-0.053761,51.55458],[-0.053776,51.554557],[-0.053811,51.554581],[-0.053855,51.554612],[-0.054012,51.554721],[-0.054054,51.554811],[-0.054089,51.554799],[-0.054117,51.554788],[-0.05436,51.554696],[-0.054364,51.5547],[-0.054412,51.554767],[-0.054436,51.554801],[-0.054474,51.554853],[-0.054528,51.554928],[-0.054539,51.554944],[-0.054596,51.555024],[-0.054609,51.555042],[-0.05464,51.555085],[-0.054649,51.555098],[-0.054661,51.555115],[-0.05468,51.555144],[-0.054685,51.55515],[-0.054704,51.555179],[-0.054734,51.555223],[-0.054753,51.555252],[-0.054762,51.555265],[-0.054768,51.555273],[-0.054786,51.555301],[-0.054863,51.555414],[-0.054922,51.5555],[-0.054926,51.555506],[-0.055015,51.555637],[-0.055062,51.555707],[-0.055208,51.555921],[-0.055211,51.555927],[-0.055239,51.555966],[-0.055247,51.555979],[-0.055348,51.556128],[-0.055401,51.556205],[-0.055404,51.55621],[-0.055413,51.556224],[-0.055525,51.556389],[-0.055572,51.556457],[-0.055576,51.556463],[-0.055605,51.556498],[-0.055641,51.556544],[-0.055683,51.556614],[-0.055709,51.556657],[-0.055713,51.556672],[-0.055724,51.556719],[-0.055738,51.556775],[-0.05575,51.556822],[-0.055769,51.556899],[-0.055792,51.556994],[-0.055803,51.557037],[-0.055837,51.557176],[-0.055846,51.557212],[-0.05586,51.557269],[-0.055864,51.557305],[-0.055865,51.557308],[-0.055879,51.557419],[-0.055735,51.557441],[-0.055573,51.55748],[-0.055465,51.557511],[-0.055462,51.557507],[-0.055108,51.557593],[-0.05507,51.557603],[-0.054969,51.557631],[-0.054748,51.557692],[-0.05471,51.557702],[-0.054593,51.557734],[-0.054567,51.557741],[-0.054553,51.557745],[-0.054504,51.55776],[-0.054348,51.557807],[-0.054294,51.557823],[-0.054254,51.557835],[-0.054239,51.557839],[-0.054147,51.557867],[-0.054123,51.557874],[-0.053983,51.557916],[-0.053958,51.557923],[-0.053881,51.557945],[-0.053852,51.557953],[-0.053413,51.558078],[-0.053286,51.558114],[-0.053069,51.558176],[-0.052762,51.558263],[-0.052669,51.55829],[-0.052635,51.55825],[-0.052614,51.558226],[-0.052545,51.55812],[-0.052438,51.557953],[-0.052392,51.557965],[-0.052227,51.557712],[-0.052086,51.557748],[-0.051954,51.557781],[-0.051873,51.557802],[-0.051741,51.557835],[-0.05167,51.557854],[-0.051637,51.557862],[-0.051462,51.557907],[-0.051444,51.557911],[-0.051309,51.557946],[-0.05111,51.557997],[-0.050991,51.558027],[-0.050983,51.558029],[-0.050966,51.558033],[-0.050895,51.558052],[-0.05083,51.558068],[-0.050741,51.558092],[-0.050632,51.55812],[-0.050571,51.558136],[-0.050412,51.558177],[-0.05035,51.558193],[-0.050167,51.55824],[-0.050137,51.558248],[-0.050133,51.558243],[-0.050098,51.558195],[-0.050073,51.558159],[-0.050051,51.558128],[-0.05002,51.558084],[-0.049973,51.558019],[-0.049968,51.557953],[-0.049925,51.557944],[-0.049938,51.557941],[-0.050037,51.557913],[-0.050207,51.557865],[-0.050252,51.557853],[-0.050267,51.557848],[-0.050278,51.557845],[-0.050275,51.55784],[-0.050254,51.557805],[-0.050224,51.557758],[-0.05021,51.557736],[-0.050177,51.557683]]]}},{"type":"Feature","properties":{"LSOA21CD":"E01001795","LSOA21NM":"Hackney 011D","MEAN_PTAL_":"4","mean_AI":15.8543745248,"borough":"Hackney"},"geometry":{"type":"Polygon","coordinates":[[[-0.04743,51.555865],[-0.046969,51.555669],[-0.046972,51.555666],[-0.047,51.555645],[-0.047002,51.555643],[-0.047026,51.555619],[-0.047034,51.555612],[-0.047053,51.555587],[-0.047072,51.555562],[-0.047087,51.555548],[-0.047121,51.555514],[-0.047132,51.555503],[-0.047167,51.555468],[-0.04721,51.555425],[-0.047234,51.555401],[-0.047276,51.555368],[-0.047279,51.555364],[-0.04731,51.555319],[-0.047316,51.55531],[-0.047334,51.555284],[-0.047395,51.555194],[-0.047412,51.555169],[-0.047444,51.555123],[-0.047467,51.555089],[-0.047474,51.555079],[-0.047529,51.554999],[-0.047593,51.554905],[-0.047612,51.554878],[-0.047657,51.554811],[-0.047675,51.554785],[-0.047719,51.55472],[-0.047773,51.55464],[-0.047795,51.554607],[-0.047792,51.554605],[-0.047777,51.554592],[-0.047726,51.554558],[-0.047685,51.554535],[-0.04763,51.554505],[-0.047589,51.554489],[-0.04755,51.554473],[-0.047476,51.554453],[-0.047394,51.554443],[-0.047337,51.554444],[-0.047205,51.554462],[-0.047175,51.554466],[-0.047155,51.55437],[-0.047127,51.554238],[-0.047125,51.554226],[-0.047115,51.554222],[-0.047102,51.554204],[-0.047126,51.554202],[-0.047189,51.554197],[-0.047442,51.554198],[-0.047332,51.55404],[-0.04736,51.553969],[-0.047397,51.55394],[-0.047481,51.553874],[-0.04753,51.553825],[-0.047533,51.553822],[-0.04761,51.553837],[-0.047736,51.553855],[-0.047807,51.553859],[-0.047838,51.553858],[-0.047913,51.553852],[-0.047969,51.553844],[-0.048035,51.55383],[-0.048092,51.553833],[-0.048124,51.553834],[-0.048165,51.553834],[-0.048267,51.553825],[-0.048283,51.553823],[-0.048295,51.553823],[-0.048348,51.553819],[-0.04839,51.553816],[-0.048419,51.553812],[-0.048463,51.553812],[-0.048489,51.55381],[-0.04855,51.55381],[-0.048581,51.553798],[-0.048618,51.55378],[-0.048641,51.553772],[-0.048675,51.553755],[-0.048714,51.553737],[-0.048773,51.553715],[-0.048798,51.553702],[-0.048807,51.553698],[-0.048832,51.553689],[-0.048837,51.553687],[-0.04889,51.553658],[-0.048923,51.553645],[-0.048984,51.553611],[-0.048988,51.553608],[-0.049041,51.553563],[-0.049085,51.553506],[-0.049088,51.553496],[-0.049083,51.553461],[-0.049049,51.553383],[-0.049077,51.553361],[-0.049085,51.553355],[-0.049089,51.553245],[-0.049077,51.553198],[-0.049047,51.55315],[-0.049026,51.553131],[-0.048935,51.553074],[-0.048931,51.553072],[-0.048925,51.553069],[-0.048918,51.553069],[-0.04888,51.553071],[-0.048852,51.553072],[-0.048821,51.553076],[-0.04879,51.553077],[-0.048746,51.553081],[-0.048711,51.553085],[-0.048697,51.553087],[-0.048654,51.553091],[-0.048641,51.553093],[-0.048583,51.553098],[-0.048556,51.553101],[-0.048549,51.553102],[-0.048531,51.553103],[-0.048509,51.553103],[-0.048436,51.55311],[-0.048422,51.553111],[-0.048392,51.553117],[-0.048386,51.553118],[-0.048371,51.553119],[-0.048366,51.55312],[-0.04831,51.553125],[-0.048291,51.553129],[-0.048258,51.553133],[-0.04822,51.553133],[-0.048183,51.553133],[-0.048147,51.553137],[-0.048105,51.553144],[-0.048075,51.553147],[-0.04807,51.553147],[-0.048059,51.553149],[-0.047999,51.553151],[-0.047965,51.553155],[-0.047932,51.553159],[-0.047918,51.553161],[-0.047905,51.553163],[-0.047871,51.553166],[-0.047762,51.553185],[-0.047745,51.553187],[-0.047722,51.553187],[-0.047713,51.553187],[-0.047704,51.553188],[-0.047656,51.553186],[-0.047643,51.553187],[-0.047627,51.553188],[-0.047603,51.553191],[-0.047573,51.553192],[-0.047567,51.553193],[-0.047521,51.553198],[-0.047454,51.553202],[-0.047417,51.553208],[-0.047392,51.553211],[-0.047374,51.553216],[-0.047369,51.553216],[-0.047336,51.553214],[-0.047329,51.553213],[-0.047282,51.553214],[-0.047254,51.553215],[-0.047234,51.553217],[-0.047184,51.553215],[-0.047165,51.553216],[-0.047113,51.553194],[-0.047041,51.553154],[-0.046994,51.553099],[-0.046983,51.55305],[-0.047005,51.552978],[-0.047013,51.552949],[-0.047124,51.552939],[-0.047181,51.552933],[-0.047256,51.552926],[-0.047313,51.55292],[-0.047431,51.552909],[-0.047437,51.552908],[-0.047547,51.552898],[-0.047656,51.552887],[-0.04766,51.552887],[-0.047702,51.552883],[-0.047736,51.552879],[-0.04783,51.55287],[-0.047885,51.552865],[-0.047994,51.552854],[-0.048038,51.55285],[-0.048054,51.552848],[-0.048066,51.552847],[-0.048139,51.55284],[-0.048225,51.552832],[-0.048283,51.552826],[-0.04837,51.552818],[-0.048428,51.552812],[-0.048502,51.552805],[-0.048588,51.552797],[-0.048706,51.552785],[-0.048845,51.552772],[-0.048888,51.552768],[-0.048891,51.552774],[-0.048903,51.552801],[-0.048992,51.552793],[-0.049368,51.552758],[-0.049374,51.552758],[-0.049382,51.552757],[-0.049411,51.552754],[-0.049494,51.552747],[-0.04956,51.552737],[-0.049624,51.552722],[-0.049629,51.552721],[-0.049684,51.552702],[-0.049736,51.552675],[-0.049757,51.552664],[-0.049775,51.552655],[-0.049786,51.552649],[-0.049832,51.552628],[-0.049836,51.552626],[-0.049841,51.552624],[-0.049922,51.552587],[-0.04993,51.552583],[-0.049966,51.552566],[-0.049982,51.552559],[-0.049993,51.552554],[-0.050013,51.552545],[-0.050039,51.552533],[-0.050047,51.552529],[-0.050098,51.552506],[-0.050126,51.552493],[-0.050133,51.55249],[-0.05017,51.552473],[-0.050205,51.552457],[-0.05022,51.55245],[-0.050226,51.552448],[-0.050237,51.552444],[-0.05033,51.552413],[-0.050341,51.552409],[-0.050371,51.552399],[-0.050396,51.552391],[-0.050457,51.55237],[-0.050469,51.552366],[-0.050542,51.552342],[-0.050559,51.552338],[-0.05058,51.552333],[-0.050734,51.552299],[-0.050745,51.552297],[-0.050749,51.552296],[-0.050826,51.552279],[-0.050931,51.552256],[-0.05094,51.552254],[-0.050965,51.552248],[-0.050985,51.552244],[-0.050992,51.552242],[-0.051058,51.552228],[-0.051081,51.552223],[-0.051096,51.552219],[-0.051129,51.552212],[-0.051136,51.55221],[-0.051162,51.552205],[-0.051213,51.552193],[-0.051225,51.552191],[-0.051261,51.552183],[-0.051278,51.552179],[-0.051286,51.552177],[-0.051355,51.552162],[-0.051364,51.55216],[-0.051375,51.552158],[-0.051408,51.55215],[-0.051425,51.552147],[-0.05143,51.552145],[-0.051497,51.552131],[-0.051509,51.552128],[-0.051518,51.552126],[-0.051534,51.552123],[-0.051577,51.552113],[-0.051689,51.552088],[-0.051762,51.552072],[-0.05178,51.552068],[-0.052133,51.55199],[-0.052191,51.551977],[-0.052223,51.55197],[-0.052262,51.552007],[-0.052274,51.552018],[-0.052283,51.552028],[-0.05233,51.552074],[-0.052333,51.552077],[-0.052379,51.552122],[-0.052426,51.552169],[-0.052438,51.552181],[-0.052459,51.552198],[-0.052463,51.552202],[-0.052524,51.552254],[-0.052532,51.552261],[-0.052538,51.552266],[-0.052582,51.55231],[-0.05264,51.552376],[-0.052702,51.55246],[-0.052727,51.5525],[-0.052729,51.552503],[-0.052743,51.552524],[-0.052747,51.552531],[-0.052761,51.552554],[-0.052798,51.552602],[-0.05284,51.552656],[-0.052843,51.552659],[-0.052851,51.55267],[-0.052861,51.552683],[-0.052877,51.552704],[-0.052882,51.552711],[-0.05289,51.552721],[-0.052936,51.552781],[-0.052938,51.552783],[-0.052942,51.552788],[-0.052949,51.552797],[-0.052954,51.552803],[-0.052959,51.552812],[-0.053004,51.552885],[-0.053052,51.552966],[-0.053109,51.55306],[-0.053144,51.553117],[-0.053164,51.55315],[-0.053302,51.553378],[-0.053308,51.553388],[-0.053361,51.553464],[-0.053403,51.553523],[-0.053415,51.553541],[-0.053417,51.553543],[-0.053432,51.553564],[-0.053434,51.553567],[-0.053511,51.553678],[-0.053545,51.553726],[-0.053562,51.55375],[-0.053592,51.553792],[-0.053595,51.553798],[-0.053598,51.553801],[-0.053602,51.553805],[-0.053614,51.55382],[-0.053616,51.553823],[-0.053698,51.553919],[-0.053702,51.553925],[-0.053721,51.553947],[-0.053821,51.554066],[-0.053874,51.554129],[-0.053966,51.554238],[-0.053969,51.554241],[-0.054012,51.554293],[-0.054032,51.554316],[-0.054055,51.554343],[-0.054098,51.554394],[-0.054133,51.554409],[-0.054142,51.554413],[-0.054158,51.554421],[-0.054166,51.554425],[-0.054219,51.554499],[-0.054228,51.554511],[-0.05423,51.554514],[-0.054254,51.554548],[-0.054296,51.554606],[-0.054352,51.554685],[-0.054355,51.554689],[-0.05436,51.554696],[-0.054117,51.554788],[-0.054089,51.554799],[-0.054054,51.554811],[-0.054012,51.554721],[-0.053855,51.554612],[-0.053811,51.554581],[-0.053776,51.554557],[-0.053761,51.55458],[-0.053754,51.554592],[-0.053752,51.554597],[-0.053742,51.554623],[-0.053739,51.554631],[-0.053739,51.554636],[-0.053733,51.554647],[-0.053687,51.554737],[-0.053684,51.554743],[-0.053557,51.554783],[-0.053544,51.554787],[-0.053416,51.554771],[-0.053385,51.554767],[-0.053346,51.55476],[-0.05333,51.554758],[-0.053332,51.554753],[-0.053344,51.554723],[-0.053345,51.554716],[-0.053359,51.554574],[-0.053383,51.554347],[-0.053361,51.554341],[-0.053347,51.554337],[-0.05301,51.554248],[-0.052873,51.554212],[-0.05285,51.554206],[-0.052772,51.554215],[-0.05266,51.554228],[-0.052464,51.554238],[-0.052341,51.554254],[-0.052317,51.554257],[-0.052282,51.554262],[-0.052257,51.554349],[-0.052057,51.554471],[-0.051951,51.554502],[-0.051914,51.554511],[-0.051534,51.554604],[-0.05146,51.554621],[-0.051379,51.55456],[-0.051372,51.554555],[-0.051412,51.554533],[-0.05121,51.554386],[-0.05117,51.554405],[-0.051146,51.554415],[-0.051138,51.554419],[-0.0511,51.554437],[-0.051076,51.554452],[-0.05104,51.554476],[-0.051024,51.554487],[-0.05097,51.55452],[-0.050964,51.554526],[-0.050956,51.554531],[-0.050918,51.554553],[-0.050891,51.55457],[-0.050862,51.554587],[-0.050829,51.55461],[-0.050808,51.554624],[-0.050797,51.554627],[-0.050749,51.554636],[-0.050699,51.554686],[-0.050519,51.554795],[-0.05051,51.554801],[-0.050506,51.554803],[-0.050358,51.554887],[-0.050344,51.554902],[-0.050329,51.55492],[-0.050241,51.554953],[-0.050231,51.554959],[-0.050153,51.555004],[-0.050099,51.555034],[-0.050116,51.555021],[-0.050133,51.555002],[-0.050136,51.554996],[-0.050146,51.554978],[-0.050036,51.554898],[-0.049984,51.554876],[-0.049927,51.55486],[-0.049919,51.554859],[-0.049859,51.554859],[-0.049811,51.554859],[-0.049703,51.554859],[-0.049677,51.55484],[-0.049643,51.554821],[-0.049629,51.554818],[-0.049612,51.554815],[-0.049597,51.554811],[-0.049515,51.554786],[-0.04946,51.554762],[-0.049442,51.554756],[-0.049422,51.554748],[-0.049383,51.554735],[-0.049375,51.554733],[-0.04935,51.554724],[-0.049281,51.554696],[-0.049265,51.554691],[-0.049236,51.554679],[-0.049209,51.554671],[-0.0492,51.554669],[-0.049119,51.554646],[-0.049096,51.55465],[-0.048978,51.554692],[-0.048793,51.554826],[-0.048828,51.554882],[-0.04881,51.554893],[-0.048766,51.554918],[-0.048626,51.554998],[-0.0486,51.555057],[-0.048605,51.555107],[-0.048661,51.555181],[-0.048694,51.555249],[-0.048703,51.555275],[-0.048706,51.555281],[-0.048699,51.555285],[-0.048694,51.555289],[-0.048666,51.555307],[-0.048651,51.555315],[-0.048615,51.555335],[-0.048596,51.555348],[-0.048591,51.555351],[-0.048529,51.555385],[-0.048514,51.555395],[-0.048511,51.555398],[-0.048473,51.555424],[-0.048423,51.555451],[-0.048416,51.555456],[-0.048384,51.555472],[-0.048372,51.55548],[-0.048327,51.555503],[-0.048314,51.555513],[-0.048269,51.555537],[-0.048238,51.555559],[-0.048215,51.555571],[-0.048188,51.55558],[-0.048152,51.555599],[-0.048126,51.555609],[-0.048087,51.555632],[-0.048079,51.555635],[-0.048051,51.555651],[-0.048005,51.555666],[-0.047937,51.55571],[-0.047896,51.555705],[-0.047695,51.55585],[-0.047673,51.555866],[-0.047655,51.555879],[-0.047571,51.555867],[-0.047551,51.555863],[-0.047491,51.555891],[-0.047511,51.555935],[-0.047489,51.555937],[-0.047389,51.555909],[-0.04743,51.555865]]]}},{"type":"Feature","properties":{"LSOA21CD":"E01001796","LSOA21NM":"Hackney 011E","MEAN_PTAL_":"3","mean_AI":14.5823472035,"borough":"Hackney"},"geometry":{"type":"Polygon","coordinates":[[[-0.046366,51.555732],[-0.046363,51.555723],[-0.046355,51.555725],[-0.045968,51.555846],[-0.045959,51.555849],[-0.045953,51.555849],[-0.045936,51.555834],[-0.045876,51.555718],[-0.045818,51.55573],[-0.045809,51.555722],[-0.045803,51.555717],[-0.045657,51.555747],[-0.045451,51.555789],[-0.045448,51.555727],[-0.045422,51.555682],[-0.04542,51.555678],[-0.045271,51.555416],[-0.045282,51.555404],[-0.045311,51.555375],[-0.045237,51.555235],[-0.04523,51.555221],[-0.045196,51.555157],[-0.04509,51.555177],[-0.045023,51.555046],[-0.045013,51.555026],[-0.045004,51.555009],[-0.044999,51.554998],[-0.044986,51.554973],[-0.044984,51.554968],[-0.044955,51.554911],[-0.044948,51.554899],[-0.044941,51.554884],[-0.044939,51.55488],[-0.044936,51.554875],[-0.044933,51.554868],[-0.044927,51.554857],[-0.044917,51.554836],[-0.044863,51.554729],[-0.044857,51.554716],[-0.044854,51.554711],[-0.044832,51.554665],[-0.044827,51.554656],[-0.044791,51.554583],[-0.044776,51.554554],[-0.044772,51.554547],[-0.044769,51.554539],[-0.044744,51.554491],[-0.044733,51.554467],[-0.04469,51.55438],[-0.044679,51.554356],[-0.044659,51.554315],[-0.044652,51.554301],[-0.04465,51.554297],[-0.044629,51.554253],[-0.04462,51.554236],[-0.044601,51.554195],[-0.044596,51.554185],[-0.044588,51.554168],[-0.044552,51.554091],[-0.044549,51.554085],[-0.044545,51.554077],[-0.044528,51.55404],[-0.044521,51.554024],[-0.044495,51.553971],[-0.044469,51.55392],[-0.044468,51.553917],[-0.044456,51.553895],[-0.044448,51.553878],[-0.044441,51.553865],[-0.044423,51.55383],[-0.044379,51.553742],[-0.044352,51.553689],[-0.044344,51.553673],[-0.044341,51.553668],[-0.044319,51.553625],[-0.044296,51.553579],[-0.044291,51.553567],[-0.044357,51.553554],[-0.044333,51.553508],[-0.0443,51.553446],[-0.044298,51.553441],[-0.044248,51.553346],[-0.044238,51.553328],[-0.044203,51.553333],[-0.044182,51.553336],[-0.04418,51.553331],[-0.044172,51.553316],[-0.044158,51.553288],[-0.044126,51.553225],[-0.044096,51.553165],[-0.044094,51.553161],[-0.044092,51.553155],[-0.044064,51.553101],[-0.04406,51.553093],[-0.044039,51.55305],[-0.044033,51.553039],[-0.044015,51.553001],[-0.044005,51.552979],[-0.043996,51.55296],[-0.043989,51.552947],[-0.04397,51.552907],[-0.043967,51.552901],[-0.043962,51.55289],[-0.043922,51.552807],[-0.0439,51.55276],[-0.044056,51.55273],[-0.044359,51.552671],[-0.044365,51.55267],[-0.04437,51.552669],[-0.044397,51.552665],[-0.044424,51.552661],[-0.044535,51.552644],[-0.04457,51.552639],[-0.044675,51.552624],[-0.04485,51.552598],[-0.044846,51.552588],[-0.044794,51.552453],[-0.044759,51.552366],[-0.044756,51.552357],[-0.044753,51.552349],[-0.044751,51.552344],[-0.044723,51.552274],[-0.044828,51.552262],[-0.044841,51.55226],[-0.044904,51.552253],[-0.044923,51.552251],[-0.04493,51.55225],[-0.044935,51.55225],[-0.044991,51.552243],[-0.045028,51.552239],[-0.045037,51.552238],[-0.045106,51.55223],[-0.045128,51.552227],[-0.045164,51.552223],[-0.045178,51.552221],[-0.045233,51.552214],[-0.045245,51.552212],[-0.045319,51.552203],[-0.045336,51.552201],[-0.045356,51.552198],[-0.045382,51.552195],[-0.045437,51.552188],[-0.045506,51.552179],[-0.04554,51.552175],[-0.045594,51.552168],[-0.0456,51.552167],[-0.045606,51.552167],[-0.045652,51.552161],[-0.045689,51.552176],[-0.045703,51.552216],[-0.045725,51.552278],[-0.045742,51.552326],[-0.045768,51.552402],[-0.045773,51.552415],[-0.045789,51.552461],[-0.04579,51.552465],[-0.045804,51.552463],[-0.046001,51.552439],[-0.046112,51.552425],[-0.046292,51.552403],[-0.046298,51.552402],[-0.046308,51.552401],[-0.046322,51.552399],[-0.046348,51.552397],[-0.046701,51.552358],[-0.046718,51.552356],[-0.046692,51.552239],[-0.046685,51.552207],[-0.046672,51.552147],[-0.046654,51.552068],[-0.046729,51.552061],[-0.046737,51.55206],[-0.046748,51.552059],[-0.046759,51.552058],[-0.046766,51.552057],[-0.0468,51.552054],[-0.04681,51.552053],[-0.046824,51.552051],[-0.046856,51.552048],[-0.046884,51.552046],[-0.046919,51.552042],[-0.047007,51.552034],[-0.047015,51.552033],[-0.047062,51.552028],[-0.047083,51.552026],[-0.047097,51.552025],[-0.047104,51.552024],[-0.04712,51.552023],[-0.047159,51.552019],[-0.047164,51.552019],[-0.047174,51.552018],[-0.047234,51.552012],[-0.047285,51.552007],[-0.047302,51.552005],[-0.047319,51.552003],[-0.047336,51.552002],[-0.047391,51.551997],[-0.047409,51.551995],[-0.04743,51.551993],[-0.047481,51.551988],[-0.047485,51.551987],[-0.047515,51.551984],[-0.047545,51.551982],[-0.04755,51.551981],[-0.047554,51.551981],[-0.047572,51.551979],[-0.0477,51.551967],[-0.04772,51.551965],[-0.04773,51.551964],[-0.047782,51.551959],[-0.047816,51.551955],[-0.047864,51.551951],[-0.047871,51.55195],[-0.047888,51.551948],[-0.047933,51.551944],[-0.047989,51.551938],[-0.048025,51.551934],[-0.048038,51.551933],[-0.048064,51.55193],[-0.0481,51.551927],[-0.048144,51.551922],[-0.048214,51.551915],[-0.04828,51.551908],[-0.048295,51.551907],[-0.048333,51.551903],[-0.048353,51.551901],[-0.048404,51.551896],[-0.04841,51.551895],[-0.048445,51.551892],[-0.048456,51.551891],[-0.048484,51.551888],[-0.0485,51.551886],[-0.048552,51.551881],[-0.04858,51.551878],[-0.048649,51.551871],[-0.048651,51.551878],[-0.048657,51.5519],[-0.048662,51.551921],[-0.048664,51.551926],[-0.048673,51.551961],[-0.048681,51.551993],[-0.048723,51.552153],[-0.048726,51.552166],[-0.048728,51.552172],[-0.048729,51.552177],[-0.048733,51.552194],[-0.048759,51.552297],[-0.048771,51.552347],[-0.048779,51.552378],[-0.048791,51.552425],[-0.048801,51.552466],[-0.048806,51.552485],[-0.048812,51.55251],[-0.048815,51.552524],[-0.048818,51.552534],[-0.048827,51.55257],[-0.048835,51.552605],[-0.048845,51.552642],[-0.048848,51.552656],[-0.048851,51.552667],[-0.048862,51.552713],[-0.048885,51.552763],[-0.048888,51.552768],[-0.048845,51.552772],[-0.048706,51.552785],[-0.048588,51.552797],[-0.048502,51.552805],[-0.048428,51.552812],[-0.04837,51.552818],[-0.048283,51.552826],[-0.048225,51.552832],[-0.048139,51.55284],[-0.048066,51.552847],[-0.048054,51.552848],[-0.048038,51.55285],[-0.047994,51.552854],[-0.047885,51.552865],[-0.04783,51.55287],[-0.047736,51.552879],[-0.047702,51.552883],[-0.04766,51.552887],[-0.047656,51.552887],[-0.047547,51.552898],[-0.047437,51.552908],[-0.047431,51.552909],[-0.047313,51.55292],[-0.047256,51.552926],[-0.047181,51.552933],[-0.047124,51.552939],[-0.047013,51.552949],[-0.047005,51.552978],[-0.046983,51.55305],[-0.046994,51.553099],[-0.047041,51.553154],[-0.047113,51.553194],[-0.047165,51.553216],[-0.047184,51.553215],[-0.047234,51.553217],[-0.047254,51.553215],[-0.047282,51.553214],[-0.047329,51.553213],[-0.047336,51.553214],[-0.047369,51.553216],[-0.047374,51.553216],[-0.047392,51.553211],[-0.047417,51.553208],[-0.047454,51.553202],[-0.047521,51.553198],[-0.047567,51.553193],[-0.047573,51.553192],[-0.047603,51.553191],[-0.047627,51.553188],[-0.047643,51.553187],[-0.047656,51.553186],[-0.047704,51.553188],[-0.047713,51.553187],[-0.047722,51.553187],[-0.047745,51.553187],[-0.047762,51.553185],[-0.047871,51.553166],[-0.047905,51.553163],[-0.047918,51.553161],[-0.047932,51.553159],[-0.047965,51.553155],[-0.047999,51.553151],[-0.048059,51.553149],[-0.04807,51.553147],[-0.048075,51.553147],[-0.048105,51.553144],[-0.048147,51.553137],[-0.048183,51.553133],[-0.04822,51.553133],[-0.048258,51.553133],[-0.048291,51.553129],[-0.04831,51.553125],[-0.048366,51.55312],[-0.048371,51.553119],[-0.048386,51.553118],[-0.048392,51.553117],[-0.048422,51.553111],[-0.048436,51.55311],[-0.048509,51.553103],[-0.048531,51.553103],[-0.048549,51.553102],[-0.048556,51.553101],[-0.048583,51.553098],[-0.048641,51.553093],[-0.048654,51.553091],[-0.048697,51.553087],[-0.048711,51.553085],[-0.048746,51.553081],[-0.04879,51.553077],[-0.048821,51.553076],[-0.048852,51.553072],[-0.04888,51.553071],[-0.048918,51.553069],[-0.048925,51.553069],[-0.048931,51.553072],[-0.048935,51.553074],[-0.049026,51.553131],[-0.049047,51.55315],[-0.049077,51.553198],[-0.049089,51.553245],[-0.049085,51.553355],[-0.049077,51.553361],[-0.049049,51.553383],[-0.049083,51.553461],[-0.049088,51.553496],[-0.049085,51.553506],[-0.049041,51.553563],[-0.048988,51.553608],[-0.048984,51.553611],[-0.048923,51.553645],[-0.04889,51.553658],[-0.048837,51.553687],[-0.048832,51.553689],[-0.048807,51.553698],[-0.048798,51.553702],[-0.048773,51.553715],[-0.048714,51.553737],[-0.048675,51.553755],[-0.048641,51.553772],[-0.048618,51.55378],[-0.048581,51.553798],[-0.04855,51.55381],[-0.048489,51.55381],[-0.048463,51.553812],[-0.048419,51.553812],[-0.04839,51.553816],[-0.048348,51.553819],[-0.048295,51.553823],[-0.048283,51.553823],[-0.048267,51.553825],[-0.048165,51.553834],[-0.048124,51.553834],[-0.048092,51.553833],[-0.048035,51.55383],[-0.047969,51.553844],[-0.047913,51.553852],[-0.047838,51.553858],[-0.047807,51.553859],[-0.047736,51.553855],[-0.04761,51.553837],[-0.047533,51.553822],[-0.04753,51.553825],[-0.047481,51.553874],[-0.047397,51.55394],[-0.04736,51.553969],[-0.047332,51.55404],[-0.047442,51.554198],[-0.047189,51.554197],[-0.047126,51.554202],[-0.047102,51.554204],[-0.047115,51.554222],[-0.047125,51.554226],[-0.047127,51.554238],[-0.047155,51.55437],[-0.047175,51.554466],[-0.047205,51.554462],[-0.047337,51.554444],[-0.047394,51.554443],[-0.047476,51.554453],[-0.04755,51.554473],[-0.047589,51.554489],[-0.04763,51.554505],[-0.047685,51.554535],[-0.047726,51.554558],[-0.047777,51.554592],[-0.047792,51.554605],[-0.047795,51.554607],[-0.047773,51.55464],[-0.047719,51.55472],[-0.047675,51.554785],[-0.047657,51.554811],[-0.047612,51.554878],[-0.047593,51.554905],[-0.047529,51.554999],[-0.047474,51.555079],[-0.047467,51.555089],[-0.047444,51.555123],[-0.047412,51.555169],[-0.047395,51.555194],[-0.047334,51.555284],[-0.047316,51.55531],[-0.04731,51.555319],[-0.047279,51.555364],[-0.047276,51.555368],[-0.047234,51.555401],[-0.04721,51.555425],[-0.047167,51.555468],[-0.047132,51.555503],[-0.047121,51.555514],[-0.047087,51.555548],[-0.047072,51.555562],[-0.047053,51.555587],[-0.047034,51.555612],[-0.047026,51.555619],[-0.047002,51.555643],[-0.047,51.555645],[-0.046972,51.555666],[-0.046969,51.555669],[-0.046956,51.555678],[-0.046948,51.555683],[-0.046906,51.555727],[-0.046901,51.55573],[-0.0469,51.555733],[-0.046685,51.555947],[-0.04644,51.555782],[-0.046366,51.555732]]]}},{"type":"Feature","properties":{"LSOA21CD":"E01001798","LSOA21NM":"Hackney 028A","MEAN_PTAL_":"3","mean_AI":14.1921435564,"borough":"Hackney"},"geometry":{"type":"Polygon","coordinates":[[[-0.056801,51.564221],[-0.05679,51.564143],[-0.056725,51.564145],[-0.056719,51.564146],[-0.05671,51.564146],[-0.056649,51.564148],[-0.056622,51.564149],[-0.056581,51.56415],[-0.056545,51.564151],[-0.056478,51.564153],[-0.056473,51.564153],[-0.056441,51.564154],[-0.056432,51.564155],[-0.056396,51.564156],[-0.056379,51.564156],[-0.056339,51.564157],[-0.056318,51.564158],[-0.056293,51.564159],[-0.056232,51.56416],[-0.05622,51.564161],[-0.05617,51.564162],[-0.056148,51.564163],[-0.056141,51.564163],[-0.056136,51.564163],[-0.056052,51.564166],[-0.056016,51.564167],[-0.056007,51.564167],[-0.056001,51.564167],[-0.055983,51.564168],[-0.055949,51.564169],[-0.055899,51.564171],[-0.055816,51.564174],[-0.055811,51.564174],[-0.055804,51.564174],[-0.055726,51.564177],[-0.055706,51.564178],[-0.05565,51.56418],[-0.055633,51.56418],[-0.055607,51.564181],[-0.055595,51.564182],[-0.055461,51.564186],[-0.055458,51.564158],[-0.055454,51.564123],[-0.055445,51.564032],[-0.055436,51.563938],[-0.055435,51.56393],[-0.055435,51.563925],[-0.055395,51.563926],[-0.055289,51.563931],[-0.055274,51.563931],[-0.055259,51.563932],[-0.055239,51.563933],[-0.05514,51.563937],[-0.055085,51.563939],[-0.055072,51.56394],[-0.055036,51.563942],[-0.055016,51.563942],[-0.054945,51.563942],[-0.054903,51.563942],[-0.054836,51.563943],[-0.054776,51.563943],[-0.054718,51.563944],[-0.054709,51.563944],[-0.054614,51.563945],[-0.054534,51.56394],[-0.054311,51.563928],[-0.054275,51.563926],[-0.054269,51.563926],[-0.054266,51.563928],[-0.054245,51.563927],[-0.054088,51.563925],[-0.053929,51.563922],[-0.053727,51.563928],[-0.053681,51.563927],[-0.05364,51.563926],[-0.053681,51.563781],[-0.053686,51.563761],[-0.053697,51.563724],[-0.053713,51.563668],[-0.053724,51.563628],[-0.053725,51.563622],[-0.053713,51.563618],[-0.053708,51.563616],[-0.053692,51.563629],[-0.053674,51.563642],[-0.053667,51.563646],[-0.053512,51.563613],[-0.053327,51.563575],[-0.053277,51.5636],[-0.053243,51.56347],[-0.053224,51.563399],[-0.05321,51.563348],[-0.053204,51.563322],[-0.053172,51.563202],[-0.052808,51.563196],[-0.052783,51.563196],[-0.052737,51.563195],[-0.052748,51.563186],[-0.052772,51.56317],[-0.052821,51.563145],[-0.052836,51.56314],[-0.053153,51.56313],[-0.053385,51.563124],[-0.053367,51.563096],[-0.053344,51.563061],[-0.053341,51.563057],[-0.053339,51.563054],[-0.053172,51.563011],[-0.053164,51.563007],[-0.052887,51.562874],[-0.052841,51.562861],[-0.052817,51.562855],[-0.052807,51.562852],[-0.052796,51.562847],[-0.052798,51.562843],[-0.052803,51.562824],[-0.052807,51.562813],[-0.052804,51.562711],[-0.052799,51.562703],[-0.052739,51.562611],[-0.05273,51.562598],[-0.052498,51.56264],[-0.052192,51.562697],[-0.05217,51.562704],[-0.052163,51.562706],[-0.052159,51.562685],[-0.052163,51.562684],[-0.052148,51.562638],[-0.052103,51.562426],[-0.052088,51.562372],[-0.052314,51.562368],[-0.052365,51.562359],[-0.052462,51.562329],[-0.052518,51.5623],[-0.052559,51.562271],[-0.052571,51.562259],[-0.052443,51.562209],[-0.052438,51.562205],[-0.05238,51.562157],[-0.052379,51.562155],[-0.052323,51.562013],[-0.052322,51.56201],[-0.052329,51.562006],[-0.052364,51.56199],[-0.052731,51.561924],[-0.052838,51.561904],[-0.052938,51.561886],[-0.05301,51.561873],[-0.053051,51.561865],[-0.053176,51.561843],[-0.053218,51.561835],[-0.053252,51.561829],[-0.053348,51.561812],[-0.053355,51.56181],[-0.05336,51.561809],[-0.053718,51.561745],[-0.053821,51.561726],[-0.053837,51.561723],[-0.054017,51.561688],[-0.05402,51.561686],[-0.05412,51.561667],[-0.054126,51.561667],[-0.054328,51.561628],[-0.054349,51.561624],[-0.054408,51.561612],[-0.054445,51.561606],[-0.054454,51.561603],[-0.054478,51.561599],[-0.054493,51.561598],[-0.054566,51.561585],[-0.05462,51.561575],[-0.054626,51.561573],[-0.054673,51.561565],[-0.054687,51.56156],[-0.054757,51.561547],[-0.055137,51.561478],[-0.055244,51.561459],[-0.05534,51.561442],[-0.055595,51.561396],[-0.055978,51.561323],[-0.05613,51.561294],[-0.056162,51.561288],[-0.056218,51.56128],[-0.056249,51.561279],[-0.05633,51.561266],[-0.056348,51.561264],[-0.056354,51.561264],[-0.056396,51.561256],[-0.056408,51.561252],[-0.056438,51.561248],[-0.05648,51.561241],[-0.056606,51.561218],[-0.056594,51.561216],[-0.056581,51.561076],[-0.056543,51.561018],[-0.056495,51.560982],[-0.056384,51.560933],[-0.056372,51.560929],[-0.056398,51.560875],[-0.0564,51.560872],[-0.056407,51.560816],[-0.0564,51.560794],[-0.056161,51.560712],[-0.05612,51.560683],[-0.056115,51.560679],[-0.056009,51.560689],[-0.056005,51.560681],[-0.055882,51.560418],[-0.055748,51.56044],[-0.055635,51.560459],[-0.055523,51.560477],[-0.055566,51.560452],[-0.055577,51.560443],[-0.05566,51.560373],[-0.055693,51.560338],[-0.055728,51.560288],[-0.055693,51.560077],[-0.055844,51.56001],[-0.056474,51.559729],[-0.056484,51.559749],[-0.056539,51.559883],[-0.056542,51.559889],[-0.056551,51.55991],[-0.056563,51.559941],[-0.056602,51.560082],[-0.05661,51.560111],[-0.056615,51.56012],[-0.056643,51.56018],[-0.056664,51.560225],[-0.05667,51.560243],[-0.056684,51.560287],[-0.056686,51.560293],[-0.056718,51.56039],[-0.056774,51.56056],[-0.056783,51.560585],[-0.056793,51.560608],[-0.056812,51.560652],[-0.056839,51.560715],[-0.056851,51.560744],[-0.056867,51.56078],[-0.056891,51.560838],[-0.05691,51.56088],[-0.056942,51.560955],[-0.056961,51.561],[-0.056987,51.561058],[-0.057029,51.561157],[-0.057081,51.561277],[-0.057098,51.561317],[-0.05713,51.561393],[-0.057133,51.561399],[-0.057138,51.56141],[-0.057142,51.561419],[-0.057158,51.561457],[-0.057182,51.561513],[-0.057316,51.561824],[-0.057346,51.561893],[-0.05735,51.561903],[-0.057368,51.561944],[-0.057412,51.562048],[-0.057417,51.562065],[-0.057419,51.562072],[-0.057421,51.562081],[-0.057442,51.562159],[-0.057447,51.562174],[-0.057452,51.562187],[-0.057465,51.562221],[-0.057469,51.562232],[-0.057473,51.562243],[-0.05748,51.562255],[-0.057496,51.562285],[-0.057509,51.56231],[-0.057555,51.562377],[-0.05759,51.562419],[-0.057624,51.562459],[-0.057628,51.562464],[-0.057638,51.562476],[-0.057673,51.562519],[-0.057689,51.562538],[-0.057873,51.562764],[-0.057878,51.562771],[-0.057929,51.562822],[-0.057958,51.562851],[-0.057974,51.562867],[-0.057979,51.562873],[-0.057999,51.562891],[-0.058004,51.562897],[-0.05802,51.562912],[-0.058057,51.562947],[-0.05807,51.56296],[-0.058129,51.563016],[-0.058195,51.563079],[-0.058256,51.563137],[-0.058274,51.563155],[-0.058285,51.563165],[-0.058325,51.563204],[-0.058358,51.563236],[-0.058408,51.563283],[-0.058416,51.563291],[-0.05843,51.563305],[-0.058438,51.563313],[-0.058462,51.563336],[-0.058475,51.563348],[-0.058501,51.563373],[-0.058547,51.563417],[-0.058591,51.563459],[-0.058601,51.563469],[-0.058606,51.563473],[-0.058611,51.563478],[-0.058681,51.563545],[-0.058732,51.563594],[-0.058727,51.563596],[-0.058628,51.563631],[-0.058579,51.563648],[-0.058405,51.56369],[-0.058401,51.56369],[-0.058252,51.563717],[-0.058253,51.563736],[-0.058262,51.563773],[-0.058265,51.563785],[-0.058282,51.563858],[-0.058293,51.563905],[-0.058314,51.56401],[-0.058302,51.564011],[-0.057911,51.564048],[-0.057898,51.564019],[-0.057871,51.564024],[-0.057624,51.564061],[-0.057482,51.564082],[-0.057477,51.564083],[-0.057472,51.564083],[-0.057477,51.564141],[-0.057444,51.564144],[-0.057394,51.564148],[-0.057311,51.56415],[-0.057135,51.564154],[-0.057063,51.564155],[-0.057048,51.564155],[-0.057038,51.564156],[-0.057041,51.564215],[-0.056936,51.564218],[-0.056925,51.564218],[-0.056856,51.56422],[-0.056816,51.564221],[-0.056801,51.564221]]]}},{"type":"Feature","properties":{"LSOA21CD":"E01001799","LSOA21NM":"Hackney 003A","MEAN_PTAL_":"3","mean_AI":10.4982467955,"borough":"Hackney"},"geometry":{"type":"Polygon","coordinates":[[[-0.07491,51.570409],[-0.074894,51.570409],[-0.074873,51.570409],[-0.074848,51.570409],[-0.074706,51.570411],[-0.074591,51.570412],[-0.074561,51.570412],[-0.074531,51.570413],[-0.074487,51.570413],[-0.074435,51.570413],[-0.074404,51.570413],[-0.074376,51.570413],[-0.074317,51.570413],[-0.074267,51.570413],[-0.074247,51.570413],[-0.074153,51.570414],[-0.074065,51.570414],[-0.074034,51.570414],[-0.074014,51.570414],[-0.073976,51.570415],[-0.073924,51.570416],[-0.073918,51.570416],[-0.073811,51.570418],[-0.073782,51.570419],[-0.073534,51.570424],[-0.073498,51.570279],[-0.073498,51.570277],[-0.073503,51.570221],[-0.073505,51.570216],[-0.073528,51.570158],[-0.073546,51.570134],[-0.073572,51.5701],[-0.073591,51.570081],[-0.073598,51.570078],[-0.073634,51.570064],[-0.073592,51.569946],[-0.07361,51.569946],[-0.073614,51.569944],[-0.073615,51.569948],[-0.073878,51.569944],[-0.073955,51.569942],[-0.074017,51.569941],[-0.074015,51.569967],[-0.074016,51.569987],[-0.074061,51.569986],[-0.07419,51.569985],[-0.074306,51.569983],[-0.074311,51.569969],[-0.074351,51.569967],[-0.074364,51.569669],[-0.074402,51.569663],[-0.074413,51.569661],[-0.074442,51.569654],[-0.074438,51.569646],[-0.074302,51.569329],[-0.074278,51.569273],[-0.074369,51.569228],[-0.074371,51.56922],[-0.07445,51.568885],[-0.074441,51.568876],[-0.074322,51.568764],[-0.074185,51.568739],[-0.074175,51.568555],[-0.074576,51.568556],[-0.074799,51.568557],[-0.074921,51.568557],[-0.074939,51.568557],[-0.074939,51.568544],[-0.07503,51.568544],[-0.075102,51.568543],[-0.075109,51.568543],[-0.075189,51.568543],[-0.075261,51.568543],[-0.075266,51.568543],[-0.075405,51.568542],[-0.075485,51.568542],[-0.075557,51.568542],[-0.07557,51.568542],[-0.075774,51.568541],[-0.075962,51.568541],[-0.075955,51.568549],[-0.07589,51.568628],[-0.075884,51.568635],[-0.075782,51.568758],[-0.075733,51.568815],[-0.075667,51.568891],[-0.075642,51.568919],[-0.075603,51.568983],[-0.075566,51.568991],[-0.075537,51.56898],[-0.075485,51.568961],[-0.075467,51.568957],[-0.075389,51.568935],[-0.07538,51.568933],[-0.075374,51.568932],[-0.075333,51.568924],[-0.075257,51.568916],[-0.075245,51.568915],[-0.075173,51.568913],[-0.075153,51.568912],[-0.075087,51.568916],[-0.075016,51.568926],[-0.075012,51.568989],[-0.075003,51.569207],[-0.075016,51.569227],[-0.075017,51.569288],[-0.075023,51.569287],[-0.075045,51.569274],[-0.075334,51.569279],[-0.075382,51.569269],[-0.075448,51.569254],[-0.075452,51.569256],[-0.075469,51.569265],[-0.075478,51.56927],[-0.075489,51.569275],[-0.075529,51.569291],[-0.075607,51.569316],[-0.075632,51.569321],[-0.075725,51.56934],[-0.075732,51.569341],[-0.075826,51.569348],[-0.075856,51.569346],[-0.075886,51.569345],[-0.075898,51.569343],[-0.075964,51.569333],[-0.075972,51.569331],[-0.076123,51.569282],[-0.076166,51.569262],[-0.076187,51.569252],[-0.076217,51.569235],[-0.076236,51.569224],[-0.07625,51.569215],[-0.076266,51.569217],[-0.076293,51.569222],[-0.076293,51.569234],[-0.076279,51.569234],[-0.076283,51.569239],[-0.076287,51.569249],[-0.076298,51.569276],[-0.076281,51.569276],[-0.076294,51.569278],[-0.076306,51.569278],[-0.07637,51.569277],[-0.076418,51.569276],[-0.076558,51.569274],[-0.076637,51.569272],[-0.076677,51.569271],[-0.076675,51.569237],[-0.076673,51.569195],[-0.076668,51.569101],[-0.076824,51.569103],[-0.076883,51.569025],[-0.076881,51.569022],[-0.076842,51.568951],[-0.076801,51.568875],[-0.076793,51.56886],[-0.076845,51.568795],[-0.076794,51.568796],[-0.076793,51.56877],[-0.076787,51.568642],[-0.076777,51.56844],[-0.076766,51.568222],[-0.076763,51.568174],[-0.076759,51.568079],[-0.076755,51.568013],[-0.076698,51.568013],[-0.076692,51.568008],[-0.076657,51.567976],[-0.076644,51.567966],[-0.076637,51.567961],[-0.07666,51.56796],[-0.076806,51.567958],[-0.076891,51.567957],[-0.076885,51.567952],[-0.076873,51.567942],[-0.076862,51.567933],[-0.07682,51.567897],[-0.076788,51.567871],[-0.076745,51.567835],[-0.076702,51.567799],[-0.076672,51.567773],[-0.076628,51.567737],[-0.076597,51.567711],[-0.076573,51.567691],[-0.076537,51.56766],[-0.076532,51.567656],[-0.076479,51.567615],[-0.076434,51.56758],[-0.07637,51.56753],[-0.07636,51.567523],[-0.076348,51.567514],[-0.076337,51.567506],[-0.076275,51.567461],[-0.076227,51.567426],[-0.076194,51.567402],[-0.076145,51.567367],[-0.076094,51.56733],[-0.076071,51.567314],[-0.076059,51.567305],[-0.075847,51.567158],[-0.075943,51.567104],[-0.075944,51.567101],[-0.07596,51.567062],[-0.075959,51.567056],[-0.075947,51.566957],[-0.075957,51.566928],[-0.076134,51.566974],[-0.076144,51.566975],[-0.076217,51.566981],[-0.076233,51.566983],[-0.076323,51.56698],[-0.076334,51.567043],[-0.076361,51.567067],[-0.076414,51.567114],[-0.076418,51.567117],[-0.076515,51.567199],[-0.076527,51.567211],[-0.076531,51.567215],[-0.076552,51.567236],[-0.07656,51.567239],[-0.076628,51.567264],[-0.076635,51.567266],[-0.076653,51.567271],[-0.076688,51.567278],[-0.076706,51.567288],[-0.07673,51.567302],[-0.076739,51.567302],[-0.076859,51.567298],[-0.077024,51.567328],[-0.077132,51.567378],[-0.07715,51.567387],[-0.077155,51.567389],[-0.077186,51.567399],[-0.077279,51.56745],[-0.077287,51.567452],[-0.077463,51.567528],[-0.077487,51.567535],[-0.077547,51.567556],[-0.077557,51.567561],[-0.077671,51.567652],[-0.0777,51.567756],[-0.077702,51.567763],[-0.077722,51.567777],[-0.077846,51.567945],[-0.077852,51.567953],[-0.077888,51.568026],[-0.077892,51.568034],[-0.0779,51.568122],[-0.077897,51.568167],[-0.077887,51.568339],[-0.077886,51.568343],[-0.077823,51.568496],[-0.077822,51.5685],[-0.077647,51.568487],[-0.077486,51.568479],[-0.07745,51.568493],[-0.077466,51.56851],[-0.077511,51.568561],[-0.077519,51.56857],[-0.077526,51.568579],[-0.077631,51.568705],[-0.077661,51.568749],[-0.077744,51.568871],[-0.077827,51.568993],[-0.077851,51.569029],[-0.077855,51.569035],[-0.077864,51.569032],[-0.07807,51.568978],[-0.07814,51.569036],[-0.078151,51.569046],[-0.078157,51.569051],[-0.078179,51.569191],[-0.078563,51.569424],[-0.078853,51.569604],[-0.078947,51.569662],[-0.078958,51.569669],[-0.079102,51.569634],[-0.079106,51.569633],[-0.079216,51.569664],[-0.079293,51.569641],[-0.079813,51.569491],[-0.07974,51.569396],[-0.079713,51.569362],[-0.079697,51.569347],[-0.079689,51.569339],[-0.079636,51.569271],[-0.079632,51.569265],[-0.079629,51.569261],[-0.079584,51.569201],[-0.079578,51.569193],[-0.079563,51.569174],[-0.079453,51.56901],[-0.079406,51.568939],[-0.079338,51.568838],[-0.079319,51.56881],[-0.079262,51.568722],[-0.079206,51.568636],[-0.079184,51.568604],[-0.079161,51.568567],[-0.079149,51.568514],[-0.079154,51.568513],[-0.079479,51.568432],[-0.079609,51.568403],[-0.079625,51.5684],[-0.07963,51.568421],[-0.079654,51.568506],[-0.079701,51.568582],[-0.079789,51.568645],[-0.079879,51.568687],[-0.079997,51.568723],[-0.080008,51.56872],[-0.080012,51.568719],[-0.08007,51.568697],[-0.080197,51.568659],[-0.080207,51.568654],[-0.080224,51.56865],[-0.080358,51.568622],[-0.080434,51.568593],[-0.08046,51.56858],[-0.080473,51.568574],[-0.080553,51.568562],[-0.080563,51.56856],[-0.08069,51.56853],[-0.080699,51.568519],[-0.080718,51.568502],[-0.080748,51.568444],[-0.08076,51.568421],[-0.080783,51.568326],[-0.080782,51.568319],[-0.080777,51.568268],[-0.080773,51.568263],[-0.080666,51.568128],[-0.080699,51.568093],[-0.081027,51.568002],[-0.081119,51.567984],[-0.081158,51.567977],[-0.081168,51.56801],[-0.081175,51.568033],[-0.081183,51.568058],[-0.081232,51.568167],[-0.081283,51.568283],[-0.081286,51.568288],[-0.081326,51.568379],[-0.081336,51.5684],[-0.081354,51.56844],[-0.081378,51.568494],[-0.081381,51.568501],[-0.081388,51.568516],[-0.081415,51.568576],[-0.081439,51.56863],[-0.081443,51.56864],[-0.081447,51.56865],[-0.081487,51.568738],[-0.081491,51.568752],[-0.081488,51.568766],[-0.081515,51.56881],[-0.081607,51.568964],[-0.08162,51.568992],[-0.081626,51.569],[-0.081774,51.56923],[-0.081806,51.56928],[-0.081853,51.569352],[-0.081967,51.569529],[-0.082008,51.569567],[-0.082018,51.569574],[-0.082018,51.569576],[-0.082015,51.569603],[-0.082069,51.569687],[-0.082186,51.569868],[-0.082168,51.569872],[-0.082128,51.569884],[-0.0818,51.569979],[-0.081575,51.570045],[-0.081538,51.570056],[-0.081529,51.570059],[-0.081515,51.570063],[-0.0815,51.570067],[-0.081352,51.570109],[-0.081347,51.57011],[-0.081302,51.570123],[-0.081295,51.570125],[-0.081091,51.570182],[-0.08095,51.570222],[-0.080898,51.570236],[-0.080594,51.57032],[-0.08058,51.570324],[-0.080569,51.570327],[-0.080478,51.570352],[-0.080409,51.570371],[-0.080403,51.570372],[-0.080315,51.570397],[-0.080229,51.570416],[-0.080083,51.570449],[-0.080039,51.570459],[-0.079991,51.57047],[-0.079896,51.570491],[-0.079714,51.570516],[-0.079709,51.570516],[-0.079575,51.570521],[-0.079556,51.570522],[-0.079542,51.570522],[-0.079519,51.570523],[-0.07949,51.570524],[-0.079379,51.570529],[-0.079372,51.570529],[-0.07936,51.570529],[-0.079276,51.570533],[-0.07926,51.570533],[-0.079228,51.570534],[-0.079209,51.570535],[-0.079186,51.570536],[-0.079096,51.57054],[-0.079087,51.57054],[-0.07904,51.570542],[-0.07888,51.570548],[-0.078593,51.570564],[-0.078483,51.570571],[-0.078468,51.570571],[-0.078401,51.570575],[-0.078396,51.570576],[-0.078356,51.570578],[-0.078062,51.570588],[-0.078057,51.570588],[-0.07793,51.570592],[-0.077858,51.570595],[-0.077738,51.570599],[-0.077716,51.5706],[-0.077643,51.570599],[-0.077585,51.570598],[-0.077467,51.570596],[-0.077448,51.570596],[-0.077418,51.570595],[-0.077351,51.570594],[-0.077335,51.570594],[-0.077327,51.570593],[-0.07726,51.570589],[-0.07724,51.570587],[-0.077158,51.570582],[-0.077131,51.57058],[-0.077111,51.570579],[-0.077083,51.570577],[-0.076941,51.570567],[-0.076923,51.570565],[-0.076901,51.570563],[-0.076894,51.570562],[-0.076871,51.57056],[-0.076795,51.570552],[-0.076778,51.57055],[-0.076705,51.570543],[-0.076698,51.570542],[-0.076655,51.570538],[-0.076608,51.570533],[-0.076556,51.570528],[-0.076532,51.570525],[-0.076518,51.570524],[-0.07645,51.570518],[-0.076444,51.570517],[-0.076347,51.570508],[-0.076339,51.570507],[-0.076326,51.570506],[-0.076274,51.570501],[-0.076258,51.570499],[-0.076193,51.570493],[-0.076173,51.570491],[-0.076167,51.570491],[-0.076085,51.570483],[-0.076073,51.570482],[-0.076007,51.570475],[-0.075961,51.570471],[-0.075942,51.570469],[-0.075884,51.570465],[-0.075855,51.570463],[-0.075665,51.570448],[-0.0756,51.570443],[-0.075583,51.570442],[-0.075435,51.570432],[-0.075355,51.570428],[-0.075232,51.57042],[-0.075217,51.570419],[-0.075155,51.570417],[-0.07511,51.570416],[-0.075024,51.570413],[-0.074972,51.570411],[-0.07491,51.570409]]]}},{"type":"Feature","properties":{"LSOA21CD":"E01001800","LSOA21NM":"Hackney 004C","MEAN_PTAL_":"4","mean_AI":17.9034234952,"borough":"Hackney"},"geometry":{"type":"Polygon","coordinates":[[[-0.072857,51.569992],[-0.072861,51.569892],[-0.072863,51.569841],[-0.072865,51.569772],[-0.072865,51.569766],[-0.072866,51.569751],[-0.072868,51.569677],[-0.072869,51.569665],[-0.07287,51.569635],[-0.072876,51.569469],[-0.072876,51.569463],[-0.072876,51.56946],[-0.072882,51.569295],[-0.072888,51.56911],[-0.0729,51.568779],[-0.072903,51.568696],[-0.072904,51.568653],[-0.072905,51.568641],[-0.072909,51.568521],[-0.072921,51.568171],[-0.072926,51.568021],[-0.072931,51.567876],[-0.072943,51.567548],[-0.07295,51.567344],[-0.07295,51.567332],[-0.072951,51.567325],[-0.072954,51.567238],[-0.072955,51.567202],[-0.07296,51.567077],[-0.072964,51.566969],[-0.072964,51.566963],[-0.072965,51.566936],[-0.072967,51.5669],[-0.072967,51.566888],[-0.07297,51.56681],[-0.072972,51.56674],[-0.072973,51.566719],[-0.072974,51.566666],[-0.072976,51.566634],[-0.072976,51.566631],[-0.072977,51.566575],[-0.072979,51.566541],[-0.072979,51.566516],[-0.07298,51.566481],[-0.072981,51.566469],[-0.072985,51.566341],[-0.072989,51.566312],[-0.072993,51.566282],[-0.073,51.566228],[-0.073001,51.566224],[-0.073022,51.566061],[-0.073029,51.566015],[-0.073031,51.565994],[-0.073043,51.565857],[-0.073053,51.565743],[-0.073061,51.565657],[-0.073067,51.565588],[-0.073076,51.565479],[-0.073081,51.56543],[-0.073081,51.565421],[-0.073083,51.565418],[-0.073099,51.565428],[-0.073704,51.565785],[-0.073725,51.565799],[-0.07377,51.565828],[-0.073863,51.565887],[-0.073899,51.565911],[-0.073916,51.565922],[-0.074297,51.566166],[-0.074834,51.56651],[-0.075062,51.566657],[-0.075068,51.56666],[-0.075354,51.566838],[-0.075556,51.566963],[-0.075705,51.567062],[-0.075792,51.567119],[-0.075823,51.567141],[-0.075847,51.567158],[-0.076059,51.567305],[-0.076071,51.567314],[-0.076094,51.56733],[-0.076145,51.567367],[-0.076194,51.567402],[-0.076227,51.567426],[-0.076275,51.567461],[-0.076337,51.567506],[-0.076348,51.567514],[-0.07636,51.567523],[-0.07637,51.56753],[-0.076434,51.56758],[-0.076479,51.567615],[-0.076532,51.567656],[-0.076537,51.56766],[-0.076573,51.567691],[-0.076597,51.567711],[-0.076628,51.567737],[-0.076672,51.567773],[-0.076702,51.567799],[-0.076745,51.567835],[-0.076788,51.567871],[-0.07682,51.567897],[-0.076862,51.567933],[-0.076873,51.567942],[-0.076885,51.567952],[-0.076891,51.567957],[-0.076806,51.567958],[-0.07666,51.56796],[-0.076637,51.567961],[-0.076644,51.567966],[-0.076657,51.567976],[-0.076692,51.568008],[-0.076698,51.568013],[-0.076755,51.568013],[-0.076759,51.568079],[-0.076763,51.568174],[-0.076766,51.568222],[-0.076777,51.56844],[-0.076787,51.568642],[-0.076793,51.56877],[-0.076794,51.568796],[-0.076845,51.568795],[-0.076793,51.56886],[-0.076801,51.568875],[-0.076842,51.568951],[-0.076881,51.569022],[-0.076883,51.569025],[-0.076824,51.569103],[-0.076668,51.569101],[-0.076673,51.569195],[-0.076675,51.569237],[-0.076677,51.569271],[-0.076637,51.569272],[-0.076558,51.569274],[-0.076418,51.569276],[-0.07637,51.569277],[-0.076306,51.569278],[-0.076294,51.569278],[-0.076281,51.569276],[-0.076298,51.569276],[-0.076287,51.569249],[-0.076283,51.569239],[-0.076279,51.569234],[-0.076293,51.569234],[-0.076293,51.569222],[-0.076266,51.569217],[-0.07625,51.569215],[-0.076236,51.569224],[-0.076217,51.569235],[-0.076187,51.569252],[-0.076166,51.569262],[-0.076123,51.569282],[-0.075972,51.569331],[-0.075964,51.569333],[-0.075898,51.569343],[-0.075886,51.569345],[-0.075856,51.569346],[-0.075826,51.569348],[-0.075732,51.569341],[-0.075725,51.56934],[-0.075632,51.569321],[-0.075607,51.569316],[-0.075529,51.569291],[-0.075489,51.569275],[-0.075478,51.56927],[-0.075469,51.569265],[-0.075452,51.569256],[-0.075448,51.569254],[-0.075382,51.569269],[-0.075334,51.569279],[-0.075045,51.569274],[-0.075023,51.569287],[-0.075017,51.569288],[-0.075016,51.569227],[-0.075003,51.569207],[-0.075012,51.568989],[-0.075016,51.568926],[-0.075087,51.568916],[-0.075153,51.568912],[-0.075173,51.568913],[-0.075245,51.568915],[-0.075257,51.568916],[-0.075333,51.568924],[-0.075374,51.568932],[-0.07538,51.568933],[-0.075389,51.568935],[-0.075467,51.568957],[-0.075485,51.568961],[-0.075537,51.56898],[-0.075566,51.568991],[-0.075603,51.568983],[-0.075642,51.568919],[-0.075667,51.568891],[-0.075733,51.568815],[-0.075782,51.568758],[-0.075884,51.568635],[-0.07589,51.568628],[-0.075955,51.568549],[-0.075962,51.568541],[-0.075774,51.568541],[-0.07557,51.568542],[-0.075557,51.568542],[-0.075485,51.568542],[-0.075405,51.568542],[-0.075266,51.568543],[-0.075261,51.568543],[-0.075189,51.568543],[-0.075109,51.568543],[-0.075102,51.568543],[-0.07503,51.568544],[-0.074939,51.568544],[-0.074939,51.568557],[-0.074921,51.568557],[-0.074799,51.568557],[-0.074576,51.568556],[-0.074175,51.568555],[-0.074185,51.568739],[-0.074322,51.568764],[-0.074441,51.568876],[-0.07445,51.568885],[-0.074371,51.56922],[-0.074369,51.569228],[-0.074278,51.569273],[-0.074302,51.569329],[-0.074438,51.569646],[-0.074442,51.569654],[-0.074413,51.569661],[-0.074402,51.569663],[-0.074364,51.569669],[-0.074351,51.569967],[-0.074311,51.569969],[-0.074306,51.569983],[-0.07419,51.569985],[-0.074061,51.569986],[-0.074016,51.569987],[-0.074015,51.569967],[-0.074017,51.569941],[-0.073955,51.569942],[-0.073878,51.569944],[-0.073615,51.569948],[-0.073614,51.569944],[-0.07361,51.569946],[-0.073592,51.569946],[-0.073634,51.570064],[-0.073598,51.570078],[-0.073591,51.570081],[-0.073572,51.5701],[-0.073546,51.570134],[-0.073528,51.570158],[-0.073505,51.570216],[-0.073503,51.570221],[-0.073498,51.570277],[-0.073498,51.570279],[-0.073534,51.570424],[-0.073488,51.570425],[-0.073327,51.570428],[-0.072858,51.570438],[-0.072844,51.570438],[-0.072847,51.570288],[-0.072847,51.570283],[-0.072848,51.570268],[-0.07285,51.570217],[-0.07285,51.570206],[-0.072851,51.570184],[-0.072852,51.570159],[-0.072854,51.570104],[-0.072854,51.570089],[-0.072855,51.570069],[-0.072856,51.570024],[-0.072857,51.569992]]]}},{"type":"Feature","properties":{"LSOA21CD":"E01001801","LSOA21NM":"Hackney 008B","MEAN_PTAL_":"2","mean_AI":6.51317969506,"borough":"Hackney"},"geometry":{"type":"Polygon","coordinates":[[[-0.08389,51.567668],[-0.083723,51.567407],[-0.083694,51.567362],[-0.083504,51.56741],[-0.083302,51.567461],[-0.083123,51.567506],[-0.083062,51.567522],[-0.082999,51.567538],[-0.082857,51.567574],[-0.082727,51.567607],[-0.082584,51.567643],[-0.082466,51.567673],[-0.082453,51.567676],[-0.082426,51.567683],[-0.082388,51.567692],[-0.082102,51.56776],[-0.082026,51.567761],[-0.081969,51.567585],[-0.081934,51.567478],[-0.081924,51.567448],[-0.081906,51.567392],[-0.081881,51.567314],[-0.081764,51.567299],[-0.081759,51.567281],[-0.082373,51.567113],[-0.082183,51.566801],[-0.082234,51.566775],[-0.082561,51.567162],[-0.082579,51.567161],[-0.082712,51.567147],[-0.082847,51.56712],[-0.082894,51.567111],[-0.082977,51.567084],[-0.083092,51.567035],[-0.083151,51.567004],[-0.083198,51.566979],[-0.083265,51.566936],[-0.083271,51.566936],[-0.083386,51.56695],[-0.083497,51.566957],[-0.083679,51.566952],[-0.083739,51.566946],[-0.083866,51.566921],[-0.083932,51.566902],[-0.084062,51.56685],[-0.084151,51.566786],[-0.084224,51.566734],[-0.084219,51.566708],[-0.084121,51.566517],[-0.084113,51.566515],[-0.083957,51.566472],[-0.083934,51.566444],[-0.083683,51.566121],[-0.083668,51.566124],[-0.083397,51.566195],[-0.08337,51.566202],[-0.083315,51.566216],[-0.08327,51.566227],[-0.08324,51.566235],[-0.083209,51.566243],[-0.083157,51.566256],[-0.083012,51.566292],[-0.082957,51.566305],[-0.082792,51.566347],[-0.08267,51.566377],[-0.082503,51.566419],[-0.082478,51.566425],[-0.082252,51.566484],[-0.082037,51.566541],[-0.082026,51.566544],[-0.082012,51.566548],[-0.081457,51.566694],[-0.081063,51.566797],[-0.081019,51.566808],[-0.081005,51.566804],[-0.080483,51.566617],[-0.080443,51.566603],[-0.080424,51.566596],[-0.080347,51.56642],[-0.080336,51.566394],[-0.080267,51.566377],[-0.079678,51.566232],[-0.079623,51.566219],[-0.079613,51.566216],[-0.079445,51.566175],[-0.07943,51.566177],[-0.079315,51.566175],[-0.078951,51.566191],[-0.078719,51.566201],[-0.078621,51.566205],[-0.078563,51.566208],[-0.078423,51.566204],[-0.078371,51.566203],[-0.078287,51.566201],[-0.078184,51.566198],[-0.078171,51.566197],[-0.078001,51.566193],[-0.077925,51.566191],[-0.07764,51.566184],[-0.077595,51.566185],[-0.076933,51.566199],[-0.076876,51.566189],[-0.076761,51.566169],[-0.07669,51.566141],[-0.076633,51.566122],[-0.076605,51.566104],[-0.076577,51.566094],[-0.07657,51.566087],[-0.076535,51.566049],[-0.076493,51.566012],[-0.076475,51.565987],[-0.076439,51.565939],[-0.076405,51.565877],[-0.076385,51.565839],[-0.076361,51.565784],[-0.076346,51.565749],[-0.076341,51.565733],[-0.076339,51.565726],[-0.07632,51.565667],[-0.076324,51.565588],[-0.076325,51.56556],[-0.076345,51.565434],[-0.076346,51.56542],[-0.07635,51.565376],[-0.076354,51.565337],[-0.076388,51.564984],[-0.076394,51.564919],[-0.076396,51.564904],[-0.076424,51.564778],[-0.076432,51.56474],[-0.076437,51.564716],[-0.076488,51.564485],[-0.076503,51.56442],[-0.076523,51.564286],[-0.076619,51.564287],[-0.076797,51.56429],[-0.07723,51.564279],[-0.077365,51.564303],[-0.077517,51.564329],[-0.077667,51.564341],[-0.077948,51.564363],[-0.078955,51.564425],[-0.079084,51.564445],[-0.079228,51.564465],[-0.079428,51.564513],[-0.079605,51.564585],[-0.080101,51.564418],[-0.080226,51.564375],[-0.080229,51.564335],[-0.080265,51.564321],[-0.080304,51.564357],[-0.080387,51.564438],[-0.080425,51.564476],[-0.080542,51.564624],[-0.080576,51.564667],[-0.080698,51.564849],[-0.080707,51.564866],[-0.080735,51.564918],[-0.080738,51.564924],[-0.080754,51.564954],[-0.080774,51.564993],[-0.080819,51.565089],[-0.080846,51.565148],[-0.080863,51.565185],[-0.080872,51.565192],[-0.080879,51.565207],[-0.080897,51.565248],[-0.080892,51.565249],[-0.08092,51.565328],[-0.080924,51.565343],[-0.080929,51.565366],[-0.08093,51.565372],[-0.080944,51.565436],[-0.080947,51.565446],[-0.080951,51.565461],[-0.080976,51.565546],[-0.080979,51.565555],[-0.080986,51.56558],[-0.080997,51.565618],[-0.081006,51.565616],[-0.081085,51.565595],[-0.08123,51.565556],[-0.081252,51.56555],[-0.081461,51.565495],[-0.081508,51.565482],[-0.081538,51.565475],[-0.081553,51.565471],[-0.081579,51.565463],[-0.081524,51.565432],[-0.081514,51.565426],[-0.081455,51.565393],[-0.081414,51.56537],[-0.081387,51.565349],[-0.081348,51.565285],[-0.081339,51.565249],[-0.081353,51.565206],[-0.081359,51.565189],[-0.081394,51.565131],[-0.081407,51.565119],[-0.081411,51.565115],[-0.081432,51.565096],[-0.081461,51.565061],[-0.081483,51.565018],[-0.081486,51.565012],[-0.081495,51.565002],[-0.081522,51.565006],[-0.081537,51.565007],[-0.081565,51.565018],[-0.081601,51.565029],[-0.081645,51.565043],[-0.081727,51.56506],[-0.081741,51.565062],[-0.08184,51.56508],[-0.081915,51.565077],[-0.081989,51.565063],[-0.082053,51.565027],[-0.08209,51.564999],[-0.082108,51.564973],[-0.082146,51.564916],[-0.082151,51.564907],[-0.082157,51.564903],[-0.082162,51.564898],[-0.082165,51.564896],[-0.08218,51.564909],[-0.082502,51.565188],[-0.082529,51.565212],[-0.082529,51.565221],[-0.082572,51.565209],[-0.082609,51.565199],[-0.082797,51.565147],[-0.082903,51.565118],[-0.082928,51.565112],[-0.083034,51.565083],[-0.083051,51.565078],[-0.083181,51.565043],[-0.083221,51.565032],[-0.083262,51.56502],[-0.083308,51.565008],[-0.083404,51.564982],[-0.083593,51.56493],[-0.083741,51.56489],[-0.084008,51.564828],[-0.084157,51.564794],[-0.084176,51.564789],[-0.084192,51.564822],[-0.084196,51.564826],[-0.084308,51.565049],[-0.084364,51.565162],[-0.08439,51.565155],[-0.084448,51.565138],[-0.084447,51.565133],[-0.08473,51.565041],[-0.084906,51.564985],[-0.084919,51.564999],[-0.084965,51.564985],[-0.085088,51.565171],[-0.085093,51.565177],[-0.08516,51.565246],[-0.085343,51.565198],[-0.085409,51.565182],[-0.085433,51.565181],[-0.085542,51.56518],[-0.085565,51.56518],[-0.085586,51.565182],[-0.085578,51.56525],[-0.085638,51.565378],[-0.0857,51.565509],[-0.085717,51.565546],[-0.08568,51.565556],[-0.085623,51.565571],[-0.085439,51.56562],[-0.085427,51.565623],[-0.085448,51.565655],[-0.085451,51.56566],[-0.085458,51.565671],[-0.085679,51.566004],[-0.085917,51.565953],[-0.085948,51.565955],[-0.086009,51.565954],[-0.086073,51.565949],[-0.086201,51.565929],[-0.086339,51.56586],[-0.086384,51.565845],[-0.086448,51.565835],[-0.086557,51.565831],[-0.086592,51.565818],[-0.086618,51.565804],[-0.086738,51.565772],[-0.086755,51.565766],[-0.086897,51.565731],[-0.086956,51.565728],[-0.087176,51.565737],[-0.08721,51.565738],[-0.087197,51.565819],[-0.087216,51.565969],[-0.08723,51.565997],[-0.087388,51.566141],[-0.087137,51.566246],[-0.087111,51.566303],[-0.087139,51.566692],[-0.087131,51.566696],[-0.08707,51.566732],[-0.087019,51.566761],[-0.086998,51.56677],[-0.086975,51.566779],[-0.086968,51.566783],[-0.086951,51.566792],[-0.086871,51.566846],[-0.086865,51.566851],[-0.086842,51.566871],[-0.086696,51.566974],[-0.086628,51.566982],[-0.086614,51.566984],[-0.08651,51.567005],[-0.086424,51.567027],[-0.08641,51.567031],[-0.086353,51.567034],[-0.085763,51.567216],[-0.085727,51.567228],[-0.085561,51.567174],[-0.085498,51.567191],[-0.085484,51.567194],[-0.085041,51.567271],[-0.084992,51.567293],[-0.084985,51.567298],[-0.084953,51.567322],[-0.084945,51.567328],[-0.084911,51.567365],[-0.0849,51.567377],[-0.084844,51.567496],[-0.084843,51.567499],[-0.084838,51.567505],[-0.084838,51.56753],[-0.084839,51.567555],[-0.084787,51.567654],[-0.084748,51.567649],[-0.084738,51.567647],[-0.084732,51.567648],[-0.084253,51.567751],[-0.08403,51.567802],[-0.084023,51.567803],[-0.083965,51.567746],[-0.083931,51.567712],[-0.083914,51.567706],[-0.083901,51.567702],[-0.08389,51.567668]]]}},{"type":"Feature","properties":{"LSOA21CD":"E01001802","LSOA21NM":"Hackney 003B","MEAN_PTAL_":"2","mean_AI":7.17396557727,"borough":"Hackney"},"geometry":{"type":"Polygon","coordinates":[[[-0.078947,51.569662],[-0.078853,51.569604],[-0.078563,51.569424],[-0.078179,51.569191],[-0.078157,51.569051],[-0.078151,51.569046],[-0.07814,51.569036],[-0.07807,51.568978],[-0.077864,51.569032],[-0.077855,51.569035],[-0.077851,51.569029],[-0.077827,51.568993],[-0.077744,51.568871],[-0.077661,51.568749],[-0.077631,51.568705],[-0.077526,51.568579],[-0.077519,51.56857],[-0.077511,51.568561],[-0.077466,51.56851],[-0.07745,51.568493],[-0.077486,51.568479],[-0.077647,51.568487],[-0.077822,51.5685],[-0.077823,51.568496],[-0.077886,51.568343],[-0.077887,51.568339],[-0.077897,51.568167],[-0.0779,51.568122],[-0.077892,51.568034],[-0.077888,51.568026],[-0.077852,51.567953],[-0.077846,51.567945],[-0.077722,51.567777],[-0.077702,51.567763],[-0.0777,51.567756],[-0.077671,51.567652],[-0.077557,51.567561],[-0.077547,51.567556],[-0.077487,51.567535],[-0.077463,51.567528],[-0.077287,51.567452],[-0.077279,51.56745],[-0.077186,51.567399],[-0.077155,51.567389],[-0.07715,51.567387],[-0.077132,51.567378],[-0.077024,51.567328],[-0.076859,51.567298],[-0.076739,51.567302],[-0.07673,51.567302],[-0.076706,51.567288],[-0.076688,51.567278],[-0.076804,51.566945],[-0.076874,51.566952],[-0.077072,51.567006],[-0.077144,51.567023],[-0.077241,51.567045],[-0.077274,51.567053],[-0.077286,51.567029],[-0.077314,51.566946],[-0.077438,51.566582],[-0.077484,51.566447],[-0.077595,51.566185],[-0.07764,51.566184],[-0.077925,51.566191],[-0.078001,51.566193],[-0.078171,51.566197],[-0.078184,51.566198],[-0.078287,51.566201],[-0.078371,51.566203],[-0.078423,51.566204],[-0.078563,51.566208],[-0.078621,51.566205],[-0.078719,51.566201],[-0.078951,51.566191],[-0.079315,51.566175],[-0.07943,51.566177],[-0.079445,51.566175],[-0.079613,51.566216],[-0.079623,51.566219],[-0.079678,51.566232],[-0.080267,51.566377],[-0.080336,51.566394],[-0.080347,51.56642],[-0.080424,51.566596],[-0.080443,51.566603],[-0.080483,51.566617],[-0.081005,51.566804],[-0.081019,51.566808],[-0.081063,51.566797],[-0.081457,51.566694],[-0.082012,51.566548],[-0.082026,51.566544],[-0.082037,51.566541],[-0.082252,51.566484],[-0.082478,51.566425],[-0.082503,51.566419],[-0.08267,51.566377],[-0.082792,51.566347],[-0.082957,51.566305],[-0.083012,51.566292],[-0.083157,51.566256],[-0.083209,51.566243],[-0.08324,51.566235],[-0.08327,51.566227],[-0.083315,51.566216],[-0.08337,51.566202],[-0.083397,51.566195],[-0.083668,51.566124],[-0.083683,51.566121],[-0.083934,51.566444],[-0.083957,51.566472],[-0.084113,51.566515],[-0.084121,51.566517],[-0.084219,51.566708],[-0.084224,51.566734],[-0.084151,51.566786],[-0.084062,51.56685],[-0.083932,51.566902],[-0.083866,51.566921],[-0.083739,51.566946],[-0.083679,51.566952],[-0.083497,51.566957],[-0.083386,51.56695],[-0.083271,51.566936],[-0.083265,51.566936],[-0.083198,51.566979],[-0.083151,51.567004],[-0.083092,51.567035],[-0.082977,51.567084],[-0.082894,51.567111],[-0.082847,51.56712],[-0.082712,51.567147],[-0.082579,51.567161],[-0.082561,51.567162],[-0.082234,51.566775],[-0.082183,51.566801],[-0.082373,51.567113],[-0.081759,51.567281],[-0.081764,51.567299],[-0.081881,51.567314],[-0.081906,51.567392],[-0.081924,51.567448],[-0.081934,51.567478],[-0.081969,51.567585],[-0.082026,51.567761],[-0.082102,51.56776],[-0.082388,51.567692],[-0.082426,51.567683],[-0.082453,51.567676],[-0.082466,51.567673],[-0.082584,51.567643],[-0.082727,51.567607],[-0.082857,51.567574],[-0.082999,51.567538],[-0.083062,51.567522],[-0.083123,51.567506],[-0.083302,51.567461],[-0.083504,51.56741],[-0.083694,51.567362],[-0.083723,51.567407],[-0.08389,51.567668],[-0.083901,51.567702],[-0.083681,51.567729],[-0.083673,51.56773],[-0.083625,51.567745],[-0.083614,51.567748],[-0.083471,51.567827],[-0.083415,51.567896],[-0.083303,51.568034],[-0.083298,51.56804],[-0.083293,51.568041],[-0.083287,51.568042],[-0.083267,51.568047],[-0.08323,51.568054],[-0.083187,51.568064],[-0.083153,51.568072],[-0.083135,51.568076],[-0.083116,51.56808],[-0.083042,51.568099],[-0.083032,51.568101],[-0.083009,51.568109],[-0.082982,51.568116],[-0.082975,51.568118],[-0.082945,51.568124],[-0.082929,51.568127],[-0.082901,51.568136],[-0.082884,51.568142],[-0.082819,51.568156],[-0.082758,51.568171],[-0.082735,51.568174],[-0.082716,51.568178],[-0.082626,51.568204],[-0.082618,51.568205],[-0.082552,51.568215],[-0.082513,51.568221],[-0.082443,51.568228],[-0.082438,51.568229],[-0.082372,51.568223],[-0.082365,51.568224],[-0.082155,51.568254],[-0.082057,51.568353],[-0.08203,51.568439],[-0.082017,51.568479],[-0.082018,51.568522],[-0.082017,51.568525],[-0.082052,51.568714],[-0.082111,51.568786],[-0.082132,51.568813],[-0.082155,51.568821],[-0.082152,51.568822],[-0.081869,51.568897],[-0.081653,51.568953],[-0.081641,51.568956],[-0.081607,51.568964],[-0.081515,51.56881],[-0.081488,51.568766],[-0.081491,51.568752],[-0.081487,51.568738],[-0.081447,51.56865],[-0.081443,51.56864],[-0.081439,51.56863],[-0.081415,51.568576],[-0.081388,51.568516],[-0.081381,51.568501],[-0.081378,51.568494],[-0.081354,51.56844],[-0.081336,51.5684],[-0.081326,51.568379],[-0.081286,51.568288],[-0.081283,51.568283],[-0.081232,51.568167],[-0.081183,51.568058],[-0.081175,51.568033],[-0.081168,51.56801],[-0.081158,51.567977],[-0.081119,51.567984],[-0.081027,51.568002],[-0.080699,51.568093],[-0.080666,51.568128],[-0.080773,51.568263],[-0.080777,51.568268],[-0.080782,51.568319],[-0.080783,51.568326],[-0.08076,51.568421],[-0.080748,51.568444],[-0.080718,51.568502],[-0.080699,51.568519],[-0.08069,51.56853],[-0.080563,51.56856],[-0.080553,51.568562],[-0.080473,51.568574],[-0.08046,51.56858],[-0.080434,51.568593],[-0.080358,51.568622],[-0.080224,51.56865],[-0.080207,51.568654],[-0.080197,51.568659],[-0.08007,51.568697],[-0.080012,51.568719],[-0.080008,51.56872],[-0.079997,51.568723],[-0.079879,51.568687],[-0.079789,51.568645],[-0.079701,51.568582],[-0.079654,51.568506],[-0.07963,51.568421],[-0.079625,51.5684],[-0.079609,51.568403],[-0.079479,51.568432],[-0.079154,51.568513],[-0.079149,51.568514],[-0.079161,51.568567],[-0.079184,51.568604],[-0.079206,51.568636],[-0.079262,51.568722],[-0.079319,51.56881],[-0.079338,51.568838],[-0.079406,51.568939],[-0.079453,51.56901],[-0.079563,51.569174],[-0.079578,51.569193],[-0.079584,51.569201],[-0.079629,51.569261],[-0.079632,51.569265],[-0.079636,51.569271],[-0.079689,51.569339],[-0.079697,51.569347],[-0.079713,51.569362],[-0.07974,51.569396],[-0.079813,51.569491],[-0.079293,51.569641],[-0.079216,51.569664],[-0.079106,51.569633],[-0.079102,51.569634],[-0.078958,51.569669],[-0.078947,51.569662]]]}},{"type":"Feature","properties":{"LSOA21CD":"E01001803","LSOA21NM":"Hackney 008C","MEAN_PTAL_":"2","mean_AI":7.51164972429,"borough":"Hackney"},"geometry":{"type":"Polygon","coordinates":[[[-0.088451,51.566096],[-0.088326,51.566082],[-0.088297,51.566082],[-0.088286,51.566083],[-0.08828,51.566083],[-0.08824,51.566014],[-0.088235,51.566007],[-0.088233,51.566005],[-0.088224,51.566004],[-0.088222,51.566002],[-0.08819,51.565952],[-0.088145,51.565883],[-0.088069,51.565765],[-0.088022,51.565692],[-0.088029,51.565693],[-0.088036,51.565688],[-0.088081,51.565658],[-0.088135,51.565613],[-0.088414,51.565388],[-0.088309,51.565364],[-0.087917,51.565357],[-0.087919,51.565354],[-0.088083,51.56507],[-0.088081,51.565007],[-0.08808,51.564998],[-0.087673,51.565099],[-0.087652,51.565104],[-0.087642,51.565106],[-0.087544,51.56513],[-0.087532,51.56514],[-0.087399,51.565172],[-0.087365,51.565186],[-0.087262,51.565212],[-0.087243,51.565217],[-0.087238,51.565218],[-0.087176,51.565234],[-0.086541,51.565395],[-0.085661,51.565619],[-0.085458,51.565671],[-0.085451,51.56566],[-0.085448,51.565655],[-0.085427,51.565623],[-0.085439,51.56562],[-0.085623,51.565571],[-0.08568,51.565556],[-0.085717,51.565546],[-0.0857,51.565509],[-0.085638,51.565378],[-0.085578,51.56525],[-0.085586,51.565182],[-0.085565,51.56518],[-0.085542,51.56518],[-0.085433,51.565181],[-0.085409,51.565182],[-0.085343,51.565198],[-0.08516,51.565246],[-0.085093,51.565177],[-0.085088,51.565171],[-0.084965,51.564985],[-0.084919,51.564999],[-0.084906,51.564985],[-0.08473,51.565041],[-0.084447,51.565133],[-0.084448,51.565138],[-0.08439,51.565155],[-0.084364,51.565162],[-0.084308,51.565049],[-0.084196,51.564826],[-0.084192,51.564822],[-0.084176,51.564789],[-0.084169,51.564775],[-0.084145,51.564767],[-0.084162,51.564762],[-0.084144,51.564733],[-0.084104,51.564673],[-0.084101,51.564662],[-0.084084,51.564631],[-0.084056,51.564581],[-0.08403,51.564535],[-0.083895,51.564356],[-0.083879,51.564333],[-0.08387,51.564336],[-0.083848,51.564304],[-0.083842,51.564297],[-0.083875,51.564288],[-0.084114,51.564228],[-0.084212,51.564203],[-0.084259,51.564163],[-0.084078,51.564074],[-0.084077,51.564071],[-0.084039,51.563962],[-0.084043,51.563956],[-0.084079,51.563894],[-0.084081,51.563872],[-0.084087,51.563762],[-0.084097,51.563759],[-0.084141,51.563745],[-0.084149,51.563746],[-0.084176,51.563748],[-0.084183,51.56375],[-0.08425,51.563756],[-0.084274,51.563759],[-0.084296,51.563764],[-0.084369,51.56378],[-0.084379,51.56378],[-0.084462,51.563783],[-0.084467,51.563783],[-0.084539,51.563797],[-0.084556,51.563796],[-0.084664,51.563789],[-0.084804,51.563723],[-0.084821,51.563697],[-0.084824,51.563686],[-0.084876,51.563491],[-0.084877,51.563485],[-0.08487,51.563477],[-0.084856,51.563469],[-0.084804,51.563442],[-0.084763,51.563417],[-0.084757,51.563386],[-0.084752,51.563362],[-0.084745,51.56334],[-0.084742,51.563331],[-0.084601,51.563157],[-0.084593,51.563153],[-0.084583,51.563148],[-0.084552,51.563132],[-0.084444,51.563085],[-0.084377,51.563066],[-0.084325,51.563082],[-0.084197,51.562995],[-0.08417,51.562977],[-0.08412,51.562943],[-0.084065,51.562906],[-0.08402,51.562876],[-0.083957,51.562834],[-0.083867,51.562773],[-0.083927,51.56274],[-0.084184,51.562596],[-0.084406,51.562471],[-0.084433,51.562491],[-0.08448,51.562525],[-0.084539,51.562568],[-0.084593,51.562607],[-0.084688,51.562676],[-0.084749,51.56272],[-0.084776,51.562739],[-0.084839,51.562785],[-0.084926,51.562848],[-0.084986,51.562891],[-0.085083,51.562961],[-0.085096,51.562971],[-0.085151,51.56301],[-0.085156,51.563014],[-0.085259,51.563089],[-0.085294,51.563114],[-0.085499,51.563263],[-0.085533,51.563287],[-0.085553,51.563301],[-0.085612,51.563344],[-0.085672,51.563388],[-0.085765,51.563455],[-0.085786,51.56347],[-0.085819,51.563494],[-0.085879,51.563537],[-0.0859,51.563551],[-0.086084,51.563682],[-0.086101,51.563669],[-0.086425,51.563421],[-0.086623,51.563269],[-0.086758,51.563054],[-0.086833,51.562947],[-0.086973,51.562773],[-0.0871,51.562621],[-0.087106,51.562615],[-0.087983,51.561802],[-0.087991,51.561785],[-0.08801,51.56174],[-0.088266,51.561708],[-0.089051,51.562918],[-0.089322,51.563499],[-0.089377,51.563784],[-0.089606,51.563721],[-0.089745,51.563683],[-0.08983,51.563653],[-0.089904,51.563628],[-0.089968,51.563605],[-0.090146,51.563537],[-0.090151,51.563543],[-0.090255,51.563507],[-0.090292,51.563491],[-0.090311,51.563485],[-0.090336,51.563478],[-0.090513,51.563407],[-0.090534,51.563399],[-0.090549,51.563393],[-0.090687,51.563338],[-0.090923,51.563244],[-0.091164,51.56313],[-0.091224,51.563101],[-0.091431,51.563003],[-0.091673,51.562888],[-0.091775,51.562863],[-0.09195,51.562838],[-0.091981,51.562835],[-0.092007,51.562921],[-0.092043,51.563037],[-0.092049,51.563052],[-0.0921,51.563181],[-0.092128,51.563252],[-0.092137,51.563276],[-0.092174,51.563368],[-0.092219,51.563464],[-0.09224,51.563509],[-0.092245,51.56352],[-0.092327,51.56369],[-0.092361,51.56376],[-0.092373,51.563786],[-0.092394,51.56383],[-0.092399,51.563839],[-0.092407,51.563857],[-0.092421,51.563885],[-0.092432,51.56391],[-0.092423,51.563913],[-0.09236,51.563929],[-0.09182,51.564063],[-0.09177,51.564076],[-0.091871,51.564239],[-0.091876,51.564247],[-0.091891,51.564271],[-0.091905,51.564294],[-0.091927,51.564329],[-0.091932,51.564338],[-0.091939,51.564454],[-0.091944,51.56455],[-0.091944,51.564559],[-0.091958,51.564825],[-0.091964,51.564907],[-0.091965,51.564917],[-0.091963,51.56501],[-0.091963,51.565013],[-0.09194,51.565085],[-0.091916,51.56516],[-0.091908,51.565173],[-0.091865,51.565246],[-0.091834,51.565293],[-0.091785,51.565333],[-0.09178,51.565338],[-0.091707,51.565409],[-0.091643,51.565451],[-0.091618,51.565464],[-0.091536,51.565508],[-0.091501,51.565529],[-0.091493,51.565534],[-0.091463,51.565553],[-0.091397,51.565592],[-0.09131,51.565634],[-0.091303,51.565637],[-0.091259,51.565658],[-0.091194,51.565689],[-0.091187,51.565693],[-0.091107,51.565738],[-0.091033,51.56578],[-0.090948,51.565827],[-0.090931,51.565837],[-0.090893,51.565859],[-0.090866,51.565874],[-0.090825,51.565898],[-0.090727,51.565955],[-0.090703,51.565968],[-0.090672,51.565986],[-0.09064,51.566003],[-0.090601,51.566023],[-0.090498,51.566076],[-0.090487,51.566083],[-0.090364,51.566147],[-0.090336,51.566162],[-0.090259,51.5662],[-0.090242,51.566209],[-0.090154,51.566257],[-0.0901,51.566287],[-0.090009,51.566335],[-0.089846,51.566423],[-0.089834,51.566429],[-0.089768,51.566465],[-0.089689,51.566507],[-0.089512,51.566599],[-0.089417,51.566649],[-0.089408,51.566655],[-0.089278,51.566734],[-0.089206,51.566778],[-0.089123,51.566726],[-0.088563,51.566373],[-0.088558,51.56637],[-0.08863,51.566327],[-0.088674,51.566301],[-0.08874,51.56627],[-0.088776,51.566245],[-0.088832,51.566172],[-0.088475,51.566101],[-0.088451,51.566096]]]}},{"type":"Feature","properties":{"LSOA21CD":"E01001804","LSOA21NM":"Hackney 003C","MEAN_PTAL_":"2","mean_AI":5.81689954406,"borough":"Hackney"},"geometry":{"type":"Polygon","coordinates":[[[-0.082052,51.568714],[-0.082017,51.568525],[-0.082018,51.568522],[-0.082017,51.568479],[-0.08203,51.568439],[-0.082057,51.568353],[-0.082155,51.568254],[-0.082365,51.568224],[-0.082372,51.568223],[-0.082438,51.568229],[-0.082443,51.568228],[-0.082513,51.568221],[-0.082552,51.568215],[-0.082618,51.568205],[-0.082626,51.568204],[-0.082716,51.568178],[-0.082735,51.568174],[-0.082758,51.568171],[-0.082819,51.568156],[-0.082884,51.568142],[-0.082901,51.568136],[-0.082929,51.568127],[-0.082945,51.568124],[-0.082975,51.568118],[-0.082982,51.568116],[-0.083009,51.568109],[-0.083032,51.568101],[-0.083042,51.568099],[-0.083116,51.56808],[-0.083135,51.568076],[-0.083153,51.568072],[-0.083187,51.568064],[-0.08323,51.568054],[-0.083267,51.568047],[-0.083287,51.568042],[-0.083293,51.568041],[-0.083298,51.56804],[-0.083303,51.568034],[-0.083415,51.567896],[-0.083471,51.567827],[-0.083614,51.567748],[-0.083625,51.567745],[-0.083673,51.56773],[-0.083681,51.567729],[-0.083901,51.567702],[-0.083914,51.567706],[-0.083931,51.567712],[-0.083965,51.567746],[-0.084023,51.567803],[-0.08403,51.567802],[-0.084253,51.567751],[-0.084732,51.567648],[-0.084738,51.567647],[-0.084748,51.567649],[-0.084787,51.567654],[-0.084839,51.567555],[-0.084838,51.56753],[-0.084838,51.567505],[-0.084843,51.567499],[-0.084844,51.567496],[-0.0849,51.567377],[-0.084911,51.567365],[-0.084945,51.567328],[-0.084953,51.567322],[-0.084985,51.567298],[-0.084992,51.567293],[-0.085041,51.567271],[-0.085484,51.567194],[-0.085498,51.567191],[-0.085561,51.567174],[-0.085727,51.567228],[-0.085763,51.567216],[-0.086353,51.567034],[-0.08641,51.567031],[-0.086424,51.567027],[-0.08651,51.567005],[-0.086614,51.566984],[-0.086628,51.566982],[-0.086696,51.566974],[-0.086842,51.566871],[-0.086865,51.566851],[-0.086871,51.566846],[-0.086951,51.566792],[-0.086968,51.566783],[-0.086975,51.566779],[-0.086998,51.56677],[-0.087019,51.566761],[-0.08707,51.566732],[-0.087131,51.566696],[-0.087139,51.566692],[-0.087111,51.566303],[-0.087137,51.566246],[-0.087388,51.566141],[-0.08723,51.565997],[-0.087216,51.565969],[-0.087197,51.565819],[-0.08721,51.565738],[-0.087176,51.565737],[-0.086956,51.565728],[-0.086897,51.565731],[-0.086755,51.565766],[-0.086738,51.565772],[-0.086618,51.565804],[-0.086592,51.565818],[-0.086557,51.565831],[-0.086448,51.565835],[-0.086384,51.565845],[-0.086339,51.56586],[-0.086201,51.565929],[-0.086073,51.565949],[-0.086009,51.565954],[-0.085948,51.565955],[-0.085917,51.565953],[-0.085679,51.566004],[-0.085458,51.565671],[-0.085661,51.565619],[-0.086541,51.565395],[-0.087176,51.565234],[-0.087238,51.565218],[-0.087243,51.565217],[-0.087262,51.565212],[-0.087365,51.565186],[-0.087399,51.565172],[-0.087532,51.56514],[-0.087544,51.56513],[-0.087642,51.565106],[-0.087652,51.565104],[-0.087673,51.565099],[-0.08808,51.564998],[-0.088081,51.565007],[-0.088083,51.56507],[-0.087919,51.565354],[-0.087917,51.565357],[-0.088309,51.565364],[-0.088414,51.565388],[-0.088135,51.565613],[-0.088081,51.565658],[-0.088036,51.565688],[-0.088029,51.565693],[-0.088022,51.565692],[-0.088069,51.565765],[-0.088145,51.565883],[-0.08819,51.565952],[-0.088222,51.566002],[-0.088224,51.566004],[-0.088233,51.566005],[-0.088235,51.566007],[-0.08824,51.566014],[-0.08828,51.566083],[-0.088286,51.566083],[-0.088297,51.566082],[-0.088326,51.566082],[-0.088451,51.566096],[-0.088475,51.566101],[-0.088832,51.566172],[-0.088776,51.566245],[-0.08874,51.56627],[-0.088674,51.566301],[-0.08863,51.566327],[-0.088558,51.56637],[-0.088563,51.566373],[-0.089123,51.566726],[-0.089206,51.566778],[-0.089169,51.566801],[-0.089164,51.566804],[-0.089077,51.566861],[-0.089006,51.566908],[-0.08894,51.566952],[-0.088912,51.56697],[-0.0889,51.56698],[-0.088815,51.567049],[-0.088785,51.567074],[-0.088693,51.567136],[-0.088653,51.567163],[-0.088648,51.567166],[-0.088494,51.56729],[-0.088462,51.567316],[-0.088402,51.567369],[-0.088341,51.567423],[-0.088309,51.567452],[-0.088305,51.567455],[-0.088262,51.567506],[-0.088203,51.567574],[-0.088174,51.567608],[-0.088165,51.567619],[-0.088131,51.567658],[-0.088093,51.567711],[-0.088036,51.567793],[-0.087994,51.567853],[-0.08798,51.567878],[-0.087941,51.567946],[-0.08793,51.567965],[-0.087928,51.567971],[-0.087908,51.568026],[-0.087901,51.568042],[-0.087884,51.568081],[-0.087878,51.568095],[-0.087872,51.568109],[-0.087865,51.568136],[-0.08786,51.568154],[-0.087849,51.568194],[-0.087833,51.568307],[-0.087823,51.56838],[-0.087819,51.568408],[-0.087789,51.568542],[-0.087785,51.568579],[-0.087775,51.568666],[-0.087779,51.568727],[-0.087787,51.568771],[-0.087805,51.568877],[-0.087801,51.568987],[-0.087801,51.568992],[-0.087781,51.569053],[-0.08772,51.569159],[-0.087678,51.569218],[-0.087596,51.569316],[-0.087584,51.569332],[-0.087583,51.569334],[-0.087541,51.569293],[-0.087518,51.569269],[-0.087506,51.569257],[-0.087325,51.569074],[-0.087321,51.569071],[-0.087312,51.569061],[-0.087302,51.569051],[-0.087258,51.569008],[-0.087208,51.568957],[-0.086989,51.568736],[-0.086976,51.568723],[-0.086968,51.568715],[-0.086836,51.568768],[-0.086531,51.568891],[-0.086423,51.568932],[-0.086417,51.568933],[-0.086358,51.568957],[-0.086271,51.56899],[-0.086179,51.569025],[-0.086079,51.569048],[-0.085991,51.569068],[-0.085932,51.569082],[-0.085907,51.569087],[-0.085892,51.569091],[-0.085848,51.5691],[-0.085802,51.56911],[-0.085711,51.569129],[-0.085658,51.56914],[-0.085645,51.569143],[-0.085621,51.569148],[-0.08556,51.56916],[-0.085525,51.569168],[-0.085457,51.569182],[-0.08537,51.5692],[-0.085307,51.569213],[-0.085274,51.56922],[-0.085182,51.569239],[-0.085075,51.569262],[-0.085006,51.569276],[-0.084982,51.569281],[-0.084915,51.569295],[-0.084888,51.5693],[-0.08486,51.569306],[-0.084829,51.569313],[-0.084794,51.56932],[-0.08475,51.569329],[-0.084704,51.569339],[-0.084611,51.569358],[-0.084561,51.569368],[-0.084518,51.569377],[-0.084471,51.569387],[-0.084441,51.569393],[-0.084406,51.569401],[-0.084377,51.569407],[-0.084308,51.569421],[-0.084269,51.569429],[-0.08426,51.569431],[-0.08424,51.569435],[-0.084172,51.569449],[-0.084123,51.56946],[-0.084106,51.569463],[-0.084065,51.569472],[-0.084018,51.569482],[-0.083866,51.569513],[-0.083769,51.569534],[-0.083703,51.569547],[-0.083665,51.569555],[-0.083632,51.569562],[-0.083616,51.569566],[-0.08358,51.569573],[-0.083567,51.569576],[-0.083541,51.569582],[-0.083489,51.569593],[-0.083454,51.5696],[-0.083329,51.569627],[-0.083297,51.569634],[-0.083229,51.569649],[-0.083208,51.569653],[-0.083129,51.56967],[-0.08306,51.569685],[-0.08303,51.569692],[-0.082998,51.569699],[-0.082942,51.569711],[-0.082896,51.569721],[-0.08286,51.569729],[-0.08274,51.569754],[-0.082711,51.569761],[-0.082697,51.569764],[-0.082635,51.569777],[-0.08261,51.569782],[-0.08258,51.569788],[-0.082483,51.569808],[-0.082425,51.56982],[-0.082332,51.569839],[-0.082264,51.569853],[-0.082241,51.569857],[-0.082186,51.569868],[-0.082069,51.569687],[-0.082015,51.569603],[-0.082018,51.569576],[-0.082018,51.569574],[-0.082008,51.569567],[-0.081967,51.569529],[-0.081853,51.569352],[-0.081806,51.56928],[-0.081774,51.56923],[-0.081626,51.569],[-0.08162,51.568992],[-0.081607,51.568964],[-0.081641,51.568956],[-0.081653,51.568953],[-0.081869,51.568897],[-0.082152,51.568822],[-0.082155,51.568821],[-0.082132,51.568813],[-0.082111,51.568786],[-0.082052,51.568714]]]}},{"type":"Feature","properties":{"LSOA21CD":"E01001805","LSOA21NM":"Hackney 009B","MEAN_PTAL_":"4","mean_AI":18.0614845057,"borough":"Hackney"},"geometry":{"type":"Polygon","coordinates":[[[-0.076334,51.567043],[-0.076323,51.56698],[-0.076233,51.566983],[-0.076217,51.566981],[-0.076144,51.566975],[-0.076134,51.566974],[-0.075957,51.566928],[-0.075947,51.566957],[-0.075959,51.567056],[-0.07596,51.567062],[-0.075944,51.567101],[-0.075943,51.567104],[-0.075847,51.567158],[-0.075823,51.567141],[-0.075792,51.567119],[-0.075705,51.567062],[-0.075556,51.566963],[-0.075354,51.566838],[-0.075068,51.56666],[-0.075062,51.566657],[-0.074834,51.56651],[-0.074297,51.566166],[-0.073916,51.565922],[-0.073899,51.565911],[-0.073863,51.565887],[-0.07377,51.565828],[-0.073725,51.565799],[-0.073704,51.565785],[-0.073099,51.565428],[-0.073083,51.565418],[-0.073082,51.565388],[-0.073082,51.565375],[-0.073082,51.565311],[-0.073082,51.565294],[-0.073083,51.565207],[-0.073083,51.565171],[-0.073084,51.565071],[-0.073085,51.564874],[-0.073085,51.564841],[-0.073085,51.564814],[-0.073085,51.564778],[-0.073086,51.564741],[-0.073086,51.564723],[-0.073086,51.564601],[-0.073086,51.564598],[-0.073087,51.56454],[-0.073087,51.564496],[-0.073087,51.564487],[-0.073087,51.564468],[-0.073087,51.564456],[-0.073088,51.564365],[-0.073088,51.564315],[-0.073088,51.564297],[-0.073088,51.564271],[-0.073088,51.564243],[-0.073089,51.564189],[-0.073089,51.564168],[-0.073089,51.564146],[-0.07309,51.564036],[-0.07309,51.563982],[-0.07309,51.563952],[-0.07309,51.563949],[-0.07309,51.563938],[-0.07309,51.563933],[-0.073091,51.56384],[-0.073092,51.56364],[-0.07311,51.563558],[-0.073116,51.563541],[-0.073147,51.563466],[-0.073151,51.563456],[-0.073161,51.563429],[-0.073183,51.563381],[-0.073227,51.563388],[-0.073371,51.563411],[-0.073431,51.56342],[-0.073444,51.563383],[-0.073844,51.563474],[-0.074067,51.563545],[-0.074236,51.563599],[-0.074311,51.563624],[-0.074375,51.563621],[-0.074423,51.563393],[-0.074428,51.563368],[-0.074443,51.563294],[-0.074452,51.563253],[-0.074513,51.56296],[-0.074549,51.562786],[-0.074553,51.562738],[-0.074555,51.56271],[-0.074569,51.562711],[-0.074886,51.562738],[-0.075098,51.562756],[-0.075245,51.562768],[-0.075249,51.562768],[-0.075336,51.562776],[-0.075452,51.562786],[-0.075633,51.562801],[-0.075653,51.562802],[-0.075662,51.562803],[-0.07567,51.562804],[-0.076006,51.562832],[-0.076044,51.562834],[-0.076246,51.562844],[-0.076608,51.562857],[-0.076717,51.562859],[-0.076898,51.562802],[-0.076946,51.562786],[-0.077002,51.562769],[-0.077094,51.562739],[-0.077122,51.562731],[-0.077128,51.5627],[-0.077129,51.562695],[-0.07713,51.56269],[-0.077137,51.56265],[-0.077145,51.562605],[-0.077146,51.562601],[-0.077153,51.562561],[-0.077163,51.562503],[-0.077168,51.562475],[-0.077207,51.562241],[-0.077212,51.562217],[-0.077384,51.562225],[-0.07755,51.562233],[-0.077585,51.562235],[-0.077627,51.562237],[-0.077642,51.562238],[-0.077753,51.562238],[-0.077818,51.562239],[-0.077858,51.562239],[-0.077933,51.562239],[-0.077981,51.56224],[-0.078067,51.562235],[-0.078093,51.562234],[-0.078128,51.562232],[-0.078133,51.562232],[-0.078156,51.562231],[-0.078251,51.562226],[-0.078262,51.562225],[-0.078289,51.562224],[-0.078381,51.562216],[-0.078425,51.562213],[-0.078471,51.562209],[-0.078493,51.562208],[-0.078548,51.562203],[-0.078554,51.562203],[-0.078567,51.562202],[-0.078579,51.562201],[-0.078642,51.562195],[-0.07869,51.562192],[-0.078774,51.562185],[-0.078795,51.562183],[-0.078824,51.56218],[-0.07886,51.562177],[-0.078954,51.56217],[-0.079002,51.562165],[-0.079021,51.562164],[-0.079123,51.562154],[-0.079192,51.562148],[-0.079265,51.562141],[-0.07927,51.562141],[-0.079273,51.562148],[-0.079297,51.562146],[-0.0795,51.562466],[-0.079511,51.562466],[-0.079531,51.562479],[-0.079521,51.562499],[-0.079491,51.562552],[-0.079453,51.562621],[-0.079405,51.56271],[-0.079407,51.562773],[-0.079462,51.562817],[-0.079463,51.56284],[-0.079482,51.562866],[-0.079495,51.562884],[-0.079518,51.562895],[-0.079546,51.562929],[-0.079546,51.562952],[-0.079579,51.562995],[-0.079591,51.563002],[-0.079597,51.563008],[-0.079617,51.563068],[-0.079675,51.563104],[-0.079683,51.563126],[-0.079705,51.56315],[-0.079715,51.563161],[-0.079719,51.56317],[-0.079727,51.563179],[-0.079748,51.563223],[-0.079762,51.563234],[-0.079786,51.563278],[-0.079799,51.563288],[-0.07985,51.563341],[-0.079862,51.563347],[-0.079912,51.563391],[-0.07992,51.563407],[-0.079927,51.563414],[-0.079941,51.563457],[-0.079986,51.563502],[-0.079996,51.563524],[-0.080024,51.563553],[-0.080094,51.563595],[-0.080103,51.563606],[-0.080128,51.563622],[-0.080146,51.563659],[-0.080192,51.563712],[-0.080267,51.563756],[-0.080269,51.563765],[-0.080296,51.563805],[-0.080359,51.563866],[-0.080404,51.563891],[-0.080432,51.563928],[-0.080459,51.563949],[-0.080467,51.563962],[-0.080504,51.564],[-0.080508,51.564007],[-0.080549,51.564048],[-0.080553,51.564057],[-0.080582,51.564098],[-0.0806,51.564114],[-0.080652,51.564149],[-0.08066,51.564154],[-0.08067,51.564164],[-0.08063,51.564179],[-0.080265,51.564321],[-0.080229,51.564335],[-0.080226,51.564375],[-0.080101,51.564418],[-0.079605,51.564585],[-0.079428,51.564513],[-0.079228,51.564465],[-0.079084,51.564445],[-0.078955,51.564425],[-0.077948,51.564363],[-0.077667,51.564341],[-0.077517,51.564329],[-0.077365,51.564303],[-0.07723,51.564279],[-0.076797,51.56429],[-0.076619,51.564287],[-0.076523,51.564286],[-0.076503,51.56442],[-0.076488,51.564485],[-0.076437,51.564716],[-0.076432,51.56474],[-0.076424,51.564778],[-0.076396,51.564904],[-0.076394,51.564919],[-0.076388,51.564984],[-0.076354,51.565337],[-0.07635,51.565376],[-0.076346,51.56542],[-0.076345,51.565434],[-0.076325,51.56556],[-0.076324,51.565588],[-0.07632,51.565667],[-0.076339,51.565726],[-0.076341,51.565733],[-0.076346,51.565749],[-0.076361,51.565784],[-0.076385,51.565839],[-0.076405,51.565877],[-0.076439,51.565939],[-0.076475,51.565987],[-0.076493,51.566012],[-0.076535,51.566049],[-0.07657,51.566087],[-0.076577,51.566094],[-0.076605,51.566104],[-0.076633,51.566122],[-0.07669,51.566141],[-0.076761,51.566169],[-0.076876,51.566189],[-0.076933,51.566199],[-0.077595,51.566185],[-0.077484,51.566447],[-0.077438,51.566582],[-0.077314,51.566946],[-0.077286,51.567029],[-0.077274,51.567053],[-0.077241,51.567045],[-0.077144,51.567023],[-0.077072,51.567006],[-0.076874,51.566952],[-0.076804,51.566945],[-0.076688,51.567278],[-0.076653,51.567271],[-0.076635,51.567266],[-0.076628,51.567264],[-0.07656,51.567239],[-0.076552,51.567236],[-0.076531,51.567215],[-0.076527,51.567211],[-0.076515,51.567199],[-0.076418,51.567117],[-0.076414,51.567114],[-0.076361,51.567067],[-0.076334,51.567043]]]}},{"type":"Feature","properties":{"LSOA21CD":"E01001806","LSOA21NM":"Hackney 008D","MEAN_PTAL_":"2","mean_AI":8.84742947669,"borough":"Hackney"},"geometry":{"type":"Polygon","coordinates":[[[-0.080774,51.564993],[-0.080754,51.564954],[-0.080738,51.564924],[-0.080735,51.564918],[-0.080707,51.564866],[-0.080698,51.564849],[-0.080576,51.564667],[-0.080542,51.564624],[-0.080425,51.564476],[-0.080387,51.564438],[-0.080304,51.564357],[-0.080265,51.564321],[-0.08063,51.564179],[-0.08067,51.564164],[-0.08066,51.564154],[-0.080652,51.564149],[-0.0806,51.564114],[-0.080582,51.564098],[-0.080553,51.564057],[-0.080549,51.564048],[-0.080508,51.564007],[-0.080504,51.564],[-0.080467,51.563962],[-0.080459,51.563949],[-0.080432,51.563928],[-0.080404,51.563891],[-0.080359,51.563866],[-0.080296,51.563805],[-0.080269,51.563765],[-0.080267,51.563756],[-0.080192,51.563712],[-0.080146,51.563659],[-0.080128,51.563622],[-0.080103,51.563606],[-0.080094,51.563595],[-0.080024,51.563553],[-0.079996,51.563524],[-0.079986,51.563502],[-0.079941,51.563457],[-0.079927,51.563414],[-0.07992,51.563407],[-0.079912,51.563391],[-0.079862,51.563347],[-0.07985,51.563341],[-0.079799,51.563288],[-0.079786,51.563278],[-0.079762,51.563234],[-0.079748,51.563223],[-0.079727,51.563179],[-0.079719,51.56317],[-0.079715,51.563161],[-0.079705,51.56315],[-0.079683,51.563126],[-0.079675,51.563104],[-0.079617,51.563068],[-0.079597,51.563008],[-0.079591,51.563002],[-0.079579,51.562995],[-0.079546,51.562952],[-0.079546,51.562929],[-0.079518,51.562895],[-0.079495,51.562884],[-0.079482,51.562866],[-0.079463,51.56284],[-0.079462,51.562817],[-0.079407,51.562773],[-0.079405,51.56271],[-0.079453,51.562621],[-0.079491,51.562552],[-0.079521,51.562499],[-0.079531,51.562479],[-0.079511,51.562466],[-0.0795,51.562466],[-0.079297,51.562146],[-0.079273,51.562148],[-0.07927,51.562141],[-0.079347,51.562134],[-0.079416,51.562128],[-0.079585,51.562126],[-0.079589,51.562126],[-0.079598,51.562126],[-0.079622,51.562125],[-0.079686,51.562124],[-0.079699,51.562124],[-0.079737,51.562124],[-0.079848,51.562122],[-0.079895,51.562122],[-0.079971,51.562121],[-0.079988,51.562121],[-0.080006,51.562121],[-0.080023,51.56212],[-0.080046,51.56212],[-0.08008,51.56212],[-0.080103,51.562119],[-0.080136,51.562119],[-0.080164,51.562119],[-0.080189,51.562118],[-0.080235,51.562118],[-0.080324,51.562117],[-0.080345,51.562109],[-0.080352,51.562106],[-0.080356,51.562104],[-0.080433,51.562074],[-0.080522,51.562039],[-0.080526,51.562038],[-0.080533,51.562035],[-0.080554,51.562027],[-0.080601,51.562009],[-0.08063,51.561997],[-0.080656,51.561987],[-0.080671,51.561981],[-0.080865,51.561906],[-0.080869,51.561904],[-0.08088,51.5619],[-0.080895,51.561894],[-0.081013,51.561848],[-0.081021,51.561845],[-0.081153,51.561793],[-0.081181,51.561782],[-0.081323,51.561727],[-0.081335,51.561722],[-0.081365,51.56171],[-0.08145,51.561677],[-0.081644,51.561602],[-0.081651,51.561599],[-0.081763,51.561555],[-0.08182,51.561533],[-0.081974,51.561473],[-0.082001,51.561463],[-0.082015,51.561459],[-0.082021,51.561456],[-0.082188,51.561397],[-0.082207,51.561391],[-0.082383,51.561329],[-0.082678,51.561255],[-0.082689,51.561253],[-0.082728,51.561245],[-0.082793,51.561235],[-0.082848,51.561228],[-0.082886,51.561224],[-0.08295,51.561217],[-0.082974,51.561215],[-0.083017,51.561211],[-0.083034,51.561209],[-0.083052,51.561208],[-0.083061,51.561207],[-0.083189,51.561199],[-0.08326,51.561195],[-0.083375,51.561194],[-0.083381,51.561194],[-0.083483,51.561194],[-0.083602,51.561194],[-0.083641,51.561193],[-0.083745,51.561189],[-0.083829,51.561186],[-0.083993,51.561181],[-0.084018,51.56118],[-0.084065,51.561179],[-0.084462,51.561166],[-0.084571,51.561146],[-0.08464,51.561126],[-0.084651,51.561123],[-0.08469,51.561109],[-0.084727,51.561097],[-0.084747,51.561087],[-0.084755,51.561083],[-0.084789,51.561066],[-0.084856,51.561028],[-0.084864,51.561023],[-0.084877,51.561016],[-0.08493,51.560979],[-0.085037,51.56089],[-0.085148,51.560798],[-0.08516,51.560788],[-0.085175,51.560776],[-0.085326,51.56067],[-0.085344,51.560657],[-0.085353,51.560651],[-0.085366,51.560642],[-0.085379,51.560633],[-0.085411,51.560611],[-0.085418,51.560606],[-0.08548,51.560562],[-0.085489,51.560556],[-0.085579,51.560493],[-0.085602,51.560477],[-0.08561,51.560471],[-0.085622,51.560463],[-0.085661,51.560436],[-0.085741,51.560379],[-0.085764,51.560364],[-0.085945,51.56026],[-0.086089,51.560178],[-0.086145,51.560146],[-0.086161,51.560136],[-0.086313,51.560033],[-0.086336,51.560013],[-0.086344,51.560007],[-0.08673,51.559676],[-0.086743,51.559664],[-0.086862,51.559562],[-0.086996,51.559447],[-0.087018,51.559431],[-0.087066,51.559396],[-0.087069,51.559394],[-0.087173,51.559319],[-0.087195,51.559303],[-0.087236,51.559278],[-0.08727,51.559257],[-0.087293,51.559243],[-0.087346,51.559218],[-0.087431,51.559179],[-0.087474,51.559159],[-0.087498,51.559148],[-0.087568,51.559115],[-0.087741,51.559035],[-0.087745,51.559033],[-0.087753,51.559029],[-0.087968,51.558917],[-0.088098,51.558849],[-0.088193,51.558799],[-0.088271,51.558759],[-0.08834,51.558713],[-0.088736,51.558448],[-0.088793,51.558411],[-0.0888,51.558405],[-0.088956,51.558301],[-0.089006,51.558278],[-0.089063,51.558252],[-0.089198,51.55819],[-0.08935,51.558119],[-0.08943,51.558082],[-0.089578,51.558014],[-0.089645,51.557983],[-0.089676,51.557968],[-0.089757,51.557935],[-0.089861,51.557893],[-0.089867,51.55789],[-0.089875,51.557887],[-0.089912,51.557872],[-0.090112,51.557789],[-0.090119,51.557786],[-0.090139,51.557778],[-0.090205,51.557751],[-0.090395,51.557673],[-0.090398,51.55769],[-0.090407,51.557765],[-0.090404,51.557821],[-0.090413,51.557854],[-0.090451,51.557905],[-0.090456,51.557919],[-0.090539,51.558136],[-0.090607,51.558315],[-0.090689,51.558464],[-0.090691,51.558466],[-0.090864,51.558779],[-0.090888,51.558827],[-0.090912,51.558874],[-0.091056,51.55916],[-0.09113,51.559277],[-0.091478,51.559829],[-0.091533,51.559916],[-0.09158,51.559964],[-0.091583,51.559967],[-0.091593,51.559978],[-0.091597,51.559985],[-0.091619,51.560021],[-0.091622,51.560026],[-0.091633,51.560094],[-0.091635,51.560108],[-0.091678,51.560224],[-0.09168,51.560231],[-0.091706,51.560294],[-0.091728,51.560347],[-0.09174,51.560377],[-0.091744,51.560417],[-0.091748,51.560479],[-0.091766,51.560699],[-0.091769,51.560748],[-0.091789,51.560993],[-0.091728,51.561929],[-0.091785,51.562146],[-0.091874,51.562489],[-0.091913,51.562615],[-0.09192,51.562639],[-0.091946,51.562723],[-0.091948,51.56273],[-0.091981,51.562835],[-0.09195,51.562838],[-0.091775,51.562863],[-0.091673,51.562888],[-0.091431,51.563003],[-0.091224,51.563101],[-0.091164,51.56313],[-0.090923,51.563244],[-0.090687,51.563338],[-0.090549,51.563393],[-0.090534,51.563399],[-0.090513,51.563407],[-0.090336,51.563478],[-0.090311,51.563485],[-0.090292,51.563491],[-0.090255,51.563507],[-0.090151,51.563543],[-0.090146,51.563537],[-0.089968,51.563605],[-0.089904,51.563628],[-0.08983,51.563653],[-0.089745,51.563683],[-0.089606,51.563721],[-0.089377,51.563784],[-0.089322,51.563499],[-0.089051,51.562918],[-0.088266,51.561708],[-0.08801,51.56174],[-0.087991,51.561785],[-0.087983,51.561802],[-0.087106,51.562615],[-0.0871,51.562621],[-0.086973,51.562773],[-0.086833,51.562947],[-0.086758,51.563054],[-0.086623,51.563269],[-0.086425,51.563421],[-0.086101,51.563669],[-0.086084,51.563682],[-0.0859,51.563551],[-0.085879,51.563537],[-0.085819,51.563494],[-0.085786,51.56347],[-0.085765,51.563455],[-0.085672,51.563388],[-0.085612,51.563344],[-0.085553,51.563301],[-0.085533,51.563287],[-0.085499,51.563263],[-0.085294,51.563114],[-0.085259,51.563089],[-0.085156,51.563014],[-0.085151,51.56301],[-0.085096,51.562971],[-0.085083,51.562961],[-0.084986,51.562891],[-0.084926,51.562848],[-0.084839,51.562785],[-0.084776,51.562739],[-0.084749,51.56272],[-0.084688,51.562676],[-0.084593,51.562607],[-0.084539,51.562568],[-0.08448,51.562525],[-0.084433,51.562491],[-0.084406,51.562471],[-0.084184,51.562596],[-0.083927,51.56274],[-0.083867,51.562773],[-0.083957,51.562834],[-0.08402,51.562876],[-0.084065,51.562906],[-0.08412,51.562943],[-0.08417,51.562977],[-0.084197,51.562995],[-0.084325,51.563082],[-0.084377,51.563066],[-0.084444,51.563085],[-0.084552,51.563132],[-0.084583,51.563148],[-0.084593,51.563153],[-0.084601,51.563157],[-0.084742,51.563331],[-0.084745,51.56334],[-0.084752,51.563362],[-0.084757,51.563386],[-0.084763,51.563417],[-0.084804,51.563442],[-0.084856,51.563469],[-0.08487,51.563477],[-0.084877,51.563485],[-0.084876,51.563491],[-0.084824,51.563686],[-0.084821,51.563697],[-0.084804,51.563723],[-0.084664,51.563789],[-0.084556,51.563796],[-0.084539,51.563797],[-0.084467,51.563783],[-0.084462,51.563783],[-0.084379,51.56378],[-0.084369,51.56378],[-0.084296,51.563764],[-0.084274,51.563759],[-0.08425,51.563756],[-0.084183,51.56375],[-0.084176,51.563748],[-0.084149,51.563746],[-0.084141,51.563745],[-0.084097,51.563759],[-0.084087,51.563762],[-0.084081,51.563872],[-0.084079,51.563894],[-0.084043,51.563956],[-0.084039,51.563962],[-0.084077,51.564071],[-0.084078,51.564074],[-0.084259,51.564163],[-0.084212,51.564203],[-0.084114,51.564228],[-0.083875,51.564288],[-0.083842,51.564297],[-0.083848,51.564304],[-0.08387,51.564336],[-0.083879,51.564333],[-0.083895,51.564356],[-0.08403,51.564535],[-0.084056,51.564581],[-0.084084,51.564631],[-0.084101,51.564662],[-0.084104,51.564673],[-0.084144,51.564733],[-0.084162,51.564762],[-0.084145,51.564767],[-0.084169,51.564775],[-0.084176,51.564789],[-0.084157,51.564794],[-0.084008,51.564828],[-0.083741,51.56489],[-0.083593,51.56493],[-0.083404,51.564982],[-0.083308,51.565008],[-0.083262,51.56502],[-0.083221,51.565032],[-0.083181,51.565043],[-0.083051,51.565078],[-0.083034,51.565083],[-0.082928,51.565112],[-0.082903,51.565118],[-0.082797,51.565147],[-0.082609,51.565199],[-0.082572,51.565209],[-0.082529,51.565221],[-0.082529,51.565212],[-0.082502,51.565188],[-0.08218,51.564909],[-0.082165,51.564896],[-0.082162,51.564898],[-0.082157,51.564903],[-0.082151,51.564907],[-0.082146,51.564916],[-0.082108,51.564973],[-0.08209,51.564999],[-0.082053,51.565027],[-0.081989,51.565063],[-0.081915,51.565077],[-0.08184,51.56508],[-0.081741,51.565062],[-0.081727,51.56506],[-0.081645,51.565043],[-0.081601,51.565029],[-0.081565,51.565018],[-0.081537,51.565007],[-0.081522,51.565006],[-0.081495,51.565002],[-0.081486,51.565012],[-0.081483,51.565018],[-0.081461,51.565061],[-0.081432,51.565096],[-0.081411,51.565115],[-0.081407,51.565119],[-0.081394,51.565131],[-0.081359,51.565189],[-0.081353,51.565206],[-0.081339,51.565249],[-0.081348,51.565285],[-0.081387,51.565349],[-0.081414,51.56537],[-0.081455,51.565393],[-0.081514,51.565426],[-0.081524,51.565432],[-0.081579,51.565463],[-0.081553,51.565471],[-0.081538,51.565475],[-0.081508,51.565482],[-0.081461,51.565495],[-0.081252,51.56555],[-0.08123,51.565556],[-0.081085,51.565595],[-0.081006,51.565616],[-0.080997,51.565618],[-0.080986,51.56558],[-0.080979,51.565555],[-0.080976,51.565546],[-0.080951,51.565461],[-0.080947,51.565446],[-0.080944,51.565436],[-0.08093,51.565372],[-0.080929,51.565366],[-0.080924,51.565343],[-0.08092,51.565328],[-0.080892,51.565249],[-0.080897,51.565248],[-0.080879,51.565207],[-0.080872,51.565192],[-0.080863,51.565185],[-0.080846,51.565148],[-0.080819,51.565089],[-0.080774,51.564993]]]}},{"type":"Feature","properties":{"LSOA21CD":"E01001807","LSOA21NM":"Hackney 003D","MEAN_PTAL_":"3","mean_AI":12.0660286163,"borough":"Hackney"},"geometry":{"type":"Polygon","coordinates":[[[-0.077575,51.575186],[-0.077608,51.574606],[-0.077853,51.574581],[-0.077979,51.574578],[-0.078021,51.574552],[-0.077708,51.574496],[-0.077638,51.574483],[-0.077207,51.574405],[-0.077093,51.574385],[-0.076883,51.574349],[-0.076784,51.574331],[-0.07665,51.574308],[-0.076528,51.574287],[-0.076496,51.574281],[-0.076405,51.574266],[-0.076392,51.574257],[-0.076392,51.574254],[-0.076514,51.574088],[-0.076707,51.573839],[-0.076733,51.573844],[-0.077049,51.573903],[-0.077048,51.573919],[-0.077121,51.573942],[-0.077128,51.573945],[-0.07727,51.573776],[-0.07762,51.57388],[-0.077748,51.573723],[-0.077771,51.573695],[-0.077781,51.573681],[-0.077787,51.573672],[-0.077921,51.573484],[-0.077958,51.573432],[-0.077986,51.573392],[-0.078277,51.572984],[-0.078356,51.572841],[-0.078405,51.572707],[-0.078467,51.572558],[-0.078487,51.572511],[-0.078504,51.572472],[-0.078531,51.572409],[-0.078542,51.572383],[-0.078665,51.572397],[-0.079065,51.572442],[-0.079071,51.572443],[-0.079105,51.572366],[-0.079111,51.572352],[-0.079119,51.572332],[-0.07913,51.572303],[-0.07915,51.572253],[-0.07916,51.572228],[-0.07918,51.572178],[-0.079182,51.572172],[-0.079194,51.572143],[-0.079228,51.572055],[-0.07925,51.572],[-0.079264,51.571943],[-0.07927,51.571916],[-0.07929,51.571831],[-0.079296,51.571807],[-0.079297,51.571802],[-0.079299,51.571793],[-0.079316,51.571724],[-0.079329,51.571666],[-0.079331,51.571658],[-0.079338,51.571636],[-0.079981,51.5717],[-0.079943,51.571778],[-0.079914,51.571841],[-0.0799,51.571868],[-0.079895,51.571879],[-0.079857,51.571959],[-0.079845,51.571986],[-0.079807,51.572065],[-0.079788,51.572105],[-0.079781,51.57212],[-0.079755,51.572174],[-0.079742,51.572201],[-0.0797,51.572289],[-0.079674,51.572344],[-0.07964,51.572415],[-0.079632,51.572433],[-0.079631,51.572436],[-0.079573,51.572557],[-0.079549,51.572608],[-0.079519,51.572671],[-0.079487,51.572737],[-0.079474,51.572764],[-0.079455,51.572805],[-0.079446,51.572836],[-0.079445,51.572863],[-0.079444,51.572877],[-0.079416,51.572897],[-0.079406,51.572907],[-0.079391,51.572938],[-0.07936,51.573004],[-0.079347,51.573031],[-0.079316,51.573098],[-0.079311,51.573108],[-0.079266,51.573201],[-0.079264,51.573207],[-0.079286,51.573207],[-0.079675,51.57322],[-0.079797,51.573224],[-0.079837,51.573225],[-0.07997,51.57323],[-0.080056,51.573232],[-0.080136,51.573235],[-0.080215,51.573238],[-0.080255,51.573239],[-0.080388,51.573243],[-0.080474,51.573246],[-0.080561,51.573249],[-0.080649,51.573252],[-0.080663,51.573252],[-0.080878,51.573259],[-0.08089,51.573259],[-0.080986,51.573263],[-0.081122,51.573267],[-0.081254,51.57327],[-0.081386,51.573274],[-0.081464,51.573277],[-0.081483,51.573279],[-0.081321,51.573106],[-0.081304,51.573087],[-0.081219,51.57299],[-0.081203,51.572972],[-0.081193,51.572961],[-0.081143,51.572904],[-0.081141,51.572898],[-0.081137,51.572885],[-0.081106,51.572831],[-0.08172,51.572652],[-0.081692,51.572607],[-0.081652,51.57257],[-0.08164,51.572556],[-0.081637,51.572551],[-0.08162,51.572525],[-0.081583,51.572489],[-0.081552,51.572451],[-0.081545,51.572439],[-0.081508,51.572402],[-0.081464,51.572347],[-0.081459,51.572344],[-0.08142,51.572304],[-0.081384,51.572257],[-0.081374,51.572248],[-0.081328,51.572198],[-0.081314,51.572178],[-0.0813,51.572165],[-0.081262,51.57212],[-0.081211,51.572038],[-0.081201,51.572015],[-0.08193,51.571886],[-0.081944,51.571884],[-0.081949,51.571883],[-0.082235,51.572221],[-0.082255,51.572245],[-0.082398,51.572415],[-0.082441,51.572467],[-0.082595,51.572637],[-0.08273,51.572787],[-0.082947,51.573036],[-0.082992,51.573088],[-0.083156,51.573315],[-0.083165,51.573332],[-0.083209,51.573415],[-0.083213,51.573422],[-0.083329,51.57366],[-0.083335,51.573677],[-0.083338,51.573606],[-0.083465,51.573422],[-0.083451,51.573416],[-0.083392,51.57339],[-0.083253,51.573289],[-0.083122,51.573122],[-0.083117,51.573111],[-0.08309,51.573055],[-0.083087,51.57304],[-0.083093,51.573004],[-0.083098,51.572964],[-0.083108,51.572896],[-0.083133,51.572886],[-0.083467,51.572754],[-0.083718,51.572656],[-0.08376,51.572718],[-0.083859,51.572861],[-0.083914,51.573217],[-0.083894,51.573404],[-0.083893,51.57341],[-0.083872,51.573603],[-0.083911,51.573597],[-0.083916,51.57366],[-0.083929,51.573717],[-0.083955,51.573827],[-0.083969,51.573886],[-0.083996,51.573941],[-0.084015,51.573978],[-0.084071,51.574092],[-0.084108,51.574137],[-0.084132,51.574167],[-0.083721,51.574302],[-0.083539,51.57424],[-0.083552,51.574278],[-0.08358,51.574396],[-0.083637,51.574564],[-0.083657,51.574681],[-0.083647,51.574684],[-0.08365,51.5747],[-0.083578,51.574705],[-0.083468,51.574712],[-0.083306,51.574723],[-0.083226,51.574728],[-0.083176,51.574731],[-0.083134,51.574734],[-0.083027,51.574741],[-0.083002,51.574742],[-0.082966,51.574745],[-0.082835,51.574753],[-0.082651,51.574765],[-0.08256,51.574771],[-0.082549,51.574772],[-0.082406,51.574785],[-0.082333,51.574791],[-0.082164,51.574806],[-0.082072,51.57482],[-0.082037,51.574813],[-0.081656,51.574831],[-0.081558,51.574846],[-0.081527,51.57486],[-0.081255,51.57498],[-0.081088,51.574986],[-0.080926,51.575017],[-0.080737,51.575065],[-0.080215,51.575276],[-0.08013,51.575573],[-0.080065,51.575567],[-0.080031,51.575564],[-0.079962,51.575558],[-0.079889,51.575551],[-0.079813,51.575545],[-0.079589,51.575525],[-0.079157,51.575486],[-0.079048,51.575474],[-0.078801,51.575445],[-0.078737,51.575437],[-0.078577,51.575416],[-0.078444,51.575398],[-0.078397,51.575391],[-0.078343,51.575383],[-0.078335,51.575382],[-0.078264,51.575372],[-0.078126,51.575352],[-0.078021,51.575336],[-0.078023,51.575334],[-0.078055,51.575277],[-0.078005,51.575268],[-0.077891,51.575246],[-0.077807,51.57523],[-0.077784,51.575225],[-0.07775,51.575219],[-0.077691,51.575208],[-0.077575,51.575186]]]}},{"type":"Feature","properties":{"LSOA21CD":"E01001808","LSOA21NM":"Hackney 001A","MEAN_PTAL_":"4","mean_AI":19.3691865628,"borough":"Hackney"},"geometry":{"type":"Polygon","coordinates":[[[-0.073293,51.574245],[-0.073154,51.574063],[-0.073141,51.574046],[-0.073049,51.573923],[-0.072838,51.57364],[-0.072824,51.573621],[-0.072817,51.573612],[-0.07282,51.573607],[-0.072824,51.573601],[-0.072823,51.573598],[-0.072804,51.573525],[-0.0727,51.573485],[-0.07253,51.57342],[-0.072514,51.573464],[-0.072507,51.573485],[-0.072497,51.573518],[-0.072464,51.573607],[-0.072372,51.57375],[-0.07237,51.573788],[-0.072365,51.573912],[-0.072364,51.57393],[-0.072361,51.57396],[-0.072341,51.574139],[-0.072341,51.574145],[-0.072335,51.574146],[-0.072311,51.574144],[-0.071806,51.574136],[-0.07149,51.574131],[-0.071475,51.574131],[-0.071439,51.574129],[-0.071338,51.574126],[-0.071107,51.574117],[-0.071043,51.574115],[-0.071014,51.574114],[-0.071014,51.574105],[-0.07101,51.573941],[-0.071009,51.573889],[-0.071024,51.573881],[-0.071062,51.57388],[-0.07107,51.57388],[-0.071335,51.573877],[-0.071356,51.573877],[-0.071486,51.57387],[-0.07153,51.573862],[-0.071574,51.573845],[-0.071618,51.573818],[-0.071634,51.573783],[-0.07165,51.573747],[-0.071651,51.57372],[-0.071638,51.573702],[-0.07161,51.573683],[-0.071553,51.573646],[-0.071505,51.573621],[-0.071476,51.573605],[-0.07178,51.573352],[-0.071857,51.573288],[-0.071874,51.57329],[-0.071923,51.573296],[-0.071857,51.573256],[-0.071741,51.573187],[-0.071736,51.573183],[-0.071723,51.573175],[-0.071718,51.573173],[-0.071719,51.573169],[-0.071716,51.573167],[-0.071675,51.573156],[-0.071481,51.573081],[-0.071295,51.57301],[-0.071278,51.573003],[-0.071107,51.572947],[-0.071092,51.572943],[-0.071084,51.572942],[-0.070935,51.572908],[-0.070915,51.572905],[-0.070877,51.5729],[-0.070864,51.572898],[-0.07068,51.572841],[-0.070465,51.572774],[-0.070392,51.572756],[-0.070193,51.572707],[-0.070139,51.572695],[-0.069965,51.572658],[-0.06985,51.572638],[-0.069693,51.572612],[-0.069606,51.572598],[-0.069391,51.572572],[-0.06941,51.572495],[-0.069439,51.572456],[-0.069466,51.57242],[-0.069507,51.572315],[-0.069543,51.572121],[-0.069547,51.572073],[-0.069556,51.571974],[-0.069558,51.571959],[-0.069556,51.57194],[-0.069556,51.571933],[-0.069555,51.571918],[-0.069552,51.571878],[-0.069541,51.571823],[-0.069539,51.571817],[-0.069533,51.571798],[-0.069524,51.57177],[-0.069522,51.571763],[-0.069515,51.571743],[-0.069511,51.571729],[-0.069493,51.571677],[-0.069479,51.571651],[-0.069455,51.571604],[-0.069453,51.571599],[-0.069447,51.571588],[-0.069446,51.571585],[-0.069423,51.571544],[-0.069399,51.571498],[-0.069387,51.571475],[-0.069379,51.571462],[-0.069366,51.571437],[-0.069322,51.571353],[-0.069318,51.571345],[-0.069348,51.571323],[-0.069406,51.571282],[-0.069545,51.571182],[-0.069542,51.57118],[-0.069361,51.57108],[-0.069331,51.571063],[-0.069219,51.571],[-0.069161,51.570967],[-0.069088,51.570925],[-0.069147,51.570897],[-0.069239,51.570854],[-0.069243,51.570853],[-0.069319,51.570818],[-0.069538,51.570718],[-0.069567,51.570705],[-0.069608,51.570685],[-0.069696,51.570643],[-0.069689,51.570613],[-0.069686,51.5706],[-0.069683,51.570589],[-0.069667,51.570522],[-0.069667,51.570486],[-0.069667,51.57046],[-0.069667,51.570455],[-0.069666,51.570196],[-0.069666,51.57019],[-0.069779,51.570188],[-0.069887,51.570186],[-0.069913,51.570186],[-0.069954,51.570185],[-0.070005,51.570184],[-0.070168,51.570181],[-0.070235,51.57018],[-0.07029,51.570179],[-0.070325,51.570179],[-0.070386,51.570178],[-0.070417,51.570178],[-0.070515,51.570178],[-0.070536,51.570178],[-0.07056,51.570178],[-0.07064,51.570178],[-0.07076,51.570178],[-0.070897,51.570178],[-0.070947,51.570178],[-0.070949,51.57029],[-0.071205,51.570289],[-0.071308,51.570289],[-0.071329,51.570289],[-0.071371,51.570289],[-0.071723,51.570287],[-0.072026,51.570286],[-0.072088,51.570286],[-0.072478,51.570288],[-0.072605,51.570288],[-0.072649,51.570288],[-0.072665,51.570288],[-0.072835,51.570288],[-0.072847,51.570288],[-0.072844,51.570438],[-0.072858,51.570438],[-0.073327,51.570428],[-0.073488,51.570425],[-0.073534,51.570424],[-0.073782,51.570419],[-0.073811,51.570418],[-0.073918,51.570416],[-0.073924,51.570416],[-0.073976,51.570415],[-0.074014,51.570414],[-0.074034,51.570414],[-0.074065,51.570414],[-0.074153,51.570414],[-0.074247,51.570413],[-0.074267,51.570413],[-0.074317,51.570413],[-0.074376,51.570413],[-0.074404,51.570413],[-0.074435,51.570413],[-0.074487,51.570413],[-0.074531,51.570413],[-0.074561,51.570412],[-0.074591,51.570412],[-0.074706,51.570411],[-0.074848,51.570409],[-0.074873,51.570409],[-0.074894,51.570409],[-0.07491,51.570409],[-0.074972,51.570411],[-0.075024,51.570413],[-0.07511,51.570416],[-0.075155,51.570417],[-0.075217,51.570419],[-0.075232,51.57042],[-0.075355,51.570428],[-0.075435,51.570432],[-0.075583,51.570442],[-0.0756,51.570443],[-0.075665,51.570448],[-0.075855,51.570463],[-0.075854,51.570467],[-0.075821,51.570464],[-0.075786,51.570461],[-0.075781,51.570482],[-0.075752,51.570586],[-0.075749,51.570606],[-0.075733,51.570703],[-0.07573,51.570774],[-0.07573,51.570783],[-0.075745,51.570799],[-0.075744,51.570802],[-0.075742,51.570841],[-0.07574,51.570885],[-0.075743,51.570898],[-0.075741,51.570918],[-0.075741,51.570923],[-0.075743,51.570942],[-0.075744,51.570954],[-0.075748,51.571009],[-0.075748,51.571013],[-0.075758,51.571135],[-0.075791,51.571523],[-0.075798,51.571605],[-0.075787,51.571603],[-0.075768,51.571618],[-0.075768,51.571582],[-0.075605,51.571576],[-0.075295,51.571565],[-0.075254,51.571563],[-0.075255,51.571539],[-0.075038,51.571527],[-0.07464,51.571504],[-0.073867,51.571457],[-0.073795,51.571452],[-0.07378,51.57145],[-0.073773,51.571436],[-0.073589,51.571439],[-0.073664,51.571476],[-0.073615,51.571611],[-0.073614,51.571614],[-0.073626,51.571772],[-0.073618,51.571777],[-0.073482,51.572143],[-0.073032,51.572338],[-0.073023,51.572341],[-0.073021,51.572349],[-0.073021,51.572358],[-0.073021,51.572365],[-0.073022,51.572377],[-0.073034,51.572444],[-0.072731,51.572425],[-0.072714,51.572469],[-0.072713,51.572476],[-0.072681,51.572689],[-0.072674,51.572739],[-0.07267,51.572757],[-0.072658,51.572822],[-0.07265,51.572864],[-0.073537,51.572925],[-0.073723,51.572937],[-0.074161,51.572965],[-0.074316,51.572997],[-0.07433,51.572994],[-0.07433,51.572997],[-0.074356,51.573002],[-0.074594,51.573045],[-0.074601,51.573041],[-0.074634,51.573044],[-0.074647,51.573045],[-0.07463,51.573094],[-0.074618,51.573125],[-0.074597,51.573138],[-0.074472,51.573387],[-0.0746,51.57342],[-0.074628,51.573428],[-0.074635,51.57343],[-0.074718,51.573453],[-0.074856,51.573476],[-0.074981,51.573487],[-0.075096,51.573496],[-0.075197,51.573505],[-0.075184,51.57359],[-0.075152,51.573789],[-0.075045,51.574001],[-0.075107,51.574013],[-0.075101,51.574025],[-0.075029,51.574161],[-0.074883,51.574151],[-0.074618,51.574132],[-0.074124,51.574408],[-0.074045,51.574452],[-0.073862,51.574553],[-0.073848,51.574561],[-0.073502,51.574452],[-0.073451,51.574443],[-0.073387,51.574437],[-0.073349,51.57436],[-0.073293,51.574245]]]}},{"type":"Feature","properties":{"LSOA21CD":"E01001809","LSOA21NM":"Hackney 001B","MEAN_PTAL_":"4","mean_AI":17.9191927702,"borough":"Hackney"},"geometry":{"type":"Polygon","coordinates":[[[-0.07401,51.575727],[-0.073972,51.575644],[-0.073894,51.575646],[-0.073888,51.575646],[-0.073748,51.575649],[-0.073736,51.575649],[-0.073651,51.575651],[-0.07361,51.575651],[-0.073461,51.575654],[-0.073429,51.575655],[-0.073371,51.575656],[-0.073384,51.57557],[-0.073419,51.575324],[-0.073533,51.575278],[-0.073569,51.57524],[-0.073597,51.575211],[-0.073651,51.575155],[-0.073728,51.575075],[-0.073877,51.574919],[-0.073915,51.574879],[-0.073953,51.574839],[-0.073955,51.574815],[-0.073958,51.574788],[-0.07396,51.574758],[-0.073848,51.574561],[-0.073862,51.574553],[-0.074045,51.574452],[-0.074124,51.574408],[-0.074618,51.574132],[-0.074883,51.574151],[-0.075029,51.574161],[-0.075101,51.574025],[-0.075107,51.574013],[-0.075045,51.574001],[-0.075152,51.573789],[-0.075184,51.57359],[-0.075197,51.573505],[-0.075096,51.573496],[-0.074981,51.573487],[-0.074856,51.573476],[-0.074718,51.573453],[-0.074635,51.57343],[-0.074628,51.573428],[-0.0746,51.57342],[-0.074472,51.573387],[-0.074597,51.573138],[-0.074618,51.573125],[-0.07463,51.573094],[-0.074647,51.573045],[-0.074634,51.573044],[-0.074601,51.573041],[-0.074594,51.573045],[-0.074356,51.573002],[-0.07433,51.572997],[-0.07433,51.572994],[-0.074316,51.572997],[-0.074161,51.572965],[-0.073723,51.572937],[-0.073537,51.572925],[-0.07265,51.572864],[-0.072658,51.572822],[-0.07267,51.572757],[-0.072674,51.572739],[-0.072681,51.572689],[-0.072713,51.572476],[-0.072714,51.572469],[-0.072731,51.572425],[-0.073034,51.572444],[-0.073022,51.572377],[-0.073021,51.572365],[-0.073021,51.572358],[-0.073021,51.572349],[-0.073023,51.572341],[-0.073032,51.572338],[-0.073482,51.572143],[-0.073618,51.571777],[-0.073626,51.571772],[-0.073614,51.571614],[-0.073615,51.571611],[-0.073664,51.571476],[-0.073589,51.571439],[-0.073773,51.571436],[-0.07378,51.57145],[-0.073795,51.571452],[-0.073867,51.571457],[-0.07464,51.571504],[-0.075038,51.571527],[-0.075255,51.571539],[-0.075254,51.571563],[-0.075295,51.571565],[-0.075605,51.571576],[-0.075768,51.571582],[-0.075768,51.571618],[-0.075787,51.571603],[-0.075798,51.571605],[-0.075791,51.571523],[-0.075758,51.571135],[-0.075748,51.571013],[-0.075748,51.571009],[-0.075744,51.570954],[-0.075743,51.570942],[-0.075741,51.570923],[-0.075741,51.570918],[-0.075743,51.570898],[-0.07574,51.570885],[-0.075742,51.570841],[-0.075744,51.570802],[-0.075745,51.570799],[-0.07573,51.570783],[-0.07573,51.570774],[-0.075733,51.570703],[-0.075749,51.570606],[-0.075752,51.570586],[-0.075781,51.570482],[-0.075786,51.570461],[-0.075821,51.570464],[-0.075854,51.570467],[-0.075855,51.570463],[-0.075884,51.570465],[-0.075942,51.570469],[-0.075961,51.570471],[-0.076007,51.570475],[-0.076073,51.570482],[-0.076085,51.570483],[-0.076167,51.570491],[-0.076173,51.570491],[-0.076193,51.570493],[-0.076258,51.570499],[-0.076274,51.570501],[-0.076326,51.570506],[-0.076339,51.570507],[-0.076347,51.570508],[-0.076444,51.570517],[-0.07645,51.570518],[-0.076518,51.570524],[-0.076532,51.570525],[-0.076556,51.570528],[-0.076608,51.570533],[-0.076655,51.570538],[-0.076698,51.570542],[-0.076705,51.570543],[-0.076778,51.57055],[-0.076795,51.570552],[-0.076871,51.57056],[-0.076894,51.570562],[-0.076901,51.570563],[-0.076923,51.570565],[-0.076941,51.570567],[-0.077083,51.570577],[-0.077111,51.570579],[-0.077131,51.57058],[-0.077158,51.570582],[-0.07724,51.570587],[-0.07726,51.570589],[-0.077327,51.570593],[-0.077335,51.570594],[-0.077351,51.570594],[-0.077418,51.570595],[-0.077448,51.570596],[-0.077467,51.570596],[-0.077585,51.570598],[-0.077589,51.570608],[-0.07766,51.570778],[-0.077659,51.570798],[-0.077618,51.570873],[-0.077614,51.570877],[-0.077592,51.570901],[-0.077489,51.570977],[-0.077463,51.570992],[-0.077463,51.571005],[-0.077459,51.571036],[-0.077462,51.571087],[-0.07746,51.571102],[-0.07746,51.571145],[-0.077459,51.571153],[-0.07746,51.571185],[-0.077457,51.571204],[-0.077457,51.57124],[-0.077457,51.571295],[-0.077458,51.571304],[-0.077458,51.571344],[-0.077457,51.571349],[-0.077456,51.57138],[-0.077454,51.571383],[-0.077431,51.571429],[-0.077425,51.571489],[-0.07743,51.571532],[-0.077433,51.571539],[-0.077436,51.571572],[-0.07743,51.571605],[-0.077431,51.571627],[-0.077428,51.571643],[-0.077478,51.571693],[-0.077513,51.571747],[-0.077526,51.571802],[-0.077518,51.571865],[-0.077431,51.57199],[-0.077785,51.572008],[-0.077957,51.572016],[-0.077953,51.57204],[-0.077938,51.572133],[-0.077873,51.572302],[-0.077811,51.572409],[-0.077692,51.572578],[-0.077673,51.572605],[-0.07745,51.572887],[-0.077414,51.572933],[-0.077411,51.572936],[-0.077399,51.572951],[-0.077239,51.573156],[-0.077229,51.573169],[-0.077144,51.573278],[-0.077087,51.573352],[-0.07698,51.573489],[-0.076977,51.573492],[-0.076707,51.573839],[-0.076514,51.574088],[-0.076392,51.574254],[-0.076392,51.574257],[-0.076405,51.574266],[-0.076496,51.574281],[-0.076528,51.574287],[-0.07665,51.574308],[-0.076784,51.574331],[-0.076883,51.574349],[-0.077093,51.574385],[-0.077207,51.574405],[-0.077638,51.574483],[-0.077708,51.574496],[-0.078021,51.574552],[-0.077979,51.574578],[-0.077853,51.574581],[-0.077608,51.574606],[-0.077575,51.575186],[-0.077543,51.575179],[-0.077523,51.575201],[-0.07747,51.575259],[-0.07734,51.575231],[-0.077082,51.575175],[-0.076967,51.57515],[-0.076978,51.575137],[-0.077059,51.575039],[-0.07701,51.575029],[-0.076934,51.575012],[-0.076797,51.574983],[-0.076685,51.574959],[-0.076557,51.574931],[-0.076402,51.574898],[-0.076307,51.574878],[-0.076302,51.574876],[-0.076245,51.574865],[-0.076025,51.575128],[-0.075972,51.575192],[-0.075945,51.575224],[-0.075933,51.575238],[-0.075912,51.575263],[-0.075908,51.575268],[-0.075901,51.575276],[-0.07589,51.575289],[-0.075872,51.575311],[-0.075863,51.575321],[-0.075805,51.575391],[-0.075769,51.575434],[-0.075754,51.575451],[-0.075718,51.575494],[-0.075672,51.57555],[-0.075665,51.575558],[-0.075661,51.575562],[-0.075652,51.575556],[-0.075375,51.575376],[-0.075345,51.575356],[-0.075348,51.575349],[-0.075355,51.575335],[-0.075367,51.575305],[-0.075379,51.575279],[-0.075328,51.575286],[-0.075313,51.575288],[-0.075184,51.575308],[-0.075183,51.575316],[-0.075182,51.57532],[-0.075168,51.575429],[-0.075167,51.575436],[-0.075151,51.575555],[-0.075033,51.575565],[-0.07501,51.575567],[-0.074935,51.575573],[-0.074927,51.575573],[-0.074826,51.575581],[-0.074809,51.575583],[-0.074713,51.57559],[-0.074704,51.575591],[-0.074696,51.575592],[-0.074642,51.575596],[-0.074632,51.575597],[-0.074624,51.575597],[-0.074616,51.575598],[-0.07461,51.575599],[-0.074509,51.575607],[-0.074422,51.575614],[-0.074413,51.575614],[-0.074262,51.575626],[-0.074226,51.575629],[-0.074221,51.57563],[-0.074212,51.57563],[-0.074203,51.575711],[-0.074198,51.575712],[-0.074126,51.575718],[-0.074113,51.575719],[-0.074086,51.575721],[-0.074082,51.575721],[-0.07401,51.575727]]]}},{"type":"Feature","properties":{"LSOA21CD":"E01001811","LSOA21NM":"Hackney 002D","MEAN_PTAL_":"4","mean_AI":15.0133969443,"borough":"Hackney"},"geometry":{"type":"Polygon","coordinates":[[[-0.081656,51.574831],[-0.082037,51.574813],[-0.082072,51.57482],[-0.082164,51.574806],[-0.082333,51.574791],[-0.082406,51.574785],[-0.082549,51.574772],[-0.08256,51.574771],[-0.082651,51.574765],[-0.082835,51.574753],[-0.082966,51.574745],[-0.083002,51.574742],[-0.083027,51.574741],[-0.083134,51.574734],[-0.083176,51.574731],[-0.083226,51.574728],[-0.083306,51.574723],[-0.083468,51.574712],[-0.083578,51.574705],[-0.08365,51.5747],[-0.083647,51.574684],[-0.083657,51.574681],[-0.083637,51.574564],[-0.08358,51.574396],[-0.083552,51.574278],[-0.083539,51.57424],[-0.083721,51.574302],[-0.084132,51.574167],[-0.084108,51.574137],[-0.084071,51.574092],[-0.084015,51.573978],[-0.083996,51.573941],[-0.083969,51.573886],[-0.083955,51.573827],[-0.083929,51.573717],[-0.083916,51.57366],[-0.083911,51.573597],[-0.083872,51.573603],[-0.083893,51.57341],[-0.083894,51.573404],[-0.083914,51.573217],[-0.083859,51.572861],[-0.08376,51.572718],[-0.084019,51.572652],[-0.084054,51.572709],[-0.084292,51.572792],[-0.084347,51.572801],[-0.084588,51.572838],[-0.084977,51.572804],[-0.085106,51.572774],[-0.085364,51.572716],[-0.085392,51.572706],[-0.085887,51.572533],[-0.085955,51.572858],[-0.085956,51.572866],[-0.085967,51.572862],[-0.086061,51.57283],[-0.08606,51.572821],[-0.086073,51.572817],[-0.086132,51.572796],[-0.086251,51.572754],[-0.086254,51.572758],[-0.086265,51.572754],[-0.086311,51.572736],[-0.086694,51.572602],[-0.086692,51.5726],[-0.086766,51.572574],[-0.086788,51.572563],[-0.086792,51.572566],[-0.087076,51.572428],[-0.087162,51.57238],[-0.08717,51.572366],[-0.087302,51.572297],[-0.087353,51.572255],[-0.0875,51.572133],[-0.087754,51.572227],[-0.087897,51.572247],[-0.087983,51.572258],[-0.088227,51.572761],[-0.088256,51.572819],[-0.088447,51.573201],[-0.088448,51.573204],[-0.088452,51.573206],[-0.088437,51.573236],[-0.08841,51.573287],[-0.088371,51.573363],[-0.088366,51.573373],[-0.088243,51.57341],[-0.087733,51.573598],[-0.087689,51.573614],[-0.087571,51.573666],[-0.087506,51.573691],[-0.087366,51.573744],[-0.087342,51.573757],[-0.087144,51.573866],[-0.087122,51.573879],[-0.086834,51.57405],[-0.086759,51.574102],[-0.08661,51.574208],[-0.086502,51.574295],[-0.086961,51.574405],[-0.086966,51.574442],[-0.08697,51.574447],[-0.087018,51.574504],[-0.087045,51.574507],[-0.087176,51.574522],[-0.08719,51.574523],[-0.087227,51.574664],[-0.087235,51.574694],[-0.087241,51.574717],[-0.087233,51.574718],[-0.086639,51.574756],[-0.086572,51.574764],[-0.086272,51.574796],[-0.086257,51.574798],[-0.086213,51.574802],[-0.086064,51.574818],[-0.086038,51.574843],[-0.085977,51.574898],[-0.085973,51.574902],[-0.085969,51.574906],[-0.08581,51.57505],[-0.085742,51.575059],[-0.085635,51.575071],[-0.08561,51.575074],[-0.085544,51.575081],[-0.085541,51.575082],[-0.08541,51.575096],[-0.085225,51.575116],[-0.085217,51.575117],[-0.085118,51.575128],[-0.08509,51.575131],[-0.08504,51.575136],[-0.085002,51.575141],[-0.084957,51.575145],[-0.084923,51.575149],[-0.084754,51.575168],[-0.084743,51.575169],[-0.084694,51.575174],[-0.084686,51.575175],[-0.084686,51.575175],[-0.084651,51.575179],[-0.084628,51.575181],[-0.084497,51.575184],[-0.084462,51.575185],[-0.08429,51.575188],[-0.084271,51.575189],[-0.084166,51.575191],[-0.084075,51.575193],[-0.084065,51.575193],[-0.084012,51.575194],[-0.083845,51.575197],[-0.083836,51.575197],[-0.083818,51.575198],[-0.083793,51.575198],[-0.0837,51.575215],[-0.083598,51.575234],[-0.083588,51.575236],[-0.08356,51.57524],[-0.083534,51.575243],[-0.083492,51.575249],[-0.083334,51.575271],[-0.083303,51.575275],[-0.083282,51.575278],[-0.083244,51.575283],[-0.083239,51.575284],[-0.083171,51.575293],[-0.083162,51.575295],[-0.083121,51.5753],[-0.083056,51.575309],[-0.083023,51.575314],[-0.083003,51.575317],[-0.082987,51.575319],[-0.082869,51.575335],[-0.082856,51.575337],[-0.082805,51.575344],[-0.082784,51.575347],[-0.082735,51.575353],[-0.082676,51.575362],[-0.082635,51.575367],[-0.082611,51.575369],[-0.082545,51.575375],[-0.082431,51.575384],[-0.08241,51.575386],[-0.082366,51.57539],[-0.08236,51.57539],[-0.082303,51.575397],[-0.082232,51.575407],[-0.082227,51.575407],[-0.08222,51.575408],[-0.082175,51.575414],[-0.082142,51.575418],[-0.082113,51.575422],[-0.082052,51.575429],[-0.082035,51.575431],[-0.081933,51.575444],[-0.081903,51.575451],[-0.08187,51.575458],[-0.081735,51.575486],[-0.081697,51.575494],[-0.081597,51.575515],[-0.081591,51.575516],[-0.081544,51.575526],[-0.081475,51.57554],[-0.081461,51.575543],[-0.081447,51.575546],[-0.081351,51.575566],[-0.081344,51.575568],[-0.081287,51.57558],[-0.081217,51.575594],[-0.081183,51.575601],[-0.081131,51.575612],[-0.081111,51.575617],[-0.081098,51.575619],[-0.080976,51.575645],[-0.08091,51.575659],[-0.080903,51.57566],[-0.080892,51.575662],[-0.080782,51.575647],[-0.080632,51.575627],[-0.080622,51.575625],[-0.080541,51.575614],[-0.080492,51.575607],[-0.08044,51.5756],[-0.080221,51.575581],[-0.080188,51.575578],[-0.08013,51.575573],[-0.080215,51.575276],[-0.080737,51.575065],[-0.080926,51.575017],[-0.081088,51.574986],[-0.081255,51.57498],[-0.081527,51.57486],[-0.081558,51.574846],[-0.081656,51.574831]]]}},{"type":"Feature","properties":{"LSOA21CD":"E01001812","LSOA21NM":"Hackney 003E","MEAN_PTAL_":"2","mean_AI":9.59627342808,"borough":"Hackney"},"geometry":{"type":"Polygon","coordinates":[[[-0.076707,51.573839],[-0.076977,51.573492],[-0.07698,51.573489],[-0.077087,51.573352],[-0.077144,51.573278],[-0.077229,51.573169],[-0.077239,51.573156],[-0.077399,51.572951],[-0.077411,51.572936],[-0.077414,51.572933],[-0.07745,51.572887],[-0.077673,51.572605],[-0.077692,51.572578],[-0.077811,51.572409],[-0.077873,51.572302],[-0.077938,51.572133],[-0.077953,51.57204],[-0.077957,51.572016],[-0.077785,51.572008],[-0.077431,51.57199],[-0.077518,51.571865],[-0.077526,51.571802],[-0.077513,51.571747],[-0.077478,51.571693],[-0.077428,51.571643],[-0.077431,51.571627],[-0.07743,51.571605],[-0.077436,51.571572],[-0.077433,51.571539],[-0.07743,51.571532],[-0.077425,51.571489],[-0.077431,51.571429],[-0.077454,51.571383],[-0.077456,51.57138],[-0.077457,51.571349],[-0.077458,51.571344],[-0.077458,51.571304],[-0.077457,51.571295],[-0.077457,51.57124],[-0.077457,51.571204],[-0.07746,51.571185],[-0.077459,51.571153],[-0.07746,51.571145],[-0.07746,51.571102],[-0.077462,51.571087],[-0.077459,51.571036],[-0.077463,51.571005],[-0.077463,51.570992],[-0.077489,51.570977],[-0.077592,51.570901],[-0.077614,51.570877],[-0.077618,51.570873],[-0.077659,51.570798],[-0.07766,51.570778],[-0.077589,51.570608],[-0.077585,51.570598],[-0.077643,51.570599],[-0.077716,51.5706],[-0.077738,51.570599],[-0.077858,51.570595],[-0.07793,51.570592],[-0.078057,51.570588],[-0.078062,51.570588],[-0.078356,51.570578],[-0.078396,51.570576],[-0.078401,51.570575],[-0.078468,51.570571],[-0.078483,51.570571],[-0.078593,51.570564],[-0.07888,51.570548],[-0.07904,51.570542],[-0.079087,51.57054],[-0.079096,51.57054],[-0.079186,51.570536],[-0.079209,51.570535],[-0.079228,51.570534],[-0.07926,51.570533],[-0.079276,51.570533],[-0.07936,51.570529],[-0.079372,51.570529],[-0.079379,51.570529],[-0.07949,51.570524],[-0.079519,51.570523],[-0.079542,51.570522],[-0.079556,51.570522],[-0.079575,51.570521],[-0.079709,51.570516],[-0.079714,51.570516],[-0.079896,51.570491],[-0.079991,51.57047],[-0.080039,51.570459],[-0.080083,51.570449],[-0.080229,51.570416],[-0.080315,51.570397],[-0.080403,51.570372],[-0.080409,51.570371],[-0.080478,51.570352],[-0.080569,51.570327],[-0.08058,51.570324],[-0.080594,51.57032],[-0.080898,51.570236],[-0.08095,51.570222],[-0.081091,51.570182],[-0.081295,51.570125],[-0.081302,51.570123],[-0.081347,51.57011],[-0.081352,51.570109],[-0.0815,51.570067],[-0.081515,51.570063],[-0.081529,51.570059],[-0.081538,51.570056],[-0.081575,51.570045],[-0.0818,51.569979],[-0.082128,51.569884],[-0.082168,51.569872],[-0.082186,51.569868],[-0.082241,51.569857],[-0.082264,51.569853],[-0.082332,51.569839],[-0.082425,51.56982],[-0.082483,51.569808],[-0.08258,51.569788],[-0.08261,51.569782],[-0.082635,51.569777],[-0.082697,51.569764],[-0.082711,51.569761],[-0.08274,51.569754],[-0.08286,51.569729],[-0.082896,51.569721],[-0.082942,51.569711],[-0.082998,51.569699],[-0.08303,51.569692],[-0.08306,51.569685],[-0.083129,51.56967],[-0.083208,51.569653],[-0.083229,51.569649],[-0.083297,51.569634],[-0.083329,51.569627],[-0.083454,51.5696],[-0.083489,51.569593],[-0.083541,51.569582],[-0.083567,51.569576],[-0.08358,51.569573],[-0.083616,51.569566],[-0.083632,51.569562],[-0.083665,51.569555],[-0.083703,51.569547],[-0.083769,51.569534],[-0.083866,51.569513],[-0.084018,51.569482],[-0.084065,51.569472],[-0.084106,51.569463],[-0.084123,51.56946],[-0.084172,51.569449],[-0.08424,51.569435],[-0.08426,51.569431],[-0.084269,51.569429],[-0.084308,51.569421],[-0.084377,51.569407],[-0.084406,51.569401],[-0.084441,51.569393],[-0.084471,51.569387],[-0.084518,51.569377],[-0.084561,51.569368],[-0.084611,51.569358],[-0.084704,51.569339],[-0.08475,51.569329],[-0.084794,51.56932],[-0.084829,51.569313],[-0.08486,51.569306],[-0.084888,51.5693],[-0.084915,51.569295],[-0.084982,51.569281],[-0.085006,51.569276],[-0.085075,51.569262],[-0.085182,51.569239],[-0.085274,51.56922],[-0.085307,51.569213],[-0.08537,51.5692],[-0.085457,51.569182],[-0.085525,51.569168],[-0.08556,51.56916],[-0.085621,51.569148],[-0.085645,51.569143],[-0.085658,51.56914],[-0.085711,51.569129],[-0.085802,51.56911],[-0.085848,51.5691],[-0.085892,51.569091],[-0.085907,51.569087],[-0.085932,51.569082],[-0.085991,51.569068],[-0.086079,51.569048],[-0.086179,51.569025],[-0.086271,51.56899],[-0.086358,51.568957],[-0.086417,51.568933],[-0.086423,51.568932],[-0.086531,51.568891],[-0.086836,51.568768],[-0.086968,51.568715],[-0.086976,51.568723],[-0.086989,51.568736],[-0.087208,51.568957],[-0.087258,51.569008],[-0.087302,51.569051],[-0.087312,51.569061],[-0.087321,51.569071],[-0.087325,51.569074],[-0.087506,51.569257],[-0.087518,51.569269],[-0.087541,51.569293],[-0.087583,51.569334],[-0.087606,51.569359],[-0.087644,51.569397],[-0.087682,51.569436],[-0.087707,51.569462],[-0.087763,51.569518],[-0.087954,51.569714],[-0.087989,51.569749],[-0.088137,51.569901],[-0.088664,51.570435],[-0.088895,51.570672],[-0.089067,51.570849],[-0.089113,51.570896],[-0.08897,51.570946],[-0.088925,51.570981],[-0.088766,51.57116],[-0.088564,51.571387],[-0.088546,51.571407],[-0.088501,51.571442],[-0.088342,51.571554],[-0.088338,51.571556],[-0.088264,51.5716],[-0.088096,51.571705],[-0.088211,51.572005],[-0.088337,51.571993],[-0.088448,51.571983],[-0.088455,51.571982],[-0.08855,51.572275],[-0.088154,51.572246],[-0.08815,51.572245],[-0.087983,51.572258],[-0.087897,51.572247],[-0.087754,51.572227],[-0.0875,51.572133],[-0.087353,51.572255],[-0.087302,51.572297],[-0.08717,51.572366],[-0.087162,51.57238],[-0.087076,51.572428],[-0.086792,51.572566],[-0.086788,51.572563],[-0.086766,51.572574],[-0.086692,51.5726],[-0.086694,51.572602],[-0.086311,51.572736],[-0.086265,51.572754],[-0.086254,51.572758],[-0.086251,51.572754],[-0.086132,51.572796],[-0.086073,51.572817],[-0.08606,51.572821],[-0.086061,51.57283],[-0.085967,51.572862],[-0.085956,51.572866],[-0.085955,51.572858],[-0.085887,51.572533],[-0.085392,51.572706],[-0.085364,51.572716],[-0.085106,51.572774],[-0.084977,51.572804],[-0.084588,51.572838],[-0.084347,51.572801],[-0.084292,51.572792],[-0.084054,51.572709],[-0.084019,51.572652],[-0.08376,51.572718],[-0.083718,51.572656],[-0.083467,51.572754],[-0.083133,51.572886],[-0.083108,51.572896],[-0.083098,51.572964],[-0.083093,51.573004],[-0.083087,51.57304],[-0.08309,51.573055],[-0.083117,51.573111],[-0.083122,51.573122],[-0.083253,51.573289],[-0.083392,51.57339],[-0.083451,51.573416],[-0.083465,51.573422],[-0.083338,51.573606],[-0.083335,51.573677],[-0.083329,51.57366],[-0.083213,51.573422],[-0.083209,51.573415],[-0.083165,51.573332],[-0.083156,51.573315],[-0.082992,51.573088],[-0.082947,51.573036],[-0.08273,51.572787],[-0.082595,51.572637],[-0.082441,51.572467],[-0.082398,51.572415],[-0.082255,51.572245],[-0.082235,51.572221],[-0.081949,51.571883],[-0.081944,51.571884],[-0.08193,51.571886],[-0.081201,51.572015],[-0.081211,51.572038],[-0.081262,51.57212],[-0.0813,51.572165],[-0.081314,51.572178],[-0.081328,51.572198],[-0.081374,51.572248],[-0.081384,51.572257],[-0.08142,51.572304],[-0.081459,51.572344],[-0.081464,51.572347],[-0.081508,51.572402],[-0.081545,51.572439],[-0.081552,51.572451],[-0.081583,51.572489],[-0.08162,51.572525],[-0.081637,51.572551],[-0.08164,51.572556],[-0.081652,51.57257],[-0.081692,51.572607],[-0.08172,51.572652],[-0.081106,51.572831],[-0.081137,51.572885],[-0.081141,51.572898],[-0.081143,51.572904],[-0.081193,51.572961],[-0.081203,51.572972],[-0.081219,51.57299],[-0.081304,51.573087],[-0.081321,51.573106],[-0.081483,51.573279],[-0.081464,51.573277],[-0.081386,51.573274],[-0.081254,51.57327],[-0.081122,51.573267],[-0.080986,51.573263],[-0.08089,51.573259],[-0.080878,51.573259],[-0.080663,51.573252],[-0.080649,51.573252],[-0.080561,51.573249],[-0.080474,51.573246],[-0.080388,51.573243],[-0.080255,51.573239],[-0.080215,51.573238],[-0.080136,51.573235],[-0.080056,51.573232],[-0.07997,51.57323],[-0.079837,51.573225],[-0.079797,51.573224],[-0.079675,51.57322],[-0.079286,51.573207],[-0.079264,51.573207],[-0.079266,51.573201],[-0.079311,51.573108],[-0.079316,51.573098],[-0.079347,51.573031],[-0.07936,51.573004],[-0.079391,51.572938],[-0.079406,51.572907],[-0.079416,51.572897],[-0.079444,51.572877],[-0.079445,51.572863],[-0.079446,51.572836],[-0.079455,51.572805],[-0.079474,51.572764],[-0.079487,51.572737],[-0.079519,51.572671],[-0.079549,51.572608],[-0.079573,51.572557],[-0.079631,51.572436],[-0.079632,51.572433],[-0.07964,51.572415],[-0.079674,51.572344],[-0.0797,51.572289],[-0.079742,51.572201],[-0.079755,51.572174],[-0.079781,51.57212],[-0.079788,51.572105],[-0.079807,51.572065],[-0.079845,51.571986],[-0.079857,51.571959],[-0.079895,51.571879],[-0.0799,51.571868],[-0.079914,51.571841],[-0.079943,51.571778],[-0.079981,51.5717],[-0.079338,51.571636],[-0.079331,51.571658],[-0.079329,51.571666],[-0.079316,51.571724],[-0.079299,51.571793],[-0.079297,51.571802],[-0.079296,51.571807],[-0.07929,51.571831],[-0.07927,51.571916],[-0.079264,51.571943],[-0.07925,51.572],[-0.079228,51.572055],[-0.079194,51.572143],[-0.079182,51.572172],[-0.07918,51.572178],[-0.07916,51.572228],[-0.07915,51.572253],[-0.07913,51.572303],[-0.079119,51.572332],[-0.079111,51.572352],[-0.079105,51.572366],[-0.079071,51.572443],[-0.079065,51.572442],[-0.078665,51.572397],[-0.078542,51.572383],[-0.078531,51.572409],[-0.078504,51.572472],[-0.078487,51.572511],[-0.078467,51.572558],[-0.078405,51.572707],[-0.078356,51.572841],[-0.078277,51.572984],[-0.077986,51.573392],[-0.077958,51.573432],[-0.077921,51.573484],[-0.077787,51.573672],[-0.077781,51.573681],[-0.077771,51.573695],[-0.077748,51.573723],[-0.07762,51.57388],[-0.07727,51.573776],[-0.077128,51.573945],[-0.077121,51.573942],[-0.077048,51.573919],[-0.077049,51.573903],[-0.076733,51.573844],[-0.076707,51.573839]]]}},{"type":"Feature","properties":{"LSOA21CD":"E01001813","LSOA21NM":"Hackney 002E","MEAN_PTAL_":"6a","mean_AI":28.9839684779,"borough":"Hackney"},"geometry":{"type":"Polygon","coordinates":[[[-0.094014,51.573873],[-0.093599,51.573463],[-0.093514,51.573377],[-0.093475,51.573337],[-0.093246,51.573114],[-0.093197,51.573123],[-0.093174,51.57313],[-0.093089,51.573162],[-0.09299,51.573176],[-0.092842,51.573197],[-0.092606,51.573274],[-0.092522,51.573308],[-0.092472,51.573335],[-0.092374,51.57333],[-0.092099,51.573347],[-0.092032,51.573332],[-0.091627,51.573309],[-0.091526,51.573303],[-0.091523,51.573297],[-0.09152,51.573293],[-0.091511,51.573278],[-0.091468,51.573265],[-0.091386,51.573198],[-0.091384,51.573196],[-0.091288,51.573105],[-0.091289,51.573102],[-0.091256,51.573072],[-0.091251,51.573066],[-0.091207,51.573026],[-0.091196,51.573016],[-0.091132,51.572948],[-0.091052,51.572864],[-0.090945,51.572752],[-0.090736,51.572531],[-0.090709,51.572494],[-0.090706,51.572492],[-0.090837,51.57245],[-0.091291,51.572303],[-0.091295,51.572302],[-0.091393,51.57227],[-0.091872,51.572114],[-0.09188,51.572112],[-0.091994,51.572075],[-0.092033,51.572062],[-0.092047,51.572058],[-0.092477,51.571917],[-0.092489,51.571913],[-0.092709,51.571842],[-0.092961,51.571759],[-0.09346,51.571596],[-0.093466,51.571594],[-0.09358,51.571557],[-0.0936,51.571551],[-0.093751,51.571501],[-0.093813,51.571481],[-0.093871,51.571462],[-0.093895,51.571455],[-0.094121,51.571381],[-0.09461,51.571221],[-0.094734,51.571178],[-0.094814,51.57115],[-0.09487,51.57113],[-0.094986,51.57109],[-0.095034,51.571074],[-0.095128,51.571041],[-0.095314,51.570976],[-0.09564,51.570862],[-0.095683,51.570847],[-0.095695,51.570843],[-0.095779,51.570814],[-0.095881,51.570748],[-0.095921,51.570722],[-0.095989,51.570678],[-0.096022,51.570656],[-0.096072,51.570689],[-0.096083,51.570697],[-0.09609,51.570701],[-0.09615,51.570743],[-0.096224,51.570795],[-0.096242,51.570818],[-0.096253,51.570832],[-0.096386,51.570998],[-0.096439,51.571078],[-0.096558,51.571301],[-0.096608,51.571397],[-0.096882,51.571911],[-0.096914,51.571972],[-0.097124,51.572308],[-0.097132,51.572321],[-0.097271,51.572544],[-0.097281,51.57256],[-0.097344,51.572661],[-0.097383,51.572724],[-0.097611,51.573088],[-0.097639,51.573133],[-0.097728,51.573277],[-0.097824,51.573611],[-0.097648,51.573652],[-0.097534,51.573679],[-0.097373,51.573726],[-0.097316,51.573743],[-0.097275,51.573751],[-0.097202,51.573764],[-0.097137,51.573774],[-0.097126,51.573776],[-0.097103,51.573779],[-0.097051,51.573787],[-0.096974,51.573796],[-0.096959,51.573797],[-0.096924,51.573802],[-0.096911,51.573803],[-0.096878,51.573806],[-0.096841,51.573809],[-0.09683,51.573811],[-0.096821,51.573811],[-0.096767,51.573814],[-0.096707,51.573817],[-0.096662,51.573818],[-0.096603,51.573818],[-0.096544,51.573816],[-0.096499,51.573814],[-0.096432,51.5738],[-0.096207,51.573753],[-0.096171,51.573745],[-0.096102,51.573731],[-0.095768,51.57368],[-0.095752,51.573678],[-0.095644,51.573662],[-0.095534,51.573645],[-0.095528,51.573644],[-0.095441,51.573635],[-0.095419,51.573633],[-0.095347,51.573627],[-0.095323,51.573625],[-0.095318,51.573624],[-0.095318,51.573624],[-0.095226,51.573618],[-0.095114,51.573613],[-0.095092,51.573612],[-0.095072,51.573611],[-0.095056,51.57361],[-0.095013,51.573608],[-0.09497,51.573605],[-0.09493,51.573604],[-0.094912,51.573604],[-0.09491,51.573604],[-0.094893,51.573604],[-0.094859,51.573605],[-0.094854,51.573605],[-0.094843,51.573605],[-0.094799,51.573608],[-0.094735,51.573615],[-0.094675,51.573627],[-0.094645,51.573634],[-0.094617,51.57364],[-0.094564,51.573656],[-0.094558,51.573657],[-0.094552,51.573659],[-0.094517,51.573671],[-0.094502,51.573676],[-0.094445,51.573698],[-0.094431,51.573704],[-0.094391,51.573723],[-0.094361,51.573738],[-0.094341,51.573747],[-0.094299,51.57377],[-0.094295,51.573773],[-0.094204,51.573808],[-0.09416,51.573823],[-0.094123,51.573835],[-0.094108,51.573841],[-0.094095,51.573846],[-0.094042,51.573865],[-0.094014,51.573873]]]}},{"type":"Feature","properties":{"LSOA21CD":"E01001814","LSOA21NM":"Hackney 001C","MEAN_PTAL_":"4","mean_AI":19.1504553873,"borough":"Hackney"},"geometry":{"type":"Polygon","coordinates":[[[-0.066728,51.576302],[-0.066729,51.57627],[-0.066729,51.576259],[-0.066733,51.576168],[-0.066708,51.576132],[-0.066707,51.576128],[-0.066684,51.576068],[-0.066659,51.575995],[-0.066623,51.575928],[-0.066665,51.575922],[-0.066633,51.575851],[-0.066624,51.575831],[-0.066595,51.575766],[-0.066572,51.57577],[-0.066535,51.575775],[-0.066464,51.575786],[-0.066442,51.575789],[-0.066394,51.575797],[-0.066351,51.575804],[-0.066179,51.575831],[-0.065925,51.575872],[-0.065903,51.575875],[-0.065893,51.575853],[-0.065836,51.575725],[-0.065833,51.575718],[-0.065823,51.575696],[-0.065804,51.575652],[-0.065766,51.575568],[-0.065763,51.575561],[-0.065759,51.575551],[-0.065799,51.575545],[-0.066078,51.5755],[-0.066162,51.575487],[-0.066184,51.575483],[-0.066196,51.575481],[-0.066204,51.57548],[-0.066292,51.575466],[-0.066372,51.575452],[-0.066387,51.57545],[-0.066403,51.575447],[-0.066522,51.575428],[-0.066527,51.575427],[-0.066607,51.575414],[-0.066626,51.575411],[-0.066682,51.575401],[-0.066688,51.5754],[-0.066694,51.575399],[-0.0667,51.575398],[-0.066711,51.575397],[-0.066772,51.575387],[-0.0668,51.575382],[-0.066909,51.575364],[-0.066963,51.575355],[-0.066986,51.575351],[-0.067002,51.575349],[-0.067008,51.575348],[-0.067017,51.575346],[-0.067066,51.575339],[-0.06714,51.575328],[-0.067157,51.575326],[-0.067166,51.575324],[-0.067225,51.575316],[-0.067243,51.575313],[-0.067282,51.575307],[-0.067292,51.575306],[-0.067317,51.575302],[-0.067347,51.575298],[-0.067357,51.575296],[-0.06737,51.575294],[-0.067533,51.57527],[-0.067606,51.575259],[-0.06762,51.575257],[-0.06767,51.57525],[-0.067697,51.575246],[-0.067772,51.575235],[-0.067924,51.575212],[-0.067928,51.575212],[-0.067996,51.575202],[-0.068054,51.575193],[-0.068099,51.575186],[-0.068193,51.575172],[-0.0683,51.575155],[-0.06839,51.575141],[-0.068397,51.57514],[-0.068509,51.575123],[-0.068646,51.575102],[-0.068756,51.575085],[-0.068808,51.575075],[-0.0687,51.574804],[-0.068698,51.574799],[-0.068691,51.574783],[-0.068679,51.574753],[-0.068641,51.574658],[-0.068638,51.574653],[-0.068637,51.57465],[-0.068636,51.574646],[-0.068627,51.574623],[-0.068625,51.57462],[-0.068792,51.574597],[-0.068781,51.574543],[-0.068773,51.574499],[-0.068772,51.574495],[-0.068748,51.574389],[-0.068723,51.574275],[-0.06872,51.574265],[-0.068705,51.574199],[-0.068648,51.57394],[-0.068592,51.573861],[-0.068586,51.573853],[-0.068534,51.573778],[-0.068526,51.57376],[-0.068494,51.573687],[-0.068473,51.573638],[-0.068303,51.573247],[-0.068313,51.573245],[-0.068392,51.57323],[-0.068749,51.573162],[-0.068798,51.573061],[-0.068747,51.573028],[-0.06877,51.572994],[-0.068778,51.572968],[-0.068814,51.57286],[-0.068894,51.572586],[-0.068906,51.572543],[-0.069135,51.572575],[-0.069382,51.57261],[-0.069391,51.572572],[-0.069606,51.572598],[-0.069693,51.572612],[-0.06985,51.572638],[-0.069965,51.572658],[-0.070139,51.572695],[-0.070193,51.572707],[-0.070392,51.572756],[-0.070465,51.572774],[-0.07068,51.572841],[-0.070864,51.572898],[-0.070877,51.5729],[-0.070915,51.572905],[-0.070935,51.572908],[-0.071084,51.572942],[-0.071092,51.572943],[-0.071107,51.572947],[-0.071278,51.573003],[-0.071295,51.57301],[-0.071481,51.573081],[-0.071675,51.573156],[-0.071716,51.573167],[-0.071719,51.573169],[-0.071718,51.573173],[-0.071723,51.573175],[-0.071736,51.573183],[-0.071741,51.573187],[-0.071857,51.573256],[-0.071923,51.573296],[-0.071874,51.57329],[-0.071857,51.573288],[-0.07178,51.573352],[-0.071476,51.573605],[-0.071505,51.573621],[-0.071553,51.573646],[-0.07161,51.573683],[-0.071638,51.573702],[-0.071651,51.57372],[-0.07165,51.573747],[-0.071634,51.573783],[-0.071618,51.573818],[-0.071574,51.573845],[-0.07153,51.573862],[-0.071486,51.57387],[-0.071356,51.573877],[-0.071335,51.573877],[-0.07107,51.57388],[-0.071062,51.57388],[-0.071024,51.573881],[-0.071009,51.573889],[-0.07101,51.573941],[-0.071014,51.574105],[-0.071014,51.574114],[-0.071043,51.574115],[-0.071107,51.574117],[-0.071338,51.574126],[-0.071439,51.574129],[-0.071475,51.574131],[-0.07149,51.574131],[-0.071806,51.574136],[-0.072311,51.574144],[-0.072335,51.574146],[-0.072341,51.574145],[-0.072341,51.574139],[-0.072361,51.57396],[-0.072364,51.57393],[-0.072365,51.573912],[-0.07237,51.573788],[-0.072372,51.57375],[-0.072464,51.573607],[-0.072497,51.573518],[-0.072507,51.573485],[-0.072514,51.573464],[-0.07253,51.57342],[-0.0727,51.573485],[-0.072804,51.573525],[-0.072823,51.573598],[-0.072824,51.573601],[-0.07282,51.573607],[-0.072817,51.573612],[-0.072824,51.573621],[-0.072838,51.57364],[-0.073049,51.573923],[-0.073141,51.574046],[-0.073154,51.574063],[-0.073293,51.574245],[-0.073349,51.57436],[-0.073387,51.574437],[-0.073451,51.574443],[-0.073502,51.574452],[-0.073848,51.574561],[-0.07396,51.574758],[-0.073958,51.574788],[-0.073955,51.574815],[-0.073953,51.574839],[-0.073915,51.574879],[-0.073877,51.574919],[-0.073728,51.575075],[-0.073651,51.575155],[-0.073597,51.575211],[-0.073569,51.57524],[-0.073533,51.575278],[-0.073419,51.575324],[-0.073384,51.57557],[-0.073371,51.575656],[-0.073353,51.575656],[-0.073257,51.575658],[-0.073206,51.575659],[-0.073176,51.57566],[-0.073092,51.575662],[-0.073066,51.575662],[-0.073011,51.575663],[-0.072989,51.575664],[-0.072959,51.575665],[-0.072953,51.575665],[-0.072751,51.575671],[-0.072437,51.575641],[-0.072429,51.575641],[-0.072399,51.575638],[-0.07234,51.575633],[-0.072219,51.575658],[-0.071986,51.575706],[-0.071903,51.575723],[-0.071872,51.575639],[-0.071866,51.57562],[-0.071864,51.575616],[-0.071729,51.575628],[-0.071706,51.57563],[-0.071688,51.575632],[-0.071639,51.575636],[-0.071615,51.575638],[-0.071508,51.575648],[-0.07146,51.575652],[-0.071445,51.575653],[-0.071369,51.57566],[-0.071356,51.575661],[-0.071332,51.575663],[-0.071247,51.575671],[-0.071147,51.575679],[-0.071114,51.575682],[-0.07111,51.575683],[-0.071081,51.575685],[-0.071057,51.575687],[-0.071051,51.575688],[-0.071014,51.575696],[-0.070999,51.575699],[-0.070966,51.575705],[-0.070937,51.575711],[-0.070925,51.575713],[-0.070896,51.575719],[-0.070877,51.575722],[-0.070824,51.575733],[-0.070814,51.575735],[-0.070806,51.575736],[-0.070779,51.575741],[-0.070765,51.575744],[-0.07074,51.575749],[-0.070676,51.575762],[-0.070669,51.575763],[-0.070648,51.575767],[-0.070626,51.575771],[-0.070618,51.575773],[-0.070561,51.575784],[-0.070546,51.575787],[-0.070518,51.575792],[-0.070494,51.575797],[-0.070472,51.575801],[-0.070461,51.575803],[-0.07045,51.575806],[-0.070378,51.575822],[-0.070366,51.575825],[-0.070346,51.57583],[-0.070308,51.575839],[-0.070301,51.57584],[-0.070271,51.575847],[-0.070244,51.575853],[-0.070207,51.575862],[-0.070189,51.575866],[-0.070142,51.575877],[-0.070126,51.57588],[-0.070082,51.57589],[-0.070074,51.575892],[-0.070018,51.575905],[-0.07001,51.575907],[-0.069969,51.575915],[-0.069949,51.575919],[-0.069943,51.57592],[-0.069867,51.575935],[-0.069854,51.575937],[-0.069819,51.575943],[-0.069807,51.575945],[-0.06975,51.575954],[-0.069742,51.575955],[-0.069715,51.575959],[-0.069703,51.575961],[-0.069687,51.575964],[-0.069676,51.575965],[-0.069624,51.575974],[-0.069619,51.575974],[-0.069611,51.575975],[-0.069584,51.575978],[-0.069574,51.57598],[-0.069492,51.575989],[-0.069462,51.575993],[-0.069451,51.575994],[-0.069407,51.575999],[-0.0694,51.576],[-0.069349,51.576006],[-0.069337,51.576008],[-0.069301,51.576012],[-0.069296,51.576013],[-0.069275,51.576016],[-0.069254,51.576019],[-0.069216,51.576026],[-0.069199,51.576029],[-0.069166,51.576034],[-0.069083,51.576048],[-0.069062,51.576052],[-0.069019,51.576059],[-0.069009,51.57606],[-0.068989,51.576064],[-0.06896,51.576068],[-0.068933,51.576073],[-0.06892,51.576075],[-0.068892,51.57608],[-0.068851,51.576087],[-0.068833,51.57609],[-0.068808,51.576094],[-0.068789,51.576097],[-0.068757,51.576102],[-0.068748,51.576104],[-0.068725,51.576108],[-0.068708,51.57611],[-0.0687,51.576112],[-0.068652,51.57612],[-0.068623,51.576125],[-0.068611,51.576127],[-0.068595,51.576129],[-0.068568,51.576134],[-0.068554,51.576136],[-0.068547,51.576137],[-0.068523,51.576141],[-0.068501,51.576146],[-0.068485,51.576149],[-0.06848,51.57615],[-0.068466,51.576153],[-0.06846,51.576154],[-0.068445,51.576157],[-0.068423,51.576162],[-0.068356,51.576176],[-0.06835,51.576177],[-0.068335,51.57618],[-0.068327,51.576182],[-0.068283,51.576191],[-0.068261,51.576196],[-0.068249,51.576198],[-0.068238,51.5762],[-0.068226,51.576202],[-0.068196,51.576206],[-0.068151,51.576214],[-0.06813,51.576217],[-0.068114,51.576219],[-0.068103,51.576221],[-0.068093,51.576223],[-0.068059,51.576228],[-0.068053,51.576229],[-0.068039,51.576231],[-0.067987,51.576237],[-0.06796,51.57624],[-0.067923,51.576244],[-0.067889,51.576248],[-0.067831,51.576255],[-0.067814,51.576256],[-0.0678,51.576258],[-0.067778,51.576261],[-0.067762,51.576262],[-0.067756,51.576263],[-0.067709,51.576268],[-0.067705,51.576269],[-0.067612,51.576279],[-0.067581,51.576282],[-0.067554,51.576285],[-0.067544,51.576287],[-0.067517,51.57629],[-0.067462,51.576296],[-0.067415,51.576301],[-0.067392,51.5763],[-0.067387,51.5763],[-0.067368,51.576298],[-0.067341,51.576297],[-0.067329,51.576296],[-0.067297,51.576294],[-0.067283,51.576293],[-0.067205,51.576293],[-0.067198,51.576293],[-0.067159,51.576296],[-0.067152,51.576297],[-0.067097,51.576301],[-0.067065,51.576303],[-0.066857,51.576331],[-0.066726,51.576349],[-0.066728,51.576306],[-0.066728,51.576302]]]}},{"type":"Feature","properties":{"LSOA21CD":"E01001815","LSOA21NM":"Hackney 024D","MEAN_PTAL_":"3","mean_AI":11.7446460796,"borough":"Hackney"},"geometry":{"type":"Polygon","coordinates":[[[-0.06154,51.54104],[-0.061533,51.541014],[-0.061527,51.541015],[-0.061502,51.540924],[-0.061499,51.540914],[-0.061496,51.540901],[-0.061493,51.54089],[-0.061488,51.540873],[-0.061461,51.540772],[-0.061443,51.540703],[-0.061323,51.540258],[-0.061279,51.54014],[-0.061285,51.540137],[-0.061289,51.540136],[-0.061253,51.540004],[-0.06124,51.539959],[-0.061161,51.539672],[-0.06112,51.539521],[-0.061093,51.539422],[-0.061067,51.53933],[-0.061064,51.539317],[-0.061049,51.539263],[-0.061015,51.539141],[-0.061004,51.539101],[-0.060994,51.539065],[-0.060949,51.538901],[-0.060943,51.538877],[-0.061138,51.538821],[-0.061305,51.538773],[-0.061309,51.538772],[-0.061455,51.538713],[-0.061489,51.538702],[-0.061672,51.538632],[-0.06203,51.538609],[-0.062017,51.538589],[-0.061936,51.538461],[-0.061942,51.538458],[-0.061966,51.538444],[-0.061981,51.538417],[-0.06197,51.538402],[-0.061968,51.5384],[-0.062026,51.538373],[-0.06207,51.538352],[-0.062075,51.538353],[-0.062097,51.538343],[-0.062103,51.538336],[-0.062193,51.538235],[-0.062214,51.538212],[-0.062304,51.538138],[-0.062319,51.538128],[-0.062383,51.5381],[-0.062528,51.538062],[-0.062532,51.538057],[-0.06254,51.538053],[-0.062652,51.537989],[-0.062668,51.537982],[-0.06275,51.537957],[-0.062785,51.53795],[-0.062794,51.537942],[-0.062871,51.537874],[-0.062928,51.537835],[-0.063011,51.537804],[-0.063114,51.537779],[-0.06312,51.537775],[-0.063351,51.537614],[-0.063367,51.537602],[-0.063463,51.537684],[-0.06348,51.537677],[-0.063725,51.537559],[-0.063749,51.537548],[-0.063944,51.537627],[-0.064025,51.537638],[-0.06403,51.537633],[-0.064127,51.537553],[-0.064336,51.537603],[-0.06435,51.537603],[-0.064435,51.537605],[-0.064442,51.537605],[-0.064531,51.53759],[-0.064595,51.537571],[-0.064615,51.537567],[-0.064686,51.537552],[-0.064721,51.537542],[-0.064808,51.537518],[-0.064827,51.53752],[-0.064839,51.537522],[-0.064887,51.537528],[-0.064896,51.53753],[-0.064917,51.537532],[-0.064922,51.537533],[-0.06493,51.537535],[-0.064942,51.537526],[-0.064996,51.537485],[-0.065056,51.537447],[-0.06508,51.537434],[-0.065103,51.537421],[-0.065118,51.537417],[-0.065327,51.537363],[-0.065336,51.537362],[-0.065369,51.537358],[-0.065512,51.537341],[-0.065526,51.537343],[-0.065616,51.537358],[-0.065631,51.537361],[-0.065807,51.537416],[-0.065856,51.537438],[-0.06592,51.53759],[-0.065913,51.5376],[-0.065884,51.537641],[-0.065671,51.537697],[-0.065656,51.5377],[-0.065616,51.537708],[-0.065599,51.537711],[-0.06557,51.537715],[-0.065551,51.537717],[-0.065495,51.537722],[-0.065483,51.537722],[-0.065472,51.537722],[-0.065408,51.537723],[-0.0654,51.537723],[-0.065392,51.537722],[-0.065162,51.537698],[-0.065149,51.537696],[-0.065122,51.53769],[-0.065112,51.537688],[-0.065093,51.53776],[-0.065086,51.537789],[-0.065152,51.538075],[-0.065153,51.538079],[-0.065287,51.538044],[-0.065299,51.538045],[-0.065378,51.538056],[-0.065385,51.538058],[-0.0654,51.538063],[-0.065457,51.538071],[-0.065464,51.538072],[-0.065473,51.538072],[-0.06555,51.538082],[-0.065565,51.538086],[-0.065587,51.538092],[-0.065642,51.5381],[-0.065659,51.538104],[-0.065705,51.538116],[-0.065709,51.538116],[-0.065714,51.538117],[-0.065716,51.53812],[-0.06572,51.538142],[-0.065721,51.538146],[-0.065737,51.53818],[-0.065743,51.538215],[-0.065743,51.53822],[-0.065741,51.538246],[-0.065763,51.538309],[-0.06577,51.53831],[-0.066093,51.538348],[-0.065999,51.538478],[-0.06591,51.538592],[-0.0659,51.538594],[-0.06591,51.538599],[-0.065857,51.53867],[-0.065768,51.53879],[-0.065761,51.538799],[-0.06576,51.538848],[-0.065915,51.538833],[-0.065937,51.538833],[-0.065978,51.538832],[-0.066009,51.538832],[-0.066032,51.538831],[-0.066092,51.53883],[-0.066203,51.538829],[-0.066264,51.538826],[-0.066463,51.538819],[-0.066543,51.538816],[-0.066581,51.538815],[-0.066668,51.538811],[-0.06668,51.538811],[-0.066768,51.538808],[-0.066821,51.538806],[-0.066914,51.538802],[-0.06708,51.538796],[-0.067085,51.538796],[-0.067094,51.538796],[-0.067142,51.538794],[-0.067203,51.538792],[-0.067207,51.538791],[-0.06728,51.538789],[-0.067285,51.538789],[-0.067391,51.538785],[-0.067473,51.538782],[-0.06749,51.538781],[-0.067613,51.538776],[-0.067741,51.538772],[-0.067807,51.538769],[-0.06798,51.538763],[-0.068052,51.53876],[-0.068132,51.538757],[-0.068213,51.538754],[-0.068397,51.538747],[-0.068425,51.538746],[-0.068601,51.53874],[-0.068718,51.538735],[-0.068831,51.538731],[-0.06889,51.538729],[-0.068921,51.538728],[-0.069021,51.538724],[-0.069137,51.53872],[-0.06918,51.538718],[-0.069222,51.538717],[-0.069348,51.538712],[-0.069432,51.538708],[-0.06954,51.538704],[-0.069563,51.538704],[-0.069561,51.538718],[-0.069528,51.53905],[-0.069397,51.539051],[-0.069238,51.539057],[-0.069057,51.539065],[-0.069058,51.539032],[-0.06808,51.539075],[-0.067853,51.539079],[-0.067641,51.539082],[-0.067462,51.53912],[-0.067497,51.539452],[-0.067489,51.539452],[-0.067494,51.539519],[-0.067498,51.539587],[-0.067494,51.539675],[-0.067469,51.539671],[-0.067462,51.539677],[-0.067442,51.539698],[-0.067408,51.539705],[-0.066778,51.539831],[-0.066606,51.539752],[-0.06637,51.53985],[-0.066172,51.539932],[-0.066144,51.539935],[-0.066068,51.539933],[-0.066009,51.539929],[-0.065991,51.539928],[-0.065986,51.539928],[-0.065966,51.539928],[-0.065928,51.539928],[-0.065863,51.539929],[-0.065812,51.539934],[-0.065742,51.539936],[-0.065626,51.539935],[-0.065604,51.539933],[-0.065472,51.539938],[-0.065459,51.539937],[-0.065373,51.539933],[-0.065331,51.539935],[-0.065244,51.539933],[-0.065235,51.539933],[-0.06516,51.539929],[-0.065059,51.53993],[-0.065045,51.539931],[-0.064954,51.539922],[-0.06493,51.539921],[-0.064908,51.539919],[-0.064784,51.539915],[-0.064774,51.539914],[-0.064749,51.539912],[-0.064715,51.539912],[-0.064511,51.539917],[-0.064452,51.539918],[-0.064387,51.539919],[-0.064362,51.540257],[-0.064245,51.540325],[-0.064234,51.540332],[-0.064233,51.54034],[-0.064242,51.540648],[-0.064242,51.540653],[-0.064073,51.540698],[-0.063739,51.540595],[-0.063736,51.540538],[-0.063724,51.540334],[-0.063724,51.540324],[-0.063155,51.540316],[-0.063151,51.540307],[-0.063129,51.540262],[-0.063061,51.540171],[-0.06306,51.540179],[-0.063058,51.5402],[-0.063056,51.540234],[-0.062848,51.540597],[-0.062843,51.540606],[-0.062999,51.540762],[-0.063006,51.540769],[-0.062804,51.540893],[-0.062798,51.540897],[-0.062506,51.540878],[-0.062424,51.540844],[-0.062408,51.540837],[-0.062298,51.540941],[-0.062288,51.540951],[-0.06227,51.540957],[-0.061982,51.54099],[-0.061974,51.540991],[-0.06154,51.54104]]]}},{"type":"Feature","properties":{"LSOA21CD":"E01001816","LSOA21NM":"Hackney 020D","MEAN_PTAL_":"3","mean_AI":11.0687907169,"borough":"Hackney"},"geometry":{"type":"Polygon","coordinates":[[[-0.060175,51.543613],[-0.060109,51.542463],[-0.060262,51.542313],[-0.060309,51.542267],[-0.060949,51.542341],[-0.060974,51.542338],[-0.061575,51.542165],[-0.061916,51.542125],[-0.061932,51.542123],[-0.061876,51.541923],[-0.061874,51.541915],[-0.06186,51.541926],[-0.061772,51.541611],[-0.061689,51.541623],[-0.061672,51.541556],[-0.061659,51.541508],[-0.061642,51.54144],[-0.061624,51.541368],[-0.061568,51.541149],[-0.061547,51.541066],[-0.06154,51.54104],[-0.061974,51.540991],[-0.061982,51.54099],[-0.06227,51.540957],[-0.062288,51.540951],[-0.062298,51.540941],[-0.062408,51.540837],[-0.062424,51.540844],[-0.062506,51.540878],[-0.062798,51.540897],[-0.062804,51.540893],[-0.063006,51.540769],[-0.062999,51.540762],[-0.062843,51.540606],[-0.062848,51.540597],[-0.063056,51.540234],[-0.063058,51.5402],[-0.06306,51.540179],[-0.063061,51.540171],[-0.063129,51.540262],[-0.063151,51.540307],[-0.063155,51.540316],[-0.063724,51.540324],[-0.063724,51.540334],[-0.063736,51.540538],[-0.063739,51.540595],[-0.064073,51.540698],[-0.064242,51.540653],[-0.064242,51.540648],[-0.064233,51.54034],[-0.064234,51.540332],[-0.064245,51.540325],[-0.064362,51.540257],[-0.064387,51.539919],[-0.064452,51.539918],[-0.064511,51.539917],[-0.064715,51.539912],[-0.064749,51.539912],[-0.064774,51.539914],[-0.064784,51.539915],[-0.064908,51.539919],[-0.06493,51.539921],[-0.064954,51.539922],[-0.065045,51.539931],[-0.065059,51.53993],[-0.06516,51.539929],[-0.065235,51.539933],[-0.065244,51.539933],[-0.065331,51.539935],[-0.065373,51.539933],[-0.065459,51.539937],[-0.065472,51.539938],[-0.065604,51.539933],[-0.065626,51.539935],[-0.065742,51.539936],[-0.065812,51.539934],[-0.065863,51.539929],[-0.065928,51.539928],[-0.065966,51.539928],[-0.065986,51.539928],[-0.065991,51.539928],[-0.066009,51.539929],[-0.066068,51.539933],[-0.066144,51.539935],[-0.066172,51.539932],[-0.06637,51.53985],[-0.066606,51.539752],[-0.066778,51.539831],[-0.066854,51.539933],[-0.066857,51.539941],[-0.066871,51.539973],[-0.066878,51.539989],[-0.0669,51.54],[-0.066963,51.540037],[-0.066967,51.540039],[-0.066969,51.540042],[-0.066992,51.540065],[-0.067029,51.540101],[-0.067038,51.540115],[-0.067052,51.540135],[-0.067067,51.540157],[-0.067079,51.540205],[-0.067081,51.54021],[-0.067078,51.540225],[-0.067078,51.540228],[-0.067076,51.540231],[-0.067,51.540372],[-0.066987,51.540378],[-0.067027,51.540502],[-0.067023,51.540571],[-0.066996,51.540617],[-0.066969,51.540647],[-0.066881,51.540715],[-0.066878,51.540717],[-0.066889,51.540724],[-0.066948,51.540776],[-0.06699,51.540835],[-0.067005,51.540882],[-0.067005,51.540933],[-0.066969,51.541037],[-0.066932,51.541037],[-0.066856,51.541035],[-0.066838,51.541035],[-0.066838,51.541039],[-0.066842,51.541356],[-0.066801,51.541384],[-0.066816,51.541395],[-0.066839,51.541417],[-0.066854,51.541432],[-0.066904,51.541501],[-0.066916,51.541517],[-0.066924,51.54155],[-0.066927,51.541563],[-0.06692,51.541702],[-0.066898,51.54172],[-0.066899,51.541724],[-0.06691,51.541748],[-0.066949,51.541831],[-0.06695,51.541864],[-0.066921,51.541957],[-0.066886,51.542004],[-0.066851,51.542035],[-0.066829,51.54205],[-0.0668,51.54207],[-0.066784,51.542079],[-0.066866,51.542151],[-0.066897,51.542197],[-0.066913,51.542235],[-0.066918,51.542295],[-0.066896,51.542398],[-0.066866,51.542418],[-0.066862,51.542421],[-0.066829,51.542442],[-0.066852,51.542524],[-0.066852,51.542572],[-0.066839,51.542616],[-0.066819,51.54265],[-0.066752,51.542726],[-0.066709,51.542774],[-0.066801,51.542805],[-0.067171,51.542887],[-0.067313,51.542817],[-0.067292,51.543137],[-0.067291,51.543154],[-0.06729,51.543175],[-0.067166,51.543179],[-0.066913,51.543188],[-0.06686,51.54319],[-0.066776,51.543193],[-0.066682,51.543196],[-0.066657,51.543197],[-0.066574,51.5432],[-0.066532,51.543201],[-0.066457,51.543204],[-0.066449,51.543204],[-0.066353,51.543208],[-0.066328,51.543209],[-0.066243,51.543212],[-0.066201,51.543213],[-0.06614,51.543215],[-0.066056,51.543218],[-0.065993,51.543221],[-0.065982,51.543221],[-0.065878,51.543225],[-0.065814,51.543227],[-0.065738,51.54323],[-0.065647,51.543233],[-0.065599,51.543234],[-0.065494,51.543238],[-0.065382,51.543242],[-0.065365,51.543243],[-0.065269,51.543246],[-0.065253,51.543247],[-0.065236,51.543247],[-0.065169,51.54325],[-0.065161,51.54325],[-0.065067,51.543253],[-0.065045,51.543254],[-0.064947,51.543257],[-0.064869,51.543259],[-0.064855,51.543259],[-0.064844,51.54326],[-0.064737,51.543262],[-0.064712,51.543262],[-0.064619,51.543264],[-0.064606,51.543265],[-0.064424,51.543269],[-0.064414,51.543269],[-0.064395,51.543269],[-0.064146,51.543275],[-0.064139,51.543275],[-0.06403,51.543277],[-0.064019,51.543277],[-0.063828,51.543282],[-0.063791,51.543282],[-0.063779,51.543283],[-0.06376,51.543284],[-0.063664,51.543287],[-0.063651,51.543288],[-0.063547,51.543292],[-0.063404,51.543297],[-0.063391,51.543298],[-0.06326,51.543303],[-0.063251,51.543303],[-0.063,51.543313],[-0.062953,51.543316],[-0.062922,51.543319],[-0.062907,51.54332],[-0.062773,51.54333],[-0.06276,51.543331],[-0.0626,51.543344],[-0.062579,51.543346],[-0.062535,51.543349],[-0.062459,51.543355],[-0.062437,51.543357],[-0.062341,51.543364],[-0.062287,51.543368],[-0.062259,51.543372],[-0.062183,51.543382],[-0.062061,51.543398],[-0.062038,51.543401],[-0.061965,51.54341],[-0.061885,51.543421],[-0.061855,51.543425],[-0.061795,51.543432],[-0.061738,51.54344],[-0.06168,51.543447],[-0.061583,51.54346],[-0.061576,51.543461],[-0.061555,51.543463],[-0.061403,51.543483],[-0.061313,51.543495],[-0.061298,51.543497],[-0.061121,51.54352],[-0.06104,51.54353],[-0.060537,51.543595],[-0.060521,51.543597],[-0.060272,51.54363],[-0.060176,51.543642],[-0.060175,51.543613]]]}},{"type":"Feature","properties":{"LSOA21CD":"E01001819","LSOA21NM":"Hackney 020E","MEAN_PTAL_":"3","mean_AI":12.7628359889,"borough":"Hackney"},"geometry":{"type":"Polygon","coordinates":[[[-0.067292,51.543137],[-0.067313,51.542817],[-0.067171,51.542887],[-0.066801,51.542805],[-0.066709,51.542774],[-0.066752,51.542726],[-0.066819,51.54265],[-0.066839,51.542616],[-0.066852,51.542572],[-0.066852,51.542524],[-0.066829,51.542442],[-0.066862,51.542421],[-0.066866,51.542418],[-0.066896,51.542398],[-0.066918,51.542295],[-0.066913,51.542235],[-0.066897,51.542197],[-0.066866,51.542151],[-0.066784,51.542079],[-0.0668,51.54207],[-0.066829,51.54205],[-0.066851,51.542035],[-0.066886,51.542004],[-0.066921,51.541957],[-0.06695,51.541864],[-0.066949,51.541831],[-0.06691,51.541748],[-0.066899,51.541724],[-0.066898,51.54172],[-0.06692,51.541702],[-0.066927,51.541563],[-0.066924,51.54155],[-0.066916,51.541517],[-0.066904,51.541501],[-0.066854,51.541432],[-0.066839,51.541417],[-0.066816,51.541395],[-0.066801,51.541384],[-0.066842,51.541356],[-0.066838,51.541039],[-0.066838,51.541035],[-0.066856,51.541035],[-0.066932,51.541037],[-0.066969,51.541037],[-0.067005,51.540933],[-0.067005,51.540882],[-0.06699,51.540835],[-0.066948,51.540776],[-0.066889,51.540724],[-0.066878,51.540717],[-0.066881,51.540715],[-0.066969,51.540647],[-0.066996,51.540617],[-0.067023,51.540571],[-0.067027,51.540502],[-0.066987,51.540378],[-0.067,51.540372],[-0.067076,51.540231],[-0.067078,51.540228],[-0.067078,51.540225],[-0.067081,51.54021],[-0.067079,51.540205],[-0.067067,51.540157],[-0.067052,51.540135],[-0.067038,51.540115],[-0.067029,51.540101],[-0.066992,51.540065],[-0.066969,51.540042],[-0.066967,51.540039],[-0.066963,51.540037],[-0.0669,51.54],[-0.066878,51.539989],[-0.066871,51.539973],[-0.066857,51.539941],[-0.066854,51.539933],[-0.066778,51.539831],[-0.067408,51.539705],[-0.067442,51.539698],[-0.067462,51.539677],[-0.067469,51.539671],[-0.067494,51.539675],[-0.067498,51.539587],[-0.067494,51.539519],[-0.067489,51.539452],[-0.067497,51.539452],[-0.067462,51.53912],[-0.067641,51.539082],[-0.067853,51.539079],[-0.06808,51.539075],[-0.069058,51.539032],[-0.069057,51.539065],[-0.069238,51.539057],[-0.069397,51.539051],[-0.069528,51.53905],[-0.069561,51.538718],[-0.069563,51.538704],[-0.06967,51.538704],[-0.069963,51.538703],[-0.070045,51.538703],[-0.070241,51.538705],[-0.07024,51.538718],[-0.070226,51.538875],[-0.070222,51.538927],[-0.070211,51.539049],[-0.070231,51.53905],[-0.070286,51.539052],[-0.070425,51.539058],[-0.070784,51.539073],[-0.070863,51.539076],[-0.070902,51.539078],[-0.070906,51.539033],[-0.070907,51.539025],[-0.071088,51.539036],[-0.071154,51.53904],[-0.071162,51.53904],[-0.071177,51.539041],[-0.07126,51.539046],[-0.071292,51.539048],[-0.071415,51.539055],[-0.071423,51.539055],[-0.071431,51.539056],[-0.071443,51.539056],[-0.071496,51.53906],[-0.071586,51.539065],[-0.071593,51.539065],[-0.071642,51.539068],[-0.071695,51.539071],[-0.07173,51.539073],[-0.071739,51.539074],[-0.071889,51.539084],[-0.071939,51.539088],[-0.071976,51.53909],[-0.072069,51.539096],[-0.072083,51.539097],[-0.072212,51.539105],[-0.072228,51.539106],[-0.072315,51.539111],[-0.072382,51.539115],[-0.072427,51.539118],[-0.072436,51.539118],[-0.072504,51.539122],[-0.072515,51.539122],[-0.072568,51.539125],[-0.07258,51.539126],[-0.072646,51.53913],[-0.072654,51.53913],[-0.072693,51.539132],[-0.072723,51.539134],[-0.072845,51.539141],[-0.072874,51.539142],[-0.073003,51.539149],[-0.07301,51.539149],[-0.073033,51.539151],[-0.07305,51.539151],[-0.073188,51.539158],[-0.073196,51.539159],[-0.073235,51.539161],[-0.073241,51.539161],[-0.073252,51.539162],[-0.073391,51.539171],[-0.073401,51.539172],[-0.073507,51.539178],[-0.073528,51.53918],[-0.073629,51.539186],[-0.073661,51.539187],[-0.073678,51.539188],[-0.073694,51.539189],[-0.073781,51.539193],[-0.073817,51.539194],[-0.073821,51.539194],[-0.074089,51.539219],[-0.074274,51.539417],[-0.074375,51.539525],[-0.073811,51.539676],[-0.073781,51.539633],[-0.073816,51.53959],[-0.073764,51.539587],[-0.073688,51.539584],[-0.073678,51.539583],[-0.07354,51.539576],[-0.07349,51.539574],[-0.07344,51.539571],[-0.073354,51.539567],[-0.073331,51.539568],[-0.073238,51.539574],[-0.073237,51.539592],[-0.073237,51.539601],[-0.073233,51.539692],[-0.073229,51.53979],[-0.073227,51.539826],[-0.073201,51.539898],[-0.073034,51.540197],[-0.072979,51.540197],[-0.072924,51.540196],[-0.072894,51.540193],[-0.072888,51.540193],[-0.072869,51.540189],[-0.072844,51.540184],[-0.072739,51.540176],[-0.07272,51.540177],[-0.072681,51.540178],[-0.072629,51.540175],[-0.072602,51.540174],[-0.072518,51.540172],[-0.072472,51.540167],[-0.072445,51.540167],[-0.07235,51.540158],[-0.072345,51.540157],[-0.07234,51.540157],[-0.072294,51.540155],[-0.072267,51.540154],[-0.072222,51.540156],[-0.072175,51.540154],[-0.072082,51.540142],[-0.072072,51.540141],[-0.071981,51.540142],[-0.071951,51.540137],[-0.071941,51.540136],[-0.07183,51.54013],[-0.071815,51.540129],[-0.071739,51.540161],[-0.071685,51.540502],[-0.071512,51.540493],[-0.071292,51.540481],[-0.071243,51.540478],[-0.071173,51.540475],[-0.071124,51.540472],[-0.070994,51.540465],[-0.071001,51.540486],[-0.070999,51.540555],[-0.071083,51.540587],[-0.071123,51.540602],[-0.071129,51.540605],[-0.071165,51.540622],[-0.07118,51.540631],[-0.071186,51.540634],[-0.0712,51.540642],[-0.071271,51.5407],[-0.071203,51.540784],[-0.071178,51.540814],[-0.071055,51.540964],[-0.070971,51.540998],[-0.070947,51.541007],[-0.070832,51.541054],[-0.070801,51.541066],[-0.070803,51.54108],[-0.070745,51.541078],[-0.070661,51.541075],[-0.070334,51.541064],[-0.070244,51.54106],[-0.070061,51.54105],[-0.070059,51.541086],[-0.07003,51.541086],[-0.070029,51.541122],[-0.070054,51.541125],[-0.070039,51.54123],[-0.070022,51.541456],[-0.070012,51.541584],[-0.07001,51.541615],[-0.070006,51.54167],[-0.070006,51.541673],[-0.070057,51.541674],[-0.070061,51.541671],[-0.070381,51.541676],[-0.070381,51.541679],[-0.070375,51.541972],[-0.07048,51.541992],[-0.070532,51.542001],[-0.070578,51.542014],[-0.07059,51.542019],[-0.070608,51.542026],[-0.070671,51.542061],[-0.070739,51.542072],[-0.070862,51.542093],[-0.070897,51.542112],[-0.070903,51.542116],[-0.070895,51.542125],[-0.070865,51.542161],[-0.070858,51.542243],[-0.070338,51.542234],[-0.070334,51.542236],[-0.070115,51.542348],[-0.069955,51.542328],[-0.069946,51.542436],[-0.069942,51.542487],[-0.069939,51.542568],[-0.069938,51.542577],[-0.069934,51.542689],[-0.069919,51.543044],[-0.069918,51.543064],[-0.069911,51.543065],[-0.069897,51.543065],[-0.069554,51.543081],[-0.069486,51.543084],[-0.069335,51.543092],[-0.069317,51.543092],[-0.069237,51.543096],[-0.069229,51.543096],[-0.069142,51.543101],[-0.069126,51.543101],[-0.069046,51.543105],[-0.068991,51.543108],[-0.068961,51.543109],[-0.068805,51.543116],[-0.068662,51.543123],[-0.068656,51.543123],[-0.068549,51.543128],[-0.068393,51.543135],[-0.06837,51.543137],[-0.068231,51.543141],[-0.068158,51.543144],[-0.068153,51.543144],[-0.068069,51.543147],[-0.06806,51.543148],[-0.068037,51.543148],[-0.067938,51.543152],[-0.067822,51.543156],[-0.067698,51.54316],[-0.067603,51.543164],[-0.067511,51.543167],[-0.067327,51.543173],[-0.06732,51.543174],[-0.06729,51.543175],[-0.067291,51.543154],[-0.067292,51.543137]]]}},{"type":"Feature","properties":{"LSOA21CD":"E01001820","LSOA21NM":"Hackney 024E","MEAN_PTAL_":"3","mean_AI":11.9872552435,"borough":"Hackney"},"geometry":{"type":"Polygon","coordinates":[[[-0.065299,51.538045],[-0.065287,51.538044],[-0.065153,51.538079],[-0.065152,51.538075],[-0.065086,51.537789],[-0.065093,51.53776],[-0.065112,51.537688],[-0.065122,51.53769],[-0.065149,51.537696],[-0.065162,51.537698],[-0.065392,51.537722],[-0.0654,51.537723],[-0.065408,51.537723],[-0.065472,51.537722],[-0.065483,51.537722],[-0.065495,51.537722],[-0.065551,51.537717],[-0.06557,51.537715],[-0.065599,51.537711],[-0.065616,51.537708],[-0.065656,51.5377],[-0.065671,51.537697],[-0.065884,51.537641],[-0.065937,51.537701],[-0.065945,51.537703],[-0.06595,51.537704],[-0.066041,51.537721],[-0.066125,51.53773],[-0.066129,51.537731],[-0.066134,51.537726],[-0.066141,51.537717],[-0.066182,51.537662],[-0.066198,51.53764],[-0.066245,51.537578],[-0.066258,51.537561],[-0.066276,51.537537],[-0.06623,51.537515],[-0.066186,51.537493],[-0.066127,51.537344],[-0.066124,51.537335],[-0.066055,51.537337],[-0.066051,51.537257],[-0.066111,51.537201],[-0.06612,51.537203],[-0.066134,51.537205],[-0.066156,51.537208],[-0.066318,51.53727],[-0.066464,51.537292],[-0.066481,51.537297],[-0.06653,51.537306],[-0.066585,51.537309],[-0.066598,51.537311],[-0.066614,51.537315],[-0.066618,51.537316],[-0.066647,51.537321],[-0.066655,51.537321],[-0.066673,51.537321],[-0.066763,51.537325],[-0.066819,51.537333],[-0.06685,51.537337],[-0.066856,51.537334],[-0.06687,51.537327],[-0.066876,51.537324],[-0.06691,51.537309],[-0.066921,51.537299],[-0.067013,51.537216],[-0.067014,51.537213],[-0.067021,51.537197],[-0.067022,51.537131],[-0.06702,51.537123],[-0.067015,51.537098],[-0.066789,51.537082],[-0.066756,51.537076],[-0.066732,51.537068],[-0.066713,51.537062],[-0.066652,51.537033],[-0.066646,51.53699],[-0.066644,51.536975],[-0.066641,51.536954],[-0.066636,51.536913],[-0.066634,51.5369],[-0.066633,51.536893],[-0.066632,51.536885],[-0.066634,51.536877],[-0.06665,51.536804],[-0.06665,51.5368],[-0.066661,51.5368],[-0.06676,51.536795],[-0.067075,51.536778],[-0.067111,51.536776],[-0.067113,51.536765],[-0.067098,51.53676],[-0.067083,51.536755],[-0.067017,51.536732],[-0.066993,51.536718],[-0.066906,51.536665],[-0.066984,51.536506],[-0.06711,51.5365],[-0.067117,51.536499],[-0.067153,51.536497],[-0.06717,51.536497],[-0.067178,51.536497],[-0.067562,51.536487],[-0.067565,51.536469],[-0.067638,51.536458],[-0.067704,51.536468],[-0.067709,51.536468],[-0.067749,51.536471],[-0.067768,51.536472],[-0.067821,51.536469],[-0.067852,51.536461],[-0.067966,51.536432],[-0.068001,51.53642],[-0.068,51.536411],[-0.067969,51.536017],[-0.06821,51.535817],[-0.068348,51.535701],[-0.068514,51.535711],[-0.06852,51.535712],[-0.068535,51.535713],[-0.068604,51.535717],[-0.06868,51.535721],[-0.068708,51.535723],[-0.068714,51.535723],[-0.068769,51.535729],[-0.068786,51.53573],[-0.068817,51.535733],[-0.068845,51.535736],[-0.068973,51.535748],[-0.068979,51.535748],[-0.069066,51.535757],[-0.069086,51.535759],[-0.069252,51.535774],[-0.069268,51.535776],[-0.069589,51.535806],[-0.069742,51.535821],[-0.069875,51.535833],[-0.069956,51.535841],[-0.070175,51.535861],[-0.070195,51.536023],[-0.070197,51.536033],[-0.070227,51.536278],[-0.070228,51.536296],[-0.070234,51.536387],[-0.070241,51.53649],[-0.070242,51.536493],[-0.070244,51.536531],[-0.070245,51.536545],[-0.070252,51.536638],[-0.070253,51.536647],[-0.070257,51.536707],[-0.070258,51.536719],[-0.070264,51.536815],[-0.070265,51.536823],[-0.070277,51.536993],[-0.070277,51.536999],[-0.070278,51.537008],[-0.07028,51.537029],[-0.070289,51.53717],[-0.07029,51.537175],[-0.070291,51.537195],[-0.070297,51.537277],[-0.0703,51.537314],[-0.070301,51.537335],[-0.070303,51.537357],[-0.070303,51.537363],[-0.070304,51.537373],[-0.070304,51.537381],[-0.070305,51.537387],[-0.070306,51.537402],[-0.070306,51.537408],[-0.07031,51.537457],[-0.07031,51.537467],[-0.070311,51.537476],[-0.070316,51.537521],[-0.070316,51.537526],[-0.070319,51.537546],[-0.07032,51.537561],[-0.070322,51.537574],[-0.070328,51.537637],[-0.070329,51.537642],[-0.070333,51.537685],[-0.070335,51.537698],[-0.070343,51.537772],[-0.070332,51.537861],[-0.070318,51.537982],[-0.070316,51.537997],[-0.070311,51.538042],[-0.07031,51.538051],[-0.070307,51.53807],[-0.0703,51.538131],[-0.070297,51.538155],[-0.070295,51.538172],[-0.070295,51.538176],[-0.070285,51.538257],[-0.070285,51.538263],[-0.070283,51.538278],[-0.070268,51.538401],[-0.070267,51.538411],[-0.070266,51.538418],[-0.070264,51.538442],[-0.070264,51.538451],[-0.070258,51.538518],[-0.070256,51.538532],[-0.070255,51.538548],[-0.070255,51.538552],[-0.070248,51.53863],[-0.070241,51.538705],[-0.070045,51.538703],[-0.069963,51.538703],[-0.06967,51.538704],[-0.069563,51.538704],[-0.06954,51.538704],[-0.069432,51.538708],[-0.069348,51.538712],[-0.069222,51.538717],[-0.06918,51.538718],[-0.069137,51.53872],[-0.069021,51.538724],[-0.068921,51.538728],[-0.06889,51.538729],[-0.068831,51.538731],[-0.068718,51.538735],[-0.068601,51.53874],[-0.068425,51.538746],[-0.068397,51.538747],[-0.068213,51.538754],[-0.068132,51.538757],[-0.068052,51.53876],[-0.06798,51.538763],[-0.067807,51.538769],[-0.067741,51.538772],[-0.067613,51.538776],[-0.06749,51.538781],[-0.067473,51.538782],[-0.067391,51.538785],[-0.067285,51.538789],[-0.06728,51.538789],[-0.067207,51.538791],[-0.067203,51.538792],[-0.067142,51.538794],[-0.067094,51.538796],[-0.067085,51.538796],[-0.06708,51.538796],[-0.066914,51.538802],[-0.066821,51.538806],[-0.066768,51.538808],[-0.06668,51.538811],[-0.066668,51.538811],[-0.066581,51.538815],[-0.066543,51.538816],[-0.066463,51.538819],[-0.066264,51.538826],[-0.066203,51.538829],[-0.066092,51.53883],[-0.066032,51.538831],[-0.066009,51.538832],[-0.065978,51.538832],[-0.065937,51.538833],[-0.065915,51.538833],[-0.06576,51.538848],[-0.065761,51.538799],[-0.065768,51.53879],[-0.065857,51.53867],[-0.06591,51.538599],[-0.0659,51.538594],[-0.06591,51.538592],[-0.065999,51.538478],[-0.066093,51.538348],[-0.06577,51.53831],[-0.065763,51.538309],[-0.065741,51.538246],[-0.065743,51.53822],[-0.065743,51.538215],[-0.065737,51.53818],[-0.065721,51.538146],[-0.06572,51.538142],[-0.065716,51.53812],[-0.065714,51.538117],[-0.065709,51.538116],[-0.065705,51.538116],[-0.065659,51.538104],[-0.065642,51.5381],[-0.065587,51.538092],[-0.065565,51.538086],[-0.06555,51.538082],[-0.065473,51.538072],[-0.065464,51.538072],[-0.065457,51.538071],[-0.0654,51.538063],[-0.065385,51.538058],[-0.065378,51.538056],[-0.065299,51.538045]]]}},{"type":"Feature","properties":{"LSOA21CD":"E01001822","LSOA21NM":"Hackney 029C","MEAN_PTAL_":"2","mean_AI":9.12032247016,"borough":"Hackney"},"geometry":{"type":"Polygon","coordinates":[[[-0.05773,51.566501],[-0.057879,51.566037],[-0.057863,51.566032],[-0.057625,51.566],[-0.05757,51.565997],[-0.057426,51.565997],[-0.057414,51.565997],[-0.057389,51.565995],[-0.05739,51.565988],[-0.057294,51.565995],[-0.057238,51.565999],[-0.057122,51.566007],[-0.057115,51.566007],[-0.057105,51.566008],[-0.056971,51.56602],[-0.056942,51.566022],[-0.056802,51.56603],[-0.056755,51.566033],[-0.056404,51.566052],[-0.056356,51.566055],[-0.055965,51.566076],[-0.055964,51.566068],[-0.055943,51.56607],[-0.055944,51.566078],[-0.055784,51.566093],[-0.055604,51.566104],[-0.055248,51.566125],[-0.055112,51.566133],[-0.05496,51.566142],[-0.054904,51.566146],[-0.054839,51.566132],[-0.054815,51.566134],[-0.054816,51.566128],[-0.054826,51.566008],[-0.054844,51.565804],[-0.054847,51.565762],[-0.054856,51.565658],[-0.054858,51.565647],[-0.054871,51.565583],[-0.054883,51.56552],[-0.054906,51.565401],[-0.054912,51.565371],[-0.054821,51.565301],[-0.054618,51.565287],[-0.054518,51.565336],[-0.054357,51.565413],[-0.054301,51.565374],[-0.054386,51.56527],[-0.054437,51.565207],[-0.054449,51.565185],[-0.054491,51.565109],[-0.054541,51.565017],[-0.054593,51.564922],[-0.054655,51.564904],[-0.055137,51.564942],[-0.055122,51.564894],[-0.055169,51.564808],[-0.055232,51.564692],[-0.055329,51.564515],[-0.055358,51.564431],[-0.055364,51.564416],[-0.055384,51.564359],[-0.055458,51.564204],[-0.055461,51.564186],[-0.055595,51.564182],[-0.055607,51.564181],[-0.055633,51.56418],[-0.05565,51.56418],[-0.055706,51.564178],[-0.055726,51.564177],[-0.055804,51.564174],[-0.055811,51.564174],[-0.055816,51.564174],[-0.055899,51.564171],[-0.055949,51.564169],[-0.055983,51.564168],[-0.056001,51.564167],[-0.056007,51.564167],[-0.056016,51.564167],[-0.056052,51.564166],[-0.056136,51.564163],[-0.056141,51.564163],[-0.056148,51.564163],[-0.05617,51.564162],[-0.05622,51.564161],[-0.056232,51.56416],[-0.056293,51.564159],[-0.056318,51.564158],[-0.056339,51.564157],[-0.056379,51.564156],[-0.056396,51.564156],[-0.056432,51.564155],[-0.056441,51.564154],[-0.056473,51.564153],[-0.056478,51.564153],[-0.056545,51.564151],[-0.056581,51.56415],[-0.056622,51.564149],[-0.056649,51.564148],[-0.05671,51.564146],[-0.056719,51.564146],[-0.056725,51.564145],[-0.05679,51.564143],[-0.056801,51.564221],[-0.056816,51.564221],[-0.056856,51.56422],[-0.056925,51.564218],[-0.056936,51.564218],[-0.057041,51.564215],[-0.057038,51.564156],[-0.057048,51.564155],[-0.057063,51.564155],[-0.057135,51.564154],[-0.057311,51.56415],[-0.057394,51.564148],[-0.057444,51.564144],[-0.057477,51.564141],[-0.057472,51.564083],[-0.057477,51.564083],[-0.057482,51.564082],[-0.057624,51.564061],[-0.057871,51.564024],[-0.057898,51.564019],[-0.057911,51.564048],[-0.058302,51.564011],[-0.058314,51.56401],[-0.058293,51.563905],[-0.058282,51.563858],[-0.058265,51.563785],[-0.058262,51.563773],[-0.058253,51.563736],[-0.058252,51.563717],[-0.058401,51.56369],[-0.058405,51.56369],[-0.058579,51.563648],[-0.058628,51.563631],[-0.058727,51.563596],[-0.058732,51.563594],[-0.058846,51.563683],[-0.058866,51.563698],[-0.058888,51.563715],[-0.058909,51.563736],[-0.058939,51.563763],[-0.058951,51.563774],[-0.058969,51.563791],[-0.058973,51.563794],[-0.058999,51.563818],[-0.059004,51.563823],[-0.059006,51.563824],[-0.059136,51.563945],[-0.059225,51.564027],[-0.059233,51.564034],[-0.059299,51.564094],[-0.059382,51.564171],[-0.059389,51.564177],[-0.059393,51.564181],[-0.059446,51.56423],[-0.059488,51.564269],[-0.059538,51.564315],[-0.059547,51.564324],[-0.059554,51.56433],[-0.059578,51.564352],[-0.059782,51.564536],[-0.059789,51.564543],[-0.059813,51.564564],[-0.059875,51.564635],[-0.059898,51.564661],[-0.059902,51.564666],[-0.059907,51.564671],[-0.05993,51.564703],[-0.059934,51.564709],[-0.059979,51.564769],[-0.059988,51.564796],[-0.059995,51.564818],[-0.060008,51.564858],[-0.060018,51.564901],[-0.060019,51.564905],[-0.060031,51.564954],[-0.06004,51.564991],[-0.060052,51.565069],[-0.060065,51.565162],[-0.060068,51.565182],[-0.060075,51.565225],[-0.060084,51.565286],[-0.060084,51.56529],[-0.060128,51.56558],[-0.060135,51.565631],[-0.060159,51.565792],[-0.06016,51.565796],[-0.060161,51.565807],[-0.06017,51.565855],[-0.060172,51.565863],[-0.060193,51.565987],[-0.060224,51.566165],[-0.05966,51.56629],[-0.059654,51.566291],[-0.059568,51.566413],[-0.059485,51.566437],[-0.059478,51.566438],[-0.059329,51.566458],[-0.059185,51.566466],[-0.059159,51.566464],[-0.058975,51.566438],[-0.058899,51.566421],[-0.058892,51.56642],[-0.058883,51.566425],[-0.058867,51.566431],[-0.058709,51.566477],[-0.058634,51.566494],[-0.058537,51.566507],[-0.058416,51.56651],[-0.058366,51.566508],[-0.058339,51.566507],[-0.058325,51.566506],[-0.05832,51.566506],[-0.058201,51.56653],[-0.058095,51.566541],[-0.058014,51.566543],[-0.057925,51.566538],[-0.057847,51.566529],[-0.057812,51.566522],[-0.057734,51.566503],[-0.05773,51.566501]]]}},{"type":"Feature","properties":{"LSOA21CD":"E01001825","LSOA21NM":"Hackney 001E","MEAN_PTAL_":"3","mean_AI":12.6938832796,"borough":"Hackney"},"geometry":{"type":"Polygon","coordinates":[[[-0.063948,51.575848],[-0.063919,51.575798],[-0.063911,51.575784],[-0.063855,51.575686],[-0.063846,51.575671],[-0.063837,51.575656],[-0.063834,51.57565],[-0.063624,51.575689],[-0.063469,51.575718],[-0.063296,51.575749],[-0.063332,51.575734],[-0.06333,51.57573],[-0.063297,51.575649],[-0.063266,51.575572],[-0.06325,51.575532],[-0.063222,51.575464],[-0.063214,51.575444],[-0.06319,51.575383],[-0.063171,51.575338],[-0.06317,51.575335],[-0.063076,51.575347],[-0.063037,51.575273],[-0.063022,51.575244],[-0.062993,51.575189],[-0.062949,51.575105],[-0.062894,51.575001],[-0.062878,51.57497],[-0.062855,51.574927],[-0.062831,51.57488],[-0.062782,51.574891],[-0.062764,51.574895],[-0.06275,51.574861],[-0.06274,51.574839],[-0.062717,51.574784],[-0.062693,51.574729],[-0.062679,51.574695],[-0.062635,51.574593],[-0.062632,51.574586],[-0.062631,51.574583],[-0.062639,51.574581],[-0.062721,51.574561],[-0.062805,51.57454],[-0.062815,51.574541],[-0.062814,51.574537],[-0.062851,51.574526],[-0.062857,51.574518],[-0.062864,51.574507],[-0.062852,51.574495],[-0.062414,51.574049],[-0.062423,51.574049],[-0.062433,51.574049],[-0.062496,51.574052],[-0.0625,51.574053],[-0.062629,51.574068],[-0.062715,51.574079],[-0.062782,51.574083],[-0.062793,51.574084],[-0.06288,51.574097],[-0.062902,51.574098],[-0.062956,51.574101],[-0.062973,51.5741],[-0.063052,51.574093],[-0.063081,51.574091],[-0.063155,51.574075],[-0.063191,51.57406],[-0.063221,51.574048],[-0.063361,51.573959],[-0.063353,51.573909],[-0.06335,51.573893],[-0.063347,51.57386],[-0.063455,51.57383],[-0.063537,51.573789],[-0.063545,51.573783],[-0.063583,51.57375],[-0.06359,51.573744],[-0.063621,51.573696],[-0.063634,51.573649],[-0.063641,51.573621],[-0.063578,51.573591],[-0.063594,51.573587],[-0.063672,51.573543],[-0.06371,51.573522],[-0.063765,51.57349],[-0.063886,51.573407],[-0.063905,51.573393],[-0.063963,51.57343],[-0.063956,51.573406],[-0.063943,51.573357],[-0.064141,51.573279],[-0.064148,51.573275],[-0.064186,51.573248],[-0.064196,51.573237],[-0.06422,51.573209],[-0.064243,51.573096],[-0.064256,51.573036],[-0.064254,51.573017],[-0.06425,51.572956],[-0.064251,51.572951],[-0.064258,51.57292],[-0.064257,51.572911],[-0.064261,51.572909],[-0.064342,51.572888],[-0.06435,51.572886],[-0.064524,51.572831],[-0.064541,51.572822],[-0.064579,51.572801],[-0.064586,51.572798],[-0.064718,51.572706],[-0.064735,51.572687],[-0.064798,51.572617],[-0.064802,51.572613],[-0.064864,51.572512],[-0.064867,51.57251],[-0.064907,51.572492],[-0.065595,51.57218],[-0.065612,51.572191],[-0.065721,51.572251],[-0.06619,51.572508],[-0.066204,51.572515],[-0.066173,51.57256],[-0.066155,51.572567],[-0.065982,51.572637],[-0.065877,51.572683],[-0.065703,51.572759],[-0.065513,51.572839],[-0.065788,51.573048],[-0.06572,51.573094],[-0.065711,51.573099],[-0.065708,51.573102],[-0.065687,51.573117],[-0.065669,51.573129],[-0.065651,51.573137],[-0.065623,51.573151],[-0.065578,51.573165],[-0.065572,51.573169],[-0.06554,51.573191],[-0.065517,51.573207],[-0.065506,51.573216],[-0.06549,51.57323],[-0.065462,51.573248],[-0.06545,51.573259],[-0.065439,51.573269],[-0.065381,51.573304],[-0.065362,51.573315],[-0.065326,51.57333],[-0.065315,51.573334],[-0.065304,51.573342],[-0.065297,51.573348],[-0.065285,51.573361],[-0.06527,51.573372],[-0.065245,51.573385],[-0.065188,51.573416],[-0.065174,51.573424],[-0.065145,51.573458],[-0.065141,51.573461],[-0.06513,51.573469],[-0.065109,51.573486],[-0.0651,51.573493],[-0.065087,51.573499],[-0.065075,51.573505],[-0.06505,51.573524],[-0.065039,51.573535],[-0.065032,51.573543],[-0.064983,51.573579],[-0.064974,51.573584],[-0.064951,51.573595],[-0.064923,51.573623],[-0.064915,51.573628],[-0.064887,51.573648],[-0.064873,51.573663],[-0.064856,51.573676],[-0.064823,51.573701],[-0.064805,51.573711],[-0.064783,51.573734],[-0.06478,51.573738],[-0.064776,51.573742],[-0.064732,51.573775],[-0.06471,51.573787],[-0.064673,51.573807],[-0.064665,51.573821],[-0.064659,51.573828],[-0.064624,51.573869],[-0.064607,51.573878],[-0.064582,51.573893],[-0.064564,51.5739],[-0.06453,51.573921],[-0.064497,51.573941],[-0.064493,51.573944],[-0.064481,51.573951],[-0.064472,51.573956],[-0.064411,51.574014],[-0.064405,51.574018],[-0.064398,51.574022],[-0.064389,51.574028],[-0.064381,51.574037],[-0.06437,51.574046],[-0.064352,51.57406],[-0.064334,51.574075],[-0.064312,51.574088],[-0.064305,51.574094],[-0.064276,51.57412],[-0.064266,51.574126],[-0.064259,51.57413],[-0.064254,51.574133],[-0.064231,51.574153],[-0.064224,51.574158],[-0.064217,51.574162],[-0.064173,51.574204],[-0.064168,51.574208],[-0.064154,51.574217],[-0.064144,51.574224],[-0.064137,51.57423],[-0.06412,51.574248],[-0.064025,51.574314],[-0.064176,51.574388],[-0.064275,51.574453],[-0.064288,51.574471],[-0.064308,51.574511],[-0.064334,51.574522],[-0.064334,51.574532],[-0.064333,51.57454],[-0.064335,51.574547],[-0.064445,51.574463],[-0.06445,51.574465],[-0.064666,51.574519],[-0.064831,51.574564],[-0.064865,51.574497],[-0.064865,51.574446],[-0.064848,51.574405],[-0.064818,51.574372],[-0.064753,51.574324],[-0.064737,51.574311],[-0.064748,51.57431],[-0.065142,51.574265],[-0.065061,51.574087],[-0.065039,51.574071],[-0.065047,51.574057],[-0.065028,51.574015],[-0.065038,51.574008],[-0.065074,51.57398],[-0.065151,51.573921],[-0.065215,51.573871],[-0.06527,51.573829],[-0.065346,51.57377],[-0.065403,51.573726],[-0.065436,51.573701],[-0.065419,51.573734],[-0.065415,51.573741],[-0.065403,51.57378],[-0.065409,51.573779],[-0.065823,51.57372],[-0.065932,51.573718],[-0.065974,51.573717],[-0.065986,51.573726],[-0.066014,51.57375],[-0.066086,51.573793],[-0.066175,51.573832],[-0.066486,51.573931],[-0.066516,51.573939],[-0.066639,51.573962],[-0.066685,51.573953],[-0.066975,51.573795],[-0.066992,51.57379],[-0.067141,51.573746],[-0.067157,51.573741],[-0.067165,51.573739],[-0.067311,51.57366],[-0.067322,51.573655],[-0.067469,51.573993],[-0.067505,51.573985],[-0.067655,51.573951],[-0.067731,51.573934],[-0.068138,51.573895],[-0.06821,51.573888],[-0.068586,51.573853],[-0.068592,51.573861],[-0.068648,51.57394],[-0.068705,51.574199],[-0.06872,51.574265],[-0.068723,51.574275],[-0.068748,51.574389],[-0.068772,51.574495],[-0.068773,51.574499],[-0.068781,51.574543],[-0.068792,51.574597],[-0.068625,51.57462],[-0.068627,51.574623],[-0.068636,51.574646],[-0.068637,51.57465],[-0.068638,51.574653],[-0.068641,51.574658],[-0.068679,51.574753],[-0.068691,51.574783],[-0.068698,51.574799],[-0.0687,51.574804],[-0.068808,51.575075],[-0.068756,51.575085],[-0.068646,51.575102],[-0.068509,51.575123],[-0.068397,51.57514],[-0.06839,51.575141],[-0.0683,51.575155],[-0.068193,51.575172],[-0.068099,51.575186],[-0.068054,51.575193],[-0.067996,51.575202],[-0.067928,51.575212],[-0.067924,51.575212],[-0.067772,51.575235],[-0.067697,51.575246],[-0.06767,51.57525],[-0.06762,51.575257],[-0.067606,51.575259],[-0.067533,51.57527],[-0.06737,51.575294],[-0.067357,51.575296],[-0.067347,51.575298],[-0.067317,51.575302],[-0.067292,51.575306],[-0.067282,51.575307],[-0.067243,51.575313],[-0.067225,51.575316],[-0.067166,51.575324],[-0.067157,51.575326],[-0.06714,51.575328],[-0.067066,51.575339],[-0.067017,51.575346],[-0.067008,51.575348],[-0.067002,51.575349],[-0.066986,51.575351],[-0.066963,51.575355],[-0.066909,51.575364],[-0.0668,51.575382],[-0.066772,51.575387],[-0.066711,51.575397],[-0.0667,51.575398],[-0.066694,51.575399],[-0.066688,51.5754],[-0.066682,51.575401],[-0.066626,51.575411],[-0.066607,51.575414],[-0.066527,51.575427],[-0.066522,51.575428],[-0.066403,51.575447],[-0.066387,51.57545],[-0.066372,51.575452],[-0.066292,51.575466],[-0.066204,51.57548],[-0.066196,51.575481],[-0.066184,51.575483],[-0.066162,51.575487],[-0.066078,51.5755],[-0.065799,51.575545],[-0.065759,51.575551],[-0.065763,51.575561],[-0.065766,51.575568],[-0.065804,51.575652],[-0.065823,51.575696],[-0.065833,51.575718],[-0.065836,51.575725],[-0.065893,51.575853],[-0.065903,51.575875],[-0.065925,51.575872],[-0.066179,51.575831],[-0.066351,51.575804],[-0.066394,51.575797],[-0.066442,51.575789],[-0.066464,51.575786],[-0.066535,51.575775],[-0.066572,51.57577],[-0.066595,51.575766],[-0.066624,51.575831],[-0.066633,51.575851],[-0.066665,51.575922],[-0.066623,51.575928],[-0.066659,51.575995],[-0.066684,51.576068],[-0.066707,51.576128],[-0.066708,51.576132],[-0.066733,51.576168],[-0.066729,51.576259],[-0.066729,51.57627],[-0.066728,51.576302],[-0.066728,51.576306],[-0.066726,51.576349],[-0.066622,51.576372],[-0.066611,51.576374],[-0.066611,51.576386],[-0.06661,51.576394],[-0.06661,51.576405],[-0.06661,51.576488],[-0.06661,51.576492],[-0.06661,51.576532],[-0.06661,51.576589],[-0.06661,51.576593],[-0.06661,51.576628],[-0.06661,51.576633],[-0.066596,51.576636],[-0.066484,51.576654],[-0.066473,51.576656],[-0.066438,51.576662],[-0.066321,51.576682],[-0.066311,51.576684],[-0.06626,51.576692],[-0.066191,51.576704],[-0.066149,51.576711],[-0.06604,51.57673],[-0.065946,51.576745],[-0.065932,51.576748],[-0.06589,51.576755],[-0.065859,51.57676],[-0.065819,51.576767],[-0.065814,51.576768],[-0.065777,51.576774],[-0.065766,51.576776],[-0.065755,51.576778],[-0.065486,51.576823],[-0.065337,51.576854],[-0.065262,51.576869],[-0.064939,51.576936],[-0.064934,51.576937],[-0.064869,51.576951],[-0.064625,51.577001],[-0.064541,51.577032],[-0.064498,51.577048],[-0.064495,51.577044],[-0.064453,51.57695],[-0.064435,51.576909],[-0.064408,51.576849],[-0.064362,51.576745],[-0.064338,51.57669],[-0.064314,51.576635],[-0.064291,51.576583],[-0.064252,51.576496],[-0.064241,51.576471],[-0.064214,51.576411],[-0.064207,51.576395],[-0.064206,51.576391],[-0.064171,51.576312],[-0.064154,51.576274],[-0.064108,51.576171],[-0.064077,51.576101],[-0.06407,51.576085],[-0.064041,51.57602],[-0.064022,51.575977],[-0.064015,51.575964],[-0.06401,51.575955],[-0.064004,51.575946],[-0.063975,51.575895],[-0.063948,51.575848]]]}},{"type":"Feature","properties":{"LSOA21CD":"E01001826","LSOA21NM":"Hackney 004E","MEAN_PTAL_":"4","mean_AI":16.7556302349,"borough":"Hackney"},"geometry":{"type":"Polygon","coordinates":[[[-0.06445,51.574465],[-0.064445,51.574463],[-0.064335,51.574547],[-0.064333,51.57454],[-0.064334,51.574532],[-0.064334,51.574522],[-0.064308,51.574511],[-0.064288,51.574471],[-0.064275,51.574453],[-0.064176,51.574388],[-0.064025,51.574314],[-0.06412,51.574248],[-0.064137,51.57423],[-0.064144,51.574224],[-0.064154,51.574217],[-0.064168,51.574208],[-0.064173,51.574204],[-0.064217,51.574162],[-0.064224,51.574158],[-0.064231,51.574153],[-0.064254,51.574133],[-0.064259,51.57413],[-0.064266,51.574126],[-0.064276,51.57412],[-0.064305,51.574094],[-0.064312,51.574088],[-0.064334,51.574075],[-0.064352,51.57406],[-0.06437,51.574046],[-0.064381,51.574037],[-0.064389,51.574028],[-0.064398,51.574022],[-0.064405,51.574018],[-0.064411,51.574014],[-0.064472,51.573956],[-0.064481,51.573951],[-0.064493,51.573944],[-0.064497,51.573941],[-0.06453,51.573921],[-0.064564,51.5739],[-0.064582,51.573893],[-0.064607,51.573878],[-0.064624,51.573869],[-0.064659,51.573828],[-0.064665,51.573821],[-0.064673,51.573807],[-0.06471,51.573787],[-0.064732,51.573775],[-0.064776,51.573742],[-0.06478,51.573738],[-0.064783,51.573734],[-0.064805,51.573711],[-0.064823,51.573701],[-0.064856,51.573676],[-0.064873,51.573663],[-0.064887,51.573648],[-0.064915,51.573628],[-0.064923,51.573623],[-0.064951,51.573595],[-0.064974,51.573584],[-0.064983,51.573579],[-0.065032,51.573543],[-0.065039,51.573535],[-0.06505,51.573524],[-0.065075,51.573505],[-0.065087,51.573499],[-0.0651,51.573493],[-0.065109,51.573486],[-0.06513,51.573469],[-0.065141,51.573461],[-0.065145,51.573458],[-0.065174,51.573424],[-0.065188,51.573416],[-0.065245,51.573385],[-0.06527,51.573372],[-0.065285,51.573361],[-0.065297,51.573348],[-0.065304,51.573342],[-0.065315,51.573334],[-0.065326,51.57333],[-0.065362,51.573315],[-0.065381,51.573304],[-0.065439,51.573269],[-0.06545,51.573259],[-0.065462,51.573248],[-0.06549,51.57323],[-0.065506,51.573216],[-0.065517,51.573207],[-0.06554,51.573191],[-0.065572,51.573169],[-0.065578,51.573165],[-0.065623,51.573151],[-0.065651,51.573137],[-0.065669,51.573129],[-0.065687,51.573117],[-0.065708,51.573102],[-0.065711,51.573099],[-0.06572,51.573094],[-0.065788,51.573048],[-0.065513,51.572839],[-0.065703,51.572759],[-0.065877,51.572683],[-0.065982,51.572637],[-0.066155,51.572567],[-0.066173,51.57256],[-0.066204,51.572515],[-0.066514,51.572358],[-0.066728,51.572249],[-0.066838,51.572193],[-0.067016,51.572088],[-0.067097,51.572032],[-0.067105,51.572026],[-0.067098,51.572022],[-0.067077,51.572008],[-0.067018,51.571991],[-0.066977,51.571979],[-0.066723,51.571847],[-0.066538,51.571751],[-0.066219,51.571585],[-0.065604,51.571266],[-0.065577,51.571252],[-0.065567,51.571246],[-0.065633,51.571194],[-0.066106,51.570811],[-0.065967,51.570745],[-0.065932,51.570564],[-0.06593,51.570555],[-0.065907,51.570437],[-0.065903,51.570418],[-0.065853,51.570406],[-0.065717,51.57036],[-0.06564,51.570316],[-0.065593,51.570281],[-0.06552,51.570248],[-0.065501,51.570241],[-0.065477,51.570232],[-0.065456,51.570222],[-0.065448,51.570219],[-0.065433,51.57021],[-0.065395,51.57019],[-0.065382,51.570182],[-0.065375,51.570177],[-0.065251,51.570141],[-0.065121,51.570085],[-0.065088,51.57006],[-0.064951,51.569905],[-0.064945,51.569903],[-0.064928,51.569899],[-0.064846,51.569861],[-0.064831,51.569854],[-0.064765,51.56985],[-0.064659,51.569828],[-0.064637,51.569824],[-0.064243,51.56968],[-0.064246,51.569617],[-0.064405,51.569527],[-0.064433,51.569504],[-0.064705,51.569347],[-0.064725,51.569335],[-0.06473,51.569332],[-0.064735,51.569329],[-0.064838,51.569269],[-0.064845,51.569266],[-0.064923,51.56922],[-0.064938,51.569212],[-0.064959,51.569199],[-0.064971,51.569193],[-0.064997,51.569178],[-0.065029,51.569159],[-0.065049,51.569148],[-0.065061,51.569141],[-0.065269,51.56902],[-0.065289,51.569008],[-0.06533,51.568985],[-0.065392,51.568949],[-0.065395,51.568951],[-0.065509,51.56902],[-0.065588,51.569068],[-0.065603,51.569076],[-0.065735,51.569146],[-0.065746,51.569152],[-0.065771,51.569164],[-0.065775,51.569166],[-0.065821,51.56919],[-0.065846,51.569203],[-0.065883,51.569222],[-0.065889,51.569225],[-0.066031,51.569297],[-0.066051,51.569307],[-0.066056,51.569309],[-0.066069,51.569317],[-0.066087,51.569326],[-0.066193,51.569383],[-0.066218,51.569397],[-0.066238,51.569408],[-0.066257,51.569418],[-0.066283,51.569432],[-0.066257,51.569452],[-0.066201,51.569494],[-0.066209,51.569498],[-0.066228,51.569507],[-0.066269,51.569528],[-0.066309,51.569549],[-0.066377,51.569583],[-0.066382,51.569586],[-0.066409,51.5696],[-0.066427,51.56961],[-0.066439,51.569616],[-0.066442,51.569618],[-0.066491,51.569645],[-0.0665,51.56965],[-0.066515,51.569658],[-0.066536,51.56967],[-0.066579,51.569693],[-0.06659,51.569699],[-0.066595,51.569702],[-0.066604,51.569707],[-0.066684,51.569749],[-0.066708,51.569762],[-0.066799,51.569809],[-0.066838,51.56983],[-0.066904,51.569865],[-0.067001,51.569916],[-0.066978,51.569929],[-0.06695,51.569942],[-0.066915,51.569959],[-0.066753,51.570038],[-0.066679,51.570081],[-0.066697,51.570081],[-0.066906,51.570085],[-0.066939,51.570086],[-0.066965,51.570086],[-0.067016,51.570086],[-0.067117,51.570086],[-0.067323,51.570087],[-0.067365,51.570086],[-0.067413,51.570084],[-0.067487,51.570082],[-0.067503,51.570082],[-0.067528,51.570082],[-0.067628,51.570081],[-0.067651,51.570081],[-0.067735,51.570081],[-0.067846,51.570081],[-0.067963,51.57008],[-0.068125,51.57008],[-0.06822,51.570079],[-0.068357,51.570079],[-0.068427,51.570079],[-0.068498,51.570086],[-0.068523,51.570089],[-0.068536,51.57009],[-0.068596,51.570096],[-0.068612,51.570098],[-0.068637,51.570098],[-0.068906,51.570105],[-0.068932,51.570137],[-0.069082,51.570136],[-0.06909,51.570136],[-0.069097,51.570136],[-0.069114,51.570136],[-0.069237,51.570135],[-0.069284,51.570106],[-0.069658,51.570095],[-0.069666,51.570095],[-0.069667,51.570115],[-0.069666,51.570152],[-0.069666,51.57019],[-0.069666,51.570196],[-0.069667,51.570455],[-0.069667,51.57046],[-0.069667,51.570486],[-0.069667,51.570522],[-0.069683,51.570589],[-0.069686,51.5706],[-0.069689,51.570613],[-0.069696,51.570643],[-0.069608,51.570685],[-0.069567,51.570705],[-0.069538,51.570718],[-0.069319,51.570818],[-0.069243,51.570853],[-0.069239,51.570854],[-0.069147,51.570897],[-0.069088,51.570925],[-0.069161,51.570967],[-0.069219,51.571],[-0.069331,51.571063],[-0.069361,51.57108],[-0.069542,51.57118],[-0.069545,51.571182],[-0.069406,51.571282],[-0.069348,51.571323],[-0.069318,51.571345],[-0.069322,51.571353],[-0.069366,51.571437],[-0.069379,51.571462],[-0.069387,51.571475],[-0.069399,51.571498],[-0.069423,51.571544],[-0.069446,51.571585],[-0.069447,51.571588],[-0.069453,51.571599],[-0.069455,51.571604],[-0.069479,51.571651],[-0.069493,51.571677],[-0.069511,51.571729],[-0.069515,51.571743],[-0.069522,51.571763],[-0.069524,51.57177],[-0.069533,51.571798],[-0.069539,51.571817],[-0.069541,51.571823],[-0.069552,51.571878],[-0.069555,51.571918],[-0.069556,51.571933],[-0.069556,51.57194],[-0.069558,51.571959],[-0.069556,51.571974],[-0.069547,51.572073],[-0.069543,51.572121],[-0.069507,51.572315],[-0.069466,51.57242],[-0.069439,51.572456],[-0.06941,51.572495],[-0.069391,51.572572],[-0.069382,51.57261],[-0.069135,51.572575],[-0.068906,51.572543],[-0.068894,51.572586],[-0.068814,51.57286],[-0.068778,51.572968],[-0.06877,51.572994],[-0.068747,51.573028],[-0.068798,51.573061],[-0.068749,51.573162],[-0.068392,51.57323],[-0.068313,51.573245],[-0.068303,51.573247],[-0.068473,51.573638],[-0.068494,51.573687],[-0.068526,51.57376],[-0.068534,51.573778],[-0.068586,51.573853],[-0.06821,51.573888],[-0.068138,51.573895],[-0.067731,51.573934],[-0.067655,51.573951],[-0.067505,51.573985],[-0.067469,51.573993],[-0.067322,51.573655],[-0.067311,51.57366],[-0.067165,51.573739],[-0.067157,51.573741],[-0.067141,51.573746],[-0.066992,51.57379],[-0.066975,51.573795],[-0.066685,51.573953],[-0.066639,51.573962],[-0.066516,51.573939],[-0.066486,51.573931],[-0.066175,51.573832],[-0.066086,51.573793],[-0.066014,51.57375],[-0.065986,51.573726],[-0.065974,51.573717],[-0.065932,51.573718],[-0.065823,51.57372],[-0.065409,51.573779],[-0.065403,51.57378],[-0.065415,51.573741],[-0.065419,51.573734],[-0.065436,51.573701],[-0.065403,51.573726],[-0.065346,51.57377],[-0.06527,51.573829],[-0.065215,51.573871],[-0.065151,51.573921],[-0.065074,51.57398],[-0.065038,51.574008],[-0.065028,51.574015],[-0.065047,51.574057],[-0.065039,51.574071],[-0.065061,51.574087],[-0.065142,51.574265],[-0.064748,51.57431],[-0.064737,51.574311],[-0.064753,51.574324],[-0.064818,51.574372],[-0.064848,51.574405],[-0.064865,51.574446],[-0.064865,51.574497],[-0.064831,51.574564],[-0.064666,51.574519],[-0.06445,51.574465]]]}},{"type":"Feature","properties":{"LSOA21CD":"E01001829","LSOA21NM":"Hackney 009C","MEAN_PTAL_":"4","mean_AI":18.0555375517,"borough":"Hackney"},"geometry":{"type":"Polygon","coordinates":[[[-0.076088,51.562515],[-0.076094,51.562503],[-0.076095,51.562499],[-0.076095,51.562485],[-0.076095,51.562475],[-0.076093,51.562467],[-0.076092,51.562464],[-0.076091,51.562412],[-0.076104,51.562409],[-0.07617,51.562391],[-0.076233,51.562382],[-0.076298,51.562391],[-0.076311,51.562392],[-0.076315,51.562395],[-0.076389,51.562445],[-0.07641,51.562459],[-0.076516,51.562511],[-0.076517,51.562505],[-0.076526,51.562426],[-0.076538,51.562321],[-0.076547,51.56225],[-0.076551,51.56221],[-0.076552,51.562201],[-0.076553,51.562191],[-0.076297,51.562182],[-0.07628,51.562182],[-0.076252,51.562181],[-0.076244,51.562181],[-0.076179,51.562179],[-0.076123,51.562177],[-0.076056,51.562174],[-0.076021,51.562172],[-0.076013,51.562171],[-0.076001,51.562171],[-0.075985,51.562173],[-0.075934,51.562172],[-0.075905,51.562171],[-0.075776,51.56216],[-0.075772,51.562179],[-0.075765,51.562179],[-0.075738,51.562169],[-0.075739,51.562159],[-0.075603,51.562153],[-0.075444,51.562146],[-0.075257,51.562119],[-0.075158,51.562105],[-0.075149,51.562104],[-0.075112,51.5621],[-0.074743,51.562061],[-0.074477,51.562032],[-0.074468,51.562031],[-0.07439,51.562023],[-0.07414,51.562],[-0.073778,51.561966],[-0.073675,51.562013],[-0.073646,51.562026],[-0.073643,51.562037],[-0.073632,51.562056],[-0.073609,51.562096],[-0.07364,51.561954],[-0.073641,51.561949],[-0.07367,51.561805],[-0.073673,51.56179],[-0.073675,51.561782],[-0.073684,51.561783],[-0.073699,51.561784],[-0.073708,51.561733],[-0.073719,51.561673],[-0.073736,51.561571],[-0.073738,51.56156],[-0.073743,51.561536],[-0.073759,51.561454],[-0.073759,51.561451],[-0.073851,51.560979],[-0.07384,51.560958],[-0.073862,51.560921],[-0.073893,51.560765],[-0.073902,51.560718],[-0.073934,51.560719],[-0.074113,51.560724],[-0.074521,51.560736],[-0.074522,51.560729],[-0.074519,51.56071],[-0.074519,51.560707],[-0.074508,51.560665],[-0.074506,51.560656],[-0.0745,51.560644],[-0.074512,51.560606],[-0.074513,51.560593],[-0.074515,51.560578],[-0.074512,51.560528],[-0.074513,51.560521],[-0.074511,51.560491],[-0.07446,51.560471],[-0.074435,51.56046],[-0.074227,51.560264],[-0.074364,51.560205],[-0.074419,51.560116],[-0.074478,51.560101],[-0.074614,51.560067],[-0.074617,51.56006],[-0.074619,51.560055],[-0.074621,51.56005],[-0.074624,51.560021],[-0.074624,51.56001],[-0.074621,51.559977],[-0.074625,51.55997],[-0.074628,51.559964],[-0.07465,51.559895],[-0.074674,51.559823],[-0.074663,51.559816],[-0.074649,51.559807],[-0.074735,51.559805],[-0.074884,51.559804],[-0.075054,51.559788],[-0.075057,51.559802],[-0.075096,51.559802],[-0.07509,51.559942],[-0.075089,51.559963],[-0.075089,51.559977],[-0.075087,51.560018],[-0.075085,51.560063],[-0.075083,51.560108],[-0.075083,51.560169],[-0.075434,51.560078],[-0.075432,51.560061],[-0.075505,51.560028],[-0.075385,51.559746],[-0.075408,51.559745],[-0.07558,51.559736],[-0.075599,51.559733],[-0.075672,51.559723],[-0.075684,51.55972],[-0.075719,51.55971],[-0.075736,51.559703],[-0.075743,51.5597],[-0.07576,51.559696],[-0.075783,51.559686],[-0.075794,51.55968],[-0.07582,51.559669],[-0.075855,51.559656],[-0.075869,51.559652],[-0.075903,51.559644],[-0.075915,51.559639],[-0.075927,51.559635],[-0.075951,51.559626],[-0.075964,51.55962],[-0.075979,51.559616],[-0.076048,51.559598],[-0.076057,51.559597],[-0.076065,51.559595],[-0.076087,51.55959],[-0.076097,51.559588],[-0.076157,51.559558],[-0.076164,51.559555],[-0.076188,51.559548],[-0.076207,51.559542],[-0.076244,51.559535],[-0.076255,51.559533],[-0.076314,51.559516],[-0.076324,51.559511],[-0.076087,51.559247],[-0.076077,51.55925],[-0.076068,51.559253],[-0.076048,51.559261],[-0.076035,51.559266],[-0.076011,51.559275],[-0.075981,51.559281],[-0.075974,51.559284],[-0.075969,51.559285],[-0.075967,51.559282],[-0.075947,51.559259],[-0.075914,51.559221],[-0.075876,51.559188],[-0.075799,51.559118],[-0.075719,51.559015],[-0.075729,51.559012],[-0.07581,51.558983],[-0.075905,51.55895],[-0.076443,51.558762],[-0.076439,51.558753],[-0.076479,51.558757],[-0.076578,51.558757],[-0.076675,51.558746],[-0.07669,51.558744],[-0.076775,51.558716],[-0.07683,51.558688],[-0.076846,51.558674],[-0.076864,51.558647],[-0.076894,51.558618],[-0.077001,51.55862],[-0.077049,51.558613],[-0.077104,51.558597],[-0.077161,51.558569],[-0.077171,51.558567],[-0.077179,51.558565],[-0.077246,51.558546],[-0.077283,51.558529],[-0.077353,51.558476],[-0.07737,51.558472],[-0.077437,51.558448],[-0.077504,51.558412],[-0.077537,51.558415],[-0.077659,51.558396],[-0.077701,51.558382],[-0.077727,51.558367],[-0.077767,51.558334],[-0.077771,51.558333],[-0.077923,51.5583],[-0.077941,51.558301],[-0.077972,51.558303],[-0.078011,51.55826],[-0.078026,51.558229],[-0.078028,51.558197],[-0.078066,51.55818],[-0.078078,51.558168],[-0.078199,51.558055],[-0.078207,51.558055],[-0.078495,51.558066],[-0.078446,51.558087],[-0.078429,51.558094],[-0.078425,51.558096],[-0.078413,51.558101],[-0.078376,51.55814],[-0.078377,51.558146],[-0.07838,51.558181],[-0.078382,51.558199],[-0.078383,51.558204],[-0.078385,51.558228],[-0.078386,51.558242],[-0.078387,51.558246],[-0.078387,51.558254],[-0.078389,51.558278],[-0.078391,51.558291],[-0.078391,51.558293],[-0.078395,51.558336],[-0.078399,51.558386],[-0.0784,51.558397],[-0.0784,51.5584],[-0.078403,51.558433],[-0.078404,51.558436],[-0.078408,51.558481],[-0.078408,51.558485],[-0.078409,51.558494],[-0.078412,51.558535],[-0.078416,51.55857],[-0.078416,51.558575],[-0.078418,51.558595],[-0.078421,51.558627],[-0.078422,51.558637],[-0.078423,51.558648],[-0.078423,51.558652],[-0.078424,51.558662],[-0.078426,51.558682],[-0.078429,51.558719],[-0.078429,51.558724],[-0.078431,51.558743],[-0.078432,51.558751],[-0.078433,51.558763],[-0.078435,51.558791],[-0.078439,51.558832],[-0.078439,51.558835],[-0.078443,51.558878],[-0.078449,51.558941],[-0.078449,51.558944],[-0.07845,51.558956],[-0.078451,51.558967],[-0.078453,51.558983],[-0.078455,51.559012],[-0.078458,51.559039],[-0.07846,51.559061],[-0.07846,51.559071],[-0.078462,51.559086],[-0.078465,51.559127],[-0.078466,51.559135],[-0.078467,51.559144],[-0.078467,51.559147],[-0.078468,51.559158],[-0.078469,51.559169],[-0.078471,51.559189],[-0.078474,51.559224],[-0.078474,51.559226],[-0.078476,51.559246],[-0.078477,51.559255],[-0.078481,51.559298],[-0.078482,51.559314],[-0.078483,51.559328],[-0.078487,51.559368],[-0.078488,51.559385],[-0.078489,51.55939],[-0.078494,51.559442],[-0.078495,51.559458],[-0.078496,51.559472],[-0.078497,51.559476],[-0.078498,51.559494],[-0.0785,51.55951],[-0.078501,51.559521],[-0.078501,51.559531],[-0.078502,51.559537],[-0.078545,51.559539],[-0.078549,51.559572],[-0.07855,51.55958],[-0.078551,51.559598],[-0.078553,51.559608],[-0.078554,51.559625],[-0.078557,51.559655],[-0.078558,51.559659],[-0.078562,51.559697],[-0.078563,51.559706],[-0.078567,51.559742],[-0.078567,51.559748],[-0.078569,51.559769],[-0.078574,51.559809],[-0.078575,51.559825],[-0.078576,51.559836],[-0.078577,51.55984],[-0.078582,51.559893],[-0.078586,51.559922],[-0.078586,51.559927],[-0.078596,51.560026],[-0.078598,51.560038],[-0.078601,51.560066],[-0.07861,51.560066],[-0.078625,51.560065],[-0.078712,51.560064],[-0.078786,51.560062],[-0.078824,51.560061],[-0.078859,51.560061],[-0.078874,51.56006],[-0.07889,51.56006],[-0.078897,51.56006],[-0.078896,51.560081],[-0.078896,51.560088],[-0.078896,51.560092],[-0.078892,51.56032],[-0.07889,51.560372],[-0.078664,51.56038],[-0.078656,51.56038],[-0.078638,51.560381],[-0.078611,51.560382],[-0.078577,51.560383],[-0.078527,51.560385],[-0.07852,51.560385],[-0.078508,51.560385],[-0.078459,51.560387],[-0.078459,51.560431],[-0.078459,51.560438],[-0.078458,51.560467],[-0.078458,51.560476],[-0.078458,51.560496],[-0.078458,51.560499],[-0.078458,51.560523],[-0.078458,51.560539],[-0.078457,51.560574],[-0.078457,51.560613],[-0.078457,51.560624],[-0.078457,51.560667],[-0.078456,51.560686],[-0.078456,51.560696],[-0.078456,51.560713],[-0.078458,51.560726],[-0.078467,51.560806],[-0.078468,51.560814],[-0.078469,51.560824],[-0.078473,51.56086],[-0.078474,51.560865],[-0.078479,51.560927],[-0.078479,51.56093],[-0.07848,51.560941],[-0.078481,51.560956],[-0.078484,51.560992],[-0.078484,51.56105],[-0.078484,51.561058],[-0.078484,51.561064],[-0.078485,51.561141],[-0.078485,51.561147],[-0.078485,51.561158],[-0.078485,51.561203],[-0.078603,51.5612],[-0.078687,51.561198],[-0.078925,51.561192],[-0.078935,51.561192],[-0.078941,51.561249],[-0.078946,51.561309],[-0.078954,51.561429],[-0.078961,51.561515],[-0.078962,51.561533],[-0.078966,51.561586],[-0.078971,51.561666],[-0.078959,51.561666],[-0.078676,51.561673],[-0.078654,51.561674],[-0.078604,51.561675],[-0.078501,51.561678],[-0.078507,51.561714],[-0.078514,51.561766],[-0.07853,51.561873],[-0.07854,51.561939],[-0.078551,51.562007],[-0.078553,51.562029],[-0.078567,51.562202],[-0.078554,51.562203],[-0.078548,51.562203],[-0.078493,51.562208],[-0.078471,51.562209],[-0.078425,51.562213],[-0.078381,51.562216],[-0.078289,51.562224],[-0.078262,51.562225],[-0.078251,51.562226],[-0.078156,51.562231],[-0.078133,51.562232],[-0.078128,51.562232],[-0.078093,51.562234],[-0.078067,51.562235],[-0.077981,51.56224],[-0.077933,51.562239],[-0.077858,51.562239],[-0.077818,51.562239],[-0.077753,51.562238],[-0.077642,51.562238],[-0.077627,51.562237],[-0.077585,51.562235],[-0.07755,51.562233],[-0.077384,51.562225],[-0.077212,51.562217],[-0.077207,51.562241],[-0.077168,51.562475],[-0.077163,51.562503],[-0.077153,51.562561],[-0.077146,51.562601],[-0.077145,51.562605],[-0.077137,51.56265],[-0.07713,51.56269],[-0.077129,51.562695],[-0.077128,51.5627],[-0.077122,51.562731],[-0.077094,51.562739],[-0.077002,51.562769],[-0.076946,51.562786],[-0.076898,51.562802],[-0.076717,51.562859],[-0.076608,51.562857],[-0.076246,51.562844],[-0.076044,51.562834],[-0.076046,51.562792],[-0.076055,51.562772],[-0.076056,51.562747],[-0.076064,51.562723],[-0.076066,51.562693],[-0.076068,51.562687],[-0.07607,51.562682],[-0.076069,51.562678],[-0.076068,51.562664],[-0.076069,51.562657],[-0.076075,51.562638],[-0.076075,51.562633],[-0.076076,51.562619],[-0.076083,51.562601],[-0.076081,51.562588],[-0.076078,51.562567],[-0.076083,51.562552],[-0.076085,51.562543],[-0.076087,51.562537],[-0.076088,51.562515]]]}},{"type":"Feature","properties":{"LSOA21CD":"E01001830","LSOA21NM":"Hackney 014C","MEAN_PTAL_":"4","mean_AI":16.3833468393,"borough":"Hackney"},"geometry":{"type":"Polygon","coordinates":[[[-0.07408,51.559773],[-0.07415,51.55941],[-0.074156,51.559376],[-0.074148,51.559363],[-0.074155,51.559329],[-0.074128,51.559328],[-0.073968,51.559325],[-0.073923,51.559324],[-0.073916,51.559324],[-0.073758,51.559321],[-0.073616,51.559319],[-0.073566,51.559318],[-0.073581,51.559291],[-0.073637,51.559185],[-0.073637,51.559181],[-0.073624,51.559117],[-0.073537,51.559114],[-0.073473,51.559105],[-0.07341,51.559082],[-0.073384,51.559072],[-0.073371,51.559066],[-0.073373,51.559018],[-0.073377,51.559009],[-0.073388,51.55898],[-0.073399,51.558965],[-0.073417,51.558937],[-0.073422,51.558936],[-0.073427,51.558935],[-0.073513,51.558925],[-0.073532,51.558925],[-0.073595,51.558927],[-0.073607,51.558927],[-0.073691,51.558936],[-0.073738,51.558699],[-0.073743,51.558675],[-0.073745,51.558665],[-0.073758,51.558542],[-0.073763,51.558487],[-0.073734,51.558432],[-0.073746,51.558426],[-0.073771,51.558415],[-0.073791,51.558228],[-0.073793,51.558207],[-0.07386,51.558212],[-0.074371,51.558252],[-0.074382,51.558253],[-0.074392,51.558202],[-0.074454,51.557881],[-0.074456,51.557867],[-0.074468,51.557766],[-0.074479,51.557712],[-0.074484,51.557688],[-0.074479,51.557677],[-0.074497,51.557576],[-0.074512,51.557549],[-0.074516,51.557517],[-0.074518,51.557427],[-0.074521,51.557416],[-0.074532,51.557374],[-0.07455,51.557303],[-0.074553,51.557293],[-0.074554,51.557259],[-0.074552,51.557256],[-0.074552,51.557239],[-0.074555,51.557165],[-0.074533,51.557077],[-0.074533,51.557002],[-0.074533,51.556847],[-0.074534,51.556717],[-0.074532,51.556621],[-0.074531,51.556542],[-0.07453,51.556474],[-0.074531,51.556438],[-0.074531,51.55643],[-0.074531,51.556423],[-0.074527,51.556297],[-0.074527,51.556281],[-0.074525,51.556232],[-0.074529,51.556135],[-0.074538,51.555944],[-0.074538,51.555925],[-0.074539,51.555917],[-0.074544,51.5558],[-0.074546,51.555788],[-0.074548,51.555782],[-0.074561,51.55572],[-0.074579,51.555621],[-0.074613,51.555431],[-0.074646,51.55543],[-0.074815,51.555426],[-0.075123,51.555537],[-0.075096,51.555827],[-0.075096,51.555831],[-0.07509,51.555878],[-0.075082,51.555882],[-0.075088,51.555943],[-0.075089,51.555952],[-0.075113,51.555972],[-0.075218,51.556059],[-0.075315,51.556139],[-0.075329,51.55615],[-0.075315,51.556158],[-0.075305,51.556163],[-0.075237,51.556191],[-0.075212,51.556197],[-0.075164,51.55621],[-0.075103,51.556218],[-0.075025,51.556229],[-0.07501,51.556244],[-0.074996,51.556271],[-0.074987,51.556289],[-0.074983,51.556333],[-0.075022,51.556441],[-0.075093,51.556443],[-0.075202,51.556446],[-0.075302,51.556448],[-0.075526,51.556454],[-0.075684,51.556457],[-0.075771,51.556459],[-0.075918,51.556461],[-0.076047,51.556463],[-0.076146,51.556465],[-0.076182,51.556467],[-0.076254,51.55647],[-0.076326,51.556473],[-0.076413,51.556477],[-0.076462,51.556479],[-0.076578,51.556481],[-0.076601,51.556481],[-0.076686,51.556483],[-0.076722,51.556483],[-0.0768,51.556485],[-0.076844,51.556485],[-0.076924,51.556487],[-0.076996,51.556488],[-0.077051,51.556489],[-0.077084,51.556489],[-0.077126,51.55649],[-0.077219,51.556492],[-0.077299,51.556493],[-0.077371,51.556494],[-0.077472,51.556496],[-0.077551,51.556497],[-0.077587,51.556498],[-0.077623,51.556498],[-0.077659,51.556499],[-0.077695,51.556499],[-0.07779,51.556501],[-0.077831,51.556421],[-0.077833,51.556403],[-0.077835,51.55638],[-0.077821,51.556337],[-0.077819,51.556335],[-0.077784,51.556292],[-0.077776,51.556282],[-0.077728,51.556246],[-0.077872,51.55617],[-0.078143,51.556231],[-0.078135,51.556156],[-0.078127,51.556023],[-0.078127,51.556012],[-0.078139,51.556013],[-0.078668,51.556061],[-0.078779,51.556071],[-0.07886,51.556078],[-0.079073,51.556098],[-0.079087,51.556098],[-0.079075,51.556174],[-0.079068,51.556217],[-0.079065,51.556233],[-0.079059,51.556274],[-0.079052,51.556317],[-0.079029,51.556457],[-0.07902,51.556512],[-0.079012,51.556561],[-0.079012,51.556565],[-0.079008,51.556592],[-0.079007,51.556597],[-0.079006,51.556601],[-0.079004,51.556617],[-0.078997,51.556659],[-0.078994,51.556675],[-0.078988,51.556715],[-0.078987,51.556723],[-0.078985,51.556731],[-0.078978,51.556778],[-0.078971,51.556822],[-0.07897,51.556827],[-0.07897,51.55683],[-0.07896,51.556892],[-0.078954,51.556932],[-0.078953,51.556942],[-0.078947,51.556981],[-0.078946,51.556988],[-0.078928,51.557109],[-0.078927,51.557114],[-0.078927,51.55712],[-0.078924,51.557136],[-0.078919,51.557174],[-0.078917,51.557188],[-0.078912,51.557219],[-0.078905,51.557266],[-0.078903,51.557282],[-0.078902,51.557286],[-0.078901,51.557293],[-0.078898,51.557317],[-0.078891,51.557365],[-0.07888,51.557441],[-0.078876,51.557465],[-0.078872,51.557496],[-0.078868,51.55753],[-0.078866,51.557548],[-0.078865,51.557552],[-0.078864,51.557556],[-0.078858,51.557609],[-0.078857,51.557613],[-0.078856,51.557625],[-0.078854,51.557639],[-0.078851,51.557664],[-0.078838,51.557765],[-0.078835,51.557777],[-0.078815,51.557858],[-0.078812,51.557868],[-0.078811,51.557871],[-0.078791,51.5579],[-0.078768,51.557932],[-0.078758,51.557938],[-0.07872,51.557962],[-0.07869,51.557981],[-0.078674,51.55799],[-0.078623,51.558012],[-0.078594,51.558024],[-0.078561,51.558038],[-0.078543,51.558046],[-0.078495,51.558066],[-0.078207,51.558055],[-0.078199,51.558055],[-0.078078,51.558168],[-0.078066,51.55818],[-0.078028,51.558197],[-0.078026,51.558229],[-0.078011,51.55826],[-0.077972,51.558303],[-0.077941,51.558301],[-0.077923,51.5583],[-0.077771,51.558333],[-0.077767,51.558334],[-0.077727,51.558367],[-0.077701,51.558382],[-0.077659,51.558396],[-0.077537,51.558415],[-0.077504,51.558412],[-0.077437,51.558448],[-0.07737,51.558472],[-0.077353,51.558476],[-0.077283,51.558529],[-0.077246,51.558546],[-0.077179,51.558565],[-0.077171,51.558567],[-0.077161,51.558569],[-0.077104,51.558597],[-0.077049,51.558613],[-0.077001,51.55862],[-0.076894,51.558618],[-0.076864,51.558647],[-0.076846,51.558674],[-0.07683,51.558688],[-0.076775,51.558716],[-0.07669,51.558744],[-0.076675,51.558746],[-0.076578,51.558757],[-0.076479,51.558757],[-0.076439,51.558753],[-0.076443,51.558762],[-0.075905,51.55895],[-0.07581,51.558983],[-0.075729,51.559012],[-0.075719,51.559015],[-0.075799,51.559118],[-0.075876,51.559188],[-0.075914,51.559221],[-0.075947,51.559259],[-0.075967,51.559282],[-0.075969,51.559285],[-0.075974,51.559284],[-0.075981,51.559281],[-0.076011,51.559275],[-0.076035,51.559266],[-0.076048,51.559261],[-0.076068,51.559253],[-0.076077,51.55925],[-0.076087,51.559247],[-0.076324,51.559511],[-0.076314,51.559516],[-0.076255,51.559533],[-0.076244,51.559535],[-0.076207,51.559542],[-0.076188,51.559548],[-0.076164,51.559555],[-0.076157,51.559558],[-0.076097,51.559588],[-0.076087,51.55959],[-0.076065,51.559595],[-0.076057,51.559597],[-0.076048,51.559598],[-0.075979,51.559616],[-0.075964,51.55962],[-0.075951,51.559626],[-0.075927,51.559635],[-0.075915,51.559639],[-0.075903,51.559644],[-0.075869,51.559652],[-0.075855,51.559656],[-0.07582,51.559669],[-0.075794,51.55968],[-0.075783,51.559686],[-0.07576,51.559696],[-0.075743,51.5597],[-0.075736,51.559703],[-0.075719,51.55971],[-0.075684,51.55972],[-0.075672,51.559723],[-0.075599,51.559733],[-0.07558,51.559736],[-0.075408,51.559745],[-0.075385,51.559746],[-0.075505,51.560028],[-0.075432,51.560061],[-0.075434,51.560078],[-0.075083,51.560169],[-0.075083,51.560108],[-0.075085,51.560063],[-0.075087,51.560018],[-0.075089,51.559977],[-0.075089,51.559963],[-0.07509,51.559942],[-0.075096,51.559802],[-0.075057,51.559802],[-0.075054,51.559788],[-0.074884,51.559804],[-0.074735,51.559805],[-0.074649,51.559807],[-0.074663,51.559816],[-0.074674,51.559823],[-0.07465,51.559895],[-0.074628,51.559964],[-0.074625,51.55997],[-0.074621,51.559977],[-0.074624,51.56001],[-0.074624,51.560021],[-0.074621,51.56005],[-0.074619,51.560055],[-0.074617,51.56006],[-0.074614,51.560067],[-0.074478,51.560101],[-0.074419,51.560116],[-0.074364,51.560205],[-0.074227,51.560264],[-0.074435,51.56046],[-0.07446,51.560471],[-0.074511,51.560491],[-0.074513,51.560521],[-0.074512,51.560528],[-0.074515,51.560578],[-0.074513,51.560593],[-0.074512,51.560606],[-0.0745,51.560644],[-0.074506,51.560656],[-0.074508,51.560665],[-0.074519,51.560707],[-0.074519,51.56071],[-0.074522,51.560729],[-0.074521,51.560736],[-0.074113,51.560724],[-0.073934,51.560719],[-0.073902,51.560718],[-0.073904,51.560709],[-0.073917,51.56064],[-0.073936,51.560539],[-0.074051,51.559947],[-0.074066,51.559855],[-0.07407,51.55983],[-0.074071,51.559821],[-0.074072,51.559814],[-0.074078,51.559785],[-0.07408,51.559773]]]}},{"type":"Feature","properties":{"LSOA21CD":"E01001831","LSOA21NM":"Hackney 009D","MEAN_PTAL_":"5","mean_AI":21.9638049424,"borough":"Hackney"},"geometry":{"type":"Polygon","coordinates":[[[-0.073844,51.563474],[-0.073444,51.563383],[-0.073431,51.56342],[-0.073371,51.563411],[-0.073227,51.563388],[-0.073183,51.563381],[-0.073161,51.563429],[-0.073073,51.563395],[-0.07304,51.563383],[-0.073034,51.563381],[-0.07295,51.563349],[-0.072893,51.563327],[-0.072849,51.56331],[-0.072816,51.563298],[-0.072773,51.563277],[-0.072742,51.563263],[-0.072631,51.563211],[-0.072609,51.5632],[-0.072514,51.563153],[-0.072413,51.563103],[-0.072396,51.563095],[-0.072371,51.563086],[-0.072279,51.563055],[-0.07225,51.563044],[-0.072209,51.563031],[-0.072201,51.563028],[-0.071991,51.562966],[-0.071889,51.562935],[-0.07185,51.562924],[-0.071718,51.562885],[-0.071648,51.562864],[-0.071599,51.56285],[-0.071521,51.562807],[-0.071429,51.562756],[-0.071408,51.562745],[-0.071342,51.562709],[-0.071261,51.562648],[-0.071256,51.562644],[-0.071216,51.562614],[-0.071213,51.562612],[-0.07116,51.562573],[-0.071156,51.56257],[-0.071147,51.562564],[-0.07113,51.562546],[-0.071109,51.562525],[-0.071071,51.562487],[-0.071054,51.562469],[-0.071052,51.562466],[-0.071048,51.562461],[-0.071032,51.562439],[-0.071013,51.562413],[-0.070999,51.562394],[-0.070975,51.562362],[-0.070969,51.562354],[-0.070954,51.562334],[-0.070947,51.562319],[-0.070934,51.562292],[-0.070932,51.562288],[-0.070931,51.562286],[-0.070919,51.562261],[-0.070907,51.562236],[-0.070901,51.562224],[-0.07089,51.5622],[-0.070884,51.562189],[-0.070876,51.562172],[-0.070865,51.562129],[-0.070857,51.562098],[-0.070856,51.562093],[-0.070843,51.562041],[-0.070838,51.562023],[-0.070837,51.56202],[-0.07083,51.561978],[-0.070829,51.561968],[-0.070828,51.561963],[-0.070826,51.561956],[-0.070826,51.561951],[-0.07082,51.561918],[-0.070818,51.561906],[-0.070815,51.561887],[-0.070808,51.561851],[-0.070808,51.561848],[-0.070803,51.561826],[-0.070799,51.561808],[-0.070791,51.56177],[-0.070775,51.561695],[-0.070752,51.561591],[-0.070701,51.561356],[-0.070698,51.561344],[-0.070697,51.561339],[-0.070691,51.56131],[-0.070681,51.561272],[-0.070676,51.561252],[-0.070669,51.561223],[-0.070653,51.561159],[-0.070645,51.561128],[-0.070624,51.561062],[-0.070617,51.561041],[-0.070579,51.560927],[-0.070577,51.560919],[-0.070573,51.560906],[-0.070567,51.560887],[-0.070563,51.560878],[-0.070557,51.560857],[-0.070552,51.560849],[-0.070543,51.560835],[-0.070534,51.560821],[-0.07053,51.560816],[-0.070494,51.56076],[-0.070492,51.560753],[-0.07047,51.56067],[-0.070465,51.560652],[-0.070456,51.56062],[-0.070449,51.560593],[-0.070448,51.560589],[-0.070441,51.560565],[-0.070438,51.560555],[-0.070436,51.560548],[-0.070435,51.560543],[-0.070431,51.560528],[-0.070427,51.560512],[-0.070425,51.560504],[-0.07041,51.56045],[-0.070398,51.560407],[-0.070384,51.560355],[-0.070367,51.560293],[-0.070365,51.560286],[-0.070361,51.56028],[-0.070352,51.56027],[-0.070328,51.560242],[-0.07032,51.560232],[-0.070313,51.560214],[-0.07031,51.560205],[-0.070312,51.560203],[-0.070318,51.560196],[-0.070527,51.55996],[-0.070601,51.559942],[-0.070696,51.559902],[-0.070918,51.559946],[-0.0711,51.55992],[-0.071129,51.559938],[-0.071133,51.559938],[-0.071465,51.559957],[-0.071474,51.559977],[-0.071532,51.560025],[-0.071553,51.560037],[-0.071634,51.560065],[-0.071653,51.560071],[-0.071708,51.560078],[-0.071819,51.560077],[-0.071919,51.560061],[-0.071932,51.560075],[-0.071938,51.560084],[-0.07196,51.560118],[-0.07196,51.560074],[-0.071961,51.560052],[-0.071962,51.559975],[-0.071963,51.559897],[-0.071963,51.559891],[-0.071964,51.559814],[-0.071966,51.559742],[-0.071967,51.559679],[-0.071967,51.559629],[-0.071968,51.559575],[-0.071969,51.559526],[-0.07197,51.559472],[-0.071971,51.559418],[-0.071972,51.559368],[-0.071973,51.559295],[-0.071973,51.559283],[-0.071974,51.559265],[-0.071983,51.559265],[-0.072324,51.559271],[-0.072324,51.559265],[-0.072326,51.559125],[-0.072331,51.559119],[-0.072368,51.559075],[-0.07242,51.55904],[-0.072428,51.559033],[-0.072482,51.558983],[-0.072494,51.558988],[-0.072519,51.558999],[-0.072538,51.559011],[-0.072568,51.559027],[-0.072601,51.559045],[-0.072609,51.559049],[-0.072733,51.55909],[-0.072759,51.559094],[-0.072767,51.559094],[-0.072807,51.559093],[-0.072815,51.559092],[-0.07297,51.559065],[-0.072981,51.559063],[-0.072982,51.559057],[-0.072983,51.559049],[-0.07299,51.559003],[-0.072991,51.558999],[-0.072985,51.558965],[-0.072986,51.558958],[-0.072988,51.55895],[-0.072988,51.55893],[-0.072986,51.558922],[-0.072985,51.558918],[-0.072984,51.558889],[-0.072982,51.558886],[-0.072982,51.558882],[-0.072982,51.55886],[-0.072982,51.558813],[-0.072982,51.558735],[-0.072982,51.558724],[-0.072982,51.558649],[-0.072982,51.558645],[-0.072982,51.558621],[-0.072983,51.558607],[-0.072983,51.558591],[-0.072983,51.558558],[-0.072984,51.55846],[-0.072984,51.558441],[-0.072985,51.55839],[-0.072985,51.558386],[-0.072985,51.55836],[-0.072986,51.558278],[-0.072986,51.558261],[-0.072986,51.558244],[-0.072987,51.558164],[-0.072987,51.558158],[-0.072994,51.558158],[-0.073001,51.558158],[-0.073087,51.558163],[-0.073167,51.558168],[-0.073181,51.558169],[-0.07319,51.558169],[-0.073276,51.558166],[-0.073312,51.558161],[-0.073322,51.558159],[-0.073321,51.558152],[-0.073314,51.55801],[-0.073318,51.557998],[-0.07337,51.557931],[-0.073398,51.55794],[-0.073506,51.557972],[-0.073633,51.557984],[-0.0738,51.557958],[-0.073766,51.558191],[-0.073765,51.558203],[-0.073764,51.558206],[-0.073775,51.558207],[-0.073793,51.558207],[-0.073791,51.558228],[-0.073771,51.558415],[-0.073746,51.558426],[-0.073734,51.558432],[-0.073763,51.558487],[-0.073758,51.558542],[-0.073745,51.558665],[-0.073743,51.558675],[-0.073738,51.558699],[-0.073691,51.558936],[-0.073607,51.558927],[-0.073595,51.558927],[-0.073532,51.558925],[-0.073513,51.558925],[-0.073427,51.558935],[-0.073422,51.558936],[-0.073417,51.558937],[-0.073399,51.558965],[-0.073388,51.55898],[-0.073377,51.559009],[-0.073373,51.559018],[-0.073371,51.559066],[-0.073384,51.559072],[-0.07341,51.559082],[-0.073473,51.559105],[-0.073537,51.559114],[-0.073624,51.559117],[-0.073637,51.559181],[-0.073637,51.559185],[-0.073581,51.559291],[-0.073566,51.559318],[-0.073616,51.559319],[-0.073758,51.559321],[-0.073916,51.559324],[-0.073923,51.559324],[-0.073968,51.559325],[-0.074128,51.559328],[-0.074155,51.559329],[-0.074148,51.559363],[-0.074156,51.559376],[-0.07415,51.55941],[-0.07408,51.559773],[-0.074078,51.559785],[-0.074072,51.559814],[-0.074071,51.559821],[-0.07407,51.55983],[-0.074066,51.559855],[-0.074051,51.559947],[-0.073936,51.560539],[-0.073917,51.56064],[-0.073904,51.560709],[-0.073902,51.560718],[-0.073893,51.560765],[-0.073862,51.560921],[-0.07384,51.560958],[-0.073851,51.560979],[-0.073759,51.561451],[-0.073759,51.561454],[-0.073743,51.561536],[-0.073738,51.56156],[-0.073736,51.561571],[-0.073719,51.561673],[-0.073708,51.561733],[-0.073699,51.561784],[-0.073684,51.561783],[-0.073675,51.561782],[-0.073673,51.56179],[-0.07367,51.561805],[-0.073641,51.561949],[-0.07364,51.561954],[-0.073609,51.562096],[-0.073632,51.562056],[-0.073643,51.562037],[-0.073646,51.562026],[-0.073675,51.562013],[-0.073778,51.561966],[-0.07414,51.562],[-0.07439,51.562023],[-0.074468,51.562031],[-0.074477,51.562032],[-0.074743,51.562061],[-0.075112,51.5621],[-0.075149,51.562104],[-0.075158,51.562105],[-0.075257,51.562119],[-0.075444,51.562146],[-0.075603,51.562153],[-0.075739,51.562159],[-0.075738,51.562169],[-0.075765,51.562179],[-0.075772,51.562179],[-0.075776,51.56216],[-0.075905,51.562171],[-0.075934,51.562172],[-0.075985,51.562173],[-0.076001,51.562171],[-0.076013,51.562171],[-0.076021,51.562172],[-0.076056,51.562174],[-0.076123,51.562177],[-0.076179,51.562179],[-0.076244,51.562181],[-0.076252,51.562181],[-0.07628,51.562182],[-0.076297,51.562182],[-0.076553,51.562191],[-0.076552,51.562201],[-0.076551,51.56221],[-0.076547,51.56225],[-0.076538,51.562321],[-0.076526,51.562426],[-0.076517,51.562505],[-0.076516,51.562511],[-0.07641,51.562459],[-0.076389,51.562445],[-0.076315,51.562395],[-0.076311,51.562392],[-0.076298,51.562391],[-0.076233,51.562382],[-0.07617,51.562391],[-0.076104,51.562409],[-0.076091,51.562412],[-0.076092,51.562464],[-0.076093,51.562467],[-0.076095,51.562475],[-0.076095,51.562485],[-0.076095,51.562499],[-0.076094,51.562503],[-0.076088,51.562515],[-0.076087,51.562537],[-0.076085,51.562543],[-0.076083,51.562552],[-0.076078,51.562567],[-0.076081,51.562588],[-0.076083,51.562601],[-0.076076,51.562619],[-0.076075,51.562633],[-0.076075,51.562638],[-0.076069,51.562657],[-0.076068,51.562664],[-0.076069,51.562678],[-0.07607,51.562682],[-0.076068,51.562687],[-0.076066,51.562693],[-0.076064,51.562723],[-0.076056,51.562747],[-0.076055,51.562772],[-0.076046,51.562792],[-0.076044,51.562834],[-0.076006,51.562832],[-0.07567,51.562804],[-0.075662,51.562803],[-0.075653,51.562802],[-0.075633,51.562801],[-0.075452,51.562786],[-0.075336,51.562776],[-0.075249,51.562768],[-0.075245,51.562768],[-0.075098,51.562756],[-0.074886,51.562738],[-0.074569,51.562711],[-0.074555,51.56271],[-0.074553,51.562738],[-0.074549,51.562786],[-0.074513,51.56296],[-0.074452,51.563253],[-0.074443,51.563294],[-0.074428,51.563368],[-0.074423,51.563393],[-0.074375,51.563621],[-0.074311,51.563624],[-0.074236,51.563599],[-0.074067,51.563545],[-0.073844,51.563474]]]}},{"type":"Feature","properties":{"LSOA21CD":"E01001832","LSOA21NM":"Hackney 009E","MEAN_PTAL_":"4","mean_AI":18.5112001456,"borough":"Hackney"},"geometry":{"type":"Polygon","coordinates":[[[-0.070211,51.559928],[-0.070195,51.559885],[-0.070191,51.559874],[-0.07017,51.559817],[-0.070168,51.559811],[-0.070149,51.559759],[-0.070143,51.559742],[-0.070138,51.559728],[-0.070129,51.559703],[-0.07012,51.55968],[-0.070118,51.559675],[-0.070111,51.559657],[-0.070105,51.559642],[-0.070086,51.559597],[-0.070083,51.559589],[-0.070075,51.559568],[-0.07006,51.559532],[-0.070058,51.559527],[-0.070055,51.55952],[-0.07005,51.559508],[-0.070048,51.559503],[-0.070046,51.559497],[-0.070039,51.55948],[-0.070032,51.559463],[-0.070001,51.55939],[-0.069992,51.559367],[-0.069986,51.559351],[-0.069984,51.559346],[-0.069976,51.559326],[-0.069959,51.559285],[-0.069953,51.55927],[-0.06995,51.559265],[-0.069949,51.55926],[-0.069924,51.5592],[-0.06992,51.559191],[-0.0699,51.559148],[-0.06989,51.559127],[-0.069877,51.5591],[-0.069859,51.559062],[-0.069851,51.559044],[-0.069841,51.559023],[-0.06981,51.558957],[-0.069783,51.558907],[-0.069764,51.558873],[-0.069761,51.558868],[-0.06972,51.558792],[-0.069708,51.55877],[-0.069682,51.558723],[-0.069668,51.558697],[-0.06966,51.558684],[-0.069658,51.558679],[-0.069616,51.558611],[-0.069603,51.558591],[-0.069591,51.558573],[-0.069564,51.558528],[-0.069541,51.558493],[-0.069497,51.558422],[-0.069486,51.558406],[-0.069484,51.558402],[-0.06945,51.558352],[-0.069438,51.558335],[-0.069395,51.558272],[-0.069389,51.558264],[-0.069333,51.558181],[-0.069294,51.558125],[-0.069275,51.558097],[-0.069269,51.558088],[-0.069263,51.55808],[-0.069255,51.558069],[-0.069249,51.55806],[-0.069236,51.558043],[-0.069226,51.558031],[-0.069164,51.557951],[-0.069116,51.557889],[-0.069096,51.557864],[-0.069089,51.557854],[-0.069055,51.557811],[-0.069034,51.557783],[-0.06902,51.557766],[-0.069017,51.557761],[-0.069005,51.557746],[-0.068963,51.557695],[-0.068949,51.557678],[-0.068891,51.557607],[-0.068855,51.557564],[-0.068812,51.55751],[-0.068782,51.557475],[-0.068803,51.557486],[-0.068785,51.557456],[-0.068776,51.557441],[-0.068778,51.557405],[-0.068796,51.557383],[-0.068808,51.557369],[-0.068867,51.557325],[-0.068969,51.557309],[-0.069057,51.557297],[-0.069043,51.557277],[-0.068945,51.557139],[-0.068941,51.557111],[-0.068954,51.557056],[-0.068998,51.556984],[-0.069018,51.556981],[-0.069085,51.556976],[-0.069105,51.556976],[-0.0692,51.556967],[-0.069213,51.556966],[-0.069223,51.556964],[-0.06924,51.556964],[-0.069296,51.55696],[-0.069313,51.55696],[-0.069317,51.556959],[-0.069407,51.556951],[-0.069434,51.556947],[-0.069461,51.556944],[-0.069479,51.556941],[-0.069551,51.556939],[-0.06964,51.556929],[-0.069645,51.556929],[-0.069671,51.55693],[-0.069703,51.556934],[-0.06971,51.556935],[-0.069728,51.556936],[-0.069755,51.556936],[-0.069766,51.556936],[-0.069838,51.556943],[-0.069938,51.55693],[-0.070009,51.556921],[-0.070056,51.556915],[-0.070088,51.556908],[-0.070113,51.556907],[-0.070145,51.556907],[-0.070162,51.556905],[-0.070174,51.556905],[-0.07021,51.556903],[-0.070234,51.556901],[-0.070261,51.556899],[-0.070293,51.556894],[-0.070298,51.556893],[-0.070397,51.556893],[-0.070439,51.556896],[-0.070445,51.556896],[-0.070497,51.556894],[-0.070508,51.556895],[-0.070547,51.556894],[-0.070596,51.55689],[-0.070619,51.55689],[-0.070645,51.556887],[-0.070702,51.556884],[-0.070759,51.55688],[-0.070804,51.556881],[-0.07083,51.556878],[-0.070849,51.556877],[-0.070872,51.556877],[-0.070908,51.556875],[-0.070921,51.556874],[-0.070941,51.556873],[-0.070979,51.55687],[-0.071062,51.556865],[-0.071069,51.556864],[-0.071129,51.556861],[-0.071185,51.556858],[-0.071216,51.556862],[-0.071199,51.557156],[-0.071198,51.557179],[-0.071283,51.557176],[-0.071547,51.557178],[-0.071696,51.557061],[-0.071663,51.557027],[-0.071652,51.557016],[-0.071535,51.556916],[-0.071545,51.556877],[-0.071599,51.556747],[-0.071645,51.556677],[-0.071793,51.556545],[-0.071722,51.556488],[-0.071529,51.556407],[-0.071454,51.556418],[-0.071459,51.556415],[-0.071564,51.556327],[-0.07165,51.556231],[-0.071685,51.55618],[-0.071687,51.556177],[-0.07169,51.556171],[-0.071698,51.556154],[-0.071715,51.556158],[-0.071801,51.556181],[-0.071829,51.556188],[-0.071914,51.55621],[-0.072025,51.556239],[-0.07204,51.556242],[-0.072046,51.556244],[-0.072167,51.556275],[-0.072189,51.556281],[-0.072237,51.556293],[-0.072248,51.556296],[-0.072327,51.556317],[-0.072389,51.556333],[-0.072501,51.556362],[-0.072558,51.556376],[-0.0727,51.556413],[-0.072735,51.556422],[-0.072787,51.556436],[-0.072831,51.556447],[-0.072909,51.556467],[-0.072921,51.55647],[-0.073058,51.556506],[-0.073069,51.556509],[-0.073129,51.556524],[-0.0732,51.556542],[-0.073226,51.556548],[-0.073312,51.556567],[-0.073357,51.556576],[-0.073471,51.556601],[-0.073534,51.556613],[-0.073563,51.556618],[-0.073572,51.55662],[-0.073679,51.55664],[-0.073768,51.556656],[-0.073837,51.556669],[-0.073923,51.556685],[-0.074063,51.556564],[-0.074078,51.556534],[-0.074089,51.556511],[-0.074082,51.556462],[-0.074081,51.556458],[-0.07404,51.556402],[-0.074002,51.556373],[-0.07399,51.556364],[-0.073984,51.556356],[-0.073991,51.556349],[-0.074046,51.556253],[-0.074045,51.556243],[-0.074043,51.556239],[-0.074086,51.55617],[-0.074107,51.556135],[-0.074112,51.556126],[-0.074099,51.556099],[-0.074083,51.556067],[-0.074075,51.556058],[-0.074063,51.556044],[-0.074033,51.556026],[-0.074032,51.556017],[-0.074029,51.555975],[-0.074042,51.555904],[-0.074043,51.555901],[-0.074522,51.555917],[-0.074539,51.555917],[-0.074538,51.555925],[-0.074538,51.555944],[-0.074529,51.556135],[-0.074525,51.556232],[-0.074527,51.556281],[-0.074527,51.556297],[-0.074531,51.556423],[-0.074531,51.55643],[-0.074531,51.556438],[-0.07453,51.556474],[-0.074531,51.556542],[-0.074532,51.556621],[-0.074534,51.556717],[-0.074533,51.556847],[-0.074533,51.557002],[-0.074533,51.557077],[-0.074555,51.557165],[-0.074552,51.557239],[-0.074552,51.557256],[-0.074554,51.557259],[-0.074553,51.557293],[-0.07455,51.557303],[-0.074532,51.557374],[-0.074521,51.557416],[-0.074518,51.557427],[-0.074516,51.557517],[-0.074512,51.557549],[-0.074497,51.557576],[-0.074479,51.557677],[-0.074484,51.557688],[-0.074479,51.557712],[-0.074468,51.557766],[-0.074456,51.557867],[-0.074454,51.557881],[-0.074392,51.558202],[-0.074382,51.558253],[-0.074371,51.558252],[-0.07386,51.558212],[-0.073793,51.558207],[-0.073775,51.558207],[-0.073764,51.558206],[-0.073765,51.558203],[-0.073766,51.558191],[-0.0738,51.557958],[-0.073633,51.557984],[-0.073506,51.557972],[-0.073398,51.55794],[-0.07337,51.557931],[-0.073318,51.557998],[-0.073314,51.55801],[-0.073321,51.558152],[-0.073322,51.558159],[-0.073312,51.558161],[-0.073276,51.558166],[-0.07319,51.558169],[-0.073181,51.558169],[-0.073167,51.558168],[-0.073087,51.558163],[-0.073001,51.558158],[-0.072994,51.558158],[-0.072987,51.558158],[-0.072987,51.558164],[-0.072986,51.558244],[-0.072986,51.558261],[-0.072986,51.558278],[-0.072985,51.55836],[-0.072985,51.558386],[-0.072985,51.55839],[-0.072984,51.558441],[-0.072984,51.55846],[-0.072983,51.558558],[-0.072983,51.558591],[-0.072983,51.558607],[-0.072982,51.558621],[-0.072982,51.558645],[-0.072982,51.558649],[-0.072982,51.558724],[-0.072982,51.558735],[-0.072982,51.558813],[-0.072982,51.55886],[-0.072982,51.558882],[-0.072982,51.558886],[-0.072984,51.558889],[-0.072985,51.558918],[-0.072986,51.558922],[-0.072988,51.55893],[-0.072988,51.55895],[-0.072986,51.558958],[-0.072985,51.558965],[-0.072991,51.558999],[-0.07299,51.559003],[-0.072983,51.559049],[-0.072982,51.559057],[-0.072981,51.559063],[-0.07297,51.559065],[-0.072815,51.559092],[-0.072807,51.559093],[-0.072767,51.559094],[-0.072759,51.559094],[-0.072733,51.55909],[-0.072609,51.559049],[-0.072601,51.559045],[-0.072568,51.559027],[-0.072538,51.559011],[-0.072519,51.558999],[-0.072494,51.558988],[-0.072482,51.558983],[-0.072428,51.559033],[-0.07242,51.55904],[-0.072368,51.559075],[-0.072331,51.559119],[-0.072326,51.559125],[-0.072324,51.559265],[-0.072324,51.559271],[-0.071983,51.559265],[-0.071974,51.559265],[-0.071973,51.559283],[-0.071973,51.559295],[-0.071972,51.559368],[-0.071971,51.559418],[-0.07197,51.559472],[-0.071969,51.559526],[-0.071968,51.559575],[-0.071967,51.559629],[-0.071967,51.559679],[-0.071966,51.559742],[-0.071964,51.559814],[-0.071963,51.559891],[-0.071963,51.559897],[-0.071962,51.559975],[-0.071961,51.560052],[-0.07196,51.560074],[-0.07196,51.560118],[-0.071938,51.560084],[-0.071932,51.560075],[-0.071919,51.560061],[-0.071819,51.560077],[-0.071708,51.560078],[-0.071653,51.560071],[-0.071634,51.560065],[-0.071553,51.560037],[-0.071532,51.560025],[-0.071474,51.559977],[-0.071465,51.559957],[-0.071133,51.559938],[-0.071129,51.559938],[-0.0711,51.55992],[-0.070918,51.559946],[-0.070696,51.559902],[-0.070601,51.559942],[-0.070527,51.55996],[-0.070318,51.560196],[-0.070312,51.560203],[-0.07031,51.560205],[-0.070306,51.560194],[-0.070305,51.560191],[-0.070285,51.560134],[-0.070273,51.560099],[-0.070256,51.560053],[-0.070241,51.560012],[-0.07022,51.559953],[-0.070211,51.559928]]]}},{"type":"Feature","properties":{"LSOA21CD":"E01001833","LSOA21NM":"Hackney 014D","MEAN_PTAL_":"3","mean_AI":13.8287905192,"borough":"Hackney"},"geometry":{"type":"Polygon","coordinates":[[[-0.068459,51.556987],[-0.068414,51.556893],[-0.068408,51.556879],[-0.068377,51.556815],[-0.068375,51.55681],[-0.068356,51.556771],[-0.068356,51.556769],[-0.068354,51.556764],[-0.068352,51.556756],[-0.068348,51.556741],[-0.068345,51.556733],[-0.068344,51.556729],[-0.068342,51.55672],[-0.068325,51.556661],[-0.0683,51.556574],[-0.068298,51.556566],[-0.068292,51.556545],[-0.06828,51.556504],[-0.068276,51.55649],[-0.068268,51.556459],[-0.068264,51.556445],[-0.068257,51.556404],[-0.068253,51.556384],[-0.068223,51.556211],[-0.068222,51.5562],[-0.06822,51.556197],[-0.068215,51.556166],[-0.068183,51.555966],[-0.068175,51.555909],[-0.068172,51.55589],[-0.068167,51.55586],[-0.068163,51.555833],[-0.068163,51.55583],[-0.068148,51.555734],[-0.068137,51.555659],[-0.068126,51.555585],[-0.068125,51.555577],[-0.068121,51.555553],[-0.06812,51.555547],[-0.06812,51.555542],[-0.06812,51.555536],[-0.068124,51.55545],[-0.068125,51.555446],[-0.068133,51.555411],[-0.068139,51.555389],[-0.068149,51.55535],[-0.068152,51.555338],[-0.06816,51.555306],[-0.068184,51.555206],[-0.068187,51.555194],[-0.068193,51.55517],[-0.0682,51.555142],[-0.068209,51.555108],[-0.068213,51.555092],[-0.068215,51.555083],[-0.068216,51.555077],[-0.068235,51.554998],[-0.068251,51.554933],[-0.068284,51.554796],[-0.068298,51.554738],[-0.068299,51.554735],[-0.068304,51.55472],[-0.068322,51.554669],[-0.068328,51.554651],[-0.068337,51.554624],[-0.068361,51.554557],[-0.068379,51.554502],[-0.06844,51.554408],[-0.068449,51.554395],[-0.068474,51.554355],[-0.068477,51.554351],[-0.068481,51.554345],[-0.068487,51.554337],[-0.068504,51.554312],[-0.068515,51.554296],[-0.068542,51.554258],[-0.06857,51.554223],[-0.068577,51.554214],[-0.068644,51.554129],[-0.068649,51.554129],[-0.068653,51.554126],[-0.068773,51.554128],[-0.068779,51.554128],[-0.069126,51.554134],[-0.069356,51.554138],[-0.069362,51.554137],[-0.069366,51.554134],[-0.069431,51.554086],[-0.069437,51.554082],[-0.069731,51.553866],[-0.069834,51.553789],[-0.069933,51.553715],[-0.069956,51.553698],[-0.069965,51.553691],[-0.07002,51.553714],[-0.070115,51.553754],[-0.070124,51.553758],[-0.070162,51.553773],[-0.070184,51.553782],[-0.070236,51.553792],[-0.070304,51.553805],[-0.070368,51.553816],[-0.070372,51.553817],[-0.07039,51.55382],[-0.070421,51.553826],[-0.070434,51.553829],[-0.070513,51.553843],[-0.070569,51.553853],[-0.070573,51.553854],[-0.070579,51.553855],[-0.070629,51.553864],[-0.070656,51.553869],[-0.070723,51.553879],[-0.070729,51.55388],[-0.070745,51.553883],[-0.070794,51.55389],[-0.070841,51.553897],[-0.070855,51.553899],[-0.07093,51.55391],[-0.071029,51.553924],[-0.071093,51.553934],[-0.071113,51.553937],[-0.071186,51.553909],[-0.071198,51.553905],[-0.071275,51.553877],[-0.071276,51.553855],[-0.071276,51.553844],[-0.071277,51.553819],[-0.071279,51.553788],[-0.071279,51.553778],[-0.07128,51.553748],[-0.071281,51.553739],[-0.071282,51.55371],[-0.071282,51.553708],[-0.071284,51.553665],[-0.071286,51.553622],[-0.071289,51.553568],[-0.071291,51.553526],[-0.071293,51.553482],[-0.071294,51.553461],[-0.071295,51.553446],[-0.071302,51.553446],[-0.071416,51.553447],[-0.071452,51.553447],[-0.071563,51.553449],[-0.071631,51.55345],[-0.071635,51.55345],[-0.071648,51.553449],[-0.071679,51.553447],[-0.071739,51.553443],[-0.071809,51.553438],[-0.071824,51.553438],[-0.071882,51.553434],[-0.071907,51.553433],[-0.071952,51.55343],[-0.072033,51.553425],[-0.072083,51.553422],[-0.07213,51.55342],[-0.072183,51.553418],[-0.072215,51.553418],[-0.072723,51.553405],[-0.073092,51.553393],[-0.073143,51.553392],[-0.073021,51.553488],[-0.07289,51.553571],[-0.072688,51.553676],[-0.072679,51.553681],[-0.07254,51.553683],[-0.072512,51.553683],[-0.072491,51.553684],[-0.072255,51.553687],[-0.071907,51.553693],[-0.071762,51.553695],[-0.071747,51.553704],[-0.071733,51.553892],[-0.071722,51.553916],[-0.07173,51.553935],[-0.071716,51.554123],[-0.071715,51.554133],[-0.071714,51.554144],[-0.071777,51.554144],[-0.071732,51.554165],[-0.071725,51.554168],[-0.071691,51.554544],[-0.071714,51.554551],[-0.071731,51.554557],[-0.071757,51.554562],[-0.071789,51.554569],[-0.071797,51.55457],[-0.071853,51.554577],[-0.071867,51.554862],[-0.07187,51.554938],[-0.071962,51.554939],[-0.071967,51.554939],[-0.072021,51.554939],[-0.072083,51.55494],[-0.072116,51.554941],[-0.072291,51.554942],[-0.072322,51.554943],[-0.0724,51.554944],[-0.072457,51.554944],[-0.072496,51.554945],[-0.072603,51.554946],[-0.072694,51.554947],[-0.072757,51.554948],[-0.072778,51.554948],[-0.072817,51.554948],[-0.072884,51.554949],[-0.072904,51.554949],[-0.073017,51.554951],[-0.073035,51.554951],[-0.073207,51.554953],[-0.073229,51.554953],[-0.073295,51.554954],[-0.073528,51.554956],[-0.073527,51.554965],[-0.073531,51.554965],[-0.073548,51.554967],[-0.073556,51.554969],[-0.073568,51.554967],[-0.073569,51.554957],[-0.073699,51.554958],[-0.073786,51.554959],[-0.07379,51.554959],[-0.073822,51.554959],[-0.073925,51.55496],[-0.073966,51.55496],[-0.0741,51.554961],[-0.074484,51.554964],[-0.074532,51.554965],[-0.074634,51.554967],[-0.074694,51.554969],[-0.074693,51.554984],[-0.074721,51.554986],[-0.074719,51.555002],[-0.074715,51.55503],[-0.074685,51.55503],[-0.074613,51.555431],[-0.074579,51.555621],[-0.074561,51.55572],[-0.074548,51.555782],[-0.074546,51.555788],[-0.074544,51.5558],[-0.074539,51.555917],[-0.074522,51.555917],[-0.074043,51.555901],[-0.074042,51.555904],[-0.074029,51.555975],[-0.074032,51.556017],[-0.074033,51.556026],[-0.074063,51.556044],[-0.074075,51.556058],[-0.074083,51.556067],[-0.074099,51.556099],[-0.074112,51.556126],[-0.074107,51.556135],[-0.074086,51.55617],[-0.074043,51.556239],[-0.074045,51.556243],[-0.074046,51.556253],[-0.073991,51.556349],[-0.073984,51.556356],[-0.07399,51.556364],[-0.074002,51.556373],[-0.07404,51.556402],[-0.074081,51.556458],[-0.074082,51.556462],[-0.074089,51.556511],[-0.074078,51.556534],[-0.074063,51.556564],[-0.073923,51.556685],[-0.073837,51.556669],[-0.073768,51.556656],[-0.073679,51.55664],[-0.073572,51.55662],[-0.073563,51.556618],[-0.073534,51.556613],[-0.073471,51.556601],[-0.073357,51.556576],[-0.073312,51.556567],[-0.073226,51.556548],[-0.0732,51.556542],[-0.073129,51.556524],[-0.073069,51.556509],[-0.073058,51.556506],[-0.072921,51.55647],[-0.072909,51.556467],[-0.072831,51.556447],[-0.072787,51.556436],[-0.072735,51.556422],[-0.0727,51.556413],[-0.072558,51.556376],[-0.072501,51.556362],[-0.072389,51.556333],[-0.072327,51.556317],[-0.072248,51.556296],[-0.072237,51.556293],[-0.072189,51.556281],[-0.072167,51.556275],[-0.072046,51.556244],[-0.07204,51.556242],[-0.072025,51.556239],[-0.071914,51.55621],[-0.071829,51.556188],[-0.071801,51.556181],[-0.071715,51.556158],[-0.071698,51.556154],[-0.07169,51.556171],[-0.071687,51.556177],[-0.071685,51.55618],[-0.07165,51.556231],[-0.071564,51.556327],[-0.071459,51.556415],[-0.071454,51.556418],[-0.071529,51.556407],[-0.071722,51.556488],[-0.071793,51.556545],[-0.071645,51.556677],[-0.071599,51.556747],[-0.071545,51.556877],[-0.071535,51.556916],[-0.071652,51.557016],[-0.071663,51.557027],[-0.071696,51.557061],[-0.071547,51.557178],[-0.071283,51.557176],[-0.071198,51.557179],[-0.071199,51.557156],[-0.071216,51.556862],[-0.071185,51.556858],[-0.071129,51.556861],[-0.071069,51.556864],[-0.071062,51.556865],[-0.070979,51.55687],[-0.070941,51.556873],[-0.070921,51.556874],[-0.070908,51.556875],[-0.070872,51.556877],[-0.070849,51.556877],[-0.07083,51.556878],[-0.070804,51.556881],[-0.070759,51.55688],[-0.070702,51.556884],[-0.070645,51.556887],[-0.070619,51.55689],[-0.070596,51.55689],[-0.070547,51.556894],[-0.070508,51.556895],[-0.070497,51.556894],[-0.070445,51.556896],[-0.070439,51.556896],[-0.070397,51.556893],[-0.070298,51.556893],[-0.070293,51.556894],[-0.070261,51.556899],[-0.070234,51.556901],[-0.07021,51.556903],[-0.070174,51.556905],[-0.070162,51.556905],[-0.070145,51.556907],[-0.070113,51.556907],[-0.070088,51.556908],[-0.070056,51.556915],[-0.070009,51.556921],[-0.069938,51.55693],[-0.069838,51.556943],[-0.069766,51.556936],[-0.069755,51.556936],[-0.069728,51.556936],[-0.06971,51.556935],[-0.069703,51.556934],[-0.069671,51.55693],[-0.069645,51.556929],[-0.06964,51.556929],[-0.069551,51.556939],[-0.069479,51.556941],[-0.069461,51.556944],[-0.069434,51.556947],[-0.069407,51.556951],[-0.069317,51.556959],[-0.069313,51.55696],[-0.069296,51.55696],[-0.06924,51.556964],[-0.069223,51.556964],[-0.069213,51.556966],[-0.0692,51.556967],[-0.069105,51.556976],[-0.069085,51.556976],[-0.069018,51.556981],[-0.068998,51.556984],[-0.068954,51.557056],[-0.068941,51.557111],[-0.068945,51.557139],[-0.069043,51.557277],[-0.069057,51.557297],[-0.068969,51.557309],[-0.068867,51.557325],[-0.068808,51.557369],[-0.068796,51.557383],[-0.068778,51.557405],[-0.068776,51.557441],[-0.068785,51.557456],[-0.068803,51.557486],[-0.068782,51.557475],[-0.068756,51.557442],[-0.068753,51.557439],[-0.068751,51.557436],[-0.068725,51.557405],[-0.068722,51.557401],[-0.068707,51.557383],[-0.068684,51.557352],[-0.068671,51.557334],[-0.068668,51.55733],[-0.068658,51.557317],[-0.068641,51.557294],[-0.068636,51.557285],[-0.068625,51.557269],[-0.068581,51.557202],[-0.068578,51.557197],[-0.068572,51.557189],[-0.068567,51.55718],[-0.068535,51.557131],[-0.068512,51.557097],[-0.068509,51.557091],[-0.068459,51.556987]]]}},{"type":"Feature","properties":{"LSOA21CD":"E01001834","LSOA21NM":"Hackney 014E","MEAN_PTAL_":"3","mean_AI":14.8001161502,"borough":"Hackney"},"geometry":{"type":"Polygon","coordinates":[[[-0.076462,51.556479],[-0.076413,51.556477],[-0.076326,51.556473],[-0.076254,51.55647],[-0.076182,51.556467],[-0.076146,51.556465],[-0.076047,51.556463],[-0.075918,51.556461],[-0.075771,51.556459],[-0.075684,51.556457],[-0.075526,51.556454],[-0.075302,51.556448],[-0.075202,51.556446],[-0.075093,51.556443],[-0.075022,51.556441],[-0.074983,51.556333],[-0.074987,51.556289],[-0.074996,51.556271],[-0.07501,51.556244],[-0.075025,51.556229],[-0.075103,51.556218],[-0.075164,51.55621],[-0.075212,51.556197],[-0.075237,51.556191],[-0.075305,51.556163],[-0.075315,51.556158],[-0.075329,51.55615],[-0.075315,51.556139],[-0.075218,51.556059],[-0.075113,51.555972],[-0.075089,51.555952],[-0.075088,51.555943],[-0.075082,51.555882],[-0.07509,51.555878],[-0.075096,51.555831],[-0.075096,51.555827],[-0.075123,51.555537],[-0.074815,51.555426],[-0.074646,51.55543],[-0.074613,51.555431],[-0.074685,51.55503],[-0.074715,51.55503],[-0.074719,51.555002],[-0.074721,51.554986],[-0.074693,51.554984],[-0.074694,51.554969],[-0.074634,51.554967],[-0.074532,51.554965],[-0.074484,51.554964],[-0.0741,51.554961],[-0.073966,51.55496],[-0.073925,51.55496],[-0.073822,51.554959],[-0.07379,51.554959],[-0.073786,51.554959],[-0.073699,51.554958],[-0.073569,51.554957],[-0.073568,51.554967],[-0.073556,51.554969],[-0.073548,51.554967],[-0.073531,51.554965],[-0.073527,51.554965],[-0.073528,51.554956],[-0.073295,51.554954],[-0.073229,51.554953],[-0.073207,51.554953],[-0.073035,51.554951],[-0.073017,51.554951],[-0.072904,51.554949],[-0.072884,51.554949],[-0.072817,51.554948],[-0.072778,51.554948],[-0.072757,51.554948],[-0.072694,51.554947],[-0.072603,51.554946],[-0.072496,51.554945],[-0.072457,51.554944],[-0.0724,51.554944],[-0.072322,51.554943],[-0.072291,51.554942],[-0.072116,51.554941],[-0.072083,51.55494],[-0.072021,51.554939],[-0.071967,51.554939],[-0.071962,51.554939],[-0.07187,51.554938],[-0.071867,51.554862],[-0.071853,51.554577],[-0.071797,51.55457],[-0.071789,51.554569],[-0.071757,51.554562],[-0.071731,51.554557],[-0.071714,51.554551],[-0.071691,51.554544],[-0.071725,51.554168],[-0.071732,51.554165],[-0.071777,51.554144],[-0.071714,51.554144],[-0.071715,51.554133],[-0.071716,51.554123],[-0.07173,51.553935],[-0.071722,51.553916],[-0.071733,51.553892],[-0.071747,51.553704],[-0.071762,51.553695],[-0.071907,51.553693],[-0.072255,51.553687],[-0.072491,51.553684],[-0.072512,51.553683],[-0.07254,51.553683],[-0.072679,51.553681],[-0.072688,51.553676],[-0.07289,51.553571],[-0.073021,51.553488],[-0.073143,51.553392],[-0.073215,51.55339],[-0.073376,51.553385],[-0.073463,51.553382],[-0.073547,51.55338],[-0.073555,51.55338],[-0.073703,51.553375],[-0.073884,51.55337],[-0.073906,51.553369],[-0.07392,51.553369],[-0.073923,51.553265],[-0.073925,51.553229],[-0.073937,51.553115],[-0.074082,51.553116],[-0.0744,51.553103],[-0.074693,51.553102],[-0.074836,51.553102],[-0.074858,51.553102],[-0.07486,51.553079],[-0.074871,51.55299],[-0.074872,51.552982],[-0.074882,51.552981],[-0.075046,51.552978],[-0.075333,51.553188],[-0.075314,51.553261],[-0.075282,51.553381],[-0.075275,51.553409],[-0.075268,51.553412],[-0.075268,51.553426],[-0.075275,51.553583],[-0.075285,51.553606],[-0.07529,51.553617],[-0.07528,51.553625],[-0.075219,51.553691],[-0.075225,51.553763],[-0.075254,51.553819],[-0.07525,51.553876],[-0.075284,51.553875],[-0.075305,51.553915],[-0.075316,51.55396],[-0.075365,51.553981],[-0.075374,51.553999],[-0.075311,51.554059],[-0.075125,51.554182],[-0.075078,51.554214],[-0.07508,51.55422],[-0.07511,51.554338],[-0.075113,51.55435],[-0.075103,51.554356],[-0.075302,51.554359],[-0.075301,51.554351],[-0.075362,51.554344],[-0.075391,51.554345],[-0.075463,51.554347],[-0.075528,51.554348],[-0.075593,51.55435],[-0.075694,51.554353],[-0.075773,51.554355],[-0.075821,51.554359],[-0.075863,51.554363],[-0.075887,51.554365],[-0.075994,51.554375],[-0.076075,51.554383],[-0.076222,51.554396],[-0.076293,51.554403],[-0.076373,51.55441],[-0.076399,51.554413],[-0.07643,51.554415],[-0.07673,51.554443],[-0.076836,51.554453],[-0.076883,51.554471],[-0.076881,51.554477],[-0.076818,51.554692],[-0.076938,51.554739],[-0.076952,51.554747],[-0.077052,51.554827],[-0.077106,51.554829],[-0.077151,51.554838],[-0.077174,51.554842],[-0.077193,51.554847],[-0.077244,51.554854],[-0.077249,51.554855],[-0.077268,51.554859],[-0.077302,51.554864],[-0.077307,51.554864],[-0.077376,51.554866],[-0.077473,51.554946],[-0.077504,51.55496],[-0.07787,51.554905],[-0.077982,51.554888],[-0.078021,51.554902],[-0.078029,51.554899],[-0.078047,51.554893],[-0.078144,51.554882],[-0.078224,51.554881],[-0.078231,51.554881],[-0.078297,51.554885],[-0.078405,51.554907],[-0.078461,51.554927],[-0.078577,51.554998],[-0.078595,51.555011],[-0.078599,51.555023],[-0.078601,51.55503],[-0.078604,51.555058],[-0.078632,51.555074],[-0.07869,51.555102],[-0.078697,51.555106],[-0.078701,51.555108],[-0.078714,51.555118],[-0.078771,51.555149],[-0.078836,51.555137],[-0.078841,51.555107],[-0.078941,51.555117],[-0.079073,51.555131],[-0.079201,51.555146],[-0.079208,51.555104],[-0.07923,51.555123],[-0.079234,51.555126],[-0.079231,51.555147],[-0.07922,51.55522],[-0.079214,51.555256],[-0.079212,51.555272],[-0.079203,51.55533],[-0.079202,51.555336],[-0.079194,51.555389],[-0.079185,51.555452],[-0.079183,51.555464],[-0.079181,51.55548],[-0.079177,51.5555],[-0.079176,51.55551],[-0.079172,51.555535],[-0.079165,51.555579],[-0.079165,51.555585],[-0.079164,51.55559],[-0.079155,51.555647],[-0.079151,51.555678],[-0.07915,51.555687],[-0.07914,51.555747],[-0.07913,51.555812],[-0.079121,51.555873],[-0.079111,51.555936],[-0.079105,51.555978],[-0.079097,51.556032],[-0.079088,51.556093],[-0.079087,51.556098],[-0.079073,51.556098],[-0.07886,51.556078],[-0.078779,51.556071],[-0.078668,51.556061],[-0.078139,51.556013],[-0.078127,51.556012],[-0.078127,51.556023],[-0.078135,51.556156],[-0.078143,51.556231],[-0.077872,51.55617],[-0.077728,51.556246],[-0.077776,51.556282],[-0.077784,51.556292],[-0.077819,51.556335],[-0.077821,51.556337],[-0.077835,51.55638],[-0.077833,51.556403],[-0.077831,51.556421],[-0.07779,51.556501],[-0.077695,51.556499],[-0.077659,51.556499],[-0.077623,51.556498],[-0.077587,51.556498],[-0.077551,51.556497],[-0.077472,51.556496],[-0.077371,51.556494],[-0.077299,51.556493],[-0.077219,51.556492],[-0.077126,51.55649],[-0.077084,51.556489],[-0.077051,51.556489],[-0.076996,51.556488],[-0.076924,51.556487],[-0.076844,51.556485],[-0.0768,51.556485],[-0.076722,51.556483],[-0.076686,51.556483],[-0.076601,51.556481],[-0.076578,51.556481],[-0.076462,51.556479]]]}},{"type":"Feature","properties":{"LSOA21CD":"E01001835","LSOA21NM":"Hackney 014F","MEAN_PTAL_":"4","mean_AI":16.8687563556,"borough":"Hackney"},"geometry":{"type":"Polygon","coordinates":[[[-0.078697,51.555106],[-0.07869,51.555102],[-0.078632,51.555074],[-0.078604,51.555058],[-0.078601,51.55503],[-0.078599,51.555023],[-0.078595,51.555011],[-0.078577,51.554998],[-0.078461,51.554927],[-0.078405,51.554907],[-0.078297,51.554885],[-0.078231,51.554881],[-0.078224,51.554881],[-0.078144,51.554882],[-0.078047,51.554893],[-0.078029,51.554899],[-0.078021,51.554902],[-0.077982,51.554888],[-0.07787,51.554905],[-0.077504,51.55496],[-0.077473,51.554946],[-0.077376,51.554866],[-0.077307,51.554864],[-0.077302,51.554864],[-0.077268,51.554859],[-0.077249,51.554855],[-0.077244,51.554854],[-0.077193,51.554847],[-0.077174,51.554842],[-0.077151,51.554838],[-0.077106,51.554829],[-0.077052,51.554827],[-0.076952,51.554747],[-0.076938,51.554739],[-0.076818,51.554692],[-0.076881,51.554477],[-0.076883,51.554471],[-0.076836,51.554453],[-0.07673,51.554443],[-0.07643,51.554415],[-0.076399,51.554413],[-0.076373,51.55441],[-0.076293,51.554403],[-0.076222,51.554396],[-0.076075,51.554383],[-0.075994,51.554375],[-0.075887,51.554365],[-0.075863,51.554363],[-0.075821,51.554359],[-0.075773,51.554355],[-0.075694,51.554353],[-0.075593,51.55435],[-0.075528,51.554348],[-0.075463,51.554347],[-0.075391,51.554345],[-0.075362,51.554344],[-0.075301,51.554351],[-0.075302,51.554359],[-0.075103,51.554356],[-0.075113,51.55435],[-0.07511,51.554338],[-0.07508,51.55422],[-0.075078,51.554214],[-0.075125,51.554182],[-0.075311,51.554059],[-0.075374,51.553999],[-0.075365,51.553981],[-0.075316,51.55396],[-0.075305,51.553915],[-0.075284,51.553875],[-0.07525,51.553876],[-0.075254,51.553819],[-0.075225,51.553763],[-0.075219,51.553691],[-0.07528,51.553625],[-0.07529,51.553617],[-0.075285,51.553606],[-0.075275,51.553583],[-0.075268,51.553426],[-0.075268,51.553412],[-0.075275,51.553409],[-0.075282,51.553381],[-0.075314,51.553261],[-0.075333,51.553188],[-0.075046,51.552978],[-0.074882,51.552981],[-0.074872,51.552982],[-0.074884,51.552885],[-0.074887,51.552862],[-0.074892,51.552813],[-0.074899,51.552756],[-0.074903,51.552724],[-0.074918,51.552605],[-0.074922,51.552572],[-0.074923,51.552565],[-0.074925,51.552547],[-0.074926,51.552539],[-0.074931,51.552499],[-0.074932,51.552494],[-0.074937,51.55245],[-0.074937,51.552446],[-0.074954,51.552312],[-0.074955,51.552301],[-0.074961,51.552255],[-0.075025,51.552257],[-0.075066,51.552258],[-0.075214,51.552264],[-0.075277,51.552266],[-0.07536,51.552269],[-0.075412,51.552271],[-0.075501,51.552275],[-0.075703,51.552277],[-0.075751,51.552279],[-0.075781,51.552277],[-0.075932,51.552272],[-0.075932,51.552275],[-0.075932,51.552284],[-0.075937,51.552455],[-0.075931,51.552483],[-0.076007,51.552491],[-0.076098,51.552495],[-0.076145,51.552497],[-0.076245,51.552501],[-0.076292,51.552503],[-0.076287,51.552727],[-0.076318,51.552725],[-0.076323,51.552725],[-0.07637,51.552723],[-0.076384,51.552722],[-0.076412,51.552721],[-0.076419,51.55272],[-0.076434,51.55272],[-0.076511,51.552716],[-0.076548,51.552714],[-0.07656,51.552714],[-0.076646,51.55271],[-0.076665,51.552709],[-0.076697,51.552707],[-0.076719,51.552706],[-0.076764,51.552704],[-0.076808,51.552702],[-0.076847,51.5527],[-0.076855,51.5527],[-0.076942,51.552696],[-0.076959,51.552695],[-0.076975,51.552694],[-0.077041,51.552691],[-0.077053,51.552691],[-0.077052,51.552688],[-0.077051,51.552683],[-0.077022,51.55256],[-0.076998,51.552464],[-0.076997,51.552461],[-0.076967,51.552346],[-0.076935,51.552223],[-0.076987,51.552218],[-0.076994,51.552218],[-0.077014,51.552216],[-0.077029,51.552215],[-0.077089,51.55221],[-0.077115,51.552208],[-0.07714,51.552206],[-0.077154,51.552204],[-0.077174,51.552203],[-0.077222,51.552199],[-0.077264,51.552195],[-0.077315,51.552191],[-0.077336,51.552189],[-0.077343,51.552189],[-0.077347,51.552207],[-0.077369,51.552307],[-0.07738,51.552348],[-0.077482,51.552341],[-0.077575,51.552333],[-0.077582,51.552333],[-0.07759,51.552332],[-0.077622,51.55233],[-0.077655,51.552327],[-0.077662,51.552326],[-0.07769,51.552324],[-0.077694,51.552324],[-0.07775,51.552319],[-0.077773,51.552318],[-0.077782,51.552317],[-0.077833,51.552313],[-0.077846,51.552312],[-0.077924,51.552306],[-0.077928,51.552305],[-0.077949,51.552304],[-0.077959,51.552303],[-0.078078,51.552293],[-0.078101,51.552292],[-0.07819,51.552284],[-0.078288,51.552277],[-0.07835,51.552271],[-0.078362,51.55227],[-0.078397,51.552267],[-0.078407,51.552267],[-0.078437,51.552264],[-0.078596,51.55225],[-0.078611,51.552249],[-0.078622,51.552248],[-0.078772,51.552235],[-0.078792,51.552234],[-0.078805,51.552233],[-0.078909,51.552224],[-0.078922,51.552222],[-0.07895,51.552219],[-0.079035,51.552211],[-0.079035,51.552221],[-0.079034,51.552288],[-0.079032,51.552365],[-0.07903,51.55238],[-0.079026,51.552403],[-0.079024,51.552417],[-0.079005,51.552495],[-0.079002,51.55251],[-0.079001,51.552529],[-0.079001,51.552554],[-0.079,51.552561],[-0.078999,51.552608],[-0.079,51.552621],[-0.079,51.552625],[-0.079006,51.55278],[-0.079008,51.552816],[-0.079008,51.552827],[-0.079013,51.552856],[-0.079025,51.552925],[-0.079061,51.553134],[-0.079066,51.553165],[-0.079073,51.553208],[-0.079079,51.553221],[-0.079115,51.553311],[-0.079131,51.553349],[-0.079135,51.553358],[-0.079141,51.553367],[-0.079172,51.553411],[-0.079178,51.55342],[-0.079198,51.553449],[-0.079254,51.553489],[-0.079295,51.553519],[-0.079299,51.553522],[-0.079316,51.553534],[-0.079325,51.553541],[-0.079335,51.553552],[-0.079356,51.553577],[-0.079382,51.553607],[-0.079396,51.553624],[-0.079403,51.553662],[-0.079404,51.553666],[-0.079407,51.553682],[-0.079407,51.553685],[-0.079406,51.553713],[-0.07939,51.553811],[-0.079311,51.554117],[-0.079251,51.554346],[-0.079236,51.554421],[-0.07923,51.554454],[-0.079214,51.554537],[-0.079209,51.554563],[-0.079189,51.554667],[-0.079187,51.554681],[-0.079183,51.554704],[-0.079181,51.554713],[-0.079176,51.554739],[-0.079174,51.554748],[-0.079187,51.55476],[-0.079189,51.554773],[-0.079205,51.554775],[-0.079231,51.554778],[-0.079227,51.554793],[-0.079224,51.554805],[-0.079205,51.554885],[-0.079203,51.554891],[-0.0792,51.554905],[-0.07919,51.554972],[-0.07919,51.554978],[-0.079185,51.555043],[-0.079192,51.555071],[-0.079198,51.555095],[-0.079208,51.555104],[-0.079201,51.555146],[-0.079073,51.555131],[-0.078941,51.555117],[-0.078841,51.555107],[-0.078836,51.555137],[-0.078771,51.555149],[-0.078714,51.555118],[-0.078701,51.555108],[-0.078697,51.555106]]]}},{"type":"Feature","properties":{"LSOA21CD":"E01001838","LSOA21NM":"Hackney 019E","MEAN_PTAL_":"4","mean_AI":19.9028868116,"borough":"Hackney"},"geometry":{"type":"Polygon","coordinates":[[[-0.048366,51.542858],[-0.048603,51.54273],[-0.048617,51.542723],[-0.048692,51.542624],[-0.048739,51.542552],[-0.048776,51.542479],[-0.048781,51.542463],[-0.048783,51.542459],[-0.048796,51.542417],[-0.048831,51.542311],[-0.048837,51.542224],[-0.04884,51.542191],[-0.04884,51.542179],[-0.048846,51.542099],[-0.048847,51.542093],[-0.048848,51.542068],[-0.048849,51.542061],[-0.048854,51.541995],[-0.048854,51.541985],[-0.048855,51.541982],[-0.048861,51.541886],[-0.048862,51.541877],[-0.048866,51.541822],[-0.048866,51.541819],[-0.048869,51.541777],[-0.048872,51.541754],[-0.048882,51.541663],[-0.048885,51.541641],[-0.048889,51.541606],[-0.048891,51.541589],[-0.048936,51.541533],[-0.048942,51.541526],[-0.04895,51.541515],[-0.048957,51.54152],[-0.049064,51.541386],[-0.049123,51.541333],[-0.049224,51.541249],[-0.049302,51.541184],[-0.049411,51.54125],[-0.049496,51.541254],[-0.049708,51.54144],[-0.049652,51.54145],[-0.049685,51.541545],[-0.049696,51.541577],[-0.049729,51.541673],[-0.049867,51.54158],[-0.05013,51.541581],[-0.050134,51.541581],[-0.050152,51.541612],[-0.050324,51.541916],[-0.050565,51.54196],[-0.050686,51.541982],[-0.050736,51.541897],[-0.050816,51.542091],[-0.050877,51.542142],[-0.050921,51.542137],[-0.051186,51.542096],[-0.05124,51.542087],[-0.051342,51.542072],[-0.05182,51.542017],[-0.051814,51.541998],[-0.051679,51.541594],[-0.051639,51.541474],[-0.051615,51.541402],[-0.051628,51.5414],[-0.051913,51.54136],[-0.051955,51.541463],[-0.051962,51.541471],[-0.052224,51.541626],[-0.052335,51.541635],[-0.052414,51.541667],[-0.052681,51.541632],[-0.052963,51.541595],[-0.052988,51.541643],[-0.053004,51.541672],[-0.053016,51.541695],[-0.053048,51.541803],[-0.05305,51.541809],[-0.053096,51.541965],[-0.053104,51.541993],[-0.053132,51.54202],[-0.053203,51.54204],[-0.053261,51.54205],[-0.053272,51.542051],[-0.05339,51.542061],[-0.053447,51.54208],[-0.05346,51.542107],[-0.053473,51.542143],[-0.053475,51.542149],[-0.053528,51.542341],[-0.053548,51.542414],[-0.053852,51.542384],[-0.053888,51.542524],[-0.053884,51.542531],[-0.053817,51.542639],[-0.053758,51.542735],[-0.053938,51.5429],[-0.053997,51.542903],[-0.054078,51.542907],[-0.054087,51.542906],[-0.054196,51.5429],[-0.054209,51.542898],[-0.054239,51.542894],[-0.054337,51.542874],[-0.054353,51.54287],[-0.054467,51.542832],[-0.054633,51.542765],[-0.05466,51.542752],[-0.054668,51.542748],[-0.054798,51.543015],[-0.0548,51.543018],[-0.054878,51.543182],[-0.05488,51.543185],[-0.054817,51.543191],[-0.05477,51.543195],[-0.054648,51.543205],[-0.05461,51.543209],[-0.054575,51.543212],[-0.054567,51.543213],[-0.054537,51.543216],[-0.054493,51.543221],[-0.054426,51.543228],[-0.05441,51.543229],[-0.054401,51.54323],[-0.054392,51.543231],[-0.05435,51.543235],[-0.054314,51.543239],[-0.054256,51.543245],[-0.054228,51.543248],[-0.054209,51.54325],[-0.054182,51.543253],[-0.054116,51.543259],[-0.054084,51.543263],[-0.054059,51.543265],[-0.054012,51.54327],[-0.053957,51.543276],[-0.0539,51.543281],[-0.053888,51.543283],[-0.053819,51.54329],[-0.053691,51.543303],[-0.053541,51.543318],[-0.053444,51.543328],[-0.053395,51.543333],[-0.053367,51.543336],[-0.05328,51.543345],[-0.053246,51.543349],[-0.05315,51.543358],[-0.053133,51.54336],[-0.053079,51.543366],[-0.053039,51.543371],[-0.052936,51.543384],[-0.052862,51.543393],[-0.052838,51.543396],[-0.052798,51.543401],[-0.05277,51.543405],[-0.052673,51.543418],[-0.052497,51.543439],[-0.052277,51.543468],[-0.052259,51.54347],[-0.052237,51.543473],[-0.052088,51.543492],[-0.052073,51.543493],[-0.052044,51.543497],[-0.052008,51.543502],[-0.051965,51.543507],[-0.051956,51.543509],[-0.051893,51.543517],[-0.051882,51.543518],[-0.051794,51.54353],[-0.05178,51.543532],[-0.051747,51.543537],[-0.05173,51.543539],[-0.051675,51.543546],[-0.051664,51.543548],[-0.051646,51.54355],[-0.051628,51.543552],[-0.051618,51.543554],[-0.051612,51.543554],[-0.051494,51.54357],[-0.051484,51.543572],[-0.051464,51.543574],[-0.051459,51.543575],[-0.051147,51.543616],[-0.051138,51.543618],[-0.051085,51.543625],[-0.051049,51.54363],[-0.050946,51.543642],[-0.050902,51.543647],[-0.050877,51.54365],[-0.050865,51.543651],[-0.050572,51.543686],[-0.050521,51.543692],[-0.050338,51.543713],[-0.050188,51.543639],[-0.050112,51.543601],[-0.050099,51.543595],[-0.049993,51.54355],[-0.049976,51.543543],[-0.04992,51.543519],[-0.049913,51.543516],[-0.049732,51.54344],[-0.049556,51.543366],[-0.049489,51.543337],[-0.0493,51.543258],[-0.049202,51.543217],[-0.049176,51.543206],[-0.049001,51.543132],[-0.048994,51.543129],[-0.048975,51.543121],[-0.048881,51.543081],[-0.048806,51.54305],[-0.048682,51.542997],[-0.048635,51.542978],[-0.048396,51.542871],[-0.048386,51.542867],[-0.048366,51.542858]]]}},{"type":"Feature","properties":{"LSOA21CD":"E01001839","LSOA21NM":"Hackney 023C","MEAN_PTAL_":"5","mean_AI":21.4951003873,"borough":"Hackney"},"geometry":{"type":"Polygon","coordinates":[[[-0.054798,51.543015],[-0.054668,51.542748],[-0.05466,51.542752],[-0.054633,51.542765],[-0.054467,51.542832],[-0.054353,51.54287],[-0.054337,51.542874],[-0.054239,51.542894],[-0.054209,51.542898],[-0.054196,51.5429],[-0.054087,51.542906],[-0.054078,51.542907],[-0.053997,51.542903],[-0.053938,51.5429],[-0.053758,51.542735],[-0.053817,51.542639],[-0.053884,51.542531],[-0.053888,51.542524],[-0.053852,51.542384],[-0.053548,51.542414],[-0.053528,51.542341],[-0.053475,51.542149],[-0.053473,51.542143],[-0.05346,51.542107],[-0.053447,51.54208],[-0.05339,51.542061],[-0.053272,51.542051],[-0.053261,51.54205],[-0.053203,51.54204],[-0.053132,51.54202],[-0.053104,51.541993],[-0.053096,51.541965],[-0.05305,51.541809],[-0.053048,51.541803],[-0.053016,51.541695],[-0.053004,51.541672],[-0.052988,51.541643],[-0.052963,51.541595],[-0.052681,51.541632],[-0.052414,51.541667],[-0.052335,51.541635],[-0.052224,51.541626],[-0.051962,51.541471],[-0.051955,51.541463],[-0.051913,51.54136],[-0.051861,51.541233],[-0.051869,51.541227],[-0.051964,51.541158],[-0.052173,51.541006],[-0.05218,51.541024],[-0.052207,51.541052],[-0.052236,51.541061],[-0.052293,51.541071],[-0.052315,51.541068],[-0.052713,51.541015],[-0.052805,51.541233],[-0.052827,51.541283],[-0.052966,51.541184],[-0.053059,51.541115],[-0.053053,51.541095],[-0.05305,51.541086],[-0.053041,51.541071],[-0.053005,51.540988],[-0.052998,51.54097],[-0.052993,51.540959],[-0.052992,51.540956],[-0.052975,51.540917],[-0.052929,51.540808],[-0.052924,51.540796],[-0.052906,51.540751],[-0.052895,51.540726],[-0.0528,51.540502],[-0.052787,51.540469],[-0.052728,51.54033],[-0.052696,51.540255],[-0.05269,51.540239],[-0.05265,51.540248],[-0.052369,51.540308],[-0.052367,51.540305],[-0.052354,51.540308],[-0.052329,51.540314],[-0.052251,51.54033],[-0.052136,51.540355],[-0.051564,51.540469],[-0.05154,51.540474],[-0.051399,51.540497],[-0.051398,51.540494],[-0.051308,51.540506],[-0.051124,51.540235],[-0.051246,51.54019],[-0.051247,51.540186],[-0.051531,51.540047],[-0.051651,51.539965],[-0.051732,51.539958],[-0.051847,51.539932],[-0.051884,51.539921],[-0.051928,51.539803],[-0.051988,51.539641],[-0.051992,51.53963],[-0.052,51.539631],[-0.052608,51.539675],[-0.052674,51.539642],[-0.052731,51.539613],[-0.052722,51.539601],[-0.052656,51.539517],[-0.052644,51.539509],[-0.052377,51.539342],[-0.052347,51.539323],[-0.052048,51.539249],[-0.052272,51.539071],[-0.05235,51.539009],[-0.05235,51.538879],[-0.052591,51.538834],[-0.052605,51.538831],[-0.052633,51.538827],[-0.052846,51.538796],[-0.052909,51.538875],[-0.052922,51.538875],[-0.05292,51.53887],[-0.052979,51.538863],[-0.053074,51.538852],[-0.053127,51.538846],[-0.05343,51.538812],[-0.053539,51.5388],[-0.053571,51.53876],[-0.053659,51.538649],[-0.053727,51.538638],[-0.0538,51.53863],[-0.053828,51.538628],[-0.053851,51.538627],[-0.053904,51.538623],[-0.053909,51.538622],[-0.053983,51.538619],[-0.054085,51.538622],[-0.054099,51.538622],[-0.054111,51.538623],[-0.054121,51.538608],[-0.054126,51.538602],[-0.054307,51.538486],[-0.05431,51.538484],[-0.054578,51.538312],[-0.054644,51.538314],[-0.054668,51.538317],[-0.054682,51.538316],[-0.054706,51.538315],[-0.054793,51.538309],[-0.054875,51.538303],[-0.054959,51.538287],[-0.054968,51.538287],[-0.055002,51.538288],[-0.055029,51.538289],[-0.055144,51.538289],[-0.055156,51.538288],[-0.055177,51.538288],[-0.055297,51.538241],[-0.055574,51.538201],[-0.055722,51.538261],[-0.055747,51.538271],[-0.055858,51.538236],[-0.056158,51.538141],[-0.056361,51.538255],[-0.057014,51.538238],[-0.057031,51.538238],[-0.057035,51.538259],[-0.057051,51.538361],[-0.057057,51.538394],[-0.057057,51.538401],[-0.057055,51.538456],[-0.057045,51.538504],[-0.057027,51.538551],[-0.057008,51.538583],[-0.056993,51.53861],[-0.056957,51.538657],[-0.056951,51.538666],[-0.056943,51.538673],[-0.056911,51.538705],[-0.056886,51.538729],[-0.056884,51.538731],[-0.056844,51.53878],[-0.056787,51.53885],[-0.056783,51.538855],[-0.056773,51.538867],[-0.056743,51.538903],[-0.056626,51.539046],[-0.05657,51.539114],[-0.056559,51.539128],[-0.056554,51.539134],[-0.056542,51.539149],[-0.056514,51.539183],[-0.056483,51.53922],[-0.056364,51.539367],[-0.05632,51.53942],[-0.056309,51.539433],[-0.056261,51.539492],[-0.056259,51.539495],[-0.056233,51.539527],[-0.056226,51.539534],[-0.056197,51.53957],[-0.05613,51.539653],[-0.056095,51.539695],[-0.056086,51.539706],[-0.056071,51.539724],[-0.056028,51.539777],[-0.056023,51.539783],[-0.055963,51.539856],[-0.055932,51.539894],[-0.05588,51.539957],[-0.055878,51.53996],[-0.05585,51.539995],[-0.05582,51.540031],[-0.055703,51.540174],[-0.055658,51.540229],[-0.05563,51.540264],[-0.055544,51.540368],[-0.055445,51.540488],[-0.055433,51.540503],[-0.055426,51.540512],[-0.055421,51.54052],[-0.055405,51.540546],[-0.055401,51.540551],[-0.055367,51.540603],[-0.055336,51.540653],[-0.055311,51.540705],[-0.055297,51.540736],[-0.055294,51.540745],[-0.055289,51.540758],[-0.055287,51.540762],[-0.055254,51.540851],[-0.055232,51.540939],[-0.055223,51.541043],[-0.055221,51.541067],[-0.055218,51.541102],[-0.055227,51.541191],[-0.05523,51.54122],[-0.055232,51.541241],[-0.055236,51.541327],[-0.055239,51.541381],[-0.05524,51.541399],[-0.055241,51.541421],[-0.055241,51.541425],[-0.055245,51.541498],[-0.055245,51.541502],[-0.055247,51.541551],[-0.055248,51.541559],[-0.055252,51.541659],[-0.055255,51.541703],[-0.055255,51.541714],[-0.055261,51.541834],[-0.05526,51.541882],[-0.055258,51.542002],[-0.055257,51.542046],[-0.055257,51.542055],[-0.055255,51.542151],[-0.055255,51.542205],[-0.055254,51.542208],[-0.055254,51.542219],[-0.055254,51.542227],[-0.055253,51.542298],[-0.055252,51.542339],[-0.055251,51.542395],[-0.055251,51.5424],[-0.05525,51.542455],[-0.055248,51.542611],[-0.05525,51.542634],[-0.055251,51.54265],[-0.055252,51.54266],[-0.055264,51.542802],[-0.055264,51.542806],[-0.05527,51.54288],[-0.055282,51.543023],[-0.055283,51.543026],[-0.055291,51.543129],[-0.055292,51.543139],[-0.055293,51.54315],[-0.05488,51.543185],[-0.054878,51.543182],[-0.0548,51.543018],[-0.054798,51.543015]]]}},{"type":"Feature","properties":{"LSOA21CD":"E01001840","LSOA21NM":"Hackney 022B","MEAN_PTAL_":"3","mean_AI":13.5521632298,"borough":"Hackney"},"geometry":{"type":"Polygon","coordinates":[[[-0.050816,51.542091],[-0.050736,51.541897],[-0.050686,51.541982],[-0.050565,51.54196],[-0.050324,51.541916],[-0.050152,51.541612],[-0.050134,51.541581],[-0.05013,51.541581],[-0.049867,51.54158],[-0.049729,51.541673],[-0.049696,51.541577],[-0.049685,51.541545],[-0.049652,51.54145],[-0.049708,51.54144],[-0.049496,51.541254],[-0.049411,51.54125],[-0.049302,51.541184],[-0.049224,51.541249],[-0.049123,51.541333],[-0.049064,51.541386],[-0.048957,51.54152],[-0.04895,51.541515],[-0.048942,51.541526],[-0.048936,51.541533],[-0.048891,51.541589],[-0.048845,51.541587],[-0.04856,51.541573],[-0.048551,51.541573],[-0.048455,51.541569],[-0.048445,51.541568],[-0.048438,51.541568],[-0.048419,51.541567],[-0.048413,51.541566],[-0.04836,51.54156],[-0.048333,51.541557],[-0.048314,51.541555],[-0.048303,51.541554],[-0.048277,51.541551],[-0.048243,51.541544],[-0.048213,51.541538],[-0.0482,51.541535],[-0.048174,51.54153],[-0.048162,51.541528],[-0.048158,51.541526],[-0.048107,51.541513],[-0.048084,51.541506],[-0.048047,51.541496],[-0.047977,51.541471],[-0.047946,51.54146],[-0.047889,51.541429],[-0.047862,51.541414],[-0.047811,51.541387],[-0.047732,51.54133],[-0.047705,51.54131],[-0.047684,51.541294],[-0.047648,51.541269],[-0.047568,51.54121],[-0.047559,51.541372],[-0.047559,51.541382],[-0.047558,51.541397],[-0.047552,51.5415],[-0.047541,51.5415],[-0.047249,51.541497],[-0.047128,51.541498],[-0.047123,51.541498],[-0.047118,51.541498],[-0.047091,51.541498],[-0.04708,51.541498],[-0.047032,51.541499],[-0.047027,51.541499],[-0.046991,51.541499],[-0.046978,51.541499],[-0.046888,51.5415],[-0.046874,51.5415],[-0.046853,51.5415],[-0.046807,51.541501],[-0.046772,51.541501],[-0.046764,51.541501],[-0.046757,51.541501],[-0.046749,51.541501],[-0.046724,51.541501],[-0.046687,51.541502],[-0.046681,51.541502],[-0.04662,51.541502],[-0.0466,51.541499],[-0.046593,51.541498],[-0.046586,51.541497],[-0.046569,51.541495],[-0.046529,51.541489],[-0.046521,51.541488],[-0.046458,51.541479],[-0.046451,51.541478],[-0.046399,51.541471],[-0.04623,51.541427],[-0.04627,51.541321],[-0.046272,51.541315],[-0.046275,51.541241],[-0.04628,51.541126],[-0.046269,51.541127],[-0.046015,51.541144],[-0.045965,51.541147],[-0.045903,51.541151],[-0.045598,51.541168],[-0.045531,51.541172],[-0.045504,51.541173],[-0.045404,51.541179],[-0.045393,51.54118],[-0.045195,51.541196],[-0.045127,51.541201],[-0.045097,51.5412],[-0.045208,51.54106],[-0.045381,51.540994],[-0.045393,51.540989],[-0.045847,51.540817],[-0.045774,51.540756],[-0.045627,51.540597],[-0.045622,51.540592],[-0.045294,51.540628],[-0.045202,51.540639],[-0.045136,51.540645],[-0.045086,51.54065],[-0.045079,51.54065],[-0.044993,51.540628],[-0.044932,51.540612],[-0.044908,51.540521],[-0.044904,51.540512],[-0.044902,51.540508],[-0.044888,51.540476],[-0.044876,51.540435],[-0.044857,51.540396],[-0.044853,51.540392],[-0.044835,51.540364],[-0.044829,51.540352],[-0.044827,51.540346],[-0.044816,51.540329],[-0.044806,51.540305],[-0.044801,51.540293],[-0.044798,51.540278],[-0.044788,51.540254],[-0.044786,51.540249],[-0.044774,51.540221],[-0.044769,51.540213],[-0.044756,51.540186],[-0.044737,51.540159],[-0.044707,51.540129],[-0.044656,51.540076],[-0.044279,51.540088],[-0.044272,51.540089],[-0.044213,51.540037],[-0.044206,51.540027],[-0.044132,51.539939],[-0.044102,51.539944],[-0.044,51.539728],[-0.04399,51.539707],[-0.044147,51.539746],[-0.044152,51.539744],[-0.044339,51.539691],[-0.044546,51.539666],[-0.044569,51.539666],[-0.044594,51.539684],[-0.044651,51.539734],[-0.044686,51.539771],[-0.044705,51.539798],[-0.044966,51.539823],[-0.044971,51.539823],[-0.045035,51.539816],[-0.045103,51.539796],[-0.04513,51.539782],[-0.045154,51.53977],[-0.045161,51.539763],[-0.04517,51.539755],[-0.045255,51.539773],[-0.045304,51.539776],[-0.04531,51.539774],[-0.045316,51.539773],[-0.045368,51.539763],[-0.045624,51.539711],[-0.045626,51.539713],[-0.04566,51.539704],[-0.045691,51.539695],[-0.046091,51.539585],[-0.046109,51.539508],[-0.046112,51.539503],[-0.046114,51.5395],[-0.04613,51.539479],[-0.046154,51.539449],[-0.046171,51.539426],[-0.046204,51.539401],[-0.04621,51.539396],[-0.046319,51.539421],[-0.046336,51.539428],[-0.046396,51.53945],[-0.046437,51.539461],[-0.046443,51.539463],[-0.046463,51.539472],[-0.046503,51.539491],[-0.046506,51.539493],[-0.046611,51.539541],[-0.04642,51.53981],[-0.046399,51.53984],[-0.046393,51.539837],[-0.046414,51.539857],[-0.046418,51.539859],[-0.04646,51.539886],[-0.046493,51.539909],[-0.046525,51.539939],[-0.046543,51.539964],[-0.046589,51.540002],[-0.046651,51.540053],[-0.046969,51.539854],[-0.047017,51.539823],[-0.04704,51.539809],[-0.047082,51.539793],[-0.047253,51.539898],[-0.047457,51.540017],[-0.047471,51.540025],[-0.047481,51.540023],[-0.047545,51.539992],[-0.047605,51.539963],[-0.047626,51.539956],[-0.047687,51.539937],[-0.047734,51.539918],[-0.047751,51.539909],[-0.047764,51.539905],[-0.047803,51.539917],[-0.047831,51.539924],[-0.047858,51.539932],[-0.047883,51.539939],[-0.04794,51.539946],[-0.048075,51.539928],[-0.048246,51.539904],[-0.048332,51.539814],[-0.048342,51.539803],[-0.048397,51.539746],[-0.048404,51.539741],[-0.04852,51.539735],[-0.048587,51.53964],[-0.048586,51.539635],[-0.048578,51.53959],[-0.048572,51.539564],[-0.048568,51.53954],[-0.048564,51.539522],[-0.048556,51.53948],[-0.048552,51.539458],[-0.048549,51.539442],[-0.048545,51.53942],[-0.048559,51.539411],[-0.048608,51.539385],[-0.048838,51.539348],[-0.04891,51.539336],[-0.0489,51.53931],[-0.048818,51.53912],[-0.048785,51.539044],[-0.048775,51.53902],[-0.048762,51.538989],[-0.048817,51.538974],[-0.048823,51.538973],[-0.048927,51.538944],[-0.048994,51.538926],[-0.049084,51.538901],[-0.049102,51.538896],[-0.049175,51.538876],[-0.049258,51.538853],[-0.04928,51.538847],[-0.049287,51.538845],[-0.049424,51.538817],[-0.049632,51.538775],[-0.049674,51.538766],[-0.049681,51.538765],[-0.049719,51.538757],[-0.049746,51.538752],[-0.049898,51.53872],[-0.050062,51.5387],[-0.050069,51.538699],[-0.050087,51.538697],[-0.0501,51.538716],[-0.050122,51.538748],[-0.050212,51.538882],[-0.050322,51.539045],[-0.050362,51.539104],[-0.050692,51.539593],[-0.050767,51.539705],[-0.050813,51.539774],[-0.050869,51.539856],[-0.050871,51.53986],[-0.050886,51.539857],[-0.050907,51.53988],[-0.050929,51.539926],[-0.050919,51.53993],[-0.050944,51.539967],[-0.05098,51.540021],[-0.051026,51.540089],[-0.051049,51.540084],[-0.051061,51.540092],[-0.051085,51.540107],[-0.051049,51.540123],[-0.051124,51.540235],[-0.051308,51.540506],[-0.051398,51.540494],[-0.051399,51.540497],[-0.05154,51.540474],[-0.051564,51.540469],[-0.052136,51.540355],[-0.052251,51.54033],[-0.052329,51.540314],[-0.052354,51.540308],[-0.052367,51.540305],[-0.052369,51.540308],[-0.05265,51.540248],[-0.05269,51.540239],[-0.052696,51.540255],[-0.052728,51.54033],[-0.052787,51.540469],[-0.0528,51.540502],[-0.052895,51.540726],[-0.052906,51.540751],[-0.052924,51.540796],[-0.052929,51.540808],[-0.052975,51.540917],[-0.052992,51.540956],[-0.052993,51.540959],[-0.052998,51.54097],[-0.053005,51.540988],[-0.053041,51.541071],[-0.05305,51.541086],[-0.053053,51.541095],[-0.053059,51.541115],[-0.052966,51.541184],[-0.052827,51.541283],[-0.052805,51.541233],[-0.052713,51.541015],[-0.052315,51.541068],[-0.052293,51.541071],[-0.052236,51.541061],[-0.052207,51.541052],[-0.05218,51.541024],[-0.052173,51.541006],[-0.051964,51.541158],[-0.051869,51.541227],[-0.051861,51.541233],[-0.051913,51.54136],[-0.051628,51.5414],[-0.051615,51.541402],[-0.051639,51.541474],[-0.051679,51.541594],[-0.051814,51.541998],[-0.05182,51.542017],[-0.051342,51.542072],[-0.05124,51.542087],[-0.051186,51.542096],[-0.050921,51.542137],[-0.050877,51.542142],[-0.050816,51.542091]]]}},{"type":"Feature","properties":{"LSOA21CD":"E01001842","LSOA21NM":"Hackney 023D","MEAN_PTAL_":"4","mean_AI":16.8014705795,"borough":"Hackney"},"geometry":{"type":"Polygon","coordinates":[[[-0.051061,51.540092],[-0.051049,51.540084],[-0.051026,51.540089],[-0.05098,51.540021],[-0.050944,51.539967],[-0.050919,51.53993],[-0.050929,51.539926],[-0.050907,51.53988],[-0.050886,51.539857],[-0.050871,51.53986],[-0.050869,51.539856],[-0.050813,51.539774],[-0.050767,51.539705],[-0.050692,51.539593],[-0.050362,51.539104],[-0.050322,51.539045],[-0.050212,51.538882],[-0.050122,51.538748],[-0.0501,51.538716],[-0.050087,51.538697],[-0.050159,51.538689],[-0.050215,51.538681],[-0.050301,51.538668],[-0.050377,51.538657],[-0.050409,51.538653],[-0.050433,51.538649],[-0.050481,51.538642],[-0.050543,51.538633],[-0.050569,51.53863],[-0.050641,51.538619],[-0.050654,51.538617],[-0.050706,51.53861],[-0.050764,51.538602],[-0.050818,51.538594],[-0.050867,51.538587],[-0.050883,51.538584],[-0.050931,51.538577],[-0.051017,51.538562],[-0.051023,51.538561],[-0.051044,51.538558],[-0.051074,51.538553],[-0.05112,51.538546],[-0.051132,51.538544],[-0.051137,51.538543],[-0.051195,51.538533],[-0.051219,51.538529],[-0.051229,51.538528],[-0.051252,51.538524],[-0.05133,51.538511],[-0.051335,51.538511],[-0.051348,51.538511],[-0.051351,51.538513],[-0.051358,51.538527],[-0.051373,51.538524],[-0.051399,51.53852],[-0.051475,51.538506],[-0.051546,51.538494],[-0.051593,51.538486],[-0.051634,51.538478],[-0.05165,51.538475],[-0.051707,51.538465],[-0.051766,51.538455],[-0.051778,51.538453],[-0.051789,51.538451],[-0.051839,51.538442],[-0.051897,51.538432],[-0.051909,51.53843],[-0.051956,51.538422],[-0.051997,51.538414],[-0.052049,51.53839],[-0.052053,51.538389],[-0.052061,51.538388],[-0.052111,51.53838],[-0.052123,51.538378],[-0.052088,51.538317],[-0.052066,51.538278],[-0.052067,51.538273],[-0.052071,51.538269],[-0.052156,51.538178],[-0.052163,51.538185],[-0.05218,51.538203],[-0.052309,51.538344],[-0.052314,51.53835],[-0.052321,51.538357],[-0.052398,51.538344],[-0.052419,51.538335],[-0.052477,51.538326],[-0.052497,51.538323],[-0.052555,51.538306],[-0.05256,51.5383],[-0.05257,51.538288],[-0.052586,51.538262],[-0.052587,51.538244],[-0.052582,51.53823],[-0.052573,51.538205],[-0.052561,51.538171],[-0.052563,51.538117],[-0.052545,51.538097],[-0.052522,51.538072],[-0.052488,51.537997],[-0.052479,51.537977],[-0.052477,51.537973],[-0.05245,51.537915],[-0.052449,51.537913],[-0.052447,51.537908],[-0.052441,51.537894],[-0.052424,51.537857],[-0.052407,51.537808],[-0.052401,51.537789],[-0.052403,51.537786],[-0.052379,51.537734],[-0.052374,51.537724],[-0.052368,51.537709],[-0.052365,51.537702],[-0.052354,51.537704],[-0.052298,51.537582],[-0.05231,51.53758],[-0.05245,51.537555],[-0.052453,51.537482],[-0.052458,51.537481],[-0.052545,51.537454],[-0.052549,51.537447],[-0.052686,51.537246],[-0.052682,51.537242],[-0.052604,51.53715],[-0.052602,51.537147],[-0.052594,51.537127],[-0.052549,51.537068],[-0.052539,51.537059],[-0.052533,51.537053],[-0.052616,51.536972],[-0.052773,51.536947],[-0.05281,51.536941],[-0.052929,51.536976],[-0.052938,51.536969],[-0.053057,51.536881],[-0.053155,51.536889],[-0.053165,51.536889],[-0.053212,51.536886],[-0.053224,51.536882],[-0.053313,51.536856],[-0.053321,51.536857],[-0.053428,51.53685],[-0.053443,51.536846],[-0.053498,51.536828],[-0.053523,51.536828],[-0.053535,51.536826],[-0.053599,51.536813],[-0.053623,51.536812],[-0.05363,51.536812],[-0.053699,51.536798],[-0.05371,51.536797],[-0.053724,51.536794],[-0.053776,51.536782],[-0.053789,51.536776],[-0.053796,51.536772],[-0.053865,51.536758],[-0.05387,51.536757],[-0.053876,51.536755],[-0.053944,51.536728],[-0.053992,51.536722],[-0.054038,51.53666],[-0.054114,51.536558],[-0.054237,51.536619],[-0.054262,51.53663],[-0.054325,51.536618],[-0.054345,51.536624],[-0.054356,51.536644],[-0.054359,51.536649],[-0.054405,51.536688],[-0.054458,51.536719],[-0.054468,51.536727],[-0.054512,51.536764],[-0.054626,51.536823],[-0.054631,51.536826],[-0.054624,51.536843],[-0.054622,51.536848],[-0.054643,51.537028],[-0.054651,51.537034],[-0.054804,51.536992],[-0.054909,51.536991],[-0.054929,51.536991],[-0.05494,51.536993],[-0.054963,51.536998],[-0.055006,51.537016],[-0.055006,51.537023],[-0.055008,51.537074],[-0.055017,51.537097],[-0.055016,51.5371],[-0.055015,51.537107],[-0.055017,51.537149],[-0.055019,51.537151],[-0.055028,51.537161],[-0.055042,51.537196],[-0.055048,51.53721],[-0.05505,51.537258],[-0.055053,51.537288],[-0.055057,51.537295],[-0.05506,51.537303],[-0.055061,51.537361],[-0.055062,51.537364],[-0.055064,51.537381],[-0.055064,51.537388],[-0.055061,51.5374],[-0.055063,51.537415],[-0.055064,51.53742],[-0.055052,51.537452],[-0.055055,51.537481],[-0.055062,51.537495],[-0.055062,51.537499],[-0.055063,51.537509],[-0.055071,51.537524],[-0.055078,51.537536],[-0.055076,51.537583],[-0.055053,51.537636],[-0.055074,51.537655],[-0.055144,51.537676],[-0.05518,51.53768],[-0.055257,51.537672],[-0.055355,51.537662],[-0.055372,51.537644],[-0.055378,51.537645],[-0.05555,51.537671],[-0.05562,51.537665],[-0.055669,51.537649],[-0.055784,51.537553],[-0.055801,51.537538],[-0.055818,51.537527],[-0.055831,51.537521],[-0.055846,51.537515],[-0.055954,51.537475],[-0.055978,51.537463],[-0.056006,51.537446],[-0.056017,51.537439],[-0.056095,51.537398],[-0.0561,51.537395],[-0.056114,51.537397],[-0.056163,51.537405],[-0.056201,51.537408],[-0.056361,51.537413],[-0.056382,51.537414],[-0.056272,51.537896],[-0.056409,51.537907],[-0.056906,51.537946],[-0.05691,51.537965],[-0.056953,51.537965],[-0.056982,51.537968],[-0.056988,51.538015],[-0.05699,51.538041],[-0.056999,51.538125],[-0.057028,51.538217],[-0.057029,51.538224],[-0.057031,51.538238],[-0.057014,51.538238],[-0.056361,51.538255],[-0.056158,51.538141],[-0.055858,51.538236],[-0.055747,51.538271],[-0.055722,51.538261],[-0.055574,51.538201],[-0.055297,51.538241],[-0.055177,51.538288],[-0.055156,51.538288],[-0.055144,51.538289],[-0.055029,51.538289],[-0.055002,51.538288],[-0.054968,51.538287],[-0.054959,51.538287],[-0.054875,51.538303],[-0.054793,51.538309],[-0.054706,51.538315],[-0.054682,51.538316],[-0.054668,51.538317],[-0.054644,51.538314],[-0.054578,51.538312],[-0.05431,51.538484],[-0.054307,51.538486],[-0.054126,51.538602],[-0.054121,51.538608],[-0.054111,51.538623],[-0.054099,51.538622],[-0.054085,51.538622],[-0.053983,51.538619],[-0.053909,51.538622],[-0.053904,51.538623],[-0.053851,51.538627],[-0.053828,51.538628],[-0.0538,51.53863],[-0.053727,51.538638],[-0.053659,51.538649],[-0.053571,51.53876],[-0.053539,51.5388],[-0.05343,51.538812],[-0.053127,51.538846],[-0.053074,51.538852],[-0.052979,51.538863],[-0.05292,51.53887],[-0.052922,51.538875],[-0.052909,51.538875],[-0.052846,51.538796],[-0.052633,51.538827],[-0.052605,51.538831],[-0.052591,51.538834],[-0.05235,51.538879],[-0.05235,51.539009],[-0.052272,51.539071],[-0.052048,51.539249],[-0.052347,51.539323],[-0.052377,51.539342],[-0.052644,51.539509],[-0.052656,51.539517],[-0.052722,51.539601],[-0.052731,51.539613],[-0.052674,51.539642],[-0.052608,51.539675],[-0.052,51.539631],[-0.051992,51.53963],[-0.051988,51.539641],[-0.051928,51.539803],[-0.051884,51.539921],[-0.051847,51.539932],[-0.051732,51.539958],[-0.051651,51.539965],[-0.051531,51.540047],[-0.051247,51.540186],[-0.051246,51.54019],[-0.051124,51.540235],[-0.051049,51.540123],[-0.051085,51.540107],[-0.051061,51.540092]]]}},{"type":"Feature","properties":{"LSOA21CD":"E01001843","LSOA21NM":"Hackney 023E","MEAN_PTAL_":"3","mean_AI":10.9250541969,"borough":"Hackney"},"geometry":{"type":"Polygon","coordinates":[[[-0.046414,51.539857],[-0.046393,51.539837],[-0.046399,51.53984],[-0.04642,51.53981],[-0.046611,51.539541],[-0.046506,51.539493],[-0.046503,51.539491],[-0.046463,51.539472],[-0.046443,51.539463],[-0.046437,51.539461],[-0.046396,51.53945],[-0.046336,51.539428],[-0.046319,51.539421],[-0.04621,51.539396],[-0.046206,51.539389],[-0.046182,51.539358],[-0.046173,51.539347],[-0.046161,51.539332],[-0.046135,51.539298],[-0.046131,51.539292],[-0.046086,51.539248],[-0.046059,51.539229],[-0.046053,51.539221],[-0.046047,51.539213],[-0.046038,51.539205],[-0.046033,51.539201],[-0.046022,51.539191],[-0.045991,51.539154],[-0.045983,51.539144],[-0.045965,51.539133],[-0.045961,51.53913],[-0.045953,51.539121],[-0.04591,51.53907],[-0.045894,51.539041],[-0.045878,51.539026],[-0.045858,51.538993],[-0.045847,51.538981],[-0.045806,51.538938],[-0.045773,51.538903],[-0.045774,51.538893],[-0.045778,51.538884],[-0.045797,51.538841],[-0.045808,51.538828],[-0.045845,51.538786],[-0.045928,51.538728],[-0.046097,51.538755],[-0.045894,51.538618],[-0.045864,51.538595],[-0.045853,51.538587],[-0.04581,51.538554],[-0.045781,51.538558],[-0.045744,51.538564],[-0.045711,51.538561],[-0.045639,51.538366],[-0.045636,51.538361],[-0.045645,51.538254],[-0.045668,51.53825],[-0.045681,51.538248],[-0.045687,51.538265],[-0.046828,51.53808],[-0.046925,51.538064],[-0.04706,51.538043],[-0.047147,51.53803],[-0.047317,51.538003],[-0.047465,51.53798],[-0.047471,51.537979],[-0.047555,51.537966],[-0.047699,51.537943],[-0.047843,51.53792],[-0.047946,51.537915],[-0.047943,51.537907],[-0.04797,51.537904],[-0.047989,51.537912],[-0.048025,51.537926],[-0.048327,51.537836],[-0.048339,51.537808],[-0.048341,51.537803],[-0.04837,51.537602],[-0.048844,51.537753],[-0.048855,51.537757],[-0.048867,51.537755],[-0.048901,51.537748],[-0.04891,51.537751],[-0.048934,51.53776],[-0.049002,51.537784],[-0.049009,51.537782],[-0.049289,51.537701],[-0.049404,51.537667],[-0.049413,51.53767],[-0.04942,51.537672],[-0.049424,51.537678],[-0.049433,51.537691],[-0.049465,51.537737],[-0.04947,51.537744],[-0.049515,51.537749],[-0.049523,51.53775],[-0.049678,51.537756],[-0.049775,51.537737],[-0.049785,51.537731],[-0.049818,51.537714],[-0.049819,51.537711],[-0.049838,51.537628],[-0.04985,51.53761],[-0.049856,51.537601],[-0.049862,51.5376],[-0.049921,51.537582],[-0.049965,51.537555],[-0.049977,51.53755],[-0.050021,51.537549],[-0.050044,51.537544],[-0.050106,51.537533],[-0.050121,51.537526],[-0.050128,51.537523],[-0.050134,51.537521],[-0.050203,51.537501],[-0.050215,51.537498],[-0.050223,51.537494],[-0.050318,51.537481],[-0.050327,51.537479],[-0.050338,51.537475],[-0.050358,51.537472],[-0.050409,51.537466],[-0.050415,51.537464],[-0.050505,51.537438],[-0.050519,51.537437],[-0.050525,51.537436],[-0.050603,51.537418],[-0.05063,51.537416],[-0.050653,51.537414],[-0.050664,51.537412],[-0.050715,51.537405],[-0.050732,51.5374],[-0.050787,51.537391],[-0.050809,51.537385],[-0.050828,51.53738],[-0.050849,51.537377],[-0.050912,51.53737],[-0.050931,51.537364],[-0.050986,51.537346],[-0.051001,51.537344],[-0.051081,51.537338],[-0.051108,51.537332],[-0.051169,51.537319],[-0.051213,51.537317],[-0.051326,51.537294],[-0.051335,51.53729],[-0.051348,51.537288],[-0.051418,51.537276],[-0.051431,51.537271],[-0.051445,51.537268],[-0.051504,51.537255],[-0.051511,51.537255],[-0.051525,51.537254],[-0.051542,51.53725],[-0.051601,51.537237],[-0.051612,51.537233],[-0.051716,51.53721],[-0.051724,51.53721],[-0.051814,51.537195],[-0.051855,51.537189],[-0.051894,51.537177],[-0.052078,51.537159],[-0.052106,51.537156],[-0.052111,51.537155],[-0.052262,51.537096],[-0.052474,51.537046],[-0.052533,51.537053],[-0.052539,51.537059],[-0.052549,51.537068],[-0.052594,51.537127],[-0.052602,51.537147],[-0.052604,51.53715],[-0.052682,51.537242],[-0.052686,51.537246],[-0.052549,51.537447],[-0.052545,51.537454],[-0.052458,51.537481],[-0.052453,51.537482],[-0.05245,51.537555],[-0.05231,51.53758],[-0.052298,51.537582],[-0.052354,51.537704],[-0.052365,51.537702],[-0.052368,51.537709],[-0.052374,51.537724],[-0.052379,51.537734],[-0.052403,51.537786],[-0.052401,51.537789],[-0.052407,51.537808],[-0.052424,51.537857],[-0.052441,51.537894],[-0.052447,51.537908],[-0.052449,51.537913],[-0.05245,51.537915],[-0.052477,51.537973],[-0.052479,51.537977],[-0.052488,51.537997],[-0.052522,51.538072],[-0.052545,51.538097],[-0.052563,51.538117],[-0.052561,51.538171],[-0.052573,51.538205],[-0.052582,51.53823],[-0.052587,51.538244],[-0.052586,51.538262],[-0.05257,51.538288],[-0.05256,51.5383],[-0.052555,51.538306],[-0.052497,51.538323],[-0.052477,51.538326],[-0.052419,51.538335],[-0.052398,51.538344],[-0.052321,51.538357],[-0.052314,51.53835],[-0.052309,51.538344],[-0.05218,51.538203],[-0.052163,51.538185],[-0.052156,51.538178],[-0.052071,51.538269],[-0.052067,51.538273],[-0.052066,51.538278],[-0.052088,51.538317],[-0.052123,51.538378],[-0.052111,51.53838],[-0.052061,51.538388],[-0.052053,51.538389],[-0.052049,51.53839],[-0.051997,51.538414],[-0.051956,51.538422],[-0.051909,51.53843],[-0.051897,51.538432],[-0.051839,51.538442],[-0.051789,51.538451],[-0.051778,51.538453],[-0.051766,51.538455],[-0.051707,51.538465],[-0.05165,51.538475],[-0.051634,51.538478],[-0.051593,51.538486],[-0.051546,51.538494],[-0.051475,51.538506],[-0.051399,51.53852],[-0.051373,51.538524],[-0.051358,51.538527],[-0.051351,51.538513],[-0.051348,51.538511],[-0.051335,51.538511],[-0.05133,51.538511],[-0.051252,51.538524],[-0.051229,51.538528],[-0.051219,51.538529],[-0.051195,51.538533],[-0.051137,51.538543],[-0.051132,51.538544],[-0.05112,51.538546],[-0.051074,51.538553],[-0.051044,51.538558],[-0.051023,51.538561],[-0.051017,51.538562],[-0.050931,51.538577],[-0.050883,51.538584],[-0.050867,51.538587],[-0.050818,51.538594],[-0.050764,51.538602],[-0.050706,51.53861],[-0.050654,51.538617],[-0.050641,51.538619],[-0.050569,51.53863],[-0.050543,51.538633],[-0.050481,51.538642],[-0.050433,51.538649],[-0.050409,51.538653],[-0.050377,51.538657],[-0.050301,51.538668],[-0.050215,51.538681],[-0.050159,51.538689],[-0.050087,51.538697],[-0.050069,51.538699],[-0.050062,51.5387],[-0.049898,51.53872],[-0.049746,51.538752],[-0.049719,51.538757],[-0.049681,51.538765],[-0.049674,51.538766],[-0.049632,51.538775],[-0.049424,51.538817],[-0.049287,51.538845],[-0.04928,51.538847],[-0.049258,51.538853],[-0.049175,51.538876],[-0.049102,51.538896],[-0.049084,51.538901],[-0.048994,51.538926],[-0.048927,51.538944],[-0.048823,51.538973],[-0.048817,51.538974],[-0.048762,51.538989],[-0.048775,51.53902],[-0.048785,51.539044],[-0.048818,51.53912],[-0.0489,51.53931],[-0.04891,51.539336],[-0.048838,51.539348],[-0.048608,51.539385],[-0.048559,51.539411],[-0.048545,51.53942],[-0.048549,51.539442],[-0.048552,51.539458],[-0.048556,51.53948],[-0.048564,51.539522],[-0.048568,51.53954],[-0.048572,51.539564],[-0.048578,51.53959],[-0.048586,51.539635],[-0.048587,51.53964],[-0.04852,51.539735],[-0.048404,51.539741],[-0.048397,51.539746],[-0.048342,51.539803],[-0.048332,51.539814],[-0.048246,51.539904],[-0.048075,51.539928],[-0.04794,51.539946],[-0.047883,51.539939],[-0.047858,51.539932],[-0.047831,51.539924],[-0.047803,51.539917],[-0.047764,51.539905],[-0.047751,51.539909],[-0.047734,51.539918],[-0.047687,51.539937],[-0.047626,51.539956],[-0.047605,51.539963],[-0.047545,51.539992],[-0.047481,51.540023],[-0.047471,51.540025],[-0.047457,51.540017],[-0.047253,51.539898],[-0.047082,51.539793],[-0.04704,51.539809],[-0.047017,51.539823],[-0.046969,51.539854],[-0.046651,51.540053],[-0.046589,51.540002],[-0.046543,51.539964],[-0.046525,51.539939],[-0.046493,51.539909],[-0.04646,51.539886],[-0.046418,51.539859],[-0.046414,51.539857]]]}},{"type":"Feature","properties":{"LSOA21CD":"E01001844","LSOA21NM":"Hackney 022D","MEAN_PTAL_":"3","mean_AI":14.3436404426,"borough":"Hackney"},"geometry":{"type":"Polygon","coordinates":[[[-0.044793,51.544164],[-0.044777,51.544157],[-0.044648,51.544181],[-0.044652,51.544191],[-0.044504,51.544211],[-0.044267,51.544244],[-0.044154,51.544259],[-0.044137,51.544261],[-0.044031,51.544275],[-0.044008,51.544279],[-0.043951,51.544286],[-0.043852,51.544299],[-0.043734,51.544315],[-0.043678,51.544323],[-0.043603,51.544332],[-0.043518,51.544344],[-0.043503,51.544346],[-0.043477,51.544349],[-0.043385,51.544362],[-0.043289,51.544374],[-0.043166,51.544391],[-0.043145,51.544393],[-0.043031,51.544408],[-0.04293,51.544421],[-0.042877,51.544428],[-0.042784,51.544439],[-0.042653,51.544456],[-0.042625,51.54446],[-0.042605,51.544462],[-0.042344,51.544495],[-0.042179,51.544516],[-0.042165,51.544518],[-0.042152,51.54449],[-0.042104,51.544401],[-0.042084,51.544366],[-0.042,51.544381],[-0.041995,51.544385],[-0.041993,51.544382],[-0.041969,51.544387],[-0.041853,51.544411],[-0.041821,51.544418],[-0.041806,51.54441],[-0.041792,51.544402],[-0.041759,51.544404],[-0.041671,51.544408],[-0.041494,51.544314],[-0.041463,51.544187],[-0.041429,51.544053],[-0.041424,51.544045],[-0.041422,51.544042],[-0.041414,51.544019],[-0.041397,51.543996],[-0.041395,51.543988],[-0.04139,51.543972],[-0.041385,51.543964],[-0.041377,51.54395],[-0.04137,51.543944],[-0.041354,51.543914],[-0.041353,51.543906],[-0.04135,51.543892],[-0.041345,51.543882],[-0.041339,51.54387],[-0.041337,51.543867],[-0.041336,51.543865],[-0.041334,51.543853],[-0.041315,51.543815],[-0.041313,51.543808],[-0.04131,51.543804],[-0.041303,51.543792],[-0.0413,51.543788],[-0.041297,51.543782],[-0.041296,51.543777],[-0.041292,51.54376],[-0.041285,51.543749],[-0.041275,51.543739],[-0.041268,51.543727],[-0.041253,51.543697],[-0.04125,51.54369],[-0.041248,51.543671],[-0.041198,51.543561],[-0.041187,51.543537],[-0.041379,51.543497],[-0.041572,51.543457],[-0.041576,51.543456],[-0.041584,51.543454],[-0.041649,51.543439],[-0.041588,51.543193],[-0.041567,51.543108],[-0.041561,51.543082],[-0.041551,51.543042],[-0.041519,51.542832],[-0.041495,51.542672],[-0.041532,51.542685],[-0.041541,51.542688],[-0.041672,51.542626],[-0.04183,51.542117],[-0.041985,51.541617],[-0.04202,51.54158],[-0.042292,51.541298],[-0.042405,51.541182],[-0.042609,51.541174],[-0.04268,51.541171],[-0.042693,51.541171],[-0.042889,51.541169],[-0.04292,51.541169],[-0.042935,51.541169],[-0.043043,51.541168],[-0.043097,51.541167],[-0.043129,51.541167],[-0.043196,51.541166],[-0.043218,51.541166],[-0.043304,51.541165],[-0.04335,51.541165],[-0.043361,51.541165],[-0.043413,51.541164],[-0.043491,51.541164],[-0.043497,51.541164],[-0.043586,51.541163],[-0.043624,51.541162],[-0.043643,51.541162],[-0.043678,51.541162],[-0.043747,51.541161],[-0.043775,51.541161],[-0.043848,51.54116],[-0.043865,51.54116],[-0.043925,51.541161],[-0.043955,51.541162],[-0.043984,51.541162],[-0.043997,51.541162],[-0.044059,51.541163],[-0.044096,51.541164],[-0.044126,51.541164],[-0.044154,51.541165],[-0.044203,51.541165],[-0.044249,51.541166],[-0.04431,51.541167],[-0.044354,51.54117],[-0.04437,51.541171],[-0.044378,51.541171],[-0.044418,51.541174],[-0.044429,51.541174],[-0.04445,51.541175],[-0.04458,51.541183],[-0.044646,51.541187],[-0.044678,51.541189],[-0.044708,51.541191],[-0.044728,51.541192],[-0.044808,51.541194],[-0.044868,51.541195],[-0.044904,51.541196],[-0.044963,51.541197],[-0.045052,51.541199],[-0.045097,51.5412],[-0.045127,51.541201],[-0.045195,51.541196],[-0.045393,51.54118],[-0.045404,51.541179],[-0.045504,51.541173],[-0.045531,51.541172],[-0.045598,51.541168],[-0.045903,51.541151],[-0.045965,51.541147],[-0.046015,51.541144],[-0.046269,51.541127],[-0.04628,51.541126],[-0.046275,51.541241],[-0.046272,51.541315],[-0.04627,51.541321],[-0.04623,51.541427],[-0.046399,51.541471],[-0.046451,51.541478],[-0.046458,51.541479],[-0.046521,51.541488],[-0.046529,51.541489],[-0.046569,51.541495],[-0.046586,51.541497],[-0.046593,51.541498],[-0.0466,51.541499],[-0.04662,51.541502],[-0.046681,51.541502],[-0.046687,51.541502],[-0.046724,51.541501],[-0.046749,51.541501],[-0.046757,51.541501],[-0.046764,51.541501],[-0.046772,51.541501],[-0.046807,51.541501],[-0.046853,51.5415],[-0.046874,51.5415],[-0.046888,51.5415],[-0.046978,51.541499],[-0.046991,51.541499],[-0.047027,51.541499],[-0.047032,51.541499],[-0.04708,51.541498],[-0.047091,51.541498],[-0.047118,51.541498],[-0.047123,51.541498],[-0.047128,51.541498],[-0.047249,51.541497],[-0.047541,51.5415],[-0.047552,51.5415],[-0.047558,51.541397],[-0.047559,51.541382],[-0.047559,51.541372],[-0.047568,51.54121],[-0.047648,51.541269],[-0.047684,51.541294],[-0.047705,51.54131],[-0.047732,51.54133],[-0.047811,51.541387],[-0.047862,51.541414],[-0.047889,51.541429],[-0.047946,51.54146],[-0.047977,51.541471],[-0.048047,51.541496],[-0.048084,51.541506],[-0.048107,51.541513],[-0.048158,51.541526],[-0.048162,51.541528],[-0.048174,51.54153],[-0.0482,51.541535],[-0.048213,51.541538],[-0.048243,51.541544],[-0.048277,51.541551],[-0.048303,51.541554],[-0.048314,51.541555],[-0.048333,51.541557],[-0.04836,51.54156],[-0.048413,51.541566],[-0.048419,51.541567],[-0.048438,51.541568],[-0.048445,51.541568],[-0.048455,51.541569],[-0.048551,51.541573],[-0.04856,51.541573],[-0.048845,51.541587],[-0.048891,51.541589],[-0.048889,51.541606],[-0.048885,51.541641],[-0.048882,51.541663],[-0.048872,51.541754],[-0.048869,51.541777],[-0.048866,51.541819],[-0.048866,51.541822],[-0.048862,51.541877],[-0.048861,51.541886],[-0.048855,51.541982],[-0.048854,51.541985],[-0.048854,51.541995],[-0.048849,51.542061],[-0.048848,51.542068],[-0.048847,51.542093],[-0.048846,51.542099],[-0.04884,51.542179],[-0.04884,51.542191],[-0.048837,51.542224],[-0.048831,51.542311],[-0.048796,51.542417],[-0.048783,51.542459],[-0.048781,51.542463],[-0.048776,51.542479],[-0.048739,51.542552],[-0.048692,51.542624],[-0.048617,51.542723],[-0.048603,51.54273],[-0.048366,51.542858],[-0.048352,51.542866],[-0.048348,51.542869],[-0.048173,51.542979],[-0.048145,51.542998],[-0.048139,51.543],[-0.048118,51.543011],[-0.048052,51.543044],[-0.047985,51.543077],[-0.04798,51.543079],[-0.047911,51.543113],[-0.047906,51.543116],[-0.047899,51.543119],[-0.04788,51.543129],[-0.047842,51.54316],[-0.047813,51.543184],[-0.047714,51.543265],[-0.047653,51.543315],[-0.047612,51.543349],[-0.04747,51.543466],[-0.047464,51.543471],[-0.047357,51.543559],[-0.047332,51.54358],[-0.047314,51.543595],[-0.047257,51.543646],[-0.047239,51.543663],[-0.047232,51.54367],[-0.047223,51.543679],[-0.047205,51.543699],[-0.04714,51.543771],[-0.047053,51.543868],[-0.047028,51.543896],[-0.047014,51.543914],[-0.047006,51.543926],[-0.047004,51.543929],[-0.046987,51.543952],[-0.046964,51.543984],[-0.046925,51.544036],[-0.046905,51.544064],[-0.046886,51.54409],[-0.046859,51.544127],[-0.046854,51.544133],[-0.046829,51.544167],[-0.046812,51.54419],[-0.046803,51.544202],[-0.046787,51.544224],[-0.046715,51.544322],[-0.046657,51.544402],[-0.046643,51.544421],[-0.046628,51.544441],[-0.046572,51.544518],[-0.04654,51.544562],[-0.046512,51.544599],[-0.046441,51.544696],[-0.046376,51.544776],[-0.046309,51.544859],[-0.046265,51.544913],[-0.046258,51.544913],[-0.045978,51.544924],[-0.045927,51.544926],[-0.04584,51.544929],[-0.045795,51.544931],[-0.045812,51.54492],[-0.045827,51.544903],[-0.045843,51.544867],[-0.045852,51.544843],[-0.045859,51.544822],[-0.045861,51.544786],[-0.045749,51.544695],[-0.045648,51.544617],[-0.045621,51.544597],[-0.045484,51.544492],[-0.045411,51.544457],[-0.04534,51.544422],[-0.045215,51.544362],[-0.045203,51.544356],[-0.04517,51.54434],[-0.045042,51.544279],[-0.044904,51.544213],[-0.044793,51.544164]]]}},{"type":"Feature","properties":{"LSOA21CD":"E01001847","LSOA21NM":"Hackney 018B","MEAN_PTAL_":"3","mean_AI":14.3030943209,"borough":"Hackney"},"geometry":{"type":"Polygon","coordinates":[[[-0.03293,51.548945],[-0.034181,51.548453],[-0.034502,51.548327],[-0.034774,51.548219],[-0.034556,51.548005],[-0.034553,51.548003],[-0.034375,51.547827],[-0.034347,51.547813],[-0.034341,51.54781],[-0.03413,51.547704],[-0.03412,51.547699],[-0.034059,51.547668],[-0.033952,51.547614],[-0.033919,51.547597],[-0.033828,51.547549],[-0.033811,51.547524],[-0.033764,51.547458],[-0.03369,51.547404],[-0.033684,51.54739],[-0.03367,51.547356],[-0.033641,51.547288],[-0.033684,51.547263],[-0.033958,51.54722],[-0.034045,51.547206],[-0.034125,51.547193],[-0.034146,51.54719],[-0.034157,51.547188],[-0.034238,51.547176],[-0.03437,51.547203],[-0.034378,51.5472],[-0.034583,51.547157],[-0.03464,51.547145],[-0.034805,51.547018],[-0.034835,51.547021],[-0.034892,51.547032],[-0.03497,51.547012],[-0.034982,51.547009],[-0.034986,51.547008],[-0.034995,51.547006],[-0.035007,51.547002],[-0.03543,51.546866],[-0.035444,51.546876],[-0.035536,51.546993],[-0.035539,51.546995],[-0.035543,51.546997],[-0.035579,51.547002],[-0.03559,51.547004],[-0.035609,51.547005],[-0.035638,51.547003],[-0.035725,51.546999],[-0.035749,51.546996],[-0.035803,51.546988],[-0.035835,51.546983],[-0.03586,51.546975],[-0.03589,51.546965],[-0.035913,51.546954],[-0.035942,51.546941],[-0.035963,51.546932],[-0.036032,51.546892],[-0.036077,51.546853],[-0.036112,51.546822],[-0.036125,51.546812],[-0.036174,51.546758],[-0.036175,51.546725],[-0.036176,51.546701],[-0.036172,51.546695],[-0.036157,51.546661],[-0.036152,51.546651],[-0.036137,51.546636],[-0.03614,51.546621],[-0.036145,51.546593],[-0.036156,51.54651],[-0.036158,51.546502],[-0.036138,51.546403],[-0.036138,51.546385],[-0.036138,51.546379],[-0.036134,51.546366],[-0.036133,51.546309],[-0.036133,51.546279],[-0.036135,51.546268],[-0.036075,51.546193],[-0.036042,51.546165],[-0.036008,51.546146],[-0.035998,51.546143],[-0.035922,51.54612],[-0.035854,51.546099],[-0.035858,51.54608],[-0.035864,51.546052],[-0.035851,51.546031],[-0.035767,51.545909],[-0.03571,51.545871],[-0.035704,51.545869],[-0.035512,51.545933],[-0.03549,51.545943],[-0.035486,51.545944],[-0.035463,51.54594],[-0.035455,51.545938],[-0.035445,51.545937],[-0.035419,51.545934],[-0.035405,51.545934],[-0.035392,51.545934],[-0.035385,51.545933],[-0.035308,51.545917],[-0.035299,51.545916],[-0.035277,51.545914],[-0.03526,51.545913],[-0.035232,51.54591],[-0.035219,51.545908],[-0.035213,51.545907],[-0.035205,51.545905],[-0.035199,51.545903],[-0.035101,51.545883],[-0.035086,51.545882],[-0.035027,51.545876],[-0.035013,51.545874],[-0.034993,51.545868],[-0.034975,51.54586],[-0.034961,51.545853],[-0.034892,51.545799],[-0.03489,51.545797],[-0.03486,51.545759],[-0.034854,51.545751],[-0.034839,51.545748],[-0.034829,51.545747],[-0.034775,51.545742],[-0.034751,51.545737],[-0.034743,51.545735],[-0.03473,51.545732],[-0.034725,51.54573],[-0.034692,51.545727],[-0.034678,51.545724],[-0.034659,51.54572],[-0.03465,51.545717],[-0.034641,51.545715],[-0.034525,51.545704],[-0.034507,51.545702],[-0.034042,51.545539],[-0.03391,51.545416],[-0.033907,51.545414],[-0.033924,51.5454],[-0.033936,51.545388],[-0.033941,51.545383],[-0.033946,51.545383],[-0.034653,51.545423],[-0.034663,51.545423],[-0.034677,51.545422],[-0.034691,51.545422],[-0.034712,51.54542],[-0.034845,51.54542],[-0.034863,51.545423],[-0.034893,51.545428],[-0.034931,51.545431],[-0.034959,51.545432],[-0.035021,51.545445],[-0.035044,51.545448],[-0.035094,51.545451],[-0.035141,51.545453],[-0.035159,51.545452],[-0.035171,51.545452],[-0.035209,51.545461],[-0.035217,51.545462],[-0.035257,51.545469],[-0.035306,51.545472],[-0.035358,51.545486],[-0.035365,51.545487],[-0.035447,51.545491],[-0.035467,51.54549],[-0.035478,51.545492],[-0.035489,51.54549],[-0.035631,51.545459],[-0.035761,51.545457],[-0.035806,51.545457],[-0.035902,51.545627],[-0.036035,51.545625],[-0.036153,51.545624],[-0.03619,51.545623],[-0.036293,51.54562],[-0.036313,51.54562],[-0.036458,51.545615],[-0.03655,51.545613],[-0.036768,51.545607],[-0.036782,51.545606],[-0.03683,51.545611],[-0.03664,51.545697],[-0.036652,51.545772],[-0.036653,51.545778],[-0.036685,51.545833],[-0.036689,51.545838],[-0.03674,51.545898],[-0.036745,51.545904],[-0.036762,51.545916],[-0.036774,51.545923],[-0.036812,51.545944],[-0.036842,51.545956],[-0.036883,51.545972],[-0.036891,51.545976],[-0.037051,51.546018],[-0.037083,51.546006],[-0.037307,51.545925],[-0.037417,51.546263],[-0.037393,51.546268],[-0.037373,51.546273],[-0.037317,51.546275],[-0.037165,51.546269],[-0.037155,51.546269],[-0.037149,51.54629],[-0.03714,51.546323],[-0.037138,51.546328],[-0.03714,51.546362],[-0.037142,51.546367],[-0.037164,51.546421],[-0.037167,51.546428],[-0.037178,51.54644],[-0.037254,51.54649],[-0.037266,51.546496],[-0.037295,51.54651],[-0.037323,51.546526],[-0.037334,51.546533],[-0.037376,51.546552],[-0.037395,51.546563],[-0.037398,51.546565],[-0.03742,51.546575],[-0.037436,51.546581],[-0.037445,51.546584],[-0.037465,51.546589],[-0.037558,51.546623],[-0.037577,51.546612],[-0.037608,51.546598],[-0.037684,51.546576],[-0.037803,51.546542],[-0.037809,51.54654],[-0.037808,51.546568],[-0.037802,51.546721],[-0.037799,51.54679],[-0.037799,51.546799],[-0.037797,51.546882],[-0.037797,51.546912],[-0.037802,51.546913],[-0.037785,51.546919],[-0.037672,51.546911],[-0.037787,51.547001],[-0.037809,51.547019],[-0.037788,51.547038],[-0.037532,51.547321],[-0.037281,51.547281],[-0.037269,51.547286],[-0.037188,51.547328],[-0.03725,51.547466],[-0.037261,51.547491],[-0.037312,51.547612],[-0.037355,51.547715],[-0.037637,51.547581],[-0.037931,51.547642],[-0.037982,51.547652],[-0.038477,51.54775],[-0.038678,51.547789],[-0.038911,51.547834],[-0.038663,51.547926],[-0.038493,51.547989],[-0.038321,51.548052],[-0.038057,51.548149],[-0.037955,51.548187],[-0.038011,51.548337],[-0.038059,51.548475],[-0.038183,51.548835],[-0.038151,51.548825],[-0.037768,51.5487],[-0.03772,51.54859],[-0.037708,51.548562],[-0.037692,51.548565],[-0.037318,51.548622],[-0.037339,51.548496],[-0.037303,51.548444],[-0.037267,51.548414],[-0.037188,51.548373],[-0.037177,51.548369],[-0.03718,51.548367],[-0.037215,51.548328],[-0.03724,51.548275],[-0.037243,51.54824],[-0.037231,51.548208],[-0.037134,51.548115],[-0.037005,51.548136],[-0.036969,51.548142],[-0.036934,51.548148],[-0.036903,51.548153],[-0.036828,51.548164],[-0.036787,51.54817],[-0.036657,51.548189],[-0.036647,51.548191],[-0.036638,51.548192],[-0.036407,51.548226],[-0.036352,51.548234],[-0.036388,51.548266],[-0.036426,51.548299],[-0.036507,51.548372],[-0.036582,51.548439],[-0.036597,51.548453],[-0.036641,51.548491],[-0.036644,51.548494],[-0.036657,51.548506],[-0.036664,51.548512],[-0.036681,51.548527],[-0.03681,51.548642],[-0.036866,51.548692],[-0.03683,51.548698],[-0.036839,51.5487],[-0.036904,51.548715],[-0.036945,51.548768],[-0.037257,51.548774],[-0.037352,51.548775],[-0.037288,51.548881],[-0.037325,51.548982],[-0.037328,51.54899],[-0.037393,51.549058],[-0.0374,51.549066],[-0.037479,51.54912],[-0.037496,51.549129],[-0.037739,51.549255],[-0.03753,51.549298],[-0.03706,51.549397],[-0.037054,51.549398],[-0.036721,51.549468],[-0.03671,51.54947],[-0.036704,51.549471],[-0.036628,51.549487],[-0.036489,51.549516],[-0.036432,51.549528],[-0.036408,51.549533],[-0.036336,51.549552],[-0.036253,51.549572],[-0.03614,51.549601],[-0.03613,51.549603],[-0.036037,51.549627],[-0.036018,51.549631],[-0.036009,51.549634],[-0.035923,51.549655],[-0.035873,51.549668],[-0.035792,51.549688],[-0.035496,51.549763],[-0.035288,51.549815],[-0.035165,51.549846],[-0.0351,51.549862],[-0.034905,51.549895],[-0.034856,51.549906],[-0.034841,51.54991],[-0.034747,51.54993],[-0.034541,51.549986],[-0.034513,51.549994],[-0.034436,51.55001],[-0.034213,51.550059],[-0.034029,51.550099],[-0.033874,51.550133],[-0.033864,51.550136],[-0.033588,51.550196],[-0.033336,51.550251],[-0.03333,51.550253],[-0.033254,51.550274],[-0.033128,51.550309],[-0.033117,51.550295],[-0.033054,51.550219],[-0.032945,51.550084],[-0.032844,51.549954],[-0.032559,51.549432],[-0.032551,51.549425],[-0.03243,51.549321],[-0.032413,51.549304],[-0.032299,51.549155],[-0.032877,51.548965],[-0.03293,51.548945]]]}},{"type":"Feature","properties":{"LSOA21CD":"E01001850","LSOA21NM":"Hackney 019F","MEAN_PTAL_":"4","mean_AI":16.0089130955,"borough":"Hackney"},"geometry":{"type":"Polygon","coordinates":[[[-0.040791,51.546294],[-0.040875,51.546285],[-0.04088,51.546285],[-0.040896,51.546282],[-0.040936,51.546277],[-0.040937,51.54627],[-0.040943,51.546181],[-0.040954,51.546034],[-0.040936,51.546033],[-0.040925,51.545821],[-0.04091,51.545821],[-0.040843,51.545818],[-0.040732,51.545814],[-0.040658,51.545811],[-0.040653,51.545811],[-0.040567,51.545808],[-0.040488,51.545805],[-0.040444,51.545804],[-0.040366,51.545801],[-0.040312,51.545799],[-0.040272,51.545797],[-0.040233,51.545796],[-0.040222,51.545796],[-0.040178,51.545794],[-0.040178,51.545782],[-0.040133,51.54578],[-0.040107,51.545779],[-0.040078,51.545778],[-0.04002,51.545777],[-0.039968,51.545775],[-0.039955,51.545775],[-0.039942,51.545775],[-0.039876,51.545773],[-0.039804,51.545772],[-0.039775,51.545771],[-0.039739,51.54577],[-0.039696,51.545769],[-0.039667,51.545768],[-0.039655,51.545768],[-0.039595,51.545767],[-0.039527,51.545765],[-0.039505,51.545764],[-0.039329,51.54576],[-0.039317,51.54576],[-0.039292,51.545759],[-0.039235,51.545758],[-0.039206,51.545757],[-0.039134,51.545756],[-0.039076,51.545754],[-0.039055,51.545754],[-0.038988,51.545752],[-0.038933,51.545751],[-0.038918,51.545751],[-0.038892,51.54575],[-0.038875,51.54575],[-0.038774,51.545747],[-0.038745,51.545746],[-0.038651,51.545744],[-0.038599,51.545743],[-0.038515,51.545719],[-0.03848,51.545705],[-0.038355,51.545656],[-0.038335,51.545646],[-0.038201,51.545567],[-0.038359,51.545537],[-0.038373,51.545534],[-0.038641,51.545484],[-0.03872,51.545478],[-0.03873,51.545478],[-0.038768,51.545478],[-0.038785,51.545477],[-0.038799,51.545475],[-0.038836,51.545475],[-0.038882,51.545475],[-0.038886,51.545476],[-0.038969,51.545479],[-0.038997,51.545483],[-0.03903,51.545485],[-0.039055,51.545486],[-0.039066,51.545485],[-0.039081,51.545485],[-0.039097,51.545484],[-0.03914,51.545485],[-0.039146,51.545485],[-0.039176,51.545481],[-0.039192,51.545214],[-0.039161,51.545207],[-0.039093,51.545207],[-0.039055,51.545206],[-0.038898,51.545205],[-0.038848,51.545204],[-0.03874,51.545203],[-0.038732,51.545203],[-0.038653,51.545202],[-0.038582,51.545201],[-0.038531,51.545201],[-0.038502,51.5452],[-0.038368,51.545199],[-0.038117,51.545196],[-0.038032,51.545195],[-0.038026,51.545195],[-0.038012,51.545168],[-0.037915,51.544978],[-0.037904,51.544956],[-0.037894,51.544937],[-0.037885,51.54492],[-0.037861,51.544873],[-0.037838,51.544828],[-0.037826,51.544805],[-0.037827,51.544787],[-0.037672,51.544496],[-0.037622,51.544402],[-0.037547,51.544261],[-0.037628,51.544242],[-0.037838,51.544194],[-0.037958,51.544171],[-0.037969,51.544169],[-0.038,51.544163],[-0.038171,51.54413],[-0.03887,51.543996],[-0.039032,51.543965],[-0.039069,51.543958],[-0.039085,51.543978],[-0.039004,51.543993],[-0.038883,51.544113],[-0.03887,51.544129],[-0.038865,51.544137],[-0.03887,51.544138],[-0.039,51.544176],[-0.039015,51.544181],[-0.039053,51.544196],[-0.039129,51.544233],[-0.03918,51.544271],[-0.039222,51.544312],[-0.039232,51.54433],[-0.039246,51.544396],[-0.039241,51.544435],[-0.039191,51.544552],[-0.039542,51.544486],[-0.0398,51.544439],[-0.040036,51.544395],[-0.040099,51.544383],[-0.040138,51.544376],[-0.040458,51.544311],[-0.040528,51.544296],[-0.040705,51.54426],[-0.040818,51.544253],[-0.040922,51.544255],[-0.041006,51.544256],[-0.041037,51.544256],[-0.041161,51.544246],[-0.04117,51.544247],[-0.041191,51.544243],[-0.041463,51.544187],[-0.041494,51.544314],[-0.041671,51.544408],[-0.041759,51.544404],[-0.041792,51.544402],[-0.041806,51.54441],[-0.041821,51.544418],[-0.041853,51.544411],[-0.041969,51.544387],[-0.041993,51.544382],[-0.041995,51.544385],[-0.042,51.544381],[-0.042084,51.544366],[-0.042104,51.544401],[-0.042152,51.54449],[-0.042165,51.544518],[-0.042179,51.544516],[-0.042344,51.544495],[-0.042605,51.544462],[-0.042625,51.54446],[-0.042653,51.544456],[-0.042784,51.544439],[-0.042877,51.544428],[-0.04293,51.544421],[-0.043031,51.544408],[-0.043145,51.544393],[-0.043166,51.544391],[-0.043289,51.544374],[-0.043385,51.544362],[-0.043477,51.544349],[-0.043503,51.544346],[-0.043518,51.544344],[-0.043603,51.544332],[-0.043678,51.544323],[-0.043734,51.544315],[-0.043852,51.544299],[-0.043951,51.544286],[-0.044008,51.544279],[-0.044031,51.544275],[-0.044137,51.544261],[-0.044154,51.544259],[-0.044267,51.544244],[-0.044504,51.544211],[-0.044652,51.544191],[-0.044648,51.544181],[-0.044777,51.544157],[-0.044793,51.544164],[-0.044904,51.544213],[-0.045042,51.544279],[-0.04517,51.54434],[-0.045203,51.544356],[-0.045215,51.544362],[-0.04534,51.544422],[-0.045411,51.544457],[-0.045484,51.544492],[-0.045621,51.544597],[-0.045648,51.544617],[-0.045749,51.544695],[-0.045861,51.544786],[-0.045859,51.544822],[-0.045852,51.544843],[-0.045843,51.544867],[-0.045827,51.544903],[-0.045812,51.54492],[-0.045795,51.544931],[-0.045752,51.544933],[-0.045636,51.544939],[-0.045572,51.544943],[-0.045305,51.544959],[-0.044995,51.544953],[-0.044556,51.544946],[-0.044415,51.544944],[-0.044405,51.544944],[-0.044312,51.544942],[-0.044235,51.544941],[-0.044019,51.54495],[-0.043643,51.544967],[-0.043429,51.544984],[-0.043293,51.544999],[-0.043269,51.545002],[-0.043197,51.545014],[-0.043192,51.545014],[-0.04296,51.545053],[-0.042709,51.545089],[-0.042644,51.545098],[-0.042638,51.545099],[-0.042273,51.545152],[-0.042249,51.545154],[-0.042095,51.545167],[-0.042081,51.545169],[-0.041661,51.545206],[-0.041673,51.545256],[-0.04168,51.545282],[-0.041734,51.545504],[-0.04175,51.545567],[-0.041754,51.545583],[-0.04176,51.545607],[-0.041765,51.545629],[-0.041768,51.545642],[-0.041776,51.545674],[-0.041778,51.545681],[-0.041792,51.545738],[-0.041793,51.545743],[-0.041805,51.545791],[-0.041806,51.545797],[-0.041809,51.545806],[-0.041819,51.545848],[-0.041836,51.545917],[-0.041837,51.545921],[-0.041854,51.545992],[-0.041855,51.545996],[-0.041898,51.546171],[-0.041906,51.546203],[-0.041907,51.546208],[-0.041916,51.546245],[-0.041917,51.546248],[-0.041926,51.546282],[-0.041934,51.546318],[-0.041992,51.546551],[-0.041998,51.546583],[-0.042004,51.546612],[-0.042006,51.546619],[-0.042006,51.546622],[-0.042007,51.546625],[-0.042015,51.546661],[-0.042016,51.546668],[-0.042017,51.546672],[-0.042022,51.546695],[-0.042021,51.546703],[-0.042021,51.546718],[-0.042021,51.546724],[-0.04202,51.546748],[-0.042018,51.546841],[-0.042017,51.546845],[-0.042017,51.546861],[-0.042017,51.546881],[-0.042016,51.546884],[-0.042016,51.546909],[-0.042015,51.54693],[-0.042014,51.546969],[-0.042012,51.547037],[-0.041973,51.547035],[-0.041779,51.547028],[-0.041538,51.547019],[-0.041588,51.546867],[-0.041589,51.546847],[-0.041589,51.546844],[-0.041592,51.546834],[-0.041594,51.546809],[-0.041585,51.546795],[-0.041578,51.546769],[-0.041574,51.546757],[-0.041585,51.546665],[-0.041589,51.546636],[-0.041541,51.546635],[-0.041507,51.546634],[-0.041254,51.546627],[-0.041225,51.546626],[-0.041173,51.546625],[-0.04109,51.546623],[-0.040921,51.546619],[-0.040859,51.546617],[-0.040765,51.546615],[-0.040735,51.546614],[-0.040661,51.546612],[-0.040586,51.54661],[-0.040547,51.546609],[-0.040529,51.546608],[-0.040394,51.546605],[-0.040374,51.546603],[-0.040325,51.546597],[-0.040275,51.546585],[-0.04023,51.54657],[-0.040411,51.546312],[-0.040412,51.546309],[-0.040405,51.546307],[-0.040422,51.546307],[-0.040431,51.546307],[-0.04045,51.546305],[-0.040459,51.546305],[-0.040491,51.546305],[-0.040501,51.546304],[-0.040562,51.546299],[-0.040574,51.546299],[-0.040591,51.546299],[-0.040603,51.546299],[-0.040664,51.546298],[-0.040694,51.546297],[-0.040712,51.546296],[-0.040719,51.546296],[-0.040791,51.546294]]]}},{"type":"Feature","properties":{"LSOA21CD":"E01033699","LSOA21NM":"Hackney 030A","MEAN_PTAL_":"6a","mean_AI":25.9300294959,"borough":"Hackney"},"geometry":{"type":"Polygon","coordinates":[[[-0.071965,51.550938],[-0.071896,51.550865],[-0.071995,51.550902],[-0.072012,51.550885],[-0.072025,51.550872],[-0.072226,51.550669],[-0.07222,51.55063],[-0.072046,51.550606],[-0.072013,51.550595],[-0.071997,51.55059],[-0.071947,51.550564],[-0.07194,51.55056],[-0.071928,51.550551],[-0.071911,51.550539],[-0.07189,51.550513],[-0.071875,51.550495],[-0.071861,51.550477],[-0.071849,51.550453],[-0.071842,51.550421],[-0.071842,51.550412],[-0.071842,51.550401],[-0.071839,51.550386],[-0.071838,51.550324],[-0.07183,51.550286],[-0.071831,51.550283],[-0.071832,51.550274],[-0.071837,51.550258],[-0.071842,51.55024],[-0.071843,51.550233],[-0.071794,51.550215],[-0.071751,51.550199],[-0.07173,51.550189],[-0.071721,51.550185],[-0.071711,51.550179],[-0.071627,51.550141],[-0.07158,51.550142],[-0.071547,51.550143],[-0.071436,51.550146],[-0.071391,51.550148],[-0.071381,51.550149],[-0.071238,51.550162],[-0.071056,51.550173],[-0.071054,51.550157],[-0.071048,51.550113],[-0.071044,51.550085],[-0.071026,51.549945],[-0.071026,51.549942],[-0.071025,51.549931],[-0.071017,51.549807],[-0.071019,51.54978],[-0.07106,51.549781],[-0.071068,51.549781],[-0.071247,51.549774],[-0.071408,51.549769],[-0.071418,51.549768],[-0.071517,51.549768],[-0.071563,51.549758],[-0.07156,51.549753],[-0.071493,51.549597],[-0.071496,51.549527],[-0.071519,51.549473],[-0.071549,51.549436],[-0.071618,51.549375],[-0.071626,51.549369],[-0.071726,51.549364],[-0.07173,51.549363],[-0.071759,51.549364],[-0.07177,51.549364],[-0.07182,51.549362],[-0.071899,51.549364],[-0.071909,51.549363],[-0.071933,51.549362],[-0.071983,51.549359],[-0.07201,51.549359],[-0.072016,51.549359],[-0.072139,51.549359],[-0.072147,51.549358],[-0.072173,51.549356],[-0.072202,51.549355],[-0.072317,51.549357],[-0.072322,51.549357],[-0.072341,51.549359],[-0.072391,51.549362],[-0.072415,51.549363],[-0.072438,51.549363],[-0.072445,51.549363],[-0.072451,51.549364],[-0.072521,51.549356],[-0.072637,51.549353],[-0.072663,51.54935],[-0.072723,51.549349],[-0.072732,51.549349],[-0.072771,51.549348],[-0.072954,51.549273],[-0.073079,51.549242],[-0.073076,51.549238],[-0.072972,51.549036],[-0.072962,51.549016],[-0.072916,51.548931],[-0.072942,51.548927],[-0.072966,51.548923],[-0.072987,51.548922],[-0.07306,51.548914],[-0.073088,51.548911],[-0.073103,51.548907],[-0.073129,51.548904],[-0.073171,51.548894],[-0.073173,51.548896],[-0.073183,51.548912],[-0.073303,51.549114],[-0.073327,51.549155],[-0.073361,51.549149],[-0.07339,51.549145],[-0.073413,51.549143],[-0.073494,51.549139],[-0.073602,51.549143],[-0.073706,51.549144],[-0.073883,51.549205],[-0.073944,51.549218],[-0.073998,51.54923],[-0.074238,51.549189],[-0.074264,51.549184],[-0.074241,51.549303],[-0.074282,51.549303],[-0.074298,51.549304],[-0.074485,51.549307],[-0.074616,51.549309],[-0.074622,51.549236],[-0.074645,51.548982],[-0.074646,51.548968],[-0.07465,51.548931],[-0.074683,51.548568],[-0.074687,51.548526],[-0.074696,51.54842],[-0.07492,51.548429],[-0.07536,51.548448],[-0.075387,51.548449],[-0.075407,51.548303],[-0.075427,51.548156],[-0.075429,51.548135],[-0.07541,51.548134],[-0.075295,51.548131],[-0.075191,51.548127],[-0.075189,51.548091],[-0.075108,51.547998],[-0.075075,51.547987],[-0.075003,51.547964],[-0.074587,51.547826],[-0.074451,51.54778],[-0.07431,51.547734],[-0.074041,51.547399],[-0.074032,51.547389],[-0.073936,51.547295],[-0.073919,51.547278],[-0.073867,51.547272],[-0.073513,51.547266],[-0.073856,51.546869],[-0.074172,51.546774],[-0.07454,51.546749],[-0.074564,51.546751],[-0.074564,51.546763],[-0.074577,51.546808],[-0.074648,51.546827],[-0.074662,51.546828],[-0.075079,51.546834],[-0.075148,51.546836],[-0.075153,51.546836],[-0.075209,51.546855],[-0.075237,51.546891],[-0.075228,51.546984],[-0.07528,51.54708],[-0.075611,51.547111],[-0.075615,51.54709],[-0.075631,51.547113],[-0.075766,51.547125],[-0.075977,51.547145],[-0.07598,51.547136],[-0.076007,51.54705],[-0.076168,51.546534],[-0.076319,51.546533],[-0.076316,51.546512],[-0.076313,51.546488],[-0.076303,51.546396],[-0.076298,51.546351],[-0.076226,51.546346],[-0.076096,51.546353],[-0.075958,51.546373],[-0.075879,51.546381],[-0.075711,51.546391],[-0.075708,51.54642],[-0.075705,51.546456],[-0.07559,51.546436],[-0.075566,51.546432],[-0.075557,51.546397],[-0.075518,51.54625],[-0.075638,51.54625],[-0.075639,51.546217],[-0.075639,51.546211],[-0.07565,51.54621],[-0.075664,51.546207],[-0.075684,51.546204],[-0.075743,51.546196],[-0.076438,51.54611],[-0.076484,51.546104],[-0.076533,51.546101],[-0.076788,51.546083],[-0.076813,51.546081],[-0.076809,51.546084],[-0.076778,51.546102],[-0.076729,51.546131],[-0.076351,51.546353],[-0.076332,51.54642],[-0.076331,51.546424],[-0.076332,51.546434],[-0.076337,51.546516],[-0.076339,51.546533],[-0.076347,51.546654],[-0.076348,51.546658],[-0.076391,51.546976],[-0.076397,51.547069],[-0.076409,51.54724],[-0.07641,51.547259],[-0.076411,51.547273],[-0.076414,51.547318],[-0.076422,51.547344],[-0.076444,51.547412],[-0.076448,51.547425],[-0.076491,51.547561],[-0.076531,51.547686],[-0.076538,51.547709],[-0.07654,51.547715],[-0.076542,51.547721],[-0.076559,51.547775],[-0.076579,51.547837],[-0.076593,51.54788],[-0.076605,51.547919],[-0.076611,51.547936],[-0.076695,51.548104],[-0.0767,51.548114],[-0.076703,51.54812],[-0.076707,51.548126],[-0.076732,51.548159],[-0.076756,51.548201],[-0.07676,51.548208],[-0.076788,51.548256],[-0.076868,51.548395],[-0.076889,51.548431],[-0.076903,51.54845],[-0.076908,51.548459],[-0.076957,51.548528],[-0.076965,51.548539],[-0.077007,51.548599],[-0.077042,51.548649],[-0.077063,51.548679],[-0.077067,51.548683],[-0.07707,51.548687],[-0.077081,51.5487],[-0.07711,51.548734],[-0.077133,51.548761],[-0.077179,51.548815],[-0.077218,51.548861],[-0.077238,51.548885],[-0.07725,51.5489],[-0.077315,51.548976],[-0.077444,51.549129],[-0.077476,51.549167],[-0.077486,51.549179],[-0.077438,51.549185],[-0.077006,51.549242],[-0.076985,51.549266],[-0.076934,51.549297],[-0.076905,51.549311],[-0.076821,51.549339],[-0.076775,51.549349],[-0.076765,51.549351],[-0.07671,51.549358],[-0.076558,51.549423],[-0.076542,51.549427],[-0.076515,51.549429],[-0.076451,51.549431],[-0.076367,51.549426],[-0.076318,51.549419],[-0.076184,51.549376],[-0.076127,51.549353],[-0.076121,51.549351],[-0.076087,51.549334],[-0.076035,51.549308],[-0.076031,51.549312],[-0.075999,51.54934],[-0.075941,51.549382],[-0.075928,51.54939],[-0.075866,51.549419],[-0.07586,51.549422],[-0.075791,51.549449],[-0.075775,51.549472],[-0.0758,51.549717],[-0.075805,51.549767],[-0.075785,51.549772],[-0.075733,51.54978],[-0.075378,51.549833],[-0.075346,51.549837],[-0.075291,51.549919],[-0.075309,51.550007],[-0.075309,51.550011],[-0.075356,51.550068],[-0.075589,51.550119],[-0.075961,51.5502],[-0.075944,51.550317],[-0.075939,51.550348],[-0.075634,51.550459],[-0.075543,51.550488],[-0.075342,51.550553],[-0.075229,51.550572],[-0.075194,51.550558],[-0.075169,51.550565],[-0.075155,51.550569],[-0.075153,51.550586],[-0.075151,51.550621],[-0.075112,51.550628],[-0.075095,51.550631],[-0.074963,51.550654],[-0.074743,51.550681],[-0.074702,51.550686],[-0.074345,51.550731],[-0.074194,51.55075],[-0.074131,51.55076],[-0.073894,51.550797],[-0.073526,51.550856],[-0.073278,51.550897],[-0.073189,51.550927],[-0.073068,51.550967],[-0.072972,51.550999],[-0.072921,51.551019],[-0.072783,51.551071],[-0.072723,51.551094],[-0.072639,51.551126],[-0.072604,51.551139],[-0.072556,51.551157],[-0.072518,51.551172],[-0.072503,51.55118],[-0.072473,51.551198],[-0.07237,51.55125],[-0.072334,51.551245],[-0.072298,51.55124],[-0.072227,51.55123],[-0.07221,51.551219],[-0.072198,51.551211],[-0.072191,51.551207],[-0.072184,51.551202],[-0.072157,51.551174],[-0.072157,51.551166],[-0.07206,51.551074],[-0.072006,51.550992],[-0.071965,51.550938]]]}},{"type":"Feature","properties":{"LSOA21CD":"E01033700","LSOA21NM":"Hackney 030B","MEAN_PTAL_":"6a","mean_AI":28.3889774242,"borough":"Hackney"},"geometry":{"type":"Polygon","coordinates":[[[-0.07233,51.547172],[-0.072317,51.54717],[-0.072228,51.547174],[-0.072202,51.547158],[-0.071989,51.547029],[-0.071998,51.546979],[-0.072011,51.546907],[-0.072028,51.546807],[-0.072051,51.546678],[-0.072053,51.546668],[-0.07208,51.546515],[-0.07208,51.546497],[-0.071606,51.546464],[-0.071598,51.546463],[-0.071419,51.54645],[-0.071441,51.546262],[-0.071484,51.546263],[-0.071622,51.546265],[-0.071773,51.546267],[-0.071774,51.546242],[-0.071778,51.546133],[-0.071783,51.546029],[-0.071777,51.546029],[-0.071676,51.546022],[-0.07165,51.546034],[-0.071638,51.54604],[-0.071533,51.546088],[-0.071525,51.546086],[-0.071369,51.546036],[-0.071336,51.546027],[-0.071111,51.545967],[-0.0711,51.545965],[-0.071095,51.545964],[-0.071071,51.545959],[-0.071064,51.545958],[-0.07096,51.545946],[-0.070908,51.545944],[-0.070828,51.545941],[-0.070812,51.54594],[-0.07079,51.545925],[-0.070713,51.545885],[-0.070702,51.54588],[-0.07049,51.545846],[-0.070393,51.545849],[-0.070354,51.545838],[-0.070305,51.545706],[-0.07031,51.545699],[-0.070323,51.545677],[-0.070344,51.545644],[-0.070404,51.545545],[-0.070403,51.545539],[-0.070403,51.545519],[-0.070403,51.545499],[-0.070439,51.545402],[-0.070435,51.5454],[-0.07039,51.545373],[-0.07038,51.545367],[-0.070379,51.545363],[-0.070376,51.545356],[-0.070336,51.545252],[-0.070336,51.545238],[-0.070336,51.545215],[-0.070336,51.545211],[-0.070391,51.545122],[-0.070406,51.545108],[-0.070423,51.545092],[-0.07042,51.54509],[-0.070389,51.545071],[-0.07034,51.54502],[-0.070335,51.545007],[-0.070313,51.544948],[-0.070311,51.544945],[-0.070321,51.544896],[-0.07033,51.544886],[-0.070389,51.544825],[-0.070398,51.544819],[-0.070473,51.544775],[-0.070477,51.544772],[-0.070497,51.544774],[-0.070503,51.544774],[-0.07054,51.544776],[-0.070559,51.544774],[-0.070586,51.544771],[-0.070591,51.544771],[-0.070596,51.544771],[-0.070647,51.544772],[-0.070653,51.544772],[-0.070679,51.544775],[-0.070688,51.544775],[-0.070699,51.544774],[-0.070706,51.544773],[-0.070711,51.544773],[-0.070717,51.544772],[-0.070768,51.54477],[-0.070785,51.54477],[-0.070811,51.544779],[-0.071148,51.544935],[-0.071152,51.544937],[-0.071232,51.544943],[-0.071256,51.54496],[-0.071263,51.544964],[-0.071252,51.545114],[-0.071248,51.545122],[-0.071247,51.545131],[-0.071246,51.545145],[-0.071244,51.545162],[-0.071258,51.545205],[-0.071261,51.545213],[-0.07126,51.545248],[-0.071288,51.545336],[-0.071353,51.545357],[-0.071369,51.545361],[-0.07141,51.54537],[-0.071435,51.545376],[-0.071512,51.545376],[-0.07159,51.545375],[-0.071593,51.545362],[-0.071633,51.545178],[-0.071634,51.545175],[-0.071666,51.545136],[-0.071678,51.545128],[-0.071717,51.545102],[-0.071728,51.545102],[-0.071764,51.545101],[-0.071809,51.5451],[-0.071815,51.545099],[-0.071875,51.54509],[-0.071881,51.545092],[-0.071894,51.545096],[-0.071905,51.545099],[-0.071912,51.545101],[-0.071945,51.545096],[-0.071996,51.545088],[-0.072054,51.54508],[-0.072116,51.54507],[-0.072109,51.545147],[-0.072105,51.545196],[-0.072211,51.54522],[-0.072215,51.545222],[-0.072242,51.545233],[-0.07225,51.545237],[-0.072272,51.545254],[-0.072305,51.54528],[-0.072309,51.545283],[-0.072375,51.54528],[-0.072399,51.545276],[-0.072434,51.545272],[-0.072452,51.545284],[-0.072455,51.545286],[-0.072462,51.54529],[-0.072475,51.545297],[-0.072656,51.545424],[-0.072668,51.545418],[-0.072868,51.545331],[-0.07288,51.545323],[-0.07289,51.545317],[-0.072894,51.545315],[-0.072916,51.545297],[-0.072959,51.545269],[-0.072974,51.545269],[-0.072996,51.54527],[-0.073019,51.545268],[-0.073055,51.545265],[-0.07307,51.545267],[-0.073094,51.54527],[-0.073112,51.54526],[-0.073128,51.54525],[-0.07318,51.545221],[-0.073195,51.545213],[-0.073245,51.545191],[-0.073266,51.545186],[-0.073574,51.545112],[-0.073588,51.545109],[-0.073569,51.545104],[-0.073234,51.545009],[-0.073215,51.545],[-0.07319,51.544988],[-0.07317,51.544979],[-0.07314,51.544962],[-0.073091,51.544933],[-0.073089,51.54493],[-0.073083,51.544924],[-0.073034,51.54492],[-0.073028,51.544919],[-0.072988,51.544918],[-0.072984,51.544915],[-0.072981,51.544913],[-0.072965,51.544902],[-0.072909,51.544865],[-0.072902,51.54486],[-0.072894,51.544854],[-0.072876,51.544833],[-0.07285,51.544802],[-0.072827,51.544755],[-0.07283,51.544711],[-0.072831,51.544701],[-0.072851,51.544675],[-0.072869,51.544653],[-0.072879,51.544644],[-0.072896,51.54463],[-0.072902,51.544625],[-0.072978,51.54458],[-0.072984,51.544577],[-0.072988,51.544574],[-0.072998,51.544568],[-0.073024,51.544552],[-0.073039,51.544542],[-0.073109,51.544478],[-0.073148,51.544437],[-0.072673,51.544316],[-0.072623,51.544328],[-0.072619,51.543979],[-0.072619,51.543967],[-0.072671,51.543968],[-0.072699,51.543981],[-0.072728,51.543993],[-0.072789,51.543982],[-0.073016,51.543986],[-0.073172,51.543988],[-0.073513,51.543994],[-0.073514,51.543991],[-0.073518,51.543991],[-0.07357,51.543994],[-0.073643,51.543996],[-0.074035,51.544021],[-0.074308,51.544038],[-0.074369,51.544042],[-0.074405,51.544045],[-0.074446,51.544045],[-0.074466,51.544044],[-0.074499,51.544046],[-0.074506,51.544046],[-0.075083,51.544082],[-0.075026,51.543999],[-0.075063,51.543888],[-0.075058,51.543733],[-0.075061,51.543728],[-0.075149,51.543583],[-0.075147,51.543557],[-0.0751,51.543539],[-0.075092,51.543536],[-0.075054,51.54351],[-0.074821,51.543349],[-0.074751,51.5433],[-0.074591,51.54319],[-0.074587,51.543187],[-0.074517,51.542879],[-0.074592,51.542875],[-0.074598,51.542875],[-0.074629,51.542874],[-0.075032,51.542854],[-0.075087,51.542851],[-0.075242,51.542844],[-0.075283,51.542842],[-0.075338,51.542839],[-0.075352,51.542838],[-0.075443,51.542834],[-0.075467,51.542833],[-0.075471,51.542803],[-0.075473,51.542786],[-0.075474,51.542774],[-0.075488,51.542646],[-0.075489,51.542634],[-0.075492,51.542609],[-0.075508,51.542464],[-0.075514,51.542406],[-0.075845,51.542402],[-0.075854,51.542401],[-0.076083,51.542399],[-0.076277,51.542396],[-0.076305,51.542396],[-0.076297,51.542456],[-0.076294,51.542481],[-0.076292,51.542499],[-0.076284,51.54256],[-0.076279,51.542593],[-0.076279,51.542596],[-0.076278,51.5426],[-0.076277,51.542611],[-0.076274,51.542631],[-0.076265,51.5427],[-0.076264,51.542708],[-0.076262,51.542721],[-0.076255,51.542775],[-0.076253,51.542793],[-0.07625,51.542811],[-0.076249,51.54282],[-0.076242,51.542873],[-0.076242,51.542876],[-0.076239,51.542897],[-0.076237,51.542916],[-0.076231,51.542955],[-0.076227,51.542986],[-0.076226,51.543],[-0.076219,51.543049],[-0.076218,51.543058],[-0.076213,51.54309],[-0.076212,51.543096],[-0.076211,51.543101],[-0.076207,51.543132],[-0.076201,51.543173],[-0.076188,51.543262],[-0.076187,51.543271],[-0.076186,51.543275],[-0.076184,51.54329],[-0.076178,51.543332],[-0.076172,51.543372],[-0.076164,51.543428],[-0.076164,51.543432],[-0.076155,51.543491],[-0.076154,51.543497],[-0.076153,51.54351],[-0.076145,51.543561],[-0.076143,51.543572],[-0.076137,51.543616],[-0.076134,51.543641],[-0.076132,51.543649],[-0.076132,51.543651],[-0.07613,51.543664],[-0.076113,51.543766],[-0.076112,51.543774],[-0.076109,51.543788],[-0.076107,51.543801],[-0.076106,51.543809],[-0.076102,51.54383],[-0.076101,51.543838],[-0.0761,51.543843],[-0.076096,51.54387],[-0.076093,51.543884],[-0.076091,51.543899],[-0.076088,51.543916],[-0.076086,51.54393],[-0.076052,51.544135],[-0.076051,51.544143],[-0.076019,51.544334],[-0.076014,51.544362],[-0.076014,51.544366],[-0.07601,51.544386],[-0.07601,51.54439],[-0.076002,51.544436],[-0.075998,51.544459],[-0.07599,51.54452],[-0.07598,51.544588],[-0.075975,51.544628],[-0.075971,51.544652],[-0.075963,51.544714],[-0.075961,51.544728],[-0.07595,51.544809],[-0.075948,51.544825],[-0.075946,51.544835],[-0.075945,51.544848],[-0.075917,51.545048],[-0.075913,51.545075],[-0.075911,51.545087],[-0.075909,51.545099],[-0.075904,51.545122],[-0.0759,51.545138],[-0.075899,51.545142],[-0.075883,51.545215],[-0.075875,51.545254],[-0.075872,51.545266],[-0.07586,51.545322],[-0.075858,51.545329],[-0.075849,51.545371],[-0.075844,51.545392],[-0.075844,51.545394],[-0.075835,51.545437],[-0.075831,51.545452],[-0.07581,51.54555],[-0.075805,51.545571],[-0.075796,51.545614],[-0.075789,51.545645],[-0.075776,51.545702],[-0.075776,51.545705],[-0.075771,51.545727],[-0.07577,51.545732],[-0.075767,51.545746],[-0.075761,51.545782],[-0.075758,51.545797],[-0.075756,51.54581],[-0.075728,51.545961],[-0.075724,51.545986],[-0.075698,51.546125],[-0.075693,51.546155],[-0.075689,51.546177],[-0.075686,51.546194],[-0.075684,51.546204],[-0.075664,51.546207],[-0.07565,51.54621],[-0.075639,51.546211],[-0.075639,51.546217],[-0.075638,51.54625],[-0.075518,51.54625],[-0.075557,51.546397],[-0.075566,51.546432],[-0.07559,51.546436],[-0.075705,51.546456],[-0.075708,51.54642],[-0.075711,51.546391],[-0.075879,51.546381],[-0.075958,51.546373],[-0.076096,51.546353],[-0.076226,51.546346],[-0.076298,51.546351],[-0.076303,51.546396],[-0.076313,51.546488],[-0.076316,51.546512],[-0.076319,51.546533],[-0.076168,51.546534],[-0.076007,51.54705],[-0.07598,51.547136],[-0.075977,51.547145],[-0.075766,51.547125],[-0.075631,51.547113],[-0.075615,51.54709],[-0.075611,51.547111],[-0.07528,51.54708],[-0.075228,51.546984],[-0.075237,51.546891],[-0.075209,51.546855],[-0.075153,51.546836],[-0.075148,51.546836],[-0.075079,51.546834],[-0.074662,51.546828],[-0.074648,51.546827],[-0.074577,51.546808],[-0.074564,51.546763],[-0.074564,51.546751],[-0.07454,51.546749],[-0.074172,51.546774],[-0.073856,51.546869],[-0.073513,51.547266],[-0.073304,51.547263],[-0.073192,51.547281],[-0.073038,51.547306],[-0.072772,51.547256],[-0.07233,51.547172]]]}},{"type":"Feature","properties":{"LSOA21CD":"E01033703","LSOA21NM":"Hackney 010F","MEAN_PTAL_":"5","mean_AI":23.0721254792,"borough":"Hackney"},"geometry":{"type":"Polygon","coordinates":[[[-0.055208,51.555921],[-0.055062,51.555707],[-0.055015,51.555637],[-0.054926,51.555506],[-0.054922,51.5555],[-0.054863,51.555414],[-0.054786,51.555301],[-0.054768,51.555273],[-0.054762,51.555265],[-0.054753,51.555252],[-0.054734,51.555223],[-0.054704,51.555179],[-0.054685,51.55515],[-0.05468,51.555144],[-0.054661,51.555115],[-0.054649,51.555098],[-0.05464,51.555085],[-0.054609,51.555042],[-0.054596,51.555024],[-0.054539,51.554944],[-0.054528,51.554928],[-0.054474,51.554853],[-0.054436,51.554801],[-0.054412,51.554767],[-0.054364,51.5547],[-0.05436,51.554696],[-0.054355,51.554689],[-0.054352,51.554685],[-0.054296,51.554606],[-0.054254,51.554548],[-0.05423,51.554514],[-0.054228,51.554511],[-0.054219,51.554499],[-0.054166,51.554425],[-0.054158,51.554421],[-0.054142,51.554413],[-0.054133,51.554409],[-0.054098,51.554394],[-0.054055,51.554343],[-0.054032,51.554316],[-0.054012,51.554293],[-0.053969,51.554241],[-0.053966,51.554238],[-0.053874,51.554129],[-0.053821,51.554066],[-0.053721,51.553947],[-0.053702,51.553925],[-0.053698,51.553919],[-0.053616,51.553823],[-0.053614,51.55382],[-0.053602,51.553805],[-0.053598,51.553801],[-0.053595,51.553798],[-0.053592,51.553792],[-0.053562,51.55375],[-0.053545,51.553726],[-0.053511,51.553678],[-0.053434,51.553567],[-0.053432,51.553564],[-0.053417,51.553543],[-0.053415,51.553541],[-0.053403,51.553523],[-0.053361,51.553464],[-0.053308,51.553388],[-0.053302,51.553378],[-0.053164,51.55315],[-0.053144,51.553117],[-0.053109,51.55306],[-0.053052,51.552966],[-0.053004,51.552885],[-0.052959,51.552812],[-0.052954,51.552803],[-0.053408,51.552709],[-0.053425,51.552705],[-0.053567,51.552676],[-0.053593,51.552671],[-0.053598,51.55267],[-0.053695,51.55265],[-0.053702,51.552648],[-0.053738,51.552641],[-0.053799,51.552628],[-0.053807,51.552626],[-0.053881,51.552611],[-0.053894,51.552609],[-0.053954,51.552596],[-0.054086,51.552569],[-0.054094,51.552567],[-0.054133,51.552559],[-0.054212,51.552543],[-0.054286,51.552528],[-0.054305,51.552524],[-0.054319,51.552522],[-0.054339,51.552518],[-0.054413,51.552503],[-0.054425,51.552501],[-0.05443,51.5525],[-0.054589,51.552469],[-0.054599,51.552467],[-0.054654,51.552456],[-0.054733,51.55244],[-0.054756,51.552436],[-0.05477,51.552433],[-0.054895,51.552408],[-0.054904,51.552407],[-0.054909,51.552406],[-0.054915,51.552405],[-0.055092,51.55237],[-0.055097,51.552369],[-0.055135,51.552361],[-0.055141,51.55236],[-0.055154,51.552357],[-0.055203,51.552348],[-0.055215,51.552345],[-0.055272,51.552334],[-0.055286,51.552331],[-0.055359,51.552317],[-0.055409,51.552307],[-0.055471,51.552295],[-0.055483,51.552293],[-0.055502,51.552289],[-0.055553,51.552279],[-0.055579,51.552274],[-0.055643,51.552261],[-0.055658,51.552258],[-0.055845,51.552221],[-0.056016,51.552188],[-0.05605,51.552304],[-0.056066,51.552361],[-0.056075,51.55239],[-0.056084,51.552422],[-0.056087,51.552432],[-0.056109,51.55251],[-0.056129,51.552581],[-0.056148,51.552646],[-0.056163,51.5527],[-0.056181,51.552772],[-0.056196,51.55283],[-0.056211,51.552889],[-0.056211,51.552901],[-0.05621,51.55297],[-0.056199,51.552971],[-0.056196,51.553042],[-0.05619,51.553079],[-0.056175,51.553169],[-0.056174,51.553187],[-0.056174,51.553192],[-0.056172,51.553226],[-0.056184,51.553225],[-0.056452,51.553221],[-0.056599,51.553239],[-0.05672,51.553268],[-0.056725,51.55327],[-0.056726,51.553291],[-0.056721,51.55333],[-0.05672,51.55334],[-0.056708,51.553367],[-0.056705,51.553375],[-0.056702,51.553383],[-0.05669,51.553394],[-0.056669,51.553432],[-0.056655,51.553464],[-0.056645,51.55349],[-0.056639,51.553535],[-0.056637,51.553545],[-0.056644,51.553604],[-0.05663,51.553624],[-0.056621,51.553643],[-0.056614,51.553659],[-0.056607,51.553694],[-0.056603,51.55371],[-0.056599,51.55372],[-0.056599,51.553734],[-0.05661,51.553783],[-0.056612,51.553788],[-0.056609,51.553816],[-0.056608,51.55382],[-0.056627,51.553863],[-0.056631,51.553873],[-0.056638,51.553889],[-0.056606,51.554028],[-0.056598,51.554039],[-0.056583,51.554061],[-0.056579,51.554067],[-0.05657,51.554081],[-0.056565,51.554086],[-0.056561,51.554088],[-0.056469,51.554139],[-0.056524,51.554199],[-0.056553,51.554231],[-0.056577,51.554257],[-0.056583,51.554263],[-0.056598,51.55429],[-0.056601,51.554302],[-0.056604,51.554316],[-0.056599,51.554372],[-0.056597,51.554375],[-0.056548,51.554451],[-0.05655,51.554473],[-0.056555,51.554491],[-0.056554,51.554528],[-0.056553,51.554531],[-0.056553,51.554556],[-0.056552,51.554559],[-0.056545,51.554581],[-0.05654,51.554597],[-0.056538,51.554613],[-0.056574,51.554654],[-0.056581,51.554661],[-0.056587,51.554681],[-0.056599,51.554717],[-0.056601,51.554724],[-0.056601,51.554735],[-0.056601,51.554783],[-0.056593,51.554794],[-0.05659,51.554799],[-0.056557,51.554846],[-0.056535,51.554868],[-0.056531,51.554872],[-0.056527,51.554875],[-0.05652,51.55488],[-0.056503,51.554889],[-0.056497,51.554906],[-0.056489,51.554931],[-0.056486,51.554941],[-0.056494,51.554985],[-0.056497,51.554999],[-0.056503,51.555013],[-0.056504,51.555016],[-0.056505,51.55502],[-0.0565,51.555076],[-0.056498,51.55508],[-0.056479,51.55511],[-0.056484,51.555138],[-0.056487,51.555161],[-0.056488,51.555169],[-0.056488,51.555174],[-0.056486,51.555192],[-0.056483,51.555222],[-0.05648,51.55523],[-0.056476,51.555241],[-0.056474,51.555246],[-0.056467,51.555253],[-0.056461,51.555317],[-0.056458,51.555345],[-0.056457,51.555358],[-0.056456,51.555362],[-0.056456,51.555367],[-0.056444,51.555382],[-0.056446,51.555436],[-0.056445,51.555439],[-0.05644,51.555449],[-0.056437,51.555454],[-0.056426,51.555474],[-0.056424,51.555479],[-0.056404,51.5555],[-0.056382,51.555517],[-0.056361,51.555533],[-0.056362,51.555542],[-0.056356,51.555558],[-0.056349,51.555576],[-0.056329,51.55563],[-0.056259,51.555814],[-0.056386,51.555841],[-0.056369,51.555845],[-0.056261,51.555871],[-0.056133,51.555902],[-0.056058,51.55592],[-0.05603,51.555926],[-0.056031,51.55586],[-0.055763,51.555834],[-0.055753,51.555833],[-0.055719,51.555819],[-0.055694,51.555823],[-0.055556,51.555845],[-0.055425,51.555865],[-0.055291,51.555951],[-0.055247,51.555979],[-0.055239,51.555966],[-0.055211,51.555927],[-0.055208,51.555921]]]}},{"type":"Feature","properties":{"LSOA21CD":"E01033709","LSOA21NM":"Hackney 032B","MEAN_PTAL_":"5","mean_AI":23.0783961399,"borough":"Hackney"},"geometry":{"type":"Polygon","coordinates":[[[-0.087858,51.53222],[-0.087973,51.532011],[-0.087705,51.532028],[-0.087447,51.532046],[-0.086911,51.532082],[-0.086904,51.532082],[-0.086811,51.532088],[-0.086781,51.532041],[-0.086548,51.531681],[-0.086517,51.531683],[-0.08637,51.531694],[-0.08597,51.531722],[-0.085898,51.531751],[-0.08588,51.531758],[-0.086238,51.532145],[-0.086038,51.532299],[-0.085577,51.532218],[-0.085578,51.532211],[-0.085595,51.531758],[-0.08558,51.531752],[-0.085574,51.53175],[-0.085564,51.531746],[-0.085421,51.531364],[-0.085358,51.531365],[-0.085357,51.53136],[-0.085341,51.531276],[-0.085313,51.531122],[-0.085406,51.531049],[-0.084813,51.531009],[-0.084805,51.531008],[-0.084798,51.531001],[-0.084576,51.531003],[-0.084297,51.531006],[-0.084033,51.531224],[-0.083845,51.531221],[-0.083628,51.531012],[-0.083625,51.531009],[-0.083329,51.530724],[-0.082988,51.53082],[-0.082906,51.530863],[-0.08291,51.53075],[-0.082898,51.530738],[-0.082918,51.530561],[-0.082979,51.530285],[-0.08299,51.530238],[-0.083071,51.530023],[-0.083085,51.529992],[-0.083087,51.529988],[-0.083131,51.529953],[-0.083205,51.529909],[-0.083206,51.5299],[-0.08336,51.529907],[-0.083471,51.529911],[-0.083527,51.529914],[-0.083537,51.529914],[-0.083628,51.52998],[-0.083659,51.530002],[-0.083691,51.530025],[-0.083845,51.530117],[-0.084001,51.530183],[-0.084026,51.530194],[-0.084157,51.530257],[-0.084596,51.530458],[-0.084625,51.530471],[-0.08467,51.530334],[-0.084736,51.530148],[-0.085134,51.529876],[-0.085222,51.529879],[-0.085423,51.529884],[-0.085818,51.530066],[-0.08584,51.530069],[-0.085915,51.530074],[-0.085919,51.530081],[-0.08602,51.530222],[-0.086316,51.530318],[-0.086332,51.530324],[-0.086335,51.530317],[-0.086347,51.530293],[-0.086378,51.53023],[-0.086402,51.530202],[-0.08642,51.530181],[-0.086439,51.530159],[-0.086462,51.530136],[-0.086501,51.530095],[-0.086598,51.529995],[-0.08662,51.529974],[-0.086814,51.529808],[-0.086888,51.529745],[-0.086956,51.529687],[-0.086966,51.529679],[-0.087057,51.529602],[-0.087103,51.529563],[-0.087128,51.529541],[-0.087158,51.529506],[-0.087203,51.529471],[-0.087219,51.529435],[-0.087237,51.529395],[-0.08726,51.529348],[-0.087282,51.529301],[-0.087408,51.529042],[-0.087446,51.52896],[-0.087682,51.528841],[-0.087705,51.52883],[-0.087867,51.529096],[-0.08812,51.528919],[-0.088422,51.528698],[-0.088432,51.52869],[-0.088445,51.528696],[-0.088448,51.528698],[-0.08846,51.528705],[-0.088549,51.528751],[-0.088573,51.528764],[-0.088573,51.528781],[-0.088572,51.528791],[-0.088571,51.528817],[-0.088637,51.52888],[-0.089045,51.528851],[-0.089435,51.528824],[-0.089467,51.528782],[-0.089521,51.528776],[-0.089492,51.528688],[-0.089438,51.528527],[-0.089434,51.528518],[-0.089435,51.5285],[-0.089789,51.528476],[-0.089839,51.528473],[-0.090086,51.528456],[-0.0901,51.528458],[-0.090201,51.528467],[-0.090257,51.528486],[-0.090224,51.528506],[-0.090213,51.528512],[-0.090184,51.52853],[-0.090169,51.528539],[-0.090166,51.528602],[-0.090197,51.528696],[-0.09022,51.528765],[-0.090247,51.528848],[-0.090294,51.528991],[-0.090319,51.529067],[-0.090332,51.529108],[-0.090359,51.529189],[-0.090384,51.529262],[-0.090455,51.529272],[-0.090542,51.529264],[-0.090619,51.529252],[-0.090724,51.529236],[-0.091021,51.529191],[-0.091023,51.529198],[-0.091008,51.5292],[-0.091014,51.529215],[-0.091029,51.529214],[-0.091163,51.52958],[-0.091191,51.529667],[-0.09118,51.529668],[-0.090876,51.529694],[-0.090758,51.52971],[-0.090676,51.52981],[-0.090304,51.529873],[-0.090184,51.529894],[-0.08994,51.529935],[-0.089931,51.529932],[-0.089922,51.529929],[-0.089909,51.529884],[-0.089905,51.529883],[-0.089811,51.529893],[-0.089562,51.529923],[-0.08952,51.529928],[-0.089163,51.529984],[-0.088946,51.530017],[-0.088816,51.529636],[-0.08876,51.529638],[-0.088521,51.52965],[-0.08851,51.529651],[-0.088486,51.529662],[-0.088478,51.529666],[-0.088419,51.529668],[-0.088082,51.52968],[-0.088014,51.529703],[-0.088008,51.529705],[-0.087899,51.529741],[-0.087751,51.52984],[-0.087871,51.529828],[-0.088039,51.529813],[-0.088112,51.529993],[-0.087973,51.530016],[-0.087982,51.530046],[-0.088007,51.530134],[-0.087989,51.530145],[-0.088084,51.530313],[-0.088092,51.530334],[-0.088166,51.530528],[-0.088188,51.530594],[-0.088113,51.530624],[-0.088108,51.530626],[-0.087986,51.530603],[-0.087812,51.530614],[-0.087802,51.530615],[-0.087585,51.530777],[-0.087559,51.530773],[-0.087251,51.530722],[-0.087215,51.530717],[-0.087114,51.53071],[-0.087108,51.530709],[-0.087101,51.530709],[-0.087051,51.530712],[-0.087043,51.530713],[-0.086962,51.530725],[-0.086947,51.530728],[-0.086809,51.53076],[-0.086766,51.530775],[-0.08675,51.53078],[-0.0867,51.530801],[-0.086657,51.530819],[-0.086594,51.530849],[-0.086621,51.531122],[-0.086576,51.531173],[-0.086562,51.531189],[-0.086757,51.531163],[-0.087021,51.53113],[-0.087264,51.5311],[-0.087547,51.531065],[-0.087565,51.531063],[-0.087653,51.531052],[-0.087678,51.531049],[-0.087701,51.531047],[-0.087798,51.531036],[-0.087815,51.531037],[-0.087833,51.531104],[-0.087834,51.531111],[-0.087902,51.53137],[-0.087919,51.53143],[-0.088036,51.53149],[-0.088041,51.531488],[-0.088516,51.531306],[-0.088571,51.53132],[-0.088702,51.531354],[-0.0887,51.531365],[-0.088652,51.531697],[-0.088651,51.531704],[-0.088904,51.531897],[-0.088902,51.5319],[-0.088766,51.53196],[-0.088762,51.531962],[-0.088475,51.532089],[-0.088465,51.532093],[-0.088592,51.532395],[-0.08827,51.532572],[-0.088248,51.532584],[-0.088234,51.532592],[-0.08821,51.532599],[-0.088191,51.532603],[-0.088188,51.532601],[-0.087858,51.53222]]]}},{"type":"Feature","properties":{"LSOA21CD":"E01033713","LSOA21NM":"Hackney 010G","MEAN_PTAL_":"4","mean_AI":15.2981316448,"borough":"Hackney"},"geometry":{"type":"Polygon","coordinates":[[[-0.055348,51.556128],[-0.055247,51.555979],[-0.055291,51.555951],[-0.055425,51.555865],[-0.055556,51.555845],[-0.055694,51.555823],[-0.055719,51.555819],[-0.055753,51.555833],[-0.055763,51.555834],[-0.056031,51.55586],[-0.05603,51.555926],[-0.056058,51.55592],[-0.056133,51.555902],[-0.056261,51.555871],[-0.056369,51.555845],[-0.056386,51.555841],[-0.056259,51.555814],[-0.056329,51.55563],[-0.056349,51.555576],[-0.056356,51.555558],[-0.056362,51.555542],[-0.056361,51.555533],[-0.056382,51.555517],[-0.056404,51.5555],[-0.056424,51.555479],[-0.056426,51.555474],[-0.056437,51.555454],[-0.05644,51.555449],[-0.056445,51.555439],[-0.056446,51.555436],[-0.056444,51.555382],[-0.056456,51.555367],[-0.056456,51.555362],[-0.056457,51.555358],[-0.056458,51.555345],[-0.056461,51.555317],[-0.056467,51.555253],[-0.056474,51.555246],[-0.056476,51.555241],[-0.05648,51.55523],[-0.056483,51.555222],[-0.056486,51.555192],[-0.056488,51.555174],[-0.056488,51.555169],[-0.056487,51.555161],[-0.056484,51.555138],[-0.056479,51.55511],[-0.056498,51.55508],[-0.0565,51.555076],[-0.056505,51.55502],[-0.056504,51.555016],[-0.056503,51.555013],[-0.056497,51.554999],[-0.056494,51.554985],[-0.056486,51.554941],[-0.056489,51.554931],[-0.056497,51.554906],[-0.056503,51.554889],[-0.05652,51.55488],[-0.056527,51.554875],[-0.056531,51.554872],[-0.056535,51.554868],[-0.056557,51.554846],[-0.05659,51.554799],[-0.056593,51.554794],[-0.056601,51.554783],[-0.056601,51.554735],[-0.056601,51.554724],[-0.056599,51.554717],[-0.056587,51.554681],[-0.056581,51.554661],[-0.056574,51.554654],[-0.056538,51.554613],[-0.05654,51.554597],[-0.056545,51.554581],[-0.056552,51.554559],[-0.056553,51.554556],[-0.056553,51.554531],[-0.056554,51.554528],[-0.056555,51.554491],[-0.05655,51.554473],[-0.056548,51.554451],[-0.056597,51.554375],[-0.056599,51.554372],[-0.056604,51.554316],[-0.056601,51.554302],[-0.056598,51.55429],[-0.056583,51.554263],[-0.056577,51.554257],[-0.056553,51.554231],[-0.056524,51.554199],[-0.056469,51.554139],[-0.056561,51.554088],[-0.056565,51.554086],[-0.05657,51.554081],[-0.056579,51.554067],[-0.056583,51.554061],[-0.056598,51.554039],[-0.056606,51.554028],[-0.056638,51.553889],[-0.056631,51.553873],[-0.056627,51.553863],[-0.056608,51.55382],[-0.056609,51.553816],[-0.056612,51.553788],[-0.05661,51.553783],[-0.056599,51.553734],[-0.056599,51.55372],[-0.056603,51.55371],[-0.056607,51.553694],[-0.056614,51.553659],[-0.056621,51.553643],[-0.05663,51.553624],[-0.056644,51.553604],[-0.056637,51.553545],[-0.056639,51.553535],[-0.056645,51.55349],[-0.056655,51.553464],[-0.056669,51.553432],[-0.05669,51.553394],[-0.056702,51.553383],[-0.056705,51.553375],[-0.056708,51.553367],[-0.05672,51.55334],[-0.056721,51.55333],[-0.056726,51.553291],[-0.056725,51.55327],[-0.05672,51.553268],[-0.056599,51.553239],[-0.056452,51.553221],[-0.056184,51.553225],[-0.056172,51.553226],[-0.056174,51.553192],[-0.056174,51.553187],[-0.056175,51.553169],[-0.05619,51.553079],[-0.056196,51.553042],[-0.056199,51.552971],[-0.05621,51.55297],[-0.056291,51.552959],[-0.056361,51.552948],[-0.056394,51.552944],[-0.056513,51.552926],[-0.056634,51.552909],[-0.056787,51.552886],[-0.056826,51.55288],[-0.056841,51.552878],[-0.056933,51.552865],[-0.057,51.552855],[-0.05728,51.552814],[-0.057329,51.552807],[-0.057509,51.55278],[-0.057514,51.55278],[-0.057595,51.552769],[-0.05794,51.552722],[-0.057973,51.552717],[-0.057991,51.552715],[-0.058094,51.552701],[-0.0581,51.5527],[-0.058204,51.552686],[-0.058495,51.552646],[-0.059001,51.552578],[-0.059075,51.552568],[-0.059098,51.552564],[-0.059112,51.552563],[-0.05918,51.552553],[-0.059188,51.552552],[-0.059329,51.552532],[-0.059478,51.552512],[-0.059644,51.552489],[-0.059695,51.552482],[-0.059945,51.552447],[-0.060016,51.552437],[-0.060033,51.552435],[-0.060131,51.552422],[-0.06043,51.55238],[-0.060434,51.55238],[-0.060506,51.55237],[-0.060938,51.55231],[-0.060945,51.552309],[-0.061292,51.552261],[-0.062282,51.552127],[-0.063073,51.55202],[-0.063905,51.551907],[-0.063989,51.55197],[-0.064056,51.552017],[-0.064204,51.552121],[-0.064279,51.552181],[-0.064388,51.552268],[-0.064398,51.552277],[-0.0645,51.552366],[-0.064598,51.552451],[-0.064624,51.552475],[-0.064682,51.552526],[-0.064687,51.552531],[-0.064778,51.552613],[-0.06495,51.552772],[-0.064953,51.552774],[-0.06501,51.552827],[-0.065019,51.552836],[-0.065144,51.552993],[-0.065191,51.553052],[-0.065207,51.553073],[-0.065236,51.55311],[-0.065239,51.553113],[-0.065244,51.55312],[-0.065292,51.55318],[-0.0653,51.55319],[-0.065412,51.553331],[-0.065436,51.553367],[-0.065459,51.553403],[-0.065536,51.55352],[-0.065659,51.553708],[-0.065734,51.553824],[-0.065794,51.553917],[-0.065801,51.553926],[-0.065832,51.553975],[-0.065836,51.553979],[-0.065938,51.554169],[-0.06594,51.554172],[-0.066027,51.554332],[-0.066042,51.55436],[-0.066045,51.554365],[-0.066225,51.554696],[-0.066234,51.554712],[-0.066276,51.554789],[-0.066374,51.554969],[-0.066455,51.555119],[-0.066663,51.555501],[-0.066637,51.555499],[-0.066612,51.555498],[-0.066339,51.555488],[-0.066205,51.555483],[-0.066024,51.555486],[-0.065765,51.555489],[-0.065697,51.55549],[-0.065688,51.55549],[-0.065614,51.555491],[-0.065431,51.555495],[-0.065395,51.555695],[-0.065394,51.555699],[-0.065348,51.555704],[-0.065337,51.555706],[-0.065295,51.555712],[-0.065274,51.555716],[-0.065199,51.555741],[-0.065191,51.555744],[-0.065152,51.55576],[-0.065149,51.555761],[-0.065114,51.555722],[-0.064926,51.555506],[-0.06491,51.555506],[-0.064891,51.555506],[-0.064827,51.555575],[-0.064754,51.555651],[-0.064711,51.555697],[-0.064679,51.555731],[-0.064636,51.555777],[-0.064615,51.5558],[-0.064563,51.555855],[-0.064559,51.55586],[-0.064529,51.555891],[-0.064241,51.556197],[-0.064187,51.556253],[-0.064185,51.556255],[-0.064101,51.556342],[-0.064099,51.556327],[-0.064061,51.556093],[-0.064094,51.556053],[-0.064265,51.555841],[-0.063948,51.555517],[-0.063905,51.555517],[-0.063591,51.555521],[-0.063595,51.555666],[-0.063596,51.555706],[-0.063597,51.555747],[-0.063598,51.555789],[-0.063599,51.555814],[-0.063554,51.555818],[-0.063227,51.555846],[-0.063245,51.555899],[-0.063251,51.555918],[-0.063254,51.555927],[-0.063334,51.55617],[-0.063147,51.556187],[-0.063111,51.55619],[-0.062578,51.556238],[-0.06256,51.556197],[-0.062558,51.556192],[-0.062534,51.55614],[-0.062418,51.556152],[-0.062345,51.556159],[-0.062322,51.556161],[-0.062175,51.556175],[-0.062119,51.55618],[-0.062049,51.556187],[-0.062043,51.556188],[-0.061796,51.556212],[-0.061795,51.556208],[-0.06179,51.556191],[-0.061783,51.556165],[-0.061738,51.556014],[-0.061498,51.55604],[-0.061408,51.556049],[-0.061372,51.556053],[-0.061364,51.556054],[-0.061153,51.556076],[-0.061118,51.556041],[-0.061098,51.556021],[-0.061035,51.555994],[-0.060965,51.555963],[-0.060901,51.555935],[-0.060887,51.555941],[-0.060834,51.55601],[-0.06083,51.556015],[-0.060808,51.556028],[-0.060771,51.55605],[-0.060727,51.556067],[-0.060676,51.556072],[-0.060623,51.556077],[-0.060614,51.556078],[-0.060551,51.556084],[-0.060493,51.55609],[-0.060472,51.556092],[-0.060419,51.556097],[-0.060341,51.556105],[-0.060288,51.55611],[-0.060231,51.556116],[-0.060209,51.556118],[-0.060168,51.556122],[-0.060065,51.556132],[-0.059945,51.556144],[-0.059946,51.55615],[-0.059717,51.556171],[-0.059692,51.556173],[-0.059509,51.556189],[-0.059235,51.556213],[-0.05923,51.556216],[-0.05921,51.556228],[-0.059205,51.556231],[-0.059184,51.556284],[-0.059173,51.556311],[-0.059158,51.55632],[-0.058928,51.556343],[-0.058967,51.556226],[-0.058986,51.55617],[-0.058774,51.55603],[-0.058722,51.555996],[-0.058371,51.556018],[-0.058354,51.55602],[-0.05834,51.556022],[-0.058293,51.556025],[-0.058277,51.556026],[-0.058191,51.556043],[-0.058154,51.556044],[-0.058138,51.556044],[-0.058094,51.556049],[-0.058024,51.556066],[-0.05795,51.556075],[-0.057939,51.556077],[-0.057884,51.556087],[-0.057825,51.556088],[-0.057813,51.556088],[-0.057749,51.556096],[-0.057737,51.556097],[-0.057691,51.556108],[-0.057621,51.556113],[-0.057613,51.556112],[-0.057606,51.556113],[-0.057505,51.556119],[-0.0575,51.556119],[-0.057467,51.556125],[-0.057436,51.556128],[-0.057229,51.556083],[-0.057222,51.556081],[-0.057198,51.556084],[-0.056886,51.556121],[-0.056869,51.556123],[-0.056859,51.556124],[-0.056846,51.556117],[-0.056832,51.556118],[-0.056682,51.556135],[-0.056458,51.556159],[-0.056421,51.55614],[-0.056263,51.556146],[-0.056138,51.556151],[-0.056001,51.556235],[-0.05587,51.556315],[-0.055634,51.55646],[-0.055605,51.556461],[-0.055576,51.556463],[-0.055572,51.556457],[-0.055525,51.556389],[-0.055413,51.556224],[-0.055404,51.55621],[-0.055401,51.556205],[-0.055348,51.556128]]]}},{"type":"Feature","properties":{"LSOA21CD":"E01035638","LSOA21NM":"Hackney 002G","MEAN_PTAL_":"5","mean_AI":20.9178217194,"borough":"Hackney"},"geometry":{"type":"Polygon","coordinates":[[[-0.087104,51.574355],[-0.086974,51.574335],[-0.086959,51.57438],[-0.086961,51.574405],[-0.086502,51.574295],[-0.08661,51.574208],[-0.086759,51.574102],[-0.086834,51.57405],[-0.087122,51.573879],[-0.087144,51.573866],[-0.087342,51.573757],[-0.087366,51.573744],[-0.087506,51.573691],[-0.087571,51.573666],[-0.087689,51.573614],[-0.087733,51.573598],[-0.088243,51.57341],[-0.088366,51.573373],[-0.088371,51.573363],[-0.08841,51.573287],[-0.088437,51.573236],[-0.088452,51.573206],[-0.088448,51.573204],[-0.088447,51.573201],[-0.088256,51.572819],[-0.088227,51.572761],[-0.087983,51.572258],[-0.08815,51.572245],[-0.088154,51.572246],[-0.08855,51.572275],[-0.088455,51.571982],[-0.088448,51.571983],[-0.088337,51.571993],[-0.088211,51.572005],[-0.088096,51.571705],[-0.088264,51.5716],[-0.088338,51.571556],[-0.088342,51.571554],[-0.088501,51.571442],[-0.088546,51.571407],[-0.088564,51.571387],[-0.088766,51.57116],[-0.088925,51.570981],[-0.08897,51.570946],[-0.089113,51.570896],[-0.089146,51.57093],[-0.089321,51.571109],[-0.089334,51.571122],[-0.089337,51.571125],[-0.089448,51.57108],[-0.089714,51.570971],[-0.089687,51.571028],[-0.090589,51.571411],[-0.090584,51.571429],[-0.090696,51.571414],[-0.090707,51.571413],[-0.091126,51.57136],[-0.09113,51.571359],[-0.091256,51.571635],[-0.091456,51.572083],[-0.091464,51.572072],[-0.091598,51.571891],[-0.091707,51.571741],[-0.092165,51.571452],[-0.09218,51.571456],[-0.092482,51.571528],[-0.092678,51.571576],[-0.092828,51.571612],[-0.092924,51.571718],[-0.092961,51.571759],[-0.092709,51.571842],[-0.092489,51.571913],[-0.092477,51.571917],[-0.092047,51.572058],[-0.092033,51.572062],[-0.091994,51.572075],[-0.09188,51.572112],[-0.091872,51.572114],[-0.091393,51.57227],[-0.091295,51.572302],[-0.091291,51.572303],[-0.090837,51.57245],[-0.090706,51.572492],[-0.090709,51.572494],[-0.090736,51.572531],[-0.090945,51.572752],[-0.091052,51.572864],[-0.091132,51.572948],[-0.091196,51.573016],[-0.091207,51.573026],[-0.091251,51.573066],[-0.091256,51.573072],[-0.091289,51.573102],[-0.091288,51.573105],[-0.091384,51.573196],[-0.091386,51.573198],[-0.091468,51.573265],[-0.091511,51.573278],[-0.09152,51.573293],[-0.091523,51.573297],[-0.091526,51.573303],[-0.091627,51.573309],[-0.092032,51.573332],[-0.092099,51.573347],[-0.092374,51.57333],[-0.092472,51.573335],[-0.092522,51.573308],[-0.092606,51.573274],[-0.092842,51.573197],[-0.09299,51.573176],[-0.093089,51.573162],[-0.093174,51.57313],[-0.093197,51.573123],[-0.093246,51.573114],[-0.093475,51.573337],[-0.093514,51.573377],[-0.093599,51.573463],[-0.094014,51.573873],[-0.093977,51.573884],[-0.093959,51.57389],[-0.09394,51.573895],[-0.093912,51.573905],[-0.093884,51.573913],[-0.093867,51.573918],[-0.093823,51.57393],[-0.093794,51.57394],[-0.093779,51.573945],[-0.093764,51.573948],[-0.093732,51.573957],[-0.093687,51.573968],[-0.093649,51.573978],[-0.093643,51.57398],[-0.093636,51.573981],[-0.093595,51.57399],[-0.093549,51.574],[-0.093532,51.574002],[-0.093502,51.574008],[-0.093484,51.57401],[-0.093445,51.574015],[-0.093408,51.574019],[-0.093368,51.574024],[-0.093286,51.574029],[-0.093257,51.57403],[-0.093244,51.574031],[-0.093233,51.574031],[-0.093204,51.574033],[-0.093174,51.574034],[-0.09316,51.574035],[-0.093155,51.574035],[-0.093138,51.574036],[-0.093122,51.574037],[-0.09309,51.574037],[-0.093085,51.574037],[-0.093031,51.574038],[-0.093001,51.574038],[-0.092962,51.574038],[-0.09294,51.574039],[-0.092857,51.574039],[-0.092775,51.574036],[-0.092753,51.574034],[-0.092675,51.574031],[-0.092487,51.574011],[-0.092319,51.573997],[-0.092223,51.57399],[-0.09214,51.573984],[-0.09207,51.573979],[-0.091989,51.573974],[-0.091972,51.573973],[-0.091963,51.573972],[-0.091927,51.57397],[-0.091874,51.573971],[-0.091838,51.573971],[-0.091818,51.573972],[-0.091777,51.573974],[-0.091733,51.573978],[-0.091729,51.573978],[-0.091692,51.573982],[-0.091645,51.573987],[-0.091634,51.573988],[-0.091599,51.573992],[-0.091557,51.573999],[-0.091525,51.574004],[-0.091515,51.574006],[-0.09151,51.574007],[-0.091477,51.574013],[-0.091448,51.574019],[-0.091436,51.574023],[-0.091396,51.574032],[-0.091283,51.574055],[-0.09097,51.574122],[-0.090925,51.57414],[-0.090864,51.574165],[-0.090828,51.574178],[-0.090757,51.574204],[-0.090657,51.574241],[-0.09065,51.574243],[-0.090633,51.574249],[-0.090533,51.574284],[-0.090509,51.574291],[-0.090482,51.574299],[-0.090438,51.574314],[-0.090396,51.574328],[-0.090353,51.574341],[-0.090327,51.574348],[-0.090309,51.574353],[-0.090299,51.574356],[-0.090264,51.574365],[-0.090238,51.574372],[-0.090211,51.574378],[-0.090207,51.574379],[-0.090159,51.574389],[-0.09014,51.574393],[-0.090068,51.574405],[-0.090014,51.574413],[-0.089959,51.574419],[-0.089903,51.574424],[-0.089847,51.574425],[-0.089773,51.574426],[-0.089712,51.574425],[-0.089699,51.574425],[-0.089692,51.574424],[-0.089646,51.57442],[-0.089624,51.574418],[-0.089569,51.574414],[-0.089553,51.574411],[-0.089527,51.574406],[-0.089462,51.574397],[-0.089406,51.57439],[-0.089396,51.574389],[-0.089379,51.574386],[-0.089329,51.57438],[-0.089279,51.574376],[-0.089262,51.574375],[-0.089253,51.574374],[-0.089238,51.574372],[-0.089196,51.574369],[-0.089147,51.574366],[-0.089128,51.574365],[-0.08906,51.574363],[-0.089047,51.574362],[-0.089019,51.57436],[-0.088974,51.574361],[-0.088966,51.574361],[-0.088951,51.574361],[-0.08893,51.574361],[-0.088924,51.574361],[-0.088883,51.574362],[-0.088803,51.57436],[-0.088744,51.574355],[-0.088684,51.574349],[-0.088631,51.574346],[-0.088625,51.574346],[-0.088613,51.574346],[-0.088591,51.574346],[-0.088566,51.574346],[-0.088559,51.574347],[-0.088542,51.574348],[-0.088515,51.574349],[-0.088492,51.574352],[-0.088463,51.574355],[-0.088428,51.57436],[-0.088411,51.574363],[-0.088362,51.574371],[-0.08821,51.574395],[-0.088071,51.574412],[-0.088066,51.574413],[-0.088059,51.574414],[-0.088049,51.574416],[-0.088035,51.574418],[-0.088024,51.574419],[-0.088002,51.574422],[-0.087994,51.574424],[-0.087957,51.574427],[-0.087952,51.574428],[-0.087916,51.574431],[-0.087903,51.574432],[-0.087868,51.574434],[-0.087848,51.574436],[-0.087785,51.574438],[-0.08778,51.574439],[-0.087742,51.574439],[-0.087738,51.574439],[-0.087691,51.574438],[-0.087663,51.574438],[-0.087644,51.574438],[-0.087624,51.574436],[-0.087598,51.574433],[-0.087536,51.574426],[-0.087509,51.574421],[-0.087476,51.574416],[-0.087416,51.574403],[-0.087128,51.574358],[-0.087104,51.574355]]]}},{"type":"Feature","properties":{"LSOA21CD":"E01035639","LSOA21NM":"Hackney 002H","MEAN_PTAL_":"4","mean_AI":19.4103894851,"borough":"Hackney"},"geometry":{"type":"Polygon","coordinates":[[[-0.091256,51.571635],[-0.09113,51.571359],[-0.091126,51.57136],[-0.090707,51.571413],[-0.090696,51.571414],[-0.090584,51.571429],[-0.090589,51.571411],[-0.089687,51.571028],[-0.089714,51.570971],[-0.089448,51.57108],[-0.089337,51.571125],[-0.089334,51.571122],[-0.089321,51.571109],[-0.089146,51.57093],[-0.089113,51.570896],[-0.089067,51.570849],[-0.088895,51.570672],[-0.088664,51.570435],[-0.088137,51.569901],[-0.087989,51.569749],[-0.087954,51.569714],[-0.087763,51.569518],[-0.087707,51.569462],[-0.087682,51.569436],[-0.087644,51.569397],[-0.087606,51.569359],[-0.087583,51.569334],[-0.087584,51.569332],[-0.087596,51.569316],[-0.087678,51.569218],[-0.08772,51.569159],[-0.087781,51.569053],[-0.087801,51.568992],[-0.087801,51.568987],[-0.087805,51.568877],[-0.087787,51.568771],[-0.087779,51.568727],[-0.087775,51.568666],[-0.087785,51.568579],[-0.087789,51.568542],[-0.087819,51.568408],[-0.087823,51.56838],[-0.087833,51.568307],[-0.087849,51.568194],[-0.08786,51.568154],[-0.087865,51.568136],[-0.087872,51.568109],[-0.087878,51.568095],[-0.087884,51.568081],[-0.087901,51.568042],[-0.087908,51.568026],[-0.087928,51.567971],[-0.08793,51.567965],[-0.087941,51.567946],[-0.08798,51.567878],[-0.087994,51.567853],[-0.088036,51.567793],[-0.088093,51.567711],[-0.088131,51.567658],[-0.088165,51.567619],[-0.088174,51.567608],[-0.089501,51.567668],[-0.090057,51.567743],[-0.091332,51.567915],[-0.091561,51.568172],[-0.092053,51.568721],[-0.09204,51.568731],[-0.09192,51.568895],[-0.092315,51.569014],[-0.092471,51.569188],[-0.092477,51.569195],[-0.092483,51.569214],[-0.092503,51.569276],[-0.092516,51.569317],[-0.09253,51.569361],[-0.092534,51.569374],[-0.092564,51.569467],[-0.092599,51.569576],[-0.092614,51.569623],[-0.092668,51.569791],[-0.092733,51.569991],[-0.092777,51.570122],[-0.092899,51.570051],[-0.092991,51.570035],[-0.09318,51.570002],[-0.093186,51.569998],[-0.093361,51.569891],[-0.093373,51.56989],[-0.093635,51.569869],[-0.093719,51.569787],[-0.093745,51.569762],[-0.093822,51.569704],[-0.093836,51.569696],[-0.093864,51.569681],[-0.093907,51.569658],[-0.094142,51.569562],[-0.094105,51.569489],[-0.094091,51.569463],[-0.094093,51.569451],[-0.094104,51.569411],[-0.094127,51.569405],[-0.094196,51.569505],[-0.094871,51.569367],[-0.094907,51.569411],[-0.094927,51.569437],[-0.094942,51.569456],[-0.094954,51.569472],[-0.09504,51.569589],[-0.095057,51.569613],[-0.095069,51.569629],[-0.095153,51.569743],[-0.095176,51.569774],[-0.095217,51.569829],[-0.095256,51.56988],[-0.095323,51.56997],[-0.095344,51.569997],[-0.095476,51.570173],[-0.095524,51.570237],[-0.095604,51.570344],[-0.095608,51.570358],[-0.095616,51.570385],[-0.095642,51.57047],[-0.095848,51.570707],[-0.09586,51.570721],[-0.095881,51.570748],[-0.095779,51.570814],[-0.095695,51.570843],[-0.095683,51.570847],[-0.09564,51.570862],[-0.095314,51.570976],[-0.095128,51.571041],[-0.095034,51.571074],[-0.094986,51.57109],[-0.09487,51.57113],[-0.094814,51.57115],[-0.094734,51.571178],[-0.09461,51.571221],[-0.094121,51.571381],[-0.093895,51.571455],[-0.093871,51.571462],[-0.093813,51.571481],[-0.093751,51.571501],[-0.0936,51.571551],[-0.09358,51.571557],[-0.093466,51.571594],[-0.09346,51.571596],[-0.092961,51.571759],[-0.092924,51.571718],[-0.092828,51.571612],[-0.092678,51.571576],[-0.092482,51.571528],[-0.09218,51.571456],[-0.092165,51.571452],[-0.091707,51.571741],[-0.091598,51.571891],[-0.091464,51.572072],[-0.091456,51.572083],[-0.091256,51.571635]]]}},{"type":"Feature","properties":{"LSOA21CD":"E01035640","LSOA21NM":"Hackney 020F","MEAN_PTAL_":"6a","mean_AI":26.0742976686,"borough":"Hackney"},"geometry":{"type":"Polygon","coordinates":[[[-0.067858,51.551149],[-0.06784,51.551116],[-0.067838,51.551113],[-0.067837,51.55111],[-0.06782,51.551049],[-0.06781,51.550995],[-0.067807,51.550972],[-0.067796,51.55091],[-0.067789,51.550864],[-0.067796,51.550845],[-0.067814,51.550803],[-0.067803,51.550739],[-0.067798,51.550716],[-0.067779,51.550687],[-0.067772,51.550676],[-0.067767,51.550639],[-0.067763,51.550611],[-0.067759,51.550585],[-0.067759,51.550583],[-0.067751,51.55053],[-0.067757,51.550519],[-0.067768,51.550496],[-0.067765,51.550456],[-0.067765,51.550446],[-0.067764,51.550431],[-0.067753,51.550404],[-0.06775,51.550396],[-0.067739,51.550368],[-0.067737,51.550364],[-0.067735,51.55036],[-0.067713,51.550318],[-0.067707,51.550276],[-0.067705,51.550265],[-0.067701,51.55024],[-0.067703,51.550197],[-0.067706,51.550192],[-0.067721,51.550167],[-0.067727,51.550158],[-0.067732,51.550148],[-0.067735,51.550095],[-0.067727,51.55001],[-0.067722,51.549943],[-0.067721,51.549936],[-0.06772,51.549922],[-0.06772,51.549917],[-0.067804,51.549913],[-0.067784,51.549773],[-0.067779,51.549736],[-0.06777,51.54968],[-0.067768,51.549667],[-0.067761,51.549618],[-0.067749,51.549534],[-0.067749,51.549531],[-0.067736,51.549446],[-0.067731,51.549411],[-0.06773,51.549407],[-0.067728,51.549393],[-0.067728,51.54939],[-0.067719,51.549329],[-0.067713,51.549284],[-0.067697,51.54918],[-0.067696,51.549173],[-0.067696,51.54917],[-0.06768,51.54906],[-0.067667,51.548968],[-0.067663,51.548947],[-0.067657,51.548902],[-0.067642,51.548802],[-0.067639,51.548779],[-0.067636,51.548762],[-0.067635,51.548755],[-0.067693,51.548758],[-0.067709,51.548759],[-0.067707,51.548731],[-0.067704,51.5487],[-0.067698,51.548687],[-0.06768,51.548648],[-0.067714,51.548645],[-0.067801,51.548636],[-0.067805,51.548635],[-0.067809,51.548594],[-0.06781,51.548589],[-0.067811,51.548573],[-0.067816,51.548524],[-0.067798,51.548481],[-0.06778,51.548437],[-0.067756,51.548438],[-0.067744,51.548438],[-0.067696,51.54844],[-0.067652,51.548275],[-0.067706,51.548268],[-0.067718,51.548267],[-0.06773,51.548266],[-0.067804,51.548258],[-0.067876,51.548251],[-0.067905,51.548248],[-0.067949,51.548243],[-0.067978,51.54824],[-0.068,51.548238],[-0.068016,51.548236],[-0.068088,51.548229],[-0.068126,51.548225],[-0.068178,51.548219],[-0.068222,51.548215],[-0.068261,51.548211],[-0.068391,51.548197],[-0.0684,51.548196],[-0.068423,51.548189],[-0.068438,51.548184],[-0.068469,51.548174],[-0.06851,51.548161],[-0.068526,51.548156],[-0.068565,51.548143],[-0.068623,51.548113],[-0.06868,51.548083],[-0.068687,51.548075],[-0.068705,51.548051],[-0.068721,51.548031],[-0.068739,51.548007],[-0.068744,51.547999],[-0.068758,51.547979],[-0.068779,51.547948],[-0.068829,51.547873],[-0.068893,51.547777],[-0.068954,51.547674],[-0.068958,51.547668],[-0.068968,51.547669],[-0.068979,51.547669],[-0.068988,51.547652],[-0.06901,51.547608],[-0.069013,51.547602],[-0.069051,51.547544],[-0.069141,51.547456],[-0.06917,51.547457],[-0.069213,51.547448],[-0.069217,51.547443],[-0.069228,51.547431],[-0.069229,51.547419],[-0.06923,51.547404],[-0.069358,51.547433],[-0.069369,51.547438],[-0.069393,51.54745],[-0.069445,51.547476],[-0.069471,51.547488],[-0.069484,51.547525],[-0.069429,51.547524],[-0.069459,51.547566],[-0.069569,51.547571],[-0.069724,51.547578],[-0.069794,51.547582],[-0.069772,51.547713],[-0.069717,51.548054],[-0.069716,51.548063],[-0.069715,51.548068],[-0.069748,51.548067],[-0.0698,51.548065],[-0.069849,51.548063],[-0.070039,51.548057],[-0.070082,51.548056],[-0.070096,51.548056],[-0.070117,51.548055],[-0.07026,51.548055],[-0.070744,51.548052],[-0.070861,51.548051],[-0.070862,51.548059],[-0.070863,51.548077],[-0.071276,51.548288],[-0.07129,51.548296],[-0.071404,51.548354],[-0.071493,51.548399],[-0.071622,51.548465],[-0.071626,51.548467],[-0.071674,51.548512],[-0.071707,51.548514],[-0.071772,51.548519],[-0.07184,51.54852],[-0.071914,51.54852],[-0.071983,51.548516],[-0.072017,51.548511],[-0.072039,51.548508],[-0.072103,51.548494],[-0.072145,51.548485],[-0.072157,51.548482],[-0.072259,51.548455],[-0.072271,51.548452],[-0.072357,51.548487],[-0.072364,51.548489],[-0.072418,51.548507],[-0.072442,51.548512],[-0.072549,51.548538],[-0.072566,51.548542],[-0.072574,51.548543],[-0.072608,51.548547],[-0.072651,51.54855],[-0.072656,51.54855],[-0.07279,51.54855],[-0.072845,51.548546],[-0.072852,51.548545],[-0.072876,51.548544],[-0.072945,51.548533],[-0.072959,51.548529],[-0.072974,51.54852],[-0.073069,51.548523],[-0.073096,51.548523],[-0.073266,51.548528],[-0.073277,51.548527],[-0.073307,51.548523],[-0.07332,51.548521],[-0.073332,51.548518],[-0.073338,51.548515],[-0.073383,51.548487],[-0.073393,51.548479],[-0.073482,51.548447],[-0.073559,51.54842],[-0.073566,51.548419],[-0.073609,51.548423],[-0.073657,51.548428],[-0.07382,51.548588],[-0.073831,51.548598],[-0.073838,51.548603],[-0.073843,51.548606],[-0.073858,51.548596],[-0.073897,51.548569],[-0.074017,51.548463],[-0.074109,51.548384],[-0.074151,51.548348],[-0.074157,51.548337],[-0.074198,51.548259],[-0.074227,51.54825],[-0.074257,51.548239],[-0.074261,51.548237],[-0.074272,51.548234],[-0.074275,51.548237],[-0.074315,51.548286],[-0.074354,51.548333],[-0.074367,51.54836],[-0.074368,51.548554],[-0.074368,51.548595],[-0.074369,51.548658],[-0.074496,51.548605],[-0.074687,51.548526],[-0.074683,51.548568],[-0.07465,51.548931],[-0.074646,51.548968],[-0.074645,51.548982],[-0.074622,51.549236],[-0.074616,51.549309],[-0.074485,51.549307],[-0.074298,51.549304],[-0.074282,51.549303],[-0.074241,51.549303],[-0.074264,51.549184],[-0.074238,51.549189],[-0.073998,51.54923],[-0.073944,51.549218],[-0.073883,51.549205],[-0.073706,51.549144],[-0.073602,51.549143],[-0.073494,51.549139],[-0.073413,51.549143],[-0.07339,51.549145],[-0.073361,51.549149],[-0.073327,51.549155],[-0.073303,51.549114],[-0.073183,51.548912],[-0.073173,51.548896],[-0.073171,51.548894],[-0.073129,51.548904],[-0.073103,51.548907],[-0.073088,51.548911],[-0.07306,51.548914],[-0.072987,51.548922],[-0.072966,51.548923],[-0.072942,51.548927],[-0.072916,51.548931],[-0.072962,51.549016],[-0.072972,51.549036],[-0.073076,51.549238],[-0.073079,51.549242],[-0.072954,51.549273],[-0.072771,51.549348],[-0.072732,51.549349],[-0.072723,51.549349],[-0.072663,51.54935],[-0.072637,51.549353],[-0.072521,51.549356],[-0.072451,51.549364],[-0.072445,51.549363],[-0.072438,51.549363],[-0.072415,51.549363],[-0.072391,51.549362],[-0.072341,51.549359],[-0.072322,51.549357],[-0.072317,51.549357],[-0.072202,51.549355],[-0.072173,51.549356],[-0.072147,51.549358],[-0.072139,51.549359],[-0.072016,51.549359],[-0.07201,51.549359],[-0.071983,51.549359],[-0.071933,51.549362],[-0.071909,51.549363],[-0.071899,51.549364],[-0.07182,51.549362],[-0.07177,51.549364],[-0.071759,51.549364],[-0.07173,51.549363],[-0.071726,51.549364],[-0.071626,51.549369],[-0.071618,51.549375],[-0.071549,51.549436],[-0.071519,51.549473],[-0.071496,51.549527],[-0.071493,51.549597],[-0.07156,51.549753],[-0.071563,51.549758],[-0.071517,51.549768],[-0.071418,51.549768],[-0.071408,51.549769],[-0.071247,51.549774],[-0.071068,51.549781],[-0.07106,51.549781],[-0.071019,51.54978],[-0.071017,51.549807],[-0.071025,51.549931],[-0.071026,51.549942],[-0.071026,51.549945],[-0.071044,51.550085],[-0.071048,51.550113],[-0.071054,51.550157],[-0.071056,51.550173],[-0.071238,51.550162],[-0.071381,51.550149],[-0.071391,51.550148],[-0.071436,51.550146],[-0.071547,51.550143],[-0.07158,51.550142],[-0.071627,51.550141],[-0.071711,51.550179],[-0.071721,51.550185],[-0.07173,51.550189],[-0.071751,51.550199],[-0.071794,51.550215],[-0.071843,51.550233],[-0.071842,51.55024],[-0.071837,51.550258],[-0.071832,51.550274],[-0.071831,51.550283],[-0.07183,51.550286],[-0.071838,51.550324],[-0.071839,51.550386],[-0.071842,51.550401],[-0.071842,51.550412],[-0.071842,51.550421],[-0.071849,51.550453],[-0.071861,51.550477],[-0.071875,51.550495],[-0.07189,51.550513],[-0.071911,51.550539],[-0.071928,51.550551],[-0.07194,51.55056],[-0.071947,51.550564],[-0.071997,51.55059],[-0.072013,51.550595],[-0.072046,51.550606],[-0.07222,51.55063],[-0.072226,51.550669],[-0.072025,51.550872],[-0.072012,51.550885],[-0.071995,51.550902],[-0.071896,51.550865],[-0.071783,51.550818],[-0.071751,51.550807],[-0.071582,51.550747],[-0.071569,51.550742],[-0.071545,51.550744],[-0.071481,51.55075],[-0.071257,51.550768],[-0.071147,51.550777],[-0.071067,51.550784],[-0.070958,51.550793],[-0.070846,51.550802],[-0.070542,51.550806],[-0.070519,51.550807],[-0.070504,51.550808],[-0.070487,51.550809],[-0.07039,51.550813],[-0.070266,51.550819],[-0.070253,51.55082],[-0.070174,51.550827],[-0.07013,51.55083],[-0.07008,51.550835],[-0.070038,51.550838],[-0.06994,51.550846],[-0.069882,51.550851],[-0.069802,51.550857],[-0.069729,51.550863],[-0.069697,51.550866],[-0.069617,51.550872],[-0.0695,51.550897],[-0.069317,51.550932],[-0.069308,51.550934],[-0.069238,51.550947],[-0.069087,51.550981],[-0.06886,51.551032],[-0.068831,51.551039],[-0.068699,51.551082],[-0.068597,51.551116],[-0.068511,51.55116],[-0.068498,51.551157],[-0.068499,51.551165],[-0.068493,51.551168],[-0.068353,51.551222],[-0.068244,51.551263],[-0.068009,51.551334],[-0.068007,51.551331],[-0.067858,51.551149]]]}},{"type":"Feature","properties":{"LSOA21CD":"E01035641","LSOA21NM":"Hackney 020G","MEAN_PTAL_":"6a","mean_AI":25.8795338553,"borough":"Hackney"},"geometry":{"type":"Polygon","coordinates":[[[-0.074368,51.548554],[-0.074367,51.54836],[-0.074354,51.548333],[-0.074315,51.548286],[-0.074275,51.548237],[-0.074272,51.548234],[-0.074261,51.548237],[-0.074257,51.548239],[-0.074227,51.54825],[-0.074198,51.548259],[-0.074157,51.548337],[-0.074151,51.548348],[-0.074109,51.548384],[-0.074017,51.548463],[-0.073897,51.548569],[-0.073858,51.548596],[-0.073843,51.548606],[-0.073838,51.548603],[-0.073831,51.548598],[-0.07382,51.548588],[-0.073657,51.548428],[-0.073609,51.548423],[-0.073566,51.548419],[-0.073559,51.54842],[-0.073482,51.548447],[-0.073393,51.548479],[-0.073383,51.548487],[-0.073338,51.548515],[-0.073332,51.548518],[-0.07332,51.548521],[-0.073307,51.548523],[-0.073277,51.548527],[-0.073266,51.548528],[-0.073096,51.548523],[-0.073069,51.548523],[-0.072974,51.54852],[-0.072959,51.548529],[-0.072945,51.548533],[-0.072876,51.548544],[-0.072852,51.548545],[-0.072845,51.548546],[-0.07279,51.54855],[-0.072656,51.54855],[-0.072651,51.54855],[-0.072608,51.548547],[-0.072574,51.548543],[-0.072566,51.548542],[-0.072549,51.548538],[-0.072442,51.548512],[-0.072418,51.548507],[-0.072364,51.548489],[-0.072357,51.548487],[-0.072271,51.548452],[-0.072259,51.548455],[-0.072157,51.548482],[-0.072145,51.548485],[-0.072103,51.548494],[-0.072039,51.548508],[-0.072017,51.548511],[-0.071983,51.548516],[-0.071914,51.54852],[-0.07184,51.54852],[-0.071772,51.548519],[-0.071707,51.548514],[-0.071674,51.548512],[-0.071626,51.548467],[-0.071622,51.548465],[-0.071493,51.548399],[-0.071404,51.548354],[-0.07129,51.548296],[-0.071276,51.548288],[-0.070863,51.548077],[-0.070862,51.548059],[-0.070861,51.548051],[-0.070744,51.548052],[-0.07026,51.548055],[-0.070117,51.548055],[-0.070096,51.548056],[-0.070082,51.548056],[-0.070039,51.548057],[-0.069849,51.548063],[-0.0698,51.548065],[-0.069748,51.548067],[-0.069715,51.548068],[-0.069716,51.548063],[-0.069717,51.548054],[-0.069772,51.547713],[-0.069794,51.547582],[-0.069724,51.547578],[-0.069569,51.547571],[-0.069459,51.547566],[-0.069429,51.547524],[-0.069484,51.547525],[-0.069471,51.547488],[-0.069445,51.547476],[-0.069393,51.54745],[-0.069369,51.547438],[-0.069358,51.547433],[-0.06923,51.547404],[-0.069229,51.547419],[-0.069228,51.547431],[-0.069217,51.547443],[-0.069213,51.547448],[-0.06917,51.547457],[-0.069141,51.547456],[-0.069051,51.547544],[-0.069013,51.547602],[-0.06901,51.547608],[-0.068988,51.547652],[-0.068979,51.547669],[-0.068968,51.547669],[-0.068958,51.547668],[-0.068962,51.547662],[-0.068968,51.547651],[-0.068955,51.54765],[-0.068939,51.547649],[-0.068363,51.547618],[-0.068411,51.547565],[-0.068422,51.547558],[-0.068732,51.547358],[-0.06874,51.547308],[-0.068734,51.547294],[-0.068677,51.547174],[-0.068684,51.547171],[-0.06873,51.547151],[-0.068747,51.547144],[-0.068764,51.547113],[-0.068821,51.547007],[-0.068838,51.546934],[-0.068834,51.546923],[-0.068815,51.546875],[-0.068804,51.54686],[-0.068803,51.546856],[-0.068848,51.546771],[-0.068851,51.546759],[-0.068853,51.546754],[-0.068853,51.546745],[-0.068845,51.546691],[-0.068838,51.546639],[-0.068841,51.546632],[-0.068853,51.546606],[-0.068866,51.546599],[-0.068872,51.546593],[-0.069105,51.546349],[-0.069147,51.546305],[-0.06916,51.546292],[-0.06917,51.54629],[-0.069405,51.546327],[-0.069462,51.546337],[-0.069491,51.546338],[-0.06954,51.546331],[-0.069549,51.54633],[-0.069561,51.546326],[-0.069585,51.546319],[-0.069607,51.546313],[-0.069594,51.546349],[-0.069578,51.54638],[-0.069639,51.546394],[-0.069666,51.5464],[-0.069689,51.546415],[-0.069716,51.546434],[-0.069821,51.546379],[-0.069895,51.546344],[-0.069924,51.546335],[-0.069997,51.54631],[-0.070056,51.546284],[-0.070143,51.546268],[-0.070184,51.546261],[-0.070419,51.546227],[-0.070359,51.546217],[-0.070061,51.546167],[-0.07,51.546157],[-0.070121,51.545948],[-0.070256,51.545866],[-0.070354,51.545838],[-0.070393,51.545849],[-0.07049,51.545846],[-0.070702,51.54588],[-0.070713,51.545885],[-0.07079,51.545925],[-0.070812,51.54594],[-0.070828,51.545941],[-0.070908,51.545944],[-0.07096,51.545946],[-0.071064,51.545958],[-0.071071,51.545959],[-0.071095,51.545964],[-0.0711,51.545965],[-0.071111,51.545967],[-0.071336,51.546027],[-0.071369,51.546036],[-0.071525,51.546086],[-0.071533,51.546088],[-0.071638,51.54604],[-0.07165,51.546034],[-0.071676,51.546022],[-0.071777,51.546029],[-0.071783,51.546029],[-0.071778,51.546133],[-0.071774,51.546242],[-0.071773,51.546267],[-0.071622,51.546265],[-0.071484,51.546263],[-0.071441,51.546262],[-0.071419,51.54645],[-0.071598,51.546463],[-0.071606,51.546464],[-0.07208,51.546497],[-0.07208,51.546515],[-0.072053,51.546668],[-0.072051,51.546678],[-0.072028,51.546807],[-0.072011,51.546907],[-0.071998,51.546979],[-0.071989,51.547029],[-0.072202,51.547158],[-0.072228,51.547174],[-0.072317,51.54717],[-0.07233,51.547172],[-0.072772,51.547256],[-0.073038,51.547306],[-0.073192,51.547281],[-0.073304,51.547263],[-0.073513,51.547266],[-0.073867,51.547272],[-0.073919,51.547278],[-0.073936,51.547295],[-0.074032,51.547389],[-0.074041,51.547399],[-0.07431,51.547734],[-0.074451,51.54778],[-0.074587,51.547826],[-0.075003,51.547964],[-0.075075,51.547987],[-0.075108,51.547998],[-0.075189,51.548091],[-0.075191,51.548127],[-0.075295,51.548131],[-0.07541,51.548134],[-0.075429,51.548135],[-0.075427,51.548156],[-0.075407,51.548303],[-0.075387,51.548449],[-0.07536,51.548448],[-0.07492,51.548429],[-0.074696,51.54842],[-0.074687,51.548526],[-0.074496,51.548605],[-0.074369,51.548658],[-0.074368,51.548595],[-0.074368,51.548554]]]}},{"type":"Feature","properties":{"LSOA21CD":"E01035642","LSOA21NM":"Hackney 025G","MEAN_PTAL_":"4","mean_AI":15.9475257608,"borough":"Hackney"},"geometry":{"type":"Polygon","coordinates":[[[-0.076728,51.538722],[-0.076732,51.538616],[-0.07674,51.538418],[-0.076748,51.538321],[-0.076752,51.538263],[-0.076753,51.538253],[-0.076754,51.538237],[-0.076769,51.538036],[-0.076769,51.538033],[-0.076771,51.538],[-0.076778,51.537902],[-0.076786,51.537798],[-0.076787,51.537787],[-0.076791,51.537727],[-0.076794,51.537609],[-0.076795,51.537554],[-0.076795,51.537551],[-0.076796,51.537468],[-0.076797,51.537465],[-0.076797,51.537423],[-0.076797,51.537419],[-0.076799,51.537361],[-0.0768,51.53727],[-0.076801,51.537223],[-0.076802,51.537167],[-0.076805,51.537055],[-0.076805,51.537006],[-0.076806,51.537002],[-0.076806,51.536963],[-0.076809,51.536808],[-0.076813,51.536755],[-0.076818,51.536697],[-0.07682,51.53667],[-0.07683,51.536541],[-0.076872,51.536542],[-0.077456,51.536699],[-0.077486,51.536707],[-0.077498,51.53671],[-0.078183,51.536895],[-0.078696,51.536697],[-0.078798,51.536477],[-0.079221,51.536313],[-0.079238,51.536314],[-0.079934,51.536381],[-0.080135,51.5364],[-0.08022,51.536408],[-0.080342,51.53642],[-0.080333,51.536432],[-0.080251,51.53655],[-0.080134,51.536716],[-0.08,51.536766],[-0.079847,51.536823],[-0.079791,51.536831],[-0.079366,51.536895],[-0.079297,51.53693],[-0.079055,51.537055],[-0.079094,51.537085],[-0.079294,51.537236],[-0.079638,51.537272],[-0.079662,51.537275],[-0.079784,51.537287],[-0.079809,51.53729],[-0.079913,51.537304],[-0.079931,51.537306],[-0.080096,51.537327],[-0.080118,51.53733],[-0.080247,51.537347],[-0.080226,51.537531],[-0.080222,51.537564],[-0.080215,51.537629],[-0.08021,51.53767],[-0.080209,51.537682],[-0.080117,51.537676],[-0.080109,51.537731],[-0.080106,51.53775],[-0.080104,51.537758],[-0.080093,51.53783],[-0.080073,51.53795],[-0.080058,51.538049],[-0.080041,51.53815],[-0.080029,51.538224],[-0.080029,51.538226],[-0.080006,51.538372],[-0.079999,51.538412],[-0.07964,51.538495],[-0.079639,51.53851],[-0.079629,51.538632],[-0.079628,51.538641],[-0.079014,51.538814],[-0.079008,51.538816],[-0.079003,51.538812],[-0.078831,51.538703],[-0.078807,51.538783],[-0.07875,51.538976],[-0.078708,51.539115],[-0.078705,51.539126],[-0.078562,51.539108],[-0.078468,51.539102],[-0.078452,51.539101],[-0.078306,51.539093],[-0.078212,51.539088],[-0.078203,51.539087],[-0.07786,51.539067],[-0.077738,51.539061],[-0.07767,51.539057],[-0.077481,51.539046],[-0.077334,51.539037],[-0.07732,51.539037],[-0.077036,51.53902],[-0.076785,51.539006],[-0.076717,51.539002],[-0.076728,51.538731],[-0.076728,51.538722]]]}},{"type":"Feature","properties":{"LSOA21CD":"E01035643","LSOA21NM":"Hackney 025H","MEAN_PTAL_":"3","mean_AI":10.9031905493,"borough":"Hackney"},"geometry":{"type":"Polygon","coordinates":[[[-0.08529,51.540689],[-0.084771,51.540615],[-0.084758,51.540614],[-0.084768,51.54061],[-0.084773,51.540608],[-0.084781,51.540605],[-0.084895,51.540383],[-0.084857,51.540306],[-0.084847,51.540286],[-0.08461,51.540304],[-0.0846,51.540304],[-0.084559,51.540301],[-0.084554,51.540301],[-0.084487,51.540289],[-0.084467,51.540283],[-0.084442,51.540277],[-0.084427,51.540274],[-0.084415,51.540271],[-0.084369,51.54025],[-0.084361,51.540248],[-0.084355,51.540247],[-0.084328,51.540244],[-0.084309,51.540241],[-0.084284,51.540242],[-0.084268,51.54024],[-0.084208,51.540231],[-0.084179,51.540227],[-0.084067,51.540194],[-0.08406,51.540193],[-0.084035,51.540207],[-0.084025,51.540212],[-0.083921,51.540297],[-0.083917,51.540299],[-0.083885,51.540444],[-0.083884,51.540452],[-0.08394,51.540495],[-0.083942,51.540497],[-0.083937,51.540497],[-0.08357,51.540445],[-0.083476,51.54043],[-0.083468,51.540429],[-0.083476,51.540421],[-0.083464,51.54036],[-0.08349,51.540282],[-0.083446,51.540275],[-0.083436,51.540274],[-0.083439,51.540262],[-0.083456,51.540199],[-0.083473,51.540139],[-0.083487,51.540085],[-0.083504,51.540025],[-0.083507,51.540014],[-0.083526,51.539943],[-0.083535,51.539912],[-0.083554,51.539839],[-0.083611,51.539632],[-0.083657,51.539464],[-0.08367,51.539416],[-0.083673,51.539413],[-0.083687,51.539322],[-0.083691,51.539294],[-0.083737,51.538942],[-0.083819,51.538948],[-0.083819,51.538928],[-0.083819,51.538907],[-0.083819,51.538829],[-0.083819,51.538808],[-0.083819,51.538759],[-0.083819,51.538752],[-0.083897,51.538707],[-0.083908,51.538697],[-0.08391,51.538694],[-0.083916,51.538689],[-0.083931,51.538679],[-0.083969,51.53866],[-0.084276,51.538511],[-0.084406,51.538447],[-0.084292,51.538287],[-0.084475,51.538167],[-0.084483,51.538162],[-0.084548,51.538167],[-0.084622,51.538173],[-0.08466,51.538176],[-0.084731,51.538181],[-0.084788,51.538199],[-0.084807,51.538205],[-0.084927,51.538243],[-0.084978,51.538248],[-0.085349,51.538287],[-0.085474,51.5383],[-0.085489,51.538287],[-0.085553,51.538253],[-0.085733,51.538157],[-0.085692,51.538107],[-0.085662,51.538067],[-0.085655,51.538058],[-0.085613,51.537983],[-0.085534,51.537843],[-0.085423,51.537644],[-0.085273,51.537597],[-0.085158,51.537577],[-0.084897,51.537614],[-0.084885,51.537617],[-0.084603,51.537677],[-0.084588,51.537681],[-0.08458,51.537683],[-0.084238,51.537597],[-0.083897,51.537511],[-0.083776,51.537376],[-0.083772,51.537374],[-0.083868,51.537189],[-0.083912,51.537104],[-0.083992,51.536951],[-0.084063,51.536902],[-0.084091,51.536883],[-0.084094,51.536746],[-0.084095,51.536699],[-0.084068,51.536697],[-0.084034,51.536694],[-0.083674,51.536663],[-0.083333,51.536651],[-0.083234,51.536641],[-0.08324,51.536633],[-0.083236,51.536596],[-0.083242,51.536592],[-0.083993,51.536106],[-0.083985,51.536095],[-0.08394,51.536035],[-0.083757,51.535988],[-0.083658,51.53596],[-0.083326,51.535866],[-0.083168,51.535821],[-0.08276,51.535705],[-0.082646,51.535673],[-0.082609,51.535672],[-0.082573,51.535663],[-0.082533,51.535627],[-0.082492,51.53559],[-0.082487,51.535583],[-0.082462,51.535577],[-0.082463,51.535553],[-0.082458,51.535532],[-0.082451,51.535508],[-0.082528,51.535383],[-0.082552,51.535365],[-0.082632,51.535304],[-0.082698,51.535234],[-0.082783,51.535143],[-0.082796,51.535129],[-0.082799,51.535127],[-0.082839,51.535068],[-0.08286,51.535038],[-0.082894,51.534922],[-0.082893,51.5349],[-0.083364,51.534904],[-0.083638,51.534907],[-0.083684,51.534908],[-0.084199,51.534909],[-0.08425,51.53491],[-0.084715,51.534911],[-0.085365,51.534913],[-0.085373,51.534913],[-0.085493,51.534914],[-0.085864,51.534915],[-0.085929,51.534914],[-0.085944,51.534914],[-0.08597,51.534913],[-0.086411,51.534908],[-0.086415,51.534943],[-0.086429,51.535061],[-0.086434,51.535102],[-0.086435,51.53511],[-0.086463,51.535344],[-0.086486,51.535529],[-0.086488,51.535549],[-0.086489,51.535556],[-0.086506,51.535725],[-0.086512,51.53578],[-0.08653,51.535896],[-0.086542,51.53597],[-0.086558,51.536071],[-0.086564,51.536109],[-0.086564,51.536115],[-0.086511,51.536114],[-0.086461,51.536113],[-0.086373,51.536112],[-0.086184,51.536108],[-0.086141,51.536108],[-0.085766,51.536102],[-0.085724,51.536101],[-0.085527,51.536431],[-0.085513,51.536455],[-0.08551,51.536464],[-0.085509,51.536469],[-0.085514,51.536473],[-0.085535,51.536489],[-0.085575,51.536519],[-0.085756,51.536655],[-0.085564,51.536799],[-0.08556,51.536802],[-0.085671,51.536807],[-0.085717,51.536809],[-0.08598,51.536818],[-0.085993,51.536819],[-0.086184,51.536826],[-0.086402,51.537089],[-0.08644,51.537091],[-0.08645,51.537102],[-0.086556,51.537097],[-0.086567,51.537097],[-0.086594,51.537098],[-0.086575,51.53723],[-0.086576,51.537253],[-0.086594,51.53725],[-0.086592,51.537257],[-0.086582,51.537287],[-0.086571,51.537322],[-0.08657,51.537338],[-0.086554,51.537401],[-0.086552,51.537405],[-0.086522,51.537438],[-0.086457,51.537525],[-0.086443,51.537544],[-0.086437,51.537553],[-0.086422,51.537599],[-0.086413,51.537627],[-0.086379,51.537733],[-0.086202,51.538212],[-0.086155,51.53834],[-0.08615,51.538355],[-0.086144,51.538371],[-0.086142,51.538377],[-0.086138,51.538385],[-0.086114,51.538452],[-0.086059,51.538601],[-0.086009,51.538735],[-0.085966,51.538865],[-0.085922,51.538995],[-0.085897,51.539068],[-0.085856,51.539191],[-0.085836,51.539249],[-0.085822,51.539289],[-0.08581,51.539326],[-0.085807,51.539336],[-0.08578,51.539415],[-0.085742,51.539527],[-0.085684,51.5397],[-0.085668,51.539748],[-0.085661,51.539769],[-0.085658,51.539779],[-0.085656,51.539783],[-0.085632,51.539861],[-0.085625,51.539883],[-0.085597,51.539973],[-0.085568,51.540065],[-0.085563,51.54008],[-0.085558,51.540095],[-0.085552,51.540114],[-0.085516,51.54023],[-0.085515,51.540232],[-0.085513,51.540237],[-0.085501,51.540277],[-0.085494,51.540298],[-0.08548,51.540343],[-0.085469,51.540377],[-0.085441,51.540448],[-0.085425,51.540487],[-0.08537,51.540625],[-0.085345,51.540686],[-0.085294,51.540679],[-0.085292,51.540684],[-0.08529,51.540689]]]}},{"type":"Feature","properties":{"LSOA21CD":"E01035644","LSOA21NM":"Hackney 025I","MEAN_PTAL_":"2","mean_AI":7.86988065873,"borough":"Hackney"},"geometry":{"type":"Polygon","coordinates":[[[-0.086592,51.537257],[-0.086594,51.53725],[-0.086576,51.537253],[-0.086575,51.53723],[-0.086594,51.537098],[-0.086567,51.537097],[-0.086556,51.537097],[-0.08645,51.537102],[-0.08644,51.537091],[-0.086402,51.537089],[-0.086184,51.536826],[-0.085993,51.536819],[-0.08598,51.536818],[-0.085717,51.536809],[-0.085671,51.536807],[-0.08556,51.536802],[-0.085564,51.536799],[-0.085756,51.536655],[-0.085575,51.536519],[-0.085535,51.536489],[-0.085514,51.536473],[-0.085509,51.536469],[-0.08551,51.536464],[-0.085513,51.536455],[-0.085527,51.536431],[-0.085724,51.536101],[-0.085766,51.536102],[-0.086141,51.536108],[-0.086184,51.536108],[-0.086373,51.536112],[-0.086461,51.536113],[-0.086511,51.536114],[-0.086564,51.536115],[-0.086564,51.536109],[-0.086649,51.536084],[-0.086676,51.536077],[-0.086742,51.536058],[-0.087034,51.535974],[-0.087102,51.535955],[-0.08717,51.535935],[-0.087188,51.53593],[-0.087222,51.53592],[-0.087313,51.535895],[-0.0875,51.535839],[-0.08751,51.535836],[-0.087516,51.535834],[-0.087534,51.535829],[-0.087547,51.535825],[-0.087621,51.535803],[-0.087627,51.535802],[-0.087674,51.535788],[-0.087692,51.535783],[-0.087702,51.53578],[-0.087846,51.535737],[-0.087948,51.535707],[-0.088797,51.535465],[-0.089128,51.53537],[-0.08915,51.535364],[-0.089158,51.535374],[-0.089269,51.535507],[-0.089678,51.536003],[-0.089664,51.53601],[-0.089511,51.536089],[-0.089505,51.536092],[-0.089475,51.536107],[-0.089425,51.536133],[-0.089356,51.536169],[-0.089115,51.536294],[-0.089017,51.536346],[-0.08895,51.536381],[-0.088836,51.536442],[-0.088636,51.536549],[-0.088561,51.536587],[-0.088492,51.536621],[-0.088428,51.536653],[-0.088404,51.536665],[-0.088316,51.536709],[-0.088269,51.536733],[-0.088172,51.536781],[-0.088073,51.53683],[-0.088061,51.536836],[-0.088016,51.536858],[-0.087967,51.536883],[-0.087785,51.536972],[-0.087675,51.537027],[-0.087591,51.537059],[-0.087578,51.537064],[-0.087528,51.537084],[-0.087385,51.53714],[-0.087234,51.537178],[-0.087133,51.537203],[-0.08706,51.537221],[-0.086988,51.537235],[-0.086927,51.537246],[-0.086893,51.537252],[-0.086791,51.537271],[-0.086592,51.537257]]]}},{"type":"Feature","properties":{"LSOA21CD":"E01035645","LSOA21NM":"Hackney 025J","MEAN_PTAL_":"3","mean_AI":13.5483031267,"borough":"Hackney"},"geometry":{"type":"Polygon","coordinates":[[[-0.076841,51.536388],[-0.076857,51.536178],[-0.07686,51.536143],[-0.076866,51.536058],[-0.076867,51.536047],[-0.07687,51.536013],[-0.07687,51.536003],[-0.076879,51.535888],[-0.076885,51.535811],[-0.076887,51.535778],[-0.07689,51.535745],[-0.076892,51.535714],[-0.076898,51.535632],[-0.0769,51.53561],[-0.076901,51.535595],[-0.076902,51.535585],[-0.076904,51.535556],[-0.076911,51.535471],[-0.076919,51.535364],[-0.07692,51.535345],[-0.077145,51.535349],[-0.07735,51.535335],[-0.077401,51.535376],[-0.077736,51.535438],[-0.077744,51.535431],[-0.077925,51.535282],[-0.077828,51.535199],[-0.077836,51.535179],[-0.078149,51.535156],[-0.07819,51.535122],[-0.07832,51.535017],[-0.078384,51.534965],[-0.078388,51.534967],[-0.078443,51.534991],[-0.078761,51.53513],[-0.07877,51.535184],[-0.078767,51.535258],[-0.078726,51.535289],[-0.078771,51.535302],[-0.078836,51.53532],[-0.07911,51.535089],[-0.079152,51.535087],[-0.079171,51.535086],[-0.079558,51.53507],[-0.079716,51.535063],[-0.079769,51.535061],[-0.079774,51.535063],[-0.079803,51.535075],[-0.07991,51.535052],[-0.079934,51.535046],[-0.080093,51.535011],[-0.080194,51.534989],[-0.080199,51.534991],[-0.08025,51.535046],[-0.08036,51.535165],[-0.080366,51.535171],[-0.080401,51.535209],[-0.080413,51.535222],[-0.080463,51.535275],[-0.080478,51.535291],[-0.080438,51.535346],[-0.080415,51.535377],[-0.080368,51.535442],[-0.080338,51.535482],[-0.080361,51.535483],[-0.080382,51.535488],[-0.080488,51.535517],[-0.080504,51.535521],[-0.080509,51.535523],[-0.080589,51.535549],[-0.080639,51.535566],[-0.080646,51.535568],[-0.080708,51.535589],[-0.080866,51.535641],[-0.080922,51.53566],[-0.080959,51.535636],[-0.080998,51.53557],[-0.081032,51.535513],[-0.081045,51.535491],[-0.08108,51.535484],[-0.081177,51.535464],[-0.081653,51.535367],[-0.081652,51.535359],[-0.08165,51.535349],[-0.081639,51.535287],[-0.081856,51.534953],[-0.082765,51.535123],[-0.082796,51.535129],[-0.082783,51.535143],[-0.082698,51.535234],[-0.082632,51.535304],[-0.082552,51.535365],[-0.082528,51.535383],[-0.082451,51.535508],[-0.082458,51.535532],[-0.082463,51.535553],[-0.082462,51.535577],[-0.082487,51.535583],[-0.082492,51.53559],[-0.082533,51.535627],[-0.082573,51.535663],[-0.082609,51.535672],[-0.082646,51.535673],[-0.08276,51.535705],[-0.083168,51.535821],[-0.083326,51.535866],[-0.083658,51.53596],[-0.083757,51.535988],[-0.08394,51.536035],[-0.083985,51.536095],[-0.083993,51.536106],[-0.083242,51.536592],[-0.083236,51.536596],[-0.08324,51.536633],[-0.083234,51.536641],[-0.083169,51.536728],[-0.083165,51.536732],[-0.082405,51.536671],[-0.0824,51.536671],[-0.082133,51.536472],[-0.082019,51.536509],[-0.081915,51.53647],[-0.081909,51.536467],[-0.081887,51.536569],[-0.081858,51.536566],[-0.081852,51.53656],[-0.081851,51.536565],[-0.081839,51.536564],[-0.081586,51.536545],[-0.081513,51.536539],[-0.081513,51.536532],[-0.081507,51.536532],[-0.081368,51.536518],[-0.081242,51.536506],[-0.081132,51.536496],[-0.08111,51.536493],[-0.080882,51.536471],[-0.080866,51.53647],[-0.080342,51.53642],[-0.08022,51.536408],[-0.080135,51.5364],[-0.079934,51.536381],[-0.079238,51.536314],[-0.079221,51.536313],[-0.078798,51.536477],[-0.078696,51.536697],[-0.078183,51.536895],[-0.077498,51.53671],[-0.077486,51.536707],[-0.077456,51.536699],[-0.076872,51.536542],[-0.07683,51.536541],[-0.076831,51.536525],[-0.076835,51.536472],[-0.076839,51.536413],[-0.076841,51.536388]]]}},{"type":"Feature","properties":{"LSOA21CD":"E01035646","LSOA21NM":"Hackney 026E","MEAN_PTAL_":"2","mean_AI":8.72918973056,"borough":"Hackney"},"geometry":{"type":"Polygon","coordinates":[[[-0.089158,51.535374],[-0.08915,51.535364],[-0.089128,51.53537],[-0.089162,51.535357],[-0.088898,51.535017],[-0.088752,51.534828],[-0.088521,51.534512],[-0.088533,51.534509],[-0.088677,51.534477],[-0.088918,51.534285],[-0.089072,51.534162],[-0.089357,51.534216],[-0.089136,51.533926],[-0.08908,51.533872],[-0.088933,51.533675],[-0.088889,51.533617],[-0.089074,51.533561],[-0.089226,51.533527],[-0.089399,51.533481],[-0.089462,51.533462],[-0.089758,51.533373],[-0.089881,51.533336],[-0.090215,51.533235],[-0.090318,51.533205],[-0.090329,51.533201],[-0.090334,51.5332],[-0.090329,51.533193],[-0.090331,51.533167],[-0.090304,51.533148],[-0.090294,51.533141],[-0.090254,51.533113],[-0.090252,51.53311],[-0.090245,51.5331],[-0.090263,51.533095],[-0.090291,51.533087],[-0.090339,51.533074],[-0.090768,51.532949],[-0.090857,51.532923],[-0.091301,51.532793],[-0.09168,51.53264],[-0.091683,51.532634],[-0.091755,51.532491],[-0.091768,51.532476],[-0.091784,51.532459],[-0.091794,51.532452],[-0.091823,51.532434],[-0.091828,51.532431],[-0.0919,51.532408],[-0.091916,51.5324],[-0.091949,51.532383],[-0.091959,51.532372],[-0.091994,51.532334],[-0.091998,51.532331],[-0.092032,51.532257],[-0.092041,51.532221],[-0.092042,51.532216],[-0.092051,51.532219],[-0.092055,51.53222],[-0.092063,51.532222],[-0.09227,51.532243],[-0.092363,51.532238],[-0.092374,51.532234],[-0.092426,51.532216],[-0.092559,51.532139],[-0.092572,51.532122],[-0.092619,51.532058],[-0.092609,51.532054],[-0.092527,51.532023],[-0.092505,51.532014],[-0.092479,51.532001],[-0.092474,51.531998],[-0.09241,51.531952],[-0.092396,51.531937],[-0.092384,51.531925],[-0.092375,51.531915],[-0.092369,51.531905],[-0.092341,51.531858],[-0.092285,51.531763],[-0.092283,51.53176],[-0.092263,51.531726],[-0.092239,51.531701],[-0.092473,51.531528],[-0.092518,51.531522],[-0.092525,51.531521],[-0.092569,51.531517],[-0.092828,51.531487],[-0.092844,51.531554],[-0.092856,51.531603],[-0.092865,51.531645],[-0.092877,51.531694],[-0.092876,51.531706],[-0.092876,51.531712],[-0.092876,51.531716],[-0.092877,51.531722],[-0.092878,51.531742],[-0.092884,51.531865],[-0.092884,51.531883],[-0.092914,51.531975],[-0.092921,51.531995],[-0.092932,51.532028],[-0.092935,51.532037],[-0.092958,51.532102],[-0.09303,51.532093],[-0.093224,51.532069],[-0.093292,51.532065],[-0.093469,51.532322],[-0.093669,51.53261],[-0.093924,51.53257],[-0.094167,51.532532],[-0.094193,51.532525],[-0.094359,51.532482],[-0.094382,51.532585],[-0.094388,51.532599],[-0.094449,51.53263],[-0.09485,51.532839],[-0.094853,51.532842],[-0.095095,51.53308],[-0.095245,51.533228],[-0.095254,51.533238],[-0.094274,51.533231],[-0.094253,51.53336],[-0.093811,51.533518],[-0.093797,51.533523],[-0.093881,51.533618],[-0.093953,51.533698],[-0.094183,51.533958],[-0.093961,51.534039],[-0.093873,51.534076],[-0.09379,51.534111],[-0.093341,51.5343],[-0.093258,51.534335],[-0.093253,51.534337],[-0.093078,51.534417],[-0.092986,51.534459],[-0.092972,51.534465],[-0.092966,51.534468],[-0.092859,51.534517],[-0.092855,51.534519],[-0.092838,51.534526],[-0.092811,51.534539],[-0.092762,51.534561],[-0.092733,51.534574],[-0.092682,51.534598],[-0.092672,51.534602],[-0.092662,51.534607],[-0.092645,51.534615],[-0.092534,51.534665],[-0.092528,51.534668],[-0.092522,51.534671],[-0.092475,51.534693],[-0.092446,51.534708],[-0.092393,51.534733],[-0.092321,51.534768],[-0.092309,51.534774],[-0.092305,51.534776],[-0.092256,51.5348],[-0.092199,51.534827],[-0.092122,51.534865],[-0.092104,51.534874],[-0.092085,51.534883],[-0.092063,51.534894],[-0.092016,51.534916],[-0.091996,51.534926],[-0.091972,51.534938],[-0.091955,51.534946],[-0.091908,51.534969],[-0.09176,51.535042],[-0.091692,51.535075],[-0.091642,51.535099],[-0.091587,51.535127],[-0.091572,51.535134],[-0.091562,51.535139],[-0.09153,51.535154],[-0.091481,51.535178],[-0.09139,51.535222],[-0.091368,51.535233],[-0.091348,51.535243],[-0.091291,51.535268],[-0.091212,51.535302],[-0.091146,51.535331],[-0.091128,51.535338],[-0.091102,51.53535],[-0.091099,51.535351],[-0.091095,51.535353],[-0.091074,51.535362],[-0.09103,51.535381],[-0.090944,51.535419],[-0.090922,51.535428],[-0.090898,51.535439],[-0.090863,51.535454],[-0.090859,51.535456],[-0.090802,51.53548],[-0.090774,51.535493],[-0.090758,51.5355],[-0.090752,51.535502],[-0.090747,51.535505],[-0.090693,51.535531],[-0.090647,51.535554],[-0.090639,51.535558],[-0.090603,51.535576],[-0.090591,51.535582],[-0.09054,51.535607],[-0.090493,51.53563],[-0.090453,51.53565],[-0.09043,51.535661],[-0.09041,51.535671],[-0.090375,51.535689],[-0.090325,51.535713],[-0.090289,51.535731],[-0.090231,51.53576],[-0.090203,51.535772],[-0.090194,51.535776],[-0.090144,51.535798],[-0.090118,51.535809],[-0.090106,51.535815],[-0.0901,51.535817],[-0.090092,51.535821],[-0.089758,51.535967],[-0.089685,51.535999],[-0.089678,51.536003],[-0.089269,51.535507],[-0.089158,51.535374]]]}},{"type":"Feature","properties":{"LSOA21CD":"E01035647","LSOA21NM":"Hackney 026F","MEAN_PTAL_":"2","mean_AI":8.97563046674,"borough":"Hackney"},"geometry":{"type":"Polygon","coordinates":[[[-0.094183,51.533958],[-0.093953,51.533698],[-0.093881,51.533618],[-0.093797,51.533523],[-0.093811,51.533518],[-0.094253,51.53336],[-0.094274,51.533231],[-0.095254,51.533238],[-0.095245,51.533228],[-0.095095,51.53308],[-0.094853,51.532842],[-0.09485,51.532839],[-0.094449,51.53263],[-0.094388,51.532599],[-0.094382,51.532585],[-0.094359,51.532482],[-0.094367,51.532313],[-0.094392,51.532227],[-0.094394,51.532221],[-0.094459,51.532068],[-0.094501,51.531996],[-0.094344,51.531781],[-0.094326,51.531753],[-0.094195,51.531554],[-0.094155,51.531481],[-0.094155,51.531463],[-0.094444,51.531384],[-0.094605,51.531341],[-0.094677,51.531321],[-0.094699,51.531315],[-0.094876,51.531268],[-0.094984,51.531239],[-0.094809,51.530845],[-0.094793,51.530807],[-0.094818,51.530801],[-0.095409,51.530649],[-0.095498,51.530789],[-0.095697,51.531069],[-0.095778,51.531183],[-0.095786,51.531193],[-0.095797,51.531209],[-0.095869,51.53131],[-0.095925,51.531395],[-0.095947,51.531429],[-0.095977,51.531474],[-0.096058,51.531596],[-0.096065,51.531607],[-0.096091,51.531645],[-0.096095,51.531652],[-0.096105,51.531667],[-0.096205,51.531818],[-0.096208,51.531823],[-0.096235,51.531863],[-0.096304,51.531963],[-0.096338,51.532013],[-0.096346,51.532024],[-0.096373,51.532063],[-0.096385,51.532081],[-0.096436,51.532154],[-0.09645,51.532174],[-0.096467,51.532199],[-0.09647,51.532203],[-0.096473,51.532208],[-0.096572,51.532352],[-0.096689,51.532521],[-0.096801,51.532683],[-0.096848,51.532751],[-0.096872,51.532785],[-0.097007,51.532983],[-0.096526,51.533112],[-0.0961,51.533247],[-0.09515,51.533589],[-0.095021,51.533636],[-0.095024,51.533706],[-0.094951,51.533734],[-0.094919,51.533746],[-0.094815,51.533785],[-0.094608,51.533864],[-0.094528,51.533894],[-0.094459,51.533857],[-0.09431,51.533911],[-0.094201,51.533951],[-0.094183,51.533958]]]}},{"type":"Feature","properties":{"LSOA21CD":"E01035648","LSOA21NM":"Hackney 026G","MEAN_PTAL_":"4","mean_AI":18.8548660935,"borough":"Hackney"},"geometry":{"type":"Polygon","coordinates":[[[-0.090906,51.53234],[-0.090765,51.532151],[-0.090536,51.531846],[-0.090552,51.531785],[-0.090559,51.531755],[-0.090618,51.531629],[-0.090634,51.531592],[-0.090756,51.531324],[-0.090749,51.531311],[-0.090689,51.531205],[-0.090432,51.531112],[-0.090274,51.531054],[-0.090266,51.531051],[-0.090234,51.53104],[-0.09018,51.531051],[-0.090163,51.531054],[-0.090149,51.531066],[-0.089815,51.531104],[-0.089531,51.531136],[-0.089537,51.53116],[-0.089322,51.531181],[-0.089272,51.531006],[-0.089257,51.53097],[-0.089231,51.530905],[-0.089224,51.530889],[-0.08922,51.530878],[-0.089177,51.53073],[-0.089174,51.530717],[-0.089144,51.530615],[-0.089132,51.530572],[-0.089104,51.530487],[-0.089055,51.530337],[-0.088958,51.530051],[-0.088946,51.530017],[-0.089163,51.529984],[-0.08952,51.529928],[-0.089562,51.529923],[-0.089811,51.529893],[-0.089905,51.529883],[-0.089909,51.529884],[-0.089922,51.529929],[-0.089931,51.529932],[-0.08994,51.529935],[-0.090184,51.529894],[-0.090304,51.529873],[-0.090676,51.52981],[-0.09092,51.530074],[-0.091038,51.530203],[-0.091164,51.530215],[-0.09118,51.530216],[-0.091245,51.53022],[-0.091274,51.53022],[-0.091314,51.530221],[-0.091333,51.53023],[-0.091354,51.530239],[-0.091439,51.530275],[-0.091476,51.530288],[-0.091495,51.530294],[-0.091604,51.530324],[-0.09164,51.530331],[-0.091659,51.530333],[-0.091676,51.530335],[-0.091731,51.530341],[-0.091741,51.530341],[-0.091989,51.530342],[-0.092055,51.53048],[-0.092074,51.530539],[-0.092221,51.530522],[-0.092225,51.530521],[-0.092266,51.530516],[-0.092269,51.530516],[-0.092409,51.5305],[-0.092459,51.530494],[-0.09248,51.530492],[-0.092472,51.530476],[-0.092464,51.530462],[-0.092457,51.530449],[-0.092427,51.530392],[-0.092402,51.530311],[-0.092394,51.530293],[-0.092386,51.530288],[-0.09237,51.530235],[-0.092349,51.530184],[-0.092347,51.530176],[-0.092299,51.530003],[-0.092297,51.529996],[-0.092275,51.529921],[-0.092302,51.52992],[-0.09255,51.529804],[-0.092639,51.529763],[-0.092735,51.529779],[-0.092741,51.529783],[-0.09275,51.52979],[-0.092814,51.529815],[-0.092898,51.529844],[-0.09301,51.529876],[-0.093048,51.529885],[-0.093157,51.52987],[-0.093184,51.529866],[-0.093183,51.529883],[-0.093194,51.529973],[-0.093197,51.529983],[-0.093252,51.530197],[-0.093242,51.530198],[-0.093039,51.530222],[-0.09309,51.530403],[-0.09314,51.530549],[-0.093143,51.530559],[-0.093244,51.530853],[-0.093119,51.530867],[-0.093126,51.53091],[-0.093191,51.531025],[-0.093193,51.531027],[-0.093199,51.531033],[-0.093214,51.531057],[-0.093238,51.531087],[-0.09328,51.531122],[-0.093271,51.531179],[-0.093271,51.531226],[-0.093277,51.531258],[-0.092796,51.531325],[-0.092817,51.531431],[-0.092828,51.531487],[-0.092569,51.531517],[-0.092525,51.531521],[-0.092518,51.531522],[-0.092473,51.531528],[-0.092239,51.531701],[-0.092263,51.531726],[-0.092283,51.53176],[-0.092285,51.531763],[-0.092341,51.531858],[-0.092369,51.531905],[-0.092375,51.531915],[-0.092384,51.531925],[-0.092396,51.531937],[-0.09241,51.531952],[-0.092474,51.531998],[-0.092479,51.532001],[-0.092505,51.532014],[-0.092527,51.532023],[-0.092609,51.532054],[-0.092619,51.532058],[-0.092572,51.532122],[-0.092559,51.532139],[-0.092426,51.532216],[-0.092374,51.532234],[-0.092363,51.532238],[-0.09227,51.532243],[-0.092063,51.532222],[-0.092055,51.53222],[-0.092051,51.532219],[-0.092042,51.532216],[-0.092041,51.532221],[-0.092032,51.532257],[-0.091998,51.532331],[-0.091994,51.532334],[-0.091959,51.532372],[-0.091949,51.532383],[-0.091916,51.5324],[-0.0919,51.532408],[-0.091828,51.532431],[-0.091823,51.532434],[-0.091794,51.532452],[-0.091784,51.532459],[-0.091768,51.532476],[-0.091755,51.532491],[-0.091683,51.532634],[-0.09168,51.53264],[-0.091301,51.532793],[-0.091328,51.532722],[-0.091139,51.532454],[-0.091135,51.532452],[-0.091021,51.532404],[-0.090924,51.532364],[-0.090906,51.53234]]]}},{"type":"Feature","properties":{"LSOA21CD":"E01035650","LSOA21NM":"Hackney 031C","MEAN_PTAL_":"4","mean_AI":18.5311848365,"borough":"Hackney"},"geometry":{"type":"Polygon","coordinates":[[[-0.069919,51.543044],[-0.069934,51.542689],[-0.069938,51.542577],[-0.069939,51.542568],[-0.069942,51.542487],[-0.069946,51.542436],[-0.069955,51.542328],[-0.070115,51.542348],[-0.070334,51.542236],[-0.070338,51.542234],[-0.070858,51.542243],[-0.070865,51.542161],[-0.070895,51.542125],[-0.070903,51.542116],[-0.070897,51.542112],[-0.070862,51.542093],[-0.070739,51.542072],[-0.070671,51.542061],[-0.070608,51.542026],[-0.07059,51.542019],[-0.070578,51.542014],[-0.070532,51.542001],[-0.07048,51.541992],[-0.070375,51.541972],[-0.070381,51.541679],[-0.070381,51.541676],[-0.070061,51.541671],[-0.070057,51.541674],[-0.070006,51.541673],[-0.070006,51.54167],[-0.07001,51.541615],[-0.070012,51.541584],[-0.070022,51.541456],[-0.070039,51.54123],[-0.070054,51.541125],[-0.070029,51.541122],[-0.07003,51.541086],[-0.070059,51.541086],[-0.070061,51.54105],[-0.070244,51.54106],[-0.070334,51.541064],[-0.070661,51.541075],[-0.070745,51.541078],[-0.070803,51.54108],[-0.070801,51.541066],[-0.070832,51.541054],[-0.070947,51.541007],[-0.070971,51.540998],[-0.071055,51.540964],[-0.071178,51.540814],[-0.071203,51.540784],[-0.071271,51.5407],[-0.0712,51.540642],[-0.071186,51.540634],[-0.07118,51.540631],[-0.071165,51.540622],[-0.071129,51.540605],[-0.071123,51.540602],[-0.071083,51.540587],[-0.070999,51.540555],[-0.071001,51.540486],[-0.070994,51.540465],[-0.071124,51.540472],[-0.071173,51.540475],[-0.071243,51.540478],[-0.071292,51.540481],[-0.071512,51.540493],[-0.071685,51.540502],[-0.071739,51.540161],[-0.071815,51.540129],[-0.07183,51.54013],[-0.071941,51.540136],[-0.071951,51.540137],[-0.071981,51.540142],[-0.072072,51.540141],[-0.072082,51.540142],[-0.072175,51.540154],[-0.072222,51.540156],[-0.072267,51.540154],[-0.072294,51.540155],[-0.07234,51.540157],[-0.072345,51.540157],[-0.07235,51.540158],[-0.072445,51.540167],[-0.072472,51.540167],[-0.072518,51.540172],[-0.072602,51.540174],[-0.072629,51.540175],[-0.072681,51.540178],[-0.07272,51.540177],[-0.072739,51.540176],[-0.072844,51.540184],[-0.072869,51.540189],[-0.072888,51.540193],[-0.072894,51.540193],[-0.072924,51.540196],[-0.072979,51.540197],[-0.073034,51.540197],[-0.073201,51.539898],[-0.073227,51.539826],[-0.073229,51.53979],[-0.073233,51.539692],[-0.073237,51.539601],[-0.073237,51.539592],[-0.073238,51.539574],[-0.073331,51.539568],[-0.073354,51.539567],[-0.07344,51.539571],[-0.07349,51.539574],[-0.07354,51.539576],[-0.073678,51.539583],[-0.073688,51.539584],[-0.073764,51.539587],[-0.073816,51.53959],[-0.073781,51.539633],[-0.073811,51.539676],[-0.074375,51.539525],[-0.074274,51.539417],[-0.074089,51.539219],[-0.073908,51.539082],[-0.073782,51.538999],[-0.073766,51.538987],[-0.073757,51.53898],[-0.073674,51.538928],[-0.073669,51.538924],[-0.073622,51.538895],[-0.073583,51.53887],[-0.073531,51.538837],[-0.073451,51.538789],[-0.073306,51.538699],[-0.073297,51.538694],[-0.073266,51.538675],[-0.073141,51.53861],[-0.0731,51.538589],[-0.073096,51.538587],[-0.073077,51.538578],[-0.073047,51.538562],[-0.073101,51.538554],[-0.073208,51.538536],[-0.07322,51.538535],[-0.073248,51.53853],[-0.073303,51.538521],[-0.073315,51.53852],[-0.073379,51.538516],[-0.073384,51.538515],[-0.073438,51.538513],[-0.073456,51.538512],[-0.073495,51.538511],[-0.07351,51.53851],[-0.07355,51.538509],[-0.073557,51.538509],[-0.073648,51.538507],[-0.073672,51.538507],[-0.073996,51.538498],[-0.074034,51.538498],[-0.074335,51.538492],[-0.074555,51.538487],[-0.07462,51.538486],[-0.07513,51.538475],[-0.075169,51.538474],[-0.075437,51.538469],[-0.075479,51.538468],[-0.075549,51.538467],[-0.075589,51.538466],[-0.075607,51.538465],[-0.075661,51.538463],[-0.075778,51.538458],[-0.075881,51.538454],[-0.075927,51.538452],[-0.075951,51.538451],[-0.076041,51.538447],[-0.076108,51.538444],[-0.076379,51.538433],[-0.076734,51.538419],[-0.07674,51.538418],[-0.076732,51.538616],[-0.076728,51.538722],[-0.076728,51.538731],[-0.076717,51.539002],[-0.076714,51.539076],[-0.076714,51.539077],[-0.07671,51.539176],[-0.076703,51.539253],[-0.076701,51.539275],[-0.076698,51.539304],[-0.076696,51.539333],[-0.076693,51.53938],[-0.07669,51.539417],[-0.076679,51.539545],[-0.076666,51.539707],[-0.076662,51.539761],[-0.076654,51.539851],[-0.076654,51.539855],[-0.07665,51.539907],[-0.076649,51.539918],[-0.076646,51.539947],[-0.076644,51.539975],[-0.076639,51.540036],[-0.076631,51.540095],[-0.07662,51.540177],[-0.076613,51.540228],[-0.076612,51.540241],[-0.076611,51.540245],[-0.07661,51.540254],[-0.076604,51.540294],[-0.0766,51.540328],[-0.076591,51.540396],[-0.076583,51.540455],[-0.076567,51.540572],[-0.076551,51.540691],[-0.076534,51.540817],[-0.076534,51.54082],[-0.076533,51.540827],[-0.07653,51.540843],[-0.076519,51.540927],[-0.076518,51.540934],[-0.076504,51.541044],[-0.076498,51.54109],[-0.076497,51.541093],[-0.07649,51.541146],[-0.076488,51.541164],[-0.076481,51.541217],[-0.07648,51.541224],[-0.076479,51.541228],[-0.076476,51.541249],[-0.076473,51.541271],[-0.076471,51.541285],[-0.076466,51.541323],[-0.076466,51.541326],[-0.076463,51.541349],[-0.076462,51.541357],[-0.076459,51.541375],[-0.076459,51.541378],[-0.076457,51.541392],[-0.076455,51.541403],[-0.076454,51.541407],[-0.076437,51.541511],[-0.076435,51.541518],[-0.076433,51.541533],[-0.076428,51.541564],[-0.076426,51.541573],[-0.076418,51.541624],[-0.076417,51.541627],[-0.076414,51.541646],[-0.076409,51.541677],[-0.076402,51.541717],[-0.076398,51.541742],[-0.076397,51.541747],[-0.076391,51.541784],[-0.076385,51.54182],[-0.076384,51.541825],[-0.076383,51.541833],[-0.076381,51.541843],[-0.076374,51.541883],[-0.076371,51.541901],[-0.076371,51.541904],[-0.07637,51.541911],[-0.076369,51.541918],[-0.076367,51.541935],[-0.076366,51.54194],[-0.076362,51.541969],[-0.076359,51.54199],[-0.076358,51.541998],[-0.076358,51.542003],[-0.076353,51.542039],[-0.076346,51.542088],[-0.076346,51.542092],[-0.076338,51.542146],[-0.07633,51.542213],[-0.076315,51.542324],[-0.076314,51.542332],[-0.076305,51.542396],[-0.076277,51.542396],[-0.076083,51.542399],[-0.075854,51.542401],[-0.075845,51.542402],[-0.075514,51.542406],[-0.075508,51.542464],[-0.075492,51.542609],[-0.075489,51.542634],[-0.075488,51.542646],[-0.075474,51.542774],[-0.075473,51.542786],[-0.075471,51.542803],[-0.075467,51.542833],[-0.075443,51.542834],[-0.075352,51.542838],[-0.075338,51.542839],[-0.075283,51.542842],[-0.075242,51.542844],[-0.075087,51.542851],[-0.075032,51.542854],[-0.074629,51.542874],[-0.074598,51.542875],[-0.074592,51.542875],[-0.074517,51.542879],[-0.074492,51.54288],[-0.074345,51.542887],[-0.074334,51.542888],[-0.074101,51.542899],[-0.074076,51.5429],[-0.073991,51.542905],[-0.073925,51.542908],[-0.073888,51.54291],[-0.073816,51.542905],[-0.073655,51.542894],[-0.073621,51.542892],[-0.073616,51.542892],[-0.073608,51.542891],[-0.07356,51.542894],[-0.073529,51.542895],[-0.07347,51.542898],[-0.073409,51.542901],[-0.07322,51.54291],[-0.073207,51.542911],[-0.073044,51.542919],[-0.073014,51.542921],[-0.072925,51.542925],[-0.072908,51.542926],[-0.072858,51.542928],[-0.072577,51.542943],[-0.072556,51.542944],[-0.072548,51.542944],[-0.072467,51.542948],[-0.072197,51.542962],[-0.072162,51.542963],[-0.072108,51.542965],[-0.072053,51.542967],[-0.071717,51.54298],[-0.071696,51.542981],[-0.071661,51.542982],[-0.071632,51.542984],[-0.071576,51.542986],[-0.071498,51.54299],[-0.071285,51.543002],[-0.071193,51.543007],[-0.071067,51.543014],[-0.070992,51.543018],[-0.070987,51.543019],[-0.070945,51.543021],[-0.070938,51.543021],[-0.070826,51.543028],[-0.070788,51.54303],[-0.070576,51.543038],[-0.070387,51.543046],[-0.070372,51.543046],[-0.0702,51.543053],[-0.06994,51.543063],[-0.069918,51.543064],[-0.069919,51.543044]]]}}]}