{"type":"FeatureCollection","features":[{"type":"Feature","properties":{"LSOA21CD":"E01000535","LSOA21NM":"Brent 031F","MEAN_PTAL_":"4","mean_AI":16.2726696586,"borough":"Hammersmith & Fulham"},"geometry":{"type":"Polygon","coordinates":[[[-0.237585,51.537436],[-0.237446,51.53734],[-0.237419,51.537343],[-0.23741,51.53734],[-0.237567,51.537208],[-0.237593,51.537186],[-0.237625,51.537159],[-0.238057,51.536788],[-0.238374,51.536514],[-0.238615,51.536305],[-0.23864,51.536284],[-0.238567,51.536297],[-0.238517,51.536232],[-0.238504,51.53622],[-0.238339,51.536069],[-0.238334,51.536066],[-0.238326,51.536063],[-0.238322,51.536062],[-0.238197,51.536036],[-0.238174,51.536034],[-0.238159,51.536032],[-0.238098,51.53607],[-0.238053,51.536104],[-0.238138,51.53603],[-0.238129,51.536026],[-0.238002,51.535952],[-0.237977,51.535938],[-0.237949,51.535922],[-0.237822,51.535848],[-0.237727,51.535794],[-0.23765,51.535782],[-0.238021,51.535473],[-0.238025,51.535471],[-0.238051,51.535449],[-0.238016,51.535429],[-0.237988,51.535414],[-0.237888,51.53536],[-0.237836,51.535332],[-0.23781,51.535318],[-0.237676,51.535246],[-0.237662,51.535238],[-0.237645,51.535229],[-0.237624,51.535217],[-0.237579,51.535193],[-0.237567,51.535187],[-0.237486,51.535143],[-0.237487,51.535135],[-0.237472,51.535128],[-0.237457,51.535121],[-0.237373,51.535086],[-0.237266,51.53504],[-0.237246,51.535031],[-0.237208,51.535009],[-0.237176,51.53499],[-0.237156,51.534979],[-0.237161,51.534975],[-0.237166,51.534971],[-0.237159,51.534954],[-0.23719,51.534932],[-0.237164,51.534913],[-0.237181,51.534905],[-0.237336,51.534827],[-0.237531,51.53473],[-0.237608,51.534693],[-0.237519,51.534697],[-0.237511,51.534693],[-0.237318,51.534603],[-0.237221,51.534534],[-0.237215,51.534529],[-0.237175,51.534476],[-0.237168,51.534475],[-0.23713,51.534471],[-0.23704,51.534461],[-0.237021,51.534458],[-0.236996,51.534451],[-0.236979,51.534444],[-0.236883,51.534401],[-0.23687,51.534396],[-0.236804,51.534344],[-0.2368,51.534341],[-0.236717,51.534224],[-0.236697,51.534227],[-0.236636,51.534237],[-0.236569,51.534249],[-0.236535,51.534254],[-0.236475,51.534308],[-0.236437,51.534341],[-0.236428,51.534346],[-0.236267,51.534483],[-0.236252,51.534495],[-0.236242,51.534504],[-0.236191,51.534481],[-0.236167,51.534471],[-0.236157,51.534467],[-0.236075,51.534433],[-0.236044,51.53442],[-0.236039,51.534423],[-0.236011,51.534416],[-0.235985,51.534392],[-0.235868,51.534338],[-0.235851,51.53433],[-0.235845,51.534327],[-0.235788,51.534305],[-0.235784,51.534303],[-0.235713,51.534276],[-0.235556,51.534216],[-0.235494,51.534192],[-0.235479,51.534187],[-0.235444,51.534173],[-0.235425,51.534162],[-0.235393,51.53415],[-0.235365,51.534143],[-0.23532,51.534126],[-0.235234,51.534093],[-0.235182,51.534073],[-0.235125,51.534051],[-0.235092,51.534038],[-0.235023,51.534011],[-0.234993,51.533999],[-0.234985,51.533996],[-0.234922,51.533971],[-0.234824,51.533924],[-0.23479,51.533909],[-0.234763,51.533897],[-0.234761,51.533895],[-0.234691,51.533862],[-0.234684,51.533857],[-0.234674,51.533852],[-0.23463,51.533831],[-0.234554,51.533795],[-0.234531,51.533783],[-0.234443,51.533738],[-0.234391,51.533711],[-0.234363,51.533696],[-0.234285,51.533656],[-0.234166,51.533583],[-0.234054,51.533515],[-0.234011,51.533489],[-0.233935,51.533442],[-0.233888,51.533414],[-0.233877,51.533407],[-0.233863,51.533389],[-0.233835,51.53337],[-0.233828,51.53337],[-0.233812,51.53337],[-0.233792,51.53337],[-0.233763,51.533369],[-0.233736,51.533306],[-0.233703,51.533257],[-0.233681,51.533224],[-0.233675,51.533215],[-0.233614,51.533124],[-0.233561,51.533007],[-0.233562,51.532962],[-0.233557,51.532917],[-0.233556,51.532905],[-0.233552,51.532878],[-0.233548,51.532842],[-0.233519,51.532601],[-0.23352,51.532565],[-0.23355,51.53253],[-0.233624,51.532477],[-0.233634,51.532473],[-0.233698,51.532442],[-0.233709,51.532447],[-0.233751,51.532417],[-0.233824,51.53238],[-0.233903,51.532355],[-0.233927,51.532368],[-0.233948,51.53238],[-0.234,51.53241],[-0.234041,51.532434],[-0.234048,51.532438],[-0.234154,51.532499],[-0.234181,51.532515],[-0.234189,51.532532],[-0.234195,51.532547],[-0.234206,51.53257],[-0.234232,51.532605],[-0.23424,51.53261],[-0.234271,51.532635],[-0.234324,51.532663],[-0.234349,51.532672],[-0.234378,51.532683],[-0.234427,51.532692],[-0.234435,51.532693],[-0.23445,51.532694],[-0.234494,51.532696],[-0.234562,51.532688],[-0.234571,51.532686],[-0.234628,51.532674],[-0.234633,51.532672],[-0.234651,51.532669],[-0.23469,51.532655],[-0.234725,51.532644],[-0.234742,51.532635],[-0.23476,51.532625],[-0.234806,51.532601],[-0.234905,51.53255],[-0.234915,51.532546],[-0.234975,51.532527],[-0.235095,51.532488],[-0.235213,51.532459],[-0.235217,51.532458],[-0.235323,51.532438],[-0.235398,51.53243],[-0.23548,51.532421],[-0.235536,51.532415],[-0.235549,51.532414],[-0.235566,51.53241],[-0.235784,51.532365],[-0.235822,51.532357],[-0.235833,51.532355],[-0.235976,51.532326],[-0.236088,51.532303],[-0.236096,51.532301],[-0.236189,51.532282],[-0.236269,51.532266],[-0.236315,51.532256],[-0.236463,51.532226],[-0.236481,51.532222],[-0.236551,51.532206],[-0.236567,51.532203],[-0.236701,51.532173],[-0.236735,51.532166],[-0.236745,51.532164],[-0.236758,51.532161],[-0.236771,51.532158],[-0.236777,51.532157],[-0.236887,51.532129],[-0.236892,51.532128],[-0.236933,51.532118],[-0.237228,51.532044],[-0.237239,51.532041],[-0.237292,51.532028],[-0.237309,51.532024],[-0.237315,51.532022],[-0.237326,51.53202],[-0.237599,51.532006],[-0.238545,51.531961],[-0.238962,51.53197],[-0.239228,51.531976],[-0.239469,51.531974],[-0.239541,51.531972],[-0.239579,51.53197],[-0.240106,51.531956],[-0.24011,51.531955],[-0.240201,51.531949],[-0.240208,51.531963],[-0.240316,51.532176],[-0.240554,51.532644],[-0.240637,51.532806],[-0.240697,51.532924],[-0.240735,51.532968],[-0.240856,51.533029],[-0.240984,51.533055],[-0.240995,51.533085],[-0.241037,51.533141],[-0.241108,51.53319],[-0.241218,51.533203],[-0.241246,51.53321],[-0.241319,51.533229],[-0.241341,51.533231],[-0.241359,51.533233],[-0.241424,51.533246],[-0.241429,51.533248],[-0.24145,51.533255],[-0.241453,51.533259],[-0.241564,51.533414],[-0.241453,51.533572],[-0.241447,51.533576],[-0.241419,51.533594],[-0.241371,51.533623],[-0.241362,51.533621],[-0.241289,51.533657],[-0.241285,51.53366],[-0.241298,51.533668],[-0.241282,51.533678],[-0.241277,51.53368],[-0.241054,51.533539],[-0.240738,51.533339],[-0.240461,51.533164],[-0.240314,51.533263],[-0.24028,51.533286],[-0.240224,51.533323],[-0.24021,51.533331],[-0.24003,51.533446],[-0.240003,51.533463],[-0.240094,51.533531],[-0.240211,51.533617],[-0.24022,51.533624],[-0.240226,51.533629],[-0.240266,51.533658],[-0.240312,51.533692],[-0.240403,51.533759],[-0.240437,51.533784],[-0.240522,51.533847],[-0.240582,51.533891],[-0.240661,51.53395],[-0.240664,51.533952],[-0.240695,51.533975],[-0.240735,51.534004],[-0.24077,51.534031],[-0.240812,51.534062],[-0.240824,51.534071],[-0.240887,51.534117],[-0.240905,51.534131],[-0.240981,51.534186],[-0.241003,51.534203],[-0.241061,51.534246],[-0.241067,51.53425],[-0.241109,51.534281],[-0.241113,51.534284],[-0.241135,51.5343],[-0.241142,51.534306],[-0.241232,51.534372],[-0.241264,51.534396],[-0.241287,51.534412],[-0.241352,51.534461],[-0.241358,51.534465],[-0.241384,51.534484],[-0.241405,51.5345],[-0.241432,51.53452],[-0.241438,51.534524],[-0.241449,51.534532],[-0.241471,51.534549],[-0.241484,51.534558],[-0.24154,51.5346],[-0.24155,51.534607],[-0.241616,51.534656],[-0.24164,51.53468],[-0.241583,51.53471],[-0.241274,51.534874],[-0.24126,51.534866],[-0.241221,51.534843],[-0.241208,51.534836],[-0.241192,51.534823],[-0.241136,51.534786],[-0.241133,51.534783],[-0.241103,51.534757],[-0.241098,51.534752],[-0.241087,51.534742],[-0.241079,51.534737],[-0.241052,51.534721],[-0.241044,51.534714],[-0.241033,51.534704],[-0.241007,51.534687],[-0.240993,51.534674],[-0.24098,51.534664],[-0.240948,51.53464],[-0.240943,51.534635],[-0.240931,51.534625],[-0.240915,51.534612],[-0.24087,51.534571],[-0.240857,51.534559],[-0.240837,51.534548],[-0.240789,51.534519],[-0.240782,51.53451],[-0.240777,51.534505],[-0.240733,51.534466],[-0.240721,51.534459],[-0.240705,51.534449],[-0.240679,51.534422],[-0.240671,51.534415],[-0.240661,51.534407],[-0.240643,51.534394],[-0.240634,51.534384],[-0.240609,51.534368],[-0.240596,51.534357],[-0.240585,51.534349],[-0.240547,51.534328],[-0.240515,51.534294],[-0.240501,51.534285],[-0.240439,51.534248],[-0.240428,51.534238],[-0.240425,51.534235],[-0.240397,51.534196],[-0.240375,51.534166],[-0.240361,51.534162],[-0.240348,51.534157],[-0.24033,51.534147],[-0.240238,51.534094],[-0.240208,51.534069],[-0.240195,51.534057],[-0.240171,51.534024],[-0.24016,51.534019],[-0.240151,51.534015],[-0.240131,51.534002],[-0.240046,51.533948],[-0.240031,51.53395],[-0.239918,51.533961],[-0.239873,51.533971],[-0.239752,51.534072],[-0.239683,51.534129],[-0.239683,51.534132],[-0.239703,51.534149],[-0.239707,51.534153],[-0.240098,51.534467],[-0.240212,51.534558],[-0.240225,51.534569],[-0.240252,51.534591],[-0.240639,51.534902],[-0.240613,51.534915],[-0.240528,51.534955],[-0.240197,51.535111],[-0.240193,51.535109],[-0.240148,51.53513],[-0.240151,51.535133],[-0.240182,51.535156],[-0.240246,51.535131],[-0.240665,51.534966],[-0.241014,51.535221],[-0.241318,51.535445],[-0.241308,51.535434],[-0.241298,51.535419],[-0.241313,51.535412],[-0.241396,51.535471],[-0.241372,51.535484],[-0.241379,51.535489],[-0.241459,51.535548],[-0.241598,51.53565],[-0.241631,51.535674],[-0.241664,51.535698],[-0.241681,51.535711],[-0.241702,51.535697],[-0.241721,51.535684],[-0.241733,51.535692],[-0.241782,51.535723],[-0.241961,51.535837],[-0.242219,51.536002],[-0.242247,51.536019],[-0.242254,51.536024],[-0.242302,51.536055],[-0.242367,51.536097],[-0.242479,51.536171],[-0.242544,51.536213],[-0.242659,51.536289],[-0.242732,51.536337],[-0.242782,51.53637],[-0.24281,51.536387],[-0.242958,51.536484],[-0.243063,51.536553],[-0.243218,51.536654],[-0.243176,51.536644],[-0.243149,51.536638],[-0.243098,51.536631],[-0.243049,51.53662],[-0.243032,51.536615],[-0.243025,51.536612],[-0.24289,51.536652],[-0.242871,51.536657],[-0.242705,51.536707],[-0.242588,51.536734],[-0.24253,51.536663],[-0.24251,51.536638],[-0.242474,51.536607],[-0.24247,51.536604],[-0.242361,51.536537],[-0.242347,51.536531],[-0.242235,51.536484],[-0.242149,51.536511],[-0.242132,51.536521],[-0.242062,51.536563],[-0.242021,51.536647],[-0.241966,51.53676],[-0.241941,51.536766],[-0.241924,51.536768],[-0.241902,51.536771],[-0.241835,51.536792],[-0.241744,51.536808],[-0.241643,51.536805],[-0.241598,51.536797],[-0.24155,51.536788],[-0.24154,51.536788],[-0.241522,51.536786],[-0.241417,51.53677],[-0.241321,51.536739],[-0.241279,51.536716],[-0.241204,51.536657],[-0.241196,51.536657],[-0.241144,51.536662],[-0.241081,51.536674],[-0.241005,51.536716],[-0.240927,51.536758],[-0.240813,51.536912],[-0.240652,51.536918],[-0.240647,51.536918],[-0.240598,51.536951],[-0.240565,51.536973],[-0.240547,51.53698],[-0.240535,51.53697],[-0.240531,51.536967],[-0.240481,51.536924],[-0.240338,51.536929],[-0.240219,51.536922],[-0.240205,51.536912],[-0.240114,51.536879],[-0.239993,51.536835],[-0.239953,51.536825],[-0.239753,51.536777],[-0.239748,51.536776],[-0.239647,51.536801],[-0.239632,51.536805],[-0.239531,51.536831],[-0.23944,51.536854],[-0.239412,51.536861],[-0.239389,51.536867],[-0.239379,51.53687],[-0.239345,51.536878],[-0.239308,51.536888],[-0.239297,51.53689],[-0.23924,51.536929],[-0.239235,51.536932],[-0.239173,51.536986],[-0.239014,51.537206],[-0.238966,51.537272],[-0.238949,51.537305],[-0.238941,51.537332],[-0.23894,51.537335],[-0.23892,51.537431],[-0.238916,51.537472],[-0.238912,51.537511],[-0.238775,51.537619],[-0.238754,51.537638],[-0.23865,51.537744],[-0.238615,51.537784],[-0.238588,51.537775],[-0.23847,51.537736],[-0.238203,51.537647],[-0.238177,51.537638],[-0.237798,51.537513],[-0.237627,51.537456],[-0.237585,51.537436]]]}},{"type":"Feature","properties":{"LSOA21CD":"E01001239","LSOA21NM":"Ealing 015C","MEAN_PTAL_":"3","mean_AI":14.1074611901,"borough":"Hammersmith & Fulham"},"geometry":{"type":"Polygon","coordinates":[[[-0.250661,51.526917],[-0.250795,51.526827],[-0.251079,51.526597],[-0.251132,51.526554],[-0.251738,51.525933],[-0.251781,51.525889],[-0.251896,51.525772],[-0.251899,51.525769],[-0.251941,51.52574],[-0.251995,51.525699],[-0.252041,51.525663],[-0.252048,51.525658],[-0.252052,51.525655],[-0.252093,51.525621],[-0.2521,51.525615],[-0.252149,51.525573],[-0.252197,51.525529],[-0.252242,51.525484],[-0.252286,51.525438],[-0.252328,51.525392],[-0.252361,51.525353],[-0.252368,51.525346],[-0.252399,51.525306],[-0.25241,51.525293],[-0.252412,51.52529],[-0.252449,51.52524],[-0.252462,51.525222],[-0.25247,51.52521],[-0.252476,51.525202],[-0.252508,51.525153],[-0.252527,51.525121],[-0.252538,51.525104],[-0.252544,51.525094],[-0.252553,51.525077],[-0.25257,51.525047],[-0.252587,51.525017],[-0.252597,51.524999],[-0.252601,51.524992],[-0.25261,51.524972],[-0.252614,51.524964],[-0.252632,51.524926],[-0.252639,51.524911],[-0.252644,51.524898],[-0.252651,51.524881],[-0.252658,51.524865],[-0.252667,51.524833],[-0.252676,51.524802],[-0.252682,51.524771],[-0.252687,51.524733],[-0.25269,51.524696],[-0.25269,51.524681],[-0.25269,51.524658],[-0.25269,51.524628],[-0.25269,51.524621],[-0.252688,51.524605],[-0.252686,51.524583],[-0.252681,51.52455],[-0.252681,51.524546],[-0.25268,51.524541],[-0.252674,51.524508],[-0.252667,51.524477],[-0.252666,51.524471],[-0.252656,51.524433],[-0.252648,51.524407],[-0.252644,51.524395],[-0.252632,51.524361],[-0.252631,51.524358],[-0.252616,51.524322],[-0.252601,51.524286],[-0.252483,51.524068],[-0.25247,51.524044],[-0.252459,51.524023],[-0.252429,51.523968],[-0.252405,51.523922],[-0.25238,51.523872],[-0.252341,51.523796],[-0.252323,51.523763],[-0.252288,51.523693],[-0.252253,51.523625],[-0.252233,51.523587],[-0.252224,51.523565],[-0.252188,51.523478],[-0.252172,51.52344],[-0.252161,51.523413],[-0.252136,51.523353],[-0.252124,51.523323],[-0.252094,51.523251],[-0.252071,51.523197],[-0.25207,51.523193],[-0.252064,51.52316],[-0.252055,51.523109],[-0.252041,51.523029],[-0.251999,51.522785],[-0.251995,51.522763],[-0.251969,51.522614],[-0.251906,51.522264],[-0.251901,51.522236],[-0.251813,51.522122],[-0.251689,51.52196],[-0.251318,51.521478],[-0.251127,51.521229],[-0.251183,51.52122],[-0.251242,51.521211],[-0.251924,51.521093],[-0.251948,51.520977],[-0.252053,51.520462],[-0.252165,51.520295],[-0.252393,51.520082],[-0.252419,51.520057],[-0.252439,51.520038],[-0.252438,51.520002],[-0.252433,51.519881],[-0.25261,51.519877],[-0.253002,51.519509],[-0.253021,51.519491],[-0.2534,51.519339],[-0.253632,51.519398],[-0.253873,51.519487],[-0.254093,51.519617],[-0.254159,51.519656],[-0.254226,51.519383],[-0.254229,51.519372],[-0.254264,51.519296],[-0.254274,51.519275],[-0.254276,51.519263],[-0.254301,51.519227],[-0.254307,51.519212],[-0.254311,51.519203],[-0.254313,51.519191],[-0.254326,51.519114],[-0.254343,51.519078],[-0.254224,51.519007],[-0.254191,51.518946],[-0.254205,51.518787],[-0.254132,51.518793],[-0.253872,51.518815],[-0.25386,51.518738],[-0.253975,51.518724],[-0.254237,51.51845],[-0.254257,51.51843],[-0.25431,51.518452],[-0.254407,51.518478],[-0.254416,51.51848],[-0.25448,51.518486],[-0.254531,51.51849],[-0.254651,51.518484],[-0.254701,51.518471],[-0.254847,51.518409],[-0.254862,51.518401],[-0.254883,51.518409],[-0.255013,51.518443],[-0.255104,51.51845],[-0.255168,51.518447],[-0.255394,51.518404],[-0.255403,51.518409],[-0.255413,51.518414],[-0.255452,51.518563],[-0.255471,51.518636],[-0.255484,51.518686],[-0.255491,51.518686],[-0.255521,51.518681],[-0.255636,51.518661],[-0.255839,51.518619],[-0.255985,51.518585],[-0.256102,51.518542],[-0.256259,51.518474],[-0.256263,51.518472],[-0.256366,51.518411],[-0.256442,51.518358],[-0.256455,51.518349],[-0.256514,51.518305],[-0.256575,51.518243],[-0.256635,51.518172],[-0.25667,51.518122],[-0.256674,51.518117],[-0.256698,51.518082],[-0.256742,51.518021],[-0.256819,51.517858],[-0.256943,51.517592],[-0.257039,51.517395],[-0.257479,51.517635],[-0.257839,51.517775],[-0.257832,51.517785],[-0.257712,51.517945],[-0.2576,51.518093],[-0.257662,51.518112],[-0.257977,51.518208],[-0.258063,51.518234],[-0.258087,51.518241],[-0.258104,51.518267],[-0.258149,51.518312],[-0.258202,51.518346],[-0.258265,51.518369],[-0.258342,51.51838],[-0.258553,51.518411],[-0.258587,51.518423],[-0.258563,51.518483],[-0.258289,51.518614],[-0.258395,51.518746],[-0.258411,51.518783],[-0.258412,51.518797],[-0.25842,51.518814],[-0.258425,51.518821],[-0.25843,51.518833],[-0.258477,51.518899],[-0.258499,51.518917],[-0.258546,51.518943],[-0.258744,51.518875],[-0.258819,51.518755],[-0.258857,51.518717],[-0.258946,51.518714],[-0.259036,51.518673],[-0.259117,51.518645],[-0.259461,51.518946],[-0.25932,51.518994],[-0.258996,51.518787],[-0.258935,51.519004],[-0.259,51.519105],[-0.259057,51.519192],[-0.259241,51.519297],[-0.259319,51.519342],[-0.259916,51.519127],[-0.260022,51.519199],[-0.260423,51.519414],[-0.260683,51.519301],[-0.260716,51.519365],[-0.260742,51.519392],[-0.260803,51.519413],[-0.26081,51.519421],[-0.26088,51.519476],[-0.260821,51.51952],[-0.260789,51.519601],[-0.260703,51.519599],[-0.260608,51.519603],[-0.26053,51.519606],[-0.260443,51.519614],[-0.260399,51.519622],[-0.260382,51.519632],[-0.26037,51.519639],[-0.260237,51.519709],[-0.260205,51.519726],[-0.260163,51.519747],[-0.259855,51.519902],[-0.259825,51.519937],[-0.259811,51.519937],[-0.259795,51.519964],[-0.259792,51.519978],[-0.259778,51.520035],[-0.259804,51.520117],[-0.259827,51.520163],[-0.259831,51.520171],[-0.259872,51.520226],[-0.260068,51.520175],[-0.260105,51.520166],[-0.260157,51.520159],[-0.260221,51.52015],[-0.260279,51.520142],[-0.260451,51.520144],[-0.260738,51.520175],[-0.260954,51.520197],[-0.261047,51.520207],[-0.261141,51.520217],[-0.261528,51.520259],[-0.261551,51.520263],[-0.261705,51.520287],[-0.261714,51.520289],[-0.261668,51.520378],[-0.261608,51.520431],[-0.26122,51.520864],[-0.261202,51.520884],[-0.261083,51.520963],[-0.261024,51.520998],[-0.260849,51.521067],[-0.260673,51.521128],[-0.260266,51.52123],[-0.259985,51.521338],[-0.259929,51.521359],[-0.259642,51.521186],[-0.259576,51.521146],[-0.259646,51.521158],[-0.25998,51.52098],[-0.259919,51.520892],[-0.259948,51.520862],[-0.259957,51.520765],[-0.259632,51.520848],[-0.25957,51.520864],[-0.259421,51.520901],[-0.259013,51.521005],[-0.258992,51.52101],[-0.258982,51.521013],[-0.258975,51.521015],[-0.258722,51.521079],[-0.258482,51.52114],[-0.258476,51.521293],[-0.258359,51.521327],[-0.25816,51.52127],[-0.257908,51.521446],[-0.257138,51.520979],[-0.257132,51.520975],[-0.25706,51.520993],[-0.257053,51.521005],[-0.256869,51.521295],[-0.256745,51.521491],[-0.256677,51.521599],[-0.256611,51.521706],[-0.256541,51.52182],[-0.256338,51.522152],[-0.256362,51.522153],[-0.256966,51.522308],[-0.256936,51.522367],[-0.25692,51.522403],[-0.256932,51.522436],[-0.256933,51.522439],[-0.256946,51.522484],[-0.256987,51.52253],[-0.257015,51.522557],[-0.257043,51.522576],[-0.257057,51.522585],[-0.257101,51.522596],[-0.257129,51.522604],[-0.257301,51.522633],[-0.25745,51.522671],[-0.257686,51.522729],[-0.257771,51.522766],[-0.258094,51.522878],[-0.258098,51.522879],[-0.25796,51.523093],[-0.257793,51.523342],[-0.257754,51.5234],[-0.257701,51.523478],[-0.257675,51.523517],[-0.25738,51.523956],[-0.257379,51.523965],[-0.257244,51.524125],[-0.257013,51.524368],[-0.256973,51.524409],[-0.256778,51.524613],[-0.256665,51.524715],[-0.256668,51.524723],[-0.256657,51.524722],[-0.25648,51.524878],[-0.256485,51.52488],[-0.257071,51.525033],[-0.257207,51.525069],[-0.257377,51.525115],[-0.257714,51.525205],[-0.257846,51.525241],[-0.257896,51.525254],[-0.258248,51.525349],[-0.25826,51.525353],[-0.25829,51.525361],[-0.258745,51.525483],[-0.258966,51.525543],[-0.259291,51.52563],[-0.259185,51.525764],[-0.25899,51.525968],[-0.258938,51.526013],[-0.258811,51.526127],[-0.258559,51.526303],[-0.25842,51.526385],[-0.258308,51.526452],[-0.257147,51.527037],[-0.257132,51.527046],[-0.256953,51.527133],[-0.25677,51.527223],[-0.256559,51.527325],[-0.256039,51.527004],[-0.255889,51.526911],[-0.25577,51.526837],[-0.255667,51.526773],[-0.25519,51.526477],[-0.254686,51.526165],[-0.253986,51.526602],[-0.25388,51.526668],[-0.253809,51.526712],[-0.2538,51.526718],[-0.253521,51.526896],[-0.253456,51.526937],[-0.253433,51.526951],[-0.253386,51.52698],[-0.253363,51.526828],[-0.253332,51.526666],[-0.253315,51.526576],[-0.25327,51.526589],[-0.253205,51.526511],[-0.252628,51.526509],[-0.252598,51.526513],[-0.252549,51.526511],[-0.252382,51.526623],[-0.252287,51.526659],[-0.252277,51.526751],[-0.252277,51.526771],[-0.252273,51.526857],[-0.252295,51.526857],[-0.252395,51.526876],[-0.252453,51.526887],[-0.252553,51.526906],[-0.25261,51.526925],[-0.252638,51.526934],[-0.25268,51.526962],[-0.252729,51.527002],[-0.252813,51.527072],[-0.25283,51.527087],[-0.252834,51.52709],[-0.253007,51.527212],[-0.253017,51.527219],[-0.252875,51.527303],[-0.25284,51.527324],[-0.252455,51.527579],[-0.252307,51.527667],[-0.252189,51.527737],[-0.252149,51.527754],[-0.252039,51.527801],[-0.251984,51.527824],[-0.251486,51.52797],[-0.251364,51.528006],[-0.251183,51.528059],[-0.251029,51.528104],[-0.250954,51.528126],[-0.250905,51.528141],[-0.250873,51.528093],[-0.250798,51.527982],[-0.250795,51.527979],[-0.250732,51.52792],[-0.25061,51.527846],[-0.250533,51.527811],[-0.250444,51.527641],[-0.250407,51.527568],[-0.250245,51.527258],[-0.250228,51.527224],[-0.250255,51.527204],[-0.250368,51.527121],[-0.250462,51.527051],[-0.250661,51.526917]]]}},{"type":"Feature","properties":{"LSOA21CD":"E01001240","LSOA21NM":"Ealing 024A","MEAN_PTAL_":"4","mean_AI":19.045295417,"borough":"Hammersmith & Fulham"},"geometry":{"type":"Polygon","coordinates":[[[-0.250714,51.519306],[-0.250712,51.51927],[-0.25071,51.519234],[-0.250706,51.519211],[-0.250704,51.519199],[-0.250702,51.519188],[-0.250699,51.51917],[-0.250698,51.519163],[-0.250693,51.519137],[-0.250691,51.519128],[-0.250681,51.519093],[-0.250668,51.519018],[-0.250661,51.518984],[-0.25066,51.518977],[-0.250653,51.518937],[-0.250652,51.51893],[-0.250651,51.518927],[-0.250646,51.518898],[-0.250642,51.518877],[-0.250637,51.518849],[-0.250611,51.518708],[-0.250588,51.518578],[-0.250584,51.518556],[-0.250581,51.518542],[-0.25056,51.518474],[-0.250537,51.518401],[-0.250505,51.518303],[-0.250503,51.518297],[-0.250491,51.518258],[-0.250477,51.518215],[-0.25045,51.518128],[-0.25043,51.518066],[-0.250414,51.518016],[-0.250409,51.518001],[-0.250407,51.517993],[-0.250372,51.517885],[-0.250333,51.517763],[-0.250332,51.517756],[-0.250313,51.517698],[-0.250279,51.517592],[-0.250278,51.517588],[-0.250274,51.517576],[-0.250273,51.517571],[-0.25025,51.517499],[-0.250247,51.517491],[-0.250231,51.517439],[-0.250221,51.517408],[-0.250218,51.5174],[-0.250211,51.517378],[-0.250204,51.517355],[-0.250198,51.517334],[-0.250196,51.517328],[-0.250195,51.517325],[-0.250193,51.517317],[-0.250171,51.517241],[-0.250165,51.517222],[-0.250163,51.517214],[-0.250157,51.517196],[-0.250145,51.517154],[-0.250144,51.517149],[-0.250093,51.516974],[-0.250058,51.516855],[-0.250052,51.516834],[-0.25005,51.516826],[-0.250022,51.51673],[-0.249966,51.516539],[-0.249965,51.516534],[-0.249961,51.516522],[-0.249944,51.516463],[-0.249939,51.516444],[-0.249936,51.516436],[-0.249933,51.516426],[-0.249932,51.516421],[-0.249924,51.516395],[-0.24992,51.516382],[-0.249917,51.516369],[-0.249903,51.516321],[-0.249901,51.516316],[-0.249892,51.516284],[-0.249889,51.516272],[-0.249881,51.516245],[-0.249878,51.516238],[-0.249877,51.516234],[-0.249863,51.516183],[-0.249851,51.516142],[-0.249816,51.516022],[-0.249815,51.516019],[-0.249801,51.515972],[-0.249789,51.515931],[-0.249785,51.515918],[-0.249778,51.515892],[-0.249768,51.515871],[-0.249712,51.515751],[-0.249709,51.515743],[-0.249661,51.515639],[-0.249601,51.515511],[-0.249465,51.515217],[-0.249448,51.515179],[-0.249437,51.515156],[-0.249365,51.514999],[-0.249354,51.514971],[-0.249339,51.514931],[-0.249338,51.514926],[-0.249432,51.514836],[-0.249436,51.514831],[-0.249406,51.514748],[-0.249403,51.514739],[-0.249402,51.514734],[-0.249399,51.514726],[-0.249398,51.514724],[-0.249395,51.514717],[-0.249364,51.514631],[-0.249358,51.514612],[-0.249354,51.514603],[-0.24934,51.514562],[-0.249316,51.514495],[-0.249295,51.514437],[-0.249271,51.514372],[-0.249269,51.514365],[-0.249267,51.51436],[-0.249263,51.51435],[-0.249254,51.514324],[-0.249222,51.514234],[-0.249192,51.51415],[-0.249175,51.514134],[-0.249172,51.514132],[-0.249195,51.514096],[-0.249256,51.514024],[-0.249321,51.513975],[-0.24936,51.513945],[-0.249742,51.513944],[-0.249759,51.513943],[-0.249821,51.513943],[-0.249839,51.513943],[-0.249928,51.513945],[-0.250148,51.513948],[-0.250253,51.51395],[-0.250426,51.513952],[-0.250563,51.513954],[-0.250613,51.513955],[-0.250916,51.513959],[-0.251347,51.513984],[-0.251526,51.513997],[-0.251821,51.514018],[-0.25218,51.514059],[-0.252214,51.514063],[-0.252224,51.514064],[-0.252352,51.51408],[-0.252647,51.514123],[-0.252696,51.51413],[-0.252758,51.51414],[-0.25295,51.514172],[-0.252987,51.514178],[-0.253145,51.514204],[-0.253298,51.514229],[-0.253333,51.514235],[-0.253186,51.514562],[-0.253353,51.514564],[-0.253514,51.514587],[-0.253607,51.514629],[-0.253721,51.514705],[-0.253734,51.514719],[-0.253746,51.514729],[-0.253744,51.514735],[-0.253732,51.514767],[-0.253725,51.514778],[-0.253706,51.514829],[-0.253698,51.51487],[-0.253699,51.514975],[-0.253501,51.515071],[-0.253467,51.515112],[-0.253401,51.515132],[-0.253282,51.515152],[-0.253193,51.515148],[-0.253139,51.515152],[-0.252992,51.515138],[-0.252859,51.515089],[-0.252842,51.515088],[-0.252731,51.515067],[-0.252689,51.515097],[-0.25264,51.515162],[-0.252616,51.515222],[-0.252622,51.515395],[-0.252623,51.51543],[-0.252818,51.515429],[-0.252921,51.515579],[-0.253083,51.515649],[-0.253144,51.515696],[-0.253191,51.515719],[-0.253227,51.515747],[-0.253226,51.515763],[-0.25321,51.515796],[-0.253188,51.515844],[-0.253166,51.515899],[-0.253146,51.515921],[-0.253072,51.516005],[-0.253055,51.516021],[-0.253036,51.516049],[-0.253036,51.516058],[-0.253095,51.51614],[-0.253101,51.516209],[-0.253124,51.516265],[-0.253113,51.516347],[-0.253101,51.516378],[-0.253103,51.516455],[-0.253132,51.516516],[-0.253248,51.516579],[-0.2533,51.51665],[-0.253365,51.516689],[-0.25341,51.516783],[-0.253414,51.516801],[-0.253383,51.51687],[-0.253373,51.516964],[-0.253338,51.517075],[-0.253187,51.517119],[-0.253005,51.517219],[-0.252962,51.517323],[-0.252728,51.517434],[-0.252662,51.517466],[-0.252871,51.517469],[-0.253273,51.517463],[-0.253342,51.517494],[-0.25334,51.517509],[-0.253321,51.517667],[-0.25333,51.517712],[-0.253349,51.517756],[-0.253352,51.517762],[-0.253383,51.517807],[-0.253422,51.517845],[-0.253459,51.517874],[-0.253495,51.517854],[-0.253522,51.517834],[-0.253609,51.517769],[-0.253613,51.517766],[-0.253663,51.517739],[-0.253906,51.517486],[-0.253928,51.517483],[-0.25397,51.517481],[-0.254031,51.517479],[-0.254025,51.51745],[-0.254184,51.517438],[-0.254345,51.517427],[-0.254394,51.517411],[-0.254392,51.517407],[-0.254351,51.517319],[-0.254316,51.517243],[-0.254322,51.517161],[-0.254435,51.51709],[-0.254442,51.517086],[-0.254466,51.517066],[-0.254513,51.51708],[-0.254631,51.517134],[-0.254653,51.51717],[-0.254664,51.517227],[-0.254687,51.517345],[-0.254693,51.517373],[-0.254718,51.517374],[-0.254849,51.517378],[-0.255066,51.517349],[-0.255086,51.517346],[-0.255085,51.517342],[-0.255066,51.51726],[-0.255066,51.517221],[-0.255287,51.517137],[-0.255379,51.517101],[-0.25543,51.517012],[-0.255433,51.517009],[-0.255458,51.517011],[-0.255649,51.516984],[-0.25578,51.516934],[-0.255789,51.516937],[-0.255932,51.516953],[-0.256113,51.516935],[-0.256188,51.516906],[-0.256205,51.516894],[-0.256249,51.516871],[-0.256304,51.516841],[-0.256338,51.516874],[-0.256385,51.516918],[-0.256471,51.517143],[-0.256422,51.517159],[-0.256417,51.517161],[-0.256419,51.517166],[-0.256495,51.51736],[-0.256444,51.517482],[-0.256435,51.517493],[-0.256523,51.5175],[-0.256943,51.517592],[-0.256819,51.517858],[-0.256742,51.518021],[-0.256698,51.518082],[-0.256674,51.518117],[-0.25667,51.518122],[-0.256635,51.518172],[-0.256575,51.518243],[-0.256514,51.518305],[-0.256455,51.518349],[-0.256442,51.518358],[-0.256366,51.518411],[-0.256263,51.518472],[-0.256259,51.518474],[-0.256102,51.518542],[-0.255985,51.518585],[-0.255839,51.518619],[-0.255636,51.518661],[-0.255521,51.518681],[-0.255491,51.518686],[-0.255484,51.518686],[-0.255471,51.518636],[-0.255452,51.518563],[-0.255413,51.518414],[-0.255403,51.518409],[-0.255394,51.518404],[-0.255168,51.518447],[-0.255104,51.51845],[-0.255013,51.518443],[-0.254883,51.518409],[-0.254862,51.518401],[-0.254847,51.518409],[-0.254701,51.518471],[-0.254651,51.518484],[-0.254531,51.51849],[-0.25448,51.518486],[-0.254416,51.51848],[-0.254407,51.518478],[-0.25431,51.518452],[-0.254257,51.51843],[-0.254237,51.51845],[-0.253975,51.518724],[-0.25386,51.518738],[-0.253872,51.518815],[-0.254132,51.518793],[-0.254205,51.518787],[-0.254191,51.518946],[-0.254224,51.519007],[-0.254343,51.519078],[-0.254326,51.519114],[-0.254313,51.519191],[-0.254311,51.519203],[-0.254307,51.519212],[-0.254301,51.519227],[-0.254276,51.519263],[-0.254274,51.519275],[-0.254264,51.519296],[-0.254229,51.519372],[-0.254226,51.519383],[-0.254159,51.519656],[-0.254093,51.519617],[-0.253873,51.519487],[-0.253632,51.519398],[-0.2534,51.519339],[-0.253021,51.519491],[-0.253002,51.519509],[-0.25261,51.519877],[-0.252433,51.519881],[-0.252438,51.520002],[-0.252439,51.520038],[-0.252419,51.520057],[-0.252393,51.520082],[-0.252165,51.520295],[-0.252053,51.520462],[-0.251948,51.520977],[-0.251924,51.521093],[-0.251242,51.521211],[-0.251183,51.52122],[-0.251127,51.521229],[-0.250669,51.520633],[-0.250567,51.520418],[-0.250282,51.520158],[-0.250325,51.520103],[-0.250378,51.520036],[-0.25041,51.519994],[-0.250434,51.519964],[-0.250462,51.519929],[-0.25048,51.519903],[-0.250495,51.519882],[-0.250512,51.519858],[-0.250545,51.519807],[-0.250576,51.519755],[-0.25061,51.519694],[-0.250629,51.519658],[-0.250638,51.51964],[-0.250644,51.519629],[-0.250648,51.51962],[-0.250656,51.519603],[-0.25067,51.519574],[-0.250671,51.51957],[-0.250681,51.519545],[-0.250689,51.519518],[-0.250691,51.519513],[-0.250698,51.519484],[-0.250705,51.51945],[-0.25071,51.519414],[-0.250711,51.519394],[-0.250713,51.519378],[-0.250714,51.51936],[-0.250715,51.519343],[-0.250714,51.519311],[-0.250714,51.519306]]]}},{"type":"Feature","properties":{"LSOA21CD":"E01001243","LSOA21NM":"Ealing 024D","MEAN_PTAL_":"4","mean_AI":15.8894339888,"borough":"Hammersmith & Fulham"},"geometry":{"type":"Polygon","coordinates":[[[-0.248995,51.513948],[-0.248973,51.513881],[-0.24894,51.513822],[-0.248878,51.513708],[-0.248823,51.513656],[-0.248688,51.513525],[-0.2486,51.513439],[-0.248565,51.513405],[-0.248529,51.51337],[-0.248495,51.513337],[-0.248482,51.513325],[-0.248463,51.513306],[-0.248425,51.513269],[-0.248384,51.51323],[-0.248382,51.513227],[-0.24838,51.513225],[-0.248378,51.513224],[-0.248374,51.513219],[-0.248371,51.513215],[-0.248365,51.513208],[-0.24831,51.513145],[-0.248309,51.513144],[-0.248303,51.513137],[-0.248302,51.513135],[-0.248223,51.513044],[-0.248115,51.512918],[-0.248103,51.512904],[-0.248039,51.512829],[-0.248035,51.512824],[-0.248009,51.512795],[-0.248002,51.512787],[-0.247897,51.512665],[-0.247894,51.512661],[-0.247859,51.512621],[-0.247851,51.512611],[-0.24784,51.512598],[-0.247791,51.512541],[-0.247787,51.512537],[-0.247785,51.512535],[-0.247743,51.512494],[-0.247716,51.512467],[-0.247665,51.512417],[-0.247663,51.512415],[-0.247646,51.512398],[-0.247645,51.512397],[-0.247489,51.512244],[-0.247489,51.512244],[-0.247451,51.512206],[-0.247315,51.512072],[-0.247305,51.512062],[-0.247268,51.512025],[-0.247261,51.512019],[-0.247226,51.511985],[-0.247202,51.511961],[-0.247186,51.511945],[-0.247171,51.511927],[-0.247163,51.511916],[-0.247131,51.511877],[-0.247129,51.511874],[-0.247056,51.511783],[-0.247046,51.511771],[-0.247012,51.511729],[-0.247009,51.511724],[-0.246968,51.511673],[-0.246964,51.511668],[-0.246897,51.511585],[-0.246848,51.511524],[-0.246846,51.511521],[-0.246763,51.511418],[-0.246745,51.511395],[-0.246626,51.511247],[-0.246613,51.511219],[-0.246604,51.5112],[-0.246564,51.511114],[-0.246552,51.511089],[-0.246535,51.511052],[-0.24651,51.510999],[-0.246508,51.510995],[-0.246491,51.510958],[-0.246482,51.51094],[-0.246452,51.510874],[-0.246444,51.510858],[-0.246428,51.510823],[-0.246421,51.510809],[-0.246413,51.510789],[-0.246395,51.510747],[-0.24639,51.510735],[-0.246368,51.51068],[-0.246359,51.51066],[-0.246358,51.510656],[-0.246347,51.510629],[-0.246341,51.510616],[-0.246336,51.510604],[-0.246311,51.510543],[-0.246272,51.510449],[-0.246243,51.510379],[-0.246241,51.510373],[-0.246239,51.51037],[-0.246236,51.510362],[-0.246214,51.510308],[-0.246201,51.510277],[-0.246153,51.510188],[-0.24615,51.510182],[-0.246145,51.510174],[-0.246119,51.510127],[-0.246116,51.510121],[-0.24611,51.51011],[-0.246099,51.51009],[-0.246095,51.510082],[-0.246081,51.510056],[-0.246073,51.510041],[-0.246061,51.51002],[-0.246047,51.509994],[-0.246044,51.509988],[-0.246031,51.509964],[-0.246029,51.509955],[-0.246021,51.509913],[-0.246018,51.5099],[-0.246004,51.509827],[-0.246003,51.509821],[-0.245996,51.509788],[-0.245982,51.509718],[-0.245981,51.509715],[-0.245977,51.50969],[-0.245975,51.50968],[-0.245973,51.509671],[-0.245966,51.509635],[-0.245963,51.509622],[-0.245941,51.509509],[-0.245939,51.509502],[-0.245929,51.509449],[-0.245919,51.509422],[-0.245917,51.509418],[-0.245916,51.509415],[-0.245896,51.509364],[-0.245893,51.509356],[-0.245891,51.509351],[-0.245871,51.509298],[-0.245869,51.509294],[-0.245851,51.509247],[-0.245833,51.509199],[-0.24583,51.509192],[-0.245827,51.509184],[-0.245809,51.50912],[-0.245807,51.50911],[-0.245805,51.509102],[-0.245802,51.509094],[-0.245798,51.509078],[-0.245791,51.50905],[-0.245765,51.508958],[-0.245757,51.508925],[-0.245753,51.508912],[-0.245753,51.508892],[-0.245754,51.508868],[-0.245754,51.508864],[-0.245755,51.508786],[-0.245755,51.508773],[-0.245755,51.508748],[-0.245756,51.508713],[-0.245756,51.508667],[-0.245757,51.508621],[-0.245756,51.508618],[-0.245749,51.508588],[-0.245734,51.508518],[-0.245733,51.508514],[-0.24573,51.508502],[-0.245724,51.508473],[-0.245674,51.508356],[-0.245667,51.508339],[-0.245662,51.508328],[-0.24561,51.508204],[-0.245585,51.508144],[-0.245584,51.508141],[-0.245574,51.508118],[-0.245548,51.508056],[-0.245517,51.507983],[-0.245487,51.507912],[-0.245448,51.50782],[-0.245444,51.507809],[-0.245422,51.507769],[-0.245418,51.507762],[-0.245402,51.507731],[-0.245377,51.507685],[-0.245343,51.507621],[-0.245339,51.507612],[-0.245332,51.507601],[-0.24533,51.507592],[-0.245305,51.507512],[-0.245302,51.507503],[-0.245294,51.507479],[-0.245279,51.507431],[-0.245264,51.507382],[-0.245237,51.507295],[-0.245193,51.507157],[-0.245181,51.507119],[-0.245116,51.506909],[-0.245072,51.506769],[-0.245064,51.506743],[-0.245113,51.506741],[-0.245153,51.50674],[-0.245235,51.506739],[-0.245393,51.506739],[-0.245519,51.506738],[-0.245632,51.506737],[-0.245652,51.506737],[-0.245686,51.506737],[-0.245788,51.506736],[-0.245828,51.506736],[-0.245931,51.506736],[-0.245953,51.506736],[-0.24612,51.506735],[-0.246203,51.506734],[-0.246272,51.506734],[-0.24629,51.506734],[-0.246489,51.506733],[-0.24674,51.506721],[-0.246761,51.506836],[-0.246811,51.507117],[-0.246814,51.507131],[-0.246818,51.507156],[-0.246828,51.507167],[-0.246825,51.507193],[-0.246832,51.507237],[-0.24684,51.507289],[-0.246869,51.507457],[-0.246909,51.507696],[-0.24693,51.507819],[-0.246941,51.507885],[-0.246945,51.50791],[-0.246966,51.508031],[-0.246967,51.508038],[-0.246981,51.508121],[-0.246985,51.508142],[-0.247029,51.508405],[-0.247035,51.508437],[-0.247043,51.508489],[-0.247046,51.508506],[-0.247404,51.508485],[-0.247577,51.508475],[-0.247589,51.508474],[-0.247652,51.50847],[-0.24807,51.508445],[-0.24813,51.508441],[-0.248167,51.508439],[-0.248196,51.508438],[-0.24865,51.508412],[-0.248649,51.508427],[-0.248642,51.508588],[-0.248731,51.508683],[-0.248747,51.508691],[-0.2494,51.508675],[-0.249761,51.508667],[-0.249879,51.508664],[-0.250116,51.508659],[-0.250183,51.508657],[-0.250277,51.50862],[-0.250289,51.508613],[-0.250566,51.508704],[-0.250757,51.508766],[-0.250868,51.508802],[-0.251357,51.508961],[-0.251381,51.508969],[-0.251384,51.508993],[-0.251386,51.509007],[-0.251403,51.509138],[-0.251471,51.509238],[-0.25154,51.509341],[-0.251551,51.509357],[-0.25158,51.509401],[-0.251589,51.509409],[-0.251673,51.509484],[-0.251733,51.509538],[-0.251776,51.509566],[-0.251846,51.509612],[-0.251888,51.509649],[-0.251929,51.509694],[-0.251943,51.509721],[-0.251955,51.509784],[-0.251938,51.509838],[-0.251919,51.50986],[-0.251908,51.509874],[-0.251834,51.509935],[-0.251804,51.509953],[-0.251717,51.509979],[-0.25161,51.509992],[-0.251528,51.510003],[-0.251544,51.510086],[-0.25155,51.510122],[-0.251552,51.510131],[-0.25158,51.510282],[-0.2516,51.510391],[-0.251602,51.510404],[-0.251627,51.510554],[-0.25166,51.510706],[-0.251668,51.510741],[-0.251673,51.510742],[-0.251675,51.510745],[-0.251709,51.510837],[-0.251777,51.511023],[-0.251767,51.511033],[-0.251748,51.511049],[-0.251738,51.511066],[-0.251762,51.511179],[-0.251775,51.51124],[-0.251776,51.511244],[-0.251778,51.511251],[-0.251781,51.511267],[-0.251795,51.511329],[-0.251798,51.511337],[-0.251809,51.511338],[-0.251872,51.511564],[-0.251875,51.511597],[-0.251897,51.511671],[-0.251915,51.511664],[-0.251975,51.511643],[-0.251991,51.511637],[-0.252111,51.512089],[-0.252081,51.512142],[-0.25208,51.512151],[-0.252103,51.512236],[-0.252181,51.512522],[-0.252174,51.512524],[-0.252154,51.51253],[-0.252143,51.512536],[-0.252123,51.512548],[-0.252108,51.512565],[-0.252092,51.512583],[-0.252106,51.512601],[-0.25212,51.51262],[-0.252148,51.512638],[-0.252176,51.512647],[-0.252191,51.512648],[-0.25222,51.512648],[-0.252243,51.512648],[-0.252244,51.512676],[-0.252248,51.512755],[-0.25225,51.5128],[-0.25228,51.51288],[-0.252313,51.513004],[-0.252257,51.512977],[-0.252253,51.512977],[-0.252076,51.512973],[-0.251937,51.512985],[-0.251859,51.513009],[-0.251744,51.513063],[-0.251618,51.513157],[-0.251593,51.51318],[-0.251582,51.513189],[-0.251571,51.513198],[-0.251581,51.513245],[-0.25159,51.513291],[-0.251605,51.513363],[-0.251621,51.513435],[-0.251631,51.513484],[-0.251639,51.513521],[-0.251666,51.513566],[-0.251694,51.513575],[-0.251708,51.513585],[-0.251794,51.513604],[-0.252075,51.513628],[-0.252297,51.513647],[-0.252294,51.513669],[-0.252288,51.513719],[-0.252261,51.513922],[-0.252248,51.51397],[-0.252238,51.514008],[-0.252295,51.514015],[-0.252352,51.51408],[-0.252224,51.514064],[-0.252214,51.514063],[-0.25218,51.514059],[-0.251821,51.514018],[-0.251526,51.513997],[-0.251347,51.513984],[-0.250916,51.513959],[-0.250613,51.513955],[-0.250563,51.513954],[-0.250426,51.513952],[-0.250253,51.51395],[-0.250148,51.513948],[-0.249928,51.513945],[-0.249839,51.513943],[-0.249821,51.513943],[-0.249759,51.513943],[-0.249742,51.513944],[-0.24936,51.513945],[-0.249321,51.513975],[-0.249256,51.514024],[-0.249195,51.514096],[-0.249172,51.514132],[-0.249141,51.514102],[-0.249116,51.514078],[-0.249024,51.51399],[-0.249003,51.51397],[-0.248998,51.513957],[-0.248995,51.513948]]]}},{"type":"Feature","properties":{"LSOA21CD":"E01001245","LSOA21NM":"Ealing 024F","MEAN_PTAL_":"3","mean_AI":11.4024589865,"borough":"Hammersmith & Fulham"},"geometry":{"type":"Polygon","coordinates":[[[-0.247029,51.508405],[-0.246985,51.508142],[-0.246981,51.508121],[-0.246967,51.508038],[-0.246966,51.508031],[-0.246945,51.50791],[-0.246941,51.507885],[-0.24693,51.507819],[-0.246909,51.507696],[-0.246869,51.507457],[-0.24684,51.507289],[-0.246832,51.507237],[-0.246825,51.507193],[-0.246828,51.507167],[-0.246818,51.507156],[-0.246814,51.507131],[-0.246811,51.507117],[-0.246761,51.506836],[-0.24674,51.506721],[-0.246489,51.506733],[-0.246492,51.506702],[-0.246494,51.506681],[-0.246492,51.506656],[-0.246488,51.506577],[-0.246485,51.506559],[-0.24647,51.506476],[-0.246462,51.50643],[-0.246454,51.506384],[-0.246446,51.506361],[-0.246436,51.50633],[-0.246424,51.506293],[-0.246419,51.506278],[-0.246412,51.506257],[-0.246399,51.506225],[-0.246379,51.506176],[-0.246372,51.506158],[-0.246367,51.506146],[-0.246357,51.50612],[-0.246346,51.506099],[-0.246343,51.506094],[-0.246341,51.50609],[-0.246326,51.506058],[-0.246303,51.506013],[-0.2463,51.506005],[-0.246283,51.505972],[-0.24628,51.505966],[-0.246257,51.50592],[-0.246243,51.505891],[-0.246238,51.505879],[-0.246229,51.505861],[-0.24622,51.505842],[-0.246213,51.505827],[-0.246207,51.505814],[-0.246195,51.505789],[-0.246165,51.505724],[-0.246146,51.505685],[-0.246133,51.505657],[-0.24613,51.505651],[-0.246124,51.505638],[-0.246109,51.505605],[-0.246084,51.505551],[-0.24608,51.505543],[-0.246076,51.505534],[-0.246056,51.505491],[-0.246049,51.505476],[-0.246028,51.505432],[-0.246027,51.505429],[-0.246008,51.505388],[-0.246006,51.505384],[-0.246,51.505371],[-0.245993,51.505356],[-0.245979,51.505323],[-0.245971,51.505306],[-0.245958,51.505276],[-0.245946,51.505247],[-0.245942,51.505239],[-0.245928,51.505206],[-0.245914,51.505175],[-0.245899,51.505139],[-0.245888,51.505115],[-0.245875,51.505085],[-0.245864,51.505061],[-0.245853,51.505035],[-0.245847,51.505021],[-0.245833,51.50499],[-0.245831,51.504986],[-0.245807,51.50493],[-0.245789,51.504888],[-0.245785,51.504879],[-0.245757,51.504815],[-0.245746,51.50479],[-0.245721,51.504732],[-0.245697,51.504677],[-0.245695,51.504674],[-0.245689,51.504659],[-0.246024,51.5046],[-0.246076,51.50459],[-0.246119,51.504583],[-0.246144,51.504578],[-0.246161,51.504575],[-0.246231,51.504563],[-0.246287,51.504553],[-0.246299,51.504551],[-0.246346,51.504543],[-0.246377,51.504537],[-0.246425,51.504529],[-0.24643,51.504528],[-0.246434,51.504527],[-0.246445,51.504525],[-0.246516,51.504512],[-0.246532,51.504511],[-0.246619,51.504501],[-0.246643,51.504498],[-0.246682,51.504494],[-0.246708,51.50449],[-0.246727,51.504488],[-0.246796,51.50448],[-0.24684,51.504475],[-0.246891,51.50447],[-0.246912,51.504467],[-0.24693,51.504465],[-0.246942,51.504464],[-0.246949,51.504463],[-0.246973,51.50446],[-0.24704,51.504453],[-0.247077,51.504448],[-0.2471,51.504446],[-0.247117,51.504444],[-0.247158,51.504439],[-0.247168,51.504438],[-0.247181,51.504436],[-0.247258,51.504428],[-0.247275,51.504426],[-0.24728,51.504425],[-0.247327,51.50442],[-0.247346,51.504418],[-0.24738,51.504414],[-0.24743,51.504408],[-0.247496,51.504401],[-0.247537,51.504396],[-0.247543,51.504395],[-0.247573,51.504392],[-0.247607,51.504388],[-0.247688,51.504379],[-0.247762,51.50437],[-0.24781,51.504365],[-0.247831,51.504362],[-0.247895,51.504355],[-0.247961,51.504347],[-0.248018,51.504341],[-0.24802,51.504346],[-0.248067,51.504436],[-0.248098,51.504495],[-0.248111,51.504519],[-0.248209,51.504512],[-0.248223,51.504511],[-0.248272,51.504507],[-0.248302,51.504505],[-0.248384,51.504499],[-0.248391,51.504498],[-0.248396,51.504498],[-0.248471,51.504492],[-0.248554,51.504486],[-0.24861,51.504482],[-0.24863,51.50448],[-0.248662,51.504478],[-0.248707,51.504475],[-0.248788,51.504469],[-0.248858,51.504464],[-0.248866,51.504462],[-0.24893,51.504449],[-0.249032,51.504429],[-0.249037,51.504427],[-0.249157,51.504413],[-0.249174,51.504411],[-0.249253,51.504402],[-0.249347,51.504551],[-0.249383,51.504607],[-0.249417,51.504662],[-0.24943,51.504637],[-0.249458,51.504581],[-0.249651,51.504587],[-0.249704,51.504588],[-0.249802,51.504591],[-0.249863,51.504593],[-0.249867,51.504548],[-0.249877,51.504434],[-0.249878,51.504423],[-0.249881,51.504386],[-0.250028,51.504396],[-0.250048,51.504399],[-0.250074,51.504402],[-0.250079,51.504403],[-0.250091,51.504404],[-0.250118,51.504407],[-0.250164,51.504413],[-0.250186,51.504416],[-0.250208,51.504418],[-0.250229,51.504421],[-0.250291,51.504434],[-0.250388,51.504456],[-0.250438,51.504467],[-0.25051,51.504483],[-0.250572,51.504496],[-0.250628,51.504508],[-0.250736,51.504532],[-0.250746,51.504534],[-0.250817,51.50455],[-0.250834,51.504558],[-0.250939,51.504604],[-0.250995,51.504629],[-0.250978,51.50468],[-0.250911,51.504886],[-0.250908,51.504935],[-0.250906,51.504961],[-0.250905,51.504983],[-0.250902,51.505026],[-0.251015,51.50538],[-0.251017,51.505387],[-0.25102,51.505396],[-0.25103,51.505429],[-0.251035,51.505444],[-0.251041,51.505463],[-0.251056,51.505509],[-0.251062,51.505527],[-0.251076,51.505573],[-0.251079,51.505582],[-0.251095,51.505632],[-0.251102,51.505653],[-0.251108,51.505672],[-0.25082,51.505711],[-0.250413,51.505705],[-0.250412,51.505721],[-0.25041,51.505743],[-0.250119,51.505757],[-0.249464,51.505788],[-0.249481,51.505846],[-0.249499,51.506047],[-0.249504,51.506104],[-0.24963,51.506144],[-0.249713,51.50617],[-0.249839,51.506221],[-0.249944,51.506269],[-0.250009,51.506311],[-0.250092,51.506348],[-0.250166,51.50637],[-0.250248,51.506382],[-0.250336,51.506382],[-0.250377,51.506375],[-0.250574,51.506314],[-0.250595,51.506329],[-0.250599,51.506392],[-0.2506,51.50641],[-0.250603,51.50667],[-0.250603,51.506698],[-0.250416,51.506695],[-0.250371,51.506694],[-0.24987,51.506683],[-0.2495,51.506674],[-0.249515,51.506773],[-0.249517,51.506781],[-0.249631,51.507501],[-0.249688,51.50787],[-0.249692,51.507898],[-0.249357,51.507934],[-0.249171,51.507953],[-0.249241,51.508386],[-0.248649,51.508427],[-0.24865,51.508412],[-0.248196,51.508438],[-0.248167,51.508439],[-0.24813,51.508441],[-0.24807,51.508445],[-0.247652,51.50847],[-0.247589,51.508474],[-0.247577,51.508475],[-0.247404,51.508485],[-0.247046,51.508506],[-0.247043,51.508489],[-0.247035,51.508437],[-0.247029,51.508405]]]}},{"type":"Feature","properties":{"LSOA21CD":"E01001246","LSOA21NM":"Ealing 015D","MEAN_PTAL_":"3","mean_AI":11.1336218004,"borough":"Hammersmith & Fulham"},"geometry":{"type":"Polygon","coordinates":[[[-0.256143,51.534443],[-0.25614,51.534431],[-0.256129,51.534393],[-0.256123,51.534367],[-0.256117,51.534342],[-0.256087,51.534211],[-0.256026,51.533954],[-0.25593,51.533962],[-0.255691,51.533983],[-0.25564,51.533987],[-0.255247,51.534021],[-0.254898,51.534038],[-0.254856,51.53404],[-0.254788,51.534044],[-0.254523,51.534056],[-0.254514,51.534057],[-0.254219,51.534071],[-0.254126,51.534076],[-0.254076,51.534078],[-0.254015,51.534081],[-0.253914,51.534085],[-0.253899,51.534086],[-0.25389,51.534086],[-0.253298,51.534111],[-0.253242,51.534113],[-0.253081,51.534119],[-0.252838,51.534129],[-0.25236,51.534142],[-0.252317,51.534144],[-0.252247,51.534138],[-0.252143,51.53413],[-0.252136,51.534129],[-0.252066,51.534113],[-0.252043,51.534106],[-0.252034,51.534103],[-0.252015,51.534097],[-0.252007,51.534094],[-0.251991,51.534088],[-0.251924,51.534062],[-0.251914,51.534058],[-0.25191,51.534056],[-0.251888,51.534047],[-0.2518,51.534012],[-0.25179,51.534009],[-0.251777,51.534004],[-0.251756,51.533998],[-0.251738,51.533993],[-0.251649,51.533969],[-0.25163,51.533964],[-0.251608,51.533958],[-0.251586,51.533951],[-0.251542,51.53394],[-0.251533,51.533938],[-0.251522,51.533936],[-0.251486,51.533929],[-0.25145,51.533922],[-0.251433,51.533919],[-0.251354,51.533908],[-0.251339,51.533906],[-0.251333,51.533906],[-0.251289,51.533903],[-0.251278,51.533902],[-0.251232,51.533899],[-0.251207,51.533898],[-0.251201,51.533898],[-0.251163,51.533898],[-0.251133,51.533897],[-0.251117,51.533897],[-0.251093,51.533898],[-0.251042,51.533901],[-0.251014,51.533903],[-0.250979,51.533905],[-0.250954,51.533908],[-0.250908,51.533914],[-0.250806,51.534089],[-0.250772,51.534147],[-0.250768,51.534154],[-0.25075,51.534185],[-0.250663,51.534169],[-0.250619,51.534161],[-0.250519,51.534143],[-0.250449,51.53413],[-0.250383,51.534118],[-0.250293,51.534101],[-0.250286,51.5341],[-0.250228,51.534089],[-0.250221,51.534088],[-0.250126,51.534071],[-0.250118,51.534069],[-0.250097,51.534065],[-0.250051,51.534057],[-0.25002,51.534051],[-0.249802,51.534011],[-0.249437,51.533944],[-0.249383,51.533934],[-0.249001,51.533864],[-0.248953,51.533855],[-0.248664,51.5338],[-0.248404,51.53375],[-0.247997,51.533672],[-0.247833,51.533638],[-0.247632,51.533596],[-0.247391,51.533531],[-0.247336,51.533516],[-0.247256,51.53349],[-0.247203,51.533473],[-0.24713,51.533443],[-0.247095,51.533424],[-0.246908,51.533263],[-0.246821,51.533188],[-0.246753,51.533129],[-0.246719,51.533097],[-0.246586,51.532968],[-0.246558,51.532941],[-0.246508,51.532893],[-0.246498,51.532883],[-0.246462,51.53286],[-0.246371,51.532801],[-0.246366,51.532731],[-0.246374,51.532701],[-0.24638,51.532675],[-0.246405,51.532577],[-0.246414,51.532555],[-0.246428,51.532522],[-0.246434,51.532507],[-0.246446,51.532478],[-0.246455,51.532461],[-0.246491,51.532395],[-0.246577,51.532265],[-0.246616,51.532217],[-0.246729,51.532079],[-0.24683,51.531956],[-0.246918,51.531847],[-0.246767,51.531789],[-0.246665,51.531751],[-0.246601,51.531726],[-0.246502,51.531689],[-0.246413,51.531655],[-0.246392,51.531647],[-0.246341,51.531628],[-0.246308,51.531617],[-0.24577,51.531449],[-0.245273,51.531293],[-0.245418,51.531112],[-0.245598,51.53108],[-0.245648,51.531076],[-0.245728,51.531069],[-0.24576,51.531066],[-0.245816,51.53106],[-0.245891,51.531051],[-0.2459,51.531049],[-0.24591,51.531048],[-0.245983,51.531039],[-0.246015,51.531033],[-0.246026,51.531032],[-0.246163,51.531007],[-0.246279,51.530985],[-0.246301,51.530981],[-0.246352,51.530972],[-0.24639,51.530964],[-0.2464,51.530962],[-0.246477,51.530947],[-0.246544,51.530933],[-0.246591,51.530923],[-0.246638,51.530911],[-0.246685,51.530898],[-0.246733,51.530883],[-0.246781,51.530867],[-0.246806,51.530859],[-0.246825,51.530852],[-0.246868,51.530835],[-0.24691,51.530818],[-0.246935,51.530807],[-0.246951,51.530799],[-0.246988,51.530782],[-0.246991,51.53078],[-0.247031,51.53076],[-0.247206,51.530646],[-0.247239,51.530625],[-0.247244,51.530621],[-0.247301,51.530585],[-0.247406,51.530516],[-0.247475,51.530478],[-0.247494,51.530467],[-0.247507,51.53046],[-0.247613,51.530401],[-0.247665,51.530372],[-0.247755,51.530322],[-0.247797,51.530299],[-0.247844,51.530273],[-0.247891,51.530247],[-0.248038,51.530165],[-0.248047,51.530161],[-0.248091,51.530127],[-0.248113,51.53011],[-0.248117,51.530107],[-0.248209,51.530038],[-0.248268,51.529993],[-0.248307,51.529963],[-0.248345,51.529934],[-0.248392,51.529898],[-0.248451,51.529854],[-0.248474,51.529836],[-0.248483,51.52983],[-0.248531,51.529793],[-0.248596,51.529744],[-0.248641,51.52971],[-0.248684,51.529677],[-0.248757,51.529622],[-0.248823,51.529572],[-0.248832,51.529566],[-0.248894,51.529519],[-0.249091,51.529371],[-0.249205,51.529284],[-0.249388,51.529146],[-0.249439,51.529144],[-0.249463,51.529142],[-0.249517,51.529139],[-0.249637,51.529132],[-0.249816,51.52896],[-0.249821,51.528956],[-0.250117,51.528673],[-0.250386,51.528417],[-0.250053,51.528283],[-0.250173,51.528164],[-0.2502,51.528137],[-0.250204,51.528133],[-0.25024,51.528097],[-0.25028,51.528057],[-0.250299,51.528039],[-0.250342,51.527996],[-0.250528,51.527895],[-0.250566,51.527874],[-0.250533,51.527811],[-0.25061,51.527846],[-0.250732,51.52792],[-0.250795,51.527979],[-0.250798,51.527982],[-0.250873,51.528093],[-0.250905,51.528141],[-0.250954,51.528126],[-0.251029,51.528104],[-0.251183,51.528059],[-0.251364,51.528006],[-0.251486,51.52797],[-0.251984,51.527824],[-0.252039,51.527801],[-0.252149,51.527754],[-0.252189,51.527737],[-0.252307,51.527667],[-0.252455,51.527579],[-0.25284,51.527324],[-0.252875,51.527303],[-0.253017,51.527219],[-0.253007,51.527212],[-0.252834,51.52709],[-0.25283,51.527087],[-0.252813,51.527072],[-0.252729,51.527002],[-0.25268,51.526962],[-0.252638,51.526934],[-0.25261,51.526925],[-0.252553,51.526906],[-0.252453,51.526887],[-0.252395,51.526876],[-0.252295,51.526857],[-0.252273,51.526857],[-0.252277,51.526771],[-0.252277,51.526751],[-0.252287,51.526659],[-0.252382,51.526623],[-0.252549,51.526511],[-0.252598,51.526513],[-0.252628,51.526509],[-0.253205,51.526511],[-0.25327,51.526589],[-0.253315,51.526576],[-0.253332,51.526666],[-0.253363,51.526828],[-0.253386,51.52698],[-0.253433,51.526951],[-0.253456,51.526937],[-0.253521,51.526896],[-0.2538,51.526718],[-0.253809,51.526712],[-0.25388,51.526668],[-0.253986,51.526602],[-0.254686,51.526165],[-0.25519,51.526477],[-0.255667,51.526773],[-0.25577,51.526837],[-0.255889,51.526911],[-0.256039,51.527004],[-0.256559,51.527325],[-0.25677,51.527223],[-0.256953,51.527133],[-0.257132,51.527046],[-0.257147,51.527037],[-0.258308,51.526452],[-0.25842,51.526385],[-0.258559,51.526303],[-0.258811,51.526127],[-0.258938,51.526013],[-0.25899,51.525968],[-0.259185,51.525764],[-0.259291,51.52563],[-0.259324,51.525585],[-0.259354,51.525543],[-0.259466,51.525389],[-0.2596,51.525206],[-0.259641,51.52515],[-0.259845,51.525203],[-0.260165,51.525285],[-0.260269,51.525312],[-0.26035,51.525196],[-0.260574,51.524876],[-0.260695,51.524716],[-0.26098,51.524413],[-0.260996,51.524397],[-0.261004,51.524388],[-0.26101,51.524381],[-0.261175,51.524204],[-0.261186,51.524193],[-0.261996,51.52436],[-0.262438,51.524452],[-0.262398,51.524491],[-0.262249,51.52464],[-0.261984,51.524904],[-0.2616,51.525245],[-0.261582,51.525262],[-0.261997,51.525505],[-0.262315,51.525706],[-0.262321,51.52571],[-0.262525,51.525853],[-0.262719,51.525988],[-0.262838,51.526072],[-0.263028,51.526215],[-0.263045,51.526228],[-0.2631,51.526274],[-0.26409,51.526052],[-0.264281,51.526393],[-0.26436,51.526533],[-0.264482,51.526723],[-0.264641,51.526997],[-0.264832,51.527325],[-0.26501,51.527631],[-0.265036,51.527694],[-0.265092,51.527768],[-0.265132,51.527821],[-0.265135,51.527826],[-0.265566,51.528565],[-0.265579,51.528583],[-0.265687,51.528783],[-0.26595,51.528721],[-0.266051,51.528698],[-0.266141,51.529403],[-0.2664,51.529952],[-0.266728,51.530368],[-0.266779,51.530433],[-0.266587,51.530514],[-0.266534,51.530545],[-0.266104,51.530802],[-0.266095,51.530808],[-0.265975,51.530878],[-0.26584,51.530958],[-0.265324,51.531263],[-0.265262,51.531303],[-0.265258,51.531305],[-0.26521,51.531338],[-0.26517,51.531367],[-0.265161,51.531373],[-0.265148,51.531383],[-0.265144,51.531386],[-0.265115,51.531409],[-0.265099,51.531421],[-0.265069,51.531445],[-0.265026,51.531483],[-0.265021,51.531487],[-0.264931,51.53157],[-0.264887,51.531611],[-0.26488,51.531618],[-0.264851,51.531643],[-0.264828,51.531675],[-0.264819,51.531711],[-0.264822,51.531737],[-0.264766,51.531885],[-0.264756,51.531912],[-0.264754,51.531917],[-0.264748,51.531935],[-0.264743,51.53195],[-0.264734,51.531982],[-0.264824,51.532172],[-0.26483,51.532186],[-0.264702,51.532221],[-0.26468,51.532226],[-0.26468,51.532226],[-0.264652,51.532234],[-0.264576,51.532255],[-0.26457,51.532256],[-0.264417,51.532298],[-0.264399,51.532304],[-0.264227,51.532362],[-0.264143,51.53239],[-0.264039,51.532425],[-0.264033,51.532428],[-0.263977,51.532446],[-0.263921,51.532465],[-0.263846,51.53249],[-0.263756,51.532525],[-0.263715,51.532541],[-0.263675,51.532556],[-0.263604,51.532583],[-0.2636,51.532585],[-0.263561,51.5326],[-0.26336,51.532676],[-0.263355,51.532678],[-0.263308,51.532704],[-0.263279,51.53272],[-0.263163,51.532783],[-0.263102,51.532816],[-0.262885,51.532934],[-0.262826,51.532969],[-0.262802,51.532983],[-0.262697,51.533046],[-0.2626,51.533103],[-0.262545,51.533136],[-0.262382,51.533232],[-0.262235,51.533319],[-0.262207,51.533336],[-0.262052,51.533428],[-0.261538,51.533736],[-0.261487,51.533767],[-0.261308,51.533874],[-0.261207,51.533934],[-0.261132,51.53398],[-0.260948,51.534093],[-0.260929,51.534105],[-0.260926,51.534106],[-0.260911,51.534116],[-0.260602,51.534305],[-0.260566,51.534332],[-0.260522,51.534364],[-0.260411,51.534535],[-0.260295,51.534501],[-0.260273,51.534511],[-0.260266,51.534515],[-0.260105,51.53459],[-0.260026,51.534612],[-0.259639,51.534716],[-0.258432,51.535074],[-0.258233,51.535144],[-0.258071,51.535201],[-0.258021,51.535218],[-0.258001,51.535228],[-0.257785,51.535338],[-0.257675,51.5353],[-0.257196,51.535131],[-0.256722,51.535012],[-0.256692,51.535004],[-0.256511,51.534959],[-0.256424,51.534929],[-0.256409,51.534904],[-0.256404,51.534898],[-0.256398,51.534888],[-0.256374,51.534852],[-0.256358,51.534834],[-0.256351,51.534827],[-0.256345,51.53482],[-0.256306,51.53478],[-0.256274,51.534743],[-0.256241,51.534689],[-0.256217,51.53464],[-0.256197,51.534592],[-0.256178,51.534542],[-0.256162,51.534499],[-0.256159,51.534492],[-0.256158,51.534488],[-0.256143,51.534443]]]}},{"type":"Feature","properties":{"LSOA21CD":"E01001851","LSOA21NM":"Hammersmith and Fulham 010A","MEAN_PTAL_":"5","mean_AI":21.9524380812,"borough":"Hammersmith & Fulham"},"geometry":{"type":"Polygon","coordinates":[[[-0.217861,51.501095],[-0.217621,51.500901],[-0.217506,51.500969],[-0.217466,51.500992],[-0.217471,51.500967],[-0.217485,51.500885],[-0.217488,51.500813],[-0.217502,51.500716],[-0.217511,51.500654],[-0.217524,51.500565],[-0.217533,51.500557],[-0.217536,51.500553],[-0.217575,51.500527],[-0.217596,51.500512],[-0.2176,51.500507],[-0.217757,51.500469],[-0.217814,51.500443],[-0.217849,51.500416],[-0.217898,51.500358],[-0.217908,51.50035],[-0.217923,51.500331],[-0.217858,51.500308],[-0.217617,51.500273],[-0.21763,51.50019],[-0.217539,51.500235],[-0.217541,51.500184],[-0.217357,51.500141],[-0.217335,51.500122],[-0.217475,51.499969],[-0.217489,51.499927],[-0.21749,51.499874],[-0.217495,51.499874],[-0.21753,51.499867],[-0.217541,51.499867],[-0.217686,51.499842],[-0.21773,51.499825],[-0.217785,51.499788],[-0.217809,51.49976],[-0.217815,51.499753],[-0.217845,51.499683],[-0.217846,51.499679],[-0.217897,51.499678],[-0.217912,51.499679],[-0.217854,51.499663],[-0.217789,51.499646],[-0.217663,51.499613],[-0.217618,51.499601],[-0.21757,51.499589],[-0.217489,51.499567],[-0.217478,51.499564],[-0.217452,51.499558],[-0.217408,51.499546],[-0.217401,51.499543],[-0.217384,51.499539],[-0.217337,51.499519],[-0.217466,51.499292],[-0.217412,51.499272],[-0.217403,51.49927],[-0.217388,51.499266],[-0.217329,51.499259],[-0.21718,51.499478],[-0.217202,51.499492],[-0.217149,51.499478],[-0.217083,51.499461],[-0.216957,51.499428],[-0.216891,51.49941],[-0.216874,51.499406],[-0.216757,51.499375],[-0.216753,51.499374],[-0.216695,51.499359],[-0.216291,51.499253],[-0.215997,51.499175],[-0.215981,51.499171],[-0.215897,51.499292],[-0.215859,51.499346],[-0.215837,51.499378],[-0.21579,51.499446],[-0.215764,51.499483],[-0.215717,51.49955],[-0.215695,51.499582],[-0.215615,51.499696],[-0.215605,51.499693],[-0.215359,51.49962],[-0.215341,51.499607],[-0.215313,51.499587],[-0.215293,51.499557],[-0.215371,51.499507],[-0.215421,51.499438],[-0.215429,51.499407],[-0.215424,51.499358],[-0.215406,51.499313],[-0.215411,51.499305],[-0.215429,51.499281],[-0.215438,51.499268],[-0.215462,51.499235],[-0.215491,51.499196],[-0.215496,51.499189],[-0.215504,51.499178],[-0.215519,51.499158],[-0.215524,51.499152],[-0.215546,51.499121],[-0.215559,51.499104],[-0.215562,51.4991],[-0.215567,51.499093],[-0.215576,51.499081],[-0.2156,51.499048],[-0.21561,51.499034],[-0.215613,51.49903],[-0.215645,51.498988],[-0.21565,51.49898],[-0.215659,51.498969],[-0.215677,51.498944],[-0.215681,51.498939],[-0.215683,51.498936],[-0.2157,51.498914],[-0.215705,51.498907],[-0.215724,51.498882],[-0.215735,51.498867],[-0.215752,51.498845],[-0.215755,51.498841],[-0.215761,51.498833],[-0.215763,51.49883],[-0.215787,51.498798],[-0.215795,51.498787],[-0.21582,51.498754],[-0.215826,51.498746],[-0.215836,51.498733],[-0.215839,51.498728],[-0.215854,51.498709],[-0.215861,51.498699],[-0.215864,51.498696],[-0.215886,51.498666],[-0.215892,51.498658],[-0.215924,51.498615],[-0.215933,51.498603],[-0.215949,51.498582],[-0.215973,51.498549],[-0.215899,51.498526],[-0.215586,51.498428],[-0.215597,51.498414],[-0.21561,51.498396],[-0.215613,51.498391],[-0.215622,51.498379],[-0.21563,51.498368],[-0.215679,51.4983],[-0.215688,51.498288],[-0.215697,51.498274],[-0.215703,51.498266],[-0.215727,51.498233],[-0.215735,51.498222],[-0.215756,51.498192],[-0.215794,51.49814],[-0.215812,51.498115],[-0.215815,51.49811],[-0.21584,51.498075],[-0.215851,51.49806],[-0.215884,51.498015],[-0.215891,51.498005],[-0.215895,51.498],[-0.215897,51.497997],[-0.215929,51.497952],[-0.215932,51.497948],[-0.215961,51.497907],[-0.215967,51.497899],[-0.215986,51.497873],[-0.21599,51.497868],[-0.216016,51.497831],[-0.216033,51.497808],[-0.216038,51.4978],[-0.216042,51.497795],[-0.216052,51.497782],[-0.216071,51.497754],[-0.21609,51.497729],[-0.216108,51.497704],[-0.216116,51.497707],[-0.216437,51.497794],[-0.216471,51.497753],[-0.216498,51.497719],[-0.216528,51.497682],[-0.216533,51.497676],[-0.216549,51.497655],[-0.216575,51.497618],[-0.216658,51.497495],[-0.216779,51.497518],[-0.216786,51.497514],[-0.216807,51.497502],[-0.217011,51.497384],[-0.217028,51.497394],[-0.217098,51.497435],[-0.217159,51.497471],[-0.217205,51.49748],[-0.217239,51.497487],[-0.217316,51.497501],[-0.217399,51.497517],[-0.217491,51.497535],[-0.217526,51.497541],[-0.217556,51.49751],[-0.217574,51.497491],[-0.217593,51.497471],[-0.217609,51.497455],[-0.217641,51.497421],[-0.217654,51.497408],[-0.217694,51.497365],[-0.217736,51.497322],[-0.217742,51.497315],[-0.217764,51.497291],[-0.217784,51.497274],[-0.217828,51.497233],[-0.217868,51.497196],[-0.217899,51.497168],[-0.217903,51.497163],[-0.217919,51.497149],[-0.217937,51.497132],[-0.218011,51.497159],[-0.218073,51.497181],[-0.218178,51.497219],[-0.218195,51.497225],[-0.218253,51.497246],[-0.218272,51.49723],[-0.218274,51.497228],[-0.218335,51.497255],[-0.218423,51.497281],[-0.218498,51.497302],[-0.218509,51.497304],[-0.218551,51.497316],[-0.218565,51.497318],[-0.218634,51.497337],[-0.218736,51.497382],[-0.218767,51.49738],[-0.218791,51.497387],[-0.218927,51.497428],[-0.218944,51.497431],[-0.218978,51.497441],[-0.219042,51.497451],[-0.219082,51.497463],[-0.219095,51.497465],[-0.219117,51.497472],[-0.219191,51.497484],[-0.219195,51.497485],[-0.219235,51.497497],[-0.219253,51.4975],[-0.219281,51.497508],[-0.219306,51.497512],[-0.219363,51.497528],[-0.219391,51.497533],[-0.219432,51.497545],[-0.219488,51.497554],[-0.219503,51.497558],[-0.219547,51.497567],[-0.21958,51.497578],[-0.219632,51.497587],[-0.219652,51.49759],[-0.219742,51.497619],[-0.2198,51.497611],[-0.219843,51.497606],[-0.21985,51.497613],[-0.219723,51.497791],[-0.219693,51.497834],[-0.219661,51.497874],[-0.219659,51.497877],[-0.219635,51.497873],[-0.219611,51.497869],[-0.219604,51.49787],[-0.219592,51.497887],[-0.219519,51.497984],[-0.219423,51.49811],[-0.2193,51.498038],[-0.219233,51.498022],[-0.219142,51.498021],[-0.219067,51.498033],[-0.219009,51.498051],[-0.21905,51.498106],[-0.219101,51.498144],[-0.219144,51.498163],[-0.219347,51.498197],[-0.219361,51.498193],[-0.21939,51.498185],[-0.219396,51.498188],[-0.219407,51.498196],[-0.219426,51.49821],[-0.219493,51.498257],[-0.219588,51.498294],[-0.219625,51.4983],[-0.219691,51.498298],[-0.219802,51.498277],[-0.219873,51.498254],[-0.219898,51.498259],[-0.219945,51.498264],[-0.219962,51.498267],[-0.219987,51.498275],[-0.220049,51.498287],[-0.220111,51.498294],[-0.220117,51.498295],[-0.220145,51.4983],[-0.220174,51.498306],[-0.220224,51.498311],[-0.220289,51.498324],[-0.220294,51.498325],[-0.220369,51.498333],[-0.220439,51.498348],[-0.220452,51.498351],[-0.220521,51.498365],[-0.220549,51.498373],[-0.220562,51.498375],[-0.220598,51.498379],[-0.220619,51.498383],[-0.220675,51.498388],[-0.220819,51.498416],[-0.220826,51.498418],[-0.220835,51.498417],[-0.221021,51.498448],[-0.221028,51.498448],[-0.221035,51.498448],[-0.221041,51.498449],[-0.22107,51.498456],[-0.221081,51.498459],[-0.221133,51.498466],[-0.221144,51.498469],[-0.221155,51.49847],[-0.221222,51.49848],[-0.221243,51.498485],[-0.221306,51.498494],[-0.221313,51.498496],[-0.221328,51.498499],[-0.221361,51.498504],[-0.221403,51.498515],[-0.221425,51.498518],[-0.221444,51.498523],[-0.22147,51.498527],[-0.22154,51.49854],[-0.221563,51.498544],[-0.221572,51.498545],[-0.221581,51.498546],[-0.221627,51.498555],[-0.221652,51.498557],[-0.221674,51.498559],[-0.221698,51.498564],[-0.221706,51.498566],[-0.22171,51.498569],[-0.22173,51.498585],[-0.221779,51.49864],[-0.221777,51.498645],[-0.221751,51.498753],[-0.221725,51.498856],[-0.22171,51.498916],[-0.221709,51.498921],[-0.221704,51.498939],[-0.221693,51.498985],[-0.22165,51.499155],[-0.221642,51.499191],[-0.221622,51.499268],[-0.221619,51.499282],[-0.221605,51.499339],[-0.221564,51.499503],[-0.22156,51.499519],[-0.221538,51.499605],[-0.221533,51.499604],[-0.221541,51.499608],[-0.221483,51.499596],[-0.221343,51.499569],[-0.221337,51.499568],[-0.22133,51.499564],[-0.221122,51.499524],[-0.221121,51.499528],[-0.22104,51.499703],[-0.221021,51.499715],[-0.220982,51.49974],[-0.220954,51.499717],[-0.220867,51.499678],[-0.220761,51.499662],[-0.220681,51.499681],[-0.220603,51.499685],[-0.220595,51.499688],[-0.220577,51.499691],[-0.220533,51.499717],[-0.220521,51.49972],[-0.220434,51.499769],[-0.22042,51.499773],[-0.220354,51.499805],[-0.220338,51.499818],[-0.220317,51.499826],[-0.220255,51.499866],[-0.220246,51.499869],[-0.220172,51.499909],[-0.220102,51.499937],[-0.220063,51.499962],[-0.220002,51.49998],[-0.219997,51.499981],[-0.219953,51.500014],[-0.219908,51.500034],[-0.219869,51.500061],[-0.219846,51.500069],[-0.219787,51.500103],[-0.219784,51.500106],[-0.219722,51.500136],[-0.219712,51.500139],[-0.219649,51.50017],[-0.219644,51.500174],[-0.21958,51.500202],[-0.219543,51.500228],[-0.219479,51.500247],[-0.219435,51.500282],[-0.219384,51.500302],[-0.219341,51.500327],[-0.219359,51.500342],[-0.219121,51.500458],[-0.218944,51.500544],[-0.218936,51.500548],[-0.218868,51.500582],[-0.218863,51.500584],[-0.218821,51.500605],[-0.218815,51.500607],[-0.21861,51.500708],[-0.218526,51.500751],[-0.21844,51.500795],[-0.218116,51.500961],[-0.217985,51.501029],[-0.217861,51.501095]]]}},{"type":"Feature","properties":{"LSOA21CD":"E01001853","LSOA21NM":"Hammersmith and Fulham 007B","MEAN_PTAL_":"6a","mean_AI":25.825644371,"borough":"Hammersmith & Fulham"},"geometry":{"type":"Polygon","coordinates":[[[-0.223972,51.50211],[-0.223455,51.502023],[-0.223419,51.502038],[-0.223361,51.502068],[-0.223337,51.502085],[-0.223262,51.502081],[-0.223205,51.50199],[-0.223192,51.501969],[-0.222903,51.502045],[-0.222772,51.501966],[-0.222752,51.501916],[-0.222757,51.501898],[-0.222771,51.501846],[-0.222816,51.501811],[-0.222849,51.501741],[-0.222873,51.501709],[-0.222876,51.501704],[-0.222911,51.501657],[-0.222809,51.501621],[-0.222796,51.501615],[-0.222742,51.501589],[-0.222735,51.501583],[-0.222679,51.501552],[-0.222646,51.50152],[-0.222588,51.501412],[-0.222611,51.501296],[-0.222612,51.501291],[-0.222627,51.501291],[-0.222625,51.50127],[-0.222619,51.501189],[-0.222606,51.501019],[-0.222612,51.501008],[-0.222605,51.501003],[-0.2226,51.500999],[-0.222537,51.500898],[-0.222521,51.500841],[-0.222529,51.500768],[-0.222561,51.500695],[-0.222565,51.500686],[-0.222603,51.500663],[-0.222613,51.500657],[-0.222561,51.50055],[-0.222558,51.50052],[-0.222577,51.500433],[-0.222614,51.500365],[-0.22263,51.500352],[-0.222588,51.500289],[-0.222563,51.500212],[-0.222563,51.500178],[-0.22262,51.500054],[-0.222628,51.50005],[-0.222644,51.500041],[-0.22262,51.500002],[-0.222561,51.499908],[-0.222557,51.499883],[-0.222553,51.499853],[-0.222564,51.499813],[-0.222566,51.499811],[-0.222604,51.499755],[-0.222654,51.499708],[-0.222667,51.499699],[-0.222664,51.499696],[-0.222637,51.499674],[-0.222637,51.499654],[-0.222635,51.499502],[-0.222635,51.499494],[-0.222639,51.499387],[-0.222642,51.499382],[-0.22265,51.499373],[-0.222661,51.49936],[-0.222617,51.499336],[-0.222599,51.4992],[-0.222628,51.499138],[-0.222675,51.499094],[-0.222759,51.499046],[-0.222846,51.499013],[-0.222891,51.49899],[-0.222953,51.498959],[-0.222954,51.498931],[-0.222966,51.498912],[-0.22298,51.498891],[-0.222986,51.498876],[-0.223003,51.498867],[-0.223128,51.498788],[-0.22316,51.498781],[-0.223316,51.498747],[-0.22339,51.498743],[-0.223454,51.498748],[-0.223588,51.498788],[-0.22362,51.498797],[-0.223629,51.498805],[-0.223632,51.498808],[-0.223642,51.498807],[-0.22374,51.49879],[-0.223749,51.498788],[-0.223824,51.498776],[-0.223898,51.498775],[-0.224009,51.498788],[-0.224016,51.498791],[-0.224148,51.498843],[-0.224241,51.498892],[-0.224277,51.498914],[-0.224343,51.498947],[-0.224349,51.498951],[-0.224351,51.498995],[-0.224547,51.499073],[-0.224734,51.499097],[-0.224806,51.499101],[-0.224929,51.499096],[-0.225,51.499079],[-0.225004,51.499073],[-0.225036,51.49901],[-0.225047,51.498964],[-0.225045,51.498917],[-0.225032,51.498878],[-0.225,51.498828],[-0.224956,51.498781],[-0.224953,51.498779],[-0.225018,51.498719],[-0.225048,51.498674],[-0.225055,51.498649],[-0.225071,51.498636],[-0.225084,51.498625],[-0.225117,51.498568],[-0.225076,51.498462],[-0.225395,51.498453],[-0.225412,51.498541],[-0.225425,51.498605],[-0.225426,51.498611],[-0.225434,51.498652],[-0.225439,51.498677],[-0.225444,51.498705],[-0.225453,51.498746],[-0.225463,51.498796],[-0.225466,51.498811],[-0.225467,51.49882],[-0.225498,51.498818],[-0.225995,51.498787],[-0.226013,51.49887],[-0.22602,51.498901],[-0.226027,51.498935],[-0.226032,51.498955],[-0.226032,51.498958],[-0.226035,51.498971],[-0.226039,51.498987],[-0.22604,51.498992],[-0.226047,51.499026],[-0.226053,51.499052],[-0.226069,51.499128],[-0.226071,51.499137],[-0.226073,51.499146],[-0.226073,51.499149],[-0.226089,51.499222],[-0.226091,51.49923],[-0.226123,51.499379],[-0.226129,51.499406],[-0.22613,51.499413],[-0.226136,51.499439],[-0.226137,51.499445],[-0.226149,51.499501],[-0.22615,51.499503],[-0.226153,51.499517],[-0.226176,51.499623],[-0.226177,51.499631],[-0.226195,51.49971],[-0.226196,51.499714],[-0.226219,51.499816],[-0.22622,51.499822],[-0.226239,51.499907],[-0.22624,51.499911],[-0.226258,51.49999],[-0.226259,51.499995],[-0.226277,51.500076],[-0.226278,51.500082],[-0.226292,51.500143],[-0.226293,51.500148],[-0.226294,51.500152],[-0.226296,51.500161],[-0.226313,51.500239],[-0.226321,51.500273],[-0.226322,51.500277],[-0.226334,51.500332],[-0.226337,51.500344],[-0.226356,51.500429],[-0.226357,51.500433],[-0.226368,51.500485],[-0.226382,51.500545],[-0.226383,51.500552],[-0.226388,51.500571],[-0.226401,51.500632],[-0.226405,51.500648],[-0.226424,51.500735],[-0.226436,51.500786],[-0.22644,51.500805],[-0.226455,51.500872],[-0.226457,51.50088],[-0.226481,51.50099],[-0.226506,51.501101],[-0.22651,51.501119],[-0.226518,51.501154],[-0.226536,51.501237],[-0.226282,51.501232],[-0.226095,51.501229],[-0.225933,51.501139],[-0.225838,51.501206],[-0.225821,51.501218],[-0.225784,51.501244],[-0.225779,51.501247],[-0.225751,51.501268],[-0.225743,51.501273],[-0.225655,51.501335],[-0.225643,51.501344],[-0.225636,51.501349],[-0.225582,51.501387],[-0.225545,51.501413],[-0.225528,51.501426],[-0.225495,51.501448],[-0.22548,51.50146],[-0.225452,51.501479],[-0.225446,51.501484],[-0.225315,51.501486],[-0.225132,51.501488],[-0.225015,51.501568],[-0.224989,51.501586],[-0.22498,51.501592],[-0.224936,51.501609],[-0.224937,51.501645],[-0.22485,51.501656],[-0.224852,51.501698],[-0.224853,51.501711],[-0.224868,51.501731],[-0.224937,51.501825],[-0.224916,51.501831],[-0.224908,51.501833],[-0.224851,51.501851],[-0.22477,51.501872],[-0.22476,51.501875],[-0.22475,51.501877],[-0.224636,51.501907],[-0.224623,51.501911],[-0.224571,51.501924],[-0.224563,51.501926],[-0.224538,51.501933],[-0.224472,51.50195],[-0.224465,51.501952],[-0.224452,51.501955],[-0.224447,51.501956],[-0.224424,51.501962],[-0.224401,51.501968],[-0.224367,51.501977],[-0.224333,51.501986],[-0.224312,51.501991],[-0.224303,51.501994],[-0.224252,51.502007],[-0.22424,51.50201],[-0.224221,51.502015],[-0.224193,51.502022],[-0.224133,51.502038],[-0.224119,51.502041],[-0.224106,51.502045],[-0.224098,51.502047],[-0.224089,51.502049],[-0.224026,51.502066],[-0.224049,51.502098],[-0.223991,51.502111],[-0.223995,51.502118],[-0.223972,51.50211]]]}},{"type":"Feature","properties":{"LSOA21CD":"E01001854","LSOA21NM":"Hammersmith and Fulham 007C","MEAN_PTAL_":"6a","mean_AI":35.5395933644,"borough":"Hammersmith & Fulham"},"geometry":{"type":"Polygon","coordinates":[[[-0.219864,51.502947],[-0.21987,51.502916],[-0.219884,51.502837],[-0.219982,51.502369],[-0.219985,51.502356],[-0.219996,51.502304],[-0.219907,51.502254],[-0.219872,51.502233],[-0.219856,51.502235],[-0.219695,51.502228],[-0.219703,51.502171],[-0.219745,51.501845],[-0.219677,51.501834],[-0.219651,51.50183],[-0.219622,51.501825],[-0.219649,51.5017],[-0.219646,51.50169],[-0.219631,51.501648],[-0.219591,51.501608],[-0.21955,51.501582],[-0.219516,51.501597],[-0.219174,51.501763],[-0.219151,51.501751],[-0.219046,51.501767],[-0.218949,51.501782],[-0.21895,51.501811],[-0.218953,51.501874],[-0.218909,51.501877],[-0.218902,51.501877],[-0.218754,51.501902],[-0.218624,51.501923],[-0.21847,51.501948],[-0.218429,51.501952],[-0.218177,51.501977],[-0.218025,51.501992],[-0.217966,51.501997],[-0.21796,51.501998],[-0.218181,51.50189],[-0.218534,51.501717],[-0.218574,51.501686],[-0.218588,51.501678],[-0.218614,51.501669],[-0.21867,51.501637],[-0.218704,51.501623],[-0.218741,51.501607],[-0.218787,51.50158],[-0.218808,51.501571],[-0.218813,51.501568],[-0.218882,51.501539],[-0.21895,51.501493],[-0.218956,51.501489],[-0.218967,51.501482],[-0.21889,51.501396],[-0.218876,51.501381],[-0.21877,51.501263],[-0.218765,51.501264],[-0.218695,51.501285],[-0.218607,51.501332],[-0.218594,51.501319],[-0.218504,51.501368],[-0.218413,51.501417],[-0.218372,51.501438],[-0.218318,51.501467],[-0.218246,51.501506],[-0.218176,51.501543],[-0.218124,51.501571],[-0.218049,51.501612],[-0.218016,51.501629],[-0.217913,51.501684],[-0.217877,51.501703],[-0.217874,51.501705],[-0.217849,51.501719],[-0.217835,51.501726],[-0.217703,51.501796],[-0.217651,51.501825],[-0.217645,51.501793],[-0.21766,51.501752],[-0.217613,51.501729],[-0.217514,51.501582],[-0.217511,51.501578],[-0.217504,51.501567],[-0.217513,51.501563],[-0.217519,51.50156],[-0.217608,51.501517],[-0.217648,51.501498],[-0.217699,51.501474],[-0.217741,51.501453],[-0.21758,51.501367],[-0.21762,51.501318],[-0.217683,51.501241],[-0.217678,51.501233],[-0.217659,51.5012],[-0.217644,51.501208],[-0.217447,51.50131],[-0.217451,51.501231],[-0.217452,51.501221],[-0.217455,51.501207],[-0.217461,51.501181],[-0.217472,51.501129],[-0.217463,51.501121],[-0.217459,51.501117],[-0.217464,51.501028],[-0.217466,51.500992],[-0.217506,51.500969],[-0.217621,51.500901],[-0.217861,51.501095],[-0.217985,51.501029],[-0.218116,51.500961],[-0.21844,51.500795],[-0.218526,51.500751],[-0.21861,51.500708],[-0.218815,51.500607],[-0.218821,51.500605],[-0.218863,51.500584],[-0.218868,51.500582],[-0.218936,51.500548],[-0.218944,51.500544],[-0.219121,51.500458],[-0.219359,51.500342],[-0.219596,51.500537],[-0.219604,51.500544],[-0.219657,51.500517],[-0.219685,51.500502],[-0.219697,51.500493],[-0.219708,51.500489],[-0.219729,51.50048],[-0.220006,51.500623],[-0.220016,51.500617],[-0.22011,51.500569],[-0.220204,51.500521],[-0.22038,51.500431],[-0.220488,51.50038],[-0.220955,51.500159],[-0.221061,51.500078],[-0.2214,51.49995],[-0.221486,51.499919],[-0.221387,51.499824],[-0.221486,51.499868],[-0.221511,51.499908],[-0.221539,51.499907],[-0.221565,51.499908],[-0.222053,51.499925],[-0.222056,51.499931],[-0.22206,51.499942],[-0.222063,51.499948],[-0.222076,51.500021],[-0.222063,51.500046],[-0.222111,51.500045],[-0.222129,51.500045],[-0.222283,51.500044],[-0.222417,51.500043],[-0.222434,51.500043],[-0.22257,51.500051],[-0.222628,51.50005],[-0.22262,51.500054],[-0.222563,51.500178],[-0.222563,51.500212],[-0.222588,51.500289],[-0.22263,51.500352],[-0.222614,51.500365],[-0.222577,51.500433],[-0.222558,51.50052],[-0.222561,51.50055],[-0.222613,51.500657],[-0.222603,51.500663],[-0.222565,51.500686],[-0.222561,51.500695],[-0.222529,51.500768],[-0.222521,51.500841],[-0.222537,51.500898],[-0.2226,51.500999],[-0.222605,51.501003],[-0.222612,51.501008],[-0.222606,51.501019],[-0.222619,51.501189],[-0.222625,51.50127],[-0.222627,51.501291],[-0.222612,51.501291],[-0.222376,51.501293],[-0.222199,51.501295],[-0.222108,51.501296],[-0.222108,51.501315],[-0.22211,51.501333],[-0.222133,51.501525],[-0.22214,51.501585],[-0.222121,51.501587],[-0.222113,51.501588],[-0.222112,51.501593],[-0.222119,51.501602],[-0.222112,51.501602],[-0.222082,51.501602],[-0.222062,51.501604],[-0.221991,51.501611],[-0.221658,51.501643],[-0.22152,51.501657],[-0.221425,51.501666],[-0.221208,51.501687],[-0.221267,51.501952],[-0.221282,51.502255],[-0.221467,51.502239],[-0.221537,51.502232],[-0.22177,51.502212],[-0.221955,51.502196],[-0.222002,51.50222],[-0.222103,51.502333],[-0.222113,51.502426],[-0.222073,51.502481],[-0.222143,51.502509],[-0.222578,51.50268],[-0.222262,51.502743],[-0.222027,51.50279],[-0.221696,51.502857],[-0.221653,51.502865],[-0.22165,51.502876],[-0.221456,51.502878],[-0.220891,51.502906],[-0.220437,51.502929],[-0.220344,51.502933],[-0.22029,51.502932],[-0.2203,51.502969],[-0.220228,51.502965],[-0.219864,51.502947]]]}},{"type":"Feature","properties":{"LSOA21CD":"E01001856","LSOA21NM":"Hammersmith and Fulham 010C","MEAN_PTAL_":"6a","mean_AI":25.1640093393,"borough":"Hammersmith & Fulham"},"geometry":{"type":"Polygon","coordinates":[[[-0.220006,51.500623],[-0.219729,51.50048],[-0.219708,51.500489],[-0.219697,51.500493],[-0.219685,51.500502],[-0.219657,51.500517],[-0.219604,51.500544],[-0.219596,51.500537],[-0.219359,51.500342],[-0.219341,51.500327],[-0.219384,51.500302],[-0.219435,51.500282],[-0.219479,51.500247],[-0.219543,51.500228],[-0.21958,51.500202],[-0.219644,51.500174],[-0.219649,51.50017],[-0.219712,51.500139],[-0.219722,51.500136],[-0.219784,51.500106],[-0.219787,51.500103],[-0.219846,51.500069],[-0.219869,51.500061],[-0.219908,51.500034],[-0.219953,51.500014],[-0.219997,51.499981],[-0.220002,51.49998],[-0.220063,51.499962],[-0.220102,51.499937],[-0.220172,51.499909],[-0.220246,51.499869],[-0.220255,51.499866],[-0.220317,51.499826],[-0.220338,51.499818],[-0.220354,51.499805],[-0.22042,51.499773],[-0.220434,51.499769],[-0.220521,51.49972],[-0.220533,51.499717],[-0.220577,51.499691],[-0.220595,51.499688],[-0.220603,51.499685],[-0.220681,51.499681],[-0.220761,51.499662],[-0.220867,51.499678],[-0.220954,51.499717],[-0.220982,51.49974],[-0.221021,51.499715],[-0.22104,51.499703],[-0.221121,51.499528],[-0.221122,51.499524],[-0.22133,51.499564],[-0.221337,51.499568],[-0.221343,51.499569],[-0.221483,51.499596],[-0.221541,51.499608],[-0.221533,51.499604],[-0.221538,51.499605],[-0.22156,51.499519],[-0.221564,51.499503],[-0.221605,51.499339],[-0.221619,51.499282],[-0.221622,51.499268],[-0.221642,51.499191],[-0.22165,51.499155],[-0.221693,51.498985],[-0.221704,51.498939],[-0.221709,51.498921],[-0.22171,51.498916],[-0.221725,51.498856],[-0.221751,51.498753],[-0.221777,51.498645],[-0.221779,51.49864],[-0.22173,51.498585],[-0.22171,51.498569],[-0.221706,51.498566],[-0.221698,51.498564],[-0.221674,51.498559],[-0.221652,51.498557],[-0.221627,51.498555],[-0.221581,51.498546],[-0.221572,51.498545],[-0.221563,51.498544],[-0.22154,51.49854],[-0.22147,51.498527],[-0.221444,51.498523],[-0.221425,51.498518],[-0.221403,51.498515],[-0.221361,51.498504],[-0.221328,51.498499],[-0.221313,51.498496],[-0.221306,51.498494],[-0.221243,51.498485],[-0.221222,51.49848],[-0.221155,51.49847],[-0.221144,51.498469],[-0.221133,51.498466],[-0.221081,51.498459],[-0.22107,51.498456],[-0.221041,51.498449],[-0.221035,51.498448],[-0.221028,51.498448],[-0.221021,51.498448],[-0.220835,51.498417],[-0.220826,51.498418],[-0.220819,51.498416],[-0.220675,51.498388],[-0.220619,51.498383],[-0.220598,51.498379],[-0.220562,51.498375],[-0.220549,51.498373],[-0.220521,51.498365],[-0.220452,51.498351],[-0.220439,51.498348],[-0.220369,51.498333],[-0.220294,51.498325],[-0.220289,51.498324],[-0.220224,51.498311],[-0.220174,51.498306],[-0.220145,51.4983],[-0.220117,51.498295],[-0.220111,51.498294],[-0.220049,51.498287],[-0.219987,51.498275],[-0.219962,51.498267],[-0.219945,51.498264],[-0.219898,51.498259],[-0.219873,51.498254],[-0.219802,51.498277],[-0.219691,51.498298],[-0.219625,51.4983],[-0.219588,51.498294],[-0.219493,51.498257],[-0.219426,51.49821],[-0.219407,51.498196],[-0.219396,51.498188],[-0.21939,51.498185],[-0.219361,51.498193],[-0.219347,51.498197],[-0.219144,51.498163],[-0.219101,51.498144],[-0.21905,51.498106],[-0.219009,51.498051],[-0.219067,51.498033],[-0.219142,51.498021],[-0.219233,51.498022],[-0.2193,51.498038],[-0.219423,51.49811],[-0.219519,51.497984],[-0.219592,51.497887],[-0.219604,51.49787],[-0.219611,51.497869],[-0.219635,51.497873],[-0.219659,51.497877],[-0.219661,51.497874],[-0.219693,51.497834],[-0.219723,51.497791],[-0.21985,51.497613],[-0.219843,51.497606],[-0.2198,51.497611],[-0.219742,51.497619],[-0.219652,51.49759],[-0.219632,51.497587],[-0.21958,51.497578],[-0.219547,51.497567],[-0.219503,51.497558],[-0.219488,51.497554],[-0.219432,51.497545],[-0.219391,51.497533],[-0.219363,51.497528],[-0.219306,51.497512],[-0.219281,51.497508],[-0.219253,51.4975],[-0.219235,51.497497],[-0.219195,51.497485],[-0.219191,51.497484],[-0.219117,51.497472],[-0.219095,51.497465],[-0.219082,51.497463],[-0.219042,51.497451],[-0.218978,51.497441],[-0.218944,51.497431],[-0.218927,51.497428],[-0.218791,51.497387],[-0.218767,51.49738],[-0.218736,51.497382],[-0.218634,51.497337],[-0.218565,51.497318],[-0.218551,51.497316],[-0.218509,51.497304],[-0.218498,51.497302],[-0.218423,51.497281],[-0.218335,51.497255],[-0.218274,51.497228],[-0.218287,51.497217],[-0.218332,51.497178],[-0.218414,51.497107],[-0.218464,51.497063],[-0.218481,51.497048],[-0.218489,51.497041],[-0.218545,51.496989],[-0.218552,51.496982],[-0.218582,51.496954],[-0.218585,51.496951],[-0.218691,51.496869],[-0.218735,51.496835],[-0.218853,51.496786],[-0.218858,51.496784],[-0.218899,51.496767],[-0.218921,51.496758],[-0.218931,51.496753],[-0.218967,51.49674],[-0.219001,51.496728],[-0.219085,51.496697],[-0.219111,51.496688],[-0.219117,51.496686],[-0.219143,51.496676],[-0.219209,51.496702],[-0.21923,51.496709],[-0.219298,51.496735],[-0.219295,51.49674],[-0.219258,51.496798],[-0.219297,51.496812],[-0.219326,51.496822],[-0.219339,51.496827],[-0.219422,51.496856],[-0.219442,51.496863],[-0.219466,51.496872],[-0.219488,51.49688],[-0.219514,51.496889],[-0.219578,51.496912],[-0.219584,51.496913],[-0.219632,51.49693],[-0.219674,51.496945],[-0.2197,51.496954],[-0.219749,51.496972],[-0.219785,51.496985],[-0.219826,51.496999],[-0.219851,51.497008],[-0.219882,51.497019],[-0.219915,51.497031],[-0.219984,51.497055],[-0.220022,51.497068],[-0.220079,51.497059],[-0.2201,51.497055],[-0.22016,51.497045],[-0.220241,51.497032],[-0.220293,51.497023],[-0.220352,51.497032],[-0.220409,51.49704],[-0.220444,51.497046],[-0.2205,51.497054],[-0.220518,51.497056],[-0.220585,51.497066],[-0.220615,51.497071],[-0.220666,51.497078],[-0.220696,51.497083],[-0.220766,51.497093],[-0.220816,51.4971],[-0.220841,51.497104],[-0.220896,51.497112],[-0.220939,51.497118],[-0.220991,51.497126],[-0.221054,51.497135],[-0.221078,51.497139],[-0.22115,51.49715],[-0.221235,51.497162],[-0.221351,51.497197],[-0.221358,51.497199],[-0.221364,51.497201],[-0.221389,51.497208],[-0.221397,51.49721],[-0.22151,51.497243],[-0.221581,51.497265],[-0.221653,51.497286],[-0.221736,51.497311],[-0.221798,51.497329],[-0.221827,51.497337],[-0.221813,51.49737],[-0.221799,51.497404],[-0.22179,51.497425],[-0.22177,51.497474],[-0.221768,51.497478],[-0.221766,51.497482],[-0.221751,51.497519],[-0.221745,51.497531],[-0.221714,51.497605],[-0.221705,51.497627],[-0.221695,51.497653],[-0.221689,51.497667],[-0.221687,51.497671],[-0.221666,51.497721],[-0.221659,51.497737],[-0.221607,51.497862],[-0.221605,51.497866],[-0.221603,51.497871],[-0.221677,51.497883],[-0.221722,51.49789],[-0.221813,51.497904],[-0.221828,51.497906],[-0.22189,51.497916],[-0.221898,51.497917],[-0.221926,51.497822],[-0.221927,51.497818],[-0.221935,51.49779],[-0.221953,51.497727],[-0.221958,51.49771],[-0.222038,51.497715],[-0.222183,51.497723],[-0.222186,51.497713],[-0.222188,51.497705],[-0.222202,51.497658],[-0.222217,51.497607],[-0.222232,51.497558],[-0.222251,51.497494],[-0.222266,51.497446],[-0.22228,51.497397],[-0.222311,51.497295],[-0.222333,51.497253],[-0.22234,51.497241],[-0.222689,51.497344],[-0.222732,51.497356],[-0.222824,51.497245],[-0.222871,51.497188],[-0.222912,51.49719],[-0.22302,51.497193],[-0.223186,51.497199],[-0.223344,51.497204],[-0.223742,51.497218],[-0.22374,51.497229],[-0.223732,51.497267],[-0.223954,51.497298],[-0.22407,51.497315],[-0.224776,51.497283],[-0.224784,51.497283],[-0.224784,51.497288],[-0.22481,51.497451],[-0.224828,51.497565],[-0.224833,51.497564],[-0.224868,51.497556],[-0.224896,51.49764],[-0.224942,51.497884],[-0.224953,51.497944],[-0.225027,51.498344],[-0.225039,51.498397],[-0.22505,51.498448],[-0.225053,51.498463],[-0.225076,51.498462],[-0.225117,51.498568],[-0.225084,51.498625],[-0.225071,51.498636],[-0.225055,51.498649],[-0.225048,51.498674],[-0.225018,51.498719],[-0.224953,51.498779],[-0.224956,51.498781],[-0.225,51.498828],[-0.225032,51.498878],[-0.225045,51.498917],[-0.225047,51.498964],[-0.225036,51.49901],[-0.225004,51.499073],[-0.225,51.499079],[-0.224929,51.499096],[-0.224806,51.499101],[-0.224734,51.499097],[-0.224547,51.499073],[-0.224351,51.498995],[-0.224349,51.498951],[-0.224343,51.498947],[-0.224277,51.498914],[-0.224241,51.498892],[-0.224148,51.498843],[-0.224016,51.498791],[-0.224009,51.498788],[-0.223898,51.498775],[-0.223824,51.498776],[-0.223749,51.498788],[-0.22374,51.49879],[-0.223642,51.498807],[-0.223632,51.498808],[-0.223629,51.498805],[-0.22362,51.498797],[-0.223588,51.498788],[-0.223454,51.498748],[-0.22339,51.498743],[-0.223316,51.498747],[-0.22316,51.498781],[-0.223128,51.498788],[-0.223003,51.498867],[-0.222986,51.498876],[-0.22298,51.498891],[-0.222966,51.498912],[-0.222954,51.498931],[-0.222953,51.498959],[-0.222891,51.49899],[-0.222846,51.499013],[-0.222759,51.499046],[-0.222675,51.499094],[-0.222628,51.499138],[-0.222599,51.4992],[-0.222617,51.499336],[-0.222661,51.49936],[-0.22265,51.499373],[-0.222642,51.499382],[-0.222639,51.499387],[-0.222635,51.499494],[-0.222635,51.499502],[-0.222637,51.499654],[-0.222637,51.499674],[-0.222664,51.499696],[-0.222667,51.499699],[-0.222654,51.499708],[-0.222604,51.499755],[-0.222566,51.499811],[-0.222564,51.499813],[-0.222553,51.499853],[-0.222557,51.499883],[-0.222561,51.499908],[-0.22262,51.500002],[-0.222644,51.500041],[-0.222628,51.50005],[-0.22257,51.500051],[-0.222434,51.500043],[-0.222417,51.500043],[-0.222283,51.500044],[-0.222129,51.500045],[-0.222111,51.500045],[-0.222063,51.500046],[-0.222076,51.500021],[-0.222063,51.499948],[-0.22206,51.499942],[-0.222056,51.499931],[-0.222053,51.499925],[-0.221565,51.499908],[-0.221539,51.499907],[-0.221511,51.499908],[-0.221486,51.499868],[-0.221387,51.499824],[-0.221486,51.499919],[-0.2214,51.49995],[-0.221061,51.500078],[-0.220955,51.500159],[-0.220488,51.50038],[-0.22038,51.500431],[-0.220204,51.500521],[-0.22011,51.500569],[-0.220016,51.500617],[-0.220006,51.500623]]]}},{"type":"Feature","properties":{"LSOA21CD":"E01001858","LSOA21NM":"Hammersmith and Fulham 006A","MEAN_PTAL_":"3","mean_AI":12.3738907928,"borough":"Hammersmith & Fulham"},"geometry":{"type":"Polygon","coordinates":[[[-0.235742,51.504663],[-0.23569,51.504649],[-0.235679,51.504659],[-0.23566,51.504683],[-0.235604,51.504558],[-0.235549,51.504434],[-0.235491,51.504303],[-0.235468,51.504253],[-0.235456,51.504225],[-0.235435,51.504177],[-0.235387,51.504069],[-0.235601,51.504014],[-0.23562,51.504009],[-0.235612,51.503986],[-0.235601,51.503951],[-0.235579,51.503877],[-0.235557,51.503808],[-0.235537,51.503744],[-0.235533,51.503731],[-0.23571,51.503706],[-0.235905,51.503679],[-0.235882,51.503667],[-0.235868,51.50366],[-0.235846,51.503602],[-0.235845,51.503592],[-0.235821,51.503539],[-0.235804,51.503502],[-0.235796,51.503493],[-0.235794,51.503488],[-0.235765,51.503448],[-0.235751,51.503405],[-0.235748,51.503401],[-0.235738,51.503377],[-0.235729,51.503354],[-0.235723,51.50335],[-0.235692,51.503317],[-0.23568,51.503288],[-0.235664,51.503271],[-0.235654,51.503236],[-0.235643,51.503222],[-0.235641,51.50321],[-0.235617,51.503179],[-0.235609,51.50313],[-0.235607,51.503128],[-0.235602,51.503099],[-0.235585,51.503082],[-0.235566,51.503033],[-0.235558,51.503028],[-0.235541,51.503008],[-0.23553,51.502974],[-0.235509,51.502948],[-0.235506,51.50293],[-0.235498,51.502879],[-0.235503,51.502864],[-0.235569,51.502775],[-0.235596,51.502751],[-0.235788,51.502634],[-0.235814,51.502582],[-0.235857,51.502527],[-0.235903,51.502467],[-0.23591,51.502459],[-0.235923,51.502444],[-0.235927,51.502439],[-0.236021,51.502358],[-0.23626,51.502242],[-0.236024,51.502071],[-0.235918,51.501994],[-0.235838,51.501951],[-0.23563,51.501747],[-0.235599,51.501718],[-0.235579,51.501703],[-0.235571,51.501697],[-0.2355,51.501642],[-0.235473,51.501601],[-0.235455,51.501563],[-0.235418,51.50155],[-0.235377,51.501537],[-0.23536,51.501533],[-0.235287,51.501514],[-0.235226,51.501493],[-0.235059,51.501435],[-0.235129,51.50157],[-0.235149,51.501609],[-0.235311,51.501919],[-0.235251,51.501937],[-0.235005,51.502013],[-0.23496,51.501977],[-0.234809,51.501857],[-0.234721,51.501884],[-0.234688,51.501821],[-0.234668,51.501783],[-0.234635,51.501728],[-0.234614,51.501692],[-0.234587,51.501647],[-0.234549,51.501614],[-0.234521,51.50159],[-0.234502,51.501573],[-0.234486,51.501558],[-0.234462,51.501537],[-0.234251,51.501399],[-0.234195,51.501362],[-0.234189,51.501353],[-0.234178,51.501335],[-0.234069,51.501152],[-0.234018,51.501218],[-0.234031,51.501259],[-0.234027,51.501262],[-0.233945,51.501344],[-0.233937,51.501348],[-0.233559,51.501385],[-0.233509,51.50139],[-0.233486,51.501357],[-0.23348,51.501349],[-0.233202,51.501367],[-0.233128,51.501372],[-0.233113,51.501384],[-0.233067,51.501462],[-0.232938,51.501429],[-0.232544,51.501403],[-0.232528,51.501402],[-0.232486,51.501347],[-0.232447,51.501296],[-0.232401,51.501236],[-0.232569,51.501181],[-0.232632,51.50116],[-0.232688,51.501141],[-0.232772,51.501114],[-0.23282,51.501097],[-0.232901,51.50107],[-0.23299,51.50104],[-0.233298,51.500935],[-0.233322,51.500927],[-0.233378,51.500908],[-0.233549,51.50085],[-0.2337,51.500799],[-0.233758,51.50078],[-0.233779,51.500773],[-0.233957,51.500713],[-0.234008,51.500695],[-0.234037,51.500686],[-0.234099,51.500669],[-0.234153,51.500654],[-0.234167,51.50065],[-0.234175,51.500648],[-0.234185,51.500645],[-0.234194,51.500643],[-0.234214,51.500638],[-0.234284,51.500619],[-0.234318,51.500609],[-0.234379,51.500593],[-0.234385,51.500591],[-0.234413,51.500584],[-0.234486,51.500564],[-0.234511,51.500557],[-0.234589,51.500536],[-0.234635,51.500524],[-0.234669,51.500515],[-0.234698,51.50051],[-0.234806,51.500494],[-0.23487,51.500485],[-0.234949,51.500473],[-0.235,51.500465],[-0.235038,51.50046],[-0.23506,51.500456],[-0.23507,51.500455],[-0.235121,51.500447],[-0.235273,51.500425],[-0.235292,51.500422],[-0.235344,51.500414],[-0.235446,51.500399],[-0.23555,51.500383],[-0.235584,51.500378],[-0.235744,51.500354],[-0.235756,51.500353],[-0.235848,51.500339],[-0.235964,51.500322],[-0.236056,51.500308],[-0.236138,51.500296],[-0.236298,51.500272],[-0.236386,51.500259],[-0.2365,51.500242],[-0.236511,51.50024],[-0.236561,51.500231],[-0.23669,51.500208],[-0.236717,51.500203],[-0.236746,51.500197],[-0.236876,51.500174],[-0.23693,51.500164],[-0.23694,51.500163],[-0.237002,51.500151],[-0.237022,51.500148],[-0.23706,51.500141],[-0.237121,51.50013],[-0.237225,51.500111],[-0.237305,51.500097],[-0.237368,51.500085],[-0.237427,51.500075],[-0.237434,51.500074],[-0.237444,51.500072],[-0.237515,51.500059],[-0.237568,51.500049],[-0.23774,51.500019],[-0.237804,51.500007],[-0.237907,51.499988],[-0.23793,51.499984],[-0.23795,51.499981],[-0.237955,51.49998],[-0.23797,51.499977],[-0.238057,51.499961],[-0.23807,51.499959],[-0.238165,51.499942],[-0.238179,51.49994],[-0.238362,51.499907],[-0.238441,51.499892],[-0.238446,51.499892],[-0.238756,51.499836],[-0.238798,51.499828],[-0.238907,51.499809],[-0.238948,51.499803],[-0.238965,51.499801],[-0.239036,51.499791],[-0.239069,51.499787],[-0.239099,51.499782],[-0.239181,51.499769],[-0.239198,51.499766],[-0.239317,51.499747],[-0.239413,51.499731],[-0.239495,51.499708],[-0.239518,51.499702],[-0.239588,51.499682],[-0.239637,51.499669],[-0.239883,51.499599],[-0.239944,51.499583],[-0.239953,51.499587],[-0.240231,51.499701],[-0.240307,51.499732],[-0.24033,51.499742],[-0.240482,51.499819],[-0.240615,51.499887],[-0.240665,51.499918],[-0.240773,51.499988],[-0.240842,51.500032],[-0.240882,51.500059],[-0.240907,51.500076],[-0.240932,51.500093],[-0.240941,51.500099],[-0.240968,51.500118],[-0.240979,51.500137],[-0.240987,51.500149],[-0.241011,51.500191],[-0.241022,51.500235],[-0.241033,51.500278],[-0.241043,51.500315],[-0.241049,51.500339],[-0.241056,51.500366],[-0.241068,51.500391],[-0.241075,51.500406],[-0.241099,51.500457],[-0.241107,51.500474],[-0.241119,51.500499],[-0.241138,51.500538],[-0.241156,51.500576],[-0.241171,51.500608],[-0.241177,51.500621],[-0.241183,51.500634],[-0.241192,51.500651],[-0.241193,51.500654],[-0.241219,51.50071],[-0.241247,51.500771],[-0.241272,51.500824],[-0.241295,51.500874],[-0.241311,51.500908],[-0.241313,51.500912],[-0.241324,51.500937],[-0.241351,51.500995],[-0.241373,51.501042],[-0.241378,51.501052],[-0.241411,51.501124],[-0.241432,51.501169],[-0.241435,51.501176],[-0.241445,51.501196],[-0.241476,51.501264],[-0.241503,51.501321],[-0.241506,51.501329],[-0.24152,51.501359],[-0.241523,51.501365],[-0.241542,51.501405],[-0.241545,51.501412],[-0.24159,51.501471],[-0.241597,51.50148],[-0.241711,51.501627],[-0.241748,51.501674],[-0.241807,51.501773],[-0.241833,51.501816],[-0.241851,51.501826],[-0.241884,51.501845],[-0.241742,51.50179],[-0.2417,51.501772],[-0.241572,51.501734],[-0.241531,51.501722],[-0.241577,51.501712],[-0.241394,51.501664],[-0.241299,51.501638],[-0.241276,51.501632],[-0.241208,51.501615],[-0.241129,51.501594],[-0.241073,51.501579],[-0.241048,51.501572],[-0.241032,51.50157],[-0.240973,51.501561],[-0.240873,51.501546],[-0.240864,51.501545],[-0.240862,51.501554],[-0.240853,51.501581],[-0.24083,51.501578],[-0.240821,51.501576],[-0.240642,51.501549],[-0.240556,51.501539],[-0.240551,51.501537],[-0.240444,51.501514],[-0.240428,51.50151],[-0.240328,51.501479],[-0.24022,51.501446],[-0.240092,51.501365],[-0.240084,51.501368],[-0.240059,51.501351],[-0.240042,51.50134],[-0.240003,51.501315],[-0.239915,51.50134],[-0.239871,51.501376],[-0.239808,51.501434],[-0.239744,51.501397],[-0.239521,51.501314],[-0.239541,51.501279],[-0.239575,51.50125],[-0.239555,51.501222],[-0.239474,51.501106],[-0.23947,51.501101],[-0.239449,51.501104],[-0.239431,51.501047],[-0.239388,51.50091],[-0.239369,51.500852],[-0.239238,51.500862],[-0.239228,51.500858],[-0.23921,51.500849],[-0.239128,51.50082],[-0.239084,51.500794],[-0.239033,51.50077],[-0.239029,51.500767],[-0.239016,51.500759],[-0.239003,51.50075],[-0.239002,51.500746],[-0.238998,51.500716],[-0.238999,51.500706],[-0.239001,51.500698],[-0.239005,51.50067],[-0.239008,51.50065],[-0.239024,51.500615],[-0.239009,51.500558],[-0.239001,51.500529],[-0.238957,51.500433],[-0.238955,51.50043],[-0.238933,51.500405],[-0.238904,51.500373],[-0.238863,51.500338],[-0.238789,51.500285],[-0.23879,51.50028],[-0.238793,51.500195],[-0.238794,51.500141],[-0.23857,51.500115],[-0.23851,51.500429],[-0.238472,51.500494],[-0.23846,51.500515],[-0.238448,51.500536],[-0.238431,51.500565],[-0.238428,51.50057],[-0.238413,51.500597],[-0.238402,51.500616],[-0.238369,51.500697],[-0.238367,51.500703],[-0.238333,51.500786],[-0.23833,51.500794],[-0.238322,51.500813],[-0.238291,51.500882],[-0.238285,51.500894],[-0.238273,51.500921],[-0.238258,51.500955],[-0.238246,51.50098],[-0.23822,51.501039],[-0.238201,51.501081],[-0.238149,51.501197],[-0.238124,51.501251],[-0.238117,51.501266],[-0.238113,51.501275],[-0.238099,51.501307],[-0.238097,51.501311],[-0.238087,51.501334],[-0.238056,51.501401],[-0.238051,51.501412],[-0.238041,51.501435],[-0.238016,51.501489],[-0.238012,51.501497],[-0.237966,51.501599],[-0.237935,51.501667],[-0.237919,51.501701],[-0.237903,51.501737],[-0.237897,51.501751],[-0.237879,51.501792],[-0.23786,51.501838],[-0.237841,51.501882],[-0.237826,51.501916],[-0.237821,51.501929],[-0.237807,51.501962],[-0.237797,51.501985],[-0.237765,51.502061],[-0.237746,51.502105],[-0.237731,51.502139],[-0.237704,51.502204],[-0.23767,51.502284],[-0.237651,51.502329],[-0.237636,51.502363],[-0.237621,51.502399],[-0.237598,51.502453],[-0.237595,51.502461],[-0.237563,51.502535],[-0.237544,51.502579],[-0.237517,51.502644],[-0.237579,51.502719],[-0.237599,51.502744],[-0.237601,51.502749],[-0.237612,51.502789],[-0.237611,51.502816],[-0.237609,51.50282],[-0.237595,51.502843],[-0.237572,51.502857],[-0.237545,51.502873],[-0.237507,51.502896],[-0.23756,51.502915],[-0.23761,51.502933],[-0.237608,51.502937],[-0.23767,51.502955],[-0.238091,51.503107],[-0.238104,51.503112],[-0.238089,51.503129],[-0.238068,51.503253],[-0.238067,51.503259],[-0.238062,51.503289],[-0.238014,51.503578],[-0.238013,51.503594],[-0.237988,51.503598],[-0.237955,51.503601],[-0.237948,51.503602],[-0.237947,51.503605],[-0.237412,51.503821],[-0.237402,51.503825],[-0.237412,51.503835],[-0.237415,51.50384],[-0.23746,51.503906],[-0.237479,51.503962],[-0.237478,51.504022],[-0.23745,51.504069],[-0.237436,51.504081],[-0.237425,51.504089],[-0.237421,51.504114],[-0.237419,51.504125],[-0.237389,51.504173],[-0.237378,51.504183],[-0.237321,51.504217],[-0.237306,51.504226],[-0.237269,51.504273],[-0.237238,51.5043],[-0.237211,51.504315],[-0.237201,51.504321],[-0.237144,51.504374],[-0.23712,51.50439],[-0.237094,51.504405],[-0.237091,51.504408],[-0.237029,51.504459],[-0.237032,51.504473],[-0.237034,51.504498],[-0.237041,51.504529],[-0.237032,51.504539],[-0.236946,51.504606],[-0.2369,51.504634],[-0.236769,51.504678],[-0.236601,51.504705],[-0.236507,51.50472],[-0.236485,51.504724],[-0.236476,51.504725],[-0.236468,51.504738],[-0.236178,51.504774],[-0.235985,51.504747],[-0.235903,51.504714],[-0.235896,51.504712],[-0.235776,51.504676],[-0.235742,51.504663]]]}},{"type":"Feature","properties":{"LSOA21CD":"E01001859","LSOA21NM":"Hammersmith and Fulham 008A","MEAN_PTAL_":"2","mean_AI":8.55312913324,"borough":"Hammersmith & Fulham"},"geometry":{"type":"Polygon","coordinates":[[[-0.252673,51.504706],[-0.252598,51.504481],[-0.252493,51.504511],[-0.252309,51.504528],[-0.252252,51.504533],[-0.252225,51.504535],[-0.252161,51.504541],[-0.252105,51.504546],[-0.252056,51.50455],[-0.251967,51.504558],[-0.251912,51.504563],[-0.251873,51.504566],[-0.251773,51.504575],[-0.251736,51.504578],[-0.251722,51.504579],[-0.251465,51.504602],[-0.251452,51.504603],[-0.251438,51.504604],[-0.251413,51.504606],[-0.25121,51.504624],[-0.251169,51.504628],[-0.251093,51.504635],[-0.25106,51.504638],[-0.251025,51.504641],[-0.250995,51.504629],[-0.250939,51.504604],[-0.250834,51.504558],[-0.250802,51.504456],[-0.250777,51.504377],[-0.250762,51.504328],[-0.250761,51.504325],[-0.250751,51.504294],[-0.250738,51.504253],[-0.250736,51.504247],[-0.25072,51.504197],[-0.250666,51.504026],[-0.250664,51.504019],[-0.250634,51.503923],[-0.250619,51.503875],[-0.250575,51.503738],[-0.250577,51.503729],[-0.250581,51.503716],[-0.250581,51.503713],[-0.250583,51.503707],[-0.250581,51.503704],[-0.250577,51.503698],[-0.250572,51.503683],[-0.25055,51.503631],[-0.250537,51.503572],[-0.250536,51.503559],[-0.250538,51.503533],[-0.250544,51.503511],[-0.250531,51.503453],[-0.250529,51.503435],[-0.250532,51.503388],[-0.250538,51.50336],[-0.250547,51.503334],[-0.250532,51.503304],[-0.250517,51.503256],[-0.250512,51.503233],[-0.250511,51.503218],[-0.250533,51.503197],[-0.250594,51.503162],[-0.250603,51.503158],[-0.25066,51.503134],[-0.250674,51.50312],[-0.250779,51.50305],[-0.250911,51.502996],[-0.250981,51.502979],[-0.251025,51.502993],[-0.251262,51.503072],[-0.251301,51.503098],[-0.251424,51.503082],[-0.251561,51.503088],[-0.251566,51.503083],[-0.251591,51.503059],[-0.251604,51.503048],[-0.25161,51.503043],[-0.251625,51.503028],[-0.251687,51.502965],[-0.251779,51.502909],[-0.251791,51.502905],[-0.251824,51.502901],[-0.252118,51.502921],[-0.25204,51.502664],[-0.25203,51.502625],[-0.252028,51.502617],[-0.251977,51.502622],[-0.251579,51.502666],[-0.251587,51.502721],[-0.251467,51.502737],[-0.251287,51.50276],[-0.251281,51.502761],[-0.251239,51.502766],[-0.250975,51.502794],[-0.250925,51.5028],[-0.250913,51.502751],[-0.250898,51.502753],[-0.250455,51.50281],[-0.25039,51.502818],[-0.250318,51.502828],[-0.250275,51.502862],[-0.250232,51.502881],[-0.249964,51.502913],[-0.249894,51.502921],[-0.249891,51.502909],[-0.249868,51.502908],[-0.249837,51.502927],[-0.249825,51.502927],[-0.249827,51.502934],[-0.249871,51.503099],[-0.249913,51.503261],[-0.249976,51.503493],[-0.249976,51.503496],[-0.249876,51.503507],[-0.249731,51.503524],[-0.24971,51.503526],[-0.24961,51.503538],[-0.249602,51.503528],[-0.249479,51.503378],[-0.249393,51.503253],[-0.249368,51.503253],[-0.24932,51.503253],[-0.249238,51.50325],[-0.249161,51.503245],[-0.249089,51.503238],[-0.24902,51.50323],[-0.248817,51.503065],[-0.248842,51.503038],[-0.249103,51.502752],[-0.249073,51.502666],[-0.24885,51.502017],[-0.248854,51.502016],[-0.248856,51.502012],[-0.248863,51.502002],[-0.248896,51.501946],[-0.248914,51.501916],[-0.248957,51.501851],[-0.248959,51.501849],[-0.248984,51.501799],[-0.248992,51.501789],[-0.249017,51.501756],[-0.249042,51.501728],[-0.249065,51.501698],[-0.249069,51.501691],[-0.249097,51.501644],[-0.24912,51.501604],[-0.249168,51.501498],[-0.24916,51.501488],[-0.249172,51.501484],[-0.249173,51.501486],[-0.24918,51.501494],[-0.249239,51.501475],[-0.249642,51.501346],[-0.249646,51.501344],[-0.249638,51.501334],[-0.249636,51.501331],[-0.249552,51.501226],[-0.249489,51.501147],[-0.249455,51.501105],[-0.249433,51.501078],[-0.249368,51.500997],[-0.249364,51.500992],[-0.249522,51.500945],[-0.249536,51.500941],[-0.249683,51.500898],[-0.249818,51.500857],[-0.249836,51.500852],[-0.249865,51.500844],[-0.249977,51.500811],[-0.250004,51.500803],[-0.250016,51.500799],[-0.250059,51.500786],[-0.250086,51.500813],[-0.250092,51.500819],[-0.250171,51.500793],[-0.250183,51.500789],[-0.250225,51.500775],[-0.25024,51.50077],[-0.250361,51.50073],[-0.250376,51.500725],[-0.25041,51.500714],[-0.250437,51.500705],[-0.25048,51.500691],[-0.250491,51.500687],[-0.250723,51.50061],[-0.250735,51.500606],[-0.250818,51.500704],[-0.250864,51.500758],[-0.250885,51.500782],[-0.25089,51.500789],[-0.250926,51.50083],[-0.250933,51.500839],[-0.25095,51.500858],[-0.250952,51.500861],[-0.250961,51.500872],[-0.250963,51.500874],[-0.250976,51.500889],[-0.251045,51.500968],[-0.251055,51.500964],[-0.251292,51.50088],[-0.251848,51.500683],[-0.251939,51.500756],[-0.252146,51.50065],[-0.252175,51.500635],[-0.252178,51.500638],[-0.252196,51.500654],[-0.252322,51.500765],[-0.252362,51.500801],[-0.252404,51.500838],[-0.252423,51.500854],[-0.252426,51.500856],[-0.25244,51.500869],[-0.252473,51.500898],[-0.252481,51.500903],[-0.252606,51.500989],[-0.252615,51.500995],[-0.252653,51.501022],[-0.252661,51.501027],[-0.252667,51.501031],[-0.252674,51.501036],[-0.252766,51.501099],[-0.252851,51.501157],[-0.252821,51.501179],[-0.252812,51.501185],[-0.252756,51.501225],[-0.252782,51.50124],[-0.252788,51.501243],[-0.252893,51.501304],[-0.253061,51.5014],[-0.253089,51.501592],[-0.253096,51.501635],[-0.253076,51.50164],[-0.253013,51.501657],[-0.253024,51.501728],[-0.253025,51.501735],[-0.253031,51.501769],[-0.253042,51.501841],[-0.253043,51.501846],[-0.253066,51.501994],[-0.253093,51.502163],[-0.253118,51.502322],[-0.25314,51.502468],[-0.253169,51.502538],[-0.253212,51.50264],[-0.253271,51.502737],[-0.253385,51.502922],[-0.253394,51.502932],[-0.253631,51.503166],[-0.253712,51.503245],[-0.253776,51.503301],[-0.253855,51.50337],[-0.25395,51.503453],[-0.254127,51.503609],[-0.254133,51.503613],[-0.254142,51.503621],[-0.254186,51.50366],[-0.254275,51.503737],[-0.254479,51.503916],[-0.254482,51.503918],[-0.254491,51.503924],[-0.25454,51.503957],[-0.254677,51.50405],[-0.254688,51.504058],[-0.254764,51.50411],[-0.254844,51.504164],[-0.254998,51.504269],[-0.255036,51.504295],[-0.255049,51.504304],[-0.255019,51.50432],[-0.254965,51.50435],[-0.254891,51.50439],[-0.254602,51.504182],[-0.254523,51.504191],[-0.25451,51.504193],[-0.254479,51.504197],[-0.254443,51.504201],[-0.254329,51.504215],[-0.254305,51.504218],[-0.254215,51.504229],[-0.254119,51.50424],[-0.254044,51.504249],[-0.254034,51.504251],[-0.25394,51.504262],[-0.253828,51.504276],[-0.253772,51.504283],[-0.253707,51.50429],[-0.253654,51.504297],[-0.253658,51.504325],[-0.253689,51.504567],[-0.253565,51.504584],[-0.253511,51.504591],[-0.253499,51.504593],[-0.253405,51.504606],[-0.253335,51.504616],[-0.253215,51.504632],[-0.253176,51.504637],[-0.253067,51.504652],[-0.252938,51.50467],[-0.2528,51.504689],[-0.252673,51.504706]]]}},{"type":"Feature","properties":{"LSOA21CD":"E01001860","LSOA21NM":"Hammersmith and Fulham 006B","MEAN_PTAL_":"3","mean_AI":13.9102134356,"borough":"Hammersmith & Fulham"},"geometry":{"type":"Polygon","coordinates":[[[-0.238013,51.506387],[-0.237978,51.506386],[-0.237904,51.506387],[-0.237887,51.506387],[-0.237843,51.506387],[-0.237797,51.506387],[-0.237774,51.506388],[-0.237717,51.506388],[-0.237707,51.506388],[-0.237683,51.506389],[-0.237621,51.506391],[-0.237587,51.506392],[-0.237485,51.506395],[-0.237369,51.506399],[-0.237352,51.506399],[-0.237308,51.506401],[-0.237284,51.506402],[-0.237214,51.506405],[-0.237208,51.506406],[-0.237199,51.506406],[-0.237109,51.50641],[-0.237048,51.506413],[-0.23692,51.506419],[-0.236891,51.50642],[-0.236848,51.506421],[-0.236764,51.506423],[-0.236695,51.506424],[-0.236608,51.506427],[-0.235946,51.506441],[-0.235883,51.506443],[-0.235839,51.506444],[-0.235748,51.506446],[-0.235662,51.506448],[-0.235569,51.50645],[-0.235557,51.50645],[-0.235427,51.506449],[-0.235418,51.506449],[-0.235352,51.506205],[-0.235298,51.506001],[-0.235288,51.505962],[-0.235284,51.505946],[-0.235907,51.506003],[-0.235966,51.505977],[-0.236032,51.50594],[-0.236155,51.50585],[-0.236263,51.505902],[-0.236287,51.505917],[-0.236346,51.505951],[-0.236356,51.505955],[-0.236384,51.505971],[-0.236458,51.506004],[-0.236511,51.506036],[-0.236579,51.506064],[-0.236657,51.506085],[-0.236759,51.506098],[-0.236843,51.506097],[-0.23686,51.506095],[-0.237077,51.506061],[-0.237102,51.506005],[-0.237109,51.506006],[-0.237114,51.506007],[-0.237558,51.506055],[-0.237569,51.506048],[-0.237574,51.506035],[-0.237622,51.50591],[-0.237662,51.505867],[-0.237674,51.505858],[-0.237758,51.505793],[-0.237768,51.505786],[-0.237765,51.505771],[-0.237767,51.505732],[-0.237766,51.505716],[-0.237754,51.505678],[-0.237752,51.505661],[-0.237747,51.505622],[-0.237749,51.505607],[-0.23775,51.505594],[-0.237749,51.505575],[-0.237751,51.505565],[-0.237748,51.505512],[-0.237739,51.505464],[-0.237737,51.505456],[-0.237731,51.505437],[-0.23773,51.505422],[-0.237727,51.5054],[-0.237728,51.505395],[-0.237729,51.505372],[-0.237717,51.505327],[-0.237712,51.50531],[-0.237761,51.505271],[-0.237768,51.505267],[-0.237813,51.505243],[-0.237865,51.505209],[-0.237878,51.505198],[-0.237918,51.505175],[-0.237931,51.505165],[-0.237936,51.505162],[-0.237965,51.505145],[-0.238019,51.505121],[-0.238025,51.505118],[-0.238076,51.505085],[-0.238131,51.505034],[-0.238172,51.504972],[-0.238181,51.504934],[-0.238176,51.504884],[-0.23815,51.504824],[-0.238124,51.504791],[-0.238132,51.504788],[-0.238207,51.504758],[-0.238492,51.504718],[-0.238693,51.504689],[-0.23872,51.504686],[-0.238814,51.504489],[-0.238883,51.504501],[-0.23901,51.504524],[-0.23913,51.504545],[-0.239198,51.50456],[-0.239112,51.504645],[-0.239092,51.504693],[-0.239093,51.504734],[-0.239119,51.504788],[-0.239144,51.504819],[-0.239126,51.504829],[-0.239059,51.50488],[-0.239029,51.504919],[-0.239014,51.50497],[-0.239023,51.505059],[-0.23905,51.505079],[-0.239047,51.505082],[-0.239041,51.505089],[-0.239095,51.505095],[-0.239057,51.505302],[-0.239078,51.505303],[-0.239059,51.505362],[-0.239209,51.505371],[-0.239305,51.505372],[-0.239494,51.505372],[-0.239776,51.50537],[-0.239792,51.50537],[-0.240125,51.505364],[-0.240505,51.505373],[-0.240528,51.505373],[-0.240985,51.50537],[-0.241282,51.505372],[-0.241229,51.505356],[-0.241206,51.505342],[-0.241223,51.505298],[-0.241232,51.505274],[-0.24124,51.505268],[-0.2413,51.50522],[-0.241334,51.505202],[-0.241342,51.505196],[-0.241354,51.505187],[-0.241365,51.505177],[-0.241389,51.505162],[-0.241395,51.505158],[-0.2414,51.505153],[-0.241448,51.505126],[-0.241454,51.505121],[-0.241461,51.505115],[-0.241468,51.505111],[-0.241506,51.505083],[-0.241515,51.505074],[-0.241525,51.505067],[-0.24155,51.505051],[-0.241565,51.505037],[-0.24157,51.505033],[-0.241578,51.505028],[-0.241596,51.505017],[-0.241603,51.505011],[-0.241612,51.505],[-0.241622,51.504993],[-0.241649,51.504972],[-0.241712,51.50494],[-0.241745,51.50493],[-0.241749,51.504926],[-0.241783,51.504898],[-0.241807,51.504884],[-0.241811,51.504879],[-0.241816,51.50487],[-0.241859,51.504829],[-0.241903,51.504802],[-0.24191,51.504793],[-0.241915,51.504787],[-0.241921,51.504782],[-0.241952,51.504759],[-0.241985,51.504741],[-0.242006,51.50473],[-0.242021,51.504721],[-0.242034,51.504709],[-0.242062,51.504684],[-0.242099,51.504663],[-0.242107,51.504656],[-0.24213,51.504631],[-0.242153,51.504589],[-0.242156,51.504582],[-0.242222,51.504537],[-0.242335,51.504475],[-0.242344,51.50447],[-0.242423,51.504423],[-0.242394,51.504407],[-0.242278,51.504344],[-0.242168,51.504283],[-0.242129,51.504261],[-0.242182,51.504237],[-0.242179,51.504227],[-0.242228,51.504193],[-0.242285,51.504155],[-0.242283,51.504134],[-0.242293,51.504125],[-0.242336,51.504088],[-0.242441,51.504073],[-0.2425,51.504071],[-0.242546,51.504075],[-0.24262,51.504088],[-0.242683,51.504105],[-0.242889,51.50426],[-0.24291,51.50425],[-0.242931,51.504236],[-0.242936,51.504233],[-0.242954,51.504223],[-0.242989,51.5042],[-0.243019,51.504184],[-0.243056,51.504161],[-0.243083,51.50414],[-0.24314,51.504078],[-0.243158,51.504047],[-0.243181,51.503968],[-0.243177,51.503942],[-0.243136,51.50385],[-0.243202,51.503847],[-0.243523,51.503831],[-0.243511,51.503808],[-0.243509,51.503804],[-0.243496,51.503786],[-0.243444,51.503623],[-0.243405,51.503524],[-0.243365,51.503433],[-0.243381,51.503431],[-0.243368,51.5034],[-0.243346,51.503401],[-0.243344,51.503404],[-0.243276,51.503513],[-0.243275,51.503536],[-0.243065,51.503565],[-0.24272,51.503614],[-0.242715,51.503615],[-0.242628,51.503567],[-0.242582,51.503567],[-0.242514,51.503571],[-0.242476,51.503575],[-0.242444,51.503581],[-0.24244,51.503582],[-0.24239,51.503563],[-0.241915,51.503453],[-0.241781,51.503488],[-0.241772,51.50349],[-0.241703,51.503415],[-0.241702,51.503411],[-0.241693,51.50339],[-0.241704,51.503317],[-0.241705,51.503313],[-0.241853,51.503325],[-0.24205,51.50334],[-0.242091,51.503306],[-0.242072,51.50327],[-0.24208,51.503266],[-0.242117,51.50292],[-0.242125,51.50291],[-0.242131,51.502902],[-0.242155,51.502909],[-0.24236,51.502962],[-0.242403,51.502973],[-0.242433,51.50298],[-0.24252,51.502985],[-0.242577,51.502989],[-0.242633,51.503004],[-0.242683,51.503017],[-0.242697,51.50302],[-0.242702,51.503014],[-0.242729,51.502959],[-0.242735,51.502903],[-0.242747,51.502783],[-0.242736,51.502783],[-0.242598,51.502779],[-0.24256,51.502778],[-0.242555,51.502777],[-0.242543,51.502775],[-0.242532,51.502763],[-0.242528,51.502758],[-0.242479,51.502705],[-0.24247,51.502694],[-0.242439,51.50266],[-0.242436,51.502633],[-0.242498,51.502593],[-0.242514,51.502556],[-0.242514,51.502527],[-0.242513,51.502471],[-0.242442,51.502447],[-0.242378,51.502426],[-0.242322,51.502418],[-0.242308,51.502409],[-0.24225,51.502386],[-0.242279,51.502321],[-0.242165,51.502222],[-0.242121,51.502196],[-0.242074,51.502168],[-0.24205,51.502154],[-0.241996,51.50214],[-0.241865,51.502151],[-0.241785,51.502157],[-0.241787,51.502145],[-0.241722,51.502057],[-0.241717,51.50204],[-0.241681,51.501996],[-0.241628,51.501968],[-0.241425,51.501931],[-0.241425,51.501923],[-0.241436,51.501903],[-0.241572,51.501734],[-0.2417,51.501772],[-0.241742,51.50179],[-0.241884,51.501845],[-0.241914,51.501861],[-0.241965,51.50189],[-0.241994,51.501906],[-0.242021,51.501921],[-0.242033,51.501928],[-0.242043,51.501933],[-0.242193,51.502017],[-0.242203,51.502022],[-0.242222,51.502033],[-0.242232,51.50203],[-0.242275,51.502019],[-0.242308,51.50201],[-0.242355,51.501997],[-0.242532,51.501948],[-0.242608,51.501927],[-0.242621,51.501923],[-0.242654,51.501914],[-0.242687,51.501905],[-0.242692,51.501904],[-0.242738,51.501892],[-0.24276,51.501885],[-0.242848,51.501862],[-0.242876,51.501854],[-0.242894,51.501849],[-0.243048,51.501807],[-0.243098,51.50188],[-0.243183,51.502017],[-0.243257,51.502137],[-0.24326,51.502142],[-0.243274,51.502164],[-0.24328,51.502173],[-0.243272,51.502175],[-0.24321,51.502188],[-0.243128,51.502205],[-0.243153,51.502258],[-0.243165,51.502277],[-0.243185,51.502307],[-0.243223,51.502363],[-0.24329,51.502425],[-0.243418,51.502543],[-0.243475,51.502522],[-0.243438,51.502574],[-0.243456,51.502718],[-0.243474,51.502741],[-0.2435,51.502774],[-0.243567,51.502821],[-0.243601,51.502836],[-0.243626,51.502847],[-0.24365,51.502908],[-0.243653,51.502916],[-0.243719,51.502992],[-0.243717,51.503002],[-0.243739,51.503078],[-0.24374,51.503082],[-0.243774,51.503151],[-0.243812,51.503194],[-0.243883,51.50325],[-0.243865,51.503277],[-0.243862,51.503279],[-0.243846,51.503296],[-0.243871,51.503348],[-0.243757,51.503367],[-0.243751,51.503371],[-0.24373,51.503387],[-0.243734,51.503438],[-0.243775,51.503509],[-0.24381,51.503533],[-0.243797,51.503591],[-0.243824,51.503673],[-0.243846,51.503693],[-0.243865,51.50371],[-0.243902,51.503718],[-0.2439,51.503722],[-0.243858,51.503728],[-0.243878,51.503786],[-0.243862,51.503825],[-0.243853,51.503852],[-0.243867,51.503899],[-0.243875,51.503906],[-0.243977,51.503962],[-0.243946,51.503999],[-0.243945,51.504003],[-0.243951,51.504079],[-0.243974,51.504126],[-0.244028,51.504181],[-0.244003,51.504206],[-0.243993,51.504216],[-0.243687,51.504261],[-0.243609,51.504273],[-0.243616,51.504285],[-0.243619,51.50429],[-0.243631,51.504308],[-0.243647,51.504337],[-0.243663,51.504364],[-0.243666,51.504367],[-0.243614,51.504384],[-0.243544,51.504407],[-0.243441,51.50446],[-0.243207,51.504624],[-0.243296,51.504642],[-0.243366,51.504757],[-0.243157,51.50511],[-0.243153,51.505118],[-0.24311,51.505131],[-0.243048,51.505145],[-0.242956,51.50516],[-0.242927,51.505163],[-0.242829,51.505123],[-0.242819,51.505119],[-0.242564,51.505115],[-0.242555,51.505115],[-0.242548,51.505109],[-0.24252,51.505128],[-0.242465,51.505148],[-0.242338,51.505238],[-0.242105,51.505402],[-0.242101,51.505405],[-0.242092,51.505411],[-0.24208,51.50542],[-0.242088,51.505464],[-0.24237,51.505617],[-0.242436,51.505828],[-0.2427,51.505802],[-0.242776,51.505795],[-0.24283,51.505777],[-0.242608,51.505886],[-0.242549,51.505921],[-0.24247,51.505968],[-0.24246,51.505974],[-0.242436,51.505995],[-0.242311,51.506107],[-0.242314,51.50611],[-0.242299,51.506123],[-0.242223,51.506226],[-0.24222,51.506231],[-0.242165,51.506316],[-0.242082,51.506445],[-0.242049,51.506552],[-0.24202,51.506679],[-0.241891,51.506664],[-0.241842,51.506658],[-0.241671,51.506638],[-0.241666,51.506638],[-0.241358,51.506617],[-0.241344,51.506616],[-0.241198,51.506607],[-0.241034,51.506596],[-0.241005,51.506594],[-0.240993,51.506593],[-0.240967,51.506592],[-0.240958,51.506591],[-0.240754,51.506578],[-0.240691,51.506574],[-0.240604,51.506568],[-0.24059,51.506567],[-0.240576,51.506566],[-0.240303,51.506548],[-0.240257,51.506545],[-0.240208,51.506542],[-0.240163,51.506539],[-0.240142,51.506537],[-0.240089,51.506531],[-0.240074,51.50653],[-0.240056,51.506528],[-0.240001,51.506522],[-0.239933,51.506516],[-0.239639,51.506486],[-0.239634,51.506485],[-0.23937,51.506459],[-0.239287,51.50645],[-0.239269,51.506449],[-0.239207,51.506442],[-0.239125,51.506434],[-0.239062,51.506431],[-0.238989,51.506428],[-0.238981,51.506428],[-0.238898,51.506425],[-0.238839,51.506422],[-0.238823,51.506421],[-0.238742,51.506418],[-0.238652,51.506414],[-0.23864,51.506414],[-0.238571,51.506411],[-0.238566,51.506411],[-0.238541,51.506409],[-0.238525,51.506408],[-0.238494,51.506406],[-0.238421,51.506402],[-0.238346,51.506398],[-0.238341,51.506397],[-0.238308,51.506395],[-0.238235,51.506391],[-0.238214,51.50639],[-0.238127,51.506388],[-0.238081,51.506388],[-0.238052,51.506387],[-0.238013,51.506387]]]}},{"type":"Feature","properties":{"LSOA21CD":"E01001861","LSOA21NM":"Hammersmith and Fulham 006C","MEAN_PTAL_":"3","mean_AI":12.1286446512,"borough":"Hammersmith & Fulham"},"geometry":{"type":"Polygon","coordinates":[[[-0.242608,51.505886],[-0.24283,51.505777],[-0.242776,51.505795],[-0.2427,51.505802],[-0.242436,51.505828],[-0.24237,51.505617],[-0.242088,51.505464],[-0.24208,51.50542],[-0.242092,51.505411],[-0.242101,51.505405],[-0.242105,51.505402],[-0.242338,51.505238],[-0.242465,51.505148],[-0.24252,51.505128],[-0.242548,51.505109],[-0.242555,51.505115],[-0.242564,51.505115],[-0.242819,51.505119],[-0.242829,51.505123],[-0.242927,51.505163],[-0.242956,51.50516],[-0.243048,51.505145],[-0.24311,51.505131],[-0.243153,51.505118],[-0.243157,51.50511],[-0.243366,51.504757],[-0.243296,51.504642],[-0.243207,51.504624],[-0.243441,51.50446],[-0.243544,51.504407],[-0.243614,51.504384],[-0.243666,51.504367],[-0.243663,51.504364],[-0.243647,51.504337],[-0.243631,51.504308],[-0.243619,51.50429],[-0.243616,51.504285],[-0.243609,51.504273],[-0.243687,51.504261],[-0.243993,51.504216],[-0.244003,51.504206],[-0.244028,51.504181],[-0.243974,51.504126],[-0.243951,51.504079],[-0.243945,51.504003],[-0.243946,51.503999],[-0.243977,51.503962],[-0.244047,51.503943],[-0.244089,51.503938],[-0.244127,51.503938],[-0.244156,51.503934],[-0.24419,51.503933],[-0.244217,51.503929],[-0.244248,51.503928],[-0.244267,51.503925],[-0.244314,51.503913],[-0.244348,51.503908],[-0.244369,51.503903],[-0.244418,51.503895],[-0.244479,51.503893],[-0.244511,51.503889],[-0.244516,51.503888],[-0.244554,51.503883],[-0.244594,51.503873],[-0.244629,51.50387],[-0.244652,51.503864],[-0.244715,51.503856],[-0.244725,51.503856],[-0.244759,51.503851],[-0.244847,51.503841],[-0.244868,51.503838],[-0.244916,51.503819],[-0.24495,51.503815],[-0.24502,51.503813],[-0.24504,51.503808],[-0.24511,51.503798],[-0.24514,51.503791],[-0.245164,51.503787],[-0.245186,51.503783],[-0.245193,51.503783],[-0.245261,51.503773],[-0.245293,51.503769],[-0.24535,51.503767],[-0.245389,51.503762],[-0.245423,51.503757],[-0.245502,51.503735],[-0.245528,51.503732],[-0.245534,51.503732],[-0.24558,51.503725],[-0.245612,51.503724],[-0.245661,51.503717],[-0.245681,51.503716],[-0.245714,51.503715],[-0.245751,51.50371],[-0.245764,51.503709],[-0.24579,51.503705],[-0.245834,51.503699],[-0.245895,51.503697],[-0.24593,51.503692],[-0.245957,51.50368],[-0.245999,51.503667],[-0.246083,51.503653],[-0.246118,51.503652],[-0.246137,51.503649],[-0.246168,51.503648],[-0.246235,51.503635],[-0.246245,51.503634],[-0.246287,51.503627],[-0.246313,51.503625],[-0.246339,51.503619],[-0.246396,51.503614],[-0.246405,51.503614],[-0.246473,51.503609],[-0.246516,51.503599],[-0.246547,51.503595],[-0.246556,51.503593],[-0.246567,51.503592],[-0.246638,51.503574],[-0.246682,51.503568],[-0.246702,51.503568],[-0.246721,51.503566],[-0.246774,51.503538],[-0.246779,51.503537],[-0.246853,51.503497],[-0.246865,51.503483],[-0.246941,51.503323],[-0.246947,51.503322],[-0.246956,51.503285],[-0.246959,51.503274],[-0.247031,51.503263],[-0.247234,51.50324],[-0.247306,51.503231],[-0.247305,51.50324],[-0.247302,51.503257],[-0.247283,51.503364],[-0.24727,51.503438],[-0.247253,51.5035],[-0.247223,51.503536],[-0.247198,51.50357],[-0.247177,51.503598],[-0.24714,51.503633],[-0.247102,51.503669],[-0.247043,51.503713],[-0.24703,51.503719],[-0.24697,51.503748],[-0.246947,51.503755],[-0.24692,51.503764],[-0.246809,51.5038],[-0.246746,51.50381],[-0.246708,51.503816],[-0.246644,51.503825],[-0.246548,51.50384],[-0.246538,51.503841],[-0.246501,51.503847],[-0.246447,51.503855],[-0.2464,51.503861],[-0.24639,51.503863],[-0.246356,51.503868],[-0.246303,51.503876],[-0.246216,51.503889],[-0.246114,51.503904],[-0.246087,51.503908],[-0.246056,51.503916],[-0.246037,51.503922],[-0.245981,51.50393],[-0.245939,51.503931],[-0.245908,51.503935],[-0.245888,51.50394],[-0.245849,51.50395],[-0.245821,51.503954],[-0.245797,51.503959],[-0.245725,51.503965],[-0.245691,51.503973],[-0.245638,51.503991],[-0.245599,51.503988],[-0.245592,51.503988],[-0.245484,51.504003],[-0.245477,51.504004],[-0.245386,51.504017],[-0.245355,51.504025],[-0.245534,51.504226],[-0.245558,51.504214],[-0.245711,51.504168],[-0.245913,51.504221],[-0.245907,51.504229],[-0.245861,51.504321],[-0.245862,51.504355],[-0.245882,51.504413],[-0.245896,51.504426],[-0.246006,51.504527],[-0.246076,51.50459],[-0.246024,51.5046],[-0.245689,51.504659],[-0.245695,51.504674],[-0.245697,51.504677],[-0.245721,51.504732],[-0.245746,51.50479],[-0.245757,51.504815],[-0.245785,51.504879],[-0.245789,51.504888],[-0.245807,51.50493],[-0.245831,51.504986],[-0.245833,51.50499],[-0.245847,51.505021],[-0.245853,51.505035],[-0.245864,51.505061],[-0.245875,51.505085],[-0.245888,51.505115],[-0.245899,51.505139],[-0.245914,51.505175],[-0.245928,51.505206],[-0.245942,51.505239],[-0.245946,51.505247],[-0.245958,51.505276],[-0.245971,51.505306],[-0.245979,51.505323],[-0.245993,51.505356],[-0.246,51.505371],[-0.246006,51.505384],[-0.246008,51.505388],[-0.246027,51.505429],[-0.246028,51.505432],[-0.246049,51.505476],[-0.246056,51.505491],[-0.246076,51.505534],[-0.24608,51.505543],[-0.246084,51.505551],[-0.246109,51.505605],[-0.246124,51.505638],[-0.24613,51.505651],[-0.246133,51.505657],[-0.246146,51.505685],[-0.246165,51.505724],[-0.246195,51.505789],[-0.246207,51.505814],[-0.246213,51.505827],[-0.24622,51.505842],[-0.246229,51.505861],[-0.246238,51.505879],[-0.246243,51.505891],[-0.246257,51.50592],[-0.24628,51.505966],[-0.246283,51.505972],[-0.2463,51.506005],[-0.246303,51.506013],[-0.246326,51.506058],[-0.246341,51.50609],[-0.246343,51.506094],[-0.246346,51.506099],[-0.246357,51.50612],[-0.246367,51.506146],[-0.246372,51.506158],[-0.246379,51.506176],[-0.246399,51.506225],[-0.246412,51.506257],[-0.246419,51.506278],[-0.246424,51.506293],[-0.246436,51.50633],[-0.246446,51.506361],[-0.246454,51.506384],[-0.246462,51.50643],[-0.24647,51.506476],[-0.246485,51.506559],[-0.246488,51.506577],[-0.246492,51.506656],[-0.246494,51.506681],[-0.246492,51.506702],[-0.246489,51.506733],[-0.24629,51.506734],[-0.246272,51.506734],[-0.246203,51.506734],[-0.24612,51.506735],[-0.245953,51.506736],[-0.245931,51.506736],[-0.245828,51.506736],[-0.245788,51.506736],[-0.245686,51.506737],[-0.245652,51.506737],[-0.245632,51.506737],[-0.245519,51.506738],[-0.245393,51.506739],[-0.245235,51.506739],[-0.245153,51.50674],[-0.245113,51.506741],[-0.245064,51.506743],[-0.24502,51.506744],[-0.244912,51.506748],[-0.244767,51.506753],[-0.244673,51.506756],[-0.2446,51.506759],[-0.244352,51.506758],[-0.244211,51.506757],[-0.24419,51.506757],[-0.244175,51.506757],[-0.244098,51.506757],[-0.244002,51.506756],[-0.243884,51.506756],[-0.243855,51.506756],[-0.243828,51.506755],[-0.243753,51.506755],[-0.243628,51.506755],[-0.243545,51.506754],[-0.243374,51.506753],[-0.243268,51.506753],[-0.243092,51.506752],[-0.243028,51.506752],[-0.24299,51.506752],[-0.242931,51.506749],[-0.242893,51.506747],[-0.242792,51.50674],[-0.242643,51.50673],[-0.242348,51.506709],[-0.24202,51.506679],[-0.242049,51.506552],[-0.242082,51.506445],[-0.242165,51.506316],[-0.24222,51.506231],[-0.242223,51.506226],[-0.242299,51.506123],[-0.242314,51.50611],[-0.242311,51.506107],[-0.242436,51.505995],[-0.24246,51.505974],[-0.24247,51.505968],[-0.242549,51.505921],[-0.242608,51.505886]]]}},{"type":"Feature","properties":{"LSOA21CD":"E01001862","LSOA21NM":"Hammersmith and Fulham 005A","MEAN_PTAL_":"3","mean_AI":14.1449163346,"borough":"Hammersmith & Fulham"},"geometry":{"type":"Polygon","coordinates":[[[-0.234198,51.506022],[-0.234166,51.505899],[-0.234153,51.505848],[-0.234145,51.505815],[-0.234136,51.505779],[-0.234128,51.505747],[-0.234102,51.505647],[-0.234082,51.505567],[-0.234079,51.505556],[-0.234064,51.505496],[-0.234062,51.505489],[-0.234055,51.505461],[-0.234047,51.505431],[-0.234033,51.505375],[-0.234023,51.505335],[-0.234016,51.50531],[-0.233994,51.505223],[-0.233983,51.50518],[-0.233968,51.505119],[-0.233944,51.505027],[-0.23394,51.505009],[-0.233919,51.504928],[-0.233911,51.504894],[-0.233873,51.504805],[-0.233856,51.504765],[-0.233842,51.504732],[-0.233815,51.504668],[-0.233803,51.50464],[-0.233778,51.504579],[-0.233679,51.504345],[-0.233561,51.504378],[-0.233316,51.504447],[-0.233299,51.504305],[-0.233299,51.504301],[-0.233295,51.504264],[-0.23329,51.50422],[-0.233289,51.504215],[-0.233285,51.504182],[-0.233279,51.504122],[-0.233271,51.504065],[-0.233269,51.504048],[-0.233158,51.504043],[-0.233156,51.504036],[-0.233143,51.50399],[-0.233136,51.503965],[-0.233132,51.503954],[-0.233112,51.503898],[-0.233097,51.503856],[-0.233089,51.503831],[-0.233078,51.5038],[-0.233073,51.503788],[-0.233068,51.503772],[-0.233046,51.50371],[-0.233044,51.503704],[-0.233042,51.503698],[-0.23304,51.503693],[-0.233031,51.503667],[-0.233011,51.50361],[-0.233009,51.503603],[-0.233002,51.503584],[-0.232993,51.503559],[-0.232974,51.503505],[-0.232971,51.503494],[-0.232966,51.503482],[-0.232954,51.503448],[-0.232937,51.503398],[-0.23293,51.503379],[-0.232925,51.503365],[-0.232924,51.503362],[-0.232916,51.503337],[-0.232914,51.503331],[-0.232911,51.503324],[-0.232891,51.503266],[-0.232881,51.503239],[-0.23288,51.503235],[-0.232877,51.503226],[-0.232862,51.503183],[-0.232851,51.503152],[-0.232849,51.503147],[-0.232843,51.50313],[-0.232826,51.503082],[-0.23281,51.503037],[-0.232805,51.503021],[-0.232792,51.502984],[-0.232777,51.502941],[-0.232774,51.502932],[-0.232768,51.502915],[-0.232733,51.502834],[-0.23273,51.502828],[-0.232727,51.502822],[-0.23271,51.502782],[-0.232696,51.502747],[-0.232692,51.502736],[-0.232677,51.502695],[-0.232651,51.502629],[-0.232634,51.502585],[-0.232621,51.502551],[-0.23262,51.502546],[-0.232618,51.502542],[-0.232599,51.502492],[-0.232598,51.502489],[-0.232595,51.502482],[-0.232573,51.502423],[-0.232555,51.502378],[-0.232542,51.502343],[-0.232532,51.502317],[-0.232519,51.502283],[-0.232511,51.502262],[-0.232491,51.50221],[-0.232489,51.502203],[-0.23245,51.502101],[-0.232445,51.502088],[-0.232443,51.502085],[-0.232423,51.502031],[-0.23241,51.501997],[-0.232382,51.501925],[-0.232354,51.50185],[-0.232343,51.501823],[-0.232334,51.501798],[-0.232306,51.501725],[-0.232298,51.501704],[-0.232444,51.501667],[-0.232683,51.501606],[-0.232679,51.5016],[-0.232615,51.501516],[-0.232528,51.501402],[-0.232544,51.501403],[-0.232938,51.501429],[-0.233067,51.501462],[-0.233113,51.501384],[-0.233128,51.501372],[-0.233202,51.501367],[-0.23348,51.501349],[-0.233486,51.501357],[-0.233509,51.50139],[-0.233559,51.501385],[-0.233937,51.501348],[-0.233945,51.501344],[-0.234027,51.501262],[-0.234031,51.501259],[-0.234018,51.501218],[-0.234069,51.501152],[-0.234178,51.501335],[-0.234189,51.501353],[-0.234195,51.501362],[-0.234251,51.501399],[-0.234462,51.501537],[-0.234486,51.501558],[-0.234502,51.501573],[-0.234521,51.50159],[-0.234549,51.501614],[-0.234587,51.501647],[-0.234614,51.501692],[-0.234635,51.501728],[-0.234668,51.501783],[-0.234688,51.501821],[-0.234721,51.501884],[-0.234809,51.501857],[-0.23496,51.501977],[-0.235005,51.502013],[-0.235251,51.501937],[-0.235311,51.501919],[-0.235149,51.501609],[-0.235129,51.50157],[-0.235059,51.501435],[-0.235226,51.501493],[-0.235287,51.501514],[-0.23536,51.501533],[-0.235377,51.501537],[-0.235418,51.50155],[-0.235455,51.501563],[-0.235473,51.501601],[-0.2355,51.501642],[-0.235571,51.501697],[-0.235579,51.501703],[-0.235599,51.501718],[-0.23563,51.501747],[-0.235838,51.501951],[-0.235918,51.501994],[-0.236024,51.502071],[-0.23626,51.502242],[-0.236021,51.502358],[-0.235927,51.502439],[-0.235923,51.502444],[-0.23591,51.502459],[-0.235903,51.502467],[-0.235857,51.502527],[-0.235814,51.502582],[-0.235788,51.502634],[-0.235596,51.502751],[-0.235569,51.502775],[-0.235503,51.502864],[-0.235498,51.502879],[-0.235506,51.50293],[-0.235509,51.502948],[-0.23553,51.502974],[-0.235541,51.503008],[-0.235558,51.503028],[-0.235566,51.503033],[-0.235585,51.503082],[-0.235602,51.503099],[-0.235607,51.503128],[-0.235609,51.50313],[-0.235617,51.503179],[-0.235641,51.50321],[-0.235643,51.503222],[-0.235654,51.503236],[-0.235664,51.503271],[-0.23568,51.503288],[-0.235692,51.503317],[-0.235723,51.50335],[-0.235729,51.503354],[-0.235738,51.503377],[-0.235748,51.503401],[-0.235751,51.503405],[-0.235765,51.503448],[-0.235794,51.503488],[-0.235796,51.503493],[-0.235804,51.503502],[-0.235821,51.503539],[-0.235845,51.503592],[-0.235846,51.503602],[-0.235868,51.50366],[-0.235882,51.503667],[-0.235905,51.503679],[-0.23571,51.503706],[-0.235533,51.503731],[-0.235537,51.503744],[-0.235557,51.503808],[-0.235579,51.503877],[-0.235601,51.503951],[-0.235612,51.503986],[-0.23562,51.504009],[-0.235601,51.504014],[-0.235387,51.504069],[-0.235435,51.504177],[-0.235456,51.504225],[-0.235468,51.504253],[-0.235491,51.504303],[-0.235549,51.504434],[-0.235604,51.504558],[-0.23566,51.504683],[-0.235674,51.504715],[-0.235744,51.504863],[-0.235812,51.505008],[-0.235833,51.505052],[-0.235848,51.505083],[-0.235809,51.505089],[-0.235772,51.505094],[-0.235736,51.505099],[-0.235695,51.505104],[-0.235631,51.505112],[-0.235548,51.505247],[-0.235542,51.505314],[-0.235555,51.505347],[-0.235557,51.505353],[-0.235571,51.505366],[-0.235783,51.505379],[-0.235974,51.505445],[-0.236051,51.505471],[-0.236112,51.505493],[-0.236116,51.505515],[-0.236117,51.505551],[-0.236104,51.505615],[-0.236087,51.505664],[-0.236107,51.505727],[-0.23611,51.505734],[-0.236114,51.505744],[-0.236118,51.505752],[-0.236151,51.505834],[-0.236155,51.50585],[-0.236032,51.50594],[-0.235966,51.505977],[-0.235907,51.506003],[-0.235284,51.505946],[-0.235288,51.505962],[-0.235298,51.506001],[-0.235352,51.506205],[-0.235418,51.506449],[-0.235354,51.506449],[-0.235239,51.506448],[-0.235147,51.506448],[-0.235001,51.506447],[-0.234819,51.506446],[-0.234734,51.506445],[-0.234569,51.506444],[-0.23456,51.506445],[-0.234512,51.506451],[-0.234394,51.506464],[-0.234305,51.506475],[-0.23427,51.506479],[-0.234266,51.506446],[-0.234261,51.506406],[-0.234259,51.506393],[-0.234225,51.506127],[-0.234209,51.506066],[-0.234198,51.506022]]]}},{"type":"Feature","properties":{"LSOA21CD":"E01001863","LSOA21NM":"Hammersmith and Fulham 006D","MEAN_PTAL_":"3","mean_AI":12.5118089674,"borough":"Hammersmith & Fulham"},"geometry":{"type":"Polygon","coordinates":[[[-0.236458,51.506004],[-0.236384,51.505971],[-0.236356,51.505955],[-0.236346,51.505951],[-0.236287,51.505917],[-0.236263,51.505902],[-0.236155,51.50585],[-0.236151,51.505834],[-0.236118,51.505752],[-0.236114,51.505744],[-0.23611,51.505734],[-0.236107,51.505727],[-0.236087,51.505664],[-0.236104,51.505615],[-0.236117,51.505551],[-0.236116,51.505515],[-0.236112,51.505493],[-0.236051,51.505471],[-0.235974,51.505445],[-0.235783,51.505379],[-0.235571,51.505366],[-0.235557,51.505353],[-0.235555,51.505347],[-0.235542,51.505314],[-0.235548,51.505247],[-0.235631,51.505112],[-0.235695,51.505104],[-0.235736,51.505099],[-0.235772,51.505094],[-0.235809,51.505089],[-0.235848,51.505083],[-0.235833,51.505052],[-0.235812,51.505008],[-0.235744,51.504863],[-0.235674,51.504715],[-0.23566,51.504683],[-0.235679,51.504659],[-0.23569,51.504649],[-0.235742,51.504663],[-0.235776,51.504676],[-0.235896,51.504712],[-0.235903,51.504714],[-0.235985,51.504747],[-0.236178,51.504774],[-0.236468,51.504738],[-0.236476,51.504725],[-0.236485,51.504724],[-0.236507,51.50472],[-0.236601,51.504705],[-0.236769,51.504678],[-0.2369,51.504634],[-0.236946,51.504606],[-0.237032,51.504539],[-0.237041,51.504529],[-0.237034,51.504498],[-0.237032,51.504473],[-0.237029,51.504459],[-0.237091,51.504408],[-0.237094,51.504405],[-0.23712,51.50439],[-0.237144,51.504374],[-0.237201,51.504321],[-0.237211,51.504315],[-0.237238,51.5043],[-0.237269,51.504273],[-0.237306,51.504226],[-0.237321,51.504217],[-0.237378,51.504183],[-0.237389,51.504173],[-0.237419,51.504125],[-0.237421,51.504114],[-0.237425,51.504089],[-0.237436,51.504081],[-0.23745,51.504069],[-0.237478,51.504022],[-0.237479,51.503962],[-0.23746,51.503906],[-0.237415,51.50384],[-0.237412,51.503835],[-0.237402,51.503825],[-0.237412,51.503821],[-0.237947,51.503605],[-0.237948,51.503602],[-0.237955,51.503601],[-0.237988,51.503598],[-0.238013,51.503594],[-0.238014,51.503578],[-0.238062,51.503289],[-0.238067,51.503259],[-0.238068,51.503253],[-0.238089,51.503129],[-0.238104,51.503112],[-0.238091,51.503107],[-0.23767,51.502955],[-0.237608,51.502937],[-0.23761,51.502933],[-0.23756,51.502915],[-0.237507,51.502896],[-0.237545,51.502873],[-0.237572,51.502857],[-0.237595,51.502843],[-0.237609,51.50282],[-0.237611,51.502816],[-0.237612,51.502789],[-0.237601,51.502749],[-0.237599,51.502744],[-0.237579,51.502719],[-0.237517,51.502644],[-0.237544,51.502579],[-0.237563,51.502535],[-0.237595,51.502461],[-0.237598,51.502453],[-0.237621,51.502399],[-0.237636,51.502363],[-0.237651,51.502329],[-0.23767,51.502284],[-0.237704,51.502204],[-0.237731,51.502139],[-0.237746,51.502105],[-0.237765,51.502061],[-0.237797,51.501985],[-0.237807,51.501962],[-0.237821,51.501929],[-0.237826,51.501916],[-0.237841,51.501882],[-0.23786,51.501838],[-0.237879,51.501792],[-0.237897,51.501751],[-0.237903,51.501737],[-0.237919,51.501701],[-0.237935,51.501667],[-0.237966,51.501599],[-0.238012,51.501497],[-0.238016,51.501489],[-0.238041,51.501435],[-0.238051,51.501412],[-0.238056,51.501401],[-0.238087,51.501334],[-0.238097,51.501311],[-0.238099,51.501307],[-0.238113,51.501275],[-0.238117,51.501266],[-0.238124,51.501251],[-0.238149,51.501197],[-0.238201,51.501081],[-0.23822,51.501039],[-0.238246,51.50098],[-0.238258,51.500955],[-0.238273,51.500921],[-0.238285,51.500894],[-0.238291,51.500882],[-0.238322,51.500813],[-0.23833,51.500794],[-0.238333,51.500786],[-0.238367,51.500703],[-0.238369,51.500697],[-0.238402,51.500616],[-0.238413,51.500597],[-0.238428,51.50057],[-0.238431,51.500565],[-0.238448,51.500536],[-0.23846,51.500515],[-0.238472,51.500494],[-0.23851,51.500429],[-0.23857,51.500115],[-0.238794,51.500141],[-0.238793,51.500195],[-0.23879,51.50028],[-0.238789,51.500285],[-0.238863,51.500338],[-0.238904,51.500373],[-0.238933,51.500405],[-0.238955,51.50043],[-0.238957,51.500433],[-0.239001,51.500529],[-0.239009,51.500558],[-0.239024,51.500615],[-0.239008,51.50065],[-0.239005,51.50067],[-0.239001,51.500698],[-0.238999,51.500706],[-0.238998,51.500716],[-0.239002,51.500746],[-0.239003,51.50075],[-0.239016,51.500759],[-0.239029,51.500767],[-0.239033,51.50077],[-0.239084,51.500794],[-0.239128,51.50082],[-0.23921,51.500849],[-0.239228,51.500858],[-0.239238,51.500862],[-0.239369,51.500852],[-0.239388,51.50091],[-0.239431,51.501047],[-0.239449,51.501104],[-0.23947,51.501101],[-0.239474,51.501106],[-0.239555,51.501222],[-0.239575,51.50125],[-0.239541,51.501279],[-0.239521,51.501314],[-0.239744,51.501397],[-0.239808,51.501434],[-0.239803,51.501441],[-0.239751,51.501491],[-0.23972,51.501544],[-0.239696,51.501593],[-0.239681,51.501623],[-0.2397,51.501608],[-0.239726,51.501589],[-0.239768,51.501564],[-0.240069,51.501752],[-0.240119,51.501728],[-0.240287,51.501728],[-0.240337,51.501739],[-0.240369,51.501745],[-0.240509,51.50181],[-0.240509,51.501814],[-0.240456,51.501919],[-0.240424,51.501982],[-0.2404,51.502028],[-0.240354,51.502119],[-0.240341,51.502146],[-0.240308,51.502211],[-0.240275,51.502276],[-0.240272,51.502283],[-0.240265,51.502297],[-0.240256,51.502314],[-0.240235,51.502355],[-0.240234,51.502359],[-0.240213,51.5024],[-0.240205,51.502415],[-0.240166,51.502492],[-0.240164,51.502495],[-0.240151,51.50252],[-0.240143,51.502536],[-0.240092,51.502635],[-0.24009,51.50264],[-0.239894,51.503021],[-0.239686,51.503426],[-0.239643,51.503508],[-0.239636,51.503523],[-0.239658,51.503529],[-0.239701,51.50354],[-0.23968,51.50357],[-0.239655,51.503605],[-0.239642,51.503623],[-0.239649,51.503625],[-0.239634,51.503671],[-0.23962,51.50372],[-0.239623,51.503733],[-0.239625,51.503738],[-0.239615,51.503743],[-0.239595,51.503756],[-0.239548,51.503777],[-0.239479,51.503826],[-0.239445,51.503869],[-0.239434,51.503918],[-0.239456,51.504023],[-0.239441,51.504039],[-0.239428,51.504039],[-0.23942,51.504061],[-0.239356,51.504228],[-0.239334,51.504286],[-0.239329,51.5043],[-0.239344,51.5043],[-0.239332,51.504305],[-0.239313,51.504317],[-0.239273,51.504354],[-0.239244,51.504409],[-0.23924,51.504448],[-0.239267,51.504543],[-0.239204,51.504558],[-0.239198,51.50456],[-0.23913,51.504545],[-0.23901,51.504524],[-0.238883,51.504501],[-0.238814,51.504489],[-0.23872,51.504686],[-0.238693,51.504689],[-0.238492,51.504718],[-0.238207,51.504758],[-0.238132,51.504788],[-0.238124,51.504791],[-0.23815,51.504824],[-0.238176,51.504884],[-0.238181,51.504934],[-0.238172,51.504972],[-0.238131,51.505034],[-0.238076,51.505085],[-0.238025,51.505118],[-0.238019,51.505121],[-0.237965,51.505145],[-0.237936,51.505162],[-0.237931,51.505165],[-0.237918,51.505175],[-0.237878,51.505198],[-0.237865,51.505209],[-0.237813,51.505243],[-0.237768,51.505267],[-0.237761,51.505271],[-0.237712,51.50531],[-0.237717,51.505327],[-0.237729,51.505372],[-0.237728,51.505395],[-0.237727,51.5054],[-0.23773,51.505422],[-0.237731,51.505437],[-0.237737,51.505456],[-0.237739,51.505464],[-0.237748,51.505512],[-0.237751,51.505565],[-0.237749,51.505575],[-0.23775,51.505594],[-0.237749,51.505607],[-0.237747,51.505622],[-0.237752,51.505661],[-0.237754,51.505678],[-0.237766,51.505716],[-0.237767,51.505732],[-0.237765,51.505771],[-0.237768,51.505786],[-0.237758,51.505793],[-0.237674,51.505858],[-0.237662,51.505867],[-0.237622,51.50591],[-0.237574,51.506035],[-0.237569,51.506048],[-0.237558,51.506055],[-0.237114,51.506007],[-0.237109,51.506006],[-0.237102,51.506005],[-0.237077,51.506061],[-0.23686,51.506095],[-0.236843,51.506097],[-0.236759,51.506098],[-0.236657,51.506085],[-0.236579,51.506064],[-0.236511,51.506036],[-0.236458,51.506004]]]}},{"type":"Feature","properties":{"LSOA21CD":"E01001864","LSOA21NM":"Hammersmith and Fulham 006E","MEAN_PTAL_":"3","mean_AI":11.4425706749,"borough":"Hammersmith & Fulham"},"geometry":{"type":"Polygon","coordinates":[[[-0.239059,51.505362],[-0.239078,51.505303],[-0.239057,51.505302],[-0.239095,51.505095],[-0.239041,51.505089],[-0.239047,51.505082],[-0.23905,51.505079],[-0.239023,51.505059],[-0.239014,51.50497],[-0.239029,51.504919],[-0.239059,51.50488],[-0.239126,51.504829],[-0.239144,51.504819],[-0.239119,51.504788],[-0.239093,51.504734],[-0.239092,51.504693],[-0.239112,51.504645],[-0.239198,51.50456],[-0.239204,51.504558],[-0.239267,51.504543],[-0.23924,51.504448],[-0.239244,51.504409],[-0.239273,51.504354],[-0.239313,51.504317],[-0.239332,51.504305],[-0.239344,51.5043],[-0.239329,51.5043],[-0.239334,51.504286],[-0.239356,51.504228],[-0.23942,51.504061],[-0.239428,51.504039],[-0.239441,51.504039],[-0.239456,51.504023],[-0.239434,51.503918],[-0.239445,51.503869],[-0.239479,51.503826],[-0.239548,51.503777],[-0.239595,51.503756],[-0.239615,51.503743],[-0.239625,51.503738],[-0.239623,51.503733],[-0.23962,51.50372],[-0.239634,51.503671],[-0.239649,51.503625],[-0.239642,51.503623],[-0.239655,51.503605],[-0.23968,51.50357],[-0.239701,51.50354],[-0.239658,51.503529],[-0.239636,51.503523],[-0.239643,51.503508],[-0.239686,51.503426],[-0.239894,51.503021],[-0.24009,51.50264],[-0.240092,51.502635],[-0.240143,51.502536],[-0.240151,51.50252],[-0.240164,51.502495],[-0.240166,51.502492],[-0.240205,51.502415],[-0.240213,51.5024],[-0.240234,51.502359],[-0.240235,51.502355],[-0.240256,51.502314],[-0.240265,51.502297],[-0.240272,51.502283],[-0.240275,51.502276],[-0.240308,51.502211],[-0.240341,51.502146],[-0.240354,51.502119],[-0.2404,51.502028],[-0.240424,51.501982],[-0.240456,51.501919],[-0.240509,51.501814],[-0.240509,51.50181],[-0.240369,51.501745],[-0.240337,51.501739],[-0.240287,51.501728],[-0.240119,51.501728],[-0.240069,51.501752],[-0.239768,51.501564],[-0.239726,51.501589],[-0.2397,51.501608],[-0.239681,51.501623],[-0.239696,51.501593],[-0.23972,51.501544],[-0.239751,51.501491],[-0.239803,51.501441],[-0.239808,51.501434],[-0.239871,51.501376],[-0.239915,51.50134],[-0.240003,51.501315],[-0.240042,51.50134],[-0.240059,51.501351],[-0.240084,51.501368],[-0.240092,51.501365],[-0.24022,51.501446],[-0.240328,51.501479],[-0.240428,51.50151],[-0.240444,51.501514],[-0.240551,51.501537],[-0.240556,51.501539],[-0.240642,51.501549],[-0.240821,51.501576],[-0.24083,51.501578],[-0.240853,51.501581],[-0.240862,51.501554],[-0.240864,51.501545],[-0.240873,51.501546],[-0.240973,51.501561],[-0.241032,51.50157],[-0.241048,51.501572],[-0.241073,51.501579],[-0.241129,51.501594],[-0.241208,51.501615],[-0.241276,51.501632],[-0.241299,51.501638],[-0.241394,51.501664],[-0.241577,51.501712],[-0.241531,51.501722],[-0.241572,51.501734],[-0.241436,51.501903],[-0.241425,51.501923],[-0.241425,51.501931],[-0.241628,51.501968],[-0.241681,51.501996],[-0.241717,51.50204],[-0.241722,51.502057],[-0.241787,51.502145],[-0.241785,51.502157],[-0.241865,51.502151],[-0.241996,51.50214],[-0.24205,51.502154],[-0.242074,51.502168],[-0.242121,51.502196],[-0.242165,51.502222],[-0.242279,51.502321],[-0.24225,51.502386],[-0.242308,51.502409],[-0.242322,51.502418],[-0.242378,51.502426],[-0.242442,51.502447],[-0.242513,51.502471],[-0.242514,51.502527],[-0.242514,51.502556],[-0.242498,51.502593],[-0.242436,51.502633],[-0.242439,51.50266],[-0.24247,51.502694],[-0.242479,51.502705],[-0.242528,51.502758],[-0.242532,51.502763],[-0.242543,51.502775],[-0.242555,51.502777],[-0.24256,51.502778],[-0.242598,51.502779],[-0.242736,51.502783],[-0.242747,51.502783],[-0.242735,51.502903],[-0.242729,51.502959],[-0.242702,51.503014],[-0.242697,51.50302],[-0.242683,51.503017],[-0.242633,51.503004],[-0.242577,51.502989],[-0.24252,51.502985],[-0.242433,51.50298],[-0.242403,51.502973],[-0.24236,51.502962],[-0.242155,51.502909],[-0.242131,51.502902],[-0.242125,51.50291],[-0.242117,51.50292],[-0.24208,51.503266],[-0.242072,51.50327],[-0.242091,51.503306],[-0.24205,51.50334],[-0.241853,51.503325],[-0.241705,51.503313],[-0.241704,51.503317],[-0.241693,51.50339],[-0.241702,51.503411],[-0.241703,51.503415],[-0.241772,51.50349],[-0.241781,51.503488],[-0.241915,51.503453],[-0.24239,51.503563],[-0.24244,51.503582],[-0.242444,51.503581],[-0.242476,51.503575],[-0.242514,51.503571],[-0.242582,51.503567],[-0.242628,51.503567],[-0.242715,51.503615],[-0.24272,51.503614],[-0.243065,51.503565],[-0.243275,51.503536],[-0.243276,51.503513],[-0.243344,51.503404],[-0.243346,51.503401],[-0.243368,51.5034],[-0.243381,51.503431],[-0.243365,51.503433],[-0.243405,51.503524],[-0.243444,51.503623],[-0.243496,51.503786],[-0.243509,51.503804],[-0.243511,51.503808],[-0.243523,51.503831],[-0.243202,51.503847],[-0.243136,51.50385],[-0.243177,51.503942],[-0.243181,51.503968],[-0.243158,51.504047],[-0.24314,51.504078],[-0.243083,51.50414],[-0.243056,51.504161],[-0.243019,51.504184],[-0.242989,51.5042],[-0.242954,51.504223],[-0.242936,51.504233],[-0.242931,51.504236],[-0.24291,51.50425],[-0.242889,51.50426],[-0.242683,51.504105],[-0.24262,51.504088],[-0.242546,51.504075],[-0.2425,51.504071],[-0.242441,51.504073],[-0.242336,51.504088],[-0.242293,51.504125],[-0.242283,51.504134],[-0.242285,51.504155],[-0.242228,51.504193],[-0.242179,51.504227],[-0.242182,51.504237],[-0.242129,51.504261],[-0.242168,51.504283],[-0.242278,51.504344],[-0.242394,51.504407],[-0.242423,51.504423],[-0.242344,51.50447],[-0.242335,51.504475],[-0.242222,51.504537],[-0.242156,51.504582],[-0.242153,51.504589],[-0.24213,51.504631],[-0.242107,51.504656],[-0.242099,51.504663],[-0.242062,51.504684],[-0.242034,51.504709],[-0.242021,51.504721],[-0.242006,51.50473],[-0.241985,51.504741],[-0.241952,51.504759],[-0.241921,51.504782],[-0.241915,51.504787],[-0.24191,51.504793],[-0.241903,51.504802],[-0.241859,51.504829],[-0.241816,51.50487],[-0.241811,51.504879],[-0.241807,51.504884],[-0.241783,51.504898],[-0.241749,51.504926],[-0.241745,51.50493],[-0.241712,51.50494],[-0.241649,51.504972],[-0.241622,51.504993],[-0.241612,51.505],[-0.241603,51.505011],[-0.241596,51.505017],[-0.241578,51.505028],[-0.24157,51.505033],[-0.241565,51.505037],[-0.24155,51.505051],[-0.241525,51.505067],[-0.241515,51.505074],[-0.241506,51.505083],[-0.241468,51.505111],[-0.241461,51.505115],[-0.241454,51.505121],[-0.241448,51.505126],[-0.2414,51.505153],[-0.241395,51.505158],[-0.241389,51.505162],[-0.241365,51.505177],[-0.241354,51.505187],[-0.241342,51.505196],[-0.241334,51.505202],[-0.2413,51.50522],[-0.24124,51.505268],[-0.241232,51.505274],[-0.241223,51.505298],[-0.241206,51.505342],[-0.241229,51.505356],[-0.241282,51.505372],[-0.240985,51.50537],[-0.240528,51.505373],[-0.240505,51.505373],[-0.240125,51.505364],[-0.239792,51.50537],[-0.239776,51.50537],[-0.239494,51.505372],[-0.239305,51.505372],[-0.239209,51.505371],[-0.239059,51.505362]]]}},{"type":"Feature","properties":{"LSOA21CD":"E01001865","LSOA21NM":"Hammersmith and Fulham 008B","MEAN_PTAL_":"2","mean_AI":6.59779843473,"borough":"Hammersmith & Fulham"},"geometry":{"type":"Polygon","coordinates":[[[-0.249383,51.504607],[-0.249347,51.504551],[-0.249253,51.504402],[-0.249174,51.504411],[-0.249157,51.504413],[-0.249037,51.504427],[-0.249032,51.504429],[-0.24893,51.504449],[-0.248866,51.504462],[-0.248858,51.504464],[-0.248788,51.504469],[-0.248707,51.504475],[-0.248662,51.504478],[-0.24863,51.50448],[-0.24861,51.504482],[-0.248554,51.504486],[-0.248471,51.504492],[-0.248396,51.504498],[-0.248391,51.504498],[-0.248384,51.504499],[-0.248302,51.504505],[-0.248272,51.504507],[-0.248223,51.504511],[-0.248209,51.504512],[-0.248111,51.504519],[-0.248098,51.504495],[-0.248067,51.504436],[-0.24802,51.504346],[-0.248018,51.504341],[-0.247961,51.504347],[-0.247895,51.504355],[-0.247831,51.504362],[-0.24781,51.504365],[-0.247762,51.50437],[-0.247688,51.504379],[-0.247607,51.504388],[-0.247573,51.504392],[-0.247543,51.504395],[-0.247537,51.504396],[-0.247496,51.504401],[-0.24743,51.504408],[-0.24738,51.504414],[-0.247346,51.504418],[-0.247327,51.50442],[-0.24728,51.504425],[-0.247275,51.504426],[-0.247258,51.504428],[-0.247181,51.504436],[-0.247168,51.504438],[-0.247158,51.504439],[-0.247117,51.504444],[-0.2471,51.504446],[-0.247077,51.504448],[-0.24704,51.504453],[-0.246973,51.50446],[-0.246949,51.504463],[-0.246942,51.504464],[-0.24693,51.504465],[-0.246912,51.504467],[-0.246891,51.50447],[-0.24684,51.504475],[-0.246796,51.50448],[-0.246727,51.504488],[-0.246708,51.50449],[-0.246682,51.504494],[-0.246643,51.504498],[-0.246619,51.504501],[-0.246532,51.504511],[-0.246516,51.504512],[-0.246445,51.504525],[-0.246434,51.504527],[-0.24643,51.504528],[-0.246425,51.504529],[-0.246377,51.504537],[-0.246346,51.504543],[-0.246299,51.504551],[-0.246287,51.504553],[-0.246231,51.504563],[-0.246161,51.504575],[-0.246144,51.504578],[-0.246119,51.504583],[-0.246076,51.50459],[-0.246006,51.504527],[-0.245896,51.504426],[-0.245882,51.504413],[-0.245862,51.504355],[-0.245861,51.504321],[-0.245907,51.504229],[-0.245913,51.504221],[-0.245711,51.504168],[-0.245558,51.504214],[-0.245534,51.504226],[-0.245355,51.504025],[-0.245386,51.504017],[-0.245477,51.504004],[-0.245484,51.504003],[-0.245592,51.503988],[-0.245599,51.503988],[-0.245638,51.503991],[-0.245691,51.503973],[-0.245725,51.503965],[-0.245797,51.503959],[-0.245821,51.503954],[-0.245849,51.50395],[-0.245888,51.50394],[-0.245908,51.503935],[-0.245939,51.503931],[-0.245981,51.50393],[-0.246037,51.503922],[-0.246056,51.503916],[-0.246087,51.503908],[-0.246114,51.503904],[-0.246216,51.503889],[-0.246303,51.503876],[-0.246356,51.503868],[-0.24639,51.503863],[-0.2464,51.503861],[-0.246447,51.503855],[-0.246501,51.503847],[-0.246538,51.503841],[-0.246548,51.50384],[-0.246644,51.503825],[-0.246708,51.503816],[-0.246746,51.50381],[-0.246809,51.5038],[-0.24692,51.503764],[-0.246947,51.503755],[-0.24697,51.503748],[-0.24703,51.503719],[-0.247043,51.503713],[-0.247102,51.503669],[-0.24714,51.503633],[-0.247177,51.503598],[-0.247198,51.50357],[-0.247223,51.503536],[-0.247253,51.5035],[-0.24727,51.503438],[-0.247283,51.503364],[-0.247302,51.503257],[-0.247305,51.50324],[-0.247306,51.503231],[-0.247234,51.50324],[-0.247031,51.503263],[-0.246959,51.503274],[-0.246956,51.503285],[-0.246947,51.503322],[-0.246941,51.503323],[-0.246865,51.503483],[-0.246853,51.503497],[-0.246779,51.503537],[-0.246774,51.503538],[-0.246721,51.503566],[-0.246702,51.503568],[-0.246682,51.503568],[-0.246638,51.503574],[-0.246567,51.503592],[-0.246556,51.503593],[-0.246547,51.503595],[-0.246516,51.503599],[-0.246473,51.503609],[-0.246405,51.503614],[-0.246396,51.503614],[-0.246339,51.503619],[-0.246313,51.503625],[-0.246287,51.503627],[-0.246245,51.503634],[-0.246235,51.503635],[-0.246168,51.503648],[-0.246137,51.503649],[-0.246118,51.503652],[-0.246083,51.503653],[-0.245999,51.503667],[-0.245957,51.50368],[-0.24593,51.503692],[-0.245895,51.503697],[-0.245834,51.503699],[-0.24579,51.503705],[-0.245764,51.503709],[-0.245751,51.50371],[-0.245714,51.503715],[-0.245681,51.503716],[-0.245661,51.503717],[-0.245612,51.503724],[-0.24558,51.503725],[-0.245534,51.503732],[-0.245528,51.503732],[-0.245502,51.503735],[-0.245423,51.503757],[-0.245389,51.503762],[-0.24535,51.503767],[-0.245293,51.503769],[-0.245261,51.503773],[-0.245193,51.503783],[-0.245186,51.503783],[-0.245164,51.503787],[-0.24514,51.503791],[-0.24511,51.503798],[-0.24504,51.503808],[-0.24502,51.503813],[-0.24495,51.503815],[-0.244916,51.503819],[-0.244868,51.503838],[-0.244847,51.503841],[-0.244759,51.503851],[-0.244725,51.503856],[-0.244715,51.503856],[-0.244652,51.503864],[-0.244629,51.50387],[-0.244594,51.503873],[-0.244554,51.503883],[-0.244516,51.503888],[-0.244511,51.503889],[-0.244479,51.503893],[-0.244418,51.503895],[-0.244369,51.503903],[-0.244348,51.503908],[-0.244314,51.503913],[-0.244267,51.503925],[-0.244248,51.503928],[-0.244217,51.503929],[-0.24419,51.503933],[-0.244156,51.503934],[-0.244127,51.503938],[-0.244089,51.503938],[-0.244047,51.503943],[-0.243977,51.503962],[-0.243875,51.503906],[-0.243867,51.503899],[-0.243853,51.503852],[-0.243862,51.503825],[-0.243878,51.503786],[-0.243858,51.503728],[-0.2439,51.503722],[-0.243902,51.503718],[-0.243865,51.50371],[-0.243846,51.503693],[-0.243824,51.503673],[-0.243797,51.503591],[-0.24381,51.503533],[-0.243775,51.503509],[-0.243734,51.503438],[-0.24373,51.503387],[-0.243751,51.503371],[-0.243757,51.503367],[-0.243871,51.503348],[-0.243846,51.503296],[-0.243862,51.503279],[-0.243865,51.503277],[-0.243883,51.50325],[-0.243812,51.503194],[-0.243774,51.503151],[-0.24374,51.503082],[-0.243739,51.503078],[-0.243717,51.503002],[-0.243719,51.502992],[-0.243653,51.502916],[-0.24365,51.502908],[-0.243626,51.502847],[-0.243601,51.502836],[-0.243567,51.502821],[-0.2435,51.502774],[-0.243474,51.502741],[-0.243456,51.502718],[-0.243438,51.502574],[-0.243475,51.502522],[-0.243488,51.502517],[-0.243492,51.502515],[-0.243512,51.502453],[-0.243485,51.502413],[-0.243522,51.502404],[-0.243552,51.502396],[-0.243577,51.502434],[-0.243655,51.502414],[-0.243866,51.50236],[-0.243922,51.502345],[-0.243927,51.502344],[-0.24394,51.502341],[-0.243961,51.502335],[-0.243943,51.502301],[-0.243932,51.50228],[-0.243939,51.502279],[-0.244152,51.502226],[-0.244224,51.502208],[-0.244251,51.502201],[-0.244308,51.502188],[-0.244321,51.502184],[-0.244334,51.502204],[-0.24434,51.502212],[-0.244372,51.502258],[-0.244381,51.502271],[-0.24442,51.502328],[-0.244447,51.502367],[-0.244476,51.502418],[-0.244479,51.502422],[-0.244507,51.502417],[-0.24457,51.502404],[-0.244616,51.502396],[-0.244633,51.502392],[-0.244867,51.502347],[-0.244885,51.502343],[-0.244825,51.502252],[-0.244803,51.50222],[-0.2448,51.502215],[-0.244739,51.502123],[-0.244743,51.502122],[-0.244773,51.502115],[-0.244886,51.502088],[-0.244904,51.502084],[-0.244912,51.502083],[-0.244987,51.502067],[-0.245015,51.502062],[-0.245034,51.502058],[-0.245093,51.502046],[-0.245137,51.502037],[-0.245144,51.502036],[-0.245169,51.50203],[-0.2452,51.502024],[-0.245362,51.501991],[-0.245372,51.501989],[-0.245378,51.501988],[-0.245419,51.50198],[-0.245451,51.501973],[-0.245434,51.501946],[-0.245462,51.501941],[-0.245515,51.501931],[-0.245539,51.501926],[-0.24559,51.501916],[-0.245613,51.501911],[-0.245673,51.5019],[-0.245698,51.501895],[-0.245711,51.501892],[-0.245789,51.501877],[-0.245799,51.501875],[-0.245906,51.501854],[-0.24592,51.501851],[-0.245962,51.501843],[-0.246014,51.501833],[-0.246078,51.501821],[-0.246116,51.501813],[-0.246182,51.5018],[-0.246231,51.501791],[-0.246264,51.501784],[-0.246305,51.501776],[-0.246372,51.501763],[-0.246404,51.501757],[-0.246442,51.50175],[-0.24646,51.501746],[-0.24649,51.50174],[-0.24651,51.501736],[-0.246586,51.501721],[-0.246595,51.50172],[-0.246607,51.501717],[-0.246631,51.501713],[-0.246738,51.501692],[-0.246813,51.501677],[-0.246884,51.501663],[-0.246935,51.501658],[-0.246983,51.501653],[-0.247086,51.501844],[-0.247123,51.501837],[-0.247153,51.501831],[-0.247165,51.501829],[-0.24723,51.501816],[-0.247305,51.501801],[-0.247171,51.501566],[-0.247241,51.501554],[-0.247248,51.501553],[-0.247378,51.501531],[-0.247385,51.50153],[-0.247466,51.501516],[-0.247495,51.501512],[-0.247527,51.501506],[-0.247668,51.501482],[-0.247637,51.501424],[-0.247627,51.501406],[-0.247708,51.501391],[-0.247718,51.501389],[-0.247772,51.501379],[-0.247798,51.501374],[-0.247843,51.501365],[-0.247885,51.501357],[-0.248039,51.501328],[-0.248049,51.501326],[-0.248069,51.501322],[-0.248082,51.50132],[-0.248098,51.501317],[-0.248108,51.501315],[-0.248147,51.501307],[-0.248153,51.501306],[-0.248186,51.5013],[-0.248393,51.50126],[-0.248401,51.501259],[-0.248407,51.501258],[-0.248432,51.501253],[-0.248452,51.501249],[-0.248465,51.501247],[-0.248662,51.501209],[-0.248735,51.501195],[-0.248759,51.501191],[-0.248798,51.501183],[-0.248887,51.501166],[-0.248897,51.501164],[-0.248908,51.501177],[-0.248984,51.501265],[-0.249032,51.501321],[-0.249044,51.501335],[-0.249047,51.501339],[-0.24909,51.501389],[-0.249109,51.50141],[-0.24915,51.501459],[-0.249172,51.501484],[-0.24916,51.501488],[-0.249168,51.501498],[-0.24912,51.501604],[-0.249097,51.501644],[-0.249069,51.501691],[-0.249065,51.501698],[-0.249042,51.501728],[-0.249017,51.501756],[-0.248992,51.501789],[-0.248984,51.501799],[-0.248959,51.501849],[-0.248957,51.501851],[-0.248914,51.501916],[-0.248896,51.501946],[-0.248863,51.502002],[-0.248856,51.502012],[-0.248854,51.502016],[-0.24885,51.502017],[-0.249073,51.502666],[-0.249103,51.502752],[-0.248842,51.503038],[-0.248817,51.503065],[-0.24902,51.50323],[-0.249089,51.503238],[-0.249161,51.503245],[-0.249238,51.50325],[-0.24932,51.503253],[-0.249368,51.503253],[-0.249393,51.503253],[-0.249479,51.503378],[-0.249602,51.503528],[-0.24961,51.503538],[-0.24971,51.503526],[-0.249731,51.503524],[-0.249876,51.503507],[-0.249976,51.503496],[-0.249976,51.503493],[-0.249913,51.503261],[-0.249871,51.503099],[-0.249827,51.502934],[-0.249825,51.502927],[-0.249837,51.502927],[-0.249868,51.502908],[-0.249891,51.502909],[-0.249894,51.502921],[-0.249964,51.502913],[-0.250232,51.502881],[-0.250275,51.502862],[-0.250318,51.502828],[-0.25039,51.502818],[-0.250455,51.50281],[-0.250898,51.502753],[-0.250913,51.502751],[-0.250925,51.5028],[-0.250975,51.502794],[-0.251239,51.502766],[-0.251281,51.502761],[-0.251287,51.50276],[-0.251467,51.502737],[-0.251587,51.502721],[-0.251579,51.502666],[-0.251977,51.502622],[-0.252028,51.502617],[-0.25203,51.502625],[-0.25204,51.502664],[-0.252118,51.502921],[-0.251824,51.502901],[-0.251791,51.502905],[-0.251779,51.502909],[-0.251687,51.502965],[-0.251625,51.503028],[-0.25161,51.503043],[-0.251604,51.503048],[-0.251591,51.503059],[-0.251566,51.503083],[-0.251561,51.503088],[-0.251424,51.503082],[-0.251301,51.503098],[-0.251262,51.503072],[-0.251025,51.502993],[-0.250981,51.502979],[-0.250911,51.502996],[-0.250779,51.50305],[-0.250674,51.50312],[-0.25066,51.503134],[-0.250603,51.503158],[-0.250594,51.503162],[-0.250533,51.503197],[-0.250511,51.503218],[-0.250512,51.503233],[-0.250517,51.503256],[-0.250532,51.503304],[-0.250547,51.503334],[-0.250538,51.50336],[-0.250532,51.503388],[-0.250529,51.503435],[-0.250531,51.503453],[-0.250544,51.503511],[-0.250538,51.503533],[-0.250536,51.503559],[-0.250537,51.503572],[-0.25055,51.503631],[-0.250572,51.503683],[-0.250577,51.503698],[-0.250581,51.503704],[-0.250583,51.503707],[-0.250581,51.503713],[-0.250581,51.503716],[-0.250577,51.503729],[-0.250575,51.503738],[-0.250619,51.503875],[-0.250634,51.503923],[-0.250664,51.504019],[-0.250666,51.504026],[-0.25072,51.504197],[-0.250736,51.504247],[-0.250738,51.504253],[-0.250751,51.504294],[-0.250761,51.504325],[-0.250762,51.504328],[-0.250777,51.504377],[-0.250802,51.504456],[-0.250834,51.504558],[-0.250817,51.50455],[-0.250746,51.504534],[-0.250736,51.504532],[-0.250628,51.504508],[-0.250572,51.504496],[-0.25051,51.504483],[-0.250438,51.504467],[-0.250388,51.504456],[-0.250291,51.504434],[-0.250229,51.504421],[-0.250208,51.504418],[-0.250186,51.504416],[-0.250164,51.504413],[-0.250118,51.504407],[-0.250091,51.504404],[-0.250079,51.504403],[-0.250074,51.504402],[-0.250048,51.504399],[-0.250028,51.504396],[-0.249881,51.504386],[-0.249878,51.504423],[-0.249877,51.504434],[-0.249867,51.504548],[-0.249863,51.504593],[-0.249802,51.504591],[-0.249704,51.504588],[-0.249651,51.504587],[-0.249458,51.504581],[-0.24943,51.504637],[-0.249417,51.504662],[-0.249383,51.504607]]]}},{"type":"Feature","properties":{"LSOA21CD":"E01001867","LSOA21NM":"Hammersmith and Fulham 012B","MEAN_PTAL_":"6a","mean_AI":34.0187869974,"borough":"Hammersmith & Fulham"},"geometry":{"type":"Polygon","coordinates":[[[-0.217009,51.493407],[-0.217023,51.49334],[-0.216863,51.493347],[-0.216451,51.493423],[-0.216462,51.493374],[-0.216504,51.493181],[-0.216547,51.492768],[-0.21655,51.492741],[-0.216455,51.49274],[-0.216295,51.492737],[-0.21629,51.492737],[-0.216206,51.492764],[-0.216204,51.492769],[-0.216171,51.492779],[-0.215652,51.492944],[-0.215284,51.492862],[-0.215308,51.492477],[-0.215315,51.49237],[-0.215323,51.492231],[-0.215201,51.492223],[-0.215099,51.492191],[-0.215142,51.492083],[-0.215139,51.492079],[-0.214909,51.491735],[-0.214522,51.491154],[-0.214548,51.491003],[-0.21455,51.490999],[-0.214649,51.490831],[-0.214669,51.490797],[-0.215309,51.490783],[-0.215712,51.490775],[-0.21574,51.490774],[-0.21585,51.490772],[-0.216053,51.490768],[-0.216075,51.490767],[-0.216093,51.490767],[-0.216476,51.490756],[-0.216616,51.490756],[-0.217517,51.490895],[-0.217887,51.490983],[-0.218237,51.491066],[-0.218257,51.49107],[-0.218328,51.491087],[-0.218348,51.491092],[-0.218381,51.4911],[-0.218411,51.491107],[-0.218451,51.491116],[-0.218554,51.491141],[-0.218625,51.491151],[-0.218706,51.491162],[-0.218807,51.491176],[-0.218849,51.491181],[-0.219018,51.491205],[-0.219098,51.491216],[-0.219221,51.491233],[-0.219296,51.491243],[-0.219295,51.491265],[-0.219294,51.491291],[-0.219291,51.491364],[-0.21929,51.491394],[-0.219279,51.491466],[-0.219275,51.491496],[-0.219266,51.491553],[-0.21925,51.491659],[-0.219252,51.491798],[-0.219253,51.491856],[-0.219254,51.491872],[-0.219255,51.491951],[-0.219256,51.492004],[-0.219257,51.492018],[-0.219257,51.492022],[-0.21926,51.492067],[-0.219261,51.492071],[-0.219263,51.492106],[-0.219264,51.492112],[-0.219265,51.492135],[-0.219268,51.49218],[-0.21927,51.492207],[-0.219272,51.492235],[-0.219273,51.492248],[-0.219275,51.492271],[-0.21928,51.492295],[-0.219282,51.492306],[-0.219293,51.492356],[-0.219295,51.492366],[-0.219348,51.492622],[-0.219352,51.492703],[-0.219369,51.493004],[-0.219373,51.493075],[-0.219381,51.493224],[-0.21945,51.493223],[-0.21954,51.493223],[-0.219728,51.493222],[-0.219734,51.493222],[-0.219961,51.493221],[-0.219991,51.493217],[-0.22005,51.493487],[-0.220053,51.493541],[-0.220066,51.493769],[-0.219897,51.493775],[-0.219494,51.493791],[-0.219388,51.493795],[-0.219364,51.493796],[-0.218814,51.493817],[-0.218622,51.493824],[-0.218437,51.493831],[-0.217893,51.493846],[-0.217603,51.493853],[-0.216938,51.493871],[-0.217009,51.493407]]]}},{"type":"Feature","properties":{"LSOA21CD":"E01001868","LSOA21NM":"Hammersmith and Fulham 012C","MEAN_PTAL_":"6a","mean_AI":25.425382692,"borough":"Hammersmith & Fulham"},"geometry":{"type":"Polygon","coordinates":[[[-0.209016,51.495332],[-0.208946,51.495233],[-0.208908,51.495244],[-0.208857,51.495182],[-0.20882,51.49515],[-0.208647,51.495002],[-0.208436,51.494821],[-0.208389,51.494876],[-0.208057,51.495001],[-0.208016,51.494968],[-0.207937,51.494903],[-0.207909,51.494885],[-0.207839,51.494812],[-0.207769,51.494766],[-0.207695,51.494729],[-0.207654,51.494709],[-0.207493,51.494631],[-0.207364,51.494568],[-0.207331,51.494552],[-0.207371,51.49452],[-0.207574,51.494357],[-0.207583,51.494349],[-0.207162,51.494195],[-0.20707,51.494161],[-0.207025,51.494145],[-0.206916,51.494105],[-0.206617,51.493977],[-0.206596,51.493967],[-0.20659,51.493965],[-0.206221,51.493778],[-0.205992,51.493662],[-0.205999,51.493659],[-0.206012,51.493653],[-0.206132,51.493656],[-0.206287,51.493647],[-0.206296,51.493632],[-0.206325,51.493579],[-0.206387,51.493528],[-0.206408,51.49351],[-0.206467,51.493471],[-0.206473,51.493468],[-0.206561,51.493428],[-0.206606,51.493408],[-0.206778,51.493348],[-0.206787,51.493346],[-0.206782,51.493326],[-0.206767,51.493261],[-0.206766,51.493257],[-0.206815,51.493083],[-0.206829,51.493057],[-0.20686,51.493044],[-0.207215,51.492895],[-0.207095,51.492858],[-0.207019,51.492823],[-0.206953,51.492793],[-0.206855,51.492737],[-0.206827,51.492701],[-0.2068,51.492673],[-0.206788,51.49264],[-0.206787,51.492637],[-0.206766,51.492653],[-0.206751,51.492661],[-0.206744,51.492669],[-0.206712,51.492693],[-0.206523,51.492835],[-0.206479,51.492868],[-0.206473,51.492872],[-0.206445,51.492893],[-0.206348,51.492963],[-0.206321,51.492983],[-0.206312,51.49299],[-0.206216,51.493063],[-0.206125,51.493133],[-0.206108,51.493146],[-0.206092,51.493159],[-0.206076,51.493171],[-0.206008,51.493224],[-0.205988,51.493238],[-0.205969,51.493253],[-0.205904,51.493303],[-0.205896,51.493309],[-0.205876,51.493325],[-0.2058,51.493384],[-0.205793,51.493389],[-0.205773,51.493402],[-0.205718,51.493439],[-0.205685,51.493472],[-0.205658,51.493492],[-0.205662,51.493494],[-0.205649,51.493507],[-0.205635,51.493521],[-0.205582,51.493553],[-0.205579,51.493554],[-0.205571,51.493558],[-0.205455,51.493646],[-0.205398,51.493689],[-0.205393,51.493693],[-0.205321,51.493748],[-0.20526,51.493794],[-0.205138,51.493886],[-0.205131,51.493883],[-0.205083,51.493918],[-0.205087,51.493925],[-0.205064,51.493942],[-0.204999,51.49391],[-0.20499,51.493905],[-0.20485,51.493836],[-0.204838,51.49383],[-0.204711,51.493755],[-0.204789,51.493714],[-0.204858,51.493743],[-0.20495,51.493666],[-0.204908,51.493644],[-0.204927,51.49363],[-0.204952,51.49361],[-0.205035,51.493545],[-0.20504,51.49353],[-0.205056,51.493515],[-0.20507,51.493503],[-0.205082,51.493492],[-0.205091,51.49347],[-0.205135,51.49342],[-0.205165,51.4934],[-0.205184,51.493382],[-0.205211,51.493365],[-0.205217,51.493361],[-0.205329,51.493327],[-0.205344,51.493312],[-0.205362,51.493299],[-0.205382,51.493277],[-0.205417,51.493253],[-0.205424,51.493248],[-0.205437,51.493242],[-0.205479,51.493209],[-0.205501,51.493197],[-0.205544,51.493164],[-0.205553,51.493161],[-0.205557,51.493159],[-0.205599,51.493138],[-0.205641,51.493118],[-0.205683,51.49308],[-0.205715,51.493039],[-0.205731,51.492996],[-0.20572,51.492989],[-0.2057,51.49298],[-0.205679,51.492971],[-0.20567,51.492969],[-0.205522,51.492939],[-0.2054,51.492913],[-0.20535,51.492903],[-0.205327,51.492893],[-0.2053,51.492881],[-0.205265,51.492866],[-0.205149,51.492809],[-0.205044,51.492757],[-0.205006,51.492739],[-0.20501,51.492733],[-0.204968,51.492708],[-0.204959,51.4927],[-0.204892,51.492674],[-0.204808,51.492626],[-0.204787,51.492609],[-0.204778,51.492606],[-0.204742,51.492596],[-0.204735,51.492594],[-0.204676,51.492565],[-0.204617,51.492528],[-0.204613,51.492526],[-0.204594,51.492522],[-0.204524,51.492501],[-0.204498,51.49249],[-0.204444,51.492463],[-0.204411,51.492442],[-0.204152,51.492193],[-0.204157,51.492192],[-0.204249,51.492187],[-0.204366,51.492181],[-0.204571,51.49221],[-0.204653,51.492222],[-0.204742,51.492254],[-0.204746,51.492256],[-0.204838,51.492311],[-0.204845,51.492311],[-0.204925,51.492337],[-0.205063,51.492411],[-0.205078,51.492413],[-0.205313,51.492434],[-0.205428,51.492298],[-0.205592,51.492216],[-0.205653,51.492186],[-0.205683,51.492171],[-0.205834,51.492111],[-0.205953,51.492064],[-0.205644,51.491955],[-0.205413,51.49186],[-0.205262,51.491776],[-0.205111,51.491687],[-0.2051,51.491678],[-0.205092,51.491671],[-0.205151,51.491683],[-0.205204,51.491694],[-0.205353,51.491707],[-0.205394,51.491707],[-0.205799,51.491347],[-0.205914,51.491392],[-0.206331,51.491567],[-0.206155,51.492035],[-0.206168,51.492074],[-0.206176,51.492096],[-0.206329,51.492157],[-0.206339,51.492161],[-0.206466,51.492138],[-0.206553,51.492116],[-0.206576,51.492114],[-0.206655,51.492106],[-0.206712,51.492093],[-0.206772,51.492079],[-0.206843,51.492045],[-0.206889,51.492003],[-0.206897,51.492003],[-0.207291,51.492015],[-0.207299,51.492022],[-0.20731,51.492031],[-0.207345,51.492039],[-0.207357,51.492062],[-0.207384,51.492098],[-0.207507,51.492274],[-0.207546,51.49233],[-0.207597,51.492402],[-0.207641,51.492466],[-0.207657,51.492489],[-0.207836,51.492698],[-0.207876,51.492734],[-0.207972,51.492822],[-0.208017,51.492863],[-0.20811,51.492939],[-0.208087,51.492954],[-0.208109,51.49297],[-0.208131,51.492956],[-0.208212,51.493019],[-0.208493,51.493187],[-0.208496,51.493189],[-0.208625,51.493266],[-0.20869,51.493305],[-0.208798,51.493369],[-0.208897,51.493429],[-0.208904,51.493433],[-0.209038,51.493513],[-0.209327,51.493687],[-0.209352,51.493702],[-0.209374,51.493712],[-0.209415,51.49373],[-0.209494,51.493767],[-0.209544,51.493787],[-0.209565,51.493795],[-0.209748,51.493887],[-0.209819,51.493932],[-0.209792,51.493952],[-0.209727,51.494],[-0.209726,51.494009],[-0.209705,51.494054],[-0.209583,51.49413],[-0.209212,51.494363],[-0.209161,51.494478],[-0.209153,51.494496],[-0.209155,51.494529],[-0.209158,51.49459],[-0.209059,51.494687],[-0.209216,51.49497],[-0.209532,51.495132],[-0.209637,51.495185],[-0.209665,51.495199],[-0.209135,51.495418],[-0.209097,51.495433],[-0.209058,51.49539],[-0.209056,51.495388],[-0.209035,51.495359],[-0.209018,51.495335],[-0.209016,51.495332]]]}},{"type":"Feature","properties":{"LSOA21CD":"E01001869","LSOA21NM":"Hammersmith and Fulham 010D","MEAN_PTAL_":"6a","mean_AI":30.6535774511,"borough":"Hammersmith & Fulham"},"geometry":{"type":"Polygon","coordinates":[[[-0.225412,51.498541],[-0.225395,51.498453],[-0.225076,51.498462],[-0.225053,51.498463],[-0.22505,51.498448],[-0.225039,51.498397],[-0.225027,51.498344],[-0.224953,51.497944],[-0.224942,51.497884],[-0.224896,51.49764],[-0.224868,51.497556],[-0.224833,51.497564],[-0.224828,51.497565],[-0.22481,51.497451],[-0.224784,51.497288],[-0.224784,51.497283],[-0.224776,51.497283],[-0.22407,51.497315],[-0.223954,51.497298],[-0.223732,51.497267],[-0.22374,51.497229],[-0.223742,51.497218],[-0.223344,51.497204],[-0.223186,51.497199],[-0.22302,51.497193],[-0.222912,51.49719],[-0.222871,51.497188],[-0.222824,51.497245],[-0.222732,51.497356],[-0.222689,51.497344],[-0.22234,51.497241],[-0.222333,51.497253],[-0.222311,51.497295],[-0.22228,51.497397],[-0.222266,51.497446],[-0.222251,51.497494],[-0.222232,51.497558],[-0.222217,51.497607],[-0.222202,51.497658],[-0.222188,51.497705],[-0.222186,51.497713],[-0.222183,51.497723],[-0.222038,51.497715],[-0.221958,51.49771],[-0.221953,51.497727],[-0.221935,51.49779],[-0.221927,51.497818],[-0.221926,51.497822],[-0.221898,51.497917],[-0.22189,51.497916],[-0.221828,51.497906],[-0.221813,51.497904],[-0.221722,51.49789],[-0.221677,51.497883],[-0.221603,51.497871],[-0.221605,51.497866],[-0.221607,51.497862],[-0.221659,51.497737],[-0.221666,51.497721],[-0.221687,51.497671],[-0.221689,51.497667],[-0.221695,51.497653],[-0.221705,51.497627],[-0.221714,51.497605],[-0.221745,51.497531],[-0.221751,51.497519],[-0.221766,51.497482],[-0.221768,51.497478],[-0.22177,51.497474],[-0.22179,51.497425],[-0.221799,51.497404],[-0.221813,51.49737],[-0.221827,51.497337],[-0.221798,51.497329],[-0.221736,51.497311],[-0.221653,51.497286],[-0.221581,51.497265],[-0.22151,51.497243],[-0.221397,51.49721],[-0.221389,51.497208],[-0.221364,51.497201],[-0.221358,51.497199],[-0.221351,51.497197],[-0.221235,51.497162],[-0.22115,51.49715],[-0.221078,51.497139],[-0.221054,51.497135],[-0.220991,51.497126],[-0.220939,51.497118],[-0.220896,51.497112],[-0.220841,51.497104],[-0.220816,51.4971],[-0.220766,51.497093],[-0.220696,51.497083],[-0.220666,51.497078],[-0.220615,51.497071],[-0.220585,51.497066],[-0.220518,51.497056],[-0.2205,51.497054],[-0.220444,51.497046],[-0.220409,51.49704],[-0.220352,51.497032],[-0.220293,51.497023],[-0.220241,51.497032],[-0.22016,51.497045],[-0.2201,51.497055],[-0.220079,51.497059],[-0.220022,51.497068],[-0.219984,51.497055],[-0.219915,51.497031],[-0.219882,51.497019],[-0.219851,51.497008],[-0.219826,51.496999],[-0.219785,51.496985],[-0.219749,51.496972],[-0.2197,51.496954],[-0.219674,51.496945],[-0.219632,51.49693],[-0.219584,51.496913],[-0.219578,51.496912],[-0.219514,51.496889],[-0.219488,51.49688],[-0.219466,51.496872],[-0.219442,51.496863],[-0.219422,51.496856],[-0.219339,51.496827],[-0.219326,51.496822],[-0.219297,51.496812],[-0.219258,51.496798],[-0.219295,51.49674],[-0.219298,51.496735],[-0.21923,51.496709],[-0.219209,51.496702],[-0.219143,51.496676],[-0.219117,51.496686],[-0.219111,51.496688],[-0.219085,51.496697],[-0.219001,51.496728],[-0.218967,51.49674],[-0.218931,51.496753],[-0.218921,51.496758],[-0.218899,51.496767],[-0.218858,51.496784],[-0.218853,51.496786],[-0.218735,51.496835],[-0.218691,51.496869],[-0.218585,51.496951],[-0.218582,51.496954],[-0.218552,51.496982],[-0.218545,51.496989],[-0.218489,51.497041],[-0.218481,51.497048],[-0.218464,51.497063],[-0.218414,51.497107],[-0.218332,51.497178],[-0.218287,51.497217],[-0.218274,51.497228],[-0.218272,51.49723],[-0.218253,51.497246],[-0.218195,51.497225],[-0.218178,51.497219],[-0.218073,51.497181],[-0.218011,51.497159],[-0.217937,51.497132],[-0.217919,51.497149],[-0.217903,51.497163],[-0.217899,51.497168],[-0.217868,51.497196],[-0.217828,51.497233],[-0.217784,51.497274],[-0.217764,51.497291],[-0.217742,51.497315],[-0.217736,51.497322],[-0.217694,51.497365],[-0.217654,51.497408],[-0.217641,51.497421],[-0.217609,51.497455],[-0.217593,51.497471],[-0.217574,51.497491],[-0.217556,51.49751],[-0.217526,51.497541],[-0.217491,51.497535],[-0.217399,51.497517],[-0.217316,51.497501],[-0.217239,51.497487],[-0.217205,51.49748],[-0.217159,51.497471],[-0.217098,51.497435],[-0.217028,51.497394],[-0.217011,51.497384],[-0.216807,51.497502],[-0.216786,51.497514],[-0.216779,51.497518],[-0.216658,51.497495],[-0.216658,51.497447],[-0.216648,51.497171],[-0.21638,51.497149],[-0.216275,51.496978],[-0.21626,51.496953],[-0.21623,51.496957],[-0.21619,51.496962],[-0.216035,51.496981],[-0.215949,51.496732],[-0.215685,51.496688],[-0.21569,51.496608],[-0.215691,51.496595],[-0.215695,51.496591],[-0.215698,51.496588],[-0.215756,51.496527],[-0.215763,51.496521],[-0.215768,51.496517],[-0.2158,51.496491],[-0.215811,51.496483],[-0.215864,51.49644],[-0.215881,51.496426],[-0.216017,51.496317],[-0.216168,51.496195],[-0.216373,51.496029],[-0.216447,51.49597],[-0.21654,51.495895],[-0.216589,51.495856],[-0.216593,51.495852],[-0.216684,51.495779],[-0.216687,51.495777],[-0.216743,51.495731],[-0.21675,51.495726],[-0.216806,51.495681],[-0.216784,51.495669],[-0.216662,51.495607],[-0.216561,51.495571],[-0.216552,51.495569],[-0.216388,51.495645],[-0.216307,51.495703],[-0.216295,51.495708],[-0.21629,51.49571],[-0.216253,51.495736],[-0.216248,51.49574],[-0.216214,51.495776],[-0.216212,51.495779],[-0.216193,51.495789],[-0.216153,51.495808],[-0.216149,51.495814],[-0.216143,51.495822],[-0.216131,51.495831],[-0.216073,51.495876],[-0.216061,51.495886],[-0.21604,51.495911],[-0.216037,51.495915],[-0.216036,51.495922],[-0.215954,51.496007],[-0.215869,51.496049],[-0.215859,51.496054],[-0.215849,51.496059],[-0.215839,51.496098],[-0.2157,51.496197],[-0.215632,51.496226],[-0.215621,51.49623],[-0.215346,51.496244],[-0.215341,51.496245],[-0.215322,51.496246],[-0.215298,51.496249],[-0.215257,51.49625],[-0.215187,51.496202],[-0.214982,51.496064],[-0.214948,51.496041],[-0.214925,51.496025],[-0.214882,51.496025],[-0.214854,51.496025],[-0.214618,51.496025],[-0.214353,51.496025],[-0.214247,51.495953],[-0.214167,51.495899],[-0.214064,51.495831],[-0.213963,51.495762],[-0.213954,51.495756],[-0.2139,51.49572],[-0.213858,51.495692],[-0.214032,51.495525],[-0.214112,51.495448],[-0.214175,51.495387],[-0.214249,51.495316],[-0.214276,51.49529],[-0.214302,51.495264],[-0.21432,51.495247],[-0.214426,51.495219],[-0.21456,51.495183],[-0.214618,51.495168],[-0.214712,51.495143],[-0.21482,51.495114],[-0.214977,51.495072],[-0.215111,51.495036],[-0.215155,51.495024],[-0.215205,51.495011],[-0.21536,51.49497],[-0.215447,51.494914],[-0.215344,51.494921],[-0.215212,51.49493],[-0.21521,51.494925],[-0.214878,51.49427],[-0.215193,51.494221],[-0.215277,51.494013],[-0.215285,51.493992],[-0.215473,51.494159],[-0.215623,51.494292],[-0.215637,51.494303],[-0.216189,51.494122],[-0.216246,51.494076],[-0.216278,51.49405],[-0.216326,51.494012],[-0.216374,51.493465],[-0.216376,51.493448],[-0.216451,51.493423],[-0.216863,51.493347],[-0.217023,51.49334],[-0.217009,51.493407],[-0.216938,51.493871],[-0.217603,51.493853],[-0.217893,51.493846],[-0.218437,51.493831],[-0.218622,51.493824],[-0.218814,51.493817],[-0.219364,51.493796],[-0.219388,51.493795],[-0.219494,51.493791],[-0.219897,51.493775],[-0.220066,51.493769],[-0.220053,51.493541],[-0.22005,51.493487],[-0.219991,51.493217],[-0.220048,51.493208],[-0.2202,51.493186],[-0.22043,51.493152],[-0.22043,51.493163],[-0.22043,51.493204],[-0.220432,51.493631],[-0.220432,51.493667],[-0.220435,51.493714],[-0.220438,51.493749],[-0.220435,51.493796],[-0.220431,51.493866],[-0.220429,51.493894],[-0.220426,51.493953],[-0.220425,51.49397],[-0.220421,51.494026],[-0.220418,51.494084],[-0.220417,51.494095],[-0.220414,51.494136],[-0.220411,51.494189],[-0.220411,51.494193],[-0.220409,51.49423],[-0.220409,51.494232],[-0.220406,51.49427],[-0.220406,51.494275],[-0.220404,51.49431],[-0.220403,51.494321],[-0.220401,51.494352],[-0.220399,51.494387],[-0.220398,51.494404],[-0.220398,51.494408],[-0.220397,51.494415],[-0.22039,51.49454],[-0.220389,51.494558],[-0.220388,51.494581],[-0.220388,51.494593],[-0.220388,51.4946],[-0.220346,51.494712],[-0.220328,51.494761],[-0.220319,51.494785],[-0.220298,51.494841],[-0.220292,51.494855],[-0.220289,51.494864],[-0.220303,51.494865],[-0.220423,51.494871],[-0.220427,51.494871],[-0.220433,51.494872],[-0.220473,51.494874],[-0.220562,51.494878],[-0.220586,51.494879],[-0.220601,51.49488],[-0.220626,51.494881],[-0.220637,51.494882],[-0.220726,51.494886],[-0.22075,51.494888],[-0.220788,51.49489],[-0.220807,51.494891],[-0.220832,51.494891],[-0.220838,51.494891],[-0.220891,51.494893],[-0.220896,51.494893],[-0.220951,51.494894],[-0.220968,51.494894],[-0.221041,51.494896],[-0.221068,51.494897],[-0.221101,51.494897],[-0.221109,51.494898],[-0.221185,51.494899],[-0.221186,51.494886],[-0.221187,51.494882],[-0.221193,51.494831],[-0.221193,51.494826],[-0.221194,51.494819],[-0.221211,51.494672],[-0.221363,51.494685],[-0.221381,51.494686],[-0.221401,51.494688],[-0.221414,51.494689],[-0.221438,51.494691],[-0.221523,51.494698],[-0.221537,51.494699],[-0.221573,51.494702],[-0.221696,51.494712],[-0.221693,51.49473],[-0.221691,51.494741],[-0.221685,51.494782],[-0.221684,51.494793],[-0.22167,51.494884],[-0.221665,51.494915],[-0.221661,51.494939],[-0.22166,51.494945],[-0.221756,51.494957],[-0.221933,51.494971],[-0.222111,51.494984],[-0.222117,51.494935],[-0.222124,51.494886],[-0.222194,51.494877],[-0.222234,51.494879],[-0.222506,51.494887],[-0.222551,51.49485],[-0.222603,51.494856],[-0.222609,51.494854],[-0.222656,51.49484],[-0.222788,51.494858],[-0.222798,51.494859],[-0.222802,51.494859],[-0.223123,51.494891],[-0.223228,51.494903],[-0.223469,51.494929],[-0.223718,51.494939],[-0.223868,51.494944],[-0.22394,51.494947],[-0.223955,51.494947],[-0.223943,51.4951],[-0.223935,51.495212],[-0.223919,51.495413],[-0.223949,51.495413],[-0.224093,51.495411],[-0.224268,51.495409],[-0.225319,51.495396],[-0.225543,51.496644],[-0.225548,51.496674],[-0.225575,51.496806],[-0.225583,51.496848],[-0.225592,51.496893],[-0.2256,51.496931],[-0.225603,51.496944],[-0.225622,51.497037],[-0.225623,51.497043],[-0.225632,51.497088],[-0.225633,51.497091],[-0.225641,51.497132],[-0.225662,51.497233],[-0.225671,51.497279],[-0.225674,51.497289],[-0.225689,51.497361],[-0.225698,51.497403],[-0.225711,51.497465],[-0.225727,51.49754],[-0.225739,51.497596],[-0.225761,51.497696],[-0.225768,51.497729],[-0.225783,51.497797],[-0.225784,51.497801],[-0.225902,51.498351],[-0.225906,51.498372],[-0.225914,51.498408],[-0.225921,51.498443],[-0.225941,51.498533],[-0.225961,51.498626],[-0.225976,51.498697],[-0.225979,51.498711],[-0.225981,51.498721],[-0.225985,51.49874],[-0.225991,51.498769],[-0.225993,51.498776],[-0.225995,51.498787],[-0.225498,51.498818],[-0.225467,51.49882],[-0.225466,51.498811],[-0.225463,51.498796],[-0.225453,51.498746],[-0.225444,51.498705],[-0.225439,51.498677],[-0.225434,51.498652],[-0.225426,51.498611],[-0.225425,51.498605],[-0.225412,51.498541]]]}},{"type":"Feature","properties":{"LSOA21CD":"E01001871","LSOA21NM":"Hammersmith and Fulham 012E","MEAN_PTAL_":"6a","mean_AI":26.6557440347,"borough":"Hammersmith & Fulham"},"geometry":{"type":"Polygon","coordinates":[[[-0.213467,51.496332],[-0.21341,51.496324],[-0.213231,51.496343],[-0.213064,51.496357],[-0.213041,51.496355],[-0.213017,51.496352],[-0.212712,51.496299],[-0.21267,51.496291],[-0.212608,51.496277],[-0.212497,51.49625],[-0.212439,51.496233],[-0.212453,51.496186],[-0.212471,51.496105],[-0.212474,51.496088],[-0.212477,51.496069],[-0.212489,51.495998],[-0.212479,51.495899],[-0.212468,51.495799],[-0.212443,51.495718],[-0.212389,51.495618],[-0.212365,51.495492],[-0.212395,51.495457],[-0.21244,51.495412],[-0.212499,51.495386],[-0.212732,51.495327],[-0.21282,51.495292],[-0.212907,51.495258],[-0.212981,51.495223],[-0.213025,51.495196],[-0.213061,51.495154],[-0.213085,51.495125],[-0.213116,51.495081],[-0.213119,51.495073],[-0.213148,51.495009],[-0.21315,51.494947],[-0.213151,51.494915],[-0.213153,51.494875],[-0.21313,51.494721],[-0.213105,51.494622],[-0.212863,51.494555],[-0.212783,51.494535],[-0.212749,51.494527],[-0.212729,51.494535],[-0.212712,51.494541],[-0.212414,51.49466],[-0.21237,51.494589],[-0.212292,51.494535],[-0.212273,51.49448],[-0.212212,51.494302],[-0.212164,51.494244],[-0.212128,51.494219],[-0.212035,51.494209],[-0.212011,51.494206],[-0.21184,51.494163],[-0.21182,51.49416],[-0.21179,51.494149],[-0.211746,51.494137],[-0.211597,51.494096],[-0.211557,51.494136],[-0.211538,51.494154],[-0.211361,51.494195],[-0.211305,51.494141],[-0.211159,51.494002],[-0.211156,51.493999],[-0.211658,51.493822],[-0.211687,51.493812],[-0.211758,51.493787],[-0.211741,51.493772],[-0.211712,51.493745],[-0.211554,51.4936],[-0.211398,51.493634],[-0.211367,51.493642],[-0.211346,51.493645],[-0.211221,51.493649],[-0.211216,51.493649],[-0.211197,51.493664],[-0.211067,51.493725],[-0.211023,51.49374],[-0.210961,51.493755],[-0.21084,51.493771],[-0.210786,51.493766],[-0.210874,51.493277],[-0.210884,51.493212],[-0.210841,51.493212],[-0.210653,51.493218],[-0.210594,51.493232],[-0.210557,51.492804],[-0.210567,51.492801],[-0.210742,51.49276],[-0.210959,51.4928],[-0.210964,51.492799],[-0.211113,51.492784],[-0.211339,51.492846],[-0.211448,51.492573],[-0.211461,51.49254],[-0.211468,51.492501],[-0.211546,51.492503],[-0.211703,51.492523],[-0.211847,51.492544],[-0.211989,51.492582],[-0.212429,51.492638],[-0.212798,51.492687],[-0.212849,51.492694],[-0.213036,51.492715],[-0.213164,51.492744],[-0.213249,51.492772],[-0.213309,51.492773],[-0.213283,51.492623],[-0.213284,51.492619],[-0.213281,51.492513],[-0.21328,51.492479],[-0.213277,51.492402],[-0.213265,51.492017],[-0.213258,51.491828],[-0.213259,51.491783],[-0.213256,51.491613],[-0.213111,51.491602],[-0.212844,51.491581],[-0.212548,51.491559],[-0.212358,51.491544],[-0.21223,51.491534],[-0.212053,51.491517],[-0.211714,51.491485],[-0.211661,51.49148],[-0.211632,51.491477],[-0.211643,51.491394],[-0.211656,51.491288],[-0.21166,51.491257],[-0.211667,51.491209],[-0.211668,51.491195],[-0.211698,51.490963],[-0.211705,51.49091],[-0.211711,51.490869],[-0.211743,51.49062],[-0.211746,51.490594],[-0.212005,51.490621],[-0.212204,51.490642],[-0.212216,51.490643],[-0.212346,51.490657],[-0.21236,51.490658],[-0.212397,51.490662],[-0.212544,51.490678],[-0.212553,51.490679],[-0.212595,51.490683],[-0.212602,51.490684],[-0.21263,51.490687],[-0.213227,51.490749],[-0.21324,51.490751],[-0.213249,51.490752],[-0.213312,51.490758],[-0.213439,51.490762],[-0.213443,51.490762],[-0.213475,51.490763],[-0.213674,51.490768],[-0.213737,51.49077],[-0.21377,51.490771],[-0.213921,51.490775],[-0.213976,51.490777],[-0.214005,51.490778],[-0.214533,51.490793],[-0.21457,51.490794],[-0.214669,51.490797],[-0.214649,51.490831],[-0.21455,51.490999],[-0.214548,51.491003],[-0.214522,51.491154],[-0.214909,51.491735],[-0.215139,51.492079],[-0.215142,51.492083],[-0.215099,51.492191],[-0.215201,51.492223],[-0.215323,51.492231],[-0.215315,51.49237],[-0.215308,51.492477],[-0.215284,51.492862],[-0.215652,51.492944],[-0.216171,51.492779],[-0.216204,51.492769],[-0.216206,51.492764],[-0.21629,51.492737],[-0.216295,51.492737],[-0.216455,51.49274],[-0.21655,51.492741],[-0.216547,51.492768],[-0.216504,51.493181],[-0.216462,51.493374],[-0.216451,51.493423],[-0.216376,51.493448],[-0.216374,51.493465],[-0.216326,51.494012],[-0.216278,51.49405],[-0.216246,51.494076],[-0.216189,51.494122],[-0.215637,51.494303],[-0.215623,51.494292],[-0.215473,51.494159],[-0.215285,51.493992],[-0.215277,51.494013],[-0.215193,51.494221],[-0.214878,51.49427],[-0.21521,51.494925],[-0.215212,51.49493],[-0.215344,51.494921],[-0.215447,51.494914],[-0.21536,51.49497],[-0.215205,51.495011],[-0.215155,51.495024],[-0.215111,51.495036],[-0.214977,51.495072],[-0.21482,51.495114],[-0.214712,51.495143],[-0.214618,51.495168],[-0.21456,51.495183],[-0.214426,51.495219],[-0.21432,51.495247],[-0.214302,51.495264],[-0.214276,51.49529],[-0.214249,51.495316],[-0.214175,51.495387],[-0.214112,51.495448],[-0.214032,51.495525],[-0.213858,51.495692],[-0.2139,51.49572],[-0.213954,51.495756],[-0.213963,51.495762],[-0.214064,51.495831],[-0.214167,51.495899],[-0.214247,51.495953],[-0.214353,51.496025],[-0.214618,51.496025],[-0.214854,51.496025],[-0.214882,51.496025],[-0.214925,51.496025],[-0.214948,51.496041],[-0.214936,51.496066],[-0.214917,51.496101],[-0.214844,51.496284],[-0.214751,51.49631],[-0.214481,51.4964],[-0.214293,51.496455],[-0.214202,51.496472],[-0.213672,51.496353],[-0.213667,51.496353],[-0.213544,51.496341],[-0.213467,51.496332]]]}},{"type":"Feature","properties":{"LSOA21CD":"E01001872","LSOA21NM":"Hammersmith and Fulham 012F","MEAN_PTAL_":"6a","mean_AI":25.4202592538,"borough":"Hammersmith & Fulham"},"geometry":{"type":"Polygon","coordinates":[[[-0.210286,51.493302],[-0.209846,51.492913],[-0.209566,51.493039],[-0.209462,51.493101],[-0.209447,51.493119],[-0.209446,51.493136],[-0.209444,51.493209],[-0.209444,51.493212],[-0.209348,51.493144],[-0.209333,51.493153],[-0.209303,51.493134],[-0.209232,51.493097],[-0.208936,51.492913],[-0.208921,51.492904],[-0.208698,51.492765],[-0.208684,51.492738],[-0.208685,51.492729],[-0.208728,51.492721],[-0.208814,51.492722],[-0.209013,51.492735],[-0.208936,51.492698],[-0.208982,51.492609],[-0.208683,51.4926],[-0.208637,51.492599],[-0.208611,51.492616],[-0.208578,51.492593],[-0.208543,51.492572],[-0.208436,51.492527],[-0.208327,51.492491],[-0.208268,51.492477],[-0.208229,51.492471],[-0.208169,51.492466],[-0.208152,51.492464],[-0.208044,51.492465],[-0.207817,51.492499],[-0.207802,51.492494],[-0.207752,51.492483],[-0.207641,51.492466],[-0.207597,51.492402],[-0.207546,51.49233],[-0.207507,51.492274],[-0.207384,51.492098],[-0.207357,51.492062],[-0.207345,51.492039],[-0.20731,51.492031],[-0.207299,51.492022],[-0.20733,51.491998],[-0.207327,51.491991],[-0.207346,51.491971],[-0.207362,51.491889],[-0.207384,51.491776],[-0.207394,51.491724],[-0.208169,51.49182],[-0.208193,51.491823],[-0.208198,51.491824],[-0.208259,51.491831],[-0.208352,51.491841],[-0.208736,51.491886],[-0.208874,51.491902],[-0.209093,51.491935],[-0.209197,51.49195],[-0.209204,51.491936],[-0.209212,51.491912],[-0.209212,51.491899],[-0.209213,51.491892],[-0.209219,51.49188],[-0.20923,51.491856],[-0.209287,51.491686],[-0.209288,51.491658],[-0.209289,51.491641],[-0.209294,51.491603],[-0.209307,51.491502],[-0.209312,51.491464],[-0.209325,51.491368],[-0.209341,51.491251],[-0.209361,51.491098],[-0.209367,51.49105],[-0.20937,51.491031],[-0.209371,51.491022],[-0.209313,51.491021],[-0.209154,51.491046],[-0.209014,51.491072],[-0.208987,51.491077],[-0.208986,51.491074],[-0.208955,51.491002],[-0.208943,51.490975],[-0.208729,51.490633],[-0.208718,51.490615],[-0.208751,51.490611],[-0.208803,51.490605],[-0.208826,51.490603],[-0.208934,51.490591],[-0.209011,51.490582],[-0.20907,51.490575],[-0.209099,51.490572],[-0.209121,51.49057],[-0.209277,51.490557],[-0.209301,51.490554],[-0.209473,51.490539],[-0.209481,51.490539],[-0.209489,51.490538],[-0.209611,51.49053],[-0.20976,51.490521],[-0.209767,51.49052],[-0.209775,51.49052],[-0.209799,51.490519],[-0.209912,51.490517],[-0.209943,51.490516],[-0.209989,51.490515],[-0.210047,51.490514],[-0.210094,51.490513],[-0.210133,51.490512],[-0.210164,51.490511],[-0.210171,51.490511],[-0.210197,51.490511],[-0.210219,51.49051],[-0.210269,51.490509],[-0.210317,51.490508],[-0.210453,51.490509],[-0.210544,51.49051],[-0.210571,51.490511],[-0.210619,51.490511],[-0.210686,51.490514],[-0.210735,51.490516],[-0.210763,51.490517],[-0.210883,51.490522],[-0.210955,51.490525],[-0.210963,51.490526],[-0.211057,51.49053],[-0.211103,51.490532],[-0.211116,51.490532],[-0.211135,51.490533],[-0.211149,51.490534],[-0.211202,51.490537],[-0.211221,51.490539],[-0.211239,51.490541],[-0.211326,51.49055],[-0.211338,51.490551],[-0.211461,51.490564],[-0.211568,51.490575],[-0.211583,51.490577],[-0.211673,51.490586],[-0.211746,51.490594],[-0.211743,51.49062],[-0.211711,51.490869],[-0.211705,51.49091],[-0.211698,51.490963],[-0.211668,51.491195],[-0.211667,51.491209],[-0.21166,51.491257],[-0.211656,51.491288],[-0.211643,51.491394],[-0.211632,51.491477],[-0.211661,51.49148],[-0.211714,51.491485],[-0.212053,51.491517],[-0.21223,51.491534],[-0.212358,51.491544],[-0.212548,51.491559],[-0.212844,51.491581],[-0.213111,51.491602],[-0.213256,51.491613],[-0.213259,51.491783],[-0.213258,51.491828],[-0.213265,51.492017],[-0.213277,51.492402],[-0.21328,51.492479],[-0.213281,51.492513],[-0.213284,51.492619],[-0.213283,51.492623],[-0.213309,51.492773],[-0.213249,51.492772],[-0.213164,51.492744],[-0.213036,51.492715],[-0.212849,51.492694],[-0.212798,51.492687],[-0.212429,51.492638],[-0.211989,51.492582],[-0.211847,51.492544],[-0.211703,51.492523],[-0.211546,51.492503],[-0.211468,51.492501],[-0.211461,51.49254],[-0.211448,51.492573],[-0.211339,51.492846],[-0.211113,51.492784],[-0.210964,51.492799],[-0.210959,51.4928],[-0.210742,51.49276],[-0.210567,51.492801],[-0.210557,51.492804],[-0.210594,51.493232],[-0.210594,51.493239],[-0.210563,51.493239],[-0.210508,51.493252],[-0.210451,51.49327],[-0.210382,51.493291],[-0.21031,51.4933],[-0.210277,51.493309],[-0.210286,51.493302]]]}},{"type":"Feature","properties":{"LSOA21CD":"E01001873","LSOA21NM":"Hammersmith and Fulham 010E","MEAN_PTAL_":"2","mean_AI":8.59382131578,"borough":"Hammersmith & Fulham"},"geometry":{"type":"Polygon","coordinates":[[[-0.215181,51.499341],[-0.215062,51.499301],[-0.215009,51.49927],[-0.214989,51.499258],[-0.214979,51.499252],[-0.214973,51.499249],[-0.214965,51.499245],[-0.214954,51.499262],[-0.21494,51.499272],[-0.214908,51.499297],[-0.214905,51.499299],[-0.214893,51.499313],[-0.214889,51.499311],[-0.214883,51.499306],[-0.214814,51.499257],[-0.214809,51.499253],[-0.214752,51.499213],[-0.214749,51.49921],[-0.21474,51.499204],[-0.214736,51.499201],[-0.214712,51.499184],[-0.214706,51.499179],[-0.214635,51.499128],[-0.214626,51.499122],[-0.21461,51.499111],[-0.214606,51.499107],[-0.214609,51.499102],[-0.214627,51.499078],[-0.214635,51.499067],[-0.214638,51.499063],[-0.21469,51.498994],[-0.214618,51.498961],[-0.214613,51.498959],[-0.214505,51.49891],[-0.214451,51.498893],[-0.214411,51.49888],[-0.2144,51.498876],[-0.214396,51.498875],[-0.214406,51.498855],[-0.214427,51.498809],[-0.21443,51.498803],[-0.214438,51.498785],[-0.214447,51.498766],[-0.214439,51.498764],[-0.214433,51.498762],[-0.214423,51.498758],[-0.214371,51.498741],[-0.214285,51.498713],[-0.214121,51.498659],[-0.214102,51.498653],[-0.214089,51.498649],[-0.214142,51.498559],[-0.214147,51.498552],[-0.214152,51.498542],[-0.214143,51.498539],[-0.21404,51.498504],[-0.214012,51.498496],[-0.213945,51.498476],[-0.213861,51.49845],[-0.213842,51.498444],[-0.213831,51.498441],[-0.213808,51.498435],[-0.21379,51.498465],[-0.213736,51.498551],[-0.213695,51.498611],[-0.213634,51.49859],[-0.213621,51.498586],[-0.213391,51.498508],[-0.213373,51.498501],[-0.213352,51.498494],[-0.213353,51.498491],[-0.213364,51.498473],[-0.213378,51.498451],[-0.213386,51.498437],[-0.213437,51.498351],[-0.21344,51.498347],[-0.213465,51.498305],[-0.21347,51.498297],[-0.213476,51.498286],[-0.21348,51.49828],[-0.213491,51.498262],[-0.213473,51.498257],[-0.21333,51.498214],[-0.21327,51.498196],[-0.213188,51.498171],[-0.213183,51.498168],[-0.213102,51.498113],[-0.21309,51.498105],[-0.213079,51.498098],[-0.213068,51.49809],[-0.213065,51.498088],[-0.213056,51.498093],[-0.213033,51.498103],[-0.213021,51.498109],[-0.212917,51.498158],[-0.21282,51.498203],[-0.212749,51.498237],[-0.212724,51.498249],[-0.212702,51.498259],[-0.212691,51.498253],[-0.212503,51.498133],[-0.212477,51.498117],[-0.212462,51.498107],[-0.212444,51.498095],[-0.212439,51.498092],[-0.212385,51.498124],[-0.212376,51.498129],[-0.212297,51.498175],[-0.212287,51.498179],[-0.212281,51.498173],[-0.212274,51.498166],[-0.212246,51.498135],[-0.212215,51.498101],[-0.212146,51.498043],[-0.21213,51.49803],[-0.212125,51.498026],[-0.212062,51.497973],[-0.212049,51.497962],[-0.211964,51.49789],[-0.21196,51.497887],[-0.211957,51.497884],[-0.211924,51.497857],[-0.211905,51.497841],[-0.211896,51.497833],[-0.211851,51.497795],[-0.211836,51.497783],[-0.211793,51.497747],[-0.211709,51.497676],[-0.21161,51.497593],[-0.21187,51.497524],[-0.211926,51.497509],[-0.211927,51.497488],[-0.211937,51.497485],[-0.211937,51.497462],[-0.211929,51.497461],[-0.211929,51.497424],[-0.211934,51.497311],[-0.211934,51.497291],[-0.211935,51.497281],[-0.211935,51.497268],[-0.211932,51.497076],[-0.211937,51.497076],[-0.211943,51.497076],[-0.211946,51.497005],[-0.21195,51.496997],[-0.211997,51.496902],[-0.212008,51.496881],[-0.212018,51.496866],[-0.212118,51.496898],[-0.212128,51.4969],[-0.212252,51.49692],[-0.212739,51.496991],[-0.212767,51.496991],[-0.212786,51.496995],[-0.212793,51.496996],[-0.213085,51.497055],[-0.213153,51.497069],[-0.213196,51.497078],[-0.213224,51.497097],[-0.213238,51.497115],[-0.213237,51.497151],[-0.213309,51.497082],[-0.213356,51.497036],[-0.213381,51.497021],[-0.213389,51.497016],[-0.213422,51.496997],[-0.213445,51.496983],[-0.213518,51.496949],[-0.213865,51.496918],[-0.214096,51.496921],[-0.214138,51.496923],[-0.214359,51.496934],[-0.214366,51.496929],[-0.214577,51.49695],[-0.215138,51.496496],[-0.215155,51.496482],[-0.21522,51.496429],[-0.215358,51.496318],[-0.215257,51.49625],[-0.215298,51.496249],[-0.215322,51.496246],[-0.215341,51.496245],[-0.215346,51.496244],[-0.215621,51.49623],[-0.215632,51.496226],[-0.2157,51.496197],[-0.215839,51.496098],[-0.215849,51.496059],[-0.215859,51.496054],[-0.215869,51.496049],[-0.215954,51.496007],[-0.216036,51.495922],[-0.216037,51.495915],[-0.21604,51.495911],[-0.216061,51.495886],[-0.216073,51.495876],[-0.216131,51.495831],[-0.216143,51.495822],[-0.216149,51.495814],[-0.216153,51.495808],[-0.216193,51.495789],[-0.216212,51.495779],[-0.216214,51.495776],[-0.216248,51.49574],[-0.216253,51.495736],[-0.21629,51.49571],[-0.216295,51.495708],[-0.216307,51.495703],[-0.216388,51.495645],[-0.216552,51.495569],[-0.216561,51.495571],[-0.216662,51.495607],[-0.216784,51.495669],[-0.216806,51.495681],[-0.21675,51.495726],[-0.216743,51.495731],[-0.216687,51.495777],[-0.216684,51.495779],[-0.216593,51.495852],[-0.216589,51.495856],[-0.21654,51.495895],[-0.216447,51.49597],[-0.216373,51.496029],[-0.216168,51.496195],[-0.216017,51.496317],[-0.215881,51.496426],[-0.215864,51.49644],[-0.215811,51.496483],[-0.2158,51.496491],[-0.215768,51.496517],[-0.215763,51.496521],[-0.215756,51.496527],[-0.215698,51.496588],[-0.215695,51.496591],[-0.215691,51.496595],[-0.21569,51.496608],[-0.215685,51.496688],[-0.215949,51.496732],[-0.216035,51.496981],[-0.21619,51.496962],[-0.21623,51.496957],[-0.21626,51.496953],[-0.216275,51.496978],[-0.21638,51.497149],[-0.216648,51.497171],[-0.216658,51.497447],[-0.216658,51.497495],[-0.216575,51.497618],[-0.216549,51.497655],[-0.216533,51.497676],[-0.216528,51.497682],[-0.216498,51.497719],[-0.216471,51.497753],[-0.216437,51.497794],[-0.216116,51.497707],[-0.216108,51.497704],[-0.21609,51.497729],[-0.216071,51.497754],[-0.216052,51.497782],[-0.216042,51.497795],[-0.216038,51.4978],[-0.216033,51.497808],[-0.216016,51.497831],[-0.21599,51.497868],[-0.215986,51.497873],[-0.215967,51.497899],[-0.215961,51.497907],[-0.215932,51.497948],[-0.215929,51.497952],[-0.215897,51.497997],[-0.215895,51.498],[-0.215891,51.498005],[-0.215884,51.498015],[-0.215851,51.49806],[-0.21584,51.498075],[-0.215815,51.49811],[-0.215812,51.498115],[-0.215794,51.49814],[-0.215756,51.498192],[-0.215735,51.498222],[-0.215727,51.498233],[-0.215703,51.498266],[-0.215697,51.498274],[-0.215688,51.498288],[-0.215679,51.4983],[-0.21563,51.498368],[-0.215622,51.498379],[-0.215613,51.498391],[-0.21561,51.498396],[-0.215597,51.498414],[-0.215586,51.498428],[-0.215899,51.498526],[-0.215973,51.498549],[-0.215949,51.498582],[-0.215933,51.498603],[-0.215924,51.498615],[-0.215892,51.498658],[-0.215886,51.498666],[-0.215864,51.498696],[-0.215861,51.498699],[-0.215854,51.498709],[-0.215839,51.498728],[-0.215836,51.498733],[-0.215826,51.498746],[-0.21582,51.498754],[-0.215795,51.498787],[-0.215787,51.498798],[-0.215763,51.49883],[-0.215761,51.498833],[-0.215755,51.498841],[-0.215752,51.498845],[-0.215735,51.498867],[-0.215724,51.498882],[-0.215705,51.498907],[-0.2157,51.498914],[-0.215683,51.498936],[-0.215681,51.498939],[-0.215677,51.498944],[-0.215659,51.498969],[-0.21565,51.49898],[-0.215645,51.498988],[-0.215613,51.49903],[-0.21561,51.499034],[-0.2156,51.499048],[-0.215576,51.499081],[-0.215567,51.499093],[-0.215562,51.4991],[-0.215559,51.499104],[-0.215546,51.499121],[-0.215524,51.499152],[-0.215519,51.499158],[-0.215504,51.499178],[-0.215496,51.499189],[-0.215491,51.499196],[-0.215462,51.499235],[-0.215438,51.499268],[-0.215429,51.499281],[-0.215411,51.499305],[-0.215406,51.499313],[-0.215397,51.499325],[-0.215387,51.499338],[-0.215372,51.499358],[-0.215309,51.49934],[-0.215306,51.499344],[-0.215287,51.499376],[-0.215275,51.499372],[-0.215217,51.499353],[-0.215181,51.499341]]]}},{"type":"Feature","properties":{"LSOA21CD":"E01001875","LSOA21NM":"Hammersmith and Fulham 001B","MEAN_PTAL_":"5","mean_AI":22.1334227751,"borough":"Hammersmith & Fulham"},"geometry":{"type":"Polygon","coordinates":[[[-0.243322,51.517952],[-0.243309,51.517935],[-0.243057,51.517942],[-0.242861,51.517932],[-0.242856,51.517859],[-0.242854,51.517817],[-0.242852,51.517778],[-0.24285,51.517724],[-0.242848,51.517665],[-0.242848,51.517656],[-0.242842,51.517517],[-0.242835,51.517467],[-0.24283,51.517428],[-0.242811,51.517294],[-0.242807,51.517268],[-0.242797,51.517197],[-0.242794,51.517178],[-0.242784,51.517102],[-0.24278,51.517079],[-0.242778,51.517061],[-0.242765,51.516973],[-0.242757,51.516929],[-0.242749,51.51689],[-0.242742,51.516854],[-0.242734,51.516809],[-0.242719,51.516733],[-0.242713,51.516701],[-0.242712,51.516698],[-0.242701,51.516546],[-0.242697,51.516487],[-0.242693,51.516436],[-0.242677,51.516435],[-0.242672,51.516413],[-0.242641,51.51628],[-0.242541,51.515846],[-0.242492,51.515632],[-0.242541,51.515629],[-0.242537,51.515597],[-0.242727,51.515582],[-0.242714,51.515543],[-0.242687,51.515459],[-0.242762,51.515403],[-0.242976,51.515244],[-0.242954,51.515086],[-0.242953,51.515062],[-0.242949,51.514906],[-0.242949,51.514901],[-0.242934,51.514821],[-0.242933,51.514798],[-0.242928,51.514741],[-0.242884,51.514669],[-0.242876,51.514656],[-0.242853,51.514622],[-0.242849,51.514591],[-0.242847,51.514577],[-0.242847,51.514574],[-0.242601,51.51457],[-0.242444,51.514568],[-0.241929,51.51456],[-0.241924,51.51456],[-0.241923,51.514579],[-0.241943,51.514619],[-0.241945,51.51465],[-0.241946,51.514671],[-0.24162,51.514694],[-0.241588,51.514696],[-0.241545,51.514704],[-0.241538,51.514705],[-0.241529,51.514689],[-0.241141,51.51471],[-0.241128,51.514711],[-0.241125,51.514781],[-0.241124,51.514802],[-0.240858,51.514702],[-0.240794,51.514678],[-0.240713,51.514673],[-0.240709,51.514673],[-0.240708,51.514678],[-0.240321,51.514789],[-0.240312,51.514792],[-0.240293,51.514745],[-0.24029,51.514739],[-0.240291,51.514733],[-0.240287,51.514709],[-0.240281,51.514671],[-0.240282,51.514662],[-0.240281,51.514656],[-0.24028,51.514652],[-0.239886,51.514646],[-0.239881,51.514646],[-0.239871,51.514669],[-0.239869,51.514673],[-0.239862,51.514691],[-0.239858,51.514701],[-0.239839,51.514733],[-0.239823,51.514748],[-0.239584,51.51475],[-0.239499,51.514759],[-0.239493,51.514759],[-0.239484,51.514757],[-0.239385,51.514745],[-0.23927,51.514739],[-0.239244,51.514717],[-0.239239,51.514714],[-0.239236,51.514712],[-0.239195,51.514676],[-0.239182,51.514665],[-0.239106,51.514622],[-0.2391,51.514621],[-0.239058,51.51461],[-0.239048,51.514607],[-0.238986,51.514606],[-0.238976,51.514606],[-0.23877,51.514636],[-0.23873,51.514418],[-0.23871,51.514312],[-0.238709,51.514307],[-0.238768,51.514312],[-0.238792,51.514243],[-0.238884,51.51425],[-0.238989,51.514263],[-0.238999,51.514264],[-0.239034,51.514268],[-0.239071,51.514272],[-0.239078,51.514273],[-0.239118,51.514278],[-0.239261,51.514295],[-0.239286,51.514298],[-0.239311,51.514301],[-0.23933,51.514303],[-0.239411,51.514313],[-0.239431,51.514316],[-0.239642,51.514341],[-0.239654,51.514342],[-0.239689,51.514346],[-0.239708,51.514349],[-0.239715,51.514349],[-0.23972,51.51435],[-0.23979,51.514358],[-0.239804,51.51436],[-0.239855,51.514364],[-0.239942,51.514372],[-0.239955,51.514373],[-0.240275,51.514387],[-0.240288,51.514388],[-0.240296,51.514388],[-0.240303,51.514389],[-0.240337,51.51439],[-0.240543,51.514393],[-0.240668,51.514391],[-0.240677,51.514391],[-0.240749,51.514389],[-0.240759,51.514389],[-0.241068,51.514375],[-0.241074,51.514374],[-0.241138,51.514371],[-0.241144,51.514371],[-0.241305,51.514357],[-0.241463,51.514343],[-0.24147,51.514342],[-0.241548,51.514337],[-0.241554,51.514337],[-0.241894,51.514316],[-0.241908,51.514315],[-0.242402,51.514284],[-0.24284,51.514257],[-0.243096,51.514241],[-0.243115,51.514239],[-0.24364,51.514207],[-0.243756,51.514199],[-0.243782,51.514198],[-0.243792,51.514197],[-0.243831,51.514195],[-0.243852,51.514193],[-0.243858,51.514193],[-0.243866,51.514193],[-0.244018,51.514183],[-0.244037,51.514182],[-0.244065,51.51418],[-0.244218,51.514171],[-0.244233,51.51417],[-0.244246,51.514169],[-0.244255,51.514168],[-0.244328,51.514164],[-0.24438,51.514161],[-0.244396,51.51416],[-0.24451,51.514152],[-0.244515,51.514152],[-0.244521,51.514152],[-0.244639,51.514146],[-0.244654,51.514145],[-0.244708,51.514142],[-0.244755,51.51414],[-0.24477,51.514139],[-0.244786,51.514138],[-0.244829,51.514136],[-0.244838,51.514136],[-0.244918,51.514132],[-0.245022,51.514126],[-0.245035,51.514126],[-0.245072,51.514124],[-0.245115,51.514122],[-0.245239,51.514115],[-0.245274,51.514114],[-0.245354,51.51411],[-0.245364,51.514109],[-0.245374,51.514109],[-0.24539,51.514108],[-0.245446,51.514105],[-0.245804,51.514087],[-0.245811,51.514086],[-0.245936,51.51408],[-0.246118,51.514071],[-0.246125,51.51407],[-0.246171,51.514068],[-0.246291,51.514061],[-0.246297,51.51406],[-0.246476,51.51405],[-0.24648,51.514049],[-0.246489,51.514049],[-0.246556,51.514045],[-0.246829,51.514028],[-0.24684,51.514027],[-0.246887,51.514024],[-0.246945,51.514021],[-0.24696,51.51402],[-0.246971,51.514019],[-0.246998,51.514018],[-0.247092,51.514012],[-0.247127,51.51401],[-0.247137,51.514009],[-0.247156,51.514008],[-0.247165,51.514008],[-0.247247,51.514002],[-0.24728,51.514],[-0.247352,51.513996],[-0.247357,51.513996],[-0.247408,51.513993],[-0.24753,51.513985],[-0.247567,51.513983],[-0.247582,51.513982],[-0.24768,51.513976],[-0.247688,51.513976],[-0.247698,51.513975],[-0.247742,51.513972],[-0.247795,51.513968],[-0.247863,51.513963],[-0.247983,51.513954],[-0.247991,51.513953],[-0.248032,51.51395],[-0.248059,51.513948],[-0.248097,51.513946],[-0.248249,51.513934],[-0.248328,51.513929],[-0.248938,51.513884],[-0.248953,51.513883],[-0.248973,51.513881],[-0.248995,51.513948],[-0.248998,51.513957],[-0.249003,51.51397],[-0.249024,51.51399],[-0.249116,51.514078],[-0.249141,51.514102],[-0.249172,51.514132],[-0.249175,51.514134],[-0.249192,51.51415],[-0.249222,51.514234],[-0.249254,51.514324],[-0.249263,51.51435],[-0.249267,51.51436],[-0.249269,51.514365],[-0.249271,51.514372],[-0.249295,51.514437],[-0.249316,51.514495],[-0.24934,51.514562],[-0.249354,51.514603],[-0.249358,51.514612],[-0.249364,51.514631],[-0.249395,51.514717],[-0.249398,51.514724],[-0.249399,51.514726],[-0.249402,51.514734],[-0.249403,51.514739],[-0.249406,51.514748],[-0.249436,51.514831],[-0.249432,51.514836],[-0.249338,51.514926],[-0.249339,51.514931],[-0.249354,51.514971],[-0.249365,51.514999],[-0.249437,51.515156],[-0.249448,51.515179],[-0.249465,51.515217],[-0.249601,51.515511],[-0.249661,51.515639],[-0.249709,51.515743],[-0.249712,51.515751],[-0.249607,51.515765],[-0.249569,51.515655],[-0.24935,51.515692],[-0.249301,51.5157],[-0.249279,51.515701],[-0.249273,51.515701],[-0.249259,51.5157],[-0.249173,51.515762],[-0.249169,51.515764],[-0.249135,51.515779],[-0.249089,51.515804],[-0.249086,51.515807],[-0.249076,51.515814],[-0.249074,51.515816],[-0.24906,51.515824],[-0.249028,51.515847],[-0.249024,51.51585],[-0.248998,51.515864],[-0.24899,51.515869],[-0.24898,51.515874],[-0.248953,51.51589],[-0.248949,51.515892],[-0.248934,51.515905],[-0.248912,51.515918],[-0.248896,51.515928],[-0.248881,51.51594],[-0.248878,51.515944],[-0.248843,51.515966],[-0.24882,51.51598],[-0.248811,51.515985],[-0.248772,51.516012],[-0.24877,51.516014],[-0.248762,51.516019],[-0.248729,51.51604],[-0.248724,51.516043],[-0.248719,51.516048],[-0.248683,51.51606],[-0.248638,51.516081],[-0.24863,51.516085],[-0.248612,51.516098],[-0.248579,51.516116],[-0.248572,51.51612],[-0.248546,51.51614],[-0.248542,51.516143],[-0.248524,51.516151],[-0.248515,51.516156],[-0.248499,51.516164],[-0.24849,51.51617],[-0.248485,51.516174],[-0.248475,51.516181],[-0.248447,51.516195],[-0.248444,51.516197],[-0.248427,51.51621],[-0.24842,51.516216],[-0.248399,51.516227],[-0.248358,51.516256],[-0.248351,51.516261],[-0.248293,51.516292],[-0.248258,51.516337],[-0.248251,51.516343],[-0.248247,51.516346],[-0.248211,51.516367],[-0.248207,51.516369],[-0.248155,51.516391],[-0.248143,51.516396],[-0.248064,51.51642],[-0.248057,51.516445],[-0.248052,51.516462],[-0.248043,51.516496],[-0.24802,51.516501],[-0.247932,51.516517],[-0.247915,51.51652],[-0.247851,51.516541],[-0.247837,51.516546],[-0.247804,51.516566],[-0.247799,51.516569],[-0.247769,51.516598],[-0.247758,51.516618],[-0.247749,51.516633],[-0.247737,51.516679],[-0.247722,51.516737],[-0.247712,51.516775],[-0.2477,51.516803],[-0.247691,51.516825],[-0.247685,51.516836],[-0.247653,51.516882],[-0.247632,51.516912],[-0.247627,51.516919],[-0.247622,51.516924],[-0.247641,51.516957],[-0.247646,51.516967],[-0.247649,51.516975],[-0.247564,51.517],[-0.247315,51.517075],[-0.247291,51.517082],[-0.247264,51.517089],[-0.247235,51.517095],[-0.247188,51.51711],[-0.247177,51.517114],[-0.247173,51.517116],[-0.247106,51.51715],[-0.247101,51.517153],[-0.247094,51.517157],[-0.247091,51.517159],[-0.247032,51.517194],[-0.247004,51.517211],[-0.246999,51.517213],[-0.246991,51.517218],[-0.246969,51.517232],[-0.246953,51.51724],[-0.246947,51.517243],[-0.246935,51.517249],[-0.246891,51.517247],[-0.246852,51.51726],[-0.246703,51.517313],[-0.246678,51.517328],[-0.246668,51.517334],[-0.246624,51.517378],[-0.246614,51.517388],[-0.246596,51.517425],[-0.246594,51.51743],[-0.246592,51.517434],[-0.246608,51.51746],[-0.246613,51.517473],[-0.24664,51.517511],[-0.246511,51.517567],[-0.246499,51.517573],[-0.246451,51.517628],[-0.246441,51.51764],[-0.246163,51.517518],[-0.246158,51.517517],[-0.246145,51.517515],[-0.24614,51.517515],[-0.246068,51.517518],[-0.245961,51.517523],[-0.245952,51.517523],[-0.245946,51.517522],[-0.245914,51.517516],[-0.245903,51.51751],[-0.245897,51.517512],[-0.24589,51.517512],[-0.245885,51.517515],[-0.24588,51.517512],[-0.245743,51.517513],[-0.245669,51.517513],[-0.245605,51.517501],[-0.245586,51.517493],[-0.245408,51.517372],[-0.245403,51.517369],[-0.245323,51.517425],[-0.245176,51.517467],[-0.24517,51.517469],[-0.245143,51.517526],[-0.245139,51.517531],[-0.245129,51.517543],[-0.24512,51.517547],[-0.245105,51.517556],[-0.245091,51.517568],[-0.245067,51.517591],[-0.245055,51.517599],[-0.24502,51.517619],[-0.24499,51.517636],[-0.244958,51.51765],[-0.244942,51.51766],[-0.244925,51.517667],[-0.244909,51.517676],[-0.244895,51.517684],[-0.24488,51.517691],[-0.244872,51.517695],[-0.244846,51.517729],[-0.244633,51.517755],[-0.244616,51.517757],[-0.244409,51.517842],[-0.244355,51.517742],[-0.244298,51.517637],[-0.244289,51.517619],[-0.244173,51.517618],[-0.244117,51.517608],[-0.244088,51.517604],[-0.243968,51.517586],[-0.243858,51.51757],[-0.243804,51.517562],[-0.243703,51.517547],[-0.243645,51.517539],[-0.243558,51.517526],[-0.243474,51.517514],[-0.243333,51.517493],[-0.243317,51.517491],[-0.243296,51.517488],[-0.243228,51.517478],[-0.243234,51.517508],[-0.243252,51.517606],[-0.243265,51.517672],[-0.243276,51.51773],[-0.243286,51.517784],[-0.243294,51.517825],[-0.2433,51.517856],[-0.243302,51.517865],[-0.243322,51.517952]]]}},{"type":"Feature","properties":{"LSOA21CD":"E01001876","LSOA21NM":"Hammersmith and Fulham 001C","MEAN_PTAL_":"2","mean_AI":9.49114156313,"borough":"Hammersmith & Fulham"},"geometry":{"type":"Polygon","coordinates":[[[-0.241796,51.524123],[-0.241523,51.523941],[-0.24052,51.523288],[-0.240361,51.523186],[-0.240126,51.523038],[-0.239857,51.522875],[-0.239836,51.522862],[-0.239522,51.522674],[-0.239247,51.522534],[-0.23921,51.522515],[-0.239031,51.522427],[-0.238312,51.522075],[-0.235899,51.522042],[-0.234252,51.520878],[-0.232355,51.518618],[-0.231633,51.518195],[-0.231246,51.51797],[-0.231581,51.517355],[-0.231744,51.517057],[-0.231714,51.516492],[-0.231712,51.516462],[-0.23171,51.516422],[-0.231701,51.516264],[-0.23169,51.51626],[-0.231466,51.516173],[-0.231427,51.516158],[-0.231412,51.516153],[-0.23135,51.516135],[-0.231204,51.5161],[-0.231192,51.516098],[-0.231173,51.516096],[-0.231075,51.516083],[-0.231067,51.516007],[-0.231105,51.515684],[-0.231077,51.515681],[-0.231026,51.515676],[-0.230985,51.515675],[-0.230851,51.515673],[-0.230847,51.515648],[-0.230843,51.515624],[-0.230819,51.515468],[-0.230815,51.515445],[-0.23082,51.51545],[-0.23083,51.515451],[-0.231095,51.515462],[-0.231108,51.51546],[-0.231147,51.515453],[-0.231156,51.515449],[-0.231227,51.515422],[-0.231226,51.515415],[-0.231216,51.515336],[-0.231203,51.515307],[-0.231203,51.515303],[-0.231205,51.515286],[-0.231208,51.515255],[-0.23121,51.51525],[-0.231219,51.515229],[-0.231224,51.515214],[-0.231232,51.515202],[-0.231233,51.515196],[-0.231237,51.515146],[-0.231234,51.515144],[-0.231212,51.515133],[-0.231204,51.515125],[-0.231141,51.515064],[-0.231136,51.515059],[-0.230742,51.514978],[-0.230721,51.514849],[-0.230707,51.51485],[-0.230681,51.514852],[-0.230674,51.514819],[-0.230669,51.514795],[-0.230686,51.514793],[-0.230702,51.514792],[-0.230713,51.514791],[-0.230974,51.514766],[-0.230994,51.514765],[-0.231097,51.514755],[-0.231158,51.514749],[-0.231164,51.514749],[-0.231172,51.514748],[-0.231199,51.514746],[-0.231236,51.514743],[-0.231256,51.514741],[-0.231335,51.514734],[-0.231387,51.51473],[-0.231399,51.514729],[-0.231538,51.514717],[-0.23157,51.514714],[-0.231645,51.514708],[-0.231653,51.514707],[-0.231704,51.514703],[-0.231728,51.514701],[-0.231736,51.5147],[-0.23188,51.514685],[-0.232298,51.514652],[-0.232359,51.514647],[-0.232368,51.514646],[-0.232407,51.514643],[-0.232412,51.514642],[-0.232462,51.514638],[-0.232473,51.514637],[-0.232601,51.514626],[-0.232641,51.514622],[-0.232711,51.514617],[-0.232725,51.514615],[-0.232801,51.514609],[-0.233033,51.514589],[-0.233037,51.514589],[-0.233317,51.514565],[-0.233517,51.514548],[-0.233608,51.51454],[-0.233624,51.514538],[-0.233688,51.514533],[-0.233695,51.514532],[-0.233803,51.514523],[-0.233824,51.514521],[-0.233879,51.514517],[-0.233896,51.514515],[-0.233969,51.514509],[-0.233994,51.514507],[-0.23409,51.514499],[-0.234101,51.514498],[-0.234212,51.514488],[-0.234221,51.514487],[-0.23444,51.514469],[-0.234451,51.514468],[-0.234498,51.514464],[-0.234591,51.514456],[-0.234602,51.514455],[-0.23466,51.51445],[-0.234678,51.514448],[-0.234837,51.514435],[-0.234958,51.514424],[-0.234968,51.514424],[-0.235085,51.514413],[-0.235109,51.514411],[-0.235136,51.514409],[-0.235157,51.514407],[-0.235426,51.514384],[-0.235462,51.514382],[-0.235474,51.514381],[-0.235546,51.514375],[-0.235585,51.514372],[-0.235812,51.514355],[-0.235823,51.514355],[-0.236048,51.514338],[-0.236076,51.514336],[-0.236092,51.514335],[-0.236147,51.51433],[-0.236164,51.514329],[-0.236204,51.514326],[-0.236341,51.514316],[-0.236635,51.514294],[-0.236644,51.514293],[-0.236712,51.514288],[-0.236744,51.514286],[-0.236749,51.514286],[-0.23688,51.514276],[-0.236909,51.514274],[-0.236948,51.514271],[-0.236969,51.514269],[-0.236988,51.514268],[-0.237195,51.514252],[-0.237206,51.514251],[-0.237231,51.51425],[-0.237274,51.514246],[-0.237292,51.514245],[-0.237337,51.514242],[-0.237343,51.514242],[-0.237471,51.514234],[-0.237553,51.51423],[-0.237559,51.514229],[-0.237567,51.514229],[-0.237632,51.514225],[-0.237703,51.514221],[-0.237719,51.51422],[-0.237743,51.514218],[-0.237761,51.514217],[-0.237892,51.514209],[-0.237948,51.514209],[-0.238013,51.514209],[-0.238068,51.514208],[-0.238076,51.514208],[-0.238087,51.514209],[-0.238157,51.514211],[-0.238161,51.514211],[-0.23824,51.514213],[-0.238267,51.514214],[-0.238424,51.514219],[-0.238437,51.51422],[-0.238492,51.514221],[-0.238792,51.514243],[-0.238768,51.514312],[-0.238709,51.514307],[-0.23871,51.514312],[-0.23873,51.514418],[-0.23877,51.514636],[-0.238976,51.514606],[-0.238986,51.514606],[-0.239048,51.514607],[-0.239058,51.51461],[-0.2391,51.514621],[-0.239106,51.514622],[-0.239182,51.514665],[-0.239195,51.514676],[-0.239236,51.514712],[-0.239239,51.514714],[-0.239244,51.514717],[-0.23927,51.514739],[-0.239385,51.514745],[-0.239484,51.514757],[-0.239493,51.514759],[-0.239499,51.514759],[-0.239584,51.51475],[-0.239823,51.514748],[-0.239839,51.514733],[-0.239858,51.514701],[-0.239862,51.514691],[-0.239869,51.514673],[-0.239871,51.514669],[-0.239881,51.514646],[-0.239886,51.514646],[-0.24028,51.514652],[-0.240281,51.514656],[-0.240282,51.514662],[-0.240281,51.514671],[-0.240287,51.514709],[-0.240291,51.514733],[-0.24029,51.514739],[-0.240293,51.514745],[-0.240312,51.514792],[-0.240321,51.514789],[-0.240708,51.514678],[-0.240709,51.514673],[-0.240713,51.514673],[-0.240794,51.514678],[-0.240858,51.514702],[-0.241124,51.514802],[-0.241125,51.514781],[-0.241128,51.514711],[-0.241141,51.51471],[-0.241529,51.514689],[-0.241538,51.514705],[-0.241545,51.514704],[-0.241588,51.514696],[-0.24162,51.514694],[-0.241946,51.514671],[-0.241945,51.51465],[-0.241943,51.514619],[-0.241923,51.514579],[-0.241924,51.51456],[-0.241929,51.51456],[-0.242444,51.514568],[-0.242601,51.51457],[-0.242847,51.514574],[-0.242847,51.514577],[-0.242849,51.514591],[-0.242853,51.514622],[-0.242876,51.514656],[-0.242884,51.514669],[-0.242928,51.514741],[-0.242933,51.514798],[-0.242934,51.514821],[-0.242949,51.514901],[-0.242949,51.514906],[-0.242953,51.515062],[-0.242954,51.515086],[-0.242976,51.515244],[-0.242762,51.515403],[-0.242687,51.515459],[-0.242714,51.515543],[-0.242727,51.515582],[-0.242537,51.515597],[-0.242541,51.515629],[-0.242492,51.515632],[-0.242541,51.515846],[-0.242641,51.51628],[-0.242672,51.516413],[-0.242677,51.516435],[-0.242693,51.516436],[-0.242697,51.516487],[-0.242701,51.516546],[-0.242712,51.516698],[-0.242713,51.516701],[-0.242719,51.516733],[-0.242734,51.516809],[-0.242742,51.516854],[-0.242749,51.51689],[-0.242757,51.516929],[-0.242765,51.516973],[-0.242778,51.517061],[-0.24278,51.517079],[-0.242784,51.517102],[-0.242794,51.517178],[-0.242797,51.517197],[-0.242807,51.517268],[-0.242811,51.517294],[-0.24283,51.517428],[-0.242835,51.517467],[-0.242842,51.517517],[-0.242848,51.517656],[-0.242848,51.517665],[-0.24285,51.517724],[-0.242852,51.517778],[-0.242854,51.517817],[-0.242856,51.517859],[-0.242861,51.517932],[-0.243057,51.517942],[-0.243309,51.517935],[-0.243322,51.517952],[-0.243325,51.517965],[-0.243364,51.518055],[-0.243419,51.518137],[-0.243474,51.518201],[-0.243516,51.518237],[-0.243536,51.518253],[-0.243551,51.518264],[-0.243614,51.518311],[-0.243649,51.518334],[-0.243712,51.518375],[-0.243827,51.518441],[-0.244051,51.518571],[-0.244192,51.518652],[-0.244326,51.518731],[-0.244402,51.518775],[-0.244442,51.518799],[-0.244507,51.518837],[-0.244554,51.518864],[-0.244614,51.5189],[-0.244639,51.518915],[-0.244671,51.518933],[-0.244682,51.51894],[-0.244742,51.518975],[-0.244839,51.519032],[-0.244913,51.519075],[-0.244965,51.519106],[-0.24504,51.51915],[-0.245084,51.519175],[-0.245166,51.519224],[-0.245232,51.519262],[-0.245262,51.51928],[-0.24527,51.519284],[-0.245277,51.519289],[-0.245405,51.519364],[-0.2455,51.51942],[-0.245575,51.519464],[-0.245679,51.519524],[-0.245682,51.519526],[-0.245686,51.519529],[-0.245824,51.519608],[-0.245873,51.519637],[-0.245933,51.519672],[-0.246045,51.519736],[-0.246165,51.519806],[-0.246212,51.519823],[-0.246239,51.519833],[-0.246274,51.519846],[-0.246282,51.519849],[-0.246293,51.519853],[-0.246365,51.519872],[-0.246387,51.519874],[-0.246435,51.51988],[-0.246451,51.519882],[-0.24648,51.519887],[-0.246508,51.519892],[-0.246537,51.519892],[-0.246595,51.519892],[-0.246714,51.519892],[-0.246885,51.519891],[-0.246933,51.519891],[-0.247013,51.519891],[-0.24707,51.519891],[-0.247147,51.519891],[-0.247243,51.519891],[-0.247363,51.51989],[-0.247409,51.51989],[-0.247488,51.51989],[-0.247575,51.519889],[-0.247654,51.519889],[-0.247733,51.519889],[-0.247853,51.519888],[-0.247892,51.519888],[-0.247971,51.519888],[-0.248051,51.519887],[-0.248137,51.519887],[-0.24816,51.519887],[-0.248234,51.519887],[-0.248368,51.519886],[-0.248483,51.519886],[-0.248526,51.519886],[-0.248642,51.519885],[-0.24875,51.519885],[-0.248757,51.519885],[-0.248829,51.519884],[-0.248945,51.519884],[-0.248988,51.519884],[-0.249189,51.519883],[-0.249463,51.519882],[-0.249565,51.519865],[-0.249643,51.519823],[-0.249677,51.519804],[-0.249683,51.519801],[-0.249756,51.51976],[-0.249798,51.519788],[-0.249819,51.5198],[-0.249904,51.519849],[-0.250007,51.519909],[-0.250038,51.519926],[-0.250154,51.519968],[-0.250175,51.519976],[-0.250236,51.519973],[-0.250254,51.52],[-0.250378,51.520036],[-0.250325,51.520103],[-0.250282,51.520158],[-0.250567,51.520418],[-0.250669,51.520633],[-0.251127,51.521229],[-0.251318,51.521478],[-0.251231,51.521536],[-0.251215,51.521563],[-0.251199,51.521598],[-0.251212,51.521635],[-0.251239,51.52168],[-0.251395,51.521772],[-0.251408,51.521799],[-0.251421,51.521836],[-0.251405,51.521871],[-0.251375,51.521907],[-0.251302,51.521942],[-0.250789,51.522141],[-0.250149,51.522293],[-0.250102,51.522408],[-0.250055,51.522508],[-0.249995,51.52257],[-0.249877,51.522622],[-0.248988,51.522878],[-0.248449,51.523032],[-0.247735,51.523219],[-0.247003,51.523422],[-0.246921,51.523619],[-0.246859,51.523768],[-0.246254,51.523908],[-0.244365,51.524346],[-0.244488,51.524233],[-0.244525,51.524199],[-0.244611,51.524132],[-0.242249,51.524653],[-0.242271,51.524524],[-0.242284,51.524447],[-0.241796,51.524123]]]}},{"type":"Feature","properties":{"LSOA21CD":"E01001878","LSOA21NM":"Hammersmith and Fulham 001E","MEAN_PTAL_":"4","mean_AI":18.9366769669,"borough":"Hammersmith & Fulham"},"geometry":{"type":"Polygon","coordinates":[[[-0.250254,51.52],[-0.250236,51.519973],[-0.250175,51.519976],[-0.250154,51.519968],[-0.250038,51.519926],[-0.250007,51.519909],[-0.249904,51.519849],[-0.249819,51.5198],[-0.249798,51.519788],[-0.249756,51.51976],[-0.249683,51.519801],[-0.249677,51.519804],[-0.249643,51.519823],[-0.249565,51.519865],[-0.249463,51.519882],[-0.249189,51.519883],[-0.248988,51.519884],[-0.248945,51.519884],[-0.248829,51.519884],[-0.248757,51.519885],[-0.24875,51.519885],[-0.248642,51.519885],[-0.248526,51.519886],[-0.248483,51.519886],[-0.248368,51.519886],[-0.248234,51.519887],[-0.24816,51.519887],[-0.248137,51.519887],[-0.248051,51.519887],[-0.247971,51.519888],[-0.247892,51.519888],[-0.247853,51.519888],[-0.247733,51.519889],[-0.247654,51.519889],[-0.247575,51.519889],[-0.247488,51.51989],[-0.247409,51.51989],[-0.247363,51.51989],[-0.247243,51.519891],[-0.247147,51.519891],[-0.24707,51.519891],[-0.247013,51.519891],[-0.246933,51.519891],[-0.246885,51.519891],[-0.246714,51.519892],[-0.246595,51.519892],[-0.246537,51.519892],[-0.246508,51.519892],[-0.24648,51.519887],[-0.246451,51.519882],[-0.246435,51.51988],[-0.246387,51.519874],[-0.246365,51.519872],[-0.246293,51.519853],[-0.246282,51.519849],[-0.246274,51.519846],[-0.246239,51.519833],[-0.246212,51.519823],[-0.246165,51.519806],[-0.246045,51.519736],[-0.245933,51.519672],[-0.245873,51.519637],[-0.245824,51.519608],[-0.245686,51.519529],[-0.245682,51.519526],[-0.245679,51.519524],[-0.245575,51.519464],[-0.2455,51.51942],[-0.245405,51.519364],[-0.245277,51.519289],[-0.24527,51.519284],[-0.245262,51.51928],[-0.245232,51.519262],[-0.245166,51.519224],[-0.245084,51.519175],[-0.24504,51.51915],[-0.244965,51.519106],[-0.244913,51.519075],[-0.244839,51.519032],[-0.244742,51.518975],[-0.244682,51.51894],[-0.244671,51.518933],[-0.244639,51.518915],[-0.244614,51.5189],[-0.244554,51.518864],[-0.244507,51.518837],[-0.244442,51.518799],[-0.244402,51.518775],[-0.244326,51.518731],[-0.244192,51.518652],[-0.244051,51.518571],[-0.243827,51.518441],[-0.243712,51.518375],[-0.243649,51.518334],[-0.243614,51.518311],[-0.243551,51.518264],[-0.243536,51.518253],[-0.243516,51.518237],[-0.243474,51.518201],[-0.243419,51.518137],[-0.243364,51.518055],[-0.243325,51.517965],[-0.243322,51.517952],[-0.243302,51.517865],[-0.2433,51.517856],[-0.243294,51.517825],[-0.243286,51.517784],[-0.243276,51.51773],[-0.243265,51.517672],[-0.243252,51.517606],[-0.243234,51.517508],[-0.243228,51.517478],[-0.243296,51.517488],[-0.243317,51.517491],[-0.243333,51.517493],[-0.243474,51.517514],[-0.243558,51.517526],[-0.243645,51.517539],[-0.243703,51.517547],[-0.243804,51.517562],[-0.243858,51.51757],[-0.243968,51.517586],[-0.244088,51.517604],[-0.244117,51.517608],[-0.244173,51.517618],[-0.244289,51.517619],[-0.244298,51.517637],[-0.244355,51.517742],[-0.244409,51.517842],[-0.244616,51.517757],[-0.244633,51.517755],[-0.244846,51.517729],[-0.244872,51.517695],[-0.24488,51.517691],[-0.244895,51.517684],[-0.244909,51.517676],[-0.244925,51.517667],[-0.244942,51.51766],[-0.244958,51.51765],[-0.24499,51.517636],[-0.24502,51.517619],[-0.245055,51.517599],[-0.245067,51.517591],[-0.245091,51.517568],[-0.245105,51.517556],[-0.24512,51.517547],[-0.245129,51.517543],[-0.245139,51.517531],[-0.245143,51.517526],[-0.24517,51.517469],[-0.245176,51.517467],[-0.245323,51.517425],[-0.245403,51.517369],[-0.245408,51.517372],[-0.245586,51.517493],[-0.245605,51.517501],[-0.245669,51.517513],[-0.245743,51.517513],[-0.24588,51.517512],[-0.245885,51.517515],[-0.24589,51.517512],[-0.245897,51.517512],[-0.245903,51.51751],[-0.245914,51.517516],[-0.245946,51.517522],[-0.245952,51.517523],[-0.245961,51.517523],[-0.246068,51.517518],[-0.24614,51.517515],[-0.246145,51.517515],[-0.246158,51.517517],[-0.246163,51.517518],[-0.246441,51.51764],[-0.246451,51.517628],[-0.246499,51.517573],[-0.246511,51.517567],[-0.24664,51.517511],[-0.246613,51.517473],[-0.246608,51.51746],[-0.246592,51.517434],[-0.246594,51.51743],[-0.246596,51.517425],[-0.246614,51.517388],[-0.246624,51.517378],[-0.246668,51.517334],[-0.246678,51.517328],[-0.246703,51.517313],[-0.246852,51.51726],[-0.246891,51.517247],[-0.246935,51.517249],[-0.246947,51.517243],[-0.246953,51.51724],[-0.246969,51.517232],[-0.246991,51.517218],[-0.246999,51.517213],[-0.247004,51.517211],[-0.247032,51.517194],[-0.247091,51.517159],[-0.247094,51.517157],[-0.247101,51.517153],[-0.247106,51.51715],[-0.247173,51.517116],[-0.247177,51.517114],[-0.247188,51.51711],[-0.247235,51.517095],[-0.247264,51.517089],[-0.247291,51.517082],[-0.247315,51.517075],[-0.247564,51.517],[-0.247649,51.516975],[-0.247646,51.516967],[-0.247641,51.516957],[-0.247622,51.516924],[-0.247627,51.516919],[-0.247632,51.516912],[-0.247653,51.516882],[-0.247685,51.516836],[-0.247691,51.516825],[-0.2477,51.516803],[-0.247712,51.516775],[-0.247722,51.516737],[-0.247737,51.516679],[-0.247749,51.516633],[-0.247758,51.516618],[-0.247769,51.516598],[-0.247799,51.516569],[-0.247804,51.516566],[-0.247837,51.516546],[-0.247851,51.516541],[-0.247915,51.51652],[-0.247932,51.516517],[-0.24802,51.516501],[-0.248043,51.516496],[-0.248052,51.516462],[-0.248057,51.516445],[-0.248064,51.51642],[-0.248143,51.516396],[-0.248155,51.516391],[-0.248207,51.516369],[-0.248211,51.516367],[-0.248247,51.516346],[-0.248251,51.516343],[-0.248258,51.516337],[-0.248293,51.516292],[-0.248351,51.516261],[-0.248358,51.516256],[-0.248399,51.516227],[-0.24842,51.516216],[-0.248427,51.51621],[-0.248444,51.516197],[-0.248447,51.516195],[-0.248475,51.516181],[-0.248485,51.516174],[-0.24849,51.51617],[-0.248499,51.516164],[-0.248515,51.516156],[-0.248524,51.516151],[-0.248542,51.516143],[-0.248546,51.51614],[-0.248572,51.51612],[-0.248579,51.516116],[-0.248612,51.516098],[-0.24863,51.516085],[-0.248638,51.516081],[-0.248683,51.51606],[-0.248719,51.516048],[-0.248724,51.516043],[-0.248729,51.51604],[-0.248762,51.516019],[-0.24877,51.516014],[-0.248772,51.516012],[-0.248811,51.515985],[-0.24882,51.51598],[-0.248843,51.515966],[-0.248878,51.515944],[-0.248881,51.51594],[-0.248896,51.515928],[-0.248912,51.515918],[-0.248934,51.515905],[-0.248949,51.515892],[-0.248953,51.51589],[-0.24898,51.515874],[-0.24899,51.515869],[-0.248998,51.515864],[-0.249024,51.51585],[-0.249028,51.515847],[-0.24906,51.515824],[-0.249074,51.515816],[-0.249076,51.515814],[-0.249086,51.515807],[-0.249089,51.515804],[-0.249135,51.515779],[-0.249169,51.515764],[-0.249173,51.515762],[-0.249259,51.5157],[-0.249273,51.515701],[-0.249279,51.515701],[-0.249301,51.5157],[-0.24935,51.515692],[-0.249569,51.515655],[-0.249607,51.515765],[-0.249712,51.515751],[-0.249768,51.515871],[-0.249778,51.515892],[-0.249785,51.515918],[-0.249789,51.515931],[-0.249801,51.515972],[-0.249815,51.516019],[-0.249816,51.516022],[-0.249851,51.516142],[-0.249863,51.516183],[-0.249877,51.516234],[-0.249878,51.516238],[-0.249881,51.516245],[-0.249889,51.516272],[-0.249892,51.516284],[-0.249901,51.516316],[-0.249903,51.516321],[-0.249917,51.516369],[-0.24992,51.516382],[-0.249924,51.516395],[-0.249932,51.516421],[-0.249933,51.516426],[-0.249936,51.516436],[-0.249939,51.516444],[-0.249944,51.516463],[-0.249961,51.516522],[-0.249965,51.516534],[-0.249966,51.516539],[-0.250022,51.51673],[-0.25005,51.516826],[-0.250052,51.516834],[-0.250058,51.516855],[-0.250093,51.516974],[-0.250144,51.517149],[-0.250145,51.517154],[-0.250157,51.517196],[-0.250163,51.517214],[-0.250165,51.517222],[-0.250171,51.517241],[-0.250193,51.517317],[-0.250195,51.517325],[-0.250196,51.517328],[-0.250198,51.517334],[-0.250204,51.517355],[-0.250211,51.517378],[-0.250218,51.5174],[-0.250221,51.517408],[-0.250231,51.517439],[-0.250247,51.517491],[-0.25025,51.517499],[-0.250273,51.517571],[-0.250274,51.517576],[-0.250278,51.517588],[-0.250279,51.517592],[-0.250313,51.517698],[-0.250332,51.517756],[-0.250333,51.517763],[-0.250372,51.517885],[-0.250407,51.517993],[-0.250409,51.518001],[-0.250414,51.518016],[-0.25043,51.518066],[-0.25045,51.518128],[-0.250477,51.518215],[-0.250491,51.518258],[-0.250503,51.518297],[-0.250505,51.518303],[-0.250537,51.518401],[-0.25056,51.518474],[-0.250581,51.518542],[-0.250584,51.518556],[-0.250588,51.518578],[-0.250611,51.518708],[-0.250637,51.518849],[-0.250642,51.518877],[-0.250646,51.518898],[-0.250651,51.518927],[-0.250652,51.51893],[-0.250653,51.518937],[-0.25066,51.518977],[-0.250661,51.518984],[-0.250668,51.519018],[-0.250681,51.519093],[-0.250691,51.519128],[-0.250693,51.519137],[-0.250698,51.519163],[-0.250699,51.51917],[-0.250702,51.519188],[-0.250704,51.519199],[-0.250706,51.519211],[-0.25071,51.519234],[-0.250712,51.51927],[-0.250714,51.519306],[-0.250714,51.519311],[-0.250715,51.519343],[-0.250714,51.51936],[-0.250713,51.519378],[-0.250711,51.519394],[-0.25071,51.519414],[-0.250705,51.51945],[-0.250698,51.519484],[-0.250691,51.519513],[-0.250689,51.519518],[-0.250681,51.519545],[-0.250671,51.51957],[-0.25067,51.519574],[-0.250656,51.519603],[-0.250648,51.51962],[-0.250644,51.519629],[-0.250638,51.51964],[-0.250629,51.519658],[-0.25061,51.519694],[-0.250576,51.519755],[-0.250545,51.519807],[-0.250512,51.519858],[-0.250495,51.519882],[-0.25048,51.519903],[-0.250462,51.519929],[-0.250434,51.519964],[-0.25041,51.519994],[-0.250378,51.520036],[-0.250254,51.52]]]}},{"type":"Feature","properties":{"LSOA21CD":"E01001879","LSOA21NM":"Hammersmith and Fulham 019A","MEAN_PTAL_":"3","mean_AI":11.4945305603,"borough":"Hammersmith & Fulham"},"geometry":{"type":"Polygon","coordinates":[[[-0.206759,51.483771],[-0.206877,51.483631],[-0.206904,51.483636],[-0.206966,51.483603],[-0.206957,51.483591],[-0.206913,51.48353],[-0.206826,51.483415],[-0.206818,51.48341],[-0.206461,51.483493],[-0.20645,51.483496],[-0.206448,51.483457],[-0.206429,51.483416],[-0.206418,51.483406],[-0.206399,51.483387],[-0.206394,51.483383],[-0.20635,51.483357],[-0.206344,51.483354],[-0.206324,51.483347],[-0.20631,51.483344],[-0.206286,51.483338],[-0.206227,51.483317],[-0.206215,51.483312],[-0.206205,51.483298],[-0.206184,51.483278],[-0.20618,51.483274],[-0.206175,51.483269],[-0.206138,51.483242],[-0.206131,51.483237],[-0.206128,51.483234],[-0.206091,51.483237],[-0.206012,51.483248],[-0.206,51.483251],[-0.205941,51.483265],[-0.205915,51.483231],[-0.205722,51.482989],[-0.205713,51.48299],[-0.205622,51.483],[-0.205598,51.483002],[-0.205566,51.483006],[-0.205556,51.483007],[-0.20552,51.48296],[-0.205472,51.482912],[-0.205398,51.48284],[-0.205362,51.482804],[-0.205332,51.482774],[-0.205316,51.482759],[-0.205289,51.482713],[-0.205285,51.482706],[-0.205278,51.482693],[-0.205263,51.482664],[-0.205235,51.482614],[-0.205226,51.482605],[-0.205079,51.482655],[-0.205068,51.482659],[-0.205023,51.482747],[-0.205021,51.48275],[-0.205017,51.482762],[-0.205001,51.482795],[-0.204845,51.482803],[-0.20481,51.482805],[-0.204464,51.482638],[-0.204465,51.482631],[-0.204499,51.482432],[-0.20454,51.482229],[-0.204353,51.482198],[-0.204298,51.482135],[-0.204291,51.482127],[-0.204304,51.482123],[-0.204416,51.482084],[-0.204435,51.482077],[-0.204614,51.482015],[-0.204924,51.481907],[-0.204947,51.481899],[-0.205006,51.481878],[-0.205101,51.481845],[-0.205321,51.481769],[-0.205433,51.48173],[-0.205516,51.481701],[-0.205542,51.481698],[-0.205574,51.481696],[-0.20558,51.481695],[-0.205603,51.481693],[-0.205607,51.481701],[-0.20567,51.481811],[-0.205721,51.481882],[-0.205754,51.48193],[-0.205756,51.481932],[-0.205857,51.482076],[-0.205883,51.482113],[-0.20589,51.48212],[-0.205916,51.482111],[-0.206047,51.48207],[-0.206116,51.482049],[-0.206188,51.482026],[-0.206245,51.482008],[-0.206297,51.481991],[-0.206347,51.481976],[-0.20637,51.481969],[-0.206426,51.481951],[-0.206435,51.481948],[-0.206493,51.48193],[-0.206513,51.481924],[-0.206543,51.481914],[-0.206619,51.481891],[-0.206697,51.481867],[-0.206752,51.481849],[-0.206811,51.481831],[-0.206856,51.481817],[-0.206923,51.481796],[-0.207013,51.481768],[-0.207079,51.481747],[-0.20709,51.481744],[-0.207147,51.481726],[-0.207404,51.481646],[-0.207413,51.481614],[-0.207429,51.481559],[-0.207466,51.48143],[-0.207472,51.48141],[-0.207473,51.481401],[-0.207474,51.481386],[-0.207463,51.481381],[-0.207453,51.481377],[-0.207463,51.481232],[-0.207462,51.481229],[-0.207433,51.48119],[-0.207252,51.480944],[-0.20724,51.480927],[-0.207211,51.480847],[-0.207256,51.480853],[-0.207321,51.480861],[-0.207341,51.480863],[-0.207443,51.480881],[-0.207453,51.480883],[-0.207464,51.480885],[-0.207484,51.480888],[-0.207572,51.480904],[-0.207657,51.480919],[-0.207666,51.480921],[-0.207732,51.480933],[-0.207809,51.480946],[-0.207845,51.480953],[-0.207913,51.480965],[-0.207936,51.480969],[-0.207993,51.480978],[-0.208037,51.480985],[-0.20811,51.480997],[-0.208153,51.481004],[-0.2082,51.481012],[-0.208219,51.481015],[-0.208251,51.48102],[-0.208302,51.481028],[-0.20837,51.481039],[-0.208392,51.481043],[-0.208418,51.481047],[-0.208514,51.481062],[-0.208534,51.481066],[-0.20861,51.481078],[-0.208617,51.481079],[-0.20865,51.481084],[-0.208766,51.481103],[-0.208807,51.481109],[-0.208914,51.481125],[-0.208921,51.481126],[-0.208927,51.481127],[-0.208936,51.481128],[-0.208984,51.481136],[-0.209061,51.481147],[-0.209108,51.481154],[-0.209116,51.481155],[-0.209122,51.481156],[-0.209127,51.481157],[-0.2092,51.481167],[-0.20925,51.481174],[-0.209303,51.481181],[-0.209373,51.481191],[-0.209416,51.481197],[-0.209432,51.481199],[-0.209462,51.481203],[-0.209502,51.481209],[-0.209511,51.48121],[-0.20964,51.481228],[-0.209759,51.481244],[-0.209826,51.481253],[-0.209871,51.48126],[-0.209808,51.481283],[-0.209593,51.481357],[-0.20958,51.481361],[-0.209422,51.481416],[-0.209368,51.481435],[-0.209471,51.48157],[-0.209481,51.481584],[-0.209517,51.481634],[-0.209535,51.481658],[-0.209556,51.481686],[-0.209579,51.481717],[-0.209584,51.481724],[-0.209589,51.481731],[-0.209617,51.481768],[-0.20962,51.481773],[-0.209639,51.481797],[-0.209666,51.481834],[-0.209686,51.481862],[-0.209708,51.48189],[-0.209712,51.481895],[-0.209747,51.481942],[-0.209749,51.481945],[-0.209764,51.481965],[-0.209778,51.481983],[-0.209825,51.482046],[-0.209844,51.482071],[-0.209852,51.482081],[-0.209866,51.4821],[-0.209919,51.482171],[-0.209921,51.482173],[-0.209959,51.482224],[-0.209964,51.48223],[-0.210007,51.482288],[-0.210014,51.482297],[-0.210048,51.482341],[-0.210055,51.48235],[-0.210058,51.482354],[-0.210093,51.482401],[-0.210112,51.482427],[-0.210126,51.482445],[-0.210155,51.482483],[-0.210228,51.482458],[-0.210381,51.482405],[-0.210493,51.482367],[-0.210517,51.482399],[-0.210547,51.482438],[-0.210574,51.482474],[-0.210591,51.482496],[-0.210597,51.482504],[-0.210628,51.482545],[-0.210686,51.482633],[-0.210688,51.482635],[-0.210703,51.482659],[-0.210762,51.482748],[-0.210786,51.482785],[-0.210745,51.482797],[-0.210667,51.48282],[-0.210615,51.482836],[-0.210475,51.482877],[-0.210455,51.482883],[-0.210446,51.482886],[-0.2105,51.482963],[-0.210591,51.483094],[-0.210583,51.483094],[-0.210566,51.483095],[-0.210448,51.483099],[-0.210426,51.4831],[-0.210333,51.483104],[-0.210311,51.483105],[-0.21024,51.483108],[-0.210215,51.483109],[-0.210201,51.48311],[-0.210179,51.483113],[-0.209991,51.483133],[-0.209833,51.483183],[-0.209819,51.483187],[-0.209775,51.483201],[-0.209732,51.483214],[-0.209712,51.483221],[-0.209678,51.483232],[-0.209511,51.48329],[-0.209454,51.48331],[-0.209394,51.48333],[-0.209308,51.483361],[-0.209239,51.483384],[-0.209234,51.483386],[-0.209149,51.483416],[-0.209136,51.483421],[-0.209054,51.483449],[-0.209028,51.483458],[-0.208937,51.48349],[-0.208905,51.483501],[-0.208847,51.483521],[-0.208722,51.483565],[-0.20863,51.483597],[-0.208575,51.483611],[-0.208546,51.483619],[-0.208538,51.483621],[-0.208408,51.483656],[-0.208362,51.483669],[-0.208353,51.483671],[-0.208316,51.483681],[-0.208282,51.48369],[-0.208257,51.483696],[-0.20822,51.483706],[-0.208214,51.483708],[-0.20807,51.483746],[-0.208013,51.483762],[-0.207995,51.483767],[-0.207974,51.483772],[-0.207882,51.483796],[-0.207867,51.4838],[-0.207832,51.483809],[-0.207825,51.483811],[-0.2078,51.483818],[-0.207677,51.48385],[-0.207659,51.483854],[-0.207555,51.483882],[-0.207544,51.483885],[-0.207525,51.48389],[-0.20743,51.483915],[-0.2074,51.483922],[-0.207373,51.48393],[-0.207355,51.483934],[-0.20725,51.483962],[-0.207233,51.483966],[-0.207221,51.483969],[-0.207159,51.483986],[-0.207133,51.483992],[-0.207082,51.484006],[-0.206734,51.483802],[-0.206754,51.483778],[-0.206759,51.483771]]]}},{"type":"Feature","properties":{"LSOA21CD":"E01001881","LSOA21NM":"Hammersmith and Fulham 017B","MEAN_PTAL_":"5","mean_AI":20.6244754852,"borough":"Hammersmith & Fulham"},"geometry":{"type":"Polygon","coordinates":[[[-0.200236,51.482531],[-0.200223,51.482518],[-0.200204,51.482523],[-0.200215,51.482528],[-0.199978,51.482818],[-0.199974,51.482829],[-0.199969,51.482833],[-0.199964,51.482836],[-0.199914,51.482849],[-0.199895,51.482858],[-0.199847,51.482874],[-0.199833,51.482883],[-0.199773,51.482897],[-0.19976,51.4829],[-0.199718,51.482913],[-0.199699,51.482923],[-0.199657,51.482934],[-0.199625,51.482949],[-0.199565,51.482968],[-0.199554,51.482974],[-0.199497,51.482988],[-0.199483,51.482994],[-0.199447,51.483006],[-0.199425,51.483016],[-0.199376,51.483036],[-0.199372,51.483043],[-0.199328,51.483091],[-0.19924,51.483114],[-0.199085,51.483127],[-0.199037,51.483123],[-0.199031,51.483123],[-0.199026,51.483133],[-0.199024,51.483166],[-0.199026,51.483169],[-0.199068,51.483216],[-0.199091,51.483244],[-0.199145,51.483305],[-0.199194,51.483363],[-0.199214,51.483385],[-0.198834,51.483516],[-0.198664,51.483576],[-0.19858,51.483486],[-0.198491,51.483467],[-0.198471,51.483463],[-0.198457,51.483459],[-0.198454,51.483452],[-0.198452,51.483448],[-0.198418,51.483399],[-0.198395,51.483372],[-0.198388,51.483364],[-0.198381,51.483357],[-0.198376,51.483352],[-0.198148,51.483204],[-0.198127,51.483193],[-0.19811,51.483185],[-0.198006,51.483139],[-0.19799,51.483133],[-0.197886,51.483097],[-0.197831,51.48308],[-0.197765,51.483059],[-0.197749,51.483055],[-0.197566,51.483118],[-0.197417,51.483186],[-0.197372,51.483213],[-0.196979,51.483043],[-0.196948,51.483036],[-0.196803,51.483003],[-0.196353,51.482932],[-0.196329,51.482893],[-0.196294,51.482887],[-0.196271,51.482876],[-0.196281,51.482871],[-0.196079,51.482662],[-0.196005,51.482585],[-0.195991,51.482571],[-0.195847,51.482444],[-0.195782,51.482388],[-0.19579,51.482383],[-0.195846,51.48235],[-0.195912,51.482311],[-0.195929,51.4823],[-0.195967,51.482281],[-0.196074,51.482225],[-0.196139,51.482192],[-0.196236,51.482142],[-0.196268,51.482125],[-0.196324,51.482098],[-0.196371,51.482075],[-0.196428,51.482047],[-0.196479,51.482023],[-0.1966,51.481964],[-0.196804,51.481866],[-0.196808,51.481888],[-0.19722,51.48192],[-0.197218,51.482084],[-0.197224,51.482085],[-0.197363,51.482096],[-0.197481,51.482077],[-0.19749,51.482076],[-0.197566,51.482051],[-0.197654,51.481998],[-0.197662,51.481991],[-0.197707,51.481919],[-0.19771,51.481915],[-0.197702,51.481904],[-0.197673,51.481878],[-0.197666,51.481874],[-0.197608,51.481838],[-0.19755,51.481801],[-0.197483,51.481781],[-0.197347,51.481741],[-0.197293,51.481664],[-0.19729,51.481659],[-0.197254,51.481644],[-0.197166,51.481606],[-0.197068,51.481387],[-0.19709,51.481368],[-0.197206,51.481267],[-0.197469,51.481273],[-0.197481,51.481277],[-0.197723,51.481366],[-0.197688,51.48142],[-0.197682,51.48143],[-0.197706,51.481416],[-0.197724,51.481406],[-0.197836,51.481345],[-0.197883,51.481336],[-0.197904,51.481307],[-0.197987,51.481262],[-0.198074,51.481227],[-0.198108,51.481222],[-0.198132,51.481219],[-0.198133,51.481205],[-0.198134,51.481174],[-0.198149,51.481134],[-0.198001,51.481174],[-0.197881,51.481118],[-0.197693,51.481029],[-0.197658,51.480984],[-0.197677,51.480976],[-0.198071,51.48082],[-0.198266,51.480743],[-0.19837,51.480701],[-0.198387,51.480706],[-0.1984,51.480709],[-0.198407,51.48071],[-0.198434,51.480716],[-0.198452,51.480719],[-0.198461,51.480721],[-0.198467,51.480722],[-0.198545,51.480738],[-0.198583,51.480741],[-0.198684,51.48075],[-0.198694,51.480751],[-0.198742,51.480755],[-0.198868,51.480773],[-0.198943,51.480783],[-0.19901,51.480792],[-0.199036,51.480802],[-0.19906,51.480811],[-0.199068,51.480815],[-0.199072,51.480818],[-0.199143,51.481062],[-0.199183,51.481036],[-0.199438,51.480873],[-0.199584,51.48091],[-0.199707,51.480955],[-0.199722,51.48096],[-0.199622,51.481181],[-0.199621,51.481184],[-0.199607,51.481205],[-0.199619,51.481212],[-0.199656,51.481212],[-0.199678,51.481212],[-0.199953,51.481233],[-0.200138,51.481193],[-0.200296,51.481158],[-0.200504,51.481112],[-0.200538,51.481105],[-0.200687,51.481072],[-0.200692,51.481071],[-0.200665,51.481023],[-0.200695,51.481029],[-0.200821,51.481029],[-0.200838,51.481022],[-0.200869,51.481011],[-0.200916,51.480965],[-0.200928,51.480942],[-0.200969,51.480902],[-0.200971,51.480899],[-0.200987,51.4809],[-0.201012,51.480902],[-0.201031,51.480903],[-0.201108,51.480897],[-0.201232,51.480868],[-0.201245,51.480862],[-0.201294,51.480826],[-0.201298,51.480821],[-0.201309,51.480813],[-0.201365,51.480819],[-0.201483,51.480815],[-0.201529,51.480804],[-0.201584,51.480776],[-0.201602,51.480761],[-0.201636,51.480732],[-0.201645,51.48073],[-0.201739,51.480704],[-0.201751,51.480667],[-0.201763,51.480632],[-0.201759,51.480626],[-0.201713,51.480563],[-0.201664,51.480528],[-0.201615,51.480506],[-0.201603,51.480508],[-0.201576,51.480476],[-0.201644,51.480457],[-0.20179,51.480416],[-0.201903,51.480384],[-0.202011,51.480502],[-0.202059,51.480554],[-0.202086,51.480544],[-0.202095,51.480562],[-0.202108,51.480562],[-0.202297,51.480779],[-0.202301,51.480783],[-0.202433,51.480939],[-0.202481,51.480994],[-0.203027,51.481636],[-0.203004,51.481644],[-0.202785,51.481751],[-0.202837,51.481824],[-0.202853,51.481846],[-0.202885,51.481891],[-0.202996,51.482046],[-0.203002,51.482054],[-0.203052,51.482117],[-0.20314,51.482229],[-0.203153,51.482245],[-0.203302,51.482435],[-0.203325,51.482463],[-0.20333,51.482461],[-0.203341,51.482472],[-0.203334,51.482474],[-0.203224,51.482513],[-0.20333,51.482638],[-0.203351,51.482664],[-0.203349,51.482666],[-0.203359,51.482673],[-0.203362,51.482677],[-0.203197,51.482741],[-0.203057,51.482795],[-0.203054,51.482796],[-0.202961,51.482832],[-0.202662,51.482948],[-0.202654,51.482951],[-0.202488,51.483015],[-0.202407,51.483046],[-0.2024,51.483049],[-0.202349,51.483069],[-0.202343,51.483072],[-0.202395,51.48313],[-0.202428,51.483166],[-0.202508,51.483256],[-0.20253,51.483281],[-0.202312,51.483361],[-0.20212,51.483431],[-0.202078,51.483446],[-0.202085,51.483454],[-0.202146,51.483518],[-0.202187,51.483561],[-0.202221,51.483596],[-0.202236,51.483612],[-0.202254,51.48363],[-0.202304,51.483682],[-0.20232,51.483699],[-0.20234,51.48372],[-0.202339,51.483756],[-0.202338,51.483774],[-0.202309,51.483792],[-0.202265,51.483809],[-0.202115,51.483866],[-0.202023,51.4839],[-0.202035,51.48395],[-0.202089,51.484073],[-0.202104,51.484107],[-0.202124,51.484144],[-0.202129,51.484153],[-0.20195,51.484304],[-0.201757,51.484369],[-0.201731,51.484377],[-0.201313,51.48383],[-0.201303,51.483819],[-0.201264,51.483776],[-0.201194,51.483699],[-0.201189,51.483694],[-0.201175,51.483676],[-0.200938,51.483393],[-0.20092,51.483372],[-0.2009,51.483348],[-0.200827,51.483255],[-0.200632,51.483007],[-0.200625,51.482998],[-0.200585,51.482947],[-0.200557,51.482911],[-0.200511,51.482853],[-0.200503,51.482842],[-0.200452,51.48278],[-0.200416,51.482735],[-0.200411,51.482729],[-0.200338,51.482638],[-0.200324,51.482628],[-0.200236,51.482531]]]}},{"type":"Feature","properties":{"LSOA21CD":"E01001882","LSOA21NM":"Hammersmith and Fulham 017C","MEAN_PTAL_":"4","mean_AI":18.197380372,"borough":"Hammersmith & Fulham"},"geometry":{"type":"Polygon","coordinates":[[[-0.202785,51.481751],[-0.203004,51.481644],[-0.203027,51.481636],[-0.202481,51.480994],[-0.202433,51.480939],[-0.202301,51.480783],[-0.202297,51.480779],[-0.202108,51.480562],[-0.202095,51.480562],[-0.202086,51.480544],[-0.202059,51.480554],[-0.202011,51.480502],[-0.201903,51.480384],[-0.20179,51.480416],[-0.201644,51.480457],[-0.201576,51.480476],[-0.201603,51.480508],[-0.201615,51.480506],[-0.201664,51.480528],[-0.201713,51.480563],[-0.201759,51.480626],[-0.201763,51.480632],[-0.201751,51.480667],[-0.201739,51.480704],[-0.201645,51.48073],[-0.201636,51.480732],[-0.201602,51.480761],[-0.201584,51.480776],[-0.201529,51.480804],[-0.201483,51.480815],[-0.201365,51.480819],[-0.201309,51.480813],[-0.201298,51.480821],[-0.201294,51.480826],[-0.201245,51.480862],[-0.201232,51.480868],[-0.201108,51.480897],[-0.201031,51.480903],[-0.201012,51.480902],[-0.200987,51.4809],[-0.200971,51.480899],[-0.200969,51.480902],[-0.200928,51.480942],[-0.200916,51.480965],[-0.200869,51.481011],[-0.200838,51.481022],[-0.200821,51.481029],[-0.200695,51.481029],[-0.200665,51.481023],[-0.200692,51.481071],[-0.200687,51.481072],[-0.200538,51.481105],[-0.200504,51.481112],[-0.200296,51.481158],[-0.200138,51.481193],[-0.199953,51.481233],[-0.199678,51.481212],[-0.199656,51.481212],[-0.199619,51.481212],[-0.199607,51.481205],[-0.199621,51.481184],[-0.199622,51.481181],[-0.199722,51.48096],[-0.199707,51.480955],[-0.199584,51.48091],[-0.199438,51.480873],[-0.199183,51.481036],[-0.199143,51.481062],[-0.199072,51.480818],[-0.199068,51.480815],[-0.199069,51.480803],[-0.199075,51.480727],[-0.199134,51.480724],[-0.199223,51.48072],[-0.199319,51.480716],[-0.199352,51.480715],[-0.199537,51.480708],[-0.199679,51.480702],[-0.199797,51.480697],[-0.199831,51.480694],[-0.199947,51.480681],[-0.200016,51.480674],[-0.200037,51.480671],[-0.200117,51.480663],[-0.200128,51.480661],[-0.200217,51.480652],[-0.20023,51.48065],[-0.20033,51.480625],[-0.200361,51.480617],[-0.20038,51.480612],[-0.200438,51.480597],[-0.200465,51.48059],[-0.200579,51.480561],[-0.20063,51.480545],[-0.200665,51.480534],[-0.200674,51.480531],[-0.200683,51.480528],[-0.200751,51.480507],[-0.200797,51.480492],[-0.200814,51.480487],[-0.200823,51.480484],[-0.200851,51.480475],[-0.200929,51.480451],[-0.200975,51.480436],[-0.201014,51.480424],[-0.201029,51.480419],[-0.201148,51.480382],[-0.201153,51.48038],[-0.201165,51.480376],[-0.201189,51.480369],[-0.201211,51.480362],[-0.201233,51.480355],[-0.201242,51.480352],[-0.20126,51.480346],[-0.201274,51.480342],[-0.201354,51.480316],[-0.201388,51.480305],[-0.201439,51.480289],[-0.201482,51.480275],[-0.201513,51.480265],[-0.201567,51.480248],[-0.201573,51.480246],[-0.201603,51.480236],[-0.201688,51.480209],[-0.201771,51.480182],[-0.201786,51.480177],[-0.201878,51.480148],[-0.201945,51.480126],[-0.201988,51.480112],[-0.202012,51.480105],[-0.202038,51.480096],[-0.202066,51.480087],[-0.202239,51.480059],[-0.202241,51.480014],[-0.202277,51.479978],[-0.202298,51.479962],[-0.202312,51.479952],[-0.202326,51.479942],[-0.202367,51.479922],[-0.202395,51.479907],[-0.202421,51.479894],[-0.202427,51.479892],[-0.202432,51.479889],[-0.202511,51.47985],[-0.202541,51.479835],[-0.202568,51.479821],[-0.202581,51.479815],[-0.202641,51.479785],[-0.202694,51.479759],[-0.202769,51.479721],[-0.202811,51.4797],[-0.202864,51.479673],[-0.202899,51.479656],[-0.202955,51.479628],[-0.202983,51.479614],[-0.203035,51.479588],[-0.203043,51.479584],[-0.203102,51.479554],[-0.203129,51.479541],[-0.203169,51.479521],[-0.203193,51.479509],[-0.203223,51.479494],[-0.203257,51.479475],[-0.203269,51.479468],[-0.203286,51.479458],[-0.203295,51.479453],[-0.203309,51.479445],[-0.203354,51.479419],[-0.203391,51.479398],[-0.203465,51.479356],[-0.203487,51.479343],[-0.203494,51.479339],[-0.203516,51.479326],[-0.203536,51.479315],[-0.203558,51.479308],[-0.203591,51.479297],[-0.203687,51.479265],[-0.203903,51.479438],[-0.203917,51.479449],[-0.20393,51.479459],[-0.20396,51.479484],[-0.204007,51.479522],[-0.204045,51.479552],[-0.204054,51.479559],[-0.2041,51.479597],[-0.204109,51.479604],[-0.204144,51.479632],[-0.204156,51.479642],[-0.20416,51.479645],[-0.204199,51.479677],[-0.204229,51.479701],[-0.204259,51.479725],[-0.204314,51.479769],[-0.204319,51.479774],[-0.204326,51.479779],[-0.204367,51.479812],[-0.204382,51.479824],[-0.204389,51.479831],[-0.204419,51.479859],[-0.204434,51.479873],[-0.204438,51.479877],[-0.204455,51.479892],[-0.204495,51.479929],[-0.20453,51.479962],[-0.204561,51.479991],[-0.204565,51.479994],[-0.204615,51.480041],[-0.204626,51.480051],[-0.204665,51.480087],[-0.20468,51.480102],[-0.204699,51.480119],[-0.204748,51.480164],[-0.204759,51.480175],[-0.204783,51.480197],[-0.20479,51.480204],[-0.2048,51.480213],[-0.204829,51.480246],[-0.204855,51.480277],[-0.204883,51.48031],[-0.204903,51.480334],[-0.204921,51.480355],[-0.204954,51.480393],[-0.204957,51.480398],[-0.204982,51.480435],[-0.205012,51.480481],[-0.205015,51.480485],[-0.205036,51.480516],[-0.205042,51.480527],[-0.205058,51.480559],[-0.205068,51.480579],[-0.205075,51.480592],[-0.205095,51.48063],[-0.205112,51.480631],[-0.205172,51.480635],[-0.205318,51.480644],[-0.205539,51.480658],[-0.205582,51.48066],[-0.205614,51.480662],[-0.205689,51.480667],[-0.205755,51.480671],[-0.20578,51.480672],[-0.205808,51.480674],[-0.205823,51.480675],[-0.205853,51.480679],[-0.205938,51.48069],[-0.20596,51.480692],[-0.205989,51.480696],[-0.206054,51.480704],[-0.206117,51.480712],[-0.206121,51.480712],[-0.206149,51.480716],[-0.20618,51.48072],[-0.206195,51.480722],[-0.2062,51.480722],[-0.206219,51.480725],[-0.20628,51.480732],[-0.206327,51.480738],[-0.206361,51.480742],[-0.206465,51.480756],[-0.206509,51.480761],[-0.206549,51.480766],[-0.206563,51.480768],[-0.206633,51.480777],[-0.206752,51.480791],[-0.206784,51.480795],[-0.206855,51.480804],[-0.206924,51.480813],[-0.20695,51.480816],[-0.206972,51.480819],[-0.206977,51.480819],[-0.206999,51.480822],[-0.207091,51.480833],[-0.207105,51.480835],[-0.207146,51.48084],[-0.207211,51.480847],[-0.20724,51.480927],[-0.207252,51.480944],[-0.207433,51.48119],[-0.207462,51.481229],[-0.207463,51.481232],[-0.207453,51.481377],[-0.207463,51.481381],[-0.207474,51.481386],[-0.207473,51.481401],[-0.207472,51.48141],[-0.207466,51.48143],[-0.207429,51.481559],[-0.207413,51.481614],[-0.207404,51.481646],[-0.207147,51.481726],[-0.20709,51.481744],[-0.207079,51.481747],[-0.207013,51.481768],[-0.206923,51.481796],[-0.206856,51.481817],[-0.206811,51.481831],[-0.206752,51.481849],[-0.206697,51.481867],[-0.206619,51.481891],[-0.206543,51.481914],[-0.206513,51.481924],[-0.206493,51.48193],[-0.206435,51.481948],[-0.206426,51.481951],[-0.20637,51.481969],[-0.206347,51.481976],[-0.206297,51.481991],[-0.206245,51.482008],[-0.206188,51.482026],[-0.206116,51.482049],[-0.206047,51.48207],[-0.205916,51.482111],[-0.20589,51.48212],[-0.205883,51.482113],[-0.205857,51.482076],[-0.205756,51.481932],[-0.205754,51.48193],[-0.205721,51.481882],[-0.20567,51.481811],[-0.205607,51.481701],[-0.205603,51.481693],[-0.20558,51.481695],[-0.205574,51.481696],[-0.205542,51.481698],[-0.205516,51.481701],[-0.205433,51.48173],[-0.205321,51.481769],[-0.205101,51.481845],[-0.205006,51.481878],[-0.204947,51.481899],[-0.204924,51.481907],[-0.204614,51.482015],[-0.204435,51.482077],[-0.204416,51.482084],[-0.204304,51.482123],[-0.204291,51.482127],[-0.204279,51.482132],[-0.203824,51.482294],[-0.203654,51.482353],[-0.203647,51.482356],[-0.20333,51.482461],[-0.203325,51.482463],[-0.203302,51.482435],[-0.203153,51.482245],[-0.20314,51.482229],[-0.203052,51.482117],[-0.203002,51.482054],[-0.202996,51.482046],[-0.202885,51.481891],[-0.202853,51.481846],[-0.202837,51.481824],[-0.202785,51.481751]]]}},{"type":"Feature","properties":{"LSOA21CD":"E01001884","LSOA21NM":"Hammersmith and Fulham 017E","MEAN_PTAL_":"5","mean_AI":24.8372077653,"borough":"Hammersmith & Fulham"},"geometry":{"type":"Polygon","coordinates":[[[-0.199968,51.485214],[-0.199838,51.484956],[-0.198831,51.485228],[-0.198882,51.485201],[-0.198925,51.485169],[-0.19894,51.485153],[-0.198783,51.485099],[-0.198756,51.485084],[-0.198714,51.485061],[-0.198687,51.485025],[-0.198669,51.484974],[-0.198676,51.484945],[-0.198651,51.484936],[-0.198578,51.484899],[-0.198527,51.484829],[-0.198546,51.48471],[-0.198512,51.48471],[-0.198391,51.484711],[-0.198293,51.484582],[-0.198298,51.484533],[-0.198301,51.484504],[-0.198299,51.484497],[-0.198305,51.484483],[-0.198289,51.484476],[-0.198232,51.48445],[-0.198217,51.484443],[-0.198172,51.484409],[-0.198168,51.484402],[-0.198157,51.484376],[-0.19815,51.484359],[-0.198143,51.484262],[-0.198142,51.484249],[-0.198137,51.484248],[-0.198077,51.484248],[-0.198045,51.484248],[-0.198007,51.484252],[-0.197913,51.484199],[-0.197876,51.484106],[-0.197878,51.484103],[-0.197887,51.484089],[-0.197895,51.484087],[-0.197952,51.484074],[-0.197961,51.484074],[-0.197965,51.484072],[-0.198016,51.484054],[-0.198023,51.484054],[-0.198089,51.48404],[-0.198104,51.484031],[-0.198111,51.484029],[-0.198177,51.484009],[-0.198186,51.484008],[-0.198193,51.484007],[-0.198218,51.483991],[-0.198235,51.483984],[-0.198279,51.483966],[-0.198285,51.483965],[-0.198289,51.483964],[-0.198343,51.483948],[-0.19835,51.483947],[-0.198354,51.483947],[-0.198412,51.483923],[-0.198419,51.483921],[-0.198461,51.483908],[-0.198478,51.483905],[-0.198501,51.4839],[-0.198534,51.483883],[-0.198549,51.48388],[-0.198575,51.483876],[-0.198597,51.483867],[-0.198621,51.483861],[-0.198634,51.483858],[-0.198665,51.483845],[-0.198676,51.483843],[-0.198689,51.483841],[-0.198738,51.483819],[-0.19878,51.483807],[-0.198793,51.4838],[-0.19885,51.483787],[-0.198859,51.483783],[-0.198664,51.483576],[-0.198834,51.483516],[-0.199214,51.483385],[-0.199194,51.483363],[-0.199145,51.483305],[-0.199091,51.483244],[-0.199068,51.483216],[-0.199026,51.483169],[-0.199024,51.483166],[-0.199026,51.483133],[-0.199031,51.483123],[-0.199037,51.483123],[-0.199085,51.483127],[-0.19924,51.483114],[-0.199328,51.483091],[-0.199372,51.483043],[-0.199376,51.483036],[-0.199425,51.483016],[-0.199447,51.483006],[-0.199483,51.482994],[-0.199497,51.482988],[-0.199554,51.482974],[-0.199565,51.482968],[-0.199625,51.482949],[-0.199657,51.482934],[-0.199699,51.482923],[-0.199718,51.482913],[-0.19976,51.4829],[-0.199773,51.482897],[-0.199833,51.482883],[-0.199847,51.482874],[-0.199895,51.482858],[-0.199914,51.482849],[-0.199964,51.482836],[-0.199969,51.482833],[-0.199974,51.482829],[-0.199978,51.482818],[-0.200215,51.482528],[-0.200204,51.482523],[-0.200223,51.482518],[-0.200236,51.482531],[-0.200324,51.482628],[-0.200338,51.482638],[-0.200411,51.482729],[-0.200416,51.482735],[-0.200452,51.48278],[-0.200503,51.482842],[-0.200511,51.482853],[-0.200557,51.482911],[-0.200585,51.482947],[-0.200625,51.482998],[-0.200632,51.483007],[-0.200827,51.483255],[-0.2009,51.483348],[-0.20092,51.483372],[-0.200938,51.483393],[-0.201175,51.483676],[-0.201189,51.483694],[-0.201194,51.483699],[-0.201264,51.483776],[-0.201303,51.483819],[-0.201313,51.48383],[-0.201731,51.484377],[-0.201757,51.484369],[-0.20195,51.484304],[-0.202129,51.484153],[-0.202124,51.484144],[-0.202104,51.484107],[-0.202089,51.484073],[-0.202035,51.48395],[-0.202023,51.4839],[-0.202115,51.483866],[-0.202265,51.483809],[-0.202309,51.483792],[-0.202338,51.483774],[-0.202339,51.483756],[-0.20234,51.48372],[-0.20232,51.483699],[-0.202304,51.483682],[-0.202317,51.483681],[-0.202584,51.483666],[-0.202949,51.483646],[-0.202992,51.483711],[-0.20306,51.483814],[-0.203093,51.483864],[-0.203248,51.484093],[-0.203637,51.484171],[-0.203541,51.484207],[-0.20289,51.48445],[-0.202683,51.484528],[-0.202406,51.484631],[-0.202398,51.484634],[-0.202364,51.484647],[-0.202368,51.484652],[-0.202371,51.484654],[-0.202422,51.484718],[-0.202459,51.484764],[-0.202485,51.484796],[-0.202523,51.484844],[-0.202536,51.484859],[-0.202821,51.484773],[-0.20289,51.484752],[-0.202951,51.484803],[-0.203241,51.485052],[-0.203079,51.485147],[-0.203059,51.485159],[-0.203035,51.485173],[-0.203031,51.485176],[-0.203025,51.485179],[-0.202985,51.485203],[-0.202957,51.485219],[-0.202913,51.485245],[-0.202897,51.485255],[-0.202877,51.485267],[-0.202872,51.48527],[-0.202868,51.485272],[-0.202812,51.485305],[-0.202807,51.485308],[-0.202798,51.485314],[-0.202762,51.485341],[-0.20272,51.485372],[-0.202705,51.485383],[-0.202552,51.485499],[-0.202549,51.485501],[-0.202543,51.485502],[-0.202539,51.485503],[-0.202502,51.485511],[-0.20245,51.485523],[-0.20242,51.48553],[-0.202219,51.485575],[-0.202199,51.485579],[-0.202101,51.485601],[-0.202042,51.485614],[-0.202011,51.485621],[-0.201998,51.485625],[-0.201964,51.485632],[-0.201919,51.485642],[-0.201905,51.485645],[-0.201885,51.48565],[-0.201815,51.485665],[-0.201807,51.485667],[-0.201789,51.485671],[-0.201775,51.485675],[-0.201724,51.485686],[-0.201692,51.485693],[-0.201586,51.485717],[-0.201498,51.485737],[-0.201479,51.485741],[-0.20147,51.485743],[-0.201295,51.485781],[-0.201091,51.485828],[-0.200812,51.485894],[-0.200488,51.48597],[-0.200365,51.485996],[-0.200243,51.486022],[-0.200122,51.486047],[-0.200089,51.486054],[-0.200004,51.486072],[-0.199866,51.486101],[-0.199825,51.48611],[-0.199761,51.486124],[-0.19964,51.48615],[-0.199611,51.486155],[-0.199535,51.486169],[-0.19945,51.486184],[-0.199374,51.486198],[-0.199351,51.486202],[-0.199317,51.486209],[-0.199311,51.48621],[-0.19924,51.486226],[-0.199205,51.486234],[-0.198781,51.485989],[-0.198813,51.4858],[-0.198847,51.485594],[-0.19882,51.485586],[-0.198654,51.485554],[-0.198861,51.485501],[-0.199009,51.485459],[-0.199407,51.485345],[-0.199622,51.485298],[-0.199717,51.485275],[-0.199804,51.485254],[-0.199814,51.485251],[-0.199919,51.485226],[-0.199928,51.485223],[-0.199968,51.485214]]]}},{"type":"Feature","properties":{"LSOA21CD":"E01001885","LSOA21NM":"Hammersmith and Fulham 015A","MEAN_PTAL_":"5","mean_AI":20.2940270531,"borough":"Hammersmith & Fulham"},"geometry":{"type":"Polygon","coordinates":[[[-0.202951,51.484803],[-0.20289,51.484752],[-0.202821,51.484773],[-0.202536,51.484859],[-0.202523,51.484844],[-0.202485,51.484796],[-0.202459,51.484764],[-0.202422,51.484718],[-0.202371,51.484654],[-0.202368,51.484652],[-0.202364,51.484647],[-0.202398,51.484634],[-0.202406,51.484631],[-0.202683,51.484528],[-0.20289,51.48445],[-0.203541,51.484207],[-0.203637,51.484171],[-0.203248,51.484093],[-0.203093,51.483864],[-0.20306,51.483814],[-0.202992,51.483711],[-0.202949,51.483646],[-0.202584,51.483666],[-0.202317,51.483681],[-0.202304,51.483682],[-0.202254,51.48363],[-0.202236,51.483612],[-0.202221,51.483596],[-0.202187,51.483561],[-0.202146,51.483518],[-0.202085,51.483454],[-0.202078,51.483446],[-0.20212,51.483431],[-0.202312,51.483361],[-0.20253,51.483281],[-0.202508,51.483256],[-0.202428,51.483166],[-0.202395,51.48313],[-0.202343,51.483072],[-0.202349,51.483069],[-0.2024,51.483049],[-0.202407,51.483046],[-0.202488,51.483015],[-0.202654,51.482951],[-0.202662,51.482948],[-0.202961,51.482832],[-0.203054,51.482796],[-0.203057,51.482795],[-0.203197,51.482741],[-0.203362,51.482677],[-0.203359,51.482673],[-0.203349,51.482666],[-0.203351,51.482664],[-0.20333,51.482638],[-0.203224,51.482513],[-0.203334,51.482474],[-0.203341,51.482472],[-0.20333,51.482461],[-0.203647,51.482356],[-0.203654,51.482353],[-0.203824,51.482294],[-0.204279,51.482132],[-0.204291,51.482127],[-0.204298,51.482135],[-0.204353,51.482198],[-0.20454,51.482229],[-0.204499,51.482432],[-0.204465,51.482631],[-0.204464,51.482638],[-0.20481,51.482805],[-0.204845,51.482803],[-0.205001,51.482795],[-0.205017,51.482762],[-0.205021,51.48275],[-0.205023,51.482747],[-0.205068,51.482659],[-0.205079,51.482655],[-0.205226,51.482605],[-0.205235,51.482614],[-0.205263,51.482664],[-0.205278,51.482693],[-0.205285,51.482706],[-0.205289,51.482713],[-0.205316,51.482759],[-0.205332,51.482774],[-0.205362,51.482804],[-0.205398,51.48284],[-0.205472,51.482912],[-0.20552,51.48296],[-0.205556,51.483007],[-0.205566,51.483006],[-0.205598,51.483002],[-0.205622,51.483],[-0.205713,51.48299],[-0.205722,51.482989],[-0.205915,51.483231],[-0.205941,51.483265],[-0.206,51.483251],[-0.206012,51.483248],[-0.206091,51.483237],[-0.206128,51.483234],[-0.206131,51.483237],[-0.206138,51.483242],[-0.206175,51.483269],[-0.20618,51.483274],[-0.206184,51.483278],[-0.206205,51.483298],[-0.206215,51.483312],[-0.206227,51.483317],[-0.206286,51.483338],[-0.20631,51.483344],[-0.206324,51.483347],[-0.206344,51.483354],[-0.20635,51.483357],[-0.206394,51.483383],[-0.206399,51.483387],[-0.206418,51.483406],[-0.206429,51.483416],[-0.206448,51.483457],[-0.20645,51.483496],[-0.206461,51.483493],[-0.206818,51.48341],[-0.206826,51.483415],[-0.206913,51.48353],[-0.206957,51.483591],[-0.206966,51.483603],[-0.206904,51.483636],[-0.206877,51.483631],[-0.206759,51.483771],[-0.206754,51.483778],[-0.206734,51.483802],[-0.207082,51.484006],[-0.206866,51.484062],[-0.206851,51.484066],[-0.206781,51.484084],[-0.206731,51.484097],[-0.206709,51.484103],[-0.206694,51.484107],[-0.206689,51.484109],[-0.206608,51.48413],[-0.206576,51.484138],[-0.206534,51.484149],[-0.206525,51.484152],[-0.20651,51.484155],[-0.206396,51.484185],[-0.206382,51.484189],[-0.206356,51.484196],[-0.206006,51.484261],[-0.205951,51.484272],[-0.20579,51.484297],[-0.205727,51.484307],[-0.205721,51.484308],[-0.205702,51.484311],[-0.205661,51.484317],[-0.205603,51.484326],[-0.205533,51.484337],[-0.205522,51.484339],[-0.205502,51.484342],[-0.205414,51.484356],[-0.205255,51.484381],[-0.205232,51.484385],[-0.205168,51.484397],[-0.205143,51.484401],[-0.205047,51.48442],[-0.204963,51.484436],[-0.204933,51.484442],[-0.204886,51.484451],[-0.204833,51.484465],[-0.204797,51.484475],[-0.204761,51.484484],[-0.204637,51.484518],[-0.204605,51.484527],[-0.204522,51.484549],[-0.204454,51.484568],[-0.204435,51.484573],[-0.204304,51.48462],[-0.203965,51.484743],[-0.203891,51.48477],[-0.203879,51.484775],[-0.203816,51.484801],[-0.20368,51.484858],[-0.203505,51.484932],[-0.203432,51.484962],[-0.203349,51.484997],[-0.203294,51.48502],[-0.203266,51.485036],[-0.203241,51.485052],[-0.202951,51.484803]]]}},{"type":"Feature","properties":{"LSOA21CD":"E01001886","LSOA21NM":"Hammersmith and Fulham 016A","MEAN_PTAL_":"3","mean_AI":13.5166248987,"borough":"Hammersmith & Fulham"},"geometry":{"type":"Polygon","coordinates":[[[-0.214028,51.485848],[-0.214001,51.485793],[-0.213991,51.485592],[-0.213979,51.485589],[-0.21393,51.485574],[-0.213925,51.485573],[-0.213852,51.485388],[-0.213849,51.485381],[-0.213394,51.485459],[-0.213332,51.485374],[-0.213323,51.485355],[-0.213266,51.485325],[-0.213163,51.485181],[-0.213145,51.485156],[-0.213113,51.485111],[-0.213034,51.485002],[-0.212966,51.484907],[-0.212964,51.484903],[-0.212935,51.484866],[-0.212925,51.484852],[-0.212858,51.484764],[-0.212833,51.484731],[-0.212816,51.484709],[-0.212786,51.48467],[-0.212765,51.484642],[-0.212735,51.484603],[-0.212704,51.484562],[-0.212634,51.484469],[-0.212539,51.484345],[-0.212461,51.48423],[-0.212456,51.484222],[-0.212453,51.484217],[-0.212418,51.484207],[-0.212388,51.484234],[-0.212169,51.484297],[-0.212176,51.484313],[-0.212205,51.484311],[-0.211439,51.484552],[-0.21135,51.484579],[-0.211308,51.484591],[-0.210942,51.484696],[-0.210937,51.484679],[-0.210942,51.484674],[-0.21096,51.484655],[-0.210955,51.484652],[-0.21083,51.48457],[-0.210811,51.484558],[-0.210801,51.484545],[-0.210792,51.484532],[-0.210784,51.484503],[-0.210785,51.484467],[-0.210786,51.484464],[-0.210791,51.484452],[-0.21079,51.484429],[-0.210795,51.484413],[-0.210791,51.484411],[-0.210749,51.48439],[-0.210744,51.484383],[-0.2107,51.484317],[-0.210652,51.484246],[-0.210682,51.484226],[-0.210704,51.484212],[-0.21071,51.484208],[-0.210559,51.484251],[-0.210471,51.484276],[-0.210434,51.484288],[-0.210388,51.484303],[-0.210345,51.484317],[-0.21031,51.484328],[-0.21035,51.484385],[-0.210344,51.484392],[-0.210331,51.484404],[-0.210345,51.484425],[-0.210354,51.48444],[-0.210169,51.484556],[-0.210066,51.48462],[-0.210059,51.48461],[-0.209954,51.484481],[-0.20992,51.48444],[-0.209911,51.484442],[-0.209787,51.48447],[-0.209752,51.484479],[-0.209726,51.484451],[-0.209684,51.484465],[-0.209676,51.484468],[-0.209575,51.484504],[-0.209528,51.484441],[-0.209454,51.484461],[-0.209302,51.484306],[-0.209297,51.4843],[-0.209236,51.484238],[-0.209232,51.484234],[-0.209169,51.48417],[-0.209157,51.484157],[-0.209093,51.484093],[-0.209021,51.484123],[-0.208993,51.484092],[-0.208791,51.483869],[-0.208637,51.483847],[-0.20855,51.483867],[-0.208539,51.483869],[-0.208523,51.483873],[-0.208488,51.483881],[-0.208332,51.483917],[-0.208322,51.483919],[-0.208122,51.483965],[-0.208013,51.483795],[-0.207995,51.483767],[-0.208013,51.483762],[-0.20807,51.483746],[-0.208214,51.483708],[-0.20822,51.483706],[-0.208257,51.483696],[-0.208282,51.48369],[-0.208316,51.483681],[-0.208353,51.483671],[-0.208362,51.483669],[-0.208408,51.483656],[-0.208538,51.483621],[-0.208546,51.483619],[-0.208575,51.483611],[-0.20863,51.483597],[-0.208722,51.483565],[-0.208847,51.483521],[-0.208905,51.483501],[-0.208937,51.48349],[-0.209028,51.483458],[-0.209054,51.483449],[-0.209136,51.483421],[-0.209149,51.483416],[-0.209234,51.483386],[-0.209239,51.483384],[-0.209308,51.483361],[-0.209394,51.48333],[-0.209454,51.48331],[-0.209511,51.48329],[-0.209678,51.483232],[-0.209712,51.483221],[-0.209732,51.483214],[-0.209775,51.483201],[-0.209819,51.483187],[-0.209833,51.483183],[-0.209991,51.483133],[-0.210179,51.483113],[-0.210201,51.48311],[-0.210215,51.483109],[-0.21024,51.483108],[-0.210311,51.483105],[-0.210333,51.483104],[-0.210426,51.4831],[-0.210448,51.483099],[-0.210566,51.483095],[-0.210583,51.483094],[-0.210591,51.483094],[-0.210598,51.483094],[-0.210602,51.483094],[-0.210693,51.483097],[-0.210726,51.483098],[-0.210788,51.4831],[-0.210865,51.483102],[-0.210927,51.483104],[-0.21097,51.483106],[-0.210987,51.483106],[-0.210994,51.483106],[-0.211044,51.483101],[-0.21111,51.483094],[-0.211116,51.483093],[-0.211182,51.483086],[-0.211188,51.483086],[-0.211247,51.48308],[-0.211324,51.483072],[-0.211349,51.48307],[-0.211487,51.483042],[-0.21154,51.483032],[-0.21157,51.483026],[-0.211641,51.483011],[-0.211902,51.482942],[-0.211944,51.482931],[-0.211976,51.482922],[-0.211986,51.482919],[-0.212041,51.482904],[-0.212046,51.482902],[-0.212056,51.4829],[-0.212076,51.482894],[-0.212089,51.48289],[-0.212106,51.482886],[-0.212136,51.482877],[-0.212141,51.482876],[-0.212169,51.482868],[-0.212221,51.482854],[-0.212226,51.482852],[-0.212234,51.48285],[-0.212245,51.482847],[-0.212304,51.482831],[-0.212321,51.482826],[-0.212331,51.482823],[-0.212454,51.482789],[-0.212462,51.482787],[-0.21247,51.482785],[-0.21248,51.482782],[-0.212488,51.48278],[-0.212495,51.482778],[-0.212509,51.482774],[-0.212582,51.482754],[-0.212616,51.482749],[-0.212648,51.482745],[-0.212656,51.482744],[-0.212677,51.482741],[-0.212728,51.482734],[-0.212748,51.482731],[-0.21279,51.482726],[-0.212863,51.482716],[-0.212877,51.482714],[-0.212916,51.482709],[-0.213006,51.482697],[-0.213016,51.482695],[-0.213025,51.482694],[-0.21304,51.482692],[-0.213072,51.482688],[-0.213081,51.482687],[-0.213089,51.482686],[-0.213168,51.482675],[-0.213198,51.482671],[-0.213237,51.482666],[-0.21329,51.482659],[-0.213403,51.482643],[-0.213461,51.482636],[-0.213567,51.482621],[-0.213596,51.482618],[-0.21361,51.482616],[-0.213739,51.482598],[-0.213793,51.482591],[-0.213803,51.48259],[-0.213841,51.482585],[-0.213855,51.482583],[-0.213894,51.482578],[-0.213892,51.482575],[-0.21389,51.482571],[-0.213888,51.482568],[-0.213886,51.482565],[-0.21385,51.482498],[-0.213876,51.482492],[-0.21408,51.482442],[-0.214093,51.482439],[-0.214112,51.482434],[-0.214188,51.482416],[-0.214333,51.48238],[-0.214396,51.482365],[-0.214401,51.482363],[-0.214425,51.482357],[-0.214515,51.482336],[-0.214532,51.482331],[-0.214556,51.482325],[-0.214568,51.482323],[-0.214578,51.48232],[-0.214723,51.482285],[-0.214768,51.482274],[-0.214821,51.482261],[-0.214841,51.482256],[-0.214907,51.48224],[-0.214926,51.482235],[-0.215013,51.482214],[-0.21507,51.4822],[-0.215083,51.482221],[-0.215195,51.482386],[-0.215198,51.48239],[-0.215183,51.48244],[-0.215175,51.482464],[-0.215338,51.482675],[-0.215344,51.482696],[-0.215344,51.48271],[-0.215343,51.482714],[-0.21535,51.482724],[-0.215358,51.482765],[-0.215407,51.4828],[-0.215558,51.482908],[-0.215589,51.48293],[-0.215581,51.482939],[-0.215563,51.48296],[-0.215526,51.483004],[-0.215499,51.483036],[-0.215488,51.483049],[-0.215602,51.483078],[-0.215824,51.48316],[-0.215828,51.483159],[-0.215861,51.483151],[-0.215858,51.483117],[-0.21632,51.482848],[-0.216502,51.482741],[-0.216924,51.482554],[-0.217177,51.482442],[-0.217234,51.482417],[-0.217303,51.482386],[-0.217343,51.482427],[-0.217373,51.482457],[-0.217557,51.482678],[-0.217637,51.482714],[-0.217666,51.482732],[-0.217699,51.482753],[-0.21771,51.48276],[-0.217921,51.482857],[-0.217932,51.482862],[-0.217969,51.482879],[-0.218027,51.482911],[-0.218075,51.482939],[-0.218162,51.482991],[-0.218271,51.483061],[-0.218287,51.483072],[-0.218302,51.483082],[-0.218311,51.483113],[-0.21835,51.483247],[-0.218273,51.483349],[-0.218205,51.483497],[-0.218178,51.483494],[-0.218083,51.483483],[-0.217824,51.483453],[-0.217666,51.483435],[-0.217617,51.483429],[-0.217203,51.483381],[-0.217183,51.483515],[-0.217138,51.483516],[-0.216831,51.483567],[-0.216827,51.483568],[-0.216769,51.483593],[-0.216756,51.483599],[-0.216754,51.483604],[-0.216762,51.483644],[-0.216764,51.483655],[-0.216765,51.483662],[-0.216769,51.483672],[-0.216778,51.48369],[-0.216786,51.483705],[-0.216786,51.483708],[-0.21679,51.483717],[-0.216792,51.483722],[-0.216794,51.483742],[-0.216795,51.483745],[-0.216816,51.483792],[-0.216825,51.483814],[-0.216839,51.483823],[-0.216892,51.48386],[-0.216896,51.483862],[-0.216906,51.483885],[-0.216916,51.483897],[-0.216922,51.483904],[-0.216927,51.483916],[-0.21693,51.48392],[-0.216935,51.483926],[-0.216945,51.483951],[-0.21695,51.483963],[-0.216976,51.483995],[-0.216981,51.484002],[-0.216985,51.48402],[-0.216993,51.484034],[-0.217016,51.484074],[-0.217017,51.484079],[-0.217023,51.484104],[-0.217024,51.484108],[-0.217005,51.484123],[-0.21699,51.484131],[-0.21697,51.484155],[-0.216914,51.484195],[-0.216848,51.484221],[-0.216685,51.484243],[-0.216685,51.4843],[-0.216597,51.484174],[-0.21654,51.484094],[-0.216537,51.484089],[-0.216534,51.484085],[-0.216491,51.484023],[-0.216444,51.483956],[-0.216405,51.4839],[-0.216397,51.483889],[-0.216391,51.483881],[-0.216371,51.483844],[-0.216345,51.483795],[-0.216338,51.483781],[-0.216336,51.483767],[-0.216328,51.483711],[-0.216326,51.4837],[-0.216329,51.483685],[-0.216338,51.483641],[-0.216339,51.483637],[-0.216344,51.48361],[-0.216347,51.483593],[-0.216365,51.483458],[-0.216366,51.483454],[-0.216355,51.48345],[-0.216346,51.483448],[-0.216203,51.483404],[-0.216192,51.483406],[-0.216141,51.483416],[-0.216134,51.483418],[-0.216122,51.483498],[-0.216083,51.483517],[-0.216069,51.483524],[-0.216045,51.483541],[-0.216039,51.483545],[-0.216028,51.483555],[-0.216025,51.483557],[-0.215823,51.483737],[-0.215703,51.483844],[-0.2157,51.483842],[-0.215585,51.483785],[-0.215574,51.483788],[-0.215516,51.483796],[-0.215478,51.483732],[-0.215471,51.48372],[-0.215466,51.483711],[-0.215459,51.4837],[-0.21545,51.483685],[-0.21544,51.483668],[-0.215423,51.48364],[-0.215392,51.483588],[-0.215386,51.483577],[-0.215374,51.483557],[-0.215351,51.483518],[-0.215338,51.483497],[-0.215314,51.483456],[-0.215301,51.483435],[-0.215285,51.483409],[-0.215246,51.483342],[-0.215241,51.483343],[-0.215217,51.48336],[-0.215167,51.48341],[-0.215118,51.483411],[-0.215104,51.483411],[-0.214999,51.48361],[-0.214975,51.483655],[-0.214973,51.483658],[-0.214947,51.483694],[-0.214935,51.483706],[-0.214926,51.483713],[-0.21492,51.483721],[-0.214896,51.483746],[-0.21489,51.483751],[-0.214885,51.483758],[-0.214883,51.483761],[-0.214866,51.483782],[-0.214833,51.483814],[-0.214826,51.483822],[-0.214821,51.48382],[-0.214771,51.483804],[-0.214754,51.483798],[-0.214744,51.483793],[-0.214725,51.483788],[-0.214703,51.483779],[-0.214692,51.483775],[-0.214662,51.483764],[-0.214654,51.483762],[-0.214639,51.483755],[-0.214632,51.483752],[-0.214619,51.483748],[-0.214587,51.483695],[-0.214576,51.483676],[-0.214493,51.483695],[-0.214218,51.483757],[-0.214222,51.483763],[-0.214257,51.483823],[-0.214279,51.48386],[-0.214287,51.483874],[-0.214236,51.483884],[-0.214167,51.483897],[-0.213891,51.48395],[-0.21388,51.483936],[-0.213866,51.48392],[-0.213861,51.483914],[-0.213816,51.483923],[-0.21375,51.483936],[-0.213623,51.483962],[-0.213606,51.483965],[-0.213647,51.484041],[-0.213525,51.484074],[-0.213443,51.484101],[-0.213328,51.484119],[-0.213195,51.484139],[-0.213185,51.48414],[-0.213113,51.484289],[-0.213174,51.484354],[-0.213587,51.484416],[-0.213592,51.484416],[-0.213531,51.484529],[-0.213526,51.484538],[-0.21354,51.484586],[-0.213541,51.48459],[-0.21358,51.484626],[-0.213584,51.484629],[-0.213694,51.484689],[-0.213682,51.484698],[-0.213598,51.484745],[-0.213382,51.484815],[-0.21337,51.484819],[-0.213379,51.48484],[-0.213403,51.484898],[-0.213674,51.484894],[-0.213721,51.484892],[-0.213772,51.4849],[-0.213842,51.484922],[-0.213856,51.484929],[-0.213866,51.484934],[-0.213903,51.484945],[-0.213917,51.484946],[-0.213924,51.485005],[-0.213842,51.485225],[-0.213918,51.485246],[-0.213926,51.485269],[-0.213931,51.485282],[-0.214115,51.48525],[-0.214131,51.48525],[-0.214138,51.485251],[-0.214174,51.485258],[-0.214182,51.485262],[-0.214188,51.485264],[-0.214336,51.485317],[-0.214415,51.485377],[-0.214433,51.485406],[-0.214435,51.485452],[-0.214603,51.485539],[-0.214643,51.48556],[-0.214646,51.485562],[-0.214786,51.485591],[-0.214773,51.485605],[-0.214768,51.485615],[-0.214701,51.485737],[-0.214697,51.485745],[-0.214506,51.485803],[-0.21446,51.485816],[-0.214364,51.485801],[-0.214305,51.485825],[-0.214285,51.485833],[-0.214273,51.485841],[-0.214131,51.485875],[-0.214123,51.485877],[-0.214033,51.485859],[-0.214028,51.485848]]]}},{"type":"Feature","properties":{"LSOA21CD":"E01001887","LSOA21NM":"Hammersmith and Fulham 016B","MEAN_PTAL_":"3","mean_AI":14.8382287849,"borough":"Hammersmith & Fulham"},"geometry":{"type":"Polygon","coordinates":[[[-0.214433,51.485406],[-0.214415,51.485377],[-0.214336,51.485317],[-0.214188,51.485264],[-0.214182,51.485262],[-0.214174,51.485258],[-0.214138,51.485251],[-0.214131,51.48525],[-0.214115,51.48525],[-0.213931,51.485282],[-0.213926,51.485269],[-0.213918,51.485246],[-0.213842,51.485225],[-0.213924,51.485005],[-0.213917,51.484946],[-0.213903,51.484945],[-0.213866,51.484934],[-0.213856,51.484929],[-0.213842,51.484922],[-0.213772,51.4849],[-0.213721,51.484892],[-0.213674,51.484894],[-0.213403,51.484898],[-0.213379,51.48484],[-0.21337,51.484819],[-0.213382,51.484815],[-0.213598,51.484745],[-0.213682,51.484698],[-0.213694,51.484689],[-0.213584,51.484629],[-0.21358,51.484626],[-0.213541,51.48459],[-0.21354,51.484586],[-0.213526,51.484538],[-0.213531,51.484529],[-0.213592,51.484416],[-0.213587,51.484416],[-0.213174,51.484354],[-0.213113,51.484289],[-0.213185,51.48414],[-0.213195,51.484139],[-0.213328,51.484119],[-0.213443,51.484101],[-0.213525,51.484074],[-0.213647,51.484041],[-0.213606,51.483965],[-0.213623,51.483962],[-0.21375,51.483936],[-0.213816,51.483923],[-0.213861,51.483914],[-0.213866,51.48392],[-0.21388,51.483936],[-0.213891,51.48395],[-0.214167,51.483897],[-0.214236,51.483884],[-0.214287,51.483874],[-0.214279,51.48386],[-0.214257,51.483823],[-0.214222,51.483763],[-0.214218,51.483757],[-0.214493,51.483695],[-0.214576,51.483676],[-0.214587,51.483695],[-0.214619,51.483748],[-0.214632,51.483752],[-0.214639,51.483755],[-0.214654,51.483762],[-0.214662,51.483764],[-0.214692,51.483775],[-0.214703,51.483779],[-0.214725,51.483788],[-0.214744,51.483793],[-0.214754,51.483798],[-0.214771,51.483804],[-0.214821,51.48382],[-0.214826,51.483822],[-0.214833,51.483814],[-0.214866,51.483782],[-0.214883,51.483761],[-0.214885,51.483758],[-0.21489,51.483751],[-0.214896,51.483746],[-0.21492,51.483721],[-0.214926,51.483713],[-0.214935,51.483706],[-0.214947,51.483694],[-0.214973,51.483658],[-0.214975,51.483655],[-0.214999,51.48361],[-0.215104,51.483411],[-0.215118,51.483411],[-0.215167,51.48341],[-0.215217,51.48336],[-0.215241,51.483343],[-0.215246,51.483342],[-0.215285,51.483409],[-0.215301,51.483435],[-0.215314,51.483456],[-0.215338,51.483497],[-0.215351,51.483518],[-0.215374,51.483557],[-0.215386,51.483577],[-0.215392,51.483588],[-0.215423,51.48364],[-0.21544,51.483668],[-0.21545,51.483685],[-0.215459,51.4837],[-0.215466,51.483711],[-0.215471,51.48372],[-0.215478,51.483732],[-0.215516,51.483796],[-0.215574,51.483788],[-0.215585,51.483785],[-0.2157,51.483842],[-0.215703,51.483844],[-0.215823,51.483737],[-0.216025,51.483557],[-0.216028,51.483555],[-0.216039,51.483545],[-0.216045,51.483541],[-0.216069,51.483524],[-0.216083,51.483517],[-0.216122,51.483498],[-0.216134,51.483418],[-0.216141,51.483416],[-0.216192,51.483406],[-0.216203,51.483404],[-0.216346,51.483448],[-0.216355,51.48345],[-0.216366,51.483454],[-0.216365,51.483458],[-0.216347,51.483593],[-0.216344,51.48361],[-0.216339,51.483637],[-0.216338,51.483641],[-0.216329,51.483685],[-0.216326,51.4837],[-0.216328,51.483711],[-0.216336,51.483767],[-0.216338,51.483781],[-0.216345,51.483795],[-0.216371,51.483844],[-0.216391,51.483881],[-0.216397,51.483889],[-0.216405,51.4839],[-0.216444,51.483956],[-0.216491,51.484023],[-0.216534,51.484085],[-0.216537,51.484089],[-0.21654,51.484094],[-0.216597,51.484174],[-0.216685,51.4843],[-0.216685,51.484243],[-0.216848,51.484221],[-0.216914,51.484195],[-0.21697,51.484155],[-0.21699,51.484131],[-0.217005,51.484123],[-0.217024,51.484108],[-0.217023,51.484104],[-0.217017,51.484079],[-0.217016,51.484074],[-0.216993,51.484034],[-0.216985,51.48402],[-0.216981,51.484002],[-0.216976,51.483995],[-0.21695,51.483963],[-0.216945,51.483951],[-0.216935,51.483926],[-0.21693,51.48392],[-0.216927,51.483916],[-0.216922,51.483904],[-0.216916,51.483897],[-0.216906,51.483885],[-0.216896,51.483862],[-0.216892,51.48386],[-0.216839,51.483823],[-0.216825,51.483814],[-0.216816,51.483792],[-0.216795,51.483745],[-0.216794,51.483742],[-0.216792,51.483722],[-0.21679,51.483717],[-0.216786,51.483708],[-0.216786,51.483705],[-0.216778,51.48369],[-0.216769,51.483672],[-0.216765,51.483662],[-0.216764,51.483655],[-0.216762,51.483644],[-0.216754,51.483604],[-0.216756,51.483599],[-0.216769,51.483593],[-0.216827,51.483568],[-0.216831,51.483567],[-0.217138,51.483516],[-0.217183,51.483515],[-0.217203,51.483381],[-0.217617,51.483429],[-0.217666,51.483435],[-0.217824,51.483453],[-0.218083,51.483483],[-0.218178,51.483494],[-0.218205,51.483497],[-0.218273,51.483349],[-0.21835,51.483247],[-0.218311,51.483113],[-0.218302,51.483082],[-0.218287,51.483072],[-0.218271,51.483061],[-0.218162,51.482991],[-0.218075,51.482939],[-0.218027,51.482911],[-0.217969,51.482879],[-0.217932,51.482862],[-0.217921,51.482857],[-0.21771,51.48276],[-0.217699,51.482753],[-0.217666,51.482732],[-0.217637,51.482714],[-0.217557,51.482678],[-0.217373,51.482457],[-0.217343,51.482427],[-0.217303,51.482386],[-0.217234,51.482417],[-0.217177,51.482442],[-0.216924,51.482554],[-0.216502,51.482741],[-0.21632,51.482848],[-0.215858,51.483117],[-0.215861,51.483151],[-0.215828,51.483159],[-0.215824,51.48316],[-0.215602,51.483078],[-0.215488,51.483049],[-0.215499,51.483036],[-0.215526,51.483004],[-0.215563,51.48296],[-0.215581,51.482939],[-0.215589,51.48293],[-0.215558,51.482908],[-0.215407,51.4828],[-0.215358,51.482765],[-0.21535,51.482724],[-0.215343,51.482714],[-0.215344,51.48271],[-0.215344,51.482696],[-0.215338,51.482675],[-0.215175,51.482464],[-0.215183,51.48244],[-0.215198,51.48239],[-0.215195,51.482386],[-0.215083,51.482221],[-0.21507,51.4822],[-0.215269,51.482151],[-0.215343,51.482133],[-0.215431,51.482111],[-0.21545,51.482107],[-0.215659,51.482056],[-0.215738,51.482034],[-0.215797,51.482017],[-0.215834,51.482006],[-0.215869,51.481997],[-0.215908,51.481986],[-0.215928,51.48198],[-0.215944,51.481975],[-0.215949,51.481974],[-0.216061,51.481942],[-0.216104,51.48193],[-0.216126,51.481924],[-0.216876,51.481713],[-0.217181,51.481627],[-0.217608,51.481506],[-0.217729,51.481472],[-0.218082,51.481373],[-0.218087,51.481384],[-0.218096,51.481402],[-0.218097,51.481405],[-0.218128,51.481467],[-0.218159,51.481532],[-0.218206,51.481629],[-0.218246,51.481712],[-0.218278,51.481778],[-0.218365,51.481958],[-0.218419,51.482071],[-0.218439,51.482108],[-0.218739,51.482061],[-0.218925,51.482032],[-0.219062,51.482011],[-0.219177,51.482206],[-0.219179,51.48221],[-0.219237,51.482309],[-0.219242,51.482318],[-0.219414,51.482277],[-0.219512,51.482254],[-0.219523,51.482264],[-0.219513,51.482295],[-0.219507,51.482316],[-0.219481,51.4824],[-0.219484,51.482402],[-0.219528,51.482436],[-0.219989,51.482738],[-0.219937,51.48277],[-0.219898,51.482788],[-0.219862,51.482801],[-0.219756,51.482838],[-0.219743,51.482842],[-0.219718,51.482851],[-0.219711,51.482853],[-0.219664,51.48287],[-0.219586,51.482897],[-0.219558,51.482906],[-0.21954,51.482913],[-0.219517,51.482919],[-0.219482,51.48293],[-0.21947,51.482933],[-0.219406,51.48295],[-0.219171,51.483015],[-0.219016,51.483058],[-0.219062,51.483124],[-0.219065,51.483128],[-0.219331,51.483055],[-0.219565,51.483157],[-0.219628,51.483158],[-0.219698,51.483158],[-0.219687,51.483437],[-0.219702,51.483437],[-0.219706,51.483439],[-0.219366,51.483524],[-0.219343,51.48353],[-0.219353,51.483546],[-0.219347,51.483555],[-0.219335,51.483558],[-0.219328,51.483565],[-0.21927,51.483628],[-0.219135,51.483774],[-0.219169,51.483836],[-0.219145,51.483928],[-0.219144,51.483932],[-0.219141,51.483943],[-0.2194,51.483983],[-0.219295,51.484159],[-0.219355,51.484181],[-0.219443,51.484239],[-0.219465,51.48429],[-0.219438,51.484395],[-0.219426,51.484403],[-0.219531,51.484487],[-0.219536,51.484495],[-0.219558,51.484528],[-0.219567,51.484576],[-0.219542,51.484642],[-0.219424,51.484649],[-0.219384,51.484657],[-0.219373,51.484658],[-0.219352,51.484663],[-0.219332,51.484671],[-0.219249,51.484684],[-0.219209,51.484698],[-0.219203,51.4847],[-0.219158,51.484706],[-0.219135,51.484709],[-0.219129,51.48471],[-0.219075,51.484724],[-0.219042,51.484738],[-0.219022,51.484743],[-0.218995,51.48475],[-0.218963,51.484753],[-0.21894,51.484755],[-0.21892,51.484762],[-0.218913,51.484765],[-0.218846,51.484777],[-0.21884,51.484778],[-0.218826,51.484779],[-0.21879,51.484786],[-0.21875,51.484799],[-0.218741,51.484801],[-0.218716,51.484808],[-0.218691,51.484815],[-0.218631,51.484824],[-0.21861,51.48483],[-0.218604,51.484831],[-0.218587,51.484833],[-0.218518,51.484848],[-0.218508,51.484852],[-0.218498,51.484854],[-0.21847,51.484858],[-0.218392,51.484874],[-0.218374,51.48488],[-0.218356,51.484883],[-0.218304,51.484891],[-0.218298,51.484893],[-0.21825,51.484901],[-0.218233,51.484906],[-0.218221,51.48491],[-0.218212,51.484914],[-0.218173,51.484924],[-0.218166,51.484926],[-0.218158,51.484928],[-0.218124,51.484932],[-0.218061,51.484947],[-0.218045,51.484948],[-0.217999,51.484959],[-0.217991,51.48496],[-0.21794,51.484972],[-0.21792,51.484979],[-0.217856,51.484992],[-0.217847,51.484995],[-0.217835,51.484999],[-0.217789,51.485006],[-0.217773,51.485008],[-0.217764,51.485009],[-0.217755,51.48501],[-0.217665,51.485036],[-0.217652,51.485037],[-0.217636,51.485043],[-0.21762,51.485048],[-0.217598,51.485075],[-0.217557,51.485104],[-0.21749,51.485129],[-0.217481,51.485132],[-0.217287,51.48515],[-0.217241,51.485155],[-0.217211,51.485135],[-0.217006,51.485254],[-0.216884,51.485238],[-0.21688,51.485236],[-0.216828,51.485213],[-0.216805,51.485208],[-0.21676,51.485198],[-0.216688,51.485171],[-0.216674,51.485167],[-0.216668,51.485166],[-0.216657,51.485169],[-0.216626,51.485174],[-0.216614,51.485175],[-0.216583,51.485184],[-0.216566,51.485189],[-0.216543,51.485192],[-0.216531,51.485194],[-0.216523,51.485203],[-0.216519,51.485206],[-0.216469,51.485302],[-0.216466,51.485309],[-0.216476,51.485393],[-0.216612,51.48551],[-0.216564,51.485538],[-0.216546,51.485549],[-0.216525,51.485558],[-0.216371,51.485594],[-0.216348,51.485597],[-0.216331,51.4856],[-0.216306,51.485598],[-0.216295,51.485597],[-0.216214,51.485592],[-0.216117,51.485578],[-0.2159,51.485528],[-0.215802,51.485517],[-0.215624,51.48547],[-0.21553,51.48547],[-0.215488,51.48547],[-0.215386,51.485408],[-0.214786,51.485591],[-0.214646,51.485562],[-0.214643,51.48556],[-0.214603,51.485539],[-0.214435,51.485452],[-0.214433,51.485406]]]}},{"type":"Feature","properties":{"LSOA21CD":"E01001888","LSOA21NM":"Hammersmith and Fulham 018A","MEAN_PTAL_":"3","mean_AI":11.2537237694,"borough":"Hammersmith & Fulham"},"geometry":{"type":"Polygon","coordinates":[[[-0.223316,51.484953],[-0.223296,51.484838],[-0.223006,51.484932],[-0.222997,51.484935],[-0.222974,51.484943],[-0.222946,51.484952],[-0.222894,51.484889],[-0.222877,51.48487],[-0.222868,51.484872],[-0.222847,51.484879],[-0.222793,51.484895],[-0.222732,51.484912],[-0.222659,51.484935],[-0.22246,51.484995],[-0.222465,51.484884],[-0.222465,51.484881],[-0.222433,51.484809],[-0.222405,51.484784],[-0.222398,51.484781],[-0.222351,51.484757],[-0.222347,51.484756],[-0.222251,51.48473],[-0.222257,51.484722],[-0.22226,51.484711],[-0.222276,51.484651],[-0.222277,51.484648],[-0.222269,51.484595],[-0.222226,51.484553],[-0.222212,51.484545],[-0.222115,51.484491],[-0.222082,51.484472],[-0.222076,51.484469],[-0.222066,51.484468],[-0.22206,51.484353],[-0.222058,51.48435],[-0.222025,51.4843],[-0.222014,51.484294],[-0.221933,51.484249],[-0.221928,51.484246],[-0.221882,51.484231],[-0.221876,51.48423],[-0.221853,51.484226],[-0.221844,51.484224],[-0.22184,51.484223],[-0.221801,51.48423],[-0.221743,51.484241],[-0.221733,51.484242],[-0.221717,51.48425],[-0.221659,51.484263],[-0.221654,51.484264],[-0.221644,51.484267],[-0.22163,51.484272],[-0.221625,51.484273],[-0.221572,51.484301],[-0.221543,51.48431],[-0.221527,51.484313],[-0.221437,51.484342],[-0.221428,51.484344],[-0.221414,51.484348],[-0.221393,51.484356],[-0.221388,51.484357],[-0.221381,51.484358],[-0.221365,51.484364],[-0.221342,51.484372],[-0.221326,51.484379],[-0.221322,51.484381],[-0.221301,51.484387],[-0.221231,51.484419],[-0.221215,51.484424],[-0.221157,51.484434],[-0.221125,51.484439],[-0.221119,51.484441],[-0.221111,51.484444],[-0.221104,51.484445],[-0.2211,51.484447],[-0.221096,51.484448],[-0.221027,51.484481],[-0.220999,51.484489],[-0.220983,51.484494],[-0.220974,51.484498],[-0.220938,51.48451],[-0.220923,51.484512],[-0.22088,51.484521],[-0.220855,51.484526],[-0.220834,51.484529],[-0.220828,51.48453],[-0.220764,51.48455],[-0.220757,51.484553],[-0.220746,51.484559],[-0.220694,51.484576],[-0.220685,51.484578],[-0.220643,51.484593],[-0.220638,51.484594],[-0.220622,51.484602],[-0.220595,51.484611],[-0.220568,51.484619],[-0.220554,51.484623],[-0.220546,51.484625],[-0.22047,51.484588],[-0.220441,51.484574],[-0.220398,51.484541],[-0.220335,51.484405],[-0.220384,51.484374],[-0.220401,51.484363],[-0.220406,51.484359],[-0.220403,51.484357],[-0.220398,51.484353],[-0.22028,51.484273],[-0.220241,51.484212],[-0.220284,51.484129],[-0.220285,51.484121],[-0.220286,51.484115],[-0.220292,51.484102],[-0.220285,51.4841],[-0.220235,51.484087],[-0.220218,51.484082],[-0.220142,51.484036],[-0.220113,51.483995],[-0.220135,51.483866],[-0.220049,51.483883],[-0.220044,51.483875],[-0.220024,51.483849],[-0.219913,51.483701],[-0.219894,51.483665],[-0.219912,51.483643],[-0.219848,51.48358],[-0.219716,51.483449],[-0.219706,51.483439],[-0.219702,51.483437],[-0.219687,51.483437],[-0.219698,51.483158],[-0.219628,51.483158],[-0.219565,51.483157],[-0.219331,51.483055],[-0.219065,51.483128],[-0.219062,51.483124],[-0.219016,51.483058],[-0.219171,51.483015],[-0.219406,51.48295],[-0.21947,51.482933],[-0.219482,51.48293],[-0.219517,51.482919],[-0.21954,51.482913],[-0.219558,51.482906],[-0.219586,51.482897],[-0.219664,51.48287],[-0.219711,51.482853],[-0.219718,51.482851],[-0.219743,51.482842],[-0.219756,51.482838],[-0.219862,51.482801],[-0.219898,51.482788],[-0.219937,51.48277],[-0.219989,51.482738],[-0.219528,51.482436],[-0.219484,51.482402],[-0.219481,51.4824],[-0.219507,51.482316],[-0.219513,51.482295],[-0.219523,51.482264],[-0.219685,51.482417],[-0.219708,51.482408],[-0.219739,51.482396],[-0.21978,51.482379],[-0.219848,51.482351],[-0.219891,51.482334],[-0.219953,51.482309],[-0.219961,51.482306],[-0.220048,51.48227],[-0.220099,51.48225],[-0.220206,51.482207],[-0.220214,51.482203],[-0.220218,51.482202],[-0.220317,51.48216],[-0.220469,51.482097],[-0.220513,51.482078],[-0.22056,51.482059],[-0.220603,51.482041],[-0.220609,51.482039],[-0.220628,51.482031],[-0.22069,51.482005],[-0.220734,51.481986],[-0.220838,51.481943],[-0.220867,51.481931],[-0.220877,51.481926],[-0.220942,51.481899],[-0.220993,51.48188],[-0.221023,51.481869],[-0.221122,51.481832],[-0.221136,51.481827],[-0.221206,51.481801],[-0.221264,51.48178],[-0.221276,51.481775],[-0.221354,51.481746],[-0.221376,51.481738],[-0.221409,51.481726],[-0.221493,51.481695],[-0.221524,51.481683],[-0.221529,51.481682],[-0.221587,51.48166],[-0.221601,51.481655],[-0.221613,51.48165],[-0.221704,51.481617],[-0.221767,51.481593],[-0.221774,51.481591],[-0.221816,51.481575],[-0.22182,51.481574],[-0.22191,51.48154],[-0.221939,51.481529],[-0.222116,51.481464],[-0.222154,51.481505],[-0.222178,51.481541],[-0.222212,51.481593],[-0.222216,51.481591],[-0.222278,51.481572],[-0.222355,51.481548],[-0.22244,51.481521],[-0.222506,51.481501],[-0.222517,51.481497],[-0.22253,51.481493],[-0.222597,51.481472],[-0.222813,51.481405],[-0.222821,51.481403],[-0.222832,51.481433],[-0.222857,51.481506],[-0.22294,51.481492],[-0.223103,51.481464],[-0.223119,51.481462],[-0.223231,51.48144],[-0.223258,51.481466],[-0.22328,51.481487],[-0.223294,51.481501],[-0.223296,51.481504],[-0.223319,51.481544],[-0.223347,51.481593],[-0.223382,51.481652],[-0.223402,51.481687],[-0.223507,51.481868],[-0.223514,51.481881],[-0.223543,51.481916],[-0.223675,51.482079],[-0.223584,51.482113],[-0.223479,51.482153],[-0.223152,51.482212],[-0.223158,51.482224],[-0.223178,51.482264],[-0.223188,51.482285],[-0.22321,51.482328],[-0.223237,51.482383],[-0.223255,51.482419],[-0.223292,51.482493],[-0.223316,51.482542],[-0.223319,51.482547],[-0.22334,51.482589],[-0.223351,51.482588],[-0.223374,51.482583],[-0.223752,51.482508],[-0.225476,51.482167],[-0.225698,51.482123],[-0.225703,51.482122],[-0.225719,51.482147],[-0.225734,51.482171],[-0.225865,51.482376],[-0.225939,51.482527],[-0.225946,51.482542],[-0.225951,51.482552],[-0.226055,51.482765],[-0.226067,51.482789],[-0.226088,51.482831],[-0.226125,51.482906],[-0.226141,51.482955],[-0.226208,51.483163],[-0.226219,51.483195],[-0.226268,51.483346],[-0.226277,51.483379],[-0.226281,51.483397],[-0.226284,51.483405],[-0.225804,51.483536],[-0.22572,51.483559],[-0.224623,51.484413],[-0.224599,51.484413],[-0.224292,51.484298],[-0.224408,51.484455],[-0.224415,51.484464],[-0.22442,51.48447],[-0.224572,51.484691],[-0.224441,51.48473],[-0.224433,51.484733],[-0.224421,51.484739],[-0.224371,51.484751],[-0.224325,51.484769],[-0.224297,51.484775],[-0.224257,51.484791],[-0.224229,51.484798],[-0.224224,51.484799],[-0.224176,51.484818],[-0.224164,51.484823],[-0.224151,51.484826],[-0.224112,51.484843],[-0.224078,51.484849],[-0.224073,51.48485],[-0.224034,51.484864],[-0.224022,51.484868],[-0.223957,51.48489],[-0.223953,51.484892],[-0.223933,51.484894],[-0.223926,51.484895],[-0.22389,51.484906],[-0.223882,51.484909],[-0.223878,51.48491],[-0.22386,51.484914],[-0.223804,51.484934],[-0.2238,51.484935],[-0.22379,51.484941],[-0.223784,51.484944],[-0.223759,51.484951],[-0.223754,51.484954],[-0.223736,51.484961],[-0.223719,51.484968],[-0.223688,51.484977],[-0.223669,51.484982],[-0.223655,51.484989],[-0.223636,51.484993],[-0.223601,51.485001],[-0.22359,51.485005],[-0.223585,51.485008],[-0.223541,51.485019],[-0.223527,51.485023],[-0.223474,51.485048],[-0.223418,51.485031],[-0.223412,51.485029],[-0.223356,51.484999],[-0.223352,51.484994],[-0.223321,51.484958],[-0.223316,51.484953]]]}},{"type":"Feature","properties":{"LSOA21CD":"E01001889","LSOA21NM":"Hammersmith and Fulham 014A","MEAN_PTAL_":"5","mean_AI":22.0188449129,"borough":"Hammersmith & Fulham"},"geometry":{"type":"Polygon","coordinates":[[[-0.217517,51.490895],[-0.216616,51.490756],[-0.216476,51.490756],[-0.216093,51.490767],[-0.216075,51.490767],[-0.216053,51.490768],[-0.21585,51.490772],[-0.21574,51.490774],[-0.215712,51.490775],[-0.215309,51.490783],[-0.214669,51.490797],[-0.21457,51.490794],[-0.214533,51.490793],[-0.214005,51.490778],[-0.213976,51.490777],[-0.213921,51.490775],[-0.21377,51.490771],[-0.213737,51.49077],[-0.213674,51.490768],[-0.213475,51.490763],[-0.213443,51.490762],[-0.213439,51.490762],[-0.213312,51.490758],[-0.213249,51.490752],[-0.213249,51.490737],[-0.213247,51.490668],[-0.213241,51.490359],[-0.21324,51.490284],[-0.21323,51.490206],[-0.213294,51.490208],[-0.213308,51.490208],[-0.213379,51.49021],[-0.213465,51.490213],[-0.213693,51.490219],[-0.213721,51.49022],[-0.213701,51.490188],[-0.213672,51.490145],[-0.21367,51.490142],[-0.213564,51.489981],[-0.21353,51.489929],[-0.213523,51.489918],[-0.213498,51.48988],[-0.213485,51.489861],[-0.213479,51.489851],[-0.213471,51.489839],[-0.213446,51.489802],[-0.213439,51.489791],[-0.213415,51.489754],[-0.213358,51.489667],[-0.213243,51.489493],[-0.213239,51.489487],[-0.213147,51.489346],[-0.213128,51.489317],[-0.213078,51.489242],[-0.213061,51.489215],[-0.213017,51.48915],[-0.212991,51.48911],[-0.212982,51.489096],[-0.21342,51.489125],[-0.213436,51.489126],[-0.214148,51.489027],[-0.214461,51.488397],[-0.21448,51.488385],[-0.214719,51.488226],[-0.214806,51.488249],[-0.215087,51.488198],[-0.215121,51.488191],[-0.215223,51.488161],[-0.215252,51.488153],[-0.215197,51.48808],[-0.215129,51.487989],[-0.21506,51.487898],[-0.21498,51.487791],[-0.214971,51.48778],[-0.214967,51.487777],[-0.214963,51.487778],[-0.214925,51.487791],[-0.214952,51.487825],[-0.214912,51.487873],[-0.214536,51.487669],[-0.214355,51.487571],[-0.214728,51.487503],[-0.214758,51.487493],[-0.214763,51.487491],[-0.21477,51.487489],[-0.214878,51.487459],[-0.214896,51.48745],[-0.214915,51.487445],[-0.214933,51.48744],[-0.214946,51.487436],[-0.214958,51.487433],[-0.214998,51.487426],[-0.215054,51.487408],[-0.21507,51.487402],[-0.215126,51.487386],[-0.21518,51.487357],[-0.21521,51.487346],[-0.215263,51.487312],[-0.215249,51.487299],[-0.215263,51.487295],[-0.215439,51.487248],[-0.215454,51.487244],[-0.215535,51.487223],[-0.215606,51.487204],[-0.215649,51.487193],[-0.21573,51.487172],[-0.215863,51.487138],[-0.215915,51.487124],[-0.215963,51.487112],[-0.215989,51.487103],[-0.216036,51.487086],[-0.216071,51.487065],[-0.216124,51.487033],[-0.216185,51.486962],[-0.216215,51.486901],[-0.215994,51.486838],[-0.215874,51.486805],[-0.21583,51.486793],[-0.215822,51.486785],[-0.215658,51.486738],[-0.215698,51.48669],[-0.215725,51.486689],[-0.21576,51.486664],[-0.21583,51.486611],[-0.215857,51.486597],[-0.215896,51.48658],[-0.215959,51.486562],[-0.216036,51.486546],[-0.216146,51.486541],[-0.216224,51.486544],[-0.216261,51.486547],[-0.216292,51.48655],[-0.216398,51.486568],[-0.216544,51.486742],[-0.216615,51.486759],[-0.216628,51.486757],[-0.217067,51.486683],[-0.21711,51.486675],[-0.217163,51.4867],[-0.217188,51.486714],[-0.217228,51.48674],[-0.217263,51.486768],[-0.217297,51.4868],[-0.217351,51.486867],[-0.217367,51.486892],[-0.217375,51.48691],[-0.217479,51.486934],[-0.217521,51.486944],[-0.217532,51.486949],[-0.217603,51.48698],[-0.217647,51.487004],[-0.217663,51.487014],[-0.217695,51.487034],[-0.21773,51.487063],[-0.217743,51.487069],[-0.217754,51.487074],[-0.217758,51.487078],[-0.217799,51.4871],[-0.21783,51.487127],[-0.217841,51.487131],[-0.217861,51.487138],[-0.217878,51.487157],[-0.217894,51.487173],[-0.21791,51.487212],[-0.217864,51.48733],[-0.217858,51.487345],[-0.217991,51.487366],[-0.217998,51.487368],[-0.217961,51.487378],[-0.217891,51.487399],[-0.217881,51.487402],[-0.217734,51.487447],[-0.217725,51.487457],[-0.217714,51.487469],[-0.217844,51.487565],[-0.217848,51.487571],[-0.21788,51.487624],[-0.217915,51.487917],[-0.217908,51.487921],[-0.217884,51.487938],[-0.217817,51.487992],[-0.217776,51.48803],[-0.217722,51.488087],[-0.21767,51.488148],[-0.21764,51.488188],[-0.217623,51.488214],[-0.217589,51.488272],[-0.217551,51.488345],[-0.2177,51.488373],[-0.217843,51.488392],[-0.217971,51.488404],[-0.218018,51.488407],[-0.218061,51.488409],[-0.218126,51.488411],[-0.218216,51.48841],[-0.218268,51.488408],[-0.218388,51.488398],[-0.218449,51.48839],[-0.218509,51.48838],[-0.218605,51.488358],[-0.218636,51.488349],[-0.218776,51.488303],[-0.218812,51.488289],[-0.21883,51.48828],[-0.219106,51.488325],[-0.219182,51.488402],[-0.219367,51.488574],[-0.219401,51.488605],[-0.219418,51.488621],[-0.219476,51.488603],[-0.219818,51.488494],[-0.219902,51.488468],[-0.220732,51.488205],[-0.220855,51.488166],[-0.221126,51.48808],[-0.221723,51.487892],[-0.221844,51.487844],[-0.221898,51.487896],[-0.221979,51.487974],[-0.222008,51.488031],[-0.222013,51.488056],[-0.222043,51.488067],[-0.222051,51.488071],[-0.222076,51.488084],[-0.222114,51.488112],[-0.222151,51.488154],[-0.222195,51.48825],[-0.222201,51.488262],[-0.222268,51.488283],[-0.222231,51.488444],[-0.222221,51.488489],[-0.222137,51.488514],[-0.222133,51.488515],[-0.222081,51.488531],[-0.222043,51.488543],[-0.22203,51.488546],[-0.222022,51.488549],[-0.221951,51.48857],[-0.221894,51.488588],[-0.221862,51.488597],[-0.221817,51.488611],[-0.221797,51.488617],[-0.22176,51.488628],[-0.221744,51.488633],[-0.221694,51.488648],[-0.221673,51.488654],[-0.221643,51.488663],[-0.221632,51.488666],[-0.22159,51.488679],[-0.221546,51.488692],[-0.221509,51.488703],[-0.221505,51.488705],[-0.221443,51.488724],[-0.221378,51.488743],[-0.22137,51.488745],[-0.22132,51.488761],[-0.221288,51.48877],[-0.221251,51.488781],[-0.221245,51.488783],[-0.221166,51.488807],[-0.22116,51.488809],[-0.22109,51.488831],[-0.221082,51.488834],[-0.221022,51.488853],[-0.220949,51.488877],[-0.220938,51.48888],[-0.22088,51.488899],[-0.220836,51.488913],[-0.220827,51.488916],[-0.220764,51.488936],[-0.220757,51.488938],[-0.220705,51.488955],[-0.220692,51.488959],[-0.220648,51.488973],[-0.220628,51.48898],[-0.220571,51.488998],[-0.220506,51.489019],[-0.220501,51.489021],[-0.220457,51.489035],[-0.220433,51.489043],[-0.220385,51.489058],[-0.220317,51.48908],[-0.220305,51.489084],[-0.220275,51.489093],[-0.220258,51.489099],[-0.220194,51.489119],[-0.22019,51.489121],[-0.220146,51.489135],[-0.220134,51.489139],[-0.220071,51.489159],[-0.220045,51.489167],[-0.219996,51.489183],[-0.219984,51.489187],[-0.219929,51.489205],[-0.219895,51.489215],[-0.219886,51.489218],[-0.219864,51.489225],[-0.219848,51.489231],[-0.219791,51.489249],[-0.219782,51.489252],[-0.219769,51.489256],[-0.219737,51.489268],[-0.219699,51.489282],[-0.219689,51.489286],[-0.219664,51.489295],[-0.219614,51.489313],[-0.219589,51.489323],[-0.219553,51.489336],[-0.219544,51.489339],[-0.219445,51.489375],[-0.219621,51.489571],[-0.219515,51.48961],[-0.219463,51.48963],[-0.219392,51.489656],[-0.219363,51.489667],[-0.219292,51.489694],[-0.219283,51.489698],[-0.219268,51.489703],[-0.219216,51.489723],[-0.219192,51.489732],[-0.219042,51.489788],[-0.21903,51.489792],[-0.218954,51.489821],[-0.218941,51.489826],[-0.218917,51.489835],[-0.218852,51.489769],[-0.218828,51.489745],[-0.218705,51.48962],[-0.21866,51.489635],[-0.218651,51.489638],[-0.218609,51.489653],[-0.218549,51.489673],[-0.218544,51.489674],[-0.218472,51.489699],[-0.218494,51.489721],[-0.218545,51.489773],[-0.218642,51.48987],[-0.218688,51.489916],[-0.218701,51.489929],[-0.218654,51.489927],[-0.21864,51.489927],[-0.218631,51.489926],[-0.218578,51.489924],[-0.218539,51.489923],[-0.218506,51.489922],[-0.218494,51.489921],[-0.218438,51.489919],[-0.21843,51.489921],[-0.218395,51.48993],[-0.218338,51.489945],[-0.21827,51.489964],[-0.218205,51.489981],[-0.218197,51.489983],[-0.218126,51.490002],[-0.218056,51.490021],[-0.217984,51.49004],[-0.217924,51.490057],[-0.217853,51.490076],[-0.217818,51.490085],[-0.217725,51.49011],[-0.217657,51.490128],[-0.217571,51.490151],[-0.217527,51.490164],[-0.217527,51.490173],[-0.217524,51.490258],[-0.217518,51.490418],[-0.217516,51.490461],[-0.217516,51.490576],[-0.217516,51.490685],[-0.217517,51.490771],[-0.217517,51.49084],[-0.217517,51.490872],[-0.217517,51.490895]]]}},{"type":"Feature","properties":{"LSOA21CD":"E01001890","LSOA21NM":"Hammersmith and Fulham 016C","MEAN_PTAL_":"5","mean_AI":23.2552017428,"borough":"Hammersmith & Fulham"},"geometry":{"type":"Polygon","coordinates":[[[-0.219106,51.488325],[-0.21883,51.48828],[-0.218812,51.488289],[-0.218776,51.488303],[-0.218636,51.488349],[-0.218605,51.488358],[-0.218509,51.48838],[-0.218449,51.48839],[-0.218388,51.488398],[-0.218268,51.488408],[-0.218216,51.48841],[-0.218126,51.488411],[-0.218061,51.488409],[-0.218018,51.488407],[-0.217971,51.488404],[-0.217843,51.488392],[-0.2177,51.488373],[-0.217551,51.488345],[-0.217589,51.488272],[-0.217623,51.488214],[-0.21764,51.488188],[-0.21767,51.488148],[-0.217722,51.488087],[-0.217776,51.48803],[-0.217817,51.487992],[-0.217884,51.487938],[-0.217908,51.487921],[-0.217915,51.487917],[-0.21788,51.487624],[-0.217848,51.487571],[-0.217844,51.487565],[-0.217714,51.487469],[-0.217725,51.487457],[-0.217734,51.487447],[-0.217881,51.487402],[-0.217891,51.487399],[-0.217961,51.487378],[-0.217998,51.487368],[-0.217991,51.487366],[-0.217858,51.487345],[-0.217864,51.48733],[-0.21791,51.487212],[-0.217894,51.487173],[-0.217878,51.487157],[-0.217861,51.487138],[-0.217841,51.487131],[-0.21783,51.487127],[-0.217799,51.4871],[-0.217758,51.487078],[-0.217754,51.487074],[-0.217743,51.487069],[-0.21773,51.487063],[-0.217695,51.487034],[-0.217663,51.487014],[-0.217647,51.487004],[-0.217603,51.48698],[-0.217532,51.486949],[-0.217521,51.486944],[-0.217479,51.486934],[-0.217375,51.48691],[-0.217367,51.486892],[-0.217351,51.486867],[-0.217297,51.4868],[-0.217263,51.486768],[-0.217228,51.48674],[-0.217188,51.486714],[-0.217163,51.4867],[-0.21711,51.486675],[-0.217067,51.486683],[-0.216628,51.486757],[-0.216615,51.486759],[-0.216544,51.486742],[-0.216398,51.486568],[-0.216292,51.48655],[-0.216261,51.486547],[-0.216224,51.486544],[-0.216146,51.486541],[-0.216036,51.486546],[-0.215959,51.486562],[-0.215896,51.48658],[-0.215857,51.486597],[-0.21583,51.486611],[-0.21576,51.486664],[-0.215725,51.486689],[-0.215698,51.48669],[-0.215658,51.486738],[-0.215654,51.486744],[-0.215642,51.486741],[-0.215461,51.48669],[-0.215414,51.486681],[-0.215275,51.486652],[-0.215266,51.486649],[-0.215082,51.486596],[-0.215047,51.486585],[-0.214876,51.486547],[-0.214855,51.48654],[-0.214819,51.486528],[-0.214808,51.486524],[-0.214648,51.486471],[-0.214596,51.486442],[-0.214535,51.486407],[-0.214484,51.486373],[-0.214395,51.486315],[-0.214366,51.486293],[-0.214363,51.486291],[-0.214348,51.48628],[-0.214243,51.486202],[-0.214231,51.486194],[-0.214227,51.486195],[-0.214219,51.486195],[-0.214223,51.486188],[-0.214173,51.486153],[-0.214131,51.486157],[-0.214043,51.486164],[-0.214029,51.486169],[-0.213954,51.486173],[-0.213944,51.486172],[-0.213847,51.486165],[-0.213796,51.486162],[-0.213393,51.486146],[-0.213078,51.486115],[-0.212962,51.486113],[-0.212895,51.486122],[-0.212866,51.486117],[-0.212809,51.486095],[-0.212828,51.485994],[-0.21278,51.485911],[-0.212748,51.485877],[-0.21271,51.485846],[-0.212699,51.485829],[-0.212695,51.485819],[-0.212693,51.485815],[-0.212689,51.485808],[-0.21266,51.485776],[-0.212649,51.485767],[-0.212623,51.485726],[-0.212614,51.485716],[-0.212588,51.485688],[-0.212577,51.485653],[-0.212569,51.485639],[-0.212543,51.485609],[-0.212538,51.485603],[-0.212519,51.485574],[-0.21248,51.485529],[-0.212474,51.48551],[-0.212453,51.485475],[-0.212427,51.485448],[-0.212411,51.485434],[-0.212361,51.485371],[-0.212356,51.485362],[-0.212353,51.485351],[-0.212336,51.485317],[-0.212318,51.485295],[-0.212315,51.48529],[-0.212301,51.485272],[-0.212291,51.485254],[-0.21227,51.485228],[-0.212248,51.485179],[-0.212231,51.48516],[-0.212224,51.485149],[-0.212215,51.485126],[-0.212186,51.485093],[-0.212183,51.485089],[-0.212163,51.485064],[-0.212155,51.485048],[-0.212125,51.48501],[-0.212109,51.484995],[-0.212089,51.484957],[-0.212059,51.48492],[-0.21205,51.484912],[-0.212043,51.484904],[-0.212028,51.484875],[-0.21202,51.484864],[-0.211993,51.484839],[-0.211974,51.484803],[-0.211938,51.484761],[-0.211917,51.484691],[-0.212003,51.484634],[-0.212024,51.484622],[-0.212095,51.484598],[-0.212149,51.484586],[-0.212239,51.484577],[-0.212281,51.484577],[-0.212313,51.48458],[-0.212424,51.48453],[-0.212487,51.484515],[-0.212618,51.484493],[-0.212634,51.484469],[-0.212704,51.484562],[-0.212735,51.484603],[-0.212765,51.484642],[-0.212786,51.48467],[-0.212816,51.484709],[-0.212833,51.484731],[-0.212858,51.484764],[-0.212925,51.484852],[-0.212935,51.484866],[-0.212964,51.484903],[-0.212966,51.484907],[-0.213034,51.485002],[-0.213113,51.485111],[-0.213145,51.485156],[-0.213163,51.485181],[-0.213266,51.485325],[-0.213323,51.485355],[-0.213332,51.485374],[-0.213394,51.485459],[-0.213849,51.485381],[-0.213852,51.485388],[-0.213925,51.485573],[-0.21393,51.485574],[-0.213979,51.485589],[-0.213991,51.485592],[-0.214001,51.485793],[-0.214028,51.485848],[-0.214033,51.485859],[-0.214123,51.485877],[-0.214131,51.485875],[-0.214273,51.485841],[-0.214285,51.485833],[-0.214305,51.485825],[-0.214364,51.485801],[-0.21446,51.485816],[-0.214506,51.485803],[-0.214697,51.485745],[-0.214701,51.485737],[-0.214768,51.485615],[-0.214773,51.485605],[-0.214786,51.485591],[-0.215386,51.485408],[-0.215488,51.48547],[-0.21553,51.48547],[-0.215624,51.48547],[-0.215802,51.485517],[-0.2159,51.485528],[-0.216117,51.485578],[-0.216214,51.485592],[-0.216295,51.485597],[-0.216306,51.485598],[-0.216331,51.4856],[-0.216348,51.485597],[-0.216371,51.485594],[-0.216525,51.485558],[-0.216546,51.485549],[-0.216564,51.485538],[-0.216612,51.48551],[-0.216476,51.485393],[-0.216466,51.485309],[-0.216469,51.485302],[-0.216519,51.485206],[-0.216523,51.485203],[-0.216531,51.485194],[-0.216543,51.485192],[-0.216566,51.485189],[-0.216583,51.485184],[-0.216614,51.485175],[-0.216626,51.485174],[-0.216657,51.485169],[-0.216668,51.485166],[-0.216674,51.485167],[-0.216688,51.485171],[-0.21676,51.485198],[-0.216805,51.485208],[-0.216828,51.485213],[-0.21688,51.485236],[-0.216884,51.485238],[-0.217006,51.485254],[-0.217211,51.485135],[-0.217241,51.485155],[-0.217287,51.48515],[-0.217379,51.485316],[-0.217395,51.485345],[-0.2174,51.485353],[-0.21758,51.485314],[-0.217671,51.485294],[-0.217774,51.485271],[-0.217807,51.485264],[-0.217817,51.485262],[-0.217876,51.485249],[-0.217963,51.48523],[-0.218064,51.485208],[-0.21813,51.485194],[-0.21817,51.485185],[-0.218183,51.485182],[-0.218207,51.485177],[-0.218282,51.485161],[-0.218329,51.485151],[-0.218373,51.485141],[-0.218483,51.485117],[-0.218581,51.485096],[-0.218613,51.485089],[-0.218622,51.485087],[-0.218658,51.485079],[-0.218772,51.485054],[-0.218802,51.485048],[-0.218818,51.485044],[-0.218838,51.48504],[-0.218852,51.485037],[-0.218919,51.485022],[-0.218985,51.485008],[-0.219057,51.484992],[-0.219188,51.484964],[-0.219276,51.484944],[-0.219407,51.484916],[-0.219447,51.484907],[-0.219452,51.484907],[-0.21954,51.484901],[-0.219607,51.484901],[-0.219566,51.485126],[-0.21962,51.485157],[-0.219624,51.485162],[-0.219655,51.485201],[-0.219664,51.485218],[-0.21968,51.485321],[-0.220116,51.485226],[-0.220127,51.485224],[-0.220179,51.485377],[-0.22019,51.48541],[-0.220185,51.485437],[-0.220204,51.485487],[-0.220211,51.485503],[-0.22022,51.485499],[-0.220243,51.485567],[-0.220311,51.485706],[-0.220363,51.485812],[-0.220369,51.485823],[-0.220378,51.485837],[-0.220388,51.485856],[-0.220396,51.485868],[-0.220468,51.485855],[-0.220551,51.485861],[-0.220638,51.48587],[-0.220646,51.485871],[-0.220793,51.485891],[-0.220832,51.485897],[-0.22148,51.486013],[-0.221592,51.486193],[-0.221557,51.486229],[-0.221523,51.486259],[-0.221477,51.486293],[-0.221411,51.486331],[-0.221363,51.486356],[-0.221249,51.486393],[-0.221189,51.486412],[-0.220799,51.48646],[-0.220922,51.486621],[-0.221126,51.486847],[-0.221144,51.486866],[-0.221198,51.486916],[-0.221219,51.486936],[-0.221324,51.487031],[-0.221434,51.487119],[-0.221651,51.48729],[-0.221729,51.487352],[-0.221869,51.487462],[-0.221953,51.487526],[-0.222083,51.487648],[-0.222147,51.487709],[-0.222109,51.487728],[-0.222077,51.487744],[-0.221986,51.487788],[-0.221916,51.487816],[-0.221844,51.487844],[-0.221723,51.487892],[-0.221126,51.48808],[-0.220855,51.488166],[-0.220732,51.488205],[-0.219902,51.488468],[-0.219818,51.488494],[-0.219476,51.488603],[-0.219418,51.488621],[-0.219401,51.488605],[-0.219367,51.488574],[-0.219182,51.488402],[-0.219106,51.488325]]]}},{"type":"Feature","properties":{"LSOA21CD":"E01001891","LSOA21NM":"Hammersmith and Fulham 018B","MEAN_PTAL_":"5","mean_AI":24.1743371372,"borough":"Hammersmith & Fulham"},"geometry":{"type":"Polygon","coordinates":[[[-0.222795,51.488696],[-0.222778,51.488649],[-0.222761,51.488653],[-0.22255,51.488693],[-0.222497,51.488703],[-0.222427,51.488716],[-0.222422,51.488717],[-0.222376,51.488726],[-0.222368,51.488714],[-0.222365,51.488708],[-0.222311,51.488626],[-0.222221,51.488489],[-0.222231,51.488444],[-0.222268,51.488283],[-0.222201,51.488262],[-0.222195,51.48825],[-0.222151,51.488154],[-0.222114,51.488112],[-0.222076,51.488084],[-0.222051,51.488071],[-0.222043,51.488067],[-0.222013,51.488056],[-0.222008,51.488031],[-0.221979,51.487974],[-0.221898,51.487896],[-0.221844,51.487844],[-0.221916,51.487816],[-0.221986,51.487788],[-0.222077,51.487744],[-0.222109,51.487728],[-0.222147,51.487709],[-0.222083,51.487648],[-0.221953,51.487526],[-0.221869,51.487462],[-0.221729,51.487352],[-0.221651,51.48729],[-0.221434,51.487119],[-0.221324,51.487031],[-0.221219,51.486936],[-0.221198,51.486916],[-0.221144,51.486866],[-0.221126,51.486847],[-0.220922,51.486621],[-0.220799,51.48646],[-0.221189,51.486412],[-0.221249,51.486393],[-0.221363,51.486356],[-0.221411,51.486331],[-0.221477,51.486293],[-0.221523,51.486259],[-0.221557,51.486229],[-0.221592,51.486193],[-0.22148,51.486013],[-0.220832,51.485897],[-0.220793,51.485891],[-0.220646,51.485871],[-0.220638,51.48587],[-0.220551,51.485861],[-0.220468,51.485855],[-0.220396,51.485868],[-0.220388,51.485856],[-0.220378,51.485837],[-0.220369,51.485823],[-0.220363,51.485812],[-0.220311,51.485706],[-0.220243,51.485567],[-0.22022,51.485499],[-0.220211,51.485503],[-0.220204,51.485487],[-0.220185,51.485437],[-0.22019,51.48541],[-0.220179,51.485377],[-0.220127,51.485224],[-0.220116,51.485226],[-0.21968,51.485321],[-0.219664,51.485218],[-0.219655,51.485201],[-0.219624,51.485162],[-0.21962,51.485157],[-0.219566,51.485126],[-0.219607,51.484901],[-0.21954,51.484901],[-0.219452,51.484907],[-0.219447,51.484907],[-0.219407,51.484916],[-0.219276,51.484944],[-0.219188,51.484964],[-0.219057,51.484992],[-0.218985,51.485008],[-0.218919,51.485022],[-0.218852,51.485037],[-0.218838,51.48504],[-0.218818,51.485044],[-0.218802,51.485048],[-0.218772,51.485054],[-0.218658,51.485079],[-0.218622,51.485087],[-0.218613,51.485089],[-0.218581,51.485096],[-0.218483,51.485117],[-0.218373,51.485141],[-0.218329,51.485151],[-0.218282,51.485161],[-0.218207,51.485177],[-0.218183,51.485182],[-0.21817,51.485185],[-0.21813,51.485194],[-0.218064,51.485208],[-0.217963,51.48523],[-0.217876,51.485249],[-0.217817,51.485262],[-0.217807,51.485264],[-0.217774,51.485271],[-0.217671,51.485294],[-0.21758,51.485314],[-0.2174,51.485353],[-0.217395,51.485345],[-0.217379,51.485316],[-0.217287,51.48515],[-0.217481,51.485132],[-0.21749,51.485129],[-0.217557,51.485104],[-0.217598,51.485075],[-0.21762,51.485048],[-0.217636,51.485043],[-0.217652,51.485037],[-0.217665,51.485036],[-0.217755,51.48501],[-0.217764,51.485009],[-0.217773,51.485008],[-0.217789,51.485006],[-0.217835,51.484999],[-0.217847,51.484995],[-0.217856,51.484992],[-0.21792,51.484979],[-0.21794,51.484972],[-0.217991,51.48496],[-0.217999,51.484959],[-0.218045,51.484948],[-0.218061,51.484947],[-0.218124,51.484932],[-0.218158,51.484928],[-0.218166,51.484926],[-0.218173,51.484924],[-0.218212,51.484914],[-0.218221,51.48491],[-0.218233,51.484906],[-0.21825,51.484901],[-0.218298,51.484893],[-0.218304,51.484891],[-0.218356,51.484883],[-0.218374,51.48488],[-0.218392,51.484874],[-0.21847,51.484858],[-0.218498,51.484854],[-0.218508,51.484852],[-0.218518,51.484848],[-0.218587,51.484833],[-0.218604,51.484831],[-0.21861,51.48483],[-0.218631,51.484824],[-0.218691,51.484815],[-0.218716,51.484808],[-0.218741,51.484801],[-0.21875,51.484799],[-0.21879,51.484786],[-0.218826,51.484779],[-0.21884,51.484778],[-0.218846,51.484777],[-0.218913,51.484765],[-0.21892,51.484762],[-0.21894,51.484755],[-0.218963,51.484753],[-0.218995,51.48475],[-0.219022,51.484743],[-0.219042,51.484738],[-0.219075,51.484724],[-0.219129,51.48471],[-0.219135,51.484709],[-0.219158,51.484706],[-0.219203,51.4847],[-0.219209,51.484698],[-0.219249,51.484684],[-0.219332,51.484671],[-0.219352,51.484663],[-0.219373,51.484658],[-0.219384,51.484657],[-0.219424,51.484649],[-0.219542,51.484642],[-0.219567,51.484576],[-0.219558,51.484528],[-0.219536,51.484495],[-0.219531,51.484487],[-0.219426,51.484403],[-0.219438,51.484395],[-0.219465,51.48429],[-0.219443,51.484239],[-0.219355,51.484181],[-0.219295,51.484159],[-0.2194,51.483983],[-0.219141,51.483943],[-0.219144,51.483932],[-0.219145,51.483928],[-0.219169,51.483836],[-0.219135,51.483774],[-0.21927,51.483628],[-0.219328,51.483565],[-0.219335,51.483558],[-0.219347,51.483555],[-0.219353,51.483546],[-0.219343,51.48353],[-0.219366,51.483524],[-0.219706,51.483439],[-0.219716,51.483449],[-0.219848,51.48358],[-0.219912,51.483643],[-0.219894,51.483665],[-0.219913,51.483701],[-0.220024,51.483849],[-0.220044,51.483875],[-0.220049,51.483883],[-0.220135,51.483866],[-0.220113,51.483995],[-0.220142,51.484036],[-0.220218,51.484082],[-0.220235,51.484087],[-0.220285,51.4841],[-0.220292,51.484102],[-0.220286,51.484115],[-0.220285,51.484121],[-0.220284,51.484129],[-0.220241,51.484212],[-0.22028,51.484273],[-0.220398,51.484353],[-0.220403,51.484357],[-0.220406,51.484359],[-0.220401,51.484363],[-0.220384,51.484374],[-0.220335,51.484405],[-0.220398,51.484541],[-0.220441,51.484574],[-0.22047,51.484588],[-0.220546,51.484625],[-0.220554,51.484623],[-0.220568,51.484619],[-0.220595,51.484611],[-0.220622,51.484602],[-0.220638,51.484594],[-0.220643,51.484593],[-0.220685,51.484578],[-0.220694,51.484576],[-0.220746,51.484559],[-0.220757,51.484553],[-0.220764,51.48455],[-0.220828,51.48453],[-0.220834,51.484529],[-0.220855,51.484526],[-0.22088,51.484521],[-0.220923,51.484512],[-0.220938,51.48451],[-0.220974,51.484498],[-0.220983,51.484494],[-0.220999,51.484489],[-0.221027,51.484481],[-0.221096,51.484448],[-0.2211,51.484447],[-0.221104,51.484445],[-0.221111,51.484444],[-0.221119,51.484441],[-0.221125,51.484439],[-0.221157,51.484434],[-0.221215,51.484424],[-0.221231,51.484419],[-0.221301,51.484387],[-0.221322,51.484381],[-0.221326,51.484379],[-0.221342,51.484372],[-0.221365,51.484364],[-0.221381,51.484358],[-0.221388,51.484357],[-0.221393,51.484356],[-0.221414,51.484348],[-0.221428,51.484344],[-0.221437,51.484342],[-0.221527,51.484313],[-0.221543,51.48431],[-0.221572,51.484301],[-0.221625,51.484273],[-0.22163,51.484272],[-0.221644,51.484267],[-0.221654,51.484264],[-0.221659,51.484263],[-0.221717,51.48425],[-0.221733,51.484242],[-0.221743,51.484241],[-0.221801,51.48423],[-0.22184,51.484223],[-0.221844,51.484224],[-0.221853,51.484226],[-0.221876,51.48423],[-0.221882,51.484231],[-0.221928,51.484246],[-0.221933,51.484249],[-0.222014,51.484294],[-0.222025,51.4843],[-0.222058,51.48435],[-0.22206,51.484353],[-0.222066,51.484468],[-0.222076,51.484469],[-0.222082,51.484472],[-0.222115,51.484491],[-0.222212,51.484545],[-0.222226,51.484553],[-0.222269,51.484595],[-0.222277,51.484648],[-0.222276,51.484651],[-0.22226,51.484711],[-0.222257,51.484722],[-0.222251,51.48473],[-0.222347,51.484756],[-0.222351,51.484757],[-0.222398,51.484781],[-0.222405,51.484784],[-0.222433,51.484809],[-0.222465,51.484881],[-0.222465,51.484884],[-0.22246,51.484995],[-0.222659,51.484935],[-0.222732,51.484912],[-0.222793,51.484895],[-0.222847,51.484879],[-0.222868,51.484872],[-0.222877,51.48487],[-0.222894,51.484889],[-0.222946,51.484952],[-0.222974,51.484943],[-0.222997,51.484935],[-0.223006,51.484932],[-0.223296,51.484838],[-0.223316,51.484953],[-0.223321,51.484958],[-0.223352,51.484994],[-0.223356,51.484999],[-0.223412,51.485029],[-0.223418,51.485031],[-0.223474,51.485048],[-0.223527,51.485023],[-0.223541,51.485019],[-0.223585,51.485008],[-0.22359,51.485005],[-0.223601,51.485001],[-0.223636,51.484993],[-0.223655,51.484989],[-0.223669,51.484982],[-0.223688,51.484977],[-0.223719,51.484968],[-0.223736,51.484961],[-0.223754,51.484954],[-0.223759,51.484951],[-0.223784,51.484944],[-0.22379,51.484941],[-0.2238,51.484935],[-0.223804,51.484934],[-0.22386,51.484914],[-0.223878,51.48491],[-0.223882,51.484909],[-0.22389,51.484906],[-0.223926,51.484895],[-0.223933,51.484894],[-0.223953,51.484892],[-0.223957,51.48489],[-0.224022,51.484868],[-0.224034,51.484864],[-0.224073,51.48485],[-0.224078,51.484849],[-0.224112,51.484843],[-0.224151,51.484826],[-0.224164,51.484823],[-0.224176,51.484818],[-0.224224,51.484799],[-0.224229,51.484798],[-0.224257,51.484791],[-0.224297,51.484775],[-0.224325,51.484769],[-0.224371,51.484751],[-0.224421,51.484739],[-0.224433,51.484733],[-0.224441,51.48473],[-0.224572,51.484691],[-0.22442,51.48447],[-0.224415,51.484464],[-0.224408,51.484455],[-0.224292,51.484298],[-0.224599,51.484413],[-0.224623,51.484413],[-0.22572,51.483559],[-0.225804,51.483536],[-0.226284,51.483405],[-0.226375,51.48372],[-0.226376,51.483725],[-0.226392,51.483782],[-0.226477,51.484077],[-0.226526,51.484202],[-0.226553,51.484272],[-0.226603,51.484397],[-0.226664,51.484553],[-0.226734,51.484731],[-0.226762,51.484801],[-0.226777,51.484839],[-0.226788,51.484867],[-0.226816,51.484921],[-0.226881,51.485042],[-0.226948,51.485168],[-0.227055,51.485344],[-0.227068,51.485363],[-0.227193,51.485538],[-0.227203,51.485552],[-0.227244,51.48561],[-0.227269,51.485645],[-0.22727,51.485646],[-0.22727,51.485647],[-0.22727,51.485647],[-0.22728,51.485659],[-0.227316,51.485701],[-0.227407,51.485808],[-0.22762,51.486035],[-0.227676,51.486091],[-0.227729,51.486142],[-0.227797,51.486209],[-0.227837,51.486249],[-0.227846,51.486257],[-0.227875,51.486284],[-0.227882,51.48629],[-0.227889,51.486296],[-0.227903,51.486309],[-0.228066,51.486457],[-0.228087,51.486474],[-0.228224,51.486589],[-0.228315,51.486665],[-0.228333,51.48668],[-0.228379,51.486719],[-0.228412,51.486746],[-0.228426,51.486758],[-0.228656,51.486934],[-0.228651,51.486936],[-0.228614,51.486951],[-0.22806,51.48718],[-0.227514,51.487396],[-0.227074,51.487575],[-0.227069,51.487578],[-0.226681,51.487736],[-0.226672,51.48774],[-0.226663,51.487744],[-0.226633,51.487757],[-0.226546,51.487793],[-0.22639,51.48786],[-0.226361,51.487872],[-0.22634,51.487881],[-0.226048,51.488005],[-0.226038,51.488009],[-0.22603,51.488012],[-0.225933,51.488053],[-0.225922,51.488058],[-0.225848,51.48809],[-0.225827,51.488098],[-0.225799,51.48811],[-0.225722,51.488143],[-0.225704,51.488151],[-0.225694,51.488155],[-0.225689,51.488157],[-0.225506,51.488234],[-0.225499,51.488237],[-0.225334,51.488308],[-0.225326,51.488311],[-0.225213,51.488359],[-0.225194,51.488367],[-0.225161,51.488381],[-0.225123,51.488397],[-0.225107,51.488404],[-0.22503,51.488436],[-0.225013,51.488443],[-0.224941,51.488474],[-0.22493,51.488478],[-0.224785,51.488534],[-0.224691,51.48857],[-0.22465,51.488585],[-0.224547,51.488625],[-0.224531,51.488631],[-0.224408,51.488678],[-0.224401,51.48868],[-0.224299,51.48872],[-0.224281,51.488726],[-0.224267,51.488732],[-0.224265,51.488732],[-0.224149,51.488777],[-0.224146,51.488778],[-0.224037,51.48882],[-0.224031,51.488822],[-0.223917,51.488866],[-0.223904,51.488871],[-0.223839,51.488895],[-0.223803,51.488909],[-0.223795,51.488912],[-0.223775,51.48892],[-0.223643,51.48897],[-0.223523,51.489016],[-0.223516,51.489019],[-0.223225,51.48913],[-0.22318,51.489147],[-0.223141,51.489162],[-0.222993,51.489219],[-0.222982,51.489223],[-0.222981,51.48922],[-0.222928,51.489072],[-0.222924,51.489061],[-0.222923,51.489057],[-0.222905,51.489007],[-0.222902,51.488998],[-0.222874,51.48892],[-0.222859,51.488875],[-0.222847,51.488842],[-0.222839,51.488819],[-0.222826,51.488785],[-0.222815,51.488753],[-0.222814,51.488751],[-0.222809,51.488736],[-0.222795,51.488696]]]}},{"type":"Feature","properties":{"LSOA21CD":"E01001892","LSOA21NM":"Hammersmith and Fulham 016D","MEAN_PTAL_":"5","mean_AI":20.1436432754,"borough":"Hammersmith & Fulham"},"geometry":{"type":"Polygon","coordinates":[[[-0.212465,51.488309],[-0.212379,51.488179],[-0.212355,51.488142],[-0.212347,51.488131],[-0.212689,51.488077],[-0.212833,51.488055],[-0.213234,51.487993],[-0.213248,51.487991],[-0.213164,51.487826],[-0.213153,51.487804],[-0.212996,51.487495],[-0.213068,51.487456],[-0.213165,51.487436],[-0.213392,51.48739],[-0.213413,51.487386],[-0.213501,51.48737],[-0.213663,51.487341],[-0.213664,51.487338],[-0.213645,51.487298],[-0.213578,51.487167],[-0.213515,51.487043],[-0.213491,51.486996],[-0.21348,51.486975],[-0.213389,51.486992],[-0.213359,51.486998],[-0.213233,51.487021],[-0.213216,51.487024],[-0.213207,51.487003],[-0.213176,51.48693],[-0.212803,51.487006],[-0.212785,51.486971],[-0.212745,51.48689],[-0.212596,51.486591],[-0.212411,51.486222],[-0.212396,51.486193],[-0.212281,51.486212],[-0.212163,51.486233],[-0.212155,51.486234],[-0.21207,51.486248],[-0.21196,51.486267],[-0.21195,51.486269],[-0.211716,51.486309],[-0.211594,51.486131],[-0.211577,51.486106],[-0.211553,51.486072],[-0.211543,51.486058],[-0.211533,51.486042],[-0.211527,51.486044],[-0.211515,51.486047],[-0.211274,51.48611],[-0.211254,51.486115],[-0.211221,51.486124],[-0.211146,51.486144],[-0.211135,51.486146],[-0.211114,51.486119],[-0.211109,51.48611],[-0.2111,51.486098],[-0.211051,51.486031],[-0.211044,51.486021],[-0.21104,51.486015],[-0.211029,51.486001],[-0.211023,51.485993],[-0.210996,51.485955],[-0.210968,51.485916],[-0.210963,51.48591],[-0.21096,51.485906],[-0.210939,51.485877],[-0.210909,51.485835],[-0.210903,51.485827],[-0.210896,51.485817],[-0.21089,51.485809],[-0.210888,51.485806],[-0.21087,51.48578],[-0.210862,51.48577],[-0.210851,51.485755],[-0.210835,51.485732],[-0.210825,51.485719],[-0.21082,51.485712],[-0.210777,51.485653],[-0.210766,51.485637],[-0.210758,51.485625],[-0.210755,51.485622],[-0.210731,51.485587],[-0.21072,51.485571],[-0.210705,51.48555],[-0.210691,51.48553],[-0.210671,51.485501],[-0.210668,51.485497],[-0.210662,51.485488],[-0.210622,51.48543],[-0.210614,51.485419],[-0.210605,51.485405],[-0.210579,51.485368],[-0.210576,51.485363],[-0.210545,51.485319],[-0.210541,51.485313],[-0.210524,51.485289],[-0.210515,51.485276],[-0.210492,51.485243],[-0.210468,51.485207],[-0.210465,51.485203],[-0.210443,51.485172],[-0.210436,51.485162],[-0.210413,51.485128],[-0.21041,51.485125],[-0.210384,51.485087],[-0.210355,51.485045],[-0.210336,51.485017],[-0.210328,51.485007],[-0.210325,51.485002],[-0.210322,51.484998],[-0.21032,51.484995],[-0.210296,51.48496],[-0.21028,51.484936],[-0.210249,51.484892],[-0.210243,51.484883],[-0.210241,51.48488],[-0.210231,51.484866],[-0.210215,51.484843],[-0.2102,51.484822],[-0.210172,51.484781],[-0.210167,51.484774],[-0.210146,51.484742],[-0.210143,51.484738],[-0.210139,51.484731],[-0.21012,51.484703],[-0.210118,51.4847],[-0.210091,51.484659],[-0.210072,51.48463],[-0.210066,51.48462],[-0.210169,51.484556],[-0.210354,51.48444],[-0.210345,51.484425],[-0.210331,51.484404],[-0.210344,51.484392],[-0.21035,51.484385],[-0.21031,51.484328],[-0.210345,51.484317],[-0.210388,51.484303],[-0.210434,51.484288],[-0.210471,51.484276],[-0.210559,51.484251],[-0.21071,51.484208],[-0.210704,51.484212],[-0.210682,51.484226],[-0.210652,51.484246],[-0.2107,51.484317],[-0.210744,51.484383],[-0.210749,51.48439],[-0.210791,51.484411],[-0.210795,51.484413],[-0.21079,51.484429],[-0.210791,51.484452],[-0.210786,51.484464],[-0.210785,51.484467],[-0.210784,51.484503],[-0.210792,51.484532],[-0.210801,51.484545],[-0.210811,51.484558],[-0.21083,51.48457],[-0.210955,51.484652],[-0.21096,51.484655],[-0.210942,51.484674],[-0.210937,51.484679],[-0.210942,51.484696],[-0.211308,51.484591],[-0.21135,51.484579],[-0.211439,51.484552],[-0.212205,51.484311],[-0.212176,51.484313],[-0.212169,51.484297],[-0.212388,51.484234],[-0.212418,51.484207],[-0.212453,51.484217],[-0.212456,51.484222],[-0.212461,51.48423],[-0.212539,51.484345],[-0.212634,51.484469],[-0.212618,51.484493],[-0.212487,51.484515],[-0.212424,51.48453],[-0.212313,51.48458],[-0.212281,51.484577],[-0.212239,51.484577],[-0.212149,51.484586],[-0.212095,51.484598],[-0.212024,51.484622],[-0.212003,51.484634],[-0.211917,51.484691],[-0.211938,51.484761],[-0.211974,51.484803],[-0.211993,51.484839],[-0.21202,51.484864],[-0.212028,51.484875],[-0.212043,51.484904],[-0.21205,51.484912],[-0.212059,51.48492],[-0.212089,51.484957],[-0.212109,51.484995],[-0.212125,51.48501],[-0.212155,51.485048],[-0.212163,51.485064],[-0.212183,51.485089],[-0.212186,51.485093],[-0.212215,51.485126],[-0.212224,51.485149],[-0.212231,51.48516],[-0.212248,51.485179],[-0.21227,51.485228],[-0.212291,51.485254],[-0.212301,51.485272],[-0.212315,51.48529],[-0.212318,51.485295],[-0.212336,51.485317],[-0.212353,51.485351],[-0.212356,51.485362],[-0.212361,51.485371],[-0.212411,51.485434],[-0.212427,51.485448],[-0.212453,51.485475],[-0.212474,51.48551],[-0.21248,51.485529],[-0.212519,51.485574],[-0.212538,51.485603],[-0.212543,51.485609],[-0.212569,51.485639],[-0.212577,51.485653],[-0.212588,51.485688],[-0.212614,51.485716],[-0.212623,51.485726],[-0.212649,51.485767],[-0.21266,51.485776],[-0.212689,51.485808],[-0.212693,51.485815],[-0.212695,51.485819],[-0.212699,51.485829],[-0.21271,51.485846],[-0.212748,51.485877],[-0.21278,51.485911],[-0.212828,51.485994],[-0.212809,51.486095],[-0.212866,51.486117],[-0.212895,51.486122],[-0.212962,51.486113],[-0.213078,51.486115],[-0.213393,51.486146],[-0.213796,51.486162],[-0.213847,51.486165],[-0.213944,51.486172],[-0.213954,51.486173],[-0.214029,51.486169],[-0.214043,51.486164],[-0.214131,51.486157],[-0.214173,51.486153],[-0.214223,51.486188],[-0.214219,51.486195],[-0.214227,51.486195],[-0.214231,51.486194],[-0.214243,51.486202],[-0.214348,51.48628],[-0.214363,51.486291],[-0.214366,51.486293],[-0.214395,51.486315],[-0.214484,51.486373],[-0.214535,51.486407],[-0.214596,51.486442],[-0.214648,51.486471],[-0.214808,51.486524],[-0.214819,51.486528],[-0.214855,51.48654],[-0.214876,51.486547],[-0.215047,51.486585],[-0.215082,51.486596],[-0.215266,51.486649],[-0.215275,51.486652],[-0.215414,51.486681],[-0.215461,51.48669],[-0.215642,51.486741],[-0.215654,51.486744],[-0.215658,51.486738],[-0.215822,51.486785],[-0.21583,51.486793],[-0.215874,51.486805],[-0.215994,51.486838],[-0.216215,51.486901],[-0.216185,51.486962],[-0.216124,51.487033],[-0.216071,51.487065],[-0.216036,51.487086],[-0.215989,51.487103],[-0.215963,51.487112],[-0.215915,51.487124],[-0.215863,51.487138],[-0.21573,51.487172],[-0.215649,51.487193],[-0.215606,51.487204],[-0.215535,51.487223],[-0.215454,51.487244],[-0.215439,51.487248],[-0.215263,51.487295],[-0.215249,51.487299],[-0.215263,51.487312],[-0.21521,51.487346],[-0.21518,51.487357],[-0.215126,51.487386],[-0.21507,51.487402],[-0.215054,51.487408],[-0.214998,51.487426],[-0.214958,51.487433],[-0.214946,51.487436],[-0.214933,51.48744],[-0.214915,51.487445],[-0.214896,51.48745],[-0.214878,51.487459],[-0.21477,51.487489],[-0.214763,51.487491],[-0.214758,51.487493],[-0.214728,51.487503],[-0.214355,51.487571],[-0.214536,51.487669],[-0.214912,51.487873],[-0.214952,51.487825],[-0.214925,51.487791],[-0.214963,51.487778],[-0.214967,51.487777],[-0.214971,51.48778],[-0.21498,51.487791],[-0.21506,51.487898],[-0.215129,51.487989],[-0.215197,51.48808],[-0.215252,51.488153],[-0.215223,51.488161],[-0.215121,51.488191],[-0.215087,51.488198],[-0.214806,51.488249],[-0.214719,51.488226],[-0.21448,51.488385],[-0.214461,51.488397],[-0.214148,51.489027],[-0.213436,51.489126],[-0.21342,51.489125],[-0.212982,51.489096],[-0.212958,51.489059],[-0.212929,51.489015],[-0.212907,51.488981],[-0.21289,51.488956],[-0.212846,51.48889],[-0.212832,51.488867],[-0.212808,51.488831],[-0.212747,51.488739],[-0.212727,51.488708],[-0.212704,51.488674],[-0.212665,51.488615],[-0.212629,51.48856],[-0.212613,51.488534],[-0.212592,51.488503],[-0.212589,51.488498],[-0.212564,51.488461],[-0.212541,51.488425],[-0.212465,51.488309]]]}},{"type":"Feature","properties":{"LSOA21CD":"E01001893","LSOA21NM":"Hammersmith and Fulham 013A","MEAN_PTAL_":"6a","mean_AI":35.4177468734,"borough":"Hammersmith & Fulham"},"geometry":{"type":"Polygon","coordinates":[[[-0.224496,51.490182],[-0.224346,51.490075],[-0.224359,51.490071],[-0.224585,51.489993],[-0.224804,51.489917],[-0.224921,51.489876],[-0.224927,51.489874],[-0.224943,51.489869],[-0.225012,51.489914],[-0.225202,51.490043],[-0.225257,51.490031],[-0.225361,51.490047],[-0.225509,51.490104],[-0.225516,51.4901],[-0.225885,51.48992],[-0.22596,51.489938],[-0.225819,51.489801],[-0.225704,51.48969],[-0.225663,51.48965],[-0.225665,51.489635],[-0.225646,51.489634],[-0.225228,51.489623],[-0.225227,51.489635],[-0.22514,51.489661],[-0.225111,51.48967],[-0.225008,51.489713],[-0.224991,51.489718],[-0.224979,51.489722],[-0.224903,51.489648],[-0.22489,51.489635],[-0.224742,51.489493],[-0.224728,51.489479],[-0.224605,51.489361],[-0.224582,51.489339],[-0.224568,51.489325],[-0.224454,51.489216],[-0.224436,51.489199],[-0.22441,51.489173],[-0.224337,51.489204],[-0.22419,51.489055],[-0.224167,51.48903],[-0.224207,51.489],[-0.224217,51.488997],[-0.224339,51.488956],[-0.224347,51.488956],[-0.224352,51.488953],[-0.224356,51.488951],[-0.224452,51.488897],[-0.224456,51.488896],[-0.224537,51.488881],[-0.224729,51.489048],[-0.224807,51.489013],[-0.224828,51.489004],[-0.224835,51.489001],[-0.22494,51.488971],[-0.224958,51.488965],[-0.224987,51.488962],[-0.224998,51.488947],[-0.225001,51.488944],[-0.225012,51.48894],[-0.225038,51.488931],[-0.225101,51.488907],[-0.225163,51.488884],[-0.22524,51.488854],[-0.225259,51.488846],[-0.225288,51.488836],[-0.225346,51.488813],[-0.225424,51.488784],[-0.225589,51.488927],[-0.225592,51.488931],[-0.225588,51.488938],[-0.225748,51.489093],[-0.226023,51.489397],[-0.22609,51.489378],[-0.226252,51.489336],[-0.225922,51.489027],[-0.226039,51.488982],[-0.22613,51.489015],[-0.226136,51.48901],[-0.226347,51.48886],[-0.22636,51.488857],[-0.226368,51.488855],[-0.226394,51.488842],[-0.22641,51.488837],[-0.226445,51.488826],[-0.226457,51.488819],[-0.226463,51.488818],[-0.226496,51.488808],[-0.226524,51.488795],[-0.226536,51.488792],[-0.226543,51.488789],[-0.226581,51.488771],[-0.226586,51.48877],[-0.226592,51.488768],[-0.226601,51.488766],[-0.22662,51.488757],[-0.226648,51.488745],[-0.226684,51.488727],[-0.2267,51.488722],[-0.22672,51.488716],[-0.22675,51.4887],[-0.22677,51.488689],[-0.226773,51.488686],[-0.226824,51.488674],[-0.226869,51.488663],[-0.226894,51.48865],[-0.226896,51.488646],[-0.226896,51.488642],[-0.226895,51.488638],[-0.226837,51.488406],[-0.226832,51.488383],[-0.226876,51.48839],[-0.22688,51.488388],[-0.226933,51.488366],[-0.226902,51.488339],[-0.22684,51.488287],[-0.226822,51.488271],[-0.226805,51.488256],[-0.226763,51.488221],[-0.226698,51.488165],[-0.226571,51.488055],[-0.226553,51.48804],[-0.226538,51.488027],[-0.226374,51.487883],[-0.226361,51.487872],[-0.22639,51.48786],[-0.226546,51.487793],[-0.226633,51.487757],[-0.226663,51.487744],[-0.226672,51.48774],[-0.226681,51.487736],[-0.227069,51.487578],[-0.227074,51.487575],[-0.227514,51.487396],[-0.22806,51.48718],[-0.228614,51.486951],[-0.228651,51.486936],[-0.228656,51.486934],[-0.228697,51.486964],[-0.228746,51.487004],[-0.228769,51.487023],[-0.228862,51.487101],[-0.228883,51.487118],[-0.228958,51.48718],[-0.229005,51.487219],[-0.229099,51.487297],[-0.229103,51.4873],[-0.229112,51.487308],[-0.229248,51.48742],[-0.22927,51.487438],[-0.229287,51.487452],[-0.229329,51.487487],[-0.229359,51.487508],[-0.229445,51.487567],[-0.229482,51.487594],[-0.229917,51.487896],[-0.230063,51.487998],[-0.230072,51.488004],[-0.230153,51.48806],[-0.230227,51.488112],[-0.230236,51.488118],[-0.230247,51.488125],[-0.230349,51.48819],[-0.230397,51.488221],[-0.230238,51.488375],[-0.229782,51.488814],[-0.229285,51.48929],[-0.229126,51.489443],[-0.228982,51.489581],[-0.229005,51.489589],[-0.228985,51.489611],[-0.22891,51.489689],[-0.228792,51.489812],[-0.228759,51.489847],[-0.228734,51.489837],[-0.22872,51.489832],[-0.228584,51.489964],[-0.228546,51.490002],[-0.228512,51.490035],[-0.228486,51.490061],[-0.228425,51.490119],[-0.228417,51.490127],[-0.228372,51.490172],[-0.228319,51.490223],[-0.228296,51.490246],[-0.228225,51.490315],[-0.228121,51.490417],[-0.228106,51.490427],[-0.228003,51.490496],[-0.227958,51.490531],[-0.227938,51.490554],[-0.227913,51.490584],[-0.227866,51.490682],[-0.227792,51.490717],[-0.227789,51.490721],[-0.227483,51.491035],[-0.227447,51.491072],[-0.227435,51.491087],[-0.227402,51.491125],[-0.227399,51.491129],[-0.227357,51.491178],[-0.227256,51.491177],[-0.226656,51.491207],[-0.226303,51.491225],[-0.226087,51.491233],[-0.225835,51.491242],[-0.22577,51.491244],[-0.224861,51.491267],[-0.224919,51.491208],[-0.224966,51.49116],[-0.224981,51.491142],[-0.224996,51.491125],[-0.225056,51.491072],[-0.225191,51.490901],[-0.225196,51.490894],[-0.2253,51.490761],[-0.225321,51.490735],[-0.225375,51.490666],[-0.225495,51.490513],[-0.225438,51.490502],[-0.225466,51.490472],[-0.225485,51.490451],[-0.225328,51.490417],[-0.225054,51.490357],[-0.224934,51.490331],[-0.224806,51.490303],[-0.22478,51.490208],[-0.224534,51.490186],[-0.224496,51.490182]]]}},{"type":"Feature","properties":{"LSOA21CD":"E01001894","LSOA21NM":"Hammersmith and Fulham 013B","MEAN_PTAL_":"6a","mean_AI":29.4776048604,"borough":"Hammersmith & Fulham"},"geometry":{"type":"Polygon","coordinates":[[[-0.233669,51.494408],[-0.23364,51.494407],[-0.23355,51.49441],[-0.233584,51.494277],[-0.233583,51.494238],[-0.233556,51.494171],[-0.233536,51.494139],[-0.233499,51.4941],[-0.233469,51.494075],[-0.233439,51.494049],[-0.233346,51.493942],[-0.233293,51.493933],[-0.233215,51.493919],[-0.233101,51.493898],[-0.233019,51.493884],[-0.232977,51.493876],[-0.232927,51.493867],[-0.232911,51.493864],[-0.232886,51.49386],[-0.232697,51.493826],[-0.232642,51.493822],[-0.232583,51.493817],[-0.23219,51.493788],[-0.232064,51.493779],[-0.23186,51.493763],[-0.231585,51.493743],[-0.231562,51.493538],[-0.231562,51.493531],[-0.231562,51.493526],[-0.231562,51.49349],[-0.231562,51.493483],[-0.231567,51.49345],[-0.23157,51.493427],[-0.231573,51.493417],[-0.231573,51.493412],[-0.231572,51.493408],[-0.231565,51.493378],[-0.231564,51.493359],[-0.231564,51.493355],[-0.231561,51.493318],[-0.231566,51.493092],[-0.231501,51.493064],[-0.231472,51.493052],[-0.231287,51.493051],[-0.231235,51.493051],[-0.231231,51.49305],[-0.231224,51.493047],[-0.231213,51.493043],[-0.231046,51.492979],[-0.231027,51.492979],[-0.230649,51.49296],[-0.230629,51.492939],[-0.230623,51.492931],[-0.230613,51.492917],[-0.230556,51.492619],[-0.230546,51.492565],[-0.230545,51.492557],[-0.230483,51.492558],[-0.230069,51.492559],[-0.230035,51.492559],[-0.229637,51.492553],[-0.229611,51.492551],[-0.229455,51.492542],[-0.229436,51.492541],[-0.229041,51.492527],[-0.22899,51.492525],[-0.229,51.49227],[-0.229001,51.492259],[-0.229005,51.492257],[-0.229045,51.492231],[-0.229046,51.492207],[-0.229113,51.492134],[-0.229166,51.492078],[-0.229181,51.492069],[-0.229256,51.491971],[-0.229259,51.491968],[-0.229317,51.4919],[-0.22944,51.491925],[-0.22966,51.491969],[-0.229774,51.491988],[-0.230014,51.492031],[-0.230103,51.492048],[-0.230245,51.492073],[-0.23027,51.492078],[-0.230318,51.492086],[-0.230348,51.492051],[-0.230349,51.492039],[-0.23035,51.492015],[-0.230379,51.492006],[-0.230495,51.491981],[-0.230524,51.491964],[-0.230569,51.491928],[-0.23061,51.491833],[-0.230623,51.4918],[-0.230628,51.491788],[-0.230743,51.491517],[-0.230746,51.491454],[-0.230722,51.491368],[-0.230721,51.491364],[-0.230737,51.491363],[-0.231165,51.491346],[-0.231177,51.491336],[-0.231152,51.491294],[-0.231123,51.491247],[-0.231119,51.49124],[-0.23113,51.491037],[-0.229693,51.491124],[-0.229642,51.491127],[-0.229332,51.491145],[-0.229202,51.491158],[-0.229194,51.491159],[-0.2291,51.491169],[-0.229029,51.491178],[-0.229025,51.491081],[-0.228701,51.4911],[-0.228685,51.491101],[-0.228584,51.491107],[-0.228553,51.49116],[-0.228538,51.491175],[-0.228508,51.491205],[-0.228493,51.491223],[-0.22846,51.491242],[-0.228464,51.491254],[-0.228434,51.491258],[-0.228405,51.491266],[-0.228359,51.491273],[-0.227651,51.491381],[-0.227594,51.49138],[-0.227565,51.491379],[-0.227493,51.491378],[-0.227408,51.491341],[-0.22738,51.491323],[-0.227325,51.491268],[-0.227326,51.491241],[-0.227326,51.491232],[-0.227357,51.491178],[-0.227399,51.491129],[-0.227402,51.491125],[-0.227435,51.491087],[-0.227447,51.491072],[-0.227483,51.491035],[-0.227789,51.490721],[-0.227792,51.490717],[-0.227866,51.490682],[-0.227913,51.490584],[-0.227938,51.490554],[-0.227958,51.490531],[-0.228003,51.490496],[-0.228106,51.490427],[-0.228121,51.490417],[-0.228225,51.490315],[-0.228296,51.490246],[-0.228319,51.490223],[-0.228372,51.490172],[-0.228417,51.490127],[-0.228425,51.490119],[-0.228486,51.490061],[-0.228512,51.490035],[-0.228546,51.490002],[-0.228584,51.489964],[-0.22872,51.489832],[-0.228734,51.489837],[-0.228759,51.489847],[-0.228792,51.489812],[-0.22891,51.489689],[-0.228985,51.489611],[-0.229005,51.489589],[-0.228982,51.489581],[-0.229126,51.489443],[-0.229285,51.48929],[-0.229782,51.488814],[-0.230238,51.488375],[-0.230397,51.488221],[-0.230416,51.488233],[-0.230432,51.488243],[-0.230637,51.488363],[-0.230918,51.488514],[-0.23093,51.48852],[-0.230958,51.488535],[-0.231013,51.488561],[-0.231025,51.488567],[-0.231038,51.488573],[-0.231123,51.488613],[-0.231155,51.488628],[-0.231225,51.488662],[-0.231251,51.488674],[-0.231278,51.488685],[-0.2314,51.488735],[-0.231566,51.488803],[-0.231607,51.48882],[-0.231622,51.488825],[-0.23177,51.488878],[-0.23183,51.4889],[-0.23185,51.488907],[-0.231947,51.488939],[-0.232049,51.488972],[-0.232404,51.489088],[-0.23258,51.489146],[-0.232662,51.489173],[-0.233105,51.489318],[-0.233215,51.489354],[-0.23364,51.489493],[-0.23382,51.489528],[-0.23385,51.489534],[-0.233891,51.48954],[-0.234128,51.489574],[-0.234271,51.489589],[-0.234508,51.489601],[-0.234548,51.489603],[-0.234434,51.490185],[-0.23443,51.490203],[-0.234408,51.490318],[-0.234386,51.490429],[-0.234573,51.490706],[-0.234595,51.490738],[-0.234653,51.490824],[-0.23468,51.490884],[-0.234699,51.490945],[-0.234704,51.490993],[-0.234703,51.491017],[-0.234702,51.491053],[-0.234673,51.491147],[-0.234667,51.491167],[-0.234665,51.491176],[-0.234658,51.491207],[-0.23464,51.491286],[-0.234439,51.492171],[-0.234426,51.492225],[-0.234426,51.492228],[-0.234414,51.492279],[-0.234411,51.492292],[-0.234404,51.492325],[-0.234374,51.492456],[-0.234367,51.492487],[-0.234365,51.492494],[-0.234355,51.492539],[-0.23431,51.492734],[-0.234296,51.492799],[-0.234295,51.492803],[-0.234293,51.492809],[-0.234321,51.492813],[-0.234327,51.492813],[-0.234373,51.492819],[-0.234412,51.492824],[-0.234672,51.492857],[-0.234711,51.492861],[-0.234722,51.492863],[-0.234754,51.492867],[-0.234807,51.492873],[-0.234833,51.492877],[-0.234908,51.492886],[-0.234925,51.492888],[-0.234953,51.492892],[-0.234957,51.492892],[-0.234956,51.492901],[-0.234941,51.492974],[-0.234939,51.492985],[-0.234922,51.49307],[-0.234916,51.493101],[-0.234896,51.493203],[-0.234888,51.493245],[-0.234888,51.493248],[-0.234883,51.49327],[-0.234872,51.493325],[-0.234864,51.493366],[-0.234864,51.49337],[-0.23486,51.493386],[-0.234849,51.493442],[-0.234848,51.493448],[-0.234846,51.493461],[-0.234838,51.493503],[-0.234835,51.493515],[-0.234832,51.49353],[-0.234829,51.493546],[-0.234805,51.493668],[-0.234803,51.49368],[-0.234799,51.493701],[-0.234797,51.493709],[-0.234784,51.493778],[-0.234783,51.493782],[-0.234776,51.493814],[-0.234769,51.493853],[-0.234764,51.493875],[-0.234746,51.493937],[-0.234721,51.494023],[-0.23472,51.494026],[-0.2347,51.494095],[-0.234695,51.49411],[-0.234675,51.494179],[-0.234673,51.494186],[-0.23465,51.494263],[-0.234622,51.494359],[-0.2346,51.494432],[-0.234525,51.49443],[-0.234501,51.494429],[-0.234422,51.494427],[-0.234297,51.494424],[-0.234286,51.494423],[-0.234164,51.49442],[-0.234109,51.494419],[-0.234089,51.494418],[-0.233929,51.494414],[-0.233901,51.494414],[-0.233865,51.494413],[-0.233825,51.494412],[-0.233746,51.49441],[-0.233715,51.494409],[-0.233669,51.494408]]]}},{"type":"Feature","properties":{"LSOA21CD":"E01001895","LSOA21NM":"Hammersmith and Fulham 009A","MEAN_PTAL_":"3","mean_AI":13.5378572765,"borough":"Hammersmith & Fulham"},"geometry":{"type":"Polygon","coordinates":[[[-0.230418,51.50036],[-0.230385,51.500358],[-0.230347,51.50036],[-0.230323,51.500361],[-0.229915,51.500683],[-0.229904,51.500692],[-0.229899,51.500696],[-0.229757,51.500597],[-0.229235,51.500532],[-0.229101,51.500583],[-0.229086,51.500589],[-0.229079,51.500587],[-0.228994,51.500552],[-0.228908,51.500505],[-0.228804,51.500427],[-0.228789,51.500403],[-0.228777,51.500331],[-0.228762,51.500246],[-0.228741,51.500241],[-0.228736,51.500235],[-0.228721,51.500215],[-0.228641,51.500107],[-0.228636,51.500042],[-0.228724,51.499953],[-0.228725,51.49995],[-0.228755,51.499942],[-0.22883,51.499932],[-0.228835,51.499931],[-0.228876,51.499924],[-0.228895,51.499918],[-0.228983,51.499904],[-0.229032,51.499903],[-0.229158,51.499883],[-0.229164,51.499882],[-0.229181,51.499886],[-0.229203,51.499881],[-0.229238,51.499873],[-0.229334,51.499853],[-0.229363,51.49985],[-0.229418,51.499855],[-0.22949,51.499848],[-0.229524,51.49984],[-0.229567,51.499837],[-0.229589,51.499832],[-0.229604,51.499831],[-0.229645,51.499828],[-0.229677,51.499821],[-0.229755,51.499814],[-0.229767,51.499811],[-0.229801,51.499808],[-0.229841,51.4998],[-0.229943,51.499795],[-0.23004,51.499772],[-0.230068,51.499769],[-0.230081,51.499761],[-0.230118,51.499736],[-0.230186,51.49975],[-0.230192,51.499751],[-0.230225,51.499758],[-0.230274,51.499768],[-0.230414,51.49976],[-0.230503,51.499734],[-0.230578,51.499692],[-0.230601,51.499669],[-0.230604,51.499665],[-0.230695,51.499654],[-0.230732,51.499652],[-0.230803,51.499639],[-0.230812,51.499639],[-0.230822,51.499639],[-0.230857,51.499635],[-0.230878,51.49963],[-0.230882,51.499629],[-0.230919,51.499627],[-0.231077,51.49961],[-0.231143,51.499588],[-0.231147,51.499585],[-0.231264,51.499563],[-0.231274,51.499562],[-0.231304,51.499559],[-0.231337,51.499557],[-0.231385,51.499547],[-0.231401,51.499527],[-0.231424,51.499487],[-0.231433,51.499416],[-0.23143,51.499386],[-0.231422,51.499375],[-0.231406,51.49935],[-0.231277,51.499234],[-0.231272,51.499231],[-0.231282,51.499227],[-0.231333,51.499167],[-0.231431,51.499105],[-0.23143,51.499052],[-0.231389,51.499002],[-0.231323,51.498986],[-0.231318,51.498983],[-0.231265,51.49896],[-0.23121,51.498926],[-0.23128,51.498847],[-0.231296,51.498818],[-0.231283,51.498773],[-0.23125,51.498733],[-0.231122,51.498682],[-0.231102,51.498668],[-0.231122,51.498649],[-0.231051,51.498658],[-0.230992,51.498666],[-0.23088,51.49868],[-0.230768,51.498694],[-0.230767,51.49868],[-0.230793,51.498665],[-0.230785,51.498645],[-0.230763,51.498591],[-0.230756,51.498447],[-0.230736,51.498035],[-0.230733,51.497959],[-0.230731,51.497927],[-0.230727,51.49784],[-0.230725,51.4978],[-0.230722,51.497738],[-0.23072,51.497701],[-0.230718,51.497653],[-0.230717,51.49762],[-0.230702,51.497305],[-0.230688,51.497029],[-0.230708,51.49703],[-0.230914,51.49704],[-0.231092,51.497049],[-0.231103,51.49705],[-0.231466,51.497069],[-0.231475,51.497067],[-0.23155,51.497061],[-0.231552,51.49704],[-0.231613,51.497019],[-0.23162,51.497017],[-0.231684,51.497067],[-0.231689,51.497071],[-0.231765,51.497131],[-0.231784,51.497146],[-0.231836,51.497157],[-0.231861,51.497136],[-0.231861,51.497132],[-0.231863,51.497087],[-0.231859,51.497074],[-0.231845,51.497037],[-0.231717,51.496964],[-0.231735,51.49692],[-0.231926,51.496914],[-0.231926,51.496916],[-0.231927,51.49692],[-0.232136,51.496919],[-0.232178,51.496919],[-0.232301,51.496918],[-0.232329,51.496918],[-0.232377,51.496917],[-0.232579,51.496916],[-0.232584,51.496916],[-0.23263,51.496916],[-0.23263,51.496919],[-0.232629,51.496969],[-0.232628,51.496994],[-0.232627,51.497018],[-0.232626,51.497037],[-0.232626,51.497057],[-0.232626,51.497063],[-0.232624,51.497107],[-0.232623,51.497148],[-0.232623,51.497154],[-0.232621,51.497188],[-0.232621,51.497202],[-0.23262,51.49722],[-0.23262,51.497229],[-0.23262,51.497233],[-0.232619,51.497248],[-0.232618,51.497283],[-0.232618,51.497287],[-0.232618,51.497295],[-0.232617,51.497316],[-0.232617,51.497323],[-0.232617,51.497328],[-0.232616,51.497331],[-0.232616,51.497341],[-0.232615,51.497364],[-0.232615,51.497368],[-0.232614,51.49741],[-0.232613,51.497427],[-0.232613,51.497443],[-0.232612,51.497454],[-0.232612,51.497474],[-0.232611,51.497479],[-0.232611,51.49749],[-0.232611,51.497494],[-0.23261,51.49751],[-0.232609,51.49754],[-0.232609,51.497543],[-0.232609,51.497547],[-0.232609,51.497552],[-0.232608,51.497568],[-0.232606,51.497584],[-0.232604,51.497601],[-0.232603,51.497616],[-0.232602,51.497626],[-0.232602,51.497633],[-0.232598,51.497673],[-0.232598,51.497676],[-0.232596,51.497699],[-0.232595,51.497703],[-0.232594,51.497723],[-0.232593,51.49773],[-0.23259,51.497768],[-0.232589,51.497779],[-0.232588,51.497787],[-0.232587,51.497798],[-0.232586,51.49781],[-0.232585,51.49782],[-0.232584,51.497826],[-0.232584,51.497833],[-0.232581,51.497866],[-0.232579,51.497889],[-0.232578,51.497893],[-0.232575,51.497934],[-0.232573,51.497952],[-0.232573,51.497955],[-0.232571,51.497973],[-0.232571,51.49798],[-0.232569,51.497993],[-0.232569,51.498001],[-0.232568,51.498014],[-0.232571,51.498041],[-0.232573,51.49806],[-0.232574,51.498066],[-0.232574,51.498069],[-0.232575,51.498078],[-0.232578,51.498105],[-0.232581,51.498127],[-0.232583,51.49815],[-0.232584,51.498155],[-0.232585,51.498168],[-0.232586,51.498173],[-0.232589,51.498198],[-0.232591,51.498216],[-0.232592,51.498225],[-0.232594,51.498239],[-0.232594,51.498245],[-0.232595,51.49825],[-0.232598,51.498276],[-0.232599,51.498281],[-0.232602,51.498314],[-0.232604,51.498327],[-0.232606,51.498346],[-0.23261,51.49838],[-0.232611,51.49839],[-0.232612,51.498393],[-0.232615,51.49842],[-0.232616,51.498425],[-0.232621,51.49844],[-0.232624,51.49845],[-0.232626,51.498457],[-0.232626,51.49846],[-0.23263,51.498472],[-0.232637,51.498498],[-0.232642,51.498515],[-0.232643,51.498518],[-0.232648,51.498536],[-0.232651,51.498545],[-0.232652,51.49855],[-0.232661,51.498581],[-0.232665,51.498593],[-0.232666,51.498596],[-0.232667,51.4986],[-0.232679,51.498642],[-0.23268,51.498645],[-0.232686,51.49866],[-0.232691,51.498672],[-0.232693,51.498678],[-0.232695,51.498681],[-0.232715,51.498732],[-0.232716,51.498736],[-0.232718,51.49874],[-0.232723,51.498753],[-0.232731,51.498773],[-0.232734,51.498781],[-0.232745,51.49881],[-0.232753,51.49883],[-0.23276,51.498846],[-0.232761,51.498849],[-0.232763,51.498854],[-0.232789,51.498927],[-0.232792,51.498934],[-0.23281,51.498983],[-0.232865,51.498975],[-0.232959,51.49897],[-0.232984,51.499038],[-0.233024,51.499143],[-0.233027,51.499152],[-0.233036,51.499175],[-0.233052,51.499218],[-0.23306,51.499239],[-0.233069,51.499262],[-0.233074,51.499274],[-0.233093,51.499321],[-0.233107,51.499343],[-0.233261,51.499589],[-0.23331,51.499667],[-0.23334,51.499717],[-0.233363,51.499754],[-0.233524,51.500021],[-0.233552,51.500067],[-0.233558,51.500077],[-0.233607,51.500158],[-0.233616,51.500173],[-0.233646,51.500222],[-0.23365,51.500229],[-0.233461,51.500296],[-0.233437,51.500304],[-0.233396,51.500318],[-0.233332,51.500341],[-0.233234,51.500376],[-0.233063,51.500436],[-0.232954,51.500475],[-0.232938,51.50048],[-0.232487,51.500628],[-0.232465,51.500635],[-0.232441,51.500643],[-0.232411,51.500653],[-0.232403,51.500656],[-0.232413,51.500673],[-0.232439,51.500717],[-0.232467,51.500765],[-0.232565,51.500931],[-0.232674,51.501116],[-0.232688,51.501141],[-0.232632,51.50116],[-0.232569,51.501181],[-0.232401,51.501236],[-0.232331,51.501258],[-0.232242,51.501288],[-0.232199,51.501302],[-0.232173,51.50131],[-0.232112,51.50133],[-0.232051,51.501351],[-0.23199,51.50137],[-0.231914,51.501396],[-0.231883,51.501406],[-0.231839,51.501414],[-0.231797,51.501423],[-0.23173,51.501436],[-0.231718,51.501438],[-0.231552,51.501471],[-0.231466,51.501488],[-0.231354,51.50151],[-0.23134,51.501513],[-0.231286,51.501524],[-0.231166,51.501548],[-0.231038,51.501573],[-0.231014,51.501578],[-0.230998,51.501581],[-0.230916,51.501597],[-0.230874,51.501605],[-0.230801,51.50162],[-0.230748,51.50163],[-0.230727,51.501634],[-0.230694,51.501641],[-0.230526,51.501674],[-0.230423,51.501695],[-0.230332,51.501713],[-0.230244,51.50173],[-0.230225,51.501734],[-0.230139,51.501751],[-0.230101,51.501759],[-0.230042,51.50177],[-0.230025,51.501773],[-0.229894,51.501799],[-0.229829,51.501812],[-0.229804,51.501817],[-0.229708,51.501836],[-0.229631,51.501851],[-0.22961,51.501856],[-0.22957,51.501864],[-0.229423,51.501893],[-0.229405,51.501896],[-0.229236,51.50193],[-0.229055,51.501963],[-0.229012,51.501971],[-0.228955,51.501982],[-0.228894,51.501993],[-0.228844,51.502002],[-0.228812,51.501938],[-0.22896,51.501908],[-0.229123,51.501876],[-0.229475,51.501435],[-0.230219,51.501321],[-0.230209,51.501298],[-0.230174,51.501217],[-0.230164,51.501193],[-0.230125,51.501103],[-0.230114,51.501076],[-0.230099,51.501048],[-0.230028,51.500906],[-0.230029,51.500897],[-0.230033,51.500896],[-0.230525,51.500674],[-0.230482,51.500548],[-0.230418,51.50036]]]}},{"type":"Feature","properties":{"LSOA21CD":"E01001896","LSOA21NM":"Hammersmith and Fulham 009B","MEAN_PTAL_":"4","mean_AI":17.693738597,"borough":"Hammersmith & Fulham"},"geometry":{"type":"Polygon","coordinates":[[[-0.226405,51.500648],[-0.226401,51.500632],[-0.226388,51.500571],[-0.226383,51.500552],[-0.226382,51.500545],[-0.226368,51.500485],[-0.226357,51.500433],[-0.226356,51.500429],[-0.226337,51.500344],[-0.226334,51.500332],[-0.226322,51.500277],[-0.226321,51.500273],[-0.226313,51.500239],[-0.226296,51.500161],[-0.226294,51.500152],[-0.226293,51.500148],[-0.226292,51.500143],[-0.226278,51.500082],[-0.226277,51.500076],[-0.226259,51.499995],[-0.226258,51.49999],[-0.22624,51.499911],[-0.226239,51.499907],[-0.22622,51.499822],[-0.226219,51.499816],[-0.226196,51.499714],[-0.226195,51.49971],[-0.226177,51.499631],[-0.226176,51.499623],[-0.226153,51.499517],[-0.22615,51.499503],[-0.226149,51.499501],[-0.226137,51.499445],[-0.226136,51.499439],[-0.22613,51.499413],[-0.226129,51.499406],[-0.226123,51.499379],[-0.226091,51.49923],[-0.226089,51.499222],[-0.226073,51.499149],[-0.226073,51.499146],[-0.226071,51.499137],[-0.226069,51.499128],[-0.226053,51.499052],[-0.226047,51.499026],[-0.22604,51.498992],[-0.226039,51.498987],[-0.226035,51.498971],[-0.226032,51.498958],[-0.226032,51.498955],[-0.226027,51.498935],[-0.22602,51.498901],[-0.226013,51.49887],[-0.225995,51.498787],[-0.225993,51.498776],[-0.225991,51.498769],[-0.225985,51.49874],[-0.225981,51.498721],[-0.225979,51.498711],[-0.225976,51.498697],[-0.225961,51.498626],[-0.225941,51.498533],[-0.225921,51.498443],[-0.225914,51.498408],[-0.225906,51.498372],[-0.225902,51.498351],[-0.225784,51.497801],[-0.226104,51.49783],[-0.226437,51.497885],[-0.226495,51.4979],[-0.226598,51.497925],[-0.226606,51.497927],[-0.226767,51.497976],[-0.226803,51.49799],[-0.226814,51.497994],[-0.226859,51.498012],[-0.226993,51.498084],[-0.227015,51.498095],[-0.227017,51.498101],[-0.227446,51.498044],[-0.227463,51.498042],[-0.227491,51.498121],[-0.227511,51.498181],[-0.227524,51.49822],[-0.227542,51.498276],[-0.227562,51.498273],[-0.227978,51.498212],[-0.228023,51.498206],[-0.228048,51.498209],[-0.227998,51.49834],[-0.228011,51.498382],[-0.228014,51.498392],[-0.228061,51.498443],[-0.228133,51.498487],[-0.228128,51.49851],[-0.228127,51.498513],[-0.228129,51.498527],[-0.228134,51.498536],[-0.228157,51.498578],[-0.228162,51.498602],[-0.228179,51.498633],[-0.228181,51.49865],[-0.228187,51.49866],[-0.228191,51.498668],[-0.228195,51.498687],[-0.228199,51.498702],[-0.228223,51.498742],[-0.228226,51.498762],[-0.228234,51.498779],[-0.228239,51.498809],[-0.228242,51.498815],[-0.228251,51.498835],[-0.228254,51.498851],[-0.228256,51.498862],[-0.228275,51.498898],[-0.228279,51.498914],[-0.228293,51.498941],[-0.228298,51.498976],[-0.2283,51.498987],[-0.228314,51.499013],[-0.228315,51.499019],[-0.22833,51.499048],[-0.228332,51.499057],[-0.228338,51.49909],[-0.228348,51.49911],[-0.22835,51.499118],[-0.228353,51.499131],[-0.228368,51.499156],[-0.228371,51.499174],[-0.228394,51.499219],[-0.228397,51.499235],[-0.228409,51.499257],[-0.228418,51.499273],[-0.22844,51.499315],[-0.228447,51.499346],[-0.228465,51.499382],[-0.228443,51.499402],[-0.228435,51.499409],[-0.228414,51.499445],[-0.228408,51.499454],[-0.228398,51.499511],[-0.228401,51.499518],[-0.228419,51.499567],[-0.228531,51.499676],[-0.228352,51.4997],[-0.228207,51.499719],[-0.228122,51.499731],[-0.228047,51.499741],[-0.228056,51.499766],[-0.228061,51.499771],[-0.228061,51.499779],[-0.228072,51.49981],[-0.228109,51.499918],[-0.228116,51.499938],[-0.22812,51.499943],[-0.228153,51.499979],[-0.228166,51.499975],[-0.228193,51.499965],[-0.228528,51.49983],[-0.228639,51.499916],[-0.228705,51.499944],[-0.228725,51.49995],[-0.228724,51.499953],[-0.228636,51.500042],[-0.228641,51.500107],[-0.228721,51.500215],[-0.228736,51.500235],[-0.228741,51.500241],[-0.228762,51.500246],[-0.228777,51.500331],[-0.228789,51.500403],[-0.228804,51.500427],[-0.228908,51.500505],[-0.228994,51.500552],[-0.229079,51.500587],[-0.229086,51.500589],[-0.229101,51.500583],[-0.229235,51.500532],[-0.229757,51.500597],[-0.229899,51.500696],[-0.229904,51.500692],[-0.229915,51.500683],[-0.230323,51.500361],[-0.230347,51.50036],[-0.230385,51.500358],[-0.230418,51.50036],[-0.230482,51.500548],[-0.230525,51.500674],[-0.230033,51.500896],[-0.230029,51.500897],[-0.230028,51.500906],[-0.230099,51.501048],[-0.230114,51.501076],[-0.230125,51.501103],[-0.230164,51.501193],[-0.230174,51.501217],[-0.230209,51.501298],[-0.230219,51.501321],[-0.229475,51.501435],[-0.229123,51.501876],[-0.22896,51.501908],[-0.228812,51.501938],[-0.228844,51.502002],[-0.22848,51.50207],[-0.22844,51.502077],[-0.228434,51.502078],[-0.228346,51.502094],[-0.228333,51.502097],[-0.228262,51.50211],[-0.228164,51.502128],[-0.228024,51.502154],[-0.228005,51.502158],[-0.227983,51.502162],[-0.227937,51.50217],[-0.227929,51.502172],[-0.227882,51.50218],[-0.227735,51.502208],[-0.227693,51.502216],[-0.227688,51.502216],[-0.227653,51.502223],[-0.227644,51.502225],[-0.227639,51.502226],[-0.227604,51.502232],[-0.227583,51.502236],[-0.227547,51.502243],[-0.227502,51.502251],[-0.227482,51.502255],[-0.227457,51.502259],[-0.227304,51.502287],[-0.227287,51.502291],[-0.227228,51.502302],[-0.227187,51.502309],[-0.227095,51.502326],[-0.226905,51.502361],[-0.22683,51.502375],[-0.226759,51.502389],[-0.226747,51.502391],[-0.226746,51.502385],[-0.226713,51.502189],[-0.226688,51.502047],[-0.226686,51.502037],[-0.226657,51.501868],[-0.226654,51.501853],[-0.226648,51.501816],[-0.226644,51.501793],[-0.226637,51.501755],[-0.226637,51.501751],[-0.226615,51.501625],[-0.226604,51.50156],[-0.2266,51.501541],[-0.226596,51.501515],[-0.226593,51.501495],[-0.226589,51.501476],[-0.226581,51.501439],[-0.226579,51.501431],[-0.226564,51.501361],[-0.226552,51.501309],[-0.226542,51.501264],[-0.226536,51.501237],[-0.226518,51.501154],[-0.22651,51.501119],[-0.226506,51.501101],[-0.226481,51.50099],[-0.226457,51.50088],[-0.226455,51.500872],[-0.22644,51.500805],[-0.226436,51.500786],[-0.226424,51.500735],[-0.226405,51.500648]]]}},{"type":"Feature","properties":{"LSOA21CD":"E01001897","LSOA21NM":"Hammersmith and Fulham 009C","MEAN_PTAL_":"5","mean_AI":22.9860765188,"borough":"Hammersmith & Fulham"},"geometry":{"type":"Polygon","coordinates":[[[-0.228109,51.499918],[-0.228072,51.49981],[-0.228061,51.499779],[-0.228061,51.499771],[-0.228056,51.499766],[-0.228047,51.499741],[-0.228122,51.499731],[-0.228207,51.499719],[-0.228352,51.4997],[-0.228531,51.499676],[-0.228419,51.499567],[-0.228401,51.499518],[-0.228398,51.499511],[-0.228408,51.499454],[-0.228414,51.499445],[-0.228435,51.499409],[-0.228443,51.499402],[-0.228465,51.499382],[-0.228447,51.499346],[-0.22844,51.499315],[-0.228418,51.499273],[-0.228409,51.499257],[-0.228397,51.499235],[-0.228394,51.499219],[-0.228371,51.499174],[-0.228368,51.499156],[-0.228353,51.499131],[-0.22835,51.499118],[-0.228348,51.49911],[-0.228338,51.49909],[-0.228332,51.499057],[-0.22833,51.499048],[-0.228315,51.499019],[-0.228314,51.499013],[-0.2283,51.498987],[-0.228298,51.498976],[-0.228293,51.498941],[-0.228279,51.498914],[-0.228275,51.498898],[-0.228256,51.498862],[-0.228254,51.498851],[-0.228251,51.498835],[-0.228242,51.498815],[-0.228239,51.498809],[-0.228234,51.498779],[-0.228226,51.498762],[-0.228223,51.498742],[-0.228199,51.498702],[-0.228195,51.498687],[-0.228191,51.498668],[-0.228187,51.49866],[-0.228181,51.49865],[-0.228179,51.498633],[-0.228162,51.498602],[-0.228157,51.498578],[-0.228134,51.498536],[-0.228129,51.498527],[-0.228127,51.498513],[-0.228128,51.49851],[-0.228133,51.498487],[-0.228061,51.498443],[-0.228014,51.498392],[-0.228011,51.498382],[-0.227998,51.49834],[-0.228048,51.498209],[-0.228023,51.498206],[-0.227978,51.498212],[-0.227973,51.498198],[-0.227918,51.49819],[-0.227823,51.497983],[-0.22792,51.497924],[-0.227903,51.497854],[-0.227892,51.497834],[-0.227886,51.49781],[-0.227878,51.497796],[-0.227876,51.497787],[-0.227871,51.497764],[-0.227858,51.49774],[-0.227855,51.497724],[-0.22783,51.497672],[-0.22783,51.497667],[-0.227814,51.497636],[-0.227811,51.497615],[-0.227798,51.497589],[-0.227798,51.497586],[-0.227795,51.497569],[-0.227783,51.497543],[-0.227783,51.497532],[-0.227762,51.497477],[-0.227762,51.497449],[-0.22771,51.49743],[-0.227636,51.497384],[-0.227595,51.497314],[-0.227581,51.497219],[-0.227556,51.497194],[-0.227729,51.497173],[-0.227732,51.497176],[-0.227739,51.497175],[-0.227804,51.497164],[-0.227872,51.497156],[-0.22799,51.497142],[-0.228034,51.497137],[-0.228051,51.497135],[-0.228052,51.497139],[-0.228064,51.497137],[-0.228235,51.49711],[-0.228243,51.497106],[-0.22828,51.4971],[-0.228295,51.497098],[-0.228302,51.497099],[-0.228307,51.497099],[-0.228573,51.497058],[-0.228884,51.49701],[-0.228899,51.497008],[-0.228907,51.497004],[-0.228918,51.497002],[-0.22893,51.497],[-0.228936,51.496999],[-0.229223,51.496952],[-0.229178,51.496853],[-0.229183,51.496833],[-0.229165,51.496802],[-0.229167,51.496773],[-0.229168,51.496768],[-0.229162,51.496759],[-0.229158,51.496725],[-0.229145,51.496707],[-0.229142,51.496674],[-0.229129,51.496657],[-0.229124,51.496615],[-0.229119,51.496609],[-0.229113,51.496564],[-0.229104,51.496551],[-0.229101,51.496516],[-0.229099,51.496499],[-0.229088,51.496481],[-0.229088,51.496474],[-0.229076,51.496424],[-0.229064,51.496409],[-0.22905,51.496371],[-0.22905,51.496357],[-0.229045,51.496347],[-0.229042,51.496317],[-0.22902,51.496277],[-0.229017,51.496243],[-0.229015,51.49624],[-0.229007,51.496191],[-0.229,51.496178],[-0.228998,51.496166],[-0.228976,51.496126],[-0.228973,51.49611],[-0.228976,51.496088],[-0.228963,51.496047],[-0.228965,51.496035],[-0.22896,51.496023],[-0.228958,51.496013],[-0.228951,51.495974],[-0.228951,51.495956],[-0.228946,51.495941],[-0.228946,51.495933],[-0.22893,51.495887],[-0.228928,51.495853],[-0.22892,51.495838],[-0.228918,51.495821],[-0.228919,51.495812],[-0.228903,51.495747],[-0.228909,51.495743],[-0.228915,51.495739],[-0.228982,51.495676],[-0.228999,51.495628],[-0.229001,51.495623],[-0.228999,51.4956],[-0.228909,51.495482],[-0.228907,51.495478],[-0.228899,51.495476],[-0.228878,51.49547],[-0.228869,51.495468],[-0.228831,51.495459],[-0.22882,51.495456],[-0.228807,51.495295],[-0.228762,51.495245],[-0.228746,51.495225],[-0.228744,51.49522],[-0.22872,51.495155],[-0.228719,51.495138],[-0.228703,51.495104],[-0.228696,51.49507],[-0.228696,51.495062],[-0.228692,51.495049],[-0.22869,51.495019],[-0.228674,51.494982],[-0.228664,51.494904],[-0.228676,51.494816],[-0.2286,51.494798],[-0.228592,51.494796],[-0.228514,51.494777],[-0.228413,51.494753],[-0.228284,51.494722],[-0.22827,51.494696],[-0.228269,51.494693],[-0.228198,51.494524],[-0.228147,51.4944],[-0.228145,51.494396],[-0.228312,51.494395],[-0.228327,51.494394],[-0.228413,51.494398],[-0.228528,51.494404],[-0.228557,51.494405],[-0.228607,51.494407],[-0.228614,51.494408],[-0.228993,51.494427],[-0.229103,51.494433],[-0.229228,51.494435],[-0.229249,51.494435],[-0.229384,51.494437],[-0.229405,51.494438],[-0.229483,51.494443],[-0.22954,51.494447],[-0.229564,51.494449],[-0.229635,51.494459],[-0.229765,51.494461],[-0.230161,51.494467],[-0.230293,51.494469],[-0.230288,51.494479],[-0.230245,51.494562],[-0.230245,51.494567],[-0.230222,51.494606],[-0.23021,51.494625],[-0.230153,51.494695],[-0.230094,51.494751],[-0.230051,51.494784],[-0.230055,51.494831],[-0.230053,51.494903],[-0.23005,51.494921],[-0.230105,51.494949],[-0.230498,51.495153],[-0.230502,51.495155],[-0.230505,51.495168],[-0.230567,51.495506],[-0.23056,51.495525],[-0.230448,51.495825],[-0.230426,51.49584],[-0.229973,51.495854],[-0.230139,51.495959],[-0.2302,51.495991],[-0.230199,51.496001],[-0.230207,51.496109],[-0.23021,51.496144],[-0.230211,51.496152],[-0.230212,51.49616],[-0.230231,51.496228],[-0.230283,51.496254],[-0.230383,51.496298],[-0.230462,51.496325],[-0.230589,51.496415],[-0.230738,51.496506],[-0.230751,51.496515],[-0.230781,51.496533],[-0.230899,51.496598],[-0.230957,51.496631],[-0.231005,51.496651],[-0.231047,51.496686],[-0.231113,51.496719],[-0.231183,51.496748],[-0.23127,51.49677],[-0.231298,51.496774],[-0.231339,51.496774],[-0.231381,51.496795],[-0.231509,51.496842],[-0.231653,51.496838],[-0.231675,51.496738],[-0.231704,51.496741],[-0.231715,51.496743],[-0.231868,51.496761],[-0.231906,51.496754],[-0.231912,51.496804],[-0.231914,51.496814],[-0.231923,51.496891],[-0.231926,51.496914],[-0.231735,51.49692],[-0.231717,51.496964],[-0.231845,51.497037],[-0.231859,51.497074],[-0.231863,51.497087],[-0.231861,51.497132],[-0.231861,51.497136],[-0.231836,51.497157],[-0.231784,51.497146],[-0.231765,51.497131],[-0.231689,51.497071],[-0.231684,51.497067],[-0.23162,51.497017],[-0.231613,51.497019],[-0.231552,51.49704],[-0.23155,51.497061],[-0.231475,51.497067],[-0.231466,51.497069],[-0.231103,51.49705],[-0.231092,51.497049],[-0.230914,51.49704],[-0.230708,51.49703],[-0.230688,51.497029],[-0.230702,51.497305],[-0.230717,51.49762],[-0.230718,51.497653],[-0.23072,51.497701],[-0.230722,51.497738],[-0.230725,51.4978],[-0.230727,51.49784],[-0.230731,51.497927],[-0.230733,51.497959],[-0.230736,51.498035],[-0.230756,51.498447],[-0.230763,51.498591],[-0.230785,51.498645],[-0.230793,51.498665],[-0.230767,51.49868],[-0.230768,51.498694],[-0.23088,51.49868],[-0.230992,51.498666],[-0.231051,51.498658],[-0.231122,51.498649],[-0.231102,51.498668],[-0.231122,51.498682],[-0.23125,51.498733],[-0.231283,51.498773],[-0.231296,51.498818],[-0.23128,51.498847],[-0.23121,51.498926],[-0.231265,51.49896],[-0.231318,51.498983],[-0.231323,51.498986],[-0.231389,51.499002],[-0.23143,51.499052],[-0.231431,51.499105],[-0.231333,51.499167],[-0.231282,51.499227],[-0.231272,51.499231],[-0.231277,51.499234],[-0.231406,51.49935],[-0.231422,51.499375],[-0.23143,51.499386],[-0.231433,51.499416],[-0.231424,51.499487],[-0.231401,51.499527],[-0.231385,51.499547],[-0.231337,51.499557],[-0.231304,51.499559],[-0.231274,51.499562],[-0.231264,51.499563],[-0.231147,51.499585],[-0.231143,51.499588],[-0.231077,51.49961],[-0.230919,51.499627],[-0.230882,51.499629],[-0.230878,51.49963],[-0.230857,51.499635],[-0.230822,51.499639],[-0.230812,51.499639],[-0.230803,51.499639],[-0.230732,51.499652],[-0.230695,51.499654],[-0.230604,51.499665],[-0.230601,51.499669],[-0.230578,51.499692],[-0.230503,51.499734],[-0.230414,51.49976],[-0.230274,51.499768],[-0.230225,51.499758],[-0.230192,51.499751],[-0.230186,51.49975],[-0.230118,51.499736],[-0.230081,51.499761],[-0.230068,51.499769],[-0.23004,51.499772],[-0.229943,51.499795],[-0.229841,51.4998],[-0.229801,51.499808],[-0.229767,51.499811],[-0.229755,51.499814],[-0.229677,51.499821],[-0.229645,51.499828],[-0.229604,51.499831],[-0.229589,51.499832],[-0.229567,51.499837],[-0.229524,51.49984],[-0.22949,51.499848],[-0.229418,51.499855],[-0.229363,51.49985],[-0.229334,51.499853],[-0.229238,51.499873],[-0.229203,51.499881],[-0.229181,51.499886],[-0.229164,51.499882],[-0.229158,51.499883],[-0.229032,51.499903],[-0.228983,51.499904],[-0.228895,51.499918],[-0.228876,51.499924],[-0.228835,51.499931],[-0.22883,51.499932],[-0.228755,51.499942],[-0.228725,51.49995],[-0.228705,51.499944],[-0.228639,51.499916],[-0.228528,51.49983],[-0.228193,51.499965],[-0.228166,51.499975],[-0.228153,51.499979],[-0.22812,51.499943],[-0.228116,51.499938],[-0.228109,51.499918]]]}},{"type":"Feature","properties":{"LSOA21CD":"E01001898","LSOA21NM":"Hammersmith and Fulham 013C","MEAN_PTAL_":"6a","mean_AI":38.2643235514,"borough":"Hammersmith & Fulham"},"geometry":{"type":"Polygon","coordinates":[[[-0.227491,51.498121],[-0.227463,51.498042],[-0.227446,51.498044],[-0.227017,51.498101],[-0.227015,51.498095],[-0.226993,51.498084],[-0.226859,51.498012],[-0.226814,51.497994],[-0.226803,51.49799],[-0.226767,51.497976],[-0.226606,51.497927],[-0.226598,51.497925],[-0.226495,51.4979],[-0.226437,51.497885],[-0.226104,51.49783],[-0.225784,51.497801],[-0.225783,51.497797],[-0.225768,51.497729],[-0.225761,51.497696],[-0.225739,51.497596],[-0.225727,51.49754],[-0.225711,51.497465],[-0.225698,51.497403],[-0.225689,51.497361],[-0.225674,51.497289],[-0.225671,51.497279],[-0.225662,51.497233],[-0.225641,51.497132],[-0.225633,51.497091],[-0.225632,51.497088],[-0.225623,51.497043],[-0.225622,51.497037],[-0.225603,51.496944],[-0.2256,51.496931],[-0.225592,51.496893],[-0.225583,51.496848],[-0.225575,51.496806],[-0.225548,51.496674],[-0.225543,51.496644],[-0.225319,51.495396],[-0.224268,51.495409],[-0.224093,51.495411],[-0.223949,51.495413],[-0.223919,51.495413],[-0.223935,51.495212],[-0.223943,51.4951],[-0.223955,51.494947],[-0.22394,51.494947],[-0.223868,51.494944],[-0.223718,51.494939],[-0.223469,51.494929],[-0.223228,51.494903],[-0.223123,51.494891],[-0.222802,51.494859],[-0.222798,51.494859],[-0.222788,51.494858],[-0.222656,51.49484],[-0.222609,51.494854],[-0.222603,51.494856],[-0.222551,51.49485],[-0.222506,51.494887],[-0.222234,51.494879],[-0.222194,51.494877],[-0.222124,51.494886],[-0.222117,51.494935],[-0.222111,51.494984],[-0.221933,51.494971],[-0.221756,51.494957],[-0.22166,51.494945],[-0.221661,51.494939],[-0.221665,51.494915],[-0.22167,51.494884],[-0.221684,51.494793],[-0.221685,51.494782],[-0.221691,51.494741],[-0.221693,51.49473],[-0.221696,51.494712],[-0.221573,51.494702],[-0.221537,51.494699],[-0.221523,51.494698],[-0.221438,51.494691],[-0.221414,51.494689],[-0.221401,51.494688],[-0.221381,51.494686],[-0.221363,51.494685],[-0.221211,51.494672],[-0.221194,51.494819],[-0.221193,51.494826],[-0.221193,51.494831],[-0.221187,51.494882],[-0.221186,51.494886],[-0.221185,51.494899],[-0.221109,51.494898],[-0.221101,51.494897],[-0.221068,51.494897],[-0.221041,51.494896],[-0.220968,51.494894],[-0.220951,51.494894],[-0.220896,51.494893],[-0.220891,51.494893],[-0.220838,51.494891],[-0.220832,51.494891],[-0.220807,51.494891],[-0.220788,51.49489],[-0.22075,51.494888],[-0.220726,51.494886],[-0.220637,51.494882],[-0.220626,51.494881],[-0.220601,51.49488],[-0.220586,51.494879],[-0.220562,51.494878],[-0.220473,51.494874],[-0.220433,51.494872],[-0.220427,51.494871],[-0.220423,51.494871],[-0.220303,51.494865],[-0.220289,51.494864],[-0.220292,51.494855],[-0.220298,51.494841],[-0.220319,51.494785],[-0.220328,51.494761],[-0.220346,51.494712],[-0.220388,51.4946],[-0.220388,51.494593],[-0.220388,51.494581],[-0.220389,51.494558],[-0.22039,51.49454],[-0.220397,51.494415],[-0.220398,51.494408],[-0.220398,51.494404],[-0.220399,51.494387],[-0.220401,51.494352],[-0.220403,51.494321],[-0.220404,51.49431],[-0.220406,51.494275],[-0.220406,51.49427],[-0.220409,51.494232],[-0.220409,51.49423],[-0.220411,51.494193],[-0.220411,51.494189],[-0.220414,51.494136],[-0.220417,51.494095],[-0.220418,51.494084],[-0.220421,51.494026],[-0.220425,51.49397],[-0.220426,51.493953],[-0.220429,51.493894],[-0.220431,51.493866],[-0.220435,51.493796],[-0.220438,51.493749],[-0.220435,51.493714],[-0.220432,51.493667],[-0.220432,51.493631],[-0.22043,51.493204],[-0.22043,51.493163],[-0.22043,51.493152],[-0.2202,51.493186],[-0.220048,51.493208],[-0.219991,51.493217],[-0.219961,51.493221],[-0.219734,51.493222],[-0.219728,51.493222],[-0.21954,51.493223],[-0.21945,51.493223],[-0.219381,51.493224],[-0.219373,51.493075],[-0.219369,51.493004],[-0.219352,51.492703],[-0.219348,51.492622],[-0.219295,51.492366],[-0.219293,51.492356],[-0.219282,51.492306],[-0.21928,51.492295],[-0.219275,51.492271],[-0.219273,51.492248],[-0.219272,51.492235],[-0.21927,51.492207],[-0.219268,51.49218],[-0.219265,51.492135],[-0.219264,51.492112],[-0.219263,51.492106],[-0.219261,51.492071],[-0.21926,51.492067],[-0.219257,51.492022],[-0.219257,51.492018],[-0.219256,51.492004],[-0.219255,51.491951],[-0.219254,51.491872],[-0.219253,51.491856],[-0.219252,51.491798],[-0.21925,51.491659],[-0.219266,51.491553],[-0.219275,51.491496],[-0.219279,51.491466],[-0.21929,51.491394],[-0.219291,51.491364],[-0.219541,51.491393],[-0.219598,51.491403],[-0.219941,51.491408],[-0.220001,51.491409],[-0.220163,51.491408],[-0.220545,51.491405],[-0.220808,51.491403],[-0.221053,51.491398],[-0.221126,51.491372],[-0.221156,51.491345],[-0.221157,51.491318],[-0.221167,51.491318],[-0.221301,51.491312],[-0.221316,51.491321],[-0.22137,51.491402],[-0.221543,51.491405],[-0.221545,51.491403],[-0.221662,51.491316],[-0.221721,51.491273],[-0.221792,51.491283],[-0.222079,51.491314],[-0.222208,51.491325],[-0.222395,51.491346],[-0.222412,51.491346],[-0.222481,51.491347],[-0.222727,51.491333],[-0.223089,51.491331],[-0.223119,51.491304],[-0.223578,51.491292],[-0.223577,51.491328],[-0.223599,51.491328],[-0.223836,51.491323],[-0.224006,51.491326],[-0.224139,51.491328],[-0.224208,51.491335],[-0.22434,51.491349],[-0.224397,51.491358],[-0.224539,51.491397],[-0.2247,51.491336],[-0.224743,51.49133],[-0.224816,51.49132],[-0.224826,51.491302],[-0.224825,51.491267],[-0.224861,51.491267],[-0.22577,51.491244],[-0.225835,51.491242],[-0.226087,51.491233],[-0.226303,51.491225],[-0.226656,51.491207],[-0.227256,51.491177],[-0.227357,51.491178],[-0.227326,51.491232],[-0.227326,51.491241],[-0.227279,51.491267],[-0.227015,51.491461],[-0.226767,51.491602],[-0.226743,51.491616],[-0.226278,51.491881],[-0.226276,51.49201],[-0.226375,51.492133],[-0.226559,51.492361],[-0.226513,51.492809],[-0.226513,51.492813],[-0.226078,51.49286],[-0.225793,51.492891],[-0.225832,51.492981],[-0.225853,51.493072],[-0.225895,51.49326],[-0.225906,51.493306],[-0.225987,51.493433],[-0.225992,51.493449],[-0.226,51.493478],[-0.225999,51.493505],[-0.225983,51.493549],[-0.225997,51.493555],[-0.226044,51.493573],[-0.226181,51.493625],[-0.226216,51.493634],[-0.226459,51.493634],[-0.226673,51.493673],[-0.226933,51.493668],[-0.227223,51.493663],[-0.227249,51.493662],[-0.227709,51.493653],[-0.227742,51.493653],[-0.227816,51.493654],[-0.228703,51.493659],[-0.229296,51.493663],[-0.229591,51.493665],[-0.229588,51.493638],[-0.229619,51.493639],[-0.229642,51.493759],[-0.22965,51.493803],[-0.229683,51.493983],[-0.229737,51.494296],[-0.229738,51.494307],[-0.229752,51.494385],[-0.229765,51.494461],[-0.229635,51.494459],[-0.229564,51.494449],[-0.22954,51.494447],[-0.229483,51.494443],[-0.229405,51.494438],[-0.229384,51.494437],[-0.229249,51.494435],[-0.229228,51.494435],[-0.229103,51.494433],[-0.228993,51.494427],[-0.228614,51.494408],[-0.228607,51.494407],[-0.228557,51.494405],[-0.228528,51.494404],[-0.228413,51.494398],[-0.228327,51.494394],[-0.228312,51.494395],[-0.228145,51.494396],[-0.228147,51.4944],[-0.228198,51.494524],[-0.228269,51.494693],[-0.22827,51.494696],[-0.228284,51.494722],[-0.228413,51.494753],[-0.228514,51.494777],[-0.228592,51.494796],[-0.2286,51.494798],[-0.228676,51.494816],[-0.228664,51.494904],[-0.228674,51.494982],[-0.22869,51.495019],[-0.228692,51.495049],[-0.228696,51.495062],[-0.228696,51.49507],[-0.228703,51.495104],[-0.228719,51.495138],[-0.22872,51.495155],[-0.228744,51.49522],[-0.228746,51.495225],[-0.228762,51.495245],[-0.228807,51.495295],[-0.22882,51.495456],[-0.228831,51.495459],[-0.228869,51.495468],[-0.228878,51.49547],[-0.228899,51.495476],[-0.228907,51.495478],[-0.228909,51.495482],[-0.228999,51.4956],[-0.229001,51.495623],[-0.228999,51.495628],[-0.228982,51.495676],[-0.228915,51.495739],[-0.228909,51.495743],[-0.228903,51.495747],[-0.228919,51.495812],[-0.228918,51.495821],[-0.22892,51.495838],[-0.228928,51.495853],[-0.22893,51.495887],[-0.228946,51.495933],[-0.228946,51.495941],[-0.228951,51.495956],[-0.228951,51.495974],[-0.228958,51.496013],[-0.22896,51.496023],[-0.228965,51.496035],[-0.228963,51.496047],[-0.228976,51.496088],[-0.228973,51.49611],[-0.228976,51.496126],[-0.228998,51.496166],[-0.229,51.496178],[-0.229007,51.496191],[-0.229015,51.49624],[-0.229017,51.496243],[-0.22902,51.496277],[-0.229042,51.496317],[-0.229045,51.496347],[-0.22905,51.496357],[-0.22905,51.496371],[-0.229064,51.496409],[-0.229076,51.496424],[-0.229088,51.496474],[-0.229088,51.496481],[-0.229099,51.496499],[-0.229101,51.496516],[-0.229104,51.496551],[-0.229113,51.496564],[-0.229119,51.496609],[-0.229124,51.496615],[-0.229129,51.496657],[-0.229142,51.496674],[-0.229145,51.496707],[-0.229158,51.496725],[-0.229162,51.496759],[-0.229168,51.496768],[-0.229167,51.496773],[-0.229165,51.496802],[-0.229183,51.496833],[-0.229178,51.496853],[-0.229223,51.496952],[-0.228936,51.496999],[-0.22893,51.497],[-0.228918,51.497002],[-0.228907,51.497004],[-0.228899,51.497008],[-0.228884,51.49701],[-0.228573,51.497058],[-0.228307,51.497099],[-0.228302,51.497099],[-0.228295,51.497098],[-0.22828,51.4971],[-0.228243,51.497106],[-0.228235,51.49711],[-0.228064,51.497137],[-0.228052,51.497139],[-0.228051,51.497135],[-0.228034,51.497137],[-0.22799,51.497142],[-0.227872,51.497156],[-0.227804,51.497164],[-0.227739,51.497175],[-0.227732,51.497176],[-0.227729,51.497173],[-0.227556,51.497194],[-0.227581,51.497219],[-0.227595,51.497314],[-0.227636,51.497384],[-0.22771,51.49743],[-0.227762,51.497449],[-0.227762,51.497477],[-0.227783,51.497532],[-0.227783,51.497543],[-0.227795,51.497569],[-0.227798,51.497586],[-0.227798,51.497589],[-0.227811,51.497615],[-0.227814,51.497636],[-0.22783,51.497667],[-0.22783,51.497672],[-0.227855,51.497724],[-0.227858,51.49774],[-0.227871,51.497764],[-0.227876,51.497787],[-0.227878,51.497796],[-0.227886,51.49781],[-0.227892,51.497834],[-0.227903,51.497854],[-0.22792,51.497924],[-0.227823,51.497983],[-0.227918,51.49819],[-0.227973,51.498198],[-0.227978,51.498212],[-0.227562,51.498273],[-0.227542,51.498276],[-0.227524,51.49822],[-0.227511,51.498181],[-0.227491,51.498121]]]}},{"type":"Feature","properties":{"LSOA21CD":"E01001899","LSOA21NM":"Hammersmith and Fulham 013D","MEAN_PTAL_":"6a","mean_AI":34.6873139885,"borough":"Hammersmith & Fulham"},"geometry":{"type":"Polygon","coordinates":[[[-0.231381,51.496795],[-0.231339,51.496774],[-0.231298,51.496774],[-0.23127,51.49677],[-0.231183,51.496748],[-0.231113,51.496719],[-0.231047,51.496686],[-0.231005,51.496651],[-0.230957,51.496631],[-0.230899,51.496598],[-0.230781,51.496533],[-0.230751,51.496515],[-0.230738,51.496506],[-0.230589,51.496415],[-0.230462,51.496325],[-0.230383,51.496298],[-0.230283,51.496254],[-0.230231,51.496228],[-0.230212,51.49616],[-0.230211,51.496152],[-0.23021,51.496144],[-0.230207,51.496109],[-0.230199,51.496001],[-0.2302,51.495991],[-0.230139,51.495959],[-0.229973,51.495854],[-0.230426,51.49584],[-0.230448,51.495825],[-0.23056,51.495525],[-0.230567,51.495506],[-0.230505,51.495168],[-0.230502,51.495155],[-0.230498,51.495153],[-0.230105,51.494949],[-0.23005,51.494921],[-0.230053,51.494903],[-0.230055,51.494831],[-0.230051,51.494784],[-0.230094,51.494751],[-0.230153,51.494695],[-0.23021,51.494625],[-0.230222,51.494606],[-0.230245,51.494567],[-0.230245,51.494562],[-0.230288,51.494479],[-0.230293,51.494469],[-0.230161,51.494467],[-0.229765,51.494461],[-0.229752,51.494385],[-0.229738,51.494307],[-0.229737,51.494296],[-0.229683,51.493983],[-0.22965,51.493803],[-0.229642,51.493759],[-0.229619,51.493639],[-0.229588,51.493638],[-0.229591,51.493665],[-0.229296,51.493663],[-0.228703,51.493659],[-0.227816,51.493654],[-0.227742,51.493653],[-0.227709,51.493653],[-0.227249,51.493662],[-0.227223,51.493663],[-0.226933,51.493668],[-0.226673,51.493673],[-0.226459,51.493634],[-0.226216,51.493634],[-0.226181,51.493625],[-0.226044,51.493573],[-0.225997,51.493555],[-0.225983,51.493549],[-0.225999,51.493505],[-0.226,51.493478],[-0.225992,51.493449],[-0.225987,51.493433],[-0.225906,51.493306],[-0.225895,51.49326],[-0.225853,51.493072],[-0.225832,51.492981],[-0.225793,51.492891],[-0.226078,51.49286],[-0.226513,51.492813],[-0.226513,51.492809],[-0.226559,51.492361],[-0.226375,51.492133],[-0.226276,51.49201],[-0.226278,51.491881],[-0.226743,51.491616],[-0.226767,51.491602],[-0.227015,51.491461],[-0.227279,51.491267],[-0.227326,51.491241],[-0.227325,51.491268],[-0.22738,51.491323],[-0.227408,51.491341],[-0.227493,51.491378],[-0.227565,51.491379],[-0.227594,51.49138],[-0.227651,51.491381],[-0.228359,51.491273],[-0.228405,51.491266],[-0.228434,51.491258],[-0.228464,51.491254],[-0.22846,51.491242],[-0.228493,51.491223],[-0.228508,51.491205],[-0.228538,51.491175],[-0.228553,51.49116],[-0.228584,51.491107],[-0.228685,51.491101],[-0.228701,51.4911],[-0.229025,51.491081],[-0.229029,51.491178],[-0.2291,51.491169],[-0.229194,51.491159],[-0.229202,51.491158],[-0.229332,51.491145],[-0.229642,51.491127],[-0.229693,51.491124],[-0.23113,51.491037],[-0.231119,51.49124],[-0.231123,51.491247],[-0.231152,51.491294],[-0.231177,51.491336],[-0.231165,51.491346],[-0.230737,51.491363],[-0.230721,51.491364],[-0.230722,51.491368],[-0.230746,51.491454],[-0.230743,51.491517],[-0.230628,51.491788],[-0.230623,51.4918],[-0.23061,51.491833],[-0.230569,51.491928],[-0.230524,51.491964],[-0.230495,51.491981],[-0.230379,51.492006],[-0.23035,51.492015],[-0.230349,51.492039],[-0.230348,51.492051],[-0.230318,51.492086],[-0.23027,51.492078],[-0.230245,51.492073],[-0.230103,51.492048],[-0.230014,51.492031],[-0.229774,51.491988],[-0.22966,51.491969],[-0.22944,51.491925],[-0.229317,51.4919],[-0.229259,51.491968],[-0.229256,51.491971],[-0.229181,51.492069],[-0.229166,51.492078],[-0.229113,51.492134],[-0.229046,51.492207],[-0.229045,51.492231],[-0.229005,51.492257],[-0.229001,51.492259],[-0.229,51.49227],[-0.22899,51.492525],[-0.229041,51.492527],[-0.229436,51.492541],[-0.229455,51.492542],[-0.229611,51.492551],[-0.229637,51.492553],[-0.230035,51.492559],[-0.230069,51.492559],[-0.230483,51.492558],[-0.230545,51.492557],[-0.230546,51.492565],[-0.230556,51.492619],[-0.230613,51.492917],[-0.230623,51.492931],[-0.230629,51.492939],[-0.230649,51.49296],[-0.231027,51.492979],[-0.231046,51.492979],[-0.231213,51.493043],[-0.231224,51.493047],[-0.231231,51.49305],[-0.231235,51.493051],[-0.231287,51.493051],[-0.231472,51.493052],[-0.231501,51.493064],[-0.231566,51.493092],[-0.231561,51.493318],[-0.231564,51.493355],[-0.231564,51.493359],[-0.231565,51.493378],[-0.231572,51.493408],[-0.231573,51.493412],[-0.231573,51.493417],[-0.23157,51.493427],[-0.231567,51.49345],[-0.231562,51.493483],[-0.231562,51.49349],[-0.231562,51.493526],[-0.231562,51.493531],[-0.231562,51.493538],[-0.231585,51.493743],[-0.23186,51.493763],[-0.232064,51.493779],[-0.23219,51.493788],[-0.232583,51.493817],[-0.232642,51.493822],[-0.232697,51.493826],[-0.232886,51.49386],[-0.232911,51.493864],[-0.232927,51.493867],[-0.232977,51.493876],[-0.233019,51.493884],[-0.233101,51.493898],[-0.233215,51.493919],[-0.233293,51.493933],[-0.233346,51.493942],[-0.233439,51.494049],[-0.233469,51.494075],[-0.233499,51.4941],[-0.233536,51.494139],[-0.233556,51.494171],[-0.233583,51.494238],[-0.233584,51.494277],[-0.23355,51.49441],[-0.233449,51.494413],[-0.233398,51.494414],[-0.233308,51.494417],[-0.233298,51.494417],[-0.233291,51.494417],[-0.233275,51.494418],[-0.233258,51.494418],[-0.233231,51.494419],[-0.233226,51.494419],[-0.233194,51.49442],[-0.233184,51.49442],[-0.233136,51.494422],[-0.233116,51.494422],[-0.233017,51.494425],[-0.233007,51.494426],[-0.232934,51.494428],[-0.232863,51.49443],[-0.232857,51.49443],[-0.232814,51.494431],[-0.232755,51.494433],[-0.232683,51.494435],[-0.232678,51.494435],[-0.232665,51.494435],[-0.232626,51.494437],[-0.232555,51.494439],[-0.232486,51.494441],[-0.232476,51.494441],[-0.232415,51.494443],[-0.232379,51.494444],[-0.23234,51.494445],[-0.232308,51.494446],[-0.232237,51.494448],[-0.232199,51.494449],[-0.232175,51.49445],[-0.232165,51.49445],[-0.232138,51.494451],[-0.232091,51.494452],[-0.231997,51.494455],[-0.23191,51.494457],[-0.231876,51.494458],[-0.231791,51.494459],[-0.231773,51.494459],[-0.231615,51.494461],[-0.231574,51.494462],[-0.231562,51.494462],[-0.231417,51.494464],[-0.231418,51.494477],[-0.231427,51.494545],[-0.231427,51.49455],[-0.231438,51.494634],[-0.23144,51.494655],[-0.231454,51.494762],[-0.231486,51.494762],[-0.231679,51.494759],[-0.231681,51.494778],[-0.231682,51.494781],[-0.231687,51.494819],[-0.231688,51.494826],[-0.231693,51.494867],[-0.231694,51.494876],[-0.231697,51.494897],[-0.2317,51.494922],[-0.231703,51.494941],[-0.231709,51.494985],[-0.23171,51.494996],[-0.231713,51.495016],[-0.231713,51.49502],[-0.231715,51.495062],[-0.231715,51.495071],[-0.231716,51.495085],[-0.231715,51.495097],[-0.231715,51.495105],[-0.231715,51.495119],[-0.231714,51.495147],[-0.231723,51.495205],[-0.231725,51.495217],[-0.231728,51.495238],[-0.231743,51.495336],[-0.231744,51.495342],[-0.231751,51.495385],[-0.231752,51.495391],[-0.231753,51.495398],[-0.231757,51.495427],[-0.231758,51.495434],[-0.231764,51.495466],[-0.231768,51.495494],[-0.231768,51.495505],[-0.231771,51.49556],[-0.231773,51.495602],[-0.231775,51.495644],[-0.231777,51.495688],[-0.231778,51.495703],[-0.231781,51.495729],[-0.231784,51.495752],[-0.231786,51.49577],[-0.231788,51.495786],[-0.231788,51.495789],[-0.231791,51.495814],[-0.231792,51.495818],[-0.231793,51.495824],[-0.231798,51.49587],[-0.231801,51.495893],[-0.231802,51.495898],[-0.231806,51.495936],[-0.231807,51.495944],[-0.231808,51.495953],[-0.231813,51.49599],[-0.231814,51.495999],[-0.231816,51.496019],[-0.231818,51.496031],[-0.231819,51.496039],[-0.23182,51.49605],[-0.231825,51.496089],[-0.231825,51.496093],[-0.231826,51.496098],[-0.23183,51.496131],[-0.231831,51.496138],[-0.231832,51.496149],[-0.23184,51.496212],[-0.231841,51.496219],[-0.231846,51.496259],[-0.231848,51.496275],[-0.231851,51.496303],[-0.231855,51.496332],[-0.231856,51.496342],[-0.231858,51.496355],[-0.231861,51.496387],[-0.231863,51.496404],[-0.231865,51.496416],[-0.231867,51.496432],[-0.23187,51.496458],[-0.231872,51.496473],[-0.231872,51.496476],[-0.231873,51.496484],[-0.231877,51.496515],[-0.231879,51.49653],[-0.231881,51.496544],[-0.231882,51.496554],[-0.231883,51.49656],[-0.231883,51.496566],[-0.231887,51.496599],[-0.231893,51.496649],[-0.231894,51.496656],[-0.231896,51.496672],[-0.231899,51.496693],[-0.231902,51.496723],[-0.231903,51.496728],[-0.231905,51.496746],[-0.231906,51.49675],[-0.231906,51.496754],[-0.231868,51.496761],[-0.231715,51.496743],[-0.231704,51.496741],[-0.231675,51.496738],[-0.231653,51.496838],[-0.231509,51.496842],[-0.231381,51.496795]]]}},{"type":"Feature","properties":{"LSOA21CD":"E01001900","LSOA21NM":"Hammersmith and Fulham 013E","MEAN_PTAL_":"6a","mean_AI":37.7967808149,"borough":"Hammersmith & Fulham"},"geometry":{"type":"Polygon","coordinates":[[[-0.219294,51.491291],[-0.219295,51.491265],[-0.219296,51.491243],[-0.219221,51.491233],[-0.219098,51.491216],[-0.219018,51.491205],[-0.218849,51.491181],[-0.218807,51.491176],[-0.218706,51.491162],[-0.218625,51.491151],[-0.218554,51.491141],[-0.218451,51.491116],[-0.218411,51.491107],[-0.218381,51.4911],[-0.218348,51.491092],[-0.218328,51.491087],[-0.218257,51.49107],[-0.218237,51.491066],[-0.217887,51.490983],[-0.217517,51.490895],[-0.217517,51.490872],[-0.217517,51.49084],[-0.217517,51.490771],[-0.217516,51.490685],[-0.217516,51.490576],[-0.217516,51.490461],[-0.217518,51.490418],[-0.217524,51.490258],[-0.217527,51.490173],[-0.217527,51.490164],[-0.217571,51.490151],[-0.217657,51.490128],[-0.217725,51.49011],[-0.217818,51.490085],[-0.217853,51.490076],[-0.217924,51.490057],[-0.217984,51.49004],[-0.218056,51.490021],[-0.218126,51.490002],[-0.218197,51.489983],[-0.218205,51.489981],[-0.21827,51.489964],[-0.218338,51.489945],[-0.218395,51.48993],[-0.21843,51.489921],[-0.218438,51.489919],[-0.218494,51.489921],[-0.218506,51.489922],[-0.218539,51.489923],[-0.218578,51.489924],[-0.218631,51.489926],[-0.21864,51.489927],[-0.218654,51.489927],[-0.218701,51.489929],[-0.218688,51.489916],[-0.218642,51.48987],[-0.218545,51.489773],[-0.218494,51.489721],[-0.218472,51.489699],[-0.218544,51.489674],[-0.218549,51.489673],[-0.218609,51.489653],[-0.218651,51.489638],[-0.21866,51.489635],[-0.218705,51.48962],[-0.218828,51.489745],[-0.218852,51.489769],[-0.218917,51.489835],[-0.218941,51.489826],[-0.218954,51.489821],[-0.21903,51.489792],[-0.219042,51.489788],[-0.219192,51.489732],[-0.219216,51.489723],[-0.219268,51.489703],[-0.219283,51.489698],[-0.219292,51.489694],[-0.219363,51.489667],[-0.219392,51.489656],[-0.219463,51.48963],[-0.219515,51.48961],[-0.219621,51.489571],[-0.219445,51.489375],[-0.219544,51.489339],[-0.219553,51.489336],[-0.219589,51.489323],[-0.219614,51.489313],[-0.219664,51.489295],[-0.219689,51.489286],[-0.219699,51.489282],[-0.219737,51.489268],[-0.219769,51.489256],[-0.219782,51.489252],[-0.219791,51.489249],[-0.219848,51.489231],[-0.219864,51.489225],[-0.219886,51.489218],[-0.219895,51.489215],[-0.219929,51.489205],[-0.219984,51.489187],[-0.219996,51.489183],[-0.220045,51.489167],[-0.220071,51.489159],[-0.220134,51.489139],[-0.220146,51.489135],[-0.22019,51.489121],[-0.220194,51.489119],[-0.220258,51.489099],[-0.220275,51.489093],[-0.220305,51.489084],[-0.220317,51.48908],[-0.220385,51.489058],[-0.220433,51.489043],[-0.220457,51.489035],[-0.220501,51.489021],[-0.220506,51.489019],[-0.220571,51.488998],[-0.220628,51.48898],[-0.220648,51.488973],[-0.220692,51.488959],[-0.220705,51.488955],[-0.220757,51.488938],[-0.220764,51.488936],[-0.220827,51.488916],[-0.220836,51.488913],[-0.22088,51.488899],[-0.220938,51.48888],[-0.220949,51.488877],[-0.221022,51.488853],[-0.221082,51.488834],[-0.22109,51.488831],[-0.22116,51.488809],[-0.221166,51.488807],[-0.221245,51.488783],[-0.221251,51.488781],[-0.221288,51.48877],[-0.22132,51.488761],[-0.22137,51.488745],[-0.221378,51.488743],[-0.221443,51.488724],[-0.221505,51.488705],[-0.221509,51.488703],[-0.221546,51.488692],[-0.22159,51.488679],[-0.221632,51.488666],[-0.221643,51.488663],[-0.221673,51.488654],[-0.221694,51.488648],[-0.221744,51.488633],[-0.22176,51.488628],[-0.221797,51.488617],[-0.221817,51.488611],[-0.221862,51.488597],[-0.221894,51.488588],[-0.221951,51.48857],[-0.222022,51.488549],[-0.22203,51.488546],[-0.222043,51.488543],[-0.222081,51.488531],[-0.222133,51.488515],[-0.222137,51.488514],[-0.222221,51.488489],[-0.222311,51.488626],[-0.222365,51.488708],[-0.222368,51.488714],[-0.222376,51.488726],[-0.222422,51.488717],[-0.222427,51.488716],[-0.222497,51.488703],[-0.22255,51.488693],[-0.222761,51.488653],[-0.222778,51.488649],[-0.222795,51.488696],[-0.222809,51.488736],[-0.222814,51.488751],[-0.222815,51.488753],[-0.222826,51.488785],[-0.222839,51.488819],[-0.222847,51.488842],[-0.222859,51.488875],[-0.222874,51.48892],[-0.222902,51.488998],[-0.222905,51.489007],[-0.222923,51.489057],[-0.222924,51.489061],[-0.222928,51.489072],[-0.222981,51.48922],[-0.222982,51.489223],[-0.222993,51.489219],[-0.223141,51.489162],[-0.22318,51.489147],[-0.223225,51.48913],[-0.223516,51.489019],[-0.223523,51.489016],[-0.223643,51.48897],[-0.223775,51.48892],[-0.223795,51.488912],[-0.223803,51.488909],[-0.223839,51.488895],[-0.223904,51.488871],[-0.223917,51.488866],[-0.224031,51.488822],[-0.224037,51.48882],[-0.224146,51.488778],[-0.224149,51.488777],[-0.224265,51.488732],[-0.224267,51.488732],[-0.224281,51.488726],[-0.224299,51.48872],[-0.224401,51.48868],[-0.224408,51.488678],[-0.224531,51.488631],[-0.224547,51.488625],[-0.22465,51.488585],[-0.224691,51.48857],[-0.224785,51.488534],[-0.22493,51.488478],[-0.224941,51.488474],[-0.225013,51.488443],[-0.22503,51.488436],[-0.225107,51.488404],[-0.225123,51.488397],[-0.225161,51.488381],[-0.225194,51.488367],[-0.225213,51.488359],[-0.225326,51.488311],[-0.225334,51.488308],[-0.225499,51.488237],[-0.225506,51.488234],[-0.225689,51.488157],[-0.225694,51.488155],[-0.225704,51.488151],[-0.225722,51.488143],[-0.225799,51.48811],[-0.225827,51.488098],[-0.225848,51.48809],[-0.225922,51.488058],[-0.225933,51.488053],[-0.22603,51.488012],[-0.226038,51.488009],[-0.226048,51.488005],[-0.22634,51.487881],[-0.226361,51.487872],[-0.226374,51.487883],[-0.226538,51.488027],[-0.226553,51.48804],[-0.226571,51.488055],[-0.226698,51.488165],[-0.226763,51.488221],[-0.226805,51.488256],[-0.226822,51.488271],[-0.22684,51.488287],[-0.226902,51.488339],[-0.226933,51.488366],[-0.22688,51.488388],[-0.226876,51.48839],[-0.226832,51.488383],[-0.226837,51.488406],[-0.226895,51.488638],[-0.226896,51.488642],[-0.226896,51.488646],[-0.226894,51.48865],[-0.226869,51.488663],[-0.226824,51.488674],[-0.226773,51.488686],[-0.22677,51.488689],[-0.22675,51.4887],[-0.22672,51.488716],[-0.2267,51.488722],[-0.226684,51.488727],[-0.226648,51.488745],[-0.22662,51.488757],[-0.226601,51.488766],[-0.226592,51.488768],[-0.226586,51.48877],[-0.226581,51.488771],[-0.226543,51.488789],[-0.226536,51.488792],[-0.226524,51.488795],[-0.226496,51.488808],[-0.226463,51.488818],[-0.226457,51.488819],[-0.226445,51.488826],[-0.22641,51.488837],[-0.226394,51.488842],[-0.226368,51.488855],[-0.22636,51.488857],[-0.226347,51.48886],[-0.226136,51.48901],[-0.22613,51.489015],[-0.226039,51.488982],[-0.225922,51.489027],[-0.226252,51.489336],[-0.22609,51.489378],[-0.226023,51.489397],[-0.225748,51.489093],[-0.225588,51.488938],[-0.225592,51.488931],[-0.225589,51.488927],[-0.225424,51.488784],[-0.225346,51.488813],[-0.225288,51.488836],[-0.225259,51.488846],[-0.22524,51.488854],[-0.225163,51.488884],[-0.225101,51.488907],[-0.225038,51.488931],[-0.225012,51.48894],[-0.225001,51.488944],[-0.224998,51.488947],[-0.224987,51.488962],[-0.224958,51.488965],[-0.22494,51.488971],[-0.224835,51.489001],[-0.224828,51.489004],[-0.224807,51.489013],[-0.224729,51.489048],[-0.224537,51.488881],[-0.224456,51.488896],[-0.224452,51.488897],[-0.224356,51.488951],[-0.224352,51.488953],[-0.224347,51.488956],[-0.224339,51.488956],[-0.224217,51.488997],[-0.224207,51.489],[-0.224167,51.48903],[-0.22419,51.489055],[-0.224337,51.489204],[-0.22441,51.489173],[-0.224436,51.489199],[-0.224454,51.489216],[-0.224568,51.489325],[-0.224582,51.489339],[-0.224605,51.489361],[-0.224728,51.489479],[-0.224742,51.489493],[-0.22489,51.489635],[-0.224903,51.489648],[-0.224979,51.489722],[-0.224991,51.489718],[-0.225008,51.489713],[-0.225111,51.48967],[-0.22514,51.489661],[-0.225227,51.489635],[-0.225228,51.489623],[-0.225646,51.489634],[-0.225665,51.489635],[-0.225663,51.48965],[-0.225704,51.48969],[-0.225819,51.489801],[-0.22596,51.489938],[-0.225885,51.48992],[-0.225516,51.4901],[-0.225509,51.490104],[-0.225361,51.490047],[-0.225257,51.490031],[-0.225202,51.490043],[-0.225012,51.489914],[-0.224943,51.489869],[-0.224927,51.489874],[-0.224921,51.489876],[-0.224804,51.489917],[-0.224585,51.489993],[-0.224359,51.490071],[-0.224346,51.490075],[-0.224496,51.490182],[-0.224534,51.490186],[-0.22478,51.490208],[-0.224806,51.490303],[-0.224934,51.490331],[-0.225054,51.490357],[-0.225328,51.490417],[-0.225485,51.490451],[-0.225466,51.490472],[-0.225438,51.490502],[-0.225495,51.490513],[-0.225375,51.490666],[-0.225321,51.490735],[-0.2253,51.490761],[-0.225196,51.490894],[-0.225191,51.490901],[-0.225056,51.491072],[-0.224996,51.491125],[-0.224981,51.491142],[-0.224966,51.49116],[-0.224919,51.491208],[-0.224861,51.491267],[-0.224825,51.491267],[-0.224826,51.491302],[-0.224816,51.49132],[-0.224743,51.49133],[-0.2247,51.491336],[-0.224539,51.491397],[-0.224397,51.491358],[-0.22434,51.491349],[-0.224208,51.491335],[-0.224139,51.491328],[-0.224006,51.491326],[-0.223836,51.491323],[-0.223599,51.491328],[-0.223577,51.491328],[-0.223578,51.491292],[-0.223119,51.491304],[-0.223089,51.491331],[-0.222727,51.491333],[-0.222481,51.491347],[-0.222412,51.491346],[-0.222395,51.491346],[-0.222208,51.491325],[-0.222079,51.491314],[-0.221792,51.491283],[-0.221721,51.491273],[-0.221662,51.491316],[-0.221545,51.491403],[-0.221543,51.491405],[-0.22137,51.491402],[-0.221316,51.491321],[-0.221301,51.491312],[-0.221167,51.491318],[-0.221157,51.491318],[-0.221156,51.491345],[-0.221126,51.491372],[-0.221053,51.491398],[-0.220808,51.491403],[-0.220545,51.491405],[-0.220163,51.491408],[-0.220001,51.491409],[-0.219941,51.491408],[-0.219598,51.491403],[-0.219541,51.491393],[-0.219291,51.491364],[-0.219294,51.491291]]]}},{"type":"Feature","properties":{"LSOA21CD":"E01001901","LSOA21NM":"Hammersmith and Fulham 019B","MEAN_PTAL_":"3","mean_AI":10.4117797204,"borough":"Hammersmith & Fulham"},"geometry":{"type":"Polygon","coordinates":[[[-0.204615,51.480041],[-0.204565,51.479994],[-0.204561,51.479991],[-0.20453,51.479962],[-0.204495,51.479929],[-0.204455,51.479892],[-0.204438,51.479877],[-0.204434,51.479873],[-0.204419,51.479859],[-0.204389,51.479831],[-0.204382,51.479824],[-0.204367,51.479812],[-0.204326,51.479779],[-0.204319,51.479774],[-0.204314,51.479769],[-0.204259,51.479725],[-0.204229,51.479701],[-0.204199,51.479677],[-0.20416,51.479645],[-0.204156,51.479642],[-0.204144,51.479632],[-0.204109,51.479604],[-0.2041,51.479597],[-0.204054,51.479559],[-0.204045,51.479552],[-0.204007,51.479522],[-0.20396,51.479484],[-0.20393,51.479459],[-0.203917,51.479449],[-0.203903,51.479438],[-0.203687,51.479265],[-0.203751,51.479226],[-0.203841,51.479171],[-0.20385,51.479165],[-0.203874,51.479151],[-0.203917,51.479124],[-0.203972,51.479093],[-0.203982,51.479088],[-0.203993,51.479082],[-0.204045,51.479053],[-0.204049,51.479051],[-0.204114,51.479015],[-0.204185,51.478975],[-0.204209,51.478962],[-0.204216,51.478958],[-0.204225,51.478953],[-0.204251,51.478938],[-0.204285,51.47892],[-0.204299,51.478912],[-0.204341,51.478888],[-0.204389,51.478862],[-0.204413,51.478848],[-0.204448,51.478829],[-0.204451,51.478827],[-0.204482,51.47881],[-0.204545,51.478775],[-0.204563,51.478765],[-0.204568,51.478763],[-0.204672,51.478733],[-0.204689,51.478728],[-0.204705,51.478723],[-0.204745,51.478712],[-0.204777,51.478702],[-0.204784,51.4787],[-0.204843,51.478683],[-0.204885,51.478671],[-0.204901,51.478667],[-0.204935,51.478657],[-0.204973,51.478646],[-0.205026,51.47863],[-0.205105,51.478607],[-0.205182,51.478585],[-0.205242,51.478567],[-0.205298,51.478551],[-0.205329,51.478542],[-0.205389,51.478525],[-0.205456,51.478506],[-0.205532,51.478483],[-0.205571,51.478472],[-0.20564,51.478452],[-0.205695,51.478436],[-0.205765,51.478416],[-0.205803,51.478405],[-0.2059,51.478376],[-0.205916,51.478372],[-0.205971,51.478356],[-0.206035,51.478337],[-0.20609,51.478321],[-0.206114,51.478314],[-0.206178,51.478296],[-0.206201,51.47829],[-0.206292,51.478264],[-0.206335,51.478252],[-0.206356,51.478246],[-0.206387,51.478237],[-0.206449,51.47822],[-0.206466,51.478215],[-0.20652,51.4782],[-0.206534,51.478196],[-0.206594,51.478179],[-0.206631,51.478168],[-0.206695,51.47815],[-0.206708,51.478146],[-0.20673,51.47814],[-0.206842,51.478108],[-0.206877,51.478098],[-0.206881,51.478098],[-0.206888,51.478096],[-0.206911,51.478089],[-0.206918,51.478087],[-0.206926,51.478085],[-0.206975,51.478071],[-0.207041,51.478052],[-0.207054,51.478048],[-0.207119,51.47803],[-0.207145,51.478023],[-0.20718,51.478013],[-0.207255,51.477991],[-0.207298,51.477979],[-0.207326,51.477971],[-0.207362,51.477961],[-0.207412,51.477947],[-0.207441,51.477939],[-0.207587,51.477897],[-0.207643,51.477882],[-0.20765,51.47788],[-0.207656,51.477878],[-0.207673,51.477873],[-0.207744,51.477853],[-0.207826,51.47783],[-0.207852,51.477822],[-0.207903,51.477808],[-0.207937,51.477799],[-0.208019,51.477775],[-0.208029,51.477772],[-0.208049,51.477766],[-0.208092,51.477751],[-0.20832,51.477672],[-0.208334,51.477666],[-0.208426,51.477635],[-0.20848,51.477616],[-0.20849,51.477613],[-0.208529,51.477599],[-0.208605,51.477572],[-0.208614,51.477569],[-0.208694,51.477542],[-0.208704,51.477538],[-0.208743,51.477525],[-0.208811,51.477501],[-0.208836,51.477492],[-0.208857,51.477485],[-0.208883,51.477476],[-0.20895,51.477453],[-0.20898,51.477442],[-0.209009,51.477432],[-0.209032,51.477424],[-0.209082,51.477407],[-0.209108,51.477398],[-0.209141,51.477387],[-0.209159,51.47738],[-0.209164,51.477378],[-0.20921,51.477363],[-0.209254,51.477347],[-0.209284,51.477337],[-0.209345,51.477316],[-0.209408,51.477294],[-0.209447,51.47728],[-0.209488,51.477266],[-0.209539,51.477248],[-0.209622,51.477219],[-0.209684,51.477298],[-0.209713,51.477334],[-0.209721,51.477345],[-0.209734,51.477387],[-0.209735,51.477392],[-0.209729,51.477453],[-0.20972,51.477476],[-0.209699,51.477509],[-0.209684,51.477531],[-0.20968,51.47754],[-0.209705,51.477545],[-0.209734,51.477549],[-0.209748,51.47755],[-0.209842,51.477571],[-0.209863,51.477578],[-0.20992,51.477599],[-0.209967,51.477628],[-0.209982,51.477637],[-0.21009,51.477758],[-0.210094,51.477762],[-0.210076,51.477784],[-0.210084,51.477792],[-0.210191,51.477896],[-0.210218,51.477963],[-0.210216,51.478024],[-0.210205,51.478058],[-0.210188,51.478087],[-0.210225,51.478096],[-0.210323,51.478111],[-0.210358,51.478113],[-0.210433,51.478144],[-0.210462,51.478156],[-0.210483,51.478175],[-0.210503,51.478193],[-0.210521,51.478316],[-0.210589,51.478298],[-0.21081,51.478237],[-0.210813,51.478241],[-0.210833,51.478236],[-0.210839,51.478243],[-0.210915,51.478323],[-0.210925,51.478331],[-0.211114,51.478607],[-0.211096,51.478613],[-0.211106,51.478626],[-0.210865,51.478697],[-0.210803,51.478715],[-0.210691,51.478748],[-0.210661,51.478757],[-0.210634,51.478765],[-0.210576,51.478782],[-0.21056,51.478786],[-0.210474,51.478812],[-0.210459,51.478816],[-0.210372,51.478842],[-0.210335,51.478852],[-0.210299,51.478863],[-0.210247,51.478878],[-0.210191,51.478895],[-0.210186,51.478896],[-0.210084,51.478926],[-0.209963,51.478961],[-0.209958,51.478963],[-0.209925,51.478972],[-0.209911,51.478976],[-0.209667,51.479042],[-0.20956,51.479071],[-0.209259,51.479153],[-0.208896,51.479252],[-0.208857,51.479201],[-0.208864,51.479182],[-0.209097,51.479138],[-0.20921,51.479085],[-0.209225,51.479084],[-0.209239,51.479082],[-0.209322,51.479059],[-0.209429,51.4788],[-0.209349,51.478726],[-0.209331,51.478725],[-0.209244,51.478733],[-0.209119,51.478743],[-0.209098,51.478697],[-0.209016,51.478594],[-0.208925,51.478479],[-0.208795,51.478521],[-0.208669,51.478604],[-0.20882,51.478805],[-0.208647,51.478922],[-0.208608,51.47887],[-0.208565,51.478879],[-0.20839,51.478931],[-0.208357,51.478941],[-0.207967,51.479058],[-0.207912,51.479069],[-0.207893,51.479073],[-0.207887,51.479072],[-0.207809,51.479064],[-0.207808,51.479083],[-0.207805,51.47915],[-0.207805,51.479155],[-0.207817,51.479209],[-0.207814,51.479217],[-0.207801,51.479254],[-0.207852,51.47926],[-0.207887,51.479264],[-0.207939,51.479298],[-0.207943,51.479301],[-0.208094,51.479524],[-0.208049,51.479539],[-0.208028,51.479547],[-0.207911,51.47961],[-0.207912,51.479683],[-0.207906,51.479689],[-0.207894,51.479739],[-0.207898,51.479756],[-0.207901,51.479765],[-0.207896,51.479785],[-0.207905,51.479832],[-0.207913,51.479866],[-0.207911,51.4799],[-0.207911,51.479907],[-0.20791,51.479938],[-0.207883,51.479956],[-0.207856,51.479985],[-0.207849,51.479992],[-0.207825,51.480001],[-0.207744,51.480049],[-0.207737,51.480057],[-0.207732,51.480063],[-0.20767,51.480088],[-0.207641,51.480098],[-0.20759,51.480104],[-0.207583,51.480105],[-0.207506,51.480097],[-0.207481,51.480095],[-0.207432,51.480081],[-0.207351,51.480262],[-0.20732,51.480332],[-0.207287,51.480409],[-0.20728,51.480424],[-0.207245,51.4805],[-0.207237,51.480498],[-0.207234,51.4805],[-0.207175,51.480568],[-0.207168,51.480586],[-0.207165,51.480591],[-0.207138,51.480592],[-0.207016,51.48062],[-0.206923,51.480642],[-0.206842,51.480593],[-0.20679,51.480562],[-0.206772,51.480533],[-0.206719,51.480481],[-0.206835,51.480455],[-0.206842,51.480453],[-0.206927,51.480411],[-0.20697,51.480372],[-0.206998,51.480309],[-0.206997,51.480286],[-0.206996,51.480279],[-0.207005,51.480274],[-0.207053,51.480258],[-0.207105,51.480208],[-0.207096,51.480147],[-0.207012,51.480055],[-0.206959,51.480063],[-0.206903,51.48008],[-0.206899,51.480081],[-0.206801,51.480112],[-0.206694,51.480145],[-0.206681,51.480149],[-0.20653,51.480196],[-0.206511,51.480202],[-0.206486,51.48021],[-0.206418,51.480231],[-0.206365,51.480248],[-0.206279,51.480275],[-0.206177,51.480308],[-0.206125,51.480324],[-0.206096,51.480334],[-0.205961,51.480377],[-0.205879,51.480403],[-0.205847,51.480413],[-0.205786,51.480432],[-0.205771,51.480437],[-0.205619,51.480485],[-0.205517,51.480518],[-0.205476,51.480531],[-0.205517,51.480586],[-0.205515,51.480624],[-0.205515,51.48064],[-0.205613,51.480652],[-0.205614,51.480662],[-0.205582,51.48066],[-0.205539,51.480658],[-0.205318,51.480644],[-0.205172,51.480635],[-0.205112,51.480631],[-0.205095,51.48063],[-0.205075,51.480592],[-0.205068,51.480579],[-0.205058,51.480559],[-0.205042,51.480527],[-0.205036,51.480516],[-0.205015,51.480485],[-0.205012,51.480481],[-0.204982,51.480435],[-0.204957,51.480398],[-0.204954,51.480393],[-0.204921,51.480355],[-0.204903,51.480334],[-0.204883,51.48031],[-0.204855,51.480277],[-0.204829,51.480246],[-0.2048,51.480213],[-0.20479,51.480204],[-0.204783,51.480197],[-0.204759,51.480175],[-0.204748,51.480164],[-0.204699,51.480119],[-0.20468,51.480102],[-0.204665,51.480087],[-0.204626,51.480051],[-0.204615,51.480041]]]}},{"type":"Feature","properties":{"LSOA21CD":"E01001902","LSOA21NM":"Hammersmith and Fulham 019C","MEAN_PTAL_":"3","mean_AI":10.086062154,"borough":"Hammersmith & Fulham"},"geometry":{"type":"Polygon","coordinates":[[[-0.209061,51.481147],[-0.208984,51.481136],[-0.208936,51.481128],[-0.208927,51.481127],[-0.208921,51.481126],[-0.208914,51.481125],[-0.208807,51.481109],[-0.208766,51.481103],[-0.20865,51.481084],[-0.208617,51.481079],[-0.20861,51.481078],[-0.208534,51.481066],[-0.208514,51.481062],[-0.208418,51.481047],[-0.208392,51.481043],[-0.20837,51.481039],[-0.208302,51.481028],[-0.208251,51.48102],[-0.208219,51.481015],[-0.2082,51.481012],[-0.208153,51.481004],[-0.20811,51.480997],[-0.208037,51.480985],[-0.207993,51.480978],[-0.207936,51.480969],[-0.207913,51.480965],[-0.207845,51.480953],[-0.207809,51.480946],[-0.207732,51.480933],[-0.207666,51.480921],[-0.207657,51.480919],[-0.207572,51.480904],[-0.207484,51.480888],[-0.207464,51.480885],[-0.207453,51.480883],[-0.207443,51.480881],[-0.207341,51.480863],[-0.207321,51.480861],[-0.207256,51.480853],[-0.207211,51.480847],[-0.207146,51.48084],[-0.207105,51.480835],[-0.207091,51.480833],[-0.206999,51.480822],[-0.206977,51.480819],[-0.206972,51.480819],[-0.20695,51.480816],[-0.206924,51.480813],[-0.206855,51.480804],[-0.206784,51.480795],[-0.206752,51.480791],[-0.206633,51.480777],[-0.206563,51.480768],[-0.206549,51.480766],[-0.206509,51.480761],[-0.206465,51.480756],[-0.206361,51.480742],[-0.206327,51.480738],[-0.20628,51.480732],[-0.206219,51.480725],[-0.2062,51.480722],[-0.206195,51.480722],[-0.20618,51.48072],[-0.206149,51.480716],[-0.206121,51.480712],[-0.206117,51.480712],[-0.206054,51.480704],[-0.205989,51.480696],[-0.20596,51.480692],[-0.205938,51.48069],[-0.205853,51.480679],[-0.205823,51.480675],[-0.205808,51.480674],[-0.20578,51.480672],[-0.205755,51.480671],[-0.205689,51.480667],[-0.205614,51.480662],[-0.205613,51.480652],[-0.205515,51.48064],[-0.205515,51.480624],[-0.205517,51.480586],[-0.205476,51.480531],[-0.205517,51.480518],[-0.205619,51.480485],[-0.205771,51.480437],[-0.205786,51.480432],[-0.205847,51.480413],[-0.205879,51.480403],[-0.205961,51.480377],[-0.206096,51.480334],[-0.206125,51.480324],[-0.206177,51.480308],[-0.206279,51.480275],[-0.206365,51.480248],[-0.206418,51.480231],[-0.206486,51.48021],[-0.206511,51.480202],[-0.20653,51.480196],[-0.206681,51.480149],[-0.206694,51.480145],[-0.206801,51.480112],[-0.206899,51.480081],[-0.206903,51.48008],[-0.206959,51.480063],[-0.207012,51.480055],[-0.207096,51.480147],[-0.207105,51.480208],[-0.207053,51.480258],[-0.207005,51.480274],[-0.206996,51.480279],[-0.206997,51.480286],[-0.206998,51.480309],[-0.20697,51.480372],[-0.206927,51.480411],[-0.206842,51.480453],[-0.206835,51.480455],[-0.206719,51.480481],[-0.206772,51.480533],[-0.20679,51.480562],[-0.206842,51.480593],[-0.206923,51.480642],[-0.207016,51.48062],[-0.207138,51.480592],[-0.207165,51.480591],[-0.207168,51.480586],[-0.207175,51.480568],[-0.207234,51.4805],[-0.207237,51.480498],[-0.207245,51.4805],[-0.20728,51.480424],[-0.207287,51.480409],[-0.20732,51.480332],[-0.207351,51.480262],[-0.207432,51.480081],[-0.207481,51.480095],[-0.207506,51.480097],[-0.207583,51.480105],[-0.20759,51.480104],[-0.207641,51.480098],[-0.20767,51.480088],[-0.207732,51.480063],[-0.207737,51.480057],[-0.207744,51.480049],[-0.207825,51.480001],[-0.207849,51.479992],[-0.207856,51.479985],[-0.207883,51.479956],[-0.20791,51.479938],[-0.207911,51.479907],[-0.207911,51.4799],[-0.207913,51.479866],[-0.207905,51.479832],[-0.207896,51.479785],[-0.207901,51.479765],[-0.207898,51.479756],[-0.207894,51.479739],[-0.207906,51.479689],[-0.207912,51.479683],[-0.207911,51.47961],[-0.208028,51.479547],[-0.208049,51.479539],[-0.208094,51.479524],[-0.207943,51.479301],[-0.207939,51.479298],[-0.207887,51.479264],[-0.207852,51.47926],[-0.207801,51.479254],[-0.207814,51.479217],[-0.207817,51.479209],[-0.207805,51.479155],[-0.207805,51.47915],[-0.207808,51.479083],[-0.207809,51.479064],[-0.207887,51.479072],[-0.207893,51.479073],[-0.207912,51.479069],[-0.207967,51.479058],[-0.208357,51.478941],[-0.20839,51.478931],[-0.208565,51.478879],[-0.208608,51.47887],[-0.208647,51.478922],[-0.20882,51.478805],[-0.208669,51.478604],[-0.208795,51.478521],[-0.208925,51.478479],[-0.209016,51.478594],[-0.209098,51.478697],[-0.209119,51.478743],[-0.209244,51.478733],[-0.209331,51.478725],[-0.209349,51.478726],[-0.209429,51.4788],[-0.209322,51.479059],[-0.209239,51.479082],[-0.209225,51.479084],[-0.20921,51.479085],[-0.209097,51.479138],[-0.208864,51.479182],[-0.208857,51.479201],[-0.208896,51.479252],[-0.209259,51.479153],[-0.20956,51.479071],[-0.209667,51.479042],[-0.209911,51.478976],[-0.209925,51.478972],[-0.209958,51.478963],[-0.209963,51.478961],[-0.210084,51.478926],[-0.210186,51.478896],[-0.210191,51.478895],[-0.210247,51.478878],[-0.210299,51.478863],[-0.210335,51.478852],[-0.210372,51.478842],[-0.210459,51.478816],[-0.210474,51.478812],[-0.21056,51.478786],[-0.210576,51.478782],[-0.210634,51.478765],[-0.210661,51.478757],[-0.210691,51.478748],[-0.210803,51.478715],[-0.210865,51.478697],[-0.211106,51.478626],[-0.211096,51.478613],[-0.211114,51.478607],[-0.210925,51.478331],[-0.210915,51.478323],[-0.210839,51.478243],[-0.210833,51.478236],[-0.210832,51.478232],[-0.210837,51.478231],[-0.210887,51.478215],[-0.211116,51.478145],[-0.211191,51.478122],[-0.211232,51.478242],[-0.211353,51.478325],[-0.211552,51.478358],[-0.211731,51.478418],[-0.211769,51.47843],[-0.211786,51.478427],[-0.211832,51.478422],[-0.211884,51.478419],[-0.211932,51.478379],[-0.211949,51.478367],[-0.212046,51.478308],[-0.212118,51.478273],[-0.212166,51.478253],[-0.212263,51.478222],[-0.212346,51.478201],[-0.212424,51.478187],[-0.212524,51.478215],[-0.212561,51.478226],[-0.212584,51.478242],[-0.212791,51.478387],[-0.212815,51.478403],[-0.212821,51.478404],[-0.212839,51.478406],[-0.21307,51.47837],[-0.213074,51.478364],[-0.213134,51.478264],[-0.213151,51.478246],[-0.213173,51.478223],[-0.213222,51.47819],[-0.213237,51.478184],[-0.213304,51.478158],[-0.213319,51.478155],[-0.213385,51.478166],[-0.213507,51.478325],[-0.213536,51.478317],[-0.213724,51.478259],[-0.213789,51.478239],[-0.213816,51.478245],[-0.213831,51.478249],[-0.21386,51.478268],[-0.213888,51.478285],[-0.213928,51.478349],[-0.213947,51.478376],[-0.214084,51.478571],[-0.214119,51.478622],[-0.214127,51.478639],[-0.214117,51.478642],[-0.214128,51.478667],[-0.214144,51.478681],[-0.214217,51.478858],[-0.214215,51.478866],[-0.214241,51.478924],[-0.214206,51.478899],[-0.214055,51.478915],[-0.214027,51.478921],[-0.213972,51.478942],[-0.213955,51.478944],[-0.213948,51.478946],[-0.213892,51.478952],[-0.213839,51.478973],[-0.213834,51.478975],[-0.213805,51.478982],[-0.213753,51.479002],[-0.213733,51.479006],[-0.213717,51.479009],[-0.213682,51.479022],[-0.213673,51.479024],[-0.213658,51.479029],[-0.21359,51.479043],[-0.213547,51.479068],[-0.213505,51.479085],[-0.213432,51.479101],[-0.213409,51.479104],[-0.21339,51.479104],[-0.21338,51.479106],[-0.213332,51.479116],[-0.213311,51.479128],[-0.213272,51.479145],[-0.213239,51.479159],[-0.213221,51.479164],[-0.213151,51.479173],[-0.213131,51.479182],[-0.213081,51.479193],[-0.213058,51.479202],[-0.213024,51.479222],[-0.213006,51.479233],[-0.213001,51.479235],[-0.212971,51.479242],[-0.21296,51.479244],[-0.212952,51.479246],[-0.212896,51.479259],[-0.212884,51.47926],[-0.212869,51.479263],[-0.212789,51.479294],[-0.212779,51.479296],[-0.212745,51.47931],[-0.212725,51.479315],[-0.212669,51.479322],[-0.212649,51.479327],[-0.212619,51.479334],[-0.212575,51.479351],[-0.212561,51.479357],[-0.212522,51.479367],[-0.212474,51.479387],[-0.212441,51.479394],[-0.2124,51.47941],[-0.212361,51.479418],[-0.212339,51.47943],[-0.212289,51.479442],[-0.212269,51.47945],[-0.21218,51.479471],[-0.212167,51.479472],[-0.212105,51.479486],[-0.21208,51.479518],[-0.212084,51.479589],[-0.212098,51.479608],[-0.212259,51.479697],[-0.212247,51.479708],[-0.212177,51.479729],[-0.212102,51.479751],[-0.211898,51.479811],[-0.211888,51.479793],[-0.211895,51.479774],[-0.211883,51.479752],[-0.211839,51.479709],[-0.211784,51.479654],[-0.211804,51.479648],[-0.211722,51.479506],[-0.211715,51.479493],[-0.211702,51.47947],[-0.211675,51.479423],[-0.211638,51.479433],[-0.211395,51.479497],[-0.211405,51.47954],[-0.211401,51.479549],[-0.211436,51.479582],[-0.211452,51.479621],[-0.211443,51.479681],[-0.211452,51.479736],[-0.211402,51.479752],[-0.211394,51.479757],[-0.211371,51.479766],[-0.211345,51.479776],[-0.211308,51.479786],[-0.211266,51.479798],[-0.211112,51.479841],[-0.211085,51.479849],[-0.211052,51.479858],[-0.211034,51.479863],[-0.210923,51.479894],[-0.210918,51.479897],[-0.21091,51.479898],[-0.210795,51.47993],[-0.210758,51.479941],[-0.21074,51.479946],[-0.210699,51.479957],[-0.210603,51.479984],[-0.210588,51.479988],[-0.210517,51.480008],[-0.210508,51.480011],[-0.210484,51.480018],[-0.210397,51.480042],[-0.210376,51.480048],[-0.210265,51.480079],[-0.210241,51.480086],[-0.210191,51.480098],[-0.210181,51.480098],[-0.210154,51.480099],[-0.210108,51.480114],[-0.210094,51.480118],[-0.210096,51.480126],[-0.210024,51.480145],[-0.20997,51.480158],[-0.209899,51.480177],[-0.2098,51.480202],[-0.209706,51.480226],[-0.209542,51.480268],[-0.209504,51.480278],[-0.209479,51.480284],[-0.209471,51.480286],[-0.209401,51.480302],[-0.209341,51.480317],[-0.209301,51.480326],[-0.209261,51.480335],[-0.209254,51.480337],[-0.209052,51.480385],[-0.209044,51.480387],[-0.209031,51.48039],[-0.209004,51.480396],[-0.208929,51.480414],[-0.208865,51.480429],[-0.208805,51.480444],[-0.208791,51.480447],[-0.208797,51.480455],[-0.208775,51.480464],[-0.208768,51.480464],[-0.208762,51.480463],[-0.208832,51.480554],[-0.208911,51.480656],[-0.208916,51.480662],[-0.208901,51.480663],[-0.208713,51.480666],[-0.208701,51.480669],[-0.208655,51.480699],[-0.20873,51.480759],[-0.208733,51.480763],[-0.208748,51.480787],[-0.208751,51.480792],[-0.208749,51.480828],[-0.208747,51.480831],[-0.208742,51.480844],[-0.208714,51.480878],[-0.208728,51.480887],[-0.208785,51.480924],[-0.208791,51.480928],[-0.208849,51.480992],[-0.209033,51.480945],[-0.209078,51.480933],[-0.209111,51.480985],[-0.209133,51.481018],[-0.209141,51.481031],[-0.209105,51.481084],[-0.209082,51.481141],[-0.209081,51.481144],[-0.209064,51.481142],[-0.209061,51.481147]]]}},{"type":"Feature","properties":{"LSOA21CD":"E01001903","LSOA21NM":"Hammersmith and Fulham 019D","MEAN_PTAL_":"3","mean_AI":11.2252318419,"borough":"Hammersmith & Fulham"},"geometry":{"type":"Polygon","coordinates":[[[-0.210517,51.482399],[-0.210493,51.482367],[-0.210381,51.482405],[-0.210228,51.482458],[-0.210155,51.482483],[-0.210126,51.482445],[-0.210112,51.482427],[-0.210093,51.482401],[-0.210058,51.482354],[-0.210055,51.48235],[-0.210048,51.482341],[-0.210014,51.482297],[-0.210007,51.482288],[-0.209964,51.48223],[-0.209959,51.482224],[-0.209921,51.482173],[-0.209919,51.482171],[-0.209866,51.4821],[-0.209852,51.482081],[-0.209844,51.482071],[-0.209825,51.482046],[-0.209778,51.481983],[-0.209764,51.481965],[-0.209749,51.481945],[-0.209747,51.481942],[-0.209712,51.481895],[-0.209708,51.48189],[-0.209686,51.481862],[-0.209666,51.481834],[-0.209639,51.481797],[-0.20962,51.481773],[-0.209617,51.481768],[-0.209589,51.481731],[-0.209584,51.481724],[-0.209579,51.481717],[-0.209556,51.481686],[-0.209535,51.481658],[-0.209517,51.481634],[-0.209481,51.481584],[-0.209471,51.48157],[-0.209368,51.481435],[-0.209422,51.481416],[-0.20958,51.481361],[-0.209593,51.481357],[-0.209808,51.481283],[-0.209871,51.48126],[-0.209826,51.481253],[-0.209759,51.481244],[-0.20964,51.481228],[-0.209511,51.48121],[-0.209502,51.481209],[-0.209462,51.481203],[-0.209432,51.481199],[-0.209416,51.481197],[-0.209373,51.481191],[-0.209303,51.481181],[-0.20925,51.481174],[-0.2092,51.481167],[-0.209127,51.481157],[-0.209122,51.481156],[-0.209116,51.481155],[-0.209108,51.481154],[-0.209061,51.481147],[-0.209064,51.481142],[-0.209081,51.481144],[-0.209082,51.481141],[-0.209105,51.481084],[-0.209141,51.481031],[-0.209133,51.481018],[-0.209111,51.480985],[-0.209078,51.480933],[-0.209033,51.480945],[-0.208849,51.480992],[-0.208791,51.480928],[-0.208785,51.480924],[-0.208728,51.480887],[-0.208714,51.480878],[-0.208742,51.480844],[-0.208747,51.480831],[-0.208749,51.480828],[-0.208751,51.480792],[-0.208748,51.480787],[-0.208733,51.480763],[-0.20873,51.480759],[-0.208655,51.480699],[-0.208701,51.480669],[-0.208713,51.480666],[-0.208901,51.480663],[-0.208916,51.480662],[-0.208911,51.480656],[-0.208832,51.480554],[-0.208762,51.480463],[-0.208768,51.480464],[-0.208775,51.480464],[-0.208797,51.480455],[-0.208791,51.480447],[-0.208805,51.480444],[-0.208865,51.480429],[-0.208929,51.480414],[-0.209004,51.480396],[-0.209031,51.48039],[-0.209044,51.480387],[-0.209052,51.480385],[-0.209254,51.480337],[-0.209261,51.480335],[-0.209301,51.480326],[-0.209341,51.480317],[-0.209401,51.480302],[-0.209471,51.480286],[-0.209479,51.480284],[-0.209504,51.480278],[-0.209542,51.480268],[-0.209706,51.480226],[-0.2098,51.480202],[-0.209899,51.480177],[-0.20997,51.480158],[-0.210024,51.480145],[-0.210096,51.480126],[-0.210094,51.480118],[-0.210108,51.480114],[-0.210154,51.480099],[-0.210181,51.480098],[-0.210191,51.480098],[-0.210241,51.480086],[-0.210265,51.480079],[-0.210376,51.480048],[-0.210397,51.480042],[-0.210484,51.480018],[-0.210508,51.480011],[-0.210517,51.480008],[-0.210588,51.479988],[-0.210603,51.479984],[-0.210699,51.479957],[-0.21074,51.479946],[-0.210758,51.479941],[-0.210795,51.47993],[-0.21091,51.479898],[-0.210918,51.479897],[-0.210923,51.479894],[-0.211034,51.479863],[-0.211052,51.479858],[-0.211085,51.479849],[-0.211112,51.479841],[-0.211266,51.479798],[-0.211308,51.479786],[-0.211345,51.479776],[-0.211371,51.479766],[-0.211394,51.479757],[-0.211402,51.479752],[-0.211452,51.479736],[-0.211475,51.479739],[-0.21159,51.479818],[-0.211587,51.479906],[-0.21163,51.479932],[-0.211641,51.479946],[-0.211653,51.479963],[-0.211643,51.480095],[-0.211685,51.480095],[-0.211688,51.480097],[-0.211792,51.480163],[-0.211962,51.480135],[-0.212056,51.480101],[-0.212068,51.480108],[-0.212114,51.480155],[-0.212156,51.480219],[-0.212162,51.480227],[-0.212163,51.480223],[-0.212165,51.480216],[-0.212359,51.480172],[-0.212492,51.480135],[-0.212498,51.480141],[-0.212503,51.480162],[-0.212517,51.480238],[-0.212551,51.480273],[-0.212633,51.480325],[-0.21269,51.480341],[-0.212666,51.480409],[-0.212666,51.480414],[-0.212689,51.480442],[-0.212849,51.480545],[-0.212829,51.480562],[-0.212788,51.480573],[-0.212652,51.480611],[-0.2125,51.480652],[-0.212484,51.480656],[-0.212498,51.480674],[-0.212518,51.480701],[-0.212538,51.480735],[-0.212539,51.480738],[-0.212545,51.480736],[-0.212633,51.480717],[-0.21284,51.480671],[-0.212845,51.480676],[-0.212875,51.480711],[-0.212905,51.480728],[-0.212948,51.480754],[-0.212956,51.480759],[-0.212956,51.480797],[-0.212973,51.480831],[-0.213013,51.480872],[-0.213054,51.480893],[-0.213075,51.480905],[-0.213168,51.480954],[-0.213157,51.480967],[-0.213164,51.481015],[-0.213176,51.481099],[-0.21318,51.481104],[-0.213552,51.48135],[-0.213555,51.481352],[-0.213585,51.481376],[-0.213672,51.481294],[-0.213718,51.481265],[-0.213738,51.481255],[-0.213842,51.481202],[-0.21402,51.481143],[-0.214042,51.481139],[-0.214183,51.481118],[-0.214384,51.481111],[-0.214457,51.481113],[-0.214463,51.481114],[-0.214643,51.481136],[-0.21492,51.481201],[-0.214952,51.48121],[-0.214957,51.481207],[-0.215015,51.481179],[-0.215087,51.481148],[-0.215209,51.481104],[-0.215419,51.481043],[-0.215431,51.48104],[-0.215527,51.481018],[-0.215787,51.48096],[-0.2158,51.480955],[-0.216291,51.480786],[-0.216683,51.481017],[-0.217236,51.481342],[-0.217242,51.481345],[-0.217608,51.481506],[-0.217181,51.481627],[-0.216876,51.481713],[-0.216126,51.481924],[-0.216104,51.48193],[-0.216061,51.481942],[-0.215949,51.481974],[-0.215944,51.481975],[-0.215928,51.48198],[-0.215908,51.481986],[-0.215869,51.481997],[-0.215834,51.482006],[-0.215797,51.482017],[-0.215738,51.482034],[-0.215659,51.482056],[-0.21545,51.482107],[-0.215431,51.482111],[-0.215343,51.482133],[-0.215269,51.482151],[-0.21507,51.4822],[-0.215013,51.482214],[-0.214926,51.482235],[-0.214907,51.48224],[-0.214841,51.482256],[-0.214821,51.482261],[-0.214768,51.482274],[-0.214723,51.482285],[-0.214578,51.48232],[-0.214568,51.482323],[-0.214556,51.482325],[-0.214532,51.482331],[-0.214515,51.482336],[-0.214425,51.482357],[-0.214401,51.482363],[-0.214396,51.482365],[-0.214333,51.48238],[-0.214188,51.482416],[-0.214112,51.482434],[-0.214093,51.482439],[-0.21408,51.482442],[-0.213876,51.482492],[-0.21385,51.482498],[-0.213886,51.482565],[-0.213888,51.482568],[-0.21389,51.482571],[-0.213892,51.482575],[-0.213894,51.482578],[-0.213855,51.482583],[-0.213841,51.482585],[-0.213803,51.48259],[-0.213793,51.482591],[-0.213739,51.482598],[-0.21361,51.482616],[-0.213596,51.482618],[-0.213567,51.482621],[-0.213461,51.482636],[-0.213403,51.482643],[-0.21329,51.482659],[-0.213237,51.482666],[-0.213198,51.482671],[-0.213168,51.482675],[-0.213089,51.482686],[-0.213081,51.482687],[-0.213072,51.482688],[-0.21304,51.482692],[-0.213025,51.482694],[-0.213016,51.482695],[-0.213006,51.482697],[-0.212916,51.482709],[-0.212877,51.482714],[-0.212863,51.482716],[-0.21279,51.482726],[-0.212748,51.482731],[-0.212728,51.482734],[-0.212677,51.482741],[-0.212656,51.482744],[-0.212648,51.482745],[-0.212616,51.482749],[-0.212582,51.482754],[-0.212509,51.482774],[-0.212495,51.482778],[-0.212488,51.48278],[-0.21248,51.482782],[-0.21247,51.482785],[-0.212462,51.482787],[-0.212454,51.482789],[-0.212331,51.482823],[-0.212321,51.482826],[-0.212304,51.482831],[-0.212245,51.482847],[-0.212234,51.48285],[-0.212226,51.482852],[-0.212221,51.482854],[-0.212169,51.482868],[-0.212141,51.482876],[-0.212136,51.482877],[-0.212106,51.482886],[-0.212089,51.48289],[-0.212076,51.482894],[-0.212056,51.4829],[-0.212046,51.482902],[-0.212041,51.482904],[-0.211986,51.482919],[-0.211976,51.482922],[-0.211944,51.482931],[-0.211902,51.482942],[-0.211641,51.483011],[-0.21157,51.483026],[-0.21154,51.483032],[-0.211487,51.483042],[-0.211349,51.48307],[-0.211324,51.483072],[-0.211247,51.48308],[-0.211188,51.483086],[-0.211182,51.483086],[-0.211116,51.483093],[-0.21111,51.483094],[-0.211044,51.483101],[-0.210994,51.483106],[-0.210987,51.483106],[-0.21097,51.483106],[-0.210927,51.483104],[-0.210865,51.483102],[-0.210788,51.4831],[-0.210726,51.483098],[-0.210693,51.483097],[-0.210602,51.483094],[-0.210598,51.483094],[-0.210591,51.483094],[-0.2105,51.482963],[-0.210446,51.482886],[-0.210455,51.482883],[-0.210475,51.482877],[-0.210615,51.482836],[-0.210667,51.48282],[-0.210745,51.482797],[-0.210786,51.482785],[-0.210762,51.482748],[-0.210703,51.482659],[-0.210688,51.482635],[-0.210686,51.482633],[-0.210628,51.482545],[-0.210597,51.482504],[-0.210591,51.482496],[-0.210574,51.482474],[-0.210547,51.482438],[-0.210517,51.482399]]]}},{"type":"Feature","properties":{"LSOA21CD":"E01001904","LSOA21NM":"Hammersmith and Fulham 022A","MEAN_PTAL_":"2","mean_AI":9.49114369866,"borough":"Hammersmith & Fulham"},"geometry":{"type":"Polygon","coordinates":[[[-0.216683,51.481017],[-0.216291,51.480786],[-0.2158,51.480955],[-0.215787,51.48096],[-0.215527,51.481018],[-0.215431,51.48104],[-0.215419,51.481043],[-0.215209,51.481104],[-0.215087,51.481148],[-0.215015,51.481179],[-0.214957,51.481207],[-0.214952,51.48121],[-0.21492,51.481201],[-0.214643,51.481136],[-0.214463,51.481114],[-0.214457,51.481113],[-0.214384,51.481111],[-0.214183,51.481118],[-0.214042,51.481139],[-0.21402,51.481143],[-0.213842,51.481202],[-0.213738,51.481255],[-0.213718,51.481265],[-0.213672,51.481294],[-0.213585,51.481376],[-0.213555,51.481352],[-0.213552,51.48135],[-0.21318,51.481104],[-0.213176,51.481099],[-0.213164,51.481015],[-0.213157,51.480967],[-0.213168,51.480954],[-0.213075,51.480905],[-0.213054,51.480893],[-0.213013,51.480872],[-0.212973,51.480831],[-0.212956,51.480797],[-0.212956,51.480759],[-0.212948,51.480754],[-0.212905,51.480728],[-0.212875,51.480711],[-0.212845,51.480676],[-0.21284,51.480671],[-0.212633,51.480717],[-0.212545,51.480736],[-0.212539,51.480738],[-0.212538,51.480735],[-0.212518,51.480701],[-0.212498,51.480674],[-0.212484,51.480656],[-0.2125,51.480652],[-0.212652,51.480611],[-0.212788,51.480573],[-0.212829,51.480562],[-0.212849,51.480545],[-0.212689,51.480442],[-0.212666,51.480414],[-0.212666,51.480409],[-0.21269,51.480341],[-0.212633,51.480325],[-0.212551,51.480273],[-0.212517,51.480238],[-0.212503,51.480162],[-0.212498,51.480141],[-0.212492,51.480135],[-0.212359,51.480172],[-0.212165,51.480216],[-0.212163,51.480223],[-0.212162,51.480227],[-0.212156,51.480219],[-0.212114,51.480155],[-0.212068,51.480108],[-0.212056,51.480101],[-0.211962,51.480135],[-0.211792,51.480163],[-0.211688,51.480097],[-0.211685,51.480095],[-0.211643,51.480095],[-0.211653,51.479963],[-0.211641,51.479946],[-0.21163,51.479932],[-0.211587,51.479906],[-0.21159,51.479818],[-0.211475,51.479739],[-0.211452,51.479736],[-0.211443,51.479681],[-0.211452,51.479621],[-0.211436,51.479582],[-0.211401,51.479549],[-0.211405,51.47954],[-0.211395,51.479497],[-0.211638,51.479433],[-0.211675,51.479423],[-0.211702,51.47947],[-0.211715,51.479493],[-0.211722,51.479506],[-0.211804,51.479648],[-0.211784,51.479654],[-0.211839,51.479709],[-0.211883,51.479752],[-0.211895,51.479774],[-0.211888,51.479793],[-0.211898,51.479811],[-0.212102,51.479751],[-0.212177,51.479729],[-0.212247,51.479708],[-0.212259,51.479697],[-0.212098,51.479608],[-0.212084,51.479589],[-0.21208,51.479518],[-0.212105,51.479486],[-0.212167,51.479472],[-0.21218,51.479471],[-0.212269,51.47945],[-0.212289,51.479442],[-0.212339,51.47943],[-0.212361,51.479418],[-0.2124,51.47941],[-0.212441,51.479394],[-0.212474,51.479387],[-0.212522,51.479367],[-0.212561,51.479357],[-0.212575,51.479351],[-0.212619,51.479334],[-0.212649,51.479327],[-0.212669,51.479322],[-0.212725,51.479315],[-0.212745,51.47931],[-0.212779,51.479296],[-0.212789,51.479294],[-0.212869,51.479263],[-0.212884,51.47926],[-0.212896,51.479259],[-0.212952,51.479246],[-0.21296,51.479244],[-0.212971,51.479242],[-0.213001,51.479235],[-0.213006,51.479233],[-0.213024,51.479222],[-0.213058,51.479202],[-0.213081,51.479193],[-0.213131,51.479182],[-0.213151,51.479173],[-0.213221,51.479164],[-0.213239,51.479159],[-0.213272,51.479145],[-0.213311,51.479128],[-0.213332,51.479116],[-0.21338,51.479106],[-0.21339,51.479104],[-0.213409,51.479104],[-0.213432,51.479101],[-0.213505,51.479085],[-0.213547,51.479068],[-0.21359,51.479043],[-0.213658,51.479029],[-0.213673,51.479024],[-0.213682,51.479022],[-0.213717,51.479009],[-0.213733,51.479006],[-0.213753,51.479002],[-0.213805,51.478982],[-0.213834,51.478975],[-0.213839,51.478973],[-0.213892,51.478952],[-0.213948,51.478946],[-0.213955,51.478944],[-0.213972,51.478942],[-0.214027,51.478921],[-0.214055,51.478915],[-0.214206,51.478899],[-0.214241,51.478924],[-0.214215,51.478866],[-0.214217,51.478858],[-0.214144,51.478681],[-0.214128,51.478667],[-0.214117,51.478642],[-0.214127,51.478639],[-0.214119,51.478622],[-0.214084,51.478571],[-0.213947,51.478376],[-0.213928,51.478349],[-0.213888,51.478285],[-0.21386,51.478268],[-0.213831,51.478249],[-0.213816,51.478245],[-0.213789,51.478239],[-0.213724,51.478259],[-0.213536,51.478317],[-0.213507,51.478325],[-0.213385,51.478166],[-0.213319,51.478155],[-0.213304,51.478158],[-0.213237,51.478184],[-0.213222,51.47819],[-0.213173,51.478223],[-0.213151,51.478246],[-0.213134,51.478264],[-0.213074,51.478364],[-0.21307,51.47837],[-0.212839,51.478406],[-0.212821,51.478404],[-0.212815,51.478403],[-0.212791,51.478387],[-0.212584,51.478242],[-0.212561,51.478226],[-0.212524,51.478215],[-0.212424,51.478187],[-0.212346,51.478201],[-0.212263,51.478222],[-0.212166,51.478253],[-0.212118,51.478273],[-0.212046,51.478308],[-0.211949,51.478367],[-0.211932,51.478379],[-0.211884,51.478419],[-0.211832,51.478422],[-0.211786,51.478427],[-0.211769,51.47843],[-0.211731,51.478418],[-0.211552,51.478358],[-0.211353,51.478325],[-0.211232,51.478242],[-0.211191,51.478122],[-0.21119,51.478119],[-0.211271,51.47809],[-0.211285,51.478086],[-0.211305,51.478078],[-0.21131,51.478076],[-0.21136,51.478064],[-0.211549,51.477998],[-0.211629,51.47797],[-0.211671,51.477955],[-0.211687,51.477949],[-0.211718,51.477938],[-0.211842,51.477895],[-0.211875,51.477883],[-0.211906,51.477872],[-0.211945,51.477858],[-0.212005,51.477838],[-0.212036,51.477826],[-0.212087,51.477808],[-0.212124,51.477796],[-0.212167,51.477781],[-0.212174,51.477778],[-0.212257,51.477749],[-0.21228,51.477741],[-0.212286,51.477739],[-0.212356,51.477714],[-0.212365,51.477711],[-0.212406,51.477696],[-0.212465,51.477675],[-0.212482,51.477669],[-0.21249,51.477667],[-0.212565,51.47764],[-0.212647,51.477611],[-0.2127,51.477593],[-0.212749,51.477576],[-0.212871,51.477532],[-0.212892,51.477525],[-0.212963,51.4775],[-0.213155,51.477432],[-0.213173,51.477425],[-0.213194,51.477418],[-0.213258,51.477395],[-0.213274,51.47739],[-0.21336,51.477359],[-0.213393,51.477347],[-0.213414,51.47734],[-0.213429,51.477335],[-0.213466,51.477322],[-0.213526,51.4773],[-0.213613,51.47727],[-0.213617,51.477268],[-0.213625,51.477265],[-0.213651,51.47725],[-0.213665,51.47727],[-0.213827,51.477494],[-0.21388,51.477489],[-0.214191,51.477404],[-0.214299,51.477374],[-0.21432,51.477369],[-0.214424,51.477378],[-0.214435,51.477379],[-0.214695,51.477413],[-0.214752,51.477422],[-0.214812,51.477428],[-0.214882,51.47744],[-0.214898,51.477443],[-0.214965,51.477329],[-0.214989,51.477293],[-0.215002,51.477257],[-0.215006,51.477244],[-0.215017,51.477219],[-0.215027,51.477198],[-0.215068,51.477122],[-0.215665,51.476931],[-0.215938,51.476843],[-0.215977,51.476888],[-0.216,51.476915],[-0.216038,51.476959],[-0.216079,51.477008],[-0.216114,51.477049],[-0.216118,51.477054],[-0.216124,51.477061],[-0.216126,51.477063],[-0.216145,51.477085],[-0.216228,51.477183],[-0.216231,51.477186],[-0.216249,51.477207],[-0.216259,51.47722],[-0.216322,51.477293],[-0.216328,51.4773],[-0.216352,51.477328],[-0.216354,51.477331],[-0.216376,51.477357],[-0.216385,51.477367],[-0.216491,51.477492],[-0.216497,51.477498],[-0.216623,51.477655],[-0.216644,51.477681],[-0.21666,51.4777],[-0.216707,51.47776],[-0.21677,51.477838],[-0.216828,51.477909],[-0.216831,51.477914],[-0.216838,51.477922],[-0.216845,51.47793],[-0.216852,51.477939],[-0.216889,51.477985],[-0.216945,51.478055],[-0.216949,51.47806],[-0.216973,51.478098],[-0.21699,51.478126],[-0.217001,51.478143],[-0.217007,51.478153],[-0.217015,51.478166],[-0.217038,51.478201],[-0.21715,51.478381],[-0.217155,51.478389],[-0.217187,51.478441],[-0.217201,51.478463],[-0.217209,51.478476],[-0.217299,51.47862],[-0.217304,51.478627],[-0.21732,51.478672],[-0.217322,51.478677],[-0.217338,51.478719],[-0.217339,51.478722],[-0.21736,51.478781],[-0.217367,51.4788],[-0.217395,51.478874],[-0.217399,51.478885],[-0.21741,51.478917],[-0.217417,51.478935],[-0.217441,51.478998],[-0.217453,51.479033],[-0.217457,51.479042],[-0.217468,51.479074],[-0.217486,51.479148],[-0.217487,51.479154],[-0.217519,51.47929],[-0.217523,51.479305],[-0.217543,51.479391],[-0.217545,51.4794],[-0.217554,51.479438],[-0.217556,51.47945],[-0.217565,51.479486],[-0.217575,51.479527],[-0.217576,51.479534],[-0.217588,51.479586],[-0.217592,51.479602],[-0.217611,51.479684],[-0.217613,51.479692],[-0.217635,51.479785],[-0.217636,51.479789],[-0.217645,51.47983],[-0.217648,51.479839],[-0.217679,51.479975],[-0.217683,51.479991],[-0.217698,51.480054],[-0.217699,51.480059],[-0.217719,51.480143],[-0.21772,51.480146],[-0.217735,51.480213],[-0.217737,51.48022],[-0.217755,51.480296],[-0.217756,51.4803],[-0.217778,51.480398],[-0.217779,51.480401],[-0.217816,51.480557],[-0.217818,51.480564],[-0.217847,51.480688],[-0.21785,51.480703],[-0.217858,51.480739],[-0.217867,51.480776],[-0.217876,51.480814],[-0.21789,51.480873],[-0.217905,51.480937],[-0.217907,51.480942],[-0.217909,51.480947],[-0.21792,51.480975],[-0.217955,51.481061],[-0.217957,51.481064],[-0.217965,51.481086],[-0.217971,51.481099],[-0.218012,51.481201],[-0.218016,51.481211],[-0.218054,51.481305],[-0.218082,51.481373],[-0.217729,51.481472],[-0.217608,51.481506],[-0.217242,51.481345],[-0.217236,51.481342],[-0.216683,51.481017]]]}},{"type":"Feature","properties":{"LSOA21CD":"E01001905","LSOA21NM":"Hammersmith and Fulham 022B","MEAN_PTAL_":"2","mean_AI":8.83885108472,"borough":"Hammersmith & Fulham"},"geometry":{"type":"Polygon","coordinates":[[[-0.210521,51.478316],[-0.210503,51.478193],[-0.210483,51.478175],[-0.210462,51.478156],[-0.210433,51.478144],[-0.210358,51.478113],[-0.210323,51.478111],[-0.210225,51.478096],[-0.210188,51.478087],[-0.210205,51.478058],[-0.210216,51.478024],[-0.210218,51.477963],[-0.210191,51.477896],[-0.210084,51.477792],[-0.210076,51.477784],[-0.210094,51.477762],[-0.21009,51.477758],[-0.209982,51.477637],[-0.209967,51.477628],[-0.20992,51.477599],[-0.209863,51.477578],[-0.209842,51.477571],[-0.209748,51.47755],[-0.209734,51.477549],[-0.209705,51.477545],[-0.20968,51.47754],[-0.209684,51.477531],[-0.209699,51.477509],[-0.20972,51.477476],[-0.209729,51.477453],[-0.209735,51.477392],[-0.209734,51.477387],[-0.209721,51.477345],[-0.209713,51.477334],[-0.209684,51.477298],[-0.209622,51.477219],[-0.209838,51.477145],[-0.209853,51.477139],[-0.209878,51.477131],[-0.209885,51.477139],[-0.209906,51.477161],[-0.209914,51.477164],[-0.209955,51.4772],[-0.209982,51.477191],[-0.210014,51.47718],[-0.210252,51.477098],[-0.21011,51.476998],[-0.210105,51.476989],[-0.210081,51.476944],[-0.210083,51.476871],[-0.210094,51.476841],[-0.210111,51.476835],[-0.21014,51.476829],[-0.210145,51.476827],[-0.210204,51.476806],[-0.21021,51.476803],[-0.210282,51.47678],[-0.21032,51.476762],[-0.210333,51.47676],[-0.210343,51.476758],[-0.210404,51.476738],[-0.210449,51.476718],[-0.210466,51.476715],[-0.210473,51.476713],[-0.210549,51.47669],[-0.210594,51.47667],[-0.210619,51.476665],[-0.21067,51.47665],[-0.210717,51.476628],[-0.210725,51.476627],[-0.21079,51.476614],[-0.210852,51.476584],[-0.210856,51.476583],[-0.210886,51.476576],[-0.210952,51.476552],[-0.210983,51.476537],[-0.210989,51.476535],[-0.211021,51.476527],[-0.211102,51.476498],[-0.211113,51.476492],[-0.211123,51.476489],[-0.211159,51.47648],[-0.21123,51.476452],[-0.21125,51.476441],[-0.210996,51.476232],[-0.210991,51.476233],[-0.210928,51.476253],[-0.210905,51.476258],[-0.210902,51.476252],[-0.210771,51.476023],[-0.210806,51.47601],[-0.210821,51.476001],[-0.21083,51.475997],[-0.210847,51.47599],[-0.210856,51.475985],[-0.210873,51.475974],[-0.210935,51.475948],[-0.21095,51.475944],[-0.210968,51.475937],[-0.210976,51.475934],[-0.210991,51.475928],[-0.211005,51.475919],[-0.211075,51.47589],[-0.21108,51.475887],[-0.211105,51.475876],[-0.211123,51.475868],[-0.211129,51.475865],[-0.211183,51.475838],[-0.211215,51.475827],[-0.211241,51.475816],[-0.211253,51.475808],[-0.211259,51.475803],[-0.211311,51.47578],[-0.211317,51.475776],[-0.211355,51.475759],[-0.211368,51.475751],[-0.211417,51.475725],[-0.211434,51.475717],[-0.211459,51.475704],[-0.211475,51.475699],[-0.211486,51.475695],[-0.211506,51.475684],[-0.211536,51.475668],[-0.211586,51.47565],[-0.211599,51.475643],[-0.211606,51.475638],[-0.21165,51.475622],[-0.211696,51.475597],[-0.211728,51.475585],[-0.211742,51.475577],[-0.211819,51.475533],[-0.211824,51.47553],[-0.211862,51.475515],[-0.211894,51.475502],[-0.211901,51.475502],[-0.211904,51.475498],[-0.212009,51.47538],[-0.212015,51.475378],[-0.212166,51.475325],[-0.212223,51.475343],[-0.212252,51.475357],[-0.212302,51.475398],[-0.212307,51.475407],[-0.212314,51.475418],[-0.212341,51.475446],[-0.212362,51.475487],[-0.212365,51.475532],[-0.212372,51.475538],[-0.212391,51.475559],[-0.212394,51.475563],[-0.212395,51.475566],[-0.212452,51.47563],[-0.212459,51.475643],[-0.212494,51.475629],[-0.212625,51.475784],[-0.212642,51.475804],[-0.212672,51.475839],[-0.212741,51.475921],[-0.212788,51.475903],[-0.212943,51.475843],[-0.212956,51.475838],[-0.213079,51.47579],[-0.213099,51.475783],[-0.213099,51.475776],[-0.213052,51.475759],[-0.213045,51.475756],[-0.212892,51.475603],[-0.21287,51.475581],[-0.212864,51.475576],[-0.212841,51.475553],[-0.212684,51.475402],[-0.212681,51.475383],[-0.212724,51.475375],[-0.212812,51.475358],[-0.212879,51.475334],[-0.212896,51.475322],[-0.212926,51.4753],[-0.212936,51.475287],[-0.212949,51.475271],[-0.212956,51.475262],[-0.212982,51.47519],[-0.212984,51.475177],[-0.212986,51.475172],[-0.213048,51.475176],[-0.213082,51.475179],[-0.213152,51.475176],[-0.213167,51.475173],[-0.213232,51.475173],[-0.213239,51.475171],[-0.21331,51.475157],[-0.213321,51.475151],[-0.213398,51.475109],[-0.213438,51.475088],[-0.213499,51.475137],[-0.213602,51.475221],[-0.213618,51.475233],[-0.21375,51.475173],[-0.213826,51.475139],[-0.213843,51.475131],[-0.213857,51.475125],[-0.213967,51.475075],[-0.213974,51.475072],[-0.214157,51.474989],[-0.214285,51.474933],[-0.214301,51.474949],[-0.214344,51.474993],[-0.214464,51.475113],[-0.214476,51.475126],[-0.214496,51.475146],[-0.214611,51.475262],[-0.214661,51.475313],[-0.214709,51.475362],[-0.214738,51.475391],[-0.214762,51.475415],[-0.214835,51.475488],[-0.21489,51.475544],[-0.214894,51.475548],[-0.214917,51.475572],[-0.214946,51.475601],[-0.214953,51.475608],[-0.214976,51.475632],[-0.214983,51.475639],[-0.215018,51.475673],[-0.215033,51.475688],[-0.215083,51.475739],[-0.215141,51.475798],[-0.215183,51.475841],[-0.215185,51.475843],[-0.215192,51.475849],[-0.215228,51.475886],[-0.215242,51.4759],[-0.21528,51.475938],[-0.215309,51.475983],[-0.215323,51.476004],[-0.215348,51.476043],[-0.215356,51.476054],[-0.215359,51.476059],[-0.215474,51.476235],[-0.215478,51.476241],[-0.215489,51.476258],[-0.215531,51.476322],[-0.215536,51.476329],[-0.21561,51.476443],[-0.215632,51.476476],[-0.215634,51.47648],[-0.21565,51.476503],[-0.21566,51.476515],[-0.215664,51.47652],[-0.215668,51.476525],[-0.215702,51.476565],[-0.21573,51.476598],[-0.21583,51.476715],[-0.215938,51.476843],[-0.215665,51.476931],[-0.215068,51.477122],[-0.215027,51.477198],[-0.215017,51.477219],[-0.215006,51.477244],[-0.215002,51.477257],[-0.214989,51.477293],[-0.214965,51.477329],[-0.214898,51.477443],[-0.214882,51.47744],[-0.214812,51.477428],[-0.214752,51.477422],[-0.214695,51.477413],[-0.214435,51.477379],[-0.214424,51.477378],[-0.21432,51.477369],[-0.214299,51.477374],[-0.214191,51.477404],[-0.21388,51.477489],[-0.213827,51.477494],[-0.213665,51.47727],[-0.213651,51.47725],[-0.213625,51.477265],[-0.213617,51.477268],[-0.213613,51.47727],[-0.213526,51.4773],[-0.213466,51.477322],[-0.213429,51.477335],[-0.213414,51.47734],[-0.213393,51.477347],[-0.21336,51.477359],[-0.213274,51.47739],[-0.213258,51.477395],[-0.213194,51.477418],[-0.213173,51.477425],[-0.213155,51.477432],[-0.212963,51.4775],[-0.212892,51.477525],[-0.212871,51.477532],[-0.212749,51.477576],[-0.2127,51.477593],[-0.212647,51.477611],[-0.212565,51.47764],[-0.21249,51.477667],[-0.212482,51.477669],[-0.212465,51.477675],[-0.212406,51.477696],[-0.212365,51.477711],[-0.212356,51.477714],[-0.212286,51.477739],[-0.21228,51.477741],[-0.212257,51.477749],[-0.212174,51.477778],[-0.212167,51.477781],[-0.212124,51.477796],[-0.212087,51.477808],[-0.212036,51.477826],[-0.212005,51.477838],[-0.211945,51.477858],[-0.211906,51.477872],[-0.211875,51.477883],[-0.211842,51.477895],[-0.211718,51.477938],[-0.211687,51.477949],[-0.211671,51.477955],[-0.211629,51.47797],[-0.211549,51.477998],[-0.21136,51.478064],[-0.21131,51.478076],[-0.211305,51.478078],[-0.211285,51.478086],[-0.211271,51.47809],[-0.21119,51.478119],[-0.211191,51.478122],[-0.211116,51.478145],[-0.210887,51.478215],[-0.210837,51.478231],[-0.210832,51.478232],[-0.210833,51.478236],[-0.210813,51.478241],[-0.21081,51.478237],[-0.210589,51.478298],[-0.210521,51.478316]]]}},{"type":"Feature","properties":{"LSOA21CD":"E01001906","LSOA21NM":"Hammersmith and Fulham 022C","MEAN_PTAL_":"3","mean_AI":11.2233898439,"borough":"Hammersmith & Fulham"},"geometry":{"type":"Polygon","coordinates":[[[-0.209139,51.476263],[-0.209095,51.476197],[-0.209074,51.476166],[-0.209024,51.476091],[-0.209015,51.476078],[-0.208987,51.476036],[-0.208959,51.475994],[-0.208957,51.47599],[-0.20894,51.475965],[-0.208935,51.475958],[-0.209132,51.475896],[-0.209187,51.475889],[-0.209244,51.475861],[-0.209126,51.475762],[-0.209125,51.475756],[-0.209116,51.475702],[-0.209139,51.475675],[-0.209158,51.475653],[-0.209144,51.475647],[-0.209084,51.475601],[-0.209079,51.475597],[-0.20901,51.475477],[-0.209016,51.475471],[-0.209024,51.475462],[-0.209039,51.475445],[-0.209007,51.475421],[-0.208905,51.475377],[-0.208815,51.47529],[-0.208816,51.475286],[-0.208846,51.475215],[-0.208857,51.475201],[-0.20886,51.475198],[-0.208863,51.4752],[-0.208881,51.475215],[-0.208979,51.475173],[-0.209164,51.475095],[-0.209254,51.475057],[-0.209308,51.475034],[-0.209388,51.475],[-0.209431,51.474982],[-0.209454,51.474972],[-0.209697,51.47487],[-0.21,51.474742],[-0.210244,51.474639],[-0.210283,51.474582],[-0.210303,51.474552],[-0.210394,51.474509],[-0.210442,51.474486],[-0.210523,51.474448],[-0.210573,51.474424],[-0.210675,51.474376],[-0.210711,51.474359],[-0.210749,51.474344],[-0.210887,51.474289],[-0.210916,51.474278],[-0.210924,51.474274],[-0.210949,51.47426],[-0.21098,51.474249],[-0.211005,51.474235],[-0.211065,51.474212],[-0.211068,51.474211],[-0.211103,51.474198],[-0.211112,51.4742],[-0.211187,51.474217],[-0.211201,51.474238],[-0.211273,51.474355],[-0.211285,51.474362],[-0.211327,51.47439],[-0.211337,51.474396],[-0.211398,51.474437],[-0.211403,51.474435],[-0.211429,51.474422],[-0.211434,51.474419],[-0.211562,51.474502],[-0.211775,51.474417],[-0.211787,51.47442],[-0.212025,51.47449],[-0.212031,51.474486],[-0.212285,51.474313],[-0.212112,51.47419],[-0.212065,51.474145],[-0.212034,51.474108],[-0.212031,51.474102],[-0.212015,51.47407],[-0.212028,51.474048],[-0.212061,51.474011],[-0.212075,51.473996],[-0.212098,51.473977],[-0.212124,51.473963],[-0.212219,51.473929],[-0.21226,51.473897],[-0.212319,51.473875],[-0.212328,51.473867],[-0.212332,51.473863],[-0.21239,51.473827],[-0.212441,51.473806],[-0.212516,51.473789],[-0.212532,51.473787],[-0.212535,51.473783],[-0.212542,51.473774],[-0.212566,51.473717],[-0.212578,51.473686],[-0.212523,51.473645],[-0.212481,51.473615],[-0.21236,51.473572],[-0.212343,51.473566],[-0.212342,51.473563],[-0.212512,51.473487],[-0.212562,51.473465],[-0.212663,51.473419],[-0.212669,51.473425],[-0.212757,51.473509],[-0.212835,51.473583],[-0.212941,51.473684],[-0.212956,51.473698],[-0.213101,51.473831],[-0.213115,51.473844],[-0.213149,51.473876],[-0.213187,51.47391],[-0.213319,51.474031],[-0.213354,51.474063],[-0.213441,51.474143],[-0.213454,51.474155],[-0.21349,51.474188],[-0.213495,51.474193],[-0.213522,51.474218],[-0.213539,51.474232],[-0.213569,51.474261],[-0.213618,51.474305],[-0.213646,51.474331],[-0.21367,51.474353],[-0.213715,51.474394],[-0.213719,51.474398],[-0.213749,51.474425],[-0.213794,51.474467],[-0.213797,51.474469],[-0.213831,51.474501],[-0.213853,51.474521],[-0.213883,51.474548],[-0.213896,51.474559],[-0.2139,51.474563],[-0.213951,51.47461],[-0.213982,51.474638],[-0.213988,51.474644],[-0.213996,51.474652],[-0.214022,51.474676],[-0.214055,51.474706],[-0.214087,51.474735],[-0.214105,51.474751],[-0.214112,51.474758],[-0.214206,51.474853],[-0.214224,51.474871],[-0.214285,51.474933],[-0.214157,51.474989],[-0.213974,51.475072],[-0.213967,51.475075],[-0.213857,51.475125],[-0.213843,51.475131],[-0.213826,51.475139],[-0.21375,51.475173],[-0.213618,51.475233],[-0.213602,51.475221],[-0.213499,51.475137],[-0.213438,51.475088],[-0.213398,51.475109],[-0.213321,51.475151],[-0.21331,51.475157],[-0.213239,51.475171],[-0.213232,51.475173],[-0.213167,51.475173],[-0.213152,51.475176],[-0.213082,51.475179],[-0.213048,51.475176],[-0.212986,51.475172],[-0.212984,51.475177],[-0.212982,51.47519],[-0.212956,51.475262],[-0.212949,51.475271],[-0.212936,51.475287],[-0.212926,51.4753],[-0.212896,51.475322],[-0.212879,51.475334],[-0.212812,51.475358],[-0.212724,51.475375],[-0.212681,51.475383],[-0.212684,51.475402],[-0.212841,51.475553],[-0.212864,51.475576],[-0.21287,51.475581],[-0.212892,51.475603],[-0.213045,51.475756],[-0.213052,51.475759],[-0.213099,51.475776],[-0.213099,51.475783],[-0.213079,51.47579],[-0.212956,51.475838],[-0.212943,51.475843],[-0.212788,51.475903],[-0.212741,51.475921],[-0.212672,51.475839],[-0.212642,51.475804],[-0.212625,51.475784],[-0.212494,51.475629],[-0.212459,51.475643],[-0.212452,51.47563],[-0.212395,51.475566],[-0.212394,51.475563],[-0.212391,51.475559],[-0.212372,51.475538],[-0.212365,51.475532],[-0.212362,51.475487],[-0.212341,51.475446],[-0.212314,51.475418],[-0.212307,51.475407],[-0.212302,51.475398],[-0.212252,51.475357],[-0.212223,51.475343],[-0.212166,51.475325],[-0.212015,51.475378],[-0.212009,51.47538],[-0.211904,51.475498],[-0.211901,51.475502],[-0.211894,51.475502],[-0.211862,51.475515],[-0.211824,51.47553],[-0.211819,51.475533],[-0.211742,51.475577],[-0.211728,51.475585],[-0.211696,51.475597],[-0.21165,51.475622],[-0.211606,51.475638],[-0.211599,51.475643],[-0.211586,51.47565],[-0.211536,51.475668],[-0.211506,51.475684],[-0.211486,51.475695],[-0.211475,51.475699],[-0.211459,51.475704],[-0.211434,51.475717],[-0.211417,51.475725],[-0.211368,51.475751],[-0.211355,51.475759],[-0.211317,51.475776],[-0.211311,51.47578],[-0.211259,51.475803],[-0.211253,51.475808],[-0.211241,51.475816],[-0.211215,51.475827],[-0.211183,51.475838],[-0.211129,51.475865],[-0.211123,51.475868],[-0.211105,51.475876],[-0.21108,51.475887],[-0.211075,51.47589],[-0.211005,51.475919],[-0.210991,51.475928],[-0.210976,51.475934],[-0.210968,51.475937],[-0.21095,51.475944],[-0.210935,51.475948],[-0.210873,51.475974],[-0.210856,51.475985],[-0.210847,51.47599],[-0.21083,51.475997],[-0.210821,51.476001],[-0.210806,51.47601],[-0.210771,51.476023],[-0.210902,51.476252],[-0.210905,51.476258],[-0.210928,51.476253],[-0.210991,51.476233],[-0.210996,51.476232],[-0.21125,51.476441],[-0.21123,51.476452],[-0.211159,51.47648],[-0.211123,51.476489],[-0.211113,51.476492],[-0.211102,51.476498],[-0.211021,51.476527],[-0.210989,51.476535],[-0.210983,51.476537],[-0.210952,51.476552],[-0.210886,51.476576],[-0.210856,51.476583],[-0.210852,51.476584],[-0.21079,51.476614],[-0.210725,51.476627],[-0.210717,51.476628],[-0.21067,51.47665],[-0.210619,51.476665],[-0.210594,51.47667],[-0.210549,51.47669],[-0.210473,51.476713],[-0.210466,51.476715],[-0.210449,51.476718],[-0.210404,51.476738],[-0.210343,51.476758],[-0.210333,51.47676],[-0.21032,51.476762],[-0.210282,51.47678],[-0.21021,51.476803],[-0.210204,51.476806],[-0.210145,51.476827],[-0.21014,51.476829],[-0.210111,51.476835],[-0.210094,51.476841],[-0.210083,51.476871],[-0.210081,51.476944],[-0.210105,51.476989],[-0.21011,51.476998],[-0.210252,51.477098],[-0.210014,51.47718],[-0.209982,51.477191],[-0.209955,51.4772],[-0.209914,51.477164],[-0.209906,51.477161],[-0.209885,51.477139],[-0.209878,51.477131],[-0.209849,51.477098],[-0.209825,51.477071],[-0.209817,51.477063],[-0.209806,51.477051],[-0.209773,51.477015],[-0.209767,51.477009],[-0.209764,51.477006],[-0.209726,51.476965],[-0.209714,51.476951],[-0.209604,51.476832],[-0.209574,51.476799],[-0.209528,51.476749],[-0.209521,51.476741],[-0.209503,51.476722],[-0.209437,51.476651],[-0.209413,51.476624],[-0.209395,51.476604],[-0.209385,51.476594],[-0.209346,51.476552],[-0.209337,51.476542],[-0.209319,51.476522],[-0.209315,51.476518],[-0.209294,51.476494],[-0.209284,51.47648],[-0.209263,51.476449],[-0.209256,51.476439],[-0.20917,51.476309],[-0.209162,51.476297],[-0.209144,51.47627],[-0.209139,51.476263]]]}},{"type":"Feature","properties":{"LSOA21CD":"E01001907","LSOA21NM":"Hammersmith and Fulham 022D","MEAN_PTAL_":"4","mean_AI":17.252227676,"borough":"Hammersmith & Fulham"},"geometry":{"type":"Polygon","coordinates":[[[-0.208373,51.475192],[-0.208335,51.475153],[-0.208314,51.47513],[-0.208299,51.475115],[-0.208289,51.475104],[-0.208243,51.475056],[-0.208225,51.475037],[-0.208221,51.475032],[-0.208168,51.474977],[-0.208153,51.474961],[-0.208148,51.474956],[-0.208145,51.474953],[-0.208126,51.474933],[-0.20811,51.474916],[-0.208091,51.474896],[-0.208085,51.474891],[-0.208047,51.47485],[-0.208023,51.474825],[-0.208016,51.474818],[-0.208011,51.474812],[-0.207989,51.47479],[-0.207938,51.474736],[-0.207899,51.474695],[-0.207883,51.474678],[-0.207853,51.474647],[-0.207823,51.474635],[-0.207724,51.474597],[-0.207709,51.474591],[-0.207682,51.47458],[-0.207659,51.474571],[-0.207533,51.474523],[-0.207555,51.474499],[-0.207606,51.474444],[-0.207737,51.474324],[-0.207778,51.474291],[-0.207856,51.47423],[-0.207866,51.474222],[-0.207872,51.474217],[-0.207892,51.474201],[-0.207944,51.47416],[-0.208005,51.474112],[-0.208035,51.474088],[-0.208038,51.474086],[-0.208073,51.474058],[-0.208117,51.474024],[-0.208141,51.474004],[-0.208168,51.473983],[-0.20833,51.473855],[-0.208321,51.473849],[-0.208299,51.473837],[-0.208292,51.473833],[-0.208147,51.473749],[-0.208201,51.473706],[-0.208278,51.473646],[-0.208448,51.47376],[-0.208453,51.473757],[-0.208473,51.473745],[-0.208512,51.473721],[-0.208686,51.473605],[-0.208833,51.473508],[-0.208837,51.473505],[-0.208868,51.473485],[-0.20888,51.473477],[-0.208894,51.473468],[-0.208917,51.473454],[-0.208947,51.473436],[-0.209326,51.473208],[-0.209275,51.473159],[-0.209277,51.473156],[-0.209369,51.473106],[-0.209416,51.47308],[-0.209488,51.473026],[-0.209529,51.473009],[-0.209661,51.472956],[-0.209743,51.472922],[-0.209778,51.472908],[-0.209802,51.472899],[-0.20985,51.472879],[-0.209855,51.472877],[-0.209896,51.472861],[-0.20991,51.472855],[-0.209908,51.472852],[-0.209871,51.472812],[-0.209852,51.472792],[-0.209823,51.472761],[-0.209774,51.472709],[-0.209758,51.472692],[-0.209766,51.472688],[-0.209828,51.47266],[-0.209854,51.472648],[-0.209884,51.472634],[-0.209949,51.472605],[-0.209953,51.472602],[-0.210017,51.472559],[-0.21004,51.472544],[-0.210048,51.472539],[-0.210057,51.472533],[-0.210117,51.472493],[-0.210171,51.472461],[-0.210233,51.472425],[-0.210281,51.472397],[-0.210285,51.472395],[-0.210315,51.472376],[-0.210416,51.472317],[-0.210508,51.472264],[-0.210605,51.472207],[-0.210618,51.472199],[-0.210623,51.472197],[-0.210633,51.472191],[-0.210672,51.472168],[-0.210698,51.472153],[-0.21071,51.472146],[-0.210813,51.472083],[-0.210862,51.472053],[-0.210914,51.472022],[-0.210927,51.472027],[-0.210975,51.472049],[-0.21101,51.472036],[-0.21119,51.471969],[-0.211285,51.471934],[-0.211304,51.471927],[-0.211326,51.471922],[-0.211391,51.471908],[-0.211438,51.471977],[-0.21144,51.47198],[-0.211463,51.472013],[-0.211468,51.472021],[-0.21149,51.472055],[-0.211496,51.472062],[-0.211522,51.472101],[-0.211527,51.472109],[-0.211569,51.472171],[-0.21158,51.472187],[-0.211593,51.472207],[-0.211602,51.47222],[-0.21162,51.472247],[-0.21165,51.472292],[-0.211676,51.472331],[-0.211684,51.472342],[-0.211698,51.472364],[-0.211716,51.47239],[-0.211724,51.472402],[-0.211756,51.472449],[-0.211757,51.472452],[-0.211777,51.472481],[-0.211794,51.472506],[-0.211831,51.472561],[-0.211841,51.472576],[-0.211862,51.472607],[-0.211874,51.472625],[-0.21189,51.472649],[-0.211895,51.472656],[-0.211897,51.472659],[-0.211926,51.472702],[-0.211936,51.472717],[-0.21195,51.472738],[-0.211961,51.472749],[-0.212001,51.472787],[-0.212006,51.472792],[-0.212016,51.472801],[-0.212019,51.472804],[-0.212094,51.472875],[-0.212096,51.472878],[-0.212123,51.472903],[-0.212168,51.472946],[-0.2122,51.472977],[-0.212205,51.472981],[-0.212223,51.472999],[-0.212248,51.473023],[-0.212311,51.473083],[-0.21232,51.473091],[-0.212365,51.473135],[-0.212384,51.473152],[-0.212451,51.473216],[-0.212478,51.473243],[-0.212484,51.473248],[-0.212566,51.473327],[-0.212663,51.473419],[-0.212562,51.473465],[-0.212512,51.473487],[-0.212342,51.473563],[-0.212343,51.473566],[-0.21236,51.473572],[-0.212481,51.473615],[-0.212523,51.473645],[-0.212578,51.473686],[-0.212566,51.473717],[-0.212542,51.473774],[-0.212535,51.473783],[-0.212532,51.473787],[-0.212516,51.473789],[-0.212441,51.473806],[-0.21239,51.473827],[-0.212332,51.473863],[-0.212328,51.473867],[-0.212319,51.473875],[-0.21226,51.473897],[-0.212219,51.473929],[-0.212124,51.473963],[-0.212098,51.473977],[-0.212075,51.473996],[-0.212061,51.474011],[-0.212028,51.474048],[-0.212015,51.47407],[-0.212031,51.474102],[-0.212034,51.474108],[-0.212065,51.474145],[-0.212112,51.47419],[-0.212285,51.474313],[-0.212031,51.474486],[-0.212025,51.47449],[-0.211787,51.47442],[-0.211775,51.474417],[-0.211562,51.474502],[-0.211434,51.474419],[-0.211429,51.474422],[-0.211403,51.474435],[-0.211398,51.474437],[-0.211337,51.474396],[-0.211327,51.47439],[-0.211285,51.474362],[-0.211273,51.474355],[-0.211201,51.474238],[-0.211187,51.474217],[-0.211112,51.4742],[-0.211103,51.474198],[-0.211068,51.474211],[-0.211065,51.474212],[-0.211005,51.474235],[-0.21098,51.474249],[-0.210949,51.47426],[-0.210924,51.474274],[-0.210916,51.474278],[-0.210887,51.474289],[-0.210749,51.474344],[-0.210711,51.474359],[-0.210675,51.474376],[-0.210573,51.474424],[-0.210523,51.474448],[-0.210442,51.474486],[-0.210394,51.474509],[-0.210303,51.474552],[-0.210283,51.474582],[-0.210244,51.474639],[-0.21,51.474742],[-0.209697,51.47487],[-0.209454,51.474972],[-0.209431,51.474982],[-0.209388,51.475],[-0.209308,51.475034],[-0.209254,51.475057],[-0.209164,51.475095],[-0.208979,51.475173],[-0.208881,51.475215],[-0.208863,51.4752],[-0.20886,51.475198],[-0.208857,51.475201],[-0.208846,51.475215],[-0.208816,51.475286],[-0.208815,51.47529],[-0.208905,51.475377],[-0.209007,51.475421],[-0.209039,51.475445],[-0.209024,51.475462],[-0.209016,51.475471],[-0.20901,51.475477],[-0.209079,51.475597],[-0.209084,51.475601],[-0.209144,51.475647],[-0.209158,51.475653],[-0.209139,51.475675],[-0.209116,51.475702],[-0.209125,51.475756],[-0.209126,51.475762],[-0.209244,51.475861],[-0.209187,51.475889],[-0.209132,51.475896],[-0.208935,51.475958],[-0.208911,51.475922],[-0.208892,51.475893],[-0.208875,51.475866],[-0.208867,51.475852],[-0.208863,51.475847],[-0.208828,51.475791],[-0.208806,51.475756],[-0.208775,51.475706],[-0.208757,51.475678],[-0.208751,51.475667],[-0.208749,51.475665],[-0.208724,51.475625],[-0.208701,51.475587],[-0.208691,51.475571],[-0.208689,51.475569],[-0.208663,51.475527],[-0.20866,51.475523],[-0.20865,51.475506],[-0.208648,51.475503],[-0.208607,51.475439],[-0.208603,51.475434],[-0.208565,51.475394],[-0.208537,51.475365],[-0.208534,51.475361],[-0.208493,51.475318],[-0.208468,51.475292],[-0.208463,51.475286],[-0.208443,51.475266],[-0.208417,51.475239],[-0.208397,51.475218],[-0.208375,51.475195],[-0.208373,51.475192]]]}},{"type":"Feature","properties":{"LSOA21CD":"E01001908","LSOA21NM":"Hammersmith and Fulham 015B","MEAN_PTAL_":"5","mean_AI":21.552719386,"borough":"Hammersmith & Fulham"},"geometry":{"type":"Polygon","coordinates":[[[-0.205995,51.489316],[-0.20594,51.489243],[-0.205841,51.489134],[-0.205789,51.489077],[-0.205786,51.489073],[-0.205775,51.489061],[-0.205705,51.488997],[-0.205684,51.488981],[-0.205621,51.488932],[-0.205551,51.488886],[-0.205543,51.488881],[-0.205525,51.488869],[-0.205509,51.488859],[-0.20539,51.488814],[-0.20531,51.488784],[-0.205025,51.488697],[-0.204994,51.488689],[-0.204969,51.48868],[-0.204932,51.48867],[-0.204924,51.488668],[-0.204899,51.488661],[-0.20489,51.488659],[-0.204755,51.488622],[-0.204718,51.488612],[-0.204505,51.488554],[-0.204496,51.488552],[-0.204441,51.488537],[-0.204376,51.488508],[-0.204356,51.488499],[-0.204242,51.488462],[-0.204233,51.488456],[-0.204186,51.488425],[-0.204117,51.488361],[-0.204063,51.48827],[-0.204061,51.488268],[-0.204314,51.488179],[-0.204321,51.488177],[-0.204326,51.488177],[-0.204375,51.488172],[-0.204384,51.488172],[-0.20445,51.488173],[-0.204491,51.488174],[-0.20452,51.488182],[-0.204572,51.488196],[-0.20471,51.488286],[-0.204736,51.488303],[-0.20477,51.488302],[-0.204811,51.488299],[-0.204816,51.488298],[-0.204832,51.488299],[-0.204857,51.488299],[-0.204861,51.488299],[-0.204862,51.488307],[-0.204872,51.488397],[-0.204893,51.488395],[-0.204914,51.488393],[-0.20498,51.488389],[-0.204998,51.488387],[-0.205008,51.488387],[-0.205057,51.488383],[-0.205128,51.488378],[-0.205187,51.488373],[-0.205281,51.488366],[-0.205459,51.488353],[-0.205467,51.48835],[-0.205599,51.488303],[-0.205767,51.488243],[-0.205824,51.488223],[-0.205895,51.488197],[-0.205951,51.488177],[-0.206101,51.488124],[-0.206118,51.488117],[-0.206141,51.488109],[-0.206244,51.488236],[-0.206265,51.488261],[-0.206314,51.488248],[-0.206297,51.488223],[-0.206407,51.488193],[-0.206508,51.488165],[-0.206589,51.488142],[-0.206651,51.488125],[-0.206723,51.488105],[-0.206773,51.488091],[-0.206814,51.488079],[-0.206847,51.48807],[-0.206868,51.488064],[-0.20688,51.488061],[-0.206909,51.488053],[-0.206964,51.488038],[-0.207001,51.488029],[-0.207066,51.488012],[-0.207078,51.488009],[-0.207136,51.487993],[-0.207231,51.487969],[-0.207268,51.487959],[-0.207308,51.487948],[-0.207382,51.487929],[-0.207405,51.487923],[-0.207426,51.487918],[-0.207447,51.487912],[-0.207533,51.487889],[-0.207552,51.487885],[-0.20759,51.487874],[-0.207615,51.487868],[-0.20767,51.487854],[-0.207677,51.487852],[-0.207791,51.487822],[-0.20781,51.487817],[-0.207858,51.487805],[-0.207884,51.487798],[-0.207929,51.487786],[-0.207958,51.487778],[-0.207973,51.487774],[-0.20798,51.487773],[-0.208102,51.487741],[-0.208156,51.487728],[-0.208175,51.487721],[-0.208182,51.487734],[-0.2082,51.487737],[-0.208273,51.487697],[-0.208277,51.487696],[-0.208574,51.487616],[-0.208578,51.487623],[-0.208581,51.487628],[-0.208577,51.487629],[-0.208543,51.487638],[-0.20857,51.487677],[-0.208666,51.487818],[-0.208751,51.487784],[-0.208785,51.487781],[-0.208804,51.487774],[-0.208827,51.48777],[-0.208855,51.487766],[-0.208887,51.487751],[-0.20892,51.487746],[-0.208945,51.487734],[-0.208989,51.487729],[-0.209007,51.487721],[-0.209046,51.487704],[-0.209082,51.487699],[-0.209105,51.48769],[-0.209165,51.487684],[-0.209171,51.487681],[-0.209193,51.487669],[-0.209238,51.48766],[-0.209242,51.487658],[-0.209279,51.487638],[-0.209333,51.48763],[-0.209341,51.487629],[-0.209389,51.48762],[-0.209396,51.487618],[-0.209436,51.48761],[-0.209595,51.48749],[-0.209692,51.487642],[-0.209723,51.48769],[-0.209744,51.487723],[-0.209759,51.487746],[-0.209761,51.487749],[-0.209765,51.487755],[-0.209771,51.487764],[-0.209822,51.487841],[-0.209832,51.487856],[-0.209847,51.487879],[-0.209867,51.487909],[-0.209909,51.487971],[-0.209889,51.487976],[-0.209685,51.488025],[-0.209674,51.48803],[-0.20958,51.488113],[-0.209569,51.488126],[-0.209566,51.488133],[-0.209561,51.488142],[-0.209494,51.488127],[-0.209487,51.488126],[-0.209353,51.488109],[-0.209223,51.488117],[-0.209217,51.488119],[-0.209213,51.488121],[-0.209206,51.488122],[-0.20914,51.488142],[-0.20913,51.488145],[-0.209028,51.488217],[-0.209006,51.488246],[-0.209001,51.488245],[-0.208937,51.488222],[-0.20902,51.488334],[-0.209021,51.488391],[-0.209039,51.48841],[-0.209168,51.488376],[-0.20932,51.488337],[-0.209441,51.488306],[-0.209635,51.488256],[-0.209643,51.488254],[-0.209663,51.488249],[-0.210013,51.488159],[-0.210015,51.488163],[-0.210033,51.488158],[-0.210048,51.488181],[-0.210155,51.488346],[-0.21017,51.488369],[-0.210235,51.488468],[-0.210276,51.488532],[-0.210302,51.488572],[-0.210343,51.488636],[-0.210367,51.488675],[-0.210369,51.488678],[-0.210407,51.48874],[-0.210401,51.488749],[-0.210339,51.488766],[-0.210263,51.488788],[-0.210187,51.488813],[-0.210176,51.488814],[-0.210161,51.488819],[-0.210142,51.48883],[-0.210115,51.488846],[-0.210027,51.488871],[-0.21002,51.488874],[-0.21,51.48888],[-0.209983,51.488885],[-0.209969,51.488893],[-0.2099,51.488909],[-0.209879,51.488913],[-0.209851,51.488925],[-0.209828,51.488932],[-0.209809,51.488931],[-0.209724,51.488954],[-0.209689,51.488969],[-0.209656,51.488968],[-0.209581,51.488987],[-0.20957,51.48899],[-0.209563,51.488995],[-0.209481,51.489022],[-0.20946,51.489023],[-0.20945,51.489024],[-0.209421,51.489058],[-0.209367,51.489083],[-0.209293,51.489094],[-0.209152,51.489087],[-0.20906,51.489082],[-0.208989,51.48897],[-0.208977,51.488952],[-0.208963,51.48893],[-0.208935,51.488887],[-0.208829,51.488729],[-0.208628,51.488772],[-0.208614,51.488775],[-0.208599,51.488772],[-0.208528,51.488794],[-0.208519,51.488794],[-0.20846,51.488806],[-0.208448,51.488809],[-0.208404,51.48882],[-0.208364,51.48884],[-0.208313,51.48885],[-0.208291,51.488864],[-0.208191,51.488883],[-0.208141,51.488907],[-0.208127,51.488914],[-0.208123,51.488918],[-0.208069,51.48892],[-0.208019,51.488932],[-0.207972,51.488943],[-0.207964,51.488944],[-0.207906,51.488958],[-0.207887,51.488967],[-0.207819,51.488986],[-0.207811,51.488988],[-0.207726,51.489004],[-0.207715,51.489009],[-0.207651,51.489022],[-0.207625,51.489033],[-0.207598,51.489038],[-0.207579,51.489042],[-0.207547,51.489058],[-0.207482,51.489074],[-0.207473,51.489076],[-0.207461,51.489077],[-0.207434,51.489084],[-0.207411,51.48909],[-0.207407,51.489091],[-0.207402,51.489091],[-0.207351,51.489105],[-0.207342,51.489111],[-0.207338,51.489114],[-0.207259,51.48914],[-0.207245,51.489141],[-0.207232,51.489142],[-0.207207,51.48915],[-0.207167,51.489162],[-0.207156,51.489166],[-0.207149,51.48917],[-0.206958,51.489221],[-0.206953,51.489219],[-0.206932,51.48921],[-0.206925,51.489207],[-0.206763,51.489274],[-0.206659,51.489288],[-0.206592,51.489281],[-0.206572,51.489294],[-0.206561,51.489302],[-0.206513,51.489321],[-0.206431,51.489305],[-0.206387,51.489311],[-0.206376,51.489313],[-0.2063,51.489283],[-0.206244,51.48933],[-0.206241,51.489388],[-0.20624,51.489401],[-0.20623,51.489415],[-0.206197,51.489428],[-0.206115,51.48946],[-0.206075,51.489437],[-0.205995,51.489316]]]}},{"type":"Feature","properties":{"LSOA21CD":"E01001909","LSOA21NM":"Hammersmith and Fulham 015C","MEAN_PTAL_":"5","mean_AI":21.6032422249,"borough":"Hammersmith & Fulham"},"geometry":{"type":"Polygon","coordinates":[[[-0.206244,51.488236],[-0.206141,51.488109],[-0.206118,51.488117],[-0.206101,51.488124],[-0.205951,51.488177],[-0.205895,51.488197],[-0.205824,51.488223],[-0.205767,51.488243],[-0.205725,51.488171],[-0.205702,51.488133],[-0.20569,51.488113],[-0.205696,51.488099],[-0.20569,51.488096],[-0.205672,51.488086],[-0.205679,51.488016],[-0.20568,51.488007],[-0.205647,51.488007],[-0.20557,51.488005],[-0.205496,51.488004],[-0.205379,51.488002],[-0.205374,51.488002],[-0.205367,51.487942],[-0.205357,51.487862],[-0.205364,51.487851],[-0.205367,51.487845],[-0.205374,51.487842],[-0.205472,51.487791],[-0.205478,51.487785],[-0.205576,51.487692],[-0.205612,51.487647],[-0.205628,51.487646],[-0.205643,51.487647],[-0.205688,51.487648],[-0.205693,51.487648],[-0.205708,51.487649],[-0.205712,51.487649],[-0.205724,51.487643],[-0.205738,51.487635],[-0.205752,51.487627],[-0.205762,51.487622],[-0.205768,51.487617],[-0.205808,51.487598],[-0.205818,51.487591],[-0.205838,51.487578],[-0.20591,51.48753],[-0.205915,51.487525],[-0.205963,51.487472],[-0.205985,51.48742],[-0.205983,51.487406],[-0.205982,51.487388],[-0.205931,51.487299],[-0.205929,51.487296],[-0.205862,51.487228],[-0.205841,51.487199],[-0.205835,51.487193],[-0.205813,51.487195],[-0.205806,51.487196],[-0.205775,51.487199],[-0.205682,51.487003],[-0.205581,51.486901],[-0.205558,51.486887],[-0.205503,51.486861],[-0.205474,51.486849],[-0.205391,51.48683],[-0.20538,51.486828],[-0.205356,51.486802],[-0.205363,51.486792],[-0.205379,51.486766],[-0.205422,51.486712],[-0.205486,51.486663],[-0.205589,51.486607],[-0.205785,51.486537],[-0.205812,51.486435],[-0.205752,51.486361],[-0.205743,51.48635],[-0.205723,51.486354],[-0.205709,51.486329],[-0.205724,51.486326],[-0.20567,51.486217],[-0.20565,51.486176],[-0.205591,51.486107],[-0.205583,51.486109],[-0.205468,51.48613],[-0.205399,51.486135],[-0.205384,51.48614],[-0.205339,51.486148],[-0.205312,51.486157],[-0.205283,51.486162],[-0.205262,51.486164],[-0.205229,51.48617],[-0.205222,51.48617],[-0.205193,51.486175],[-0.205168,51.486176],[-0.205151,51.486179],[-0.205098,51.486188],[-0.205046,51.486204],[-0.204966,51.486215],[-0.20496,51.486215],[-0.204934,51.486218],[-0.204905,51.486218],[-0.204875,51.486223],[-0.204868,51.486225],[-0.204856,51.486229],[-0.204819,51.486236],[-0.204775,51.48625],[-0.204676,51.486267],[-0.204669,51.486269],[-0.20466,51.486271],[-0.204644,51.486271],[-0.204579,51.486281],[-0.204562,51.486282],[-0.20453,51.486287],[-0.204516,51.48629],[-0.204477,51.486301],[-0.204415,51.486312],[-0.20436,51.486319],[-0.204338,51.48632],[-0.204314,51.486324],[-0.204202,51.486343],[-0.204163,51.486355],[-0.204141,51.486359],[-0.204128,51.486363],[-0.204072,51.486373],[-0.204064,51.486373],[-0.204051,51.486376],[-0.203996,51.486378],[-0.203988,51.486378],[-0.203975,51.486381],[-0.203957,51.486384],[-0.203927,51.486393],[-0.203819,51.486406],[-0.203773,51.486413],[-0.203767,51.486414],[-0.203742,51.486421],[-0.203726,51.486429],[-0.203689,51.48644],[-0.203654,51.486446],[-0.203627,51.486454],[-0.203598,51.486454],[-0.203559,51.486455],[-0.203466,51.486472],[-0.20339,51.486426],[-0.203347,51.486372],[-0.203334,51.486343],[-0.203354,51.486235],[-0.20295,51.486307],[-0.20293,51.48631],[-0.202927,51.486302],[-0.202892,51.486208],[-0.2029,51.486207],[-0.203126,51.486172],[-0.203319,51.485927],[-0.203253,51.485871],[-0.203247,51.48586],[-0.203235,51.485821],[-0.203209,51.485811],[-0.203159,51.485791],[-0.203133,51.485781],[-0.203127,51.485779],[-0.203095,51.485775],[-0.203062,51.485771],[-0.203043,51.485768],[-0.202746,51.485817],[-0.202745,51.485826],[-0.202736,51.485828],[-0.202723,51.48583],[-0.202719,51.485821],[-0.202689,51.485759],[-0.202626,51.485622],[-0.20261,51.485596],[-0.202594,51.485589],[-0.202583,51.485566],[-0.202579,51.485559],[-0.202556,51.485563],[-0.202542,51.485565],[-0.202402,51.485591],[-0.202415,51.485548],[-0.202418,51.485537],[-0.20242,51.48553],[-0.20245,51.485523],[-0.202502,51.485511],[-0.202539,51.485503],[-0.202543,51.485502],[-0.202549,51.485501],[-0.202552,51.485499],[-0.202705,51.485383],[-0.20272,51.485372],[-0.202762,51.485341],[-0.202798,51.485314],[-0.202807,51.485308],[-0.202812,51.485305],[-0.202868,51.485272],[-0.202872,51.48527],[-0.202877,51.485267],[-0.202897,51.485255],[-0.202913,51.485245],[-0.202957,51.485219],[-0.202985,51.485203],[-0.203025,51.485179],[-0.203031,51.485176],[-0.203035,51.485173],[-0.203059,51.485159],[-0.203079,51.485147],[-0.203241,51.485052],[-0.203266,51.485036],[-0.203294,51.48502],[-0.203349,51.484997],[-0.203432,51.484962],[-0.203505,51.484932],[-0.20368,51.484858],[-0.203816,51.484801],[-0.203879,51.484775],[-0.203891,51.48477],[-0.203965,51.484743],[-0.204304,51.48462],[-0.204435,51.484573],[-0.204454,51.484568],[-0.204522,51.484549],[-0.204605,51.484527],[-0.204637,51.484518],[-0.204761,51.484484],[-0.204797,51.484475],[-0.204833,51.484465],[-0.204886,51.484451],[-0.204933,51.484442],[-0.204963,51.484436],[-0.205153,51.484796],[-0.205231,51.484943],[-0.205251,51.484982],[-0.205394,51.485263],[-0.205485,51.485441],[-0.205585,51.485443],[-0.205599,51.48544],[-0.205878,51.485391],[-0.206044,51.485362],[-0.20608,51.485356],[-0.206195,51.485336],[-0.206321,51.485314],[-0.206349,51.485309],[-0.206506,51.485281],[-0.206538,51.485276],[-0.206717,51.485244],[-0.206789,51.485245],[-0.206822,51.485246],[-0.206882,51.485291],[-0.206902,51.485283],[-0.206989,51.485358],[-0.207035,51.485399],[-0.207277,51.485609],[-0.207292,51.485622],[-0.207417,51.485758],[-0.207447,51.485805],[-0.207455,51.485818],[-0.207531,51.485936],[-0.207569,51.485994],[-0.207593,51.486031],[-0.207618,51.486074],[-0.207709,51.48623],[-0.207742,51.486285],[-0.207756,51.486285],[-0.207843,51.486264],[-0.207927,51.486244],[-0.208137,51.486193],[-0.208235,51.486204],[-0.208222,51.486308],[-0.208216,51.486357],[-0.208215,51.486359],[-0.208223,51.486395],[-0.208231,51.486408],[-0.208246,51.486431],[-0.208278,51.486461],[-0.20829,51.486471],[-0.208338,51.486502],[-0.208419,51.48648],[-0.208439,51.486475],[-0.208454,51.486471],[-0.208542,51.486433],[-0.208547,51.486433],[-0.208553,51.486432],[-0.208567,51.48643],[-0.208598,51.486415],[-0.208639,51.486395],[-0.208645,51.486392],[-0.208661,51.486381],[-0.208676,51.48638],[-0.208736,51.486376],[-0.208765,51.48637],[-0.208769,51.486369],[-0.208819,51.486351],[-0.208866,51.486335],[-0.208882,51.486329],[-0.208886,51.486328],[-0.208958,51.486303],[-0.209068,51.486259],[-0.209089,51.486258],[-0.209185,51.486251],[-0.209206,51.486254],[-0.209321,51.486272],[-0.209334,51.486277],[-0.209351,51.486283],[-0.209577,51.486366],[-0.209739,51.486355],[-0.209861,51.48644],[-0.209898,51.486476],[-0.2099,51.486479],[-0.20991,51.486491],[-0.209904,51.486594],[-0.210164,51.486592],[-0.210147,51.486606],[-0.210074,51.486671],[-0.210037,51.486694],[-0.210001,51.486715],[-0.209895,51.486754],[-0.209891,51.486824],[-0.210033,51.486971],[-0.209813,51.487039],[-0.209623,51.487098],[-0.209603,51.4871],[-0.209509,51.487125],[-0.209459,51.48714],[-0.209375,51.487147],[-0.209264,51.487228],[-0.209122,51.487219],[-0.209038,51.487213],[-0.209007,51.487196],[-0.208879,51.487267],[-0.208821,51.487284],[-0.20871,51.487296],[-0.208687,51.487295],[-0.208595,51.487291],[-0.208507,51.487269],[-0.208443,51.487246],[-0.208478,51.487018],[-0.208487,51.487014],[-0.208584,51.48697],[-0.208479,51.486874],[-0.208457,51.486854],[-0.208307,51.486897],[-0.208324,51.486917],[-0.208214,51.486947],[-0.208223,51.486966],[-0.208226,51.486971],[-0.208341,51.487211],[-0.208343,51.487216],[-0.208264,51.487245],[-0.207962,51.487354],[-0.20798,51.487382],[-0.207975,51.487386],[-0.207961,51.487392],[-0.208061,51.487546],[-0.208072,51.487563],[-0.208108,51.487619],[-0.208175,51.487721],[-0.208156,51.487728],[-0.208102,51.487741],[-0.20798,51.487773],[-0.207973,51.487774],[-0.207958,51.487778],[-0.207929,51.487786],[-0.207884,51.487798],[-0.207858,51.487805],[-0.20781,51.487817],[-0.207791,51.487822],[-0.207677,51.487852],[-0.20767,51.487854],[-0.207615,51.487868],[-0.20759,51.487874],[-0.207552,51.487885],[-0.207533,51.487889],[-0.207447,51.487912],[-0.207426,51.487918],[-0.207405,51.487923],[-0.207382,51.487929],[-0.207308,51.487948],[-0.207268,51.487959],[-0.207231,51.487969],[-0.207136,51.487993],[-0.207078,51.488009],[-0.207066,51.488012],[-0.207001,51.488029],[-0.206964,51.488038],[-0.206909,51.488053],[-0.20688,51.488061],[-0.206868,51.488064],[-0.206847,51.48807],[-0.206814,51.488079],[-0.206773,51.488091],[-0.206723,51.488105],[-0.206651,51.488125],[-0.206589,51.488142],[-0.206508,51.488165],[-0.206407,51.488193],[-0.206297,51.488223],[-0.206314,51.488248],[-0.206265,51.488261],[-0.206244,51.488236]]]}},{"type":"Feature","properties":{"LSOA21CD":"E01001910","LSOA21NM":"Hammersmith and Fulham 014B","MEAN_PTAL_":"5","mean_AI":24.4774753807,"borough":"Hammersmith & Fulham"},"geometry":{"type":"Polygon","coordinates":[[[-0.210686,51.490514],[-0.210619,51.490511],[-0.210571,51.490511],[-0.210544,51.49051],[-0.210453,51.490509],[-0.210317,51.490508],[-0.210269,51.490509],[-0.210219,51.49051],[-0.210197,51.490511],[-0.210171,51.490511],[-0.210198,51.490427],[-0.210211,51.490385],[-0.210357,51.490077],[-0.210243,51.490077],[-0.210023,51.490078],[-0.209566,51.490081],[-0.209565,51.490058],[-0.209544,51.490061],[-0.209516,51.490062],[-0.209475,51.490061],[-0.209427,51.48983],[-0.209408,51.489737],[-0.209407,51.489731],[-0.20945,51.489728],[-0.209444,51.489704],[-0.209452,51.489702],[-0.209439,51.489672],[-0.209432,51.489657],[-0.209416,51.489618],[-0.209412,51.48961],[-0.209357,51.489532],[-0.209351,51.489523],[-0.209349,51.48952],[-0.20923,51.489351],[-0.209221,51.489338],[-0.209218,51.489334],[-0.209182,51.489276],[-0.20906,51.489082],[-0.209152,51.489087],[-0.209293,51.489094],[-0.209367,51.489083],[-0.209421,51.489058],[-0.20945,51.489024],[-0.20946,51.489023],[-0.209481,51.489022],[-0.209563,51.488995],[-0.20957,51.48899],[-0.209581,51.488987],[-0.209656,51.488968],[-0.209689,51.488969],[-0.209724,51.488954],[-0.209809,51.488931],[-0.209828,51.488932],[-0.209851,51.488925],[-0.209879,51.488913],[-0.2099,51.488909],[-0.209969,51.488893],[-0.209983,51.488885],[-0.21,51.48888],[-0.21002,51.488874],[-0.210027,51.488871],[-0.210115,51.488846],[-0.210142,51.48883],[-0.210161,51.488819],[-0.210176,51.488814],[-0.210187,51.488813],[-0.210263,51.488788],[-0.210339,51.488766],[-0.210401,51.488749],[-0.210407,51.48874],[-0.210451,51.488676],[-0.210495,51.488683],[-0.210609,51.48872],[-0.210638,51.488721],[-0.210719,51.488698],[-0.210726,51.488691],[-0.210783,51.488638],[-0.210789,51.488632],[-0.210807,51.488615],[-0.210831,51.488601],[-0.210834,51.488595],[-0.210842,51.488584],[-0.210845,51.488579],[-0.210855,51.488542],[-0.210862,51.48853],[-0.2109,51.488463],[-0.210908,51.488449],[-0.210948,51.488409],[-0.211005,51.488315],[-0.211011,51.488303],[-0.211012,51.4883],[-0.211028,51.488253],[-0.21103,51.488248],[-0.210307,51.488501],[-0.210245,51.488349],[-0.210235,51.488326],[-0.210253,51.488277],[-0.210433,51.488233],[-0.211116,51.488097],[-0.211121,51.488092],[-0.21114,51.488074],[-0.211292,51.487904],[-0.211324,51.487852],[-0.211331,51.48784],[-0.211395,51.487735],[-0.211413,51.487705],[-0.211435,51.48766],[-0.211558,51.487499],[-0.211573,51.487482],[-0.211593,51.487458],[-0.211611,51.487453],[-0.211768,51.487416],[-0.212359,51.487229],[-0.212042,51.487021],[-0.211369,51.486601],[-0.211208,51.486543],[-0.211132,51.486442],[-0.211125,51.486432],[-0.211148,51.486427],[-0.211272,51.486402],[-0.211279,51.486415],[-0.211286,51.486414],[-0.211308,51.48641],[-0.211301,51.486396],[-0.211391,51.486377],[-0.211463,51.486362],[-0.211468,51.486361],[-0.211669,51.48632],[-0.211716,51.486309],[-0.21195,51.486269],[-0.21196,51.486267],[-0.21207,51.486248],[-0.212155,51.486234],[-0.212163,51.486233],[-0.212281,51.486212],[-0.212396,51.486193],[-0.212411,51.486222],[-0.212596,51.486591],[-0.212745,51.48689],[-0.212785,51.486971],[-0.212803,51.487006],[-0.213176,51.48693],[-0.213207,51.487003],[-0.213216,51.487024],[-0.213233,51.487021],[-0.213359,51.486998],[-0.213389,51.486992],[-0.21348,51.486975],[-0.213491,51.486996],[-0.213515,51.487043],[-0.213578,51.487167],[-0.213645,51.487298],[-0.213664,51.487338],[-0.213663,51.487341],[-0.213501,51.48737],[-0.213413,51.487386],[-0.213392,51.48739],[-0.213165,51.487436],[-0.213068,51.487456],[-0.212996,51.487495],[-0.213153,51.487804],[-0.213164,51.487826],[-0.213248,51.487991],[-0.213234,51.487993],[-0.212833,51.488055],[-0.212689,51.488077],[-0.212347,51.488131],[-0.212355,51.488142],[-0.212379,51.488179],[-0.212465,51.488309],[-0.212541,51.488425],[-0.212564,51.488461],[-0.212589,51.488498],[-0.212592,51.488503],[-0.212613,51.488534],[-0.212629,51.48856],[-0.212665,51.488615],[-0.212704,51.488674],[-0.212727,51.488708],[-0.212747,51.488739],[-0.212808,51.488831],[-0.212832,51.488867],[-0.212846,51.48889],[-0.21289,51.488956],[-0.212907,51.488981],[-0.212929,51.489015],[-0.212958,51.489059],[-0.212982,51.489096],[-0.212991,51.48911],[-0.213017,51.48915],[-0.213061,51.489215],[-0.213078,51.489242],[-0.213128,51.489317],[-0.213147,51.489346],[-0.213239,51.489487],[-0.213243,51.489493],[-0.213358,51.489667],[-0.213415,51.489754],[-0.213439,51.489791],[-0.213446,51.489802],[-0.213471,51.489839],[-0.213479,51.489851],[-0.213485,51.489861],[-0.213498,51.48988],[-0.213523,51.489918],[-0.21353,51.489929],[-0.213564,51.489981],[-0.21367,51.490142],[-0.213672,51.490145],[-0.213701,51.490188],[-0.213721,51.49022],[-0.213693,51.490219],[-0.213465,51.490213],[-0.213379,51.49021],[-0.213308,51.490208],[-0.213294,51.490208],[-0.21323,51.490206],[-0.21324,51.490284],[-0.213241,51.490359],[-0.213247,51.490668],[-0.213249,51.490737],[-0.213249,51.490752],[-0.21324,51.490751],[-0.213227,51.490749],[-0.21263,51.490687],[-0.212602,51.490684],[-0.212595,51.490683],[-0.212553,51.490679],[-0.212544,51.490678],[-0.212397,51.490662],[-0.21236,51.490658],[-0.212346,51.490657],[-0.212216,51.490643],[-0.212204,51.490642],[-0.212005,51.490621],[-0.211746,51.490594],[-0.211673,51.490586],[-0.211583,51.490577],[-0.211568,51.490575],[-0.211461,51.490564],[-0.211338,51.490551],[-0.211326,51.49055],[-0.211239,51.490541],[-0.211221,51.490539],[-0.211202,51.490537],[-0.211149,51.490534],[-0.211135,51.490533],[-0.211116,51.490532],[-0.211103,51.490532],[-0.211057,51.49053],[-0.210963,51.490526],[-0.210955,51.490525],[-0.210883,51.490522],[-0.210763,51.490517],[-0.210735,51.490516],[-0.210686,51.490514]]]}},{"type":"Feature","properties":{"LSOA21CD":"E01001913","LSOA21NM":"Hammersmith and Fulham 014C","MEAN_PTAL_":"4","mean_AI":19.3856532182,"borough":"Hammersmith & Fulham"},"geometry":{"type":"Polygon","coordinates":[[[-0.210367,51.488675],[-0.210343,51.488636],[-0.210302,51.488572],[-0.210276,51.488532],[-0.210235,51.488468],[-0.21017,51.488369],[-0.210155,51.488346],[-0.210048,51.488181],[-0.210033,51.488158],[-0.210015,51.488163],[-0.210013,51.488159],[-0.209663,51.488249],[-0.209643,51.488254],[-0.209635,51.488256],[-0.209441,51.488306],[-0.20932,51.488337],[-0.209168,51.488376],[-0.209039,51.48841],[-0.209021,51.488391],[-0.20902,51.488334],[-0.208937,51.488222],[-0.209001,51.488245],[-0.209006,51.488246],[-0.209028,51.488217],[-0.20913,51.488145],[-0.20914,51.488142],[-0.209206,51.488122],[-0.209213,51.488121],[-0.209217,51.488119],[-0.209223,51.488117],[-0.209353,51.488109],[-0.209487,51.488126],[-0.209494,51.488127],[-0.209561,51.488142],[-0.209566,51.488133],[-0.209569,51.488126],[-0.20958,51.488113],[-0.209674,51.48803],[-0.209685,51.488025],[-0.209889,51.487976],[-0.209909,51.487971],[-0.209867,51.487909],[-0.209847,51.487879],[-0.209832,51.487856],[-0.209822,51.487841],[-0.209771,51.487764],[-0.209765,51.487755],[-0.209761,51.487749],[-0.209759,51.487746],[-0.209744,51.487723],[-0.209723,51.48769],[-0.209692,51.487642],[-0.209595,51.48749],[-0.209436,51.48761],[-0.209396,51.487618],[-0.209389,51.48762],[-0.209341,51.487629],[-0.209333,51.48763],[-0.209279,51.487638],[-0.209242,51.487658],[-0.209238,51.48766],[-0.209193,51.487669],[-0.209171,51.487681],[-0.209165,51.487684],[-0.209105,51.48769],[-0.209082,51.487699],[-0.209046,51.487704],[-0.209007,51.487721],[-0.208989,51.487729],[-0.208945,51.487734],[-0.20892,51.487746],[-0.208887,51.487751],[-0.208855,51.487766],[-0.208827,51.48777],[-0.208804,51.487774],[-0.208785,51.487781],[-0.208751,51.487784],[-0.208666,51.487818],[-0.20857,51.487677],[-0.208543,51.487638],[-0.208577,51.487629],[-0.208581,51.487628],[-0.208578,51.487623],[-0.208574,51.487616],[-0.208277,51.487696],[-0.208273,51.487697],[-0.2082,51.487737],[-0.208182,51.487734],[-0.208175,51.487721],[-0.208108,51.487619],[-0.208072,51.487563],[-0.208061,51.487546],[-0.207961,51.487392],[-0.207975,51.487386],[-0.20798,51.487382],[-0.207962,51.487354],[-0.208264,51.487245],[-0.208343,51.487216],[-0.208341,51.487211],[-0.208226,51.486971],[-0.208223,51.486966],[-0.208214,51.486947],[-0.208324,51.486917],[-0.208307,51.486897],[-0.208457,51.486854],[-0.208479,51.486874],[-0.208584,51.48697],[-0.208487,51.487014],[-0.208478,51.487018],[-0.208443,51.487246],[-0.208507,51.487269],[-0.208595,51.487291],[-0.208687,51.487295],[-0.20871,51.487296],[-0.208821,51.487284],[-0.208879,51.487267],[-0.209007,51.487196],[-0.209038,51.487213],[-0.209122,51.487219],[-0.209264,51.487228],[-0.209375,51.487147],[-0.209459,51.48714],[-0.209509,51.487125],[-0.209603,51.4871],[-0.209623,51.487098],[-0.209813,51.487039],[-0.210033,51.486971],[-0.209891,51.486824],[-0.209895,51.486754],[-0.210001,51.486715],[-0.210037,51.486694],[-0.210074,51.486671],[-0.210147,51.486606],[-0.210164,51.486592],[-0.209904,51.486594],[-0.20991,51.486491],[-0.2099,51.486479],[-0.209898,51.486476],[-0.209861,51.48644],[-0.209739,51.486355],[-0.209577,51.486366],[-0.209351,51.486283],[-0.209334,51.486277],[-0.209321,51.486272],[-0.209206,51.486254],[-0.209185,51.486251],[-0.209089,51.486258],[-0.209068,51.486259],[-0.208958,51.486303],[-0.208886,51.486328],[-0.208882,51.486329],[-0.208866,51.486335],[-0.208819,51.486351],[-0.208769,51.486369],[-0.208765,51.48637],[-0.208736,51.486376],[-0.208676,51.48638],[-0.208661,51.486381],[-0.208645,51.486392],[-0.208639,51.486395],[-0.208598,51.486415],[-0.208567,51.48643],[-0.208553,51.486432],[-0.208547,51.486433],[-0.208542,51.486433],[-0.208454,51.486471],[-0.208439,51.486475],[-0.208419,51.48648],[-0.208338,51.486502],[-0.20829,51.486471],[-0.208278,51.486461],[-0.208246,51.486431],[-0.208231,51.486408],[-0.208223,51.486395],[-0.208215,51.486359],[-0.208216,51.486357],[-0.208222,51.486308],[-0.208235,51.486204],[-0.208137,51.486193],[-0.207927,51.486244],[-0.207843,51.486264],[-0.207756,51.486285],[-0.207742,51.486285],[-0.207709,51.48623],[-0.207618,51.486074],[-0.207593,51.486031],[-0.207569,51.485994],[-0.207531,51.485936],[-0.207455,51.485818],[-0.207447,51.485805],[-0.207417,51.485758],[-0.207292,51.485622],[-0.207277,51.485609],[-0.207035,51.485399],[-0.206989,51.485358],[-0.206902,51.485283],[-0.206882,51.485291],[-0.206822,51.485246],[-0.206789,51.485245],[-0.206717,51.485244],[-0.206538,51.485276],[-0.206506,51.485281],[-0.206349,51.485309],[-0.206321,51.485314],[-0.206195,51.485336],[-0.20608,51.485356],[-0.206044,51.485362],[-0.205878,51.485391],[-0.205599,51.48544],[-0.205585,51.485443],[-0.205485,51.485441],[-0.205394,51.485263],[-0.205251,51.484982],[-0.205231,51.484943],[-0.205153,51.484796],[-0.204963,51.484436],[-0.205047,51.48442],[-0.205143,51.484401],[-0.205168,51.484397],[-0.205232,51.484385],[-0.205255,51.484381],[-0.205414,51.484356],[-0.205502,51.484342],[-0.205522,51.484339],[-0.205533,51.484337],[-0.205603,51.484326],[-0.205661,51.484317],[-0.205702,51.484311],[-0.205721,51.484308],[-0.205727,51.484307],[-0.20579,51.484297],[-0.205951,51.484272],[-0.206006,51.484261],[-0.206356,51.484196],[-0.206382,51.484189],[-0.206396,51.484185],[-0.20651,51.484155],[-0.206525,51.484152],[-0.206534,51.484149],[-0.206576,51.484138],[-0.206608,51.48413],[-0.206689,51.484109],[-0.206694,51.484107],[-0.206709,51.484103],[-0.206731,51.484097],[-0.206781,51.484084],[-0.206851,51.484066],[-0.206866,51.484062],[-0.207082,51.484006],[-0.207133,51.483992],[-0.207159,51.483986],[-0.207221,51.483969],[-0.207233,51.483966],[-0.20725,51.483962],[-0.207355,51.483934],[-0.207373,51.48393],[-0.2074,51.483922],[-0.20743,51.483915],[-0.207525,51.48389],[-0.207544,51.483885],[-0.207555,51.483882],[-0.207659,51.483854],[-0.207677,51.48385],[-0.2078,51.483818],[-0.207825,51.483811],[-0.207832,51.483809],[-0.207867,51.4838],[-0.207882,51.483796],[-0.207974,51.483772],[-0.207995,51.483767],[-0.208013,51.483795],[-0.208122,51.483965],[-0.208322,51.483919],[-0.208332,51.483917],[-0.208488,51.483881],[-0.208523,51.483873],[-0.208539,51.483869],[-0.20855,51.483867],[-0.208637,51.483847],[-0.208791,51.483869],[-0.208993,51.484092],[-0.209021,51.484123],[-0.209093,51.484093],[-0.209157,51.484157],[-0.209169,51.48417],[-0.209232,51.484234],[-0.209236,51.484238],[-0.209297,51.4843],[-0.209302,51.484306],[-0.209454,51.484461],[-0.209528,51.484441],[-0.209575,51.484504],[-0.209676,51.484468],[-0.209684,51.484465],[-0.209726,51.484451],[-0.209752,51.484479],[-0.209787,51.48447],[-0.209911,51.484442],[-0.20992,51.48444],[-0.209954,51.484481],[-0.210059,51.48461],[-0.210066,51.48462],[-0.210072,51.48463],[-0.210091,51.484659],[-0.210118,51.4847],[-0.21012,51.484703],[-0.210139,51.484731],[-0.210143,51.484738],[-0.210146,51.484742],[-0.210167,51.484774],[-0.210172,51.484781],[-0.2102,51.484822],[-0.210215,51.484843],[-0.210231,51.484866],[-0.210241,51.48488],[-0.210243,51.484883],[-0.210249,51.484892],[-0.21028,51.484936],[-0.210296,51.48496],[-0.21032,51.484995],[-0.210322,51.484998],[-0.210325,51.485002],[-0.210328,51.485007],[-0.210336,51.485017],[-0.210355,51.485045],[-0.210384,51.485087],[-0.21041,51.485125],[-0.210413,51.485128],[-0.210436,51.485162],[-0.210443,51.485172],[-0.210465,51.485203],[-0.210468,51.485207],[-0.210492,51.485243],[-0.210515,51.485276],[-0.210524,51.485289],[-0.210541,51.485313],[-0.210545,51.485319],[-0.210576,51.485363],[-0.210579,51.485368],[-0.210605,51.485405],[-0.210614,51.485419],[-0.210622,51.48543],[-0.210662,51.485488],[-0.210668,51.485497],[-0.210671,51.485501],[-0.210691,51.48553],[-0.210705,51.48555],[-0.21072,51.485571],[-0.210731,51.485587],[-0.210755,51.485622],[-0.210758,51.485625],[-0.210766,51.485637],[-0.210777,51.485653],[-0.21082,51.485712],[-0.210825,51.485719],[-0.210835,51.485732],[-0.210851,51.485755],[-0.210862,51.48577],[-0.21087,51.48578],[-0.210888,51.485806],[-0.21089,51.485809],[-0.210896,51.485817],[-0.210903,51.485827],[-0.210909,51.485835],[-0.210939,51.485877],[-0.21096,51.485906],[-0.210963,51.48591],[-0.210968,51.485916],[-0.210996,51.485955],[-0.211023,51.485993],[-0.211029,51.486001],[-0.21104,51.486015],[-0.211044,51.486021],[-0.211051,51.486031],[-0.2111,51.486098],[-0.211109,51.48611],[-0.211114,51.486119],[-0.211135,51.486146],[-0.211146,51.486144],[-0.211221,51.486124],[-0.211254,51.486115],[-0.211274,51.48611],[-0.211515,51.486047],[-0.211527,51.486044],[-0.211533,51.486042],[-0.211543,51.486058],[-0.211553,51.486072],[-0.211577,51.486106],[-0.211594,51.486131],[-0.211716,51.486309],[-0.211669,51.48632],[-0.211468,51.486361],[-0.211463,51.486362],[-0.211391,51.486377],[-0.211301,51.486396],[-0.211308,51.48641],[-0.211286,51.486414],[-0.211279,51.486415],[-0.211272,51.486402],[-0.211148,51.486427],[-0.211125,51.486432],[-0.211132,51.486442],[-0.211208,51.486543],[-0.211369,51.486601],[-0.212042,51.487021],[-0.212359,51.487229],[-0.211768,51.487416],[-0.211611,51.487453],[-0.211593,51.487458],[-0.211573,51.487482],[-0.211558,51.487499],[-0.211435,51.48766],[-0.211413,51.487705],[-0.211395,51.487735],[-0.211331,51.48784],[-0.211324,51.487852],[-0.211292,51.487904],[-0.21114,51.488074],[-0.211121,51.488092],[-0.211116,51.488097],[-0.210433,51.488233],[-0.210253,51.488277],[-0.210235,51.488326],[-0.210245,51.488349],[-0.210307,51.488501],[-0.21103,51.488248],[-0.211028,51.488253],[-0.211012,51.4883],[-0.211011,51.488303],[-0.211005,51.488315],[-0.210948,51.488409],[-0.210908,51.488449],[-0.2109,51.488463],[-0.210862,51.48853],[-0.210855,51.488542],[-0.210845,51.488579],[-0.210842,51.488584],[-0.210834,51.488595],[-0.210831,51.488601],[-0.210807,51.488615],[-0.210789,51.488632],[-0.210783,51.488638],[-0.210726,51.488691],[-0.210719,51.488698],[-0.210638,51.488721],[-0.210609,51.48872],[-0.210495,51.488683],[-0.210451,51.488676],[-0.210407,51.48874],[-0.210369,51.488678],[-0.210367,51.488675]]]}},{"type":"Feature","properties":{"LSOA21CD":"E01001914","LSOA21NM":"Hammersmith and Fulham 014D","MEAN_PTAL_":"5","mean_AI":24.8573571323,"borough":"Hammersmith & Fulham"},"geometry":{"type":"Polygon","coordinates":[[[-0.205199,51.490056],[-0.205122,51.489946],[-0.20505,51.489843],[-0.205106,51.489794],[-0.204951,51.489768],[-0.204924,51.489721],[-0.204736,51.48965],[-0.204736,51.489647],[-0.204684,51.489426],[-0.20468,51.489424],[-0.204451,51.48926],[-0.204456,51.489256],[-0.204542,51.48917],[-0.204541,51.489164],[-0.204504,51.488931],[-0.204522,51.488931],[-0.204883,51.488919],[-0.204939,51.488965],[-0.205026,51.489034],[-0.205037,51.489031],[-0.205046,51.489029],[-0.205346,51.48908],[-0.205509,51.488888],[-0.205525,51.488869],[-0.205543,51.488881],[-0.205551,51.488886],[-0.205621,51.488932],[-0.205684,51.488981],[-0.205705,51.488997],[-0.205775,51.489061],[-0.205786,51.489073],[-0.205789,51.489077],[-0.205841,51.489134],[-0.20594,51.489243],[-0.205995,51.489316],[-0.206075,51.489437],[-0.206115,51.48946],[-0.206197,51.489428],[-0.20623,51.489415],[-0.20624,51.489401],[-0.206241,51.489388],[-0.206244,51.48933],[-0.2063,51.489283],[-0.206376,51.489313],[-0.206387,51.489311],[-0.206431,51.489305],[-0.206513,51.489321],[-0.206561,51.489302],[-0.206572,51.489294],[-0.206592,51.489281],[-0.206659,51.489288],[-0.206763,51.489274],[-0.206925,51.489207],[-0.206932,51.48921],[-0.206953,51.489219],[-0.206958,51.489221],[-0.207149,51.48917],[-0.207156,51.489166],[-0.207167,51.489162],[-0.207207,51.48915],[-0.207232,51.489142],[-0.207245,51.489141],[-0.207259,51.48914],[-0.207338,51.489114],[-0.207342,51.489111],[-0.207351,51.489105],[-0.207402,51.489091],[-0.207407,51.489091],[-0.207411,51.48909],[-0.207434,51.489084],[-0.207461,51.489077],[-0.207473,51.489076],[-0.207482,51.489074],[-0.207547,51.489058],[-0.207579,51.489042],[-0.207598,51.489038],[-0.207625,51.489033],[-0.207651,51.489022],[-0.207715,51.489009],[-0.207726,51.489004],[-0.207811,51.488988],[-0.207819,51.488986],[-0.207887,51.488967],[-0.207906,51.488958],[-0.207964,51.488944],[-0.207972,51.488943],[-0.208019,51.488932],[-0.208069,51.48892],[-0.208123,51.488918],[-0.208127,51.488914],[-0.208141,51.488907],[-0.208191,51.488883],[-0.208291,51.488864],[-0.208313,51.48885],[-0.208364,51.48884],[-0.208404,51.48882],[-0.208448,51.488809],[-0.20846,51.488806],[-0.208519,51.488794],[-0.208528,51.488794],[-0.208599,51.488772],[-0.208614,51.488775],[-0.208628,51.488772],[-0.208829,51.488729],[-0.208935,51.488887],[-0.208963,51.48893],[-0.208977,51.488952],[-0.208989,51.48897],[-0.20906,51.489082],[-0.209182,51.489276],[-0.209218,51.489334],[-0.209221,51.489338],[-0.20923,51.489351],[-0.209349,51.48952],[-0.209351,51.489523],[-0.209357,51.489532],[-0.209412,51.48961],[-0.209416,51.489618],[-0.209432,51.489657],[-0.209439,51.489672],[-0.209452,51.489702],[-0.209444,51.489704],[-0.20945,51.489728],[-0.209407,51.489731],[-0.209408,51.489737],[-0.209427,51.48983],[-0.209475,51.490061],[-0.209516,51.490062],[-0.209544,51.490061],[-0.209565,51.490058],[-0.209566,51.490081],[-0.210023,51.490078],[-0.210243,51.490077],[-0.210357,51.490077],[-0.210211,51.490385],[-0.210198,51.490427],[-0.210171,51.490511],[-0.210164,51.490511],[-0.210133,51.490512],[-0.210094,51.490513],[-0.210047,51.490514],[-0.209989,51.490515],[-0.209943,51.490516],[-0.209912,51.490517],[-0.209799,51.490519],[-0.209775,51.49052],[-0.209767,51.49052],[-0.20976,51.490521],[-0.209611,51.49053],[-0.209489,51.490538],[-0.209481,51.490539],[-0.209473,51.490539],[-0.209301,51.490554],[-0.209277,51.490557],[-0.209121,51.49057],[-0.209099,51.490572],[-0.20907,51.490575],[-0.209011,51.490582],[-0.208934,51.490591],[-0.208826,51.490603],[-0.208803,51.490605],[-0.208751,51.490611],[-0.208718,51.490615],[-0.20871,51.490616],[-0.208685,51.490619],[-0.20861,51.490629],[-0.20852,51.49064],[-0.208512,51.490641],[-0.208478,51.490646],[-0.208416,51.490656],[-0.208277,51.490677],[-0.208194,51.490689],[-0.208173,51.490693],[-0.208159,51.490695],[-0.20815,51.490696],[-0.208074,51.490707],[-0.208031,51.490714],[-0.207947,51.490729],[-0.207848,51.490747],[-0.207829,51.49075],[-0.2078,51.490755],[-0.207779,51.490759],[-0.207716,51.49077],[-0.207685,51.490776],[-0.207674,51.490777],[-0.207657,51.490781],[-0.207643,51.490783],[-0.207496,51.490813],[-0.20743,51.490827],[-0.207349,51.490844],[-0.206937,51.490929],[-0.206918,51.490933],[-0.206911,51.490934],[-0.206845,51.490948],[-0.206757,51.490966],[-0.206605,51.490997],[-0.205665,51.491192],[-0.205546,51.491216],[-0.205457,51.491231],[-0.205171,51.491278],[-0.204777,51.491344],[-0.204764,51.491346],[-0.204664,51.491363],[-0.204677,51.491304],[-0.204771,51.490877],[-0.204806,51.49072],[-0.204829,51.490612],[-0.205071,51.490471],[-0.205176,51.490457],[-0.205317,51.490439],[-0.205463,51.490415],[-0.205412,51.490348],[-0.205336,51.490249],[-0.205295,51.490195],[-0.205199,51.490056]]]}},{"type":"Feature","properties":{"LSOA21CD":"E01001915","LSOA21NM":"Hammersmith and Fulham 024A","MEAN_PTAL_":"4","mean_AI":16.6372576277,"borough":"Hammersmith & Fulham"},"geometry":{"type":"Polygon","coordinates":[[[-0.216015,51.476122],[-0.215637,51.475891],[-0.215344,51.476023],[-0.215356,51.476042],[-0.215348,51.476043],[-0.215323,51.476004],[-0.215309,51.475983],[-0.21528,51.475938],[-0.215242,51.4759],[-0.215228,51.475886],[-0.215192,51.475849],[-0.215185,51.475843],[-0.215183,51.475841],[-0.215141,51.475798],[-0.215083,51.475739],[-0.215033,51.475688],[-0.215018,51.475673],[-0.214983,51.475639],[-0.214976,51.475632],[-0.214953,51.475608],[-0.214946,51.475601],[-0.214917,51.475572],[-0.214894,51.475548],[-0.21489,51.475544],[-0.214835,51.475488],[-0.214762,51.475415],[-0.214738,51.475391],[-0.214709,51.475362],[-0.214661,51.475313],[-0.214611,51.475262],[-0.214496,51.475146],[-0.214476,51.475126],[-0.214464,51.475113],[-0.214344,51.474993],[-0.214301,51.474949],[-0.214285,51.474933],[-0.214224,51.474871],[-0.214206,51.474853],[-0.214112,51.474758],[-0.214105,51.474751],[-0.214087,51.474735],[-0.214055,51.474706],[-0.214022,51.474676],[-0.213996,51.474652],[-0.213988,51.474644],[-0.213982,51.474638],[-0.213951,51.47461],[-0.2139,51.474563],[-0.213896,51.474559],[-0.213883,51.474548],[-0.213853,51.474521],[-0.213831,51.474501],[-0.213797,51.474469],[-0.213794,51.474467],[-0.213749,51.474425],[-0.213719,51.474398],[-0.213715,51.474394],[-0.21367,51.474353],[-0.213646,51.474331],[-0.213618,51.474305],[-0.213569,51.474261],[-0.213539,51.474232],[-0.213522,51.474218],[-0.213495,51.474193],[-0.21349,51.474188],[-0.213454,51.474155],[-0.213441,51.474143],[-0.213354,51.474063],[-0.213319,51.474031],[-0.213187,51.47391],[-0.213149,51.473876],[-0.213115,51.473844],[-0.213101,51.473831],[-0.212956,51.473698],[-0.212941,51.473684],[-0.212835,51.473583],[-0.212757,51.473509],[-0.212669,51.473425],[-0.212663,51.473419],[-0.212566,51.473327],[-0.212484,51.473248],[-0.212478,51.473243],[-0.212451,51.473216],[-0.212384,51.473152],[-0.212365,51.473135],[-0.21232,51.473091],[-0.212311,51.473083],[-0.212248,51.473023],[-0.212223,51.472999],[-0.212205,51.472981],[-0.2122,51.472977],[-0.212168,51.472946],[-0.212123,51.472903],[-0.212096,51.472878],[-0.212094,51.472875],[-0.212019,51.472804],[-0.212016,51.472801],[-0.212006,51.472792],[-0.212001,51.472787],[-0.211961,51.472749],[-0.21195,51.472738],[-0.211936,51.472717],[-0.211926,51.472702],[-0.211897,51.472659],[-0.211895,51.472656],[-0.21189,51.472649],[-0.211874,51.472625],[-0.211862,51.472607],[-0.211841,51.472576],[-0.211831,51.472561],[-0.211794,51.472506],[-0.211777,51.472481],[-0.211757,51.472452],[-0.211756,51.472449],[-0.211724,51.472402],[-0.211716,51.47239],[-0.211698,51.472364],[-0.211684,51.472342],[-0.211676,51.472331],[-0.21165,51.472292],[-0.21162,51.472247],[-0.211602,51.47222],[-0.211593,51.472207],[-0.21158,51.472187],[-0.211569,51.472171],[-0.211527,51.472109],[-0.211522,51.472101],[-0.211496,51.472062],[-0.21149,51.472055],[-0.211468,51.472021],[-0.211463,51.472013],[-0.21144,51.47198],[-0.211438,51.471977],[-0.211391,51.471908],[-0.211345,51.471838],[-0.21131,51.471786],[-0.211254,51.471703],[-0.211212,51.471641],[-0.211211,51.471639],[-0.211202,51.471625],[-0.211196,51.471616],[-0.211191,51.47161],[-0.211179,51.471592],[-0.211169,51.471563],[-0.211159,51.471536],[-0.211123,51.471437],[-0.211119,51.471427],[-0.211112,51.471407],[-0.211105,51.471389],[-0.211046,51.471225],[-0.21103,51.471195],[-0.210944,51.471032],[-0.210919,51.470985],[-0.210916,51.47098],[-0.210892,51.470935],[-0.210874,51.470901],[-0.210813,51.470786],[-0.210797,51.470755],[-0.210794,51.47075],[-0.210653,51.470528],[-0.210648,51.470519],[-0.210612,51.470463],[-0.210557,51.470375],[-0.210513,51.470307],[-0.210432,51.470179],[-0.210372,51.470084],[-0.210364,51.470072],[-0.210313,51.469991],[-0.210285,51.469947],[-0.210258,51.469903],[-0.210224,51.46985],[-0.210216,51.469837],[-0.210196,51.469806],[-0.210174,51.469752],[-0.210162,51.469724],[-0.210147,51.469667],[-0.21014,51.469642],[-0.210134,51.469587],[-0.21014,51.469526],[-0.210143,51.469503],[-0.210146,51.469466],[-0.210182,51.46936],[-0.210189,51.469338],[-0.21019,51.469334],[-0.210183,51.469334],[-0.210167,51.469333],[-0.21007,51.46933],[-0.209871,51.469322],[-0.209757,51.469318],[-0.209712,51.469316],[-0.209691,51.469315],[-0.209575,51.469311],[-0.209568,51.469311],[-0.2095,51.469308],[-0.209388,51.469333],[-0.209371,51.469336],[-0.209355,51.46934],[-0.209244,51.469364],[-0.20916,51.469382],[-0.208825,51.469455],[-0.208755,51.46947],[-0.208739,51.469473],[-0.208696,51.469483],[-0.208681,51.469486],[-0.208676,51.469486],[-0.208633,51.469482],[-0.208513,51.469471],[-0.208261,51.469457],[-0.208206,51.469454],[-0.208119,51.469473],[-0.208447,51.46904],[-0.208449,51.469038],[-0.208476,51.469011],[-0.208476,51.468984],[-0.208479,51.468967],[-0.208492,51.468877],[-0.208493,51.468874],[-0.208504,51.468841],[-0.20851,51.468829],[-0.208557,51.468732],[-0.208576,51.468704],[-0.208587,51.468688],[-0.20859,51.468684],[-0.208668,51.468591],[-0.208675,51.468583],[-0.208678,51.468579],[-0.208711,51.468549],[-0.208726,51.468537],[-0.208825,51.468459],[-0.208889,51.468465],[-0.209097,51.46834],[-0.209107,51.468343],[-0.209121,51.468348],[-0.209193,51.468358],[-0.209521,51.468357],[-0.209779,51.468357],[-0.210283,51.468357],[-0.210287,51.468357],[-0.210292,51.468322],[-0.210293,51.468315],[-0.210307,51.468204],[-0.21033,51.467998],[-0.210337,51.467988],[-0.210341,51.467982],[-0.210375,51.467935],[-0.210386,51.467925],[-0.21042,51.467891],[-0.210497,51.467829],[-0.210518,51.467812],[-0.210577,51.467764],[-0.21058,51.467762],[-0.210584,51.467759],[-0.210657,51.467742],[-0.2107,51.467733],[-0.210714,51.467743],[-0.210731,51.467751],[-0.210731,51.467619],[-0.210731,51.467609],[-0.210751,51.467519],[-0.210755,51.467514],[-0.210851,51.46739],[-0.21094,51.467272],[-0.21096,51.467249],[-0.210993,51.46721],[-0.211018,51.467189],[-0.211802,51.466507],[-0.211915,51.466544],[-0.212055,51.46659],[-0.212081,51.466599],[-0.212108,51.466607],[-0.212664,51.46679],[-0.212971,51.466899],[-0.213352,51.467034],[-0.213367,51.467039],[-0.21367,51.467152],[-0.214092,51.467309],[-0.214249,51.467367],[-0.214367,51.467411],[-0.215203,51.46776],[-0.215309,51.467805],[-0.215346,51.46782],[-0.215716,51.468007],[-0.215766,51.468032],[-0.215968,51.468139],[-0.216037,51.468178],[-0.216264,51.468305],[-0.216364,51.468361],[-0.216793,51.468616],[-0.216892,51.468675],[-0.216895,51.468677],[-0.217052,51.46877],[-0.217635,51.469137],[-0.217752,51.46921],[-0.217783,51.46923],[-0.217891,51.469301],[-0.217959,51.469346],[-0.218141,51.469466],[-0.218488,51.4697],[-0.218492,51.469703],[-0.218631,51.469802],[-0.218925,51.470012],[-0.219164,51.47021],[-0.219396,51.470402],[-0.21951,51.470497],[-0.219589,51.470563],[-0.220044,51.47094],[-0.220063,51.470955],[-0.220198,51.471067],[-0.220304,51.471155],[-0.220403,51.471237],[-0.220418,51.471249],[-0.22054,51.471351],[-0.220757,51.471537],[-0.221033,51.471775],[-0.221324,51.472025],[-0.221402,51.472092],[-0.221462,51.472143],[-0.221546,51.472216],[-0.221689,51.472339],[-0.221712,51.472358],[-0.221746,51.472389],[-0.221914,51.472538],[-0.22205,51.472659],[-0.222664,51.473205],[-0.222733,51.473265],[-0.22275,51.47328],[-0.222771,51.473301],[-0.222982,51.4735],[-0.223126,51.473636],[-0.223509,51.474001],[-0.223249,51.474188],[-0.222727,51.474656],[-0.222609,51.474796],[-0.221693,51.475649],[-0.221179,51.475754],[-0.221132,51.475678],[-0.221069,51.475577],[-0.221037,51.475525],[-0.220905,51.475349],[-0.2209,51.475343],[-0.220859,51.475298],[-0.220694,51.475089],[-0.220625,51.475011],[-0.220328,51.47468],[-0.220312,51.474663],[-0.220294,51.474642],[-0.220204,51.474537],[-0.220108,51.474413],[-0.220088,51.474387],[-0.220037,51.474341],[-0.219991,51.474287],[-0.219979,51.474275],[-0.219913,51.47421],[-0.219883,51.47418],[-0.21984,51.474138],[-0.219715,51.474014],[-0.219685,51.474019],[-0.219675,51.47401],[-0.21966,51.473997],[-0.219686,51.473985],[-0.219658,51.473958],[-0.219485,51.473758],[-0.219424,51.473687],[-0.219371,51.473627],[-0.219329,51.473578],[-0.219228,51.473462],[-0.219226,51.47346],[-0.219223,51.473455],[-0.219155,51.473371],[-0.219151,51.473366],[-0.219146,51.473368],[-0.219121,51.473338],[-0.219115,51.473332],[-0.219019,51.473219],[-0.218954,51.473143],[-0.218878,51.473055],[-0.218804,51.472969],[-0.218764,51.472921],[-0.218662,51.472803],[-0.218652,51.472791],[-0.218572,51.472724],[-0.218555,51.472709],[-0.218348,51.472802],[-0.218169,51.472883],[-0.218142,51.472895],[-0.218142,51.472899],[-0.218318,51.473046],[-0.218321,51.473048],[-0.218353,51.473121],[-0.218356,51.473127],[-0.218364,51.473203],[-0.218359,51.473233],[-0.218357,51.473244],[-0.218356,51.473253],[-0.218334,51.47326],[-0.218287,51.473275],[-0.218144,51.473336],[-0.218139,51.473339],[-0.21813,51.473345],[-0.218124,51.47335],[-0.217993,51.473416],[-0.217985,51.47342],[-0.217981,51.473422],[-0.217974,51.473424],[-0.217932,51.47344],[-0.217895,51.473452],[-0.217887,51.473454],[-0.217828,51.473478],[-0.21782,51.473483],[-0.217799,51.473499],[-0.217725,51.473537],[-0.217689,51.473552],[-0.217677,51.473557],[-0.21763,51.473586],[-0.2176,51.473598],[-0.217592,51.473602],[-0.21758,51.473609],[-0.217514,51.473628],[-0.217505,51.47363],[-0.21737,51.473692],[-0.217326,51.473718],[-0.217286,51.47373],[-0.217271,51.473735],[-0.217256,51.473736],[-0.217243,51.473737],[-0.217186,51.473756],[-0.21718,51.473759],[-0.217049,51.47382],[-0.217046,51.473822],[-0.217039,51.473826],[-0.217033,51.47383],[-0.217014,51.473839],[-0.217008,51.473844],[-0.216852,51.473919],[-0.216845,51.47392],[-0.216799,51.47393],[-0.21676,51.473938],[-0.216748,51.473941],[-0.21674,51.473944],[-0.216731,51.473948],[-0.216629,51.473999],[-0.216598,51.47405],[-0.216594,51.474052],[-0.216612,51.474068],[-0.216631,51.474081],[-0.21668,51.474127],[-0.216922,51.474339],[-0.216926,51.474337],[-0.216961,51.474321],[-0.217059,51.474276],[-0.217139,51.47424],[-0.217163,51.474229],[-0.217198,51.474213],[-0.217262,51.474184],[-0.217345,51.474146],[-0.217369,51.474135],[-0.217412,51.474115],[-0.217477,51.474086],[-0.217543,51.474055],[-0.21761,51.474025],[-0.217659,51.474003],[-0.217668,51.473998],[-0.217701,51.473983],[-0.217782,51.473946],[-0.217839,51.47392],[-0.217901,51.473892],[-0.217915,51.473886],[-0.217941,51.473874],[-0.217996,51.473848],[-0.218023,51.473836],[-0.218144,51.473781],[-0.218214,51.473749],[-0.218269,51.473724],[-0.218298,51.473711],[-0.218347,51.473688],[-0.218429,51.473651],[-0.218481,51.473627],[-0.218497,51.47362],[-0.218505,51.473616],[-0.218654,51.473549],[-0.218685,51.473535],[-0.218676,51.473566],[-0.218679,51.473568],[-0.218835,51.473676],[-0.218845,51.473687],[-0.218854,51.473697],[-0.218858,51.473702],[-0.218884,51.473762],[-0.218885,51.473769],[-0.218895,51.47386],[-0.218896,51.473868],[-0.218889,51.473893],[-0.218971,51.473913],[-0.218997,51.473919],[-0.219137,51.47397],[-0.219249,51.474192],[-0.219253,51.4742],[-0.219249,51.474205],[-0.219246,51.474209],[-0.219215,51.474251],[-0.219213,51.474254],[-0.219344,51.474314],[-0.21935,51.474316],[-0.219442,51.474376],[-0.219448,51.474381],[-0.219492,51.474443],[-0.219499,51.474456],[-0.219522,51.474503],[-0.219522,51.474507],[-0.219525,51.474547],[-0.219526,51.474556],[-0.219394,51.474605],[-0.21939,51.474607],[-0.21937,51.474616],[-0.219345,51.474626],[-0.219338,51.474629],[-0.219318,51.474642],[-0.219305,51.47465],[-0.219253,51.474672],[-0.21921,51.474686],[-0.219192,51.474692],[-0.21918,51.474698],[-0.219164,51.474704],[-0.219093,51.474756],[-0.21909,51.474758],[-0.219088,51.474761],[-0.219084,51.474764],[-0.219079,51.474768],[-0.219011,51.474798],[-0.219006,51.4748],[-0.219002,51.474802],[-0.218996,51.474803],[-0.21894,51.474832],[-0.218924,51.47484],[-0.218911,51.474846],[-0.218884,51.47486],[-0.218862,51.474871],[-0.218857,51.474875],[-0.218839,51.474889],[-0.21881,51.474903],[-0.218804,51.474905],[-0.21875,51.474932],[-0.21874,51.474937],[-0.218695,51.474953],[-0.21869,51.474956],[-0.218658,51.474974],[-0.218637,51.474984],[-0.218589,51.475007],[-0.218562,51.475015],[-0.218517,51.47503],[-0.218499,51.475037],[-0.218472,51.475046],[-0.218467,51.475048],[-0.218444,51.475059],[-0.218414,51.47507],[-0.218361,51.475088],[-0.218356,51.475089],[-0.218343,51.475092],[-0.218323,51.475105],[-0.218299,51.47512],[-0.218183,51.47517],[-0.218179,51.475172],[-0.21816,51.475183],[-0.218142,51.475193],[-0.218128,51.475198],[-0.218107,51.475207],[-0.218054,51.475223],[-0.217931,51.475267],[-0.217923,51.47527],[-0.217907,51.475291],[-0.217894,51.475307],[-0.21789,51.475313],[-0.21776,51.475363],[-0.217731,51.475378],[-0.217697,51.475391],[-0.21768,51.475398],[-0.217629,51.475428],[-0.217605,51.475438],[-0.217591,51.475445],[-0.217574,51.475452],[-0.217553,51.475461],[-0.217545,51.475466],[-0.21751,51.475489],[-0.217452,51.475514],[-0.217437,51.475522],[-0.217399,51.475539],[-0.217368,51.475553],[-0.217362,51.475557],[-0.217295,51.475584],[-0.217281,51.47559],[-0.217221,51.47562],[-0.217209,51.475624],[-0.217177,51.47564],[-0.21717,51.475643],[-0.217084,51.475686],[-0.217063,51.475692],[-0.217003,51.475724],[-0.216987,51.475731],[-0.216961,51.475745],[-0.216946,51.475751],[-0.216942,51.475752],[-0.216899,51.475763],[-0.216872,51.47577],[-0.216844,51.475783],[-0.216775,51.475822],[-0.216733,51.475839],[-0.216716,51.475844],[-0.216706,51.475847],[-0.216699,51.475851],[-0.216691,51.475856],[-0.216641,51.475887],[-0.216562,51.47592],[-0.21654,51.475926],[-0.216531,51.475931],[-0.2165,51.475942],[-0.216488,51.475947],[-0.21647,51.475956],[-0.216462,51.475959],[-0.21645,51.475968],[-0.216382,51.476008],[-0.216362,51.476015],[-0.216333,51.476028],[-0.21628,51.476052],[-0.216269,51.476056],[-0.216256,51.47606],[-0.216207,51.476089],[-0.216054,51.476138],[-0.216021,51.476126],[-0.216015,51.476122]]]}},{"type":"Feature","properties":{"LSOA21CD":"E01001916","LSOA21NM":"Hammersmith and Fulham 024B","MEAN_PTAL_":"3","mean_AI":14.7347386919,"borough":"Hammersmith & Fulham"},"geometry":{"type":"Polygon","coordinates":[[[-0.199305,51.468653],[-0.199051,51.468295],[-0.199048,51.468291],[-0.198964,51.468173],[-0.198934,51.468129],[-0.198894,51.468073],[-0.19889,51.468068],[-0.19872,51.467828],[-0.198559,51.467601],[-0.198502,51.46752],[-0.19844,51.467433],[-0.19836,51.46732],[-0.198314,51.467255],[-0.198287,51.467196],[-0.198209,51.467023],[-0.198142,51.466894],[-0.198086,51.466787],[-0.197988,51.466599],[-0.197958,51.46654],[-0.197933,51.466492],[-0.197887,51.466404],[-0.19787,51.466371],[-0.197869,51.466369],[-0.197867,51.466365],[-0.197853,51.466333],[-0.197784,51.46617],[-0.197769,51.466134],[-0.197754,51.4661],[-0.197752,51.466094],[-0.197497,51.465497],[-0.197495,51.465494],[-0.197374,51.46521],[-0.197393,51.464954],[-0.19744,51.464298],[-0.197455,51.464087],[-0.197483,51.464088],[-0.198,51.464098],[-0.198139,51.464101],[-0.198368,51.464083],[-0.198385,51.464082],[-0.198639,51.464046],[-0.198844,51.464018],[-0.198986,51.46403],[-0.199686,51.464089],[-0.199895,51.464099],[-0.200573,51.464133],[-0.200581,51.464134],[-0.200679,51.464139],[-0.200998,51.464155],[-0.201252,51.464184],[-0.201938,51.464264],[-0.202446,51.464323],[-0.202535,51.464334],[-0.202707,51.464355],[-0.203194,51.464417],[-0.203616,51.464477],[-0.203846,51.46451],[-0.204026,51.46454],[-0.20417,51.464563],[-0.20481,51.464678],[-0.205182,51.464756],[-0.205307,51.464783],[-0.205417,51.464808],[-0.205461,51.464818],[-0.205581,51.464846],[-0.205984,51.464945],[-0.20613,51.464981],[-0.206921,51.465203],[-0.207123,51.465257],[-0.207259,51.465293],[-0.207345,51.465316],[-0.207568,51.465375],[-0.207752,51.465425],[-0.207852,51.465452],[-0.208012,51.465494],[-0.208066,51.465509],[-0.20808,51.465512],[-0.209076,51.465778],[-0.209154,51.465799],[-0.209168,51.465802],[-0.20968,51.465939],[-0.209816,51.465975],[-0.209977,51.466017],[-0.209986,51.46602],[-0.210097,51.466049],[-0.210265,51.466093],[-0.210303,51.466103],[-0.21036,51.466118],[-0.210531,51.466162],[-0.210699,51.466206],[-0.210895,51.466257],[-0.211279,51.466358],[-0.211287,51.46636],[-0.211561,51.466432],[-0.211618,51.466446],[-0.211802,51.466507],[-0.211018,51.467189],[-0.210993,51.46721],[-0.21096,51.467249],[-0.21094,51.467272],[-0.210851,51.46739],[-0.210755,51.467514],[-0.210751,51.467519],[-0.210731,51.467609],[-0.210731,51.467619],[-0.210731,51.467751],[-0.210714,51.467743],[-0.2107,51.467733],[-0.210657,51.467742],[-0.210584,51.467759],[-0.21058,51.467762],[-0.210577,51.467764],[-0.210518,51.467812],[-0.210497,51.467829],[-0.21042,51.467891],[-0.210386,51.467925],[-0.210375,51.467935],[-0.210341,51.467982],[-0.210337,51.467988],[-0.21033,51.467998],[-0.210307,51.468204],[-0.210293,51.468315],[-0.210292,51.468322],[-0.210287,51.468357],[-0.210283,51.468357],[-0.209779,51.468357],[-0.209521,51.468357],[-0.209193,51.468358],[-0.209121,51.468348],[-0.209107,51.468343],[-0.209097,51.46834],[-0.208889,51.468465],[-0.208825,51.468459],[-0.208726,51.468537],[-0.208711,51.468549],[-0.208678,51.468579],[-0.208675,51.468583],[-0.208668,51.468591],[-0.20859,51.468684],[-0.208587,51.468688],[-0.208576,51.468704],[-0.208557,51.468732],[-0.20851,51.468829],[-0.208504,51.468841],[-0.208493,51.468874],[-0.208492,51.468877],[-0.208479,51.468967],[-0.208476,51.468984],[-0.208476,51.469011],[-0.208449,51.469038],[-0.208447,51.46904],[-0.208119,51.469473],[-0.208068,51.469484],[-0.207829,51.469537],[-0.207635,51.469579],[-0.207609,51.469584],[-0.207529,51.469597],[-0.207474,51.469607],[-0.207394,51.469621],[-0.207384,51.469622],[-0.207337,51.46963],[-0.207304,51.469636],[-0.207292,51.469638],[-0.207279,51.46964],[-0.207178,51.469658],[-0.207161,51.469661],[-0.207139,51.469664],[-0.207107,51.46967],[-0.207094,51.469672],[-0.207075,51.469675],[-0.207064,51.469677],[-0.207001,51.469688],[-0.206945,51.469698],[-0.206939,51.469699],[-0.206878,51.469709],[-0.206848,51.469714],[-0.206815,51.46972],[-0.206775,51.469727],[-0.206758,51.46973],[-0.206729,51.469735],[-0.20666,51.469747],[-0.206647,51.469749],[-0.206469,51.46978],[-0.206456,51.469782],[-0.206448,51.469783],[-0.206436,51.469785],[-0.206415,51.469789],[-0.206323,51.469805],[-0.2063,51.469809],[-0.206214,51.469824],[-0.2062,51.469826],[-0.206186,51.469828],[-0.20615,51.469835],[-0.206143,51.469836],[-0.206098,51.469843],[-0.206084,51.469846],[-0.206078,51.469847],[-0.206011,51.469858],[-0.205974,51.469865],[-0.205967,51.469866],[-0.205943,51.46987],[-0.205934,51.469872],[-0.205924,51.469873],[-0.205881,51.469881],[-0.205849,51.469886],[-0.205831,51.469889],[-0.205819,51.469891],[-0.205787,51.469897],[-0.205761,51.469902],[-0.205738,51.469905],[-0.205673,51.469917],[-0.205654,51.46992],[-0.205624,51.469925],[-0.205574,51.469936],[-0.205554,51.46994],[-0.205529,51.469946],[-0.205483,51.469956],[-0.205429,51.469968],[-0.205418,51.469971],[-0.205402,51.469974],[-0.205349,51.469986],[-0.205264,51.470005],[-0.205253,51.470007],[-0.205199,51.470019],[-0.205111,51.470039],[-0.205056,51.470051],[-0.205042,51.470054],[-0.204983,51.470067],[-0.204904,51.470084],[-0.204893,51.470087],[-0.204886,51.470088],[-0.20484,51.470098],[-0.204831,51.4701],[-0.204764,51.470115],[-0.204758,51.470116],[-0.204732,51.470122],[-0.204716,51.470126],[-0.204645,51.470142],[-0.204629,51.470145],[-0.204594,51.470153],[-0.204587,51.470154],[-0.204562,51.47016],[-0.204497,51.470174],[-0.204441,51.470187],[-0.204388,51.470199],[-0.20437,51.470202],[-0.204326,51.470212],[-0.204301,51.470214],[-0.204287,51.470216],[-0.20417,51.470226],[-0.203989,51.470243],[-0.203896,51.470251],[-0.20362,51.470276],[-0.203544,51.470283],[-0.203466,51.47029],[-0.203443,51.470292],[-0.203383,51.470297],[-0.203369,51.470299],[-0.203364,51.470299],[-0.203269,51.470322],[-0.203247,51.470327],[-0.203178,51.470343],[-0.203152,51.47035],[-0.203113,51.470359],[-0.203055,51.470372],[-0.202918,51.470405],[-0.202912,51.470406],[-0.202862,51.470418],[-0.202764,51.470441],[-0.202748,51.470445],[-0.202729,51.47045],[-0.202624,51.470471],[-0.20259,51.470478],[-0.202513,51.470494],[-0.202431,51.470511],[-0.202381,51.470521],[-0.202334,51.47053],[-0.202271,51.470543],[-0.202209,51.470556],[-0.202089,51.47058],[-0.202075,51.470583],[-0.202014,51.470596],[-0.201909,51.470617],[-0.201808,51.470638],[-0.201803,51.470639],[-0.201706,51.470658],[-0.201673,51.470665],[-0.201602,51.470675],[-0.20158,51.470678],[-0.201483,51.470692],[-0.201464,51.470694],[-0.201404,51.470703],[-0.201277,51.47072],[-0.201226,51.470727],[-0.20118,51.470734],[-0.201,51.470759],[-0.200763,51.470792],[-0.200753,51.470793],[-0.200724,51.470797],[-0.200706,51.4708],[-0.200654,51.470807],[-0.200598,51.470819],[-0.20059,51.470821],[-0.200579,51.470823],[-0.200513,51.470837],[-0.200545,51.470806],[-0.200581,51.470778],[-0.2006,51.470745],[-0.200601,51.470728],[-0.200603,51.47071],[-0.200593,51.470686],[-0.200589,51.470678],[-0.200584,51.470673],[-0.200556,51.470643],[-0.200457,51.470446],[-0.200447,51.470428],[-0.200444,51.470422],[-0.200239,51.470013],[-0.200187,51.469929],[-0.200083,51.469761],[-0.199956,51.469577],[-0.199861,51.469437],[-0.19982,51.46938],[-0.199805,51.469359],[-0.199764,51.469301],[-0.199714,51.46923],[-0.199592,51.469058],[-0.199587,51.469051],[-0.19934,51.468703],[-0.199305,51.468653]]]}},{"type":"Feature","properties":{"LSOA21CD":"E01001917","LSOA21NM":"Hammersmith and Fulham 018C","MEAN_PTAL_":"2","mean_AI":7.57636401909,"borough":"Hammersmith & Fulham"},"geometry":{"type":"Polygon","coordinates":[[[-0.223258,51.481466],[-0.223231,51.48144],[-0.223119,51.481462],[-0.223103,51.481464],[-0.22294,51.481492],[-0.222857,51.481506],[-0.222832,51.481433],[-0.222821,51.481403],[-0.222813,51.481405],[-0.222597,51.481472],[-0.22253,51.481493],[-0.222517,51.481497],[-0.222506,51.481501],[-0.22244,51.481521],[-0.222355,51.481548],[-0.222278,51.481572],[-0.222216,51.481591],[-0.222212,51.481593],[-0.222178,51.481541],[-0.222154,51.481505],[-0.222116,51.481464],[-0.221939,51.481529],[-0.22191,51.48154],[-0.22182,51.481574],[-0.221816,51.481575],[-0.221774,51.481591],[-0.221767,51.481593],[-0.221704,51.481617],[-0.221613,51.48165],[-0.221601,51.481655],[-0.221587,51.48166],[-0.221529,51.481682],[-0.221524,51.481683],[-0.221493,51.481695],[-0.221409,51.481726],[-0.221376,51.481738],[-0.221354,51.481746],[-0.221276,51.481775],[-0.221264,51.48178],[-0.221206,51.481801],[-0.221136,51.481827],[-0.221122,51.481832],[-0.221023,51.481869],[-0.220993,51.48188],[-0.220942,51.481899],[-0.220877,51.481926],[-0.220867,51.481931],[-0.220838,51.481943],[-0.220734,51.481986],[-0.22069,51.482005],[-0.220628,51.482031],[-0.220609,51.482039],[-0.220603,51.482041],[-0.22056,51.482059],[-0.220513,51.482078],[-0.220469,51.482097],[-0.220317,51.48216],[-0.220218,51.482202],[-0.220214,51.482203],[-0.220206,51.482207],[-0.220099,51.48225],[-0.220048,51.48227],[-0.219961,51.482306],[-0.219953,51.482309],[-0.219891,51.482334],[-0.219848,51.482351],[-0.21978,51.482379],[-0.219739,51.482396],[-0.219708,51.482408],[-0.219685,51.482417],[-0.219523,51.482264],[-0.219512,51.482254],[-0.219414,51.482277],[-0.219242,51.482318],[-0.219237,51.482309],[-0.219179,51.48221],[-0.219177,51.482206],[-0.219062,51.482011],[-0.218925,51.482032],[-0.218739,51.482061],[-0.218439,51.482108],[-0.218419,51.482071],[-0.218365,51.481958],[-0.218278,51.481778],[-0.218246,51.481712],[-0.218206,51.481629],[-0.218159,51.481532],[-0.218128,51.481467],[-0.218097,51.481405],[-0.218096,51.481402],[-0.218087,51.481384],[-0.218082,51.481373],[-0.218054,51.481305],[-0.218016,51.481211],[-0.218012,51.481201],[-0.217971,51.481099],[-0.217965,51.481086],[-0.217957,51.481064],[-0.217955,51.481061],[-0.21792,51.480975],[-0.217909,51.480947],[-0.217907,51.480942],[-0.217905,51.480937],[-0.21789,51.480873],[-0.217876,51.480814],[-0.217867,51.480776],[-0.217858,51.480739],[-0.21785,51.480703],[-0.217847,51.480688],[-0.217818,51.480564],[-0.217823,51.480564],[-0.21783,51.480594],[-0.218264,51.480546],[-0.218339,51.480537],[-0.218342,51.480545],[-0.218334,51.480691],[-0.218336,51.480696],[-0.21835,51.480747],[-0.218375,51.480781],[-0.218434,51.480833],[-0.218441,51.480838],[-0.218554,51.480901],[-0.218651,51.480883],[-0.218717,51.480866],[-0.218752,51.480854],[-0.21876,51.48085],[-0.218831,51.480819],[-0.218884,51.480791],[-0.218903,51.480779],[-0.218982,51.480747],[-0.219052,51.480732],[-0.219075,51.480725],[-0.219138,51.48071],[-0.219184,51.480693],[-0.219244,51.480676],[-0.219282,51.480665],[-0.219331,51.480646],[-0.219361,51.480637],[-0.219477,51.4806],[-0.219482,51.480598],[-0.219493,51.480597],[-0.219643,51.480553],[-0.219658,51.48055],[-0.219695,51.48054],[-0.219758,51.480512],[-0.21977,51.480507],[-0.219779,51.480505],[-0.219852,51.480476],[-0.219921,51.480461],[-0.219941,51.480455],[-0.219983,51.480439],[-0.220044,51.480425],[-0.220125,51.480401],[-0.220154,51.48039],[-0.220188,51.480375],[-0.220225,51.48036],[-0.220352,51.48032],[-0.220376,51.48031],[-0.220387,51.480308],[-0.220404,51.480304],[-0.220443,51.480292],[-0.220489,51.480276],[-0.220552,51.480262],[-0.220597,51.480249],[-0.220636,51.480229],[-0.22066,51.480219],[-0.220803,51.480172],[-0.220823,51.480163],[-0.22085,51.480153],[-0.220894,51.48014],[-0.220957,51.480122],[-0.221018,51.48011],[-0.22103,51.480105],[-0.221133,51.480075],[-0.221235,51.480053],[-0.221026,51.479701],[-0.221024,51.479697],[-0.221019,51.479689],[-0.220952,51.47958],[-0.220813,51.479352],[-0.22082,51.479347],[-0.220991,51.479309],[-0.221016,51.479302],[-0.221065,51.479283],[-0.221069,51.479282],[-0.221158,51.479262],[-0.221166,51.47926],[-0.221237,51.479233],[-0.221244,51.47923],[-0.221268,51.479221],[-0.221277,51.479218],[-0.221319,51.479203],[-0.221359,51.479192],[-0.221399,51.479177],[-0.221465,51.479159],[-0.221498,51.479148],[-0.221507,51.479145],[-0.221543,51.479136],[-0.221624,51.479109],[-0.221645,51.479101],[-0.221659,51.479096],[-0.221703,51.479086],[-0.221723,51.47908],[-0.221812,51.479043],[-0.221824,51.479038],[-0.221837,51.479034],[-0.221877,51.479025],[-0.222022,51.478983],[-0.222045,51.478972],[-0.222077,51.478961],[-0.222147,51.478945],[-0.222243,51.478911],[-0.222251,51.478908],[-0.222267,51.478905],[-0.222339,51.478884],[-0.22243,51.478863],[-0.222479,51.478855],[-0.222507,51.478852],[-0.222542,51.47886],[-0.222522,51.478772],[-0.222511,51.478722],[-0.222532,51.47872],[-0.222593,51.478714],[-0.222974,51.478675],[-0.222997,51.478666],[-0.223075,51.478635],[-0.222972,51.478596],[-0.22294,51.478583],[-0.222933,51.478578],[-0.222929,51.478575],[-0.222884,51.478552],[-0.222872,51.478537],[-0.222741,51.478367],[-0.22273,51.478353],[-0.222728,51.478351],[-0.22274,51.478344],[-0.222781,51.478321],[-0.222816,51.478301],[-0.222835,51.478284],[-0.222831,51.478281],[-0.222723,51.478194],[-0.222723,51.478189],[-0.22273,51.478104],[-0.222732,51.478086],[-0.222752,51.478037],[-0.222755,51.478033],[-0.222744,51.477997],[-0.222743,51.477994],[-0.222743,51.477977],[-0.222743,51.477972],[-0.222741,51.477967],[-0.222733,51.477943],[-0.22273,51.477935],[-0.22273,51.477908],[-0.222728,51.477903],[-0.222727,51.477897],[-0.222726,51.477884],[-0.222725,51.477873],[-0.222717,51.477867],[-0.222711,51.47786],[-0.222683,51.477825],[-0.222675,51.477815],[-0.22267,51.4778],[-0.222669,51.477793],[-0.222664,51.47778],[-0.222656,51.477761],[-0.222655,51.477753],[-0.222655,51.47775],[-0.22265,51.477735],[-0.222644,51.47772],[-0.222643,51.477716],[-0.222633,51.477694],[-0.222632,51.47769],[-0.222631,51.477682],[-0.222595,51.477607],[-0.22258,51.477576],[-0.222574,51.477563],[-0.222563,51.477541],[-0.222554,51.477524],[-0.222536,51.477486],[-0.22257,51.477477],[-0.222582,51.477475],[-0.222894,51.477419],[-0.222905,51.477413],[-0.222953,51.477385],[-0.222991,51.477363],[-0.223093,51.477305],[-0.223116,51.477301],[-0.223217,51.477269],[-0.223297,51.47724],[-0.22333,51.477228],[-0.22344,51.477183],[-0.223479,51.477165],[-0.22361,51.477105],[-0.223645,51.477093],[-0.224355,51.476843],[-0.224599,51.476757],[-0.224909,51.476758],[-0.225458,51.476759],[-0.225521,51.476988],[-0.225547,51.477164],[-0.225604,51.477555],[-0.22562,51.477796],[-0.225622,51.477825],[-0.225623,51.477836],[-0.225623,51.477839],[-0.225639,51.478061],[-0.22564,51.47808],[-0.225641,51.478094],[-0.225643,51.478125],[-0.225648,51.478196],[-0.225649,51.478204],[-0.225654,51.478277],[-0.225654,51.478289],[-0.225654,51.478296],[-0.225653,51.478369],[-0.225652,51.478748],[-0.225651,51.478774],[-0.225651,51.478957],[-0.225634,51.479127],[-0.225633,51.479137],[-0.225622,51.479247],[-0.225588,51.479593],[-0.225592,51.479883],[-0.225595,51.480086],[-0.225596,51.480165],[-0.225606,51.480202],[-0.225624,51.48027],[-0.22572,51.480627],[-0.225724,51.480654],[-0.225727,51.480675],[-0.225772,51.480954],[-0.225771,51.481043],[-0.225771,51.481048],[-0.225767,51.481521],[-0.22572,51.481597],[-0.225693,51.481641],[-0.225615,51.481767],[-0.225634,51.481844],[-0.225639,51.481866],[-0.225664,51.481967],[-0.22567,51.481992],[-0.225703,51.482122],[-0.225698,51.482123],[-0.225476,51.482167],[-0.223752,51.482508],[-0.223374,51.482583],[-0.223351,51.482588],[-0.22334,51.482589],[-0.223319,51.482547],[-0.223316,51.482542],[-0.223292,51.482493],[-0.223255,51.482419],[-0.223237,51.482383],[-0.22321,51.482328],[-0.223188,51.482285],[-0.223178,51.482264],[-0.223158,51.482224],[-0.223152,51.482212],[-0.223479,51.482153],[-0.223584,51.482113],[-0.223675,51.482079],[-0.223543,51.481916],[-0.223514,51.481881],[-0.223507,51.481868],[-0.223402,51.481687],[-0.223382,51.481652],[-0.223347,51.481593],[-0.223319,51.481544],[-0.223296,51.481504],[-0.223294,51.481501],[-0.22328,51.481487],[-0.223258,51.481466]]]}},{"type":"Feature","properties":{"LSOA21CD":"E01001918","LSOA21NM":"Hammersmith and Fulham 018D","MEAN_PTAL_":"2","mean_AI":9.00178097861,"borough":"Hammersmith & Fulham"},"geometry":{"type":"Polygon","coordinates":[[[-0.218342,51.480545],[-0.218339,51.480537],[-0.218264,51.480546],[-0.21783,51.480594],[-0.217823,51.480564],[-0.217818,51.480564],[-0.217816,51.480557],[-0.217779,51.480401],[-0.217778,51.480398],[-0.217756,51.4803],[-0.217755,51.480296],[-0.217737,51.48022],[-0.217735,51.480213],[-0.21772,51.480146],[-0.217719,51.480143],[-0.217699,51.480059],[-0.217698,51.480054],[-0.217683,51.479991],[-0.217679,51.479975],[-0.217648,51.479839],[-0.217645,51.47983],[-0.217636,51.479789],[-0.217635,51.479785],[-0.217613,51.479692],[-0.217611,51.479684],[-0.217592,51.479602],[-0.217588,51.479586],[-0.217576,51.479534],[-0.217575,51.479527],[-0.217565,51.479486],[-0.217556,51.47945],[-0.217554,51.479438],[-0.217545,51.4794],[-0.217543,51.479391],[-0.217523,51.479305],[-0.217519,51.47929],[-0.217487,51.479154],[-0.217486,51.479148],[-0.217468,51.479074],[-0.217457,51.479042],[-0.217453,51.479033],[-0.217441,51.478998],[-0.217417,51.478935],[-0.21741,51.478917],[-0.217399,51.478885],[-0.217395,51.478874],[-0.217367,51.4788],[-0.21736,51.478781],[-0.217339,51.478722],[-0.217338,51.478719],[-0.217322,51.478677],[-0.21732,51.478672],[-0.217304,51.478627],[-0.217299,51.47862],[-0.217209,51.478476],[-0.217201,51.478463],[-0.217187,51.478441],[-0.217155,51.478389],[-0.21715,51.478381],[-0.217038,51.478201],[-0.217015,51.478166],[-0.217007,51.478153],[-0.217001,51.478143],[-0.21699,51.478126],[-0.216973,51.478098],[-0.216949,51.47806],[-0.216945,51.478055],[-0.216889,51.477985],[-0.216852,51.477939],[-0.216845,51.47793],[-0.216838,51.477922],[-0.216831,51.477914],[-0.216828,51.477909],[-0.21677,51.477838],[-0.216707,51.47776],[-0.21666,51.4777],[-0.216644,51.477681],[-0.216623,51.477655],[-0.216497,51.477498],[-0.216491,51.477492],[-0.216385,51.477367],[-0.216376,51.477357],[-0.216354,51.477331],[-0.216352,51.477328],[-0.216328,51.4773],[-0.216322,51.477293],[-0.216259,51.47722],[-0.216249,51.477207],[-0.216231,51.477186],[-0.216228,51.477183],[-0.216145,51.477085],[-0.216126,51.477063],[-0.216124,51.477061],[-0.216118,51.477054],[-0.216114,51.477049],[-0.216079,51.477008],[-0.216038,51.476959],[-0.216,51.476915],[-0.215977,51.476888],[-0.215938,51.476843],[-0.21583,51.476715],[-0.21573,51.476598],[-0.215702,51.476565],[-0.215668,51.476525],[-0.215664,51.47652],[-0.21566,51.476515],[-0.21565,51.476503],[-0.215634,51.47648],[-0.215632,51.476476],[-0.21561,51.476443],[-0.215536,51.476329],[-0.215531,51.476322],[-0.215489,51.476258],[-0.215478,51.476241],[-0.215474,51.476235],[-0.215359,51.476059],[-0.215356,51.476054],[-0.215348,51.476043],[-0.215356,51.476042],[-0.215344,51.476023],[-0.215637,51.475891],[-0.216015,51.476122],[-0.216021,51.476126],[-0.216054,51.476138],[-0.216052,51.476151],[-0.21605,51.476165],[-0.216049,51.476169],[-0.216139,51.47633],[-0.216167,51.476366],[-0.216229,51.476401],[-0.216271,51.476425],[-0.216374,51.476471],[-0.216372,51.476476],[-0.216359,51.476495],[-0.216298,51.476583],[-0.216424,51.476731],[-0.216534,51.476802],[-0.216584,51.476823],[-0.21663,51.476843],[-0.216875,51.4769],[-0.216969,51.476868],[-0.216982,51.476864],[-0.217017,51.476857],[-0.217023,51.476856],[-0.217087,51.476845],[-0.217098,51.476839],[-0.217152,51.476809],[-0.217156,51.476806],[-0.217202,51.476781],[-0.21724,51.476764],[-0.217245,51.47676],[-0.217273,51.476736],[-0.217313,51.476708],[-0.217332,51.476696],[-0.217419,51.476642],[-0.217423,51.47664],[-0.217545,51.476584],[-0.217565,51.476576],[-0.217572,51.476573],[-0.21763,51.476555],[-0.21759,51.476527],[-0.217519,51.476458],[-0.2175,51.47644],[-0.21752,51.47643],[-0.217602,51.476392],[-0.217642,51.476373],[-0.217648,51.47637],[-0.217767,51.476314],[-0.217829,51.476285],[-0.217841,51.476279],[-0.21794,51.476232],[-0.217961,51.476222],[-0.218026,51.476192],[-0.21804,51.476186],[-0.218067,51.476173],[-0.218102,51.476156],[-0.218188,51.476116],[-0.218228,51.476097],[-0.218316,51.476055],[-0.218367,51.476031],[-0.218487,51.475975],[-0.218545,51.47597],[-0.218626,51.476061],[-0.218804,51.476257],[-0.218803,51.476265],[-0.218819,51.476283],[-0.219092,51.476596],[-0.219109,51.476603],[-0.219106,51.476612],[-0.219163,51.476677],[-0.219329,51.476866],[-0.219357,51.476913],[-0.219393,51.476952],[-0.219389,51.476954],[-0.219383,51.476958],[-0.219399,51.476985],[-0.2195,51.477156],[-0.219594,51.477316],[-0.21971,51.477513],[-0.219789,51.477648],[-0.219801,51.477668],[-0.219886,51.47781],[-0.219921,51.477868],[-0.220004,51.478006],[-0.220008,51.478013],[-0.220179,51.478299],[-0.220196,51.478324],[-0.220207,51.478345],[-0.220418,51.478688],[-0.220508,51.478832],[-0.220625,51.479023],[-0.220627,51.479026],[-0.220641,51.47905],[-0.220788,51.47931],[-0.22082,51.479347],[-0.220813,51.479352],[-0.220952,51.47958],[-0.221019,51.479689],[-0.221024,51.479697],[-0.221026,51.479701],[-0.221235,51.480053],[-0.221133,51.480075],[-0.22103,51.480105],[-0.221018,51.48011],[-0.220957,51.480122],[-0.220894,51.48014],[-0.22085,51.480153],[-0.220823,51.480163],[-0.220803,51.480172],[-0.22066,51.480219],[-0.220636,51.480229],[-0.220597,51.480249],[-0.220552,51.480262],[-0.220489,51.480276],[-0.220443,51.480292],[-0.220404,51.480304],[-0.220387,51.480308],[-0.220376,51.48031],[-0.220352,51.48032],[-0.220225,51.48036],[-0.220188,51.480375],[-0.220154,51.48039],[-0.220125,51.480401],[-0.220044,51.480425],[-0.219983,51.480439],[-0.219941,51.480455],[-0.219921,51.480461],[-0.219852,51.480476],[-0.219779,51.480505],[-0.21977,51.480507],[-0.219758,51.480512],[-0.219695,51.48054],[-0.219658,51.48055],[-0.219643,51.480553],[-0.219493,51.480597],[-0.219482,51.480598],[-0.219477,51.4806],[-0.219361,51.480637],[-0.219331,51.480646],[-0.219282,51.480665],[-0.219244,51.480676],[-0.219184,51.480693],[-0.219138,51.48071],[-0.219075,51.480725],[-0.219052,51.480732],[-0.218982,51.480747],[-0.218903,51.480779],[-0.218884,51.480791],[-0.218831,51.480819],[-0.21876,51.48085],[-0.218752,51.480854],[-0.218717,51.480866],[-0.218651,51.480883],[-0.218554,51.480901],[-0.218441,51.480838],[-0.218434,51.480833],[-0.218375,51.480781],[-0.21835,51.480747],[-0.218336,51.480696],[-0.218334,51.480691],[-0.218342,51.480545]]]}},{"type":"Feature","properties":{"LSOA21CD":"E01001919","LSOA21NM":"Hammersmith and Fulham 018E","MEAN_PTAL_":"2","mean_AI":6.28832736692,"borough":"Hammersmith & Fulham"},"geometry":{"type":"Polygon","coordinates":[[[-0.220508,51.478832],[-0.220418,51.478688],[-0.220207,51.478345],[-0.220196,51.478324],[-0.220179,51.478299],[-0.220008,51.478013],[-0.220004,51.478006],[-0.219921,51.477868],[-0.219886,51.47781],[-0.219801,51.477668],[-0.219789,51.477648],[-0.21971,51.477513],[-0.219594,51.477316],[-0.2195,51.477156],[-0.219399,51.476985],[-0.219383,51.476958],[-0.219389,51.476954],[-0.219393,51.476952],[-0.219357,51.476913],[-0.219329,51.476866],[-0.219163,51.476677],[-0.219106,51.476612],[-0.219109,51.476603],[-0.219092,51.476596],[-0.218819,51.476283],[-0.218803,51.476265],[-0.218804,51.476257],[-0.218626,51.476061],[-0.218545,51.47597],[-0.218487,51.475975],[-0.218367,51.476031],[-0.218316,51.476055],[-0.218228,51.476097],[-0.218188,51.476116],[-0.218102,51.476156],[-0.218067,51.476173],[-0.21804,51.476186],[-0.218026,51.476192],[-0.217961,51.476222],[-0.21794,51.476232],[-0.217841,51.476279],[-0.217829,51.476285],[-0.217767,51.476314],[-0.217648,51.47637],[-0.217642,51.476373],[-0.217602,51.476392],[-0.21752,51.47643],[-0.2175,51.47644],[-0.217519,51.476458],[-0.21759,51.476527],[-0.21763,51.476555],[-0.217572,51.476573],[-0.217565,51.476576],[-0.217545,51.476584],[-0.217423,51.47664],[-0.217419,51.476642],[-0.217332,51.476696],[-0.217313,51.476708],[-0.217273,51.476736],[-0.217245,51.47676],[-0.21724,51.476764],[-0.217202,51.476781],[-0.217156,51.476806],[-0.217152,51.476809],[-0.217098,51.476839],[-0.217087,51.476845],[-0.217023,51.476856],[-0.217017,51.476857],[-0.216982,51.476864],[-0.216969,51.476868],[-0.216875,51.4769],[-0.21663,51.476843],[-0.216584,51.476823],[-0.216534,51.476802],[-0.216424,51.476731],[-0.216298,51.476583],[-0.216359,51.476495],[-0.216372,51.476476],[-0.216374,51.476471],[-0.216271,51.476425],[-0.216229,51.476401],[-0.216167,51.476366],[-0.216139,51.47633],[-0.216049,51.476169],[-0.21605,51.476165],[-0.216052,51.476151],[-0.216054,51.476138],[-0.216207,51.476089],[-0.216256,51.47606],[-0.216269,51.476056],[-0.21628,51.476052],[-0.216333,51.476028],[-0.216362,51.476015],[-0.216382,51.476008],[-0.21645,51.475968],[-0.216462,51.475959],[-0.21647,51.475956],[-0.216488,51.475947],[-0.2165,51.475942],[-0.216531,51.475931],[-0.21654,51.475926],[-0.216562,51.47592],[-0.216641,51.475887],[-0.216691,51.475856],[-0.216699,51.475851],[-0.216706,51.475847],[-0.216716,51.475844],[-0.216733,51.475839],[-0.216775,51.475822],[-0.216844,51.475783],[-0.216872,51.47577],[-0.216899,51.475763],[-0.216942,51.475752],[-0.216946,51.475751],[-0.216961,51.475745],[-0.216987,51.475731],[-0.217003,51.475724],[-0.217063,51.475692],[-0.217084,51.475686],[-0.21717,51.475643],[-0.217177,51.47564],[-0.217209,51.475624],[-0.217221,51.47562],[-0.217281,51.47559],[-0.217295,51.475584],[-0.217362,51.475557],[-0.217368,51.475553],[-0.217399,51.475539],[-0.217437,51.475522],[-0.217452,51.475514],[-0.21751,51.475489],[-0.217545,51.475466],[-0.217553,51.475461],[-0.217574,51.475452],[-0.217591,51.475445],[-0.217605,51.475438],[-0.217629,51.475428],[-0.21768,51.475398],[-0.217697,51.475391],[-0.217731,51.475378],[-0.21776,51.475363],[-0.21789,51.475313],[-0.217894,51.475307],[-0.217907,51.475291],[-0.217923,51.47527],[-0.217931,51.475267],[-0.218054,51.475223],[-0.218107,51.475207],[-0.218128,51.475198],[-0.218142,51.475193],[-0.21816,51.475183],[-0.218179,51.475172],[-0.218183,51.47517],[-0.218299,51.47512],[-0.218323,51.475105],[-0.218343,51.475092],[-0.218356,51.475089],[-0.218361,51.475088],[-0.218414,51.47507],[-0.218444,51.475059],[-0.218467,51.475048],[-0.218472,51.475046],[-0.218499,51.475037],[-0.218517,51.47503],[-0.218562,51.475015],[-0.218589,51.475007],[-0.218637,51.474984],[-0.218658,51.474974],[-0.21869,51.474956],[-0.218695,51.474953],[-0.21874,51.474937],[-0.21875,51.474932],[-0.218804,51.474905],[-0.21881,51.474903],[-0.218839,51.474889],[-0.218857,51.474875],[-0.218862,51.474871],[-0.218884,51.47486],[-0.218911,51.474846],[-0.218924,51.47484],[-0.21894,51.474832],[-0.218996,51.474803],[-0.219002,51.474802],[-0.219006,51.4748],[-0.219011,51.474798],[-0.219079,51.474768],[-0.219084,51.474764],[-0.219088,51.474761],[-0.21909,51.474758],[-0.219093,51.474756],[-0.219164,51.474704],[-0.21918,51.474698],[-0.219192,51.474692],[-0.21921,51.474686],[-0.219253,51.474672],[-0.219305,51.47465],[-0.219318,51.474642],[-0.219338,51.474629],[-0.219345,51.474626],[-0.21937,51.474616],[-0.21939,51.474607],[-0.219394,51.474605],[-0.219526,51.474556],[-0.219525,51.474547],[-0.219522,51.474507],[-0.219522,51.474503],[-0.219499,51.474456],[-0.219492,51.474443],[-0.219448,51.474381],[-0.219442,51.474376],[-0.21935,51.474316],[-0.219344,51.474314],[-0.219213,51.474254],[-0.219215,51.474251],[-0.219246,51.474209],[-0.219249,51.474205],[-0.219253,51.4742],[-0.219249,51.474192],[-0.219137,51.47397],[-0.218997,51.473919],[-0.218971,51.473913],[-0.218889,51.473893],[-0.218896,51.473868],[-0.218895,51.47386],[-0.218885,51.473769],[-0.218884,51.473762],[-0.218858,51.473702],[-0.218854,51.473697],[-0.218845,51.473687],[-0.218835,51.473676],[-0.218679,51.473568],[-0.218676,51.473566],[-0.218685,51.473535],[-0.218654,51.473549],[-0.218505,51.473616],[-0.218497,51.47362],[-0.218481,51.473627],[-0.218429,51.473651],[-0.218347,51.473688],[-0.218298,51.473711],[-0.218269,51.473724],[-0.218214,51.473749],[-0.218144,51.473781],[-0.218023,51.473836],[-0.217996,51.473848],[-0.217941,51.473874],[-0.217915,51.473886],[-0.217901,51.473892],[-0.217839,51.47392],[-0.217782,51.473946],[-0.217701,51.473983],[-0.217668,51.473998],[-0.217659,51.474003],[-0.21761,51.474025],[-0.217543,51.474055],[-0.217477,51.474086],[-0.217412,51.474115],[-0.217369,51.474135],[-0.217345,51.474146],[-0.217262,51.474184],[-0.217198,51.474213],[-0.217163,51.474229],[-0.217139,51.47424],[-0.217059,51.474276],[-0.216961,51.474321],[-0.216926,51.474337],[-0.216922,51.474339],[-0.21668,51.474127],[-0.216631,51.474081],[-0.216612,51.474068],[-0.216594,51.474052],[-0.216598,51.47405],[-0.216629,51.473999],[-0.216731,51.473948],[-0.21674,51.473944],[-0.216748,51.473941],[-0.21676,51.473938],[-0.216799,51.47393],[-0.216845,51.47392],[-0.216852,51.473919],[-0.217008,51.473844],[-0.217014,51.473839],[-0.217033,51.47383],[-0.217039,51.473826],[-0.217046,51.473822],[-0.217049,51.47382],[-0.21718,51.473759],[-0.217186,51.473756],[-0.217243,51.473737],[-0.217256,51.473736],[-0.217271,51.473735],[-0.217286,51.47373],[-0.217326,51.473718],[-0.21737,51.473692],[-0.217505,51.47363],[-0.217514,51.473628],[-0.21758,51.473609],[-0.217592,51.473602],[-0.2176,51.473598],[-0.21763,51.473586],[-0.217677,51.473557],[-0.217689,51.473552],[-0.217725,51.473537],[-0.217799,51.473499],[-0.21782,51.473483],[-0.217828,51.473478],[-0.217887,51.473454],[-0.217895,51.473452],[-0.217932,51.47344],[-0.217974,51.473424],[-0.217981,51.473422],[-0.217985,51.47342],[-0.217993,51.473416],[-0.218124,51.47335],[-0.21813,51.473345],[-0.218139,51.473339],[-0.218144,51.473336],[-0.218287,51.473275],[-0.218334,51.47326],[-0.218356,51.473253],[-0.218357,51.473244],[-0.218359,51.473233],[-0.218364,51.473203],[-0.218356,51.473127],[-0.218353,51.473121],[-0.218321,51.473048],[-0.218318,51.473046],[-0.218142,51.472899],[-0.218142,51.472895],[-0.218169,51.472883],[-0.218348,51.472802],[-0.218555,51.472709],[-0.218572,51.472724],[-0.218652,51.472791],[-0.218662,51.472803],[-0.218764,51.472921],[-0.218804,51.472969],[-0.218878,51.473055],[-0.218954,51.473143],[-0.219019,51.473219],[-0.219115,51.473332],[-0.219121,51.473338],[-0.219146,51.473368],[-0.219151,51.473366],[-0.219155,51.473371],[-0.219223,51.473455],[-0.219226,51.47346],[-0.219228,51.473462],[-0.219329,51.473578],[-0.219371,51.473627],[-0.219424,51.473687],[-0.219485,51.473758],[-0.219658,51.473958],[-0.219686,51.473985],[-0.21966,51.473997],[-0.219675,51.47401],[-0.219685,51.474019],[-0.219715,51.474014],[-0.21984,51.474138],[-0.219883,51.47418],[-0.219913,51.47421],[-0.219979,51.474275],[-0.219991,51.474287],[-0.220037,51.474341],[-0.220088,51.474387],[-0.220108,51.474413],[-0.220204,51.474537],[-0.220294,51.474642],[-0.220312,51.474663],[-0.220328,51.47468],[-0.220625,51.475011],[-0.220694,51.475089],[-0.220859,51.475298],[-0.2209,51.475343],[-0.220905,51.475349],[-0.221037,51.475525],[-0.221069,51.475577],[-0.221132,51.475678],[-0.221179,51.475754],[-0.221693,51.475649],[-0.222609,51.474796],[-0.222727,51.474656],[-0.223249,51.474188],[-0.223509,51.474001],[-0.223639,51.474123],[-0.223907,51.474392],[-0.224076,51.474569],[-0.224231,51.474752],[-0.224572,51.475179],[-0.225053,51.475837],[-0.225189,51.476075],[-0.225192,51.47608],[-0.225201,51.4761],[-0.225226,51.476151],[-0.225243,51.476187],[-0.225329,51.476366],[-0.225369,51.476461],[-0.225375,51.476482],[-0.225458,51.476759],[-0.224909,51.476758],[-0.224599,51.476757],[-0.224355,51.476843],[-0.223645,51.477093],[-0.22361,51.477105],[-0.223479,51.477165],[-0.22344,51.477183],[-0.22333,51.477228],[-0.223297,51.47724],[-0.223217,51.477269],[-0.223116,51.477301],[-0.223093,51.477305],[-0.222991,51.477363],[-0.222953,51.477385],[-0.222905,51.477413],[-0.222894,51.477419],[-0.222582,51.477475],[-0.22257,51.477477],[-0.222536,51.477486],[-0.222554,51.477524],[-0.222563,51.477541],[-0.222574,51.477563],[-0.22258,51.477576],[-0.222595,51.477607],[-0.222631,51.477682],[-0.222632,51.47769],[-0.222633,51.477694],[-0.222643,51.477716],[-0.222644,51.47772],[-0.22265,51.477735],[-0.222655,51.47775],[-0.222655,51.477753],[-0.222656,51.477761],[-0.222664,51.47778],[-0.222669,51.477793],[-0.22267,51.4778],[-0.222675,51.477815],[-0.222683,51.477825],[-0.222711,51.47786],[-0.222717,51.477867],[-0.222725,51.477873],[-0.222726,51.477884],[-0.222727,51.477897],[-0.222728,51.477903],[-0.22273,51.477908],[-0.22273,51.477935],[-0.222733,51.477943],[-0.222741,51.477967],[-0.222743,51.477972],[-0.222743,51.477977],[-0.222743,51.477994],[-0.222744,51.477997],[-0.222755,51.478033],[-0.222752,51.478037],[-0.222732,51.478086],[-0.22273,51.478104],[-0.222723,51.478189],[-0.222723,51.478194],[-0.222831,51.478281],[-0.222835,51.478284],[-0.222816,51.478301],[-0.222781,51.478321],[-0.22274,51.478344],[-0.222728,51.478351],[-0.22273,51.478353],[-0.222741,51.478367],[-0.222872,51.478537],[-0.222884,51.478552],[-0.222929,51.478575],[-0.222933,51.478578],[-0.22294,51.478583],[-0.222972,51.478596],[-0.223075,51.478635],[-0.222997,51.478666],[-0.222974,51.478675],[-0.222593,51.478714],[-0.222532,51.47872],[-0.222511,51.478722],[-0.222522,51.478772],[-0.222542,51.47886],[-0.222507,51.478852],[-0.222479,51.478855],[-0.22243,51.478863],[-0.222339,51.478884],[-0.222267,51.478905],[-0.222251,51.478908],[-0.222243,51.478911],[-0.222147,51.478945],[-0.222077,51.478961],[-0.222045,51.478972],[-0.222022,51.478983],[-0.221877,51.479025],[-0.221837,51.479034],[-0.221824,51.479038],[-0.221812,51.479043],[-0.221723,51.47908],[-0.221703,51.479086],[-0.221659,51.479096],[-0.221645,51.479101],[-0.221624,51.479109],[-0.221543,51.479136],[-0.221507,51.479145],[-0.221498,51.479148],[-0.221465,51.479159],[-0.221399,51.479177],[-0.221359,51.479192],[-0.221319,51.479203],[-0.221277,51.479218],[-0.221268,51.479221],[-0.221244,51.47923],[-0.221237,51.479233],[-0.221166,51.47926],[-0.221158,51.479262],[-0.221069,51.479282],[-0.221065,51.479283],[-0.221016,51.479302],[-0.220991,51.479309],[-0.22082,51.479347],[-0.220788,51.47931],[-0.220641,51.47905],[-0.220627,51.479026],[-0.220625,51.479023],[-0.220508,51.478832]]]}},{"type":"Feature","properties":{"LSOA21CD":"E01001921","LSOA21NM":"Hammersmith and Fulham 020B","MEAN_PTAL_":"5","mean_AI":21.5717131891,"borough":"Hammersmith & Fulham"},"geometry":{"type":"Polygon","coordinates":[[[-0.188316,51.479593],[-0.188271,51.479567],[-0.188199,51.479525],[-0.188167,51.479506],[-0.188115,51.479476],[-0.188064,51.479445],[-0.188029,51.479424],[-0.188013,51.479414],[-0.187962,51.479383],[-0.187731,51.479241],[-0.187664,51.4792],[-0.187652,51.479193],[-0.187642,51.479187],[-0.187729,51.479126],[-0.18794,51.479001],[-0.188197,51.478848],[-0.188265,51.478807],[-0.188291,51.478792],[-0.188271,51.47878],[-0.188205,51.47874],[-0.188034,51.478636],[-0.187925,51.478571],[-0.187842,51.478621],[-0.187826,51.478583],[-0.187792,51.478536],[-0.187777,51.478516],[-0.187734,51.478482],[-0.187614,51.478426],[-0.187467,51.478573],[-0.187464,51.478576],[-0.187334,51.478585],[-0.187318,51.478596],[-0.187305,51.478605],[-0.187289,51.478623],[-0.187283,51.478629],[-0.187235,51.478642],[-0.187228,51.478644],[-0.187222,51.478647],[-0.187207,51.478654],[-0.187161,51.478687],[-0.187138,51.478711],[-0.18722,51.478785],[-0.187352,51.478901],[-0.187332,51.478924],[-0.187298,51.478961],[-0.187245,51.478993],[-0.187187,51.479027],[-0.18701,51.479132],[-0.187013,51.479115],[-0.187027,51.479032],[-0.186804,51.47893],[-0.186704,51.478884],[-0.186706,51.47888],[-0.186784,51.478792],[-0.186801,51.478778],[-0.186813,51.478768],[-0.186827,51.478696],[-0.186837,51.478674],[-0.186884,51.478574],[-0.186886,51.478571],[-0.186931,51.478543],[-0.186937,51.47854],[-0.186957,51.478528],[-0.186968,51.478521],[-0.186972,51.478519],[-0.186975,51.478517],[-0.186977,51.478514],[-0.18706,51.478466],[-0.187068,51.478458],[-0.187077,51.478451],[-0.187079,51.478448],[-0.187075,51.47844],[-0.187071,51.478434],[-0.187031,51.478383],[-0.187009,51.478365],[-0.186938,51.478331],[-0.18693,51.478327],[-0.186792,51.478279],[-0.186788,51.478278],[-0.186844,51.478248],[-0.18703,51.478152],[-0.187061,51.478136],[-0.187161,51.478118],[-0.1872,51.478143],[-0.187255,51.47818],[-0.187267,51.478187],[-0.187339,51.478234],[-0.187355,51.478245],[-0.187368,51.47824],[-0.187375,51.478237],[-0.187808,51.47804],[-0.187935,51.477983],[-0.187995,51.477956],[-0.188084,51.477915],[-0.188288,51.477816],[-0.188688,51.477619],[-0.189047,51.477443],[-0.189152,51.477392],[-0.18917,51.477379],[-0.189216,51.477453],[-0.189236,51.477485],[-0.189239,51.47749],[-0.189281,51.477566],[-0.189357,51.477702],[-0.18944,51.477776],[-0.189585,51.477871],[-0.189651,51.477914],[-0.18968,51.477946],[-0.189692,51.477959],[-0.189663,51.477977],[-0.189279,51.478205],[-0.18925,51.478222],[-0.189271,51.478239],[-0.189387,51.478328],[-0.189531,51.478439],[-0.189581,51.478477],[-0.189597,51.478462],[-0.189609,51.478449],[-0.189682,51.478295],[-0.189694,51.478289],[-0.189724,51.478283],[-0.189765,51.478275],[-0.189834,51.478337],[-0.18993,51.47838],[-0.190059,51.478386],[-0.19007,51.478387],[-0.19012,51.478389],[-0.190148,51.478389],[-0.190249,51.478388],[-0.19026,51.478405],[-0.190269,51.478413],[-0.190321,51.478462],[-0.190333,51.478473],[-0.190336,51.478476],[-0.19034,51.478478],[-0.190381,51.478514],[-0.190426,51.47852],[-0.190492,51.478528],[-0.190497,51.478529],[-0.190514,51.478529],[-0.190529,51.47853],[-0.190609,51.478545],[-0.19062,51.478547],[-0.190655,51.47855],[-0.190734,51.478545],[-0.190768,51.478534],[-0.190953,51.478473],[-0.190943,51.47846],[-0.1909,51.478401],[-0.190897,51.478397],[-0.190848,51.478331],[-0.190836,51.478315],[-0.190822,51.478295],[-0.190798,51.478263],[-0.190785,51.478245],[-0.190783,51.478242],[-0.190732,51.478173],[-0.190678,51.4781],[-0.190673,51.478094],[-0.19066,51.478076],[-0.190636,51.478043],[-0.19063,51.478034],[-0.190608,51.478005],[-0.190598,51.477991],[-0.190589,51.477977],[-0.190556,51.477924],[-0.190535,51.47789],[-0.190526,51.477884],[-0.19053,51.477882],[-0.190452,51.477775],[-0.190742,51.477749],[-0.190775,51.477746],[-0.190804,51.477729],[-0.190915,51.477664],[-0.19092,51.477661],[-0.190932,51.477666],[-0.191026,51.477707],[-0.191035,51.477714],[-0.19109,51.477738],[-0.191103,51.477744],[-0.191125,51.477754],[-0.191137,51.477755],[-0.191227,51.477766],[-0.191268,51.477654],[-0.19131,51.477621],[-0.191406,51.477583],[-0.191436,51.477579],[-0.191498,51.477576],[-0.191442,51.477548],[-0.191478,51.477531],[-0.191608,51.477472],[-0.191854,51.477361],[-0.191954,51.477316],[-0.191987,51.477339],[-0.192003,51.477338],[-0.192017,51.47735],[-0.192078,51.477384],[-0.192087,51.477381],[-0.192422,51.477241],[-0.192451,51.477291],[-0.192462,51.477308],[-0.19251,51.477354],[-0.192572,51.477364],[-0.192707,51.47737],[-0.192742,51.477372],[-0.192812,51.477391],[-0.192765,51.477418],[-0.192562,51.477532],[-0.192557,51.477535],[-0.192404,51.47762],[-0.192398,51.477623],[-0.192419,51.477637],[-0.192424,51.477641],[-0.192521,51.477706],[-0.192808,51.477899],[-0.19287,51.477942],[-0.192917,51.477973],[-0.192925,51.477977],[-0.192964,51.477999],[-0.193016,51.478029],[-0.193048,51.478056],[-0.193066,51.478045],[-0.19308,51.47805],[-0.193117,51.47803],[-0.193308,51.477925],[-0.193462,51.477839],[-0.193497,51.47782],[-0.1935,51.477824],[-0.193511,51.477867],[-0.193545,51.477993],[-0.193598,51.478032],[-0.193677,51.47807],[-0.193737,51.478087],[-0.193788,51.478093],[-0.193811,51.478095],[-0.19382,51.478096],[-0.193872,51.478068],[-0.193894,51.478051],[-0.193909,51.47804],[-0.19393,51.478027],[-0.193935,51.478023],[-0.193944,51.478015],[-0.194007,51.477978],[-0.194039,51.477964],[-0.194056,51.477959],[-0.19406,51.477957],[-0.194067,51.477954],[-0.194073,51.477949],[-0.194082,51.477942],[-0.194085,51.477939],[-0.194106,51.477923],[-0.194158,51.477889],[-0.194172,51.477883],[-0.194197,51.477873],[-0.194208,51.477868],[-0.194259,51.477844],[-0.194268,51.477837],[-0.194276,51.477834],[-0.194296,51.477825],[-0.194309,51.477817],[-0.194328,51.477805],[-0.194299,51.477735],[-0.194296,51.477707],[-0.194295,51.477694],[-0.194273,51.477652],[-0.194267,51.477649],[-0.194211,51.477616],[-0.194203,51.477611],[-0.194041,51.477578],[-0.194024,51.477575],[-0.194029,51.477569],[-0.19404,51.477556],[-0.194063,51.477506],[-0.194174,51.477444],[-0.194221,51.477418],[-0.194295,51.477374],[-0.194408,51.477421],[-0.194498,51.47746],[-0.194585,51.477498],[-0.194613,51.477511],[-0.194617,51.477512],[-0.194663,51.477532],[-0.194719,51.477559],[-0.194762,51.477579],[-0.194769,51.477583],[-0.194829,51.47762],[-0.194959,51.477699],[-0.195056,51.477781],[-0.195051,51.477784],[-0.195053,51.477787],[-0.195066,51.477803],[-0.195074,51.4778],[-0.195125,51.477854],[-0.195179,51.477963],[-0.195189,51.477983],[-0.195212,51.478025],[-0.195232,51.478063],[-0.195242,51.478083],[-0.195265,51.478129],[-0.195291,51.478183],[-0.195305,51.478211],[-0.195339,51.478281],[-0.195349,51.478309],[-0.195371,51.478373],[-0.195386,51.478418],[-0.195401,51.478463],[-0.195404,51.47847],[-0.1954,51.478555],[-0.195507,51.478568],[-0.195526,51.478571],[-0.195542,51.478573],[-0.195542,51.478643],[-0.195521,51.478819],[-0.195516,51.47886],[-0.195506,51.478942],[-0.195506,51.478948],[-0.195505,51.478973],[-0.195504,51.479048],[-0.195504,51.47907],[-0.195533,51.47927],[-0.195572,51.479311],[-0.195457,51.479292],[-0.195436,51.479285],[-0.19541,51.479278],[-0.195339,51.479247],[-0.195291,51.479214],[-0.195258,51.479176],[-0.195241,51.479162],[-0.195232,51.479149],[-0.195188,51.479109],[-0.195178,51.479099],[-0.195152,51.479075],[-0.195146,51.479069],[-0.195133,51.479051],[-0.195127,51.479045],[-0.19508,51.478969],[-0.195073,51.47895],[-0.195046,51.478945],[-0.195024,51.478943],[-0.194951,51.478928],[-0.194884,51.478906],[-0.194839,51.478881],[-0.194806,51.478863],[-0.194761,51.478824],[-0.194731,51.478776],[-0.194715,51.478723],[-0.19466,51.478716],[-0.194463,51.478755],[-0.194289,51.478789],[-0.19418,51.478811],[-0.194129,51.478781],[-0.194054,51.478737],[-0.194045,51.478739],[-0.194034,51.478741],[-0.193766,51.478791],[-0.193743,51.478795],[-0.193517,51.478837],[-0.193479,51.478844],[-0.193173,51.478899],[-0.193071,51.478917],[-0.192929,51.478943],[-0.192843,51.478959],[-0.192773,51.478959],[-0.192771,51.478972],[-0.192647,51.478994],[-0.192733,51.479135],[-0.192736,51.47914],[-0.192745,51.479154],[-0.192747,51.479157],[-0.19276,51.479177],[-0.192762,51.479182],[-0.192787,51.479222],[-0.192795,51.479235],[-0.19282,51.479275],[-0.192839,51.479306],[-0.192892,51.479392],[-0.192901,51.479407],[-0.192922,51.479441],[-0.19293,51.479455],[-0.192975,51.479526],[-0.19302,51.479599],[-0.193059,51.479663],[-0.193105,51.479738],[-0.193166,51.479837],[-0.193205,51.4799],[-0.193244,51.479962],[-0.193273,51.48001],[-0.193234,51.47997],[-0.193229,51.479967],[-0.193139,51.479917],[-0.193013,51.479874],[-0.19295,51.479861],[-0.192809,51.479819],[-0.192744,51.479832],[-0.192712,51.479845],[-0.192551,51.479819],[-0.192516,51.479826],[-0.192092,51.479912],[-0.192042,51.479923],[-0.192038,51.479921],[-0.191974,51.479904],[-0.191968,51.479902],[-0.191949,51.479895],[-0.191936,51.47989],[-0.191918,51.479897],[-0.191905,51.479902],[-0.191697,51.479934],[-0.191637,51.479943],[-0.191492,51.479871],[-0.191489,51.479864],[-0.19148,51.479855],[-0.191385,51.479804],[-0.191379,51.479806],[-0.191359,51.479814],[-0.191194,51.47986],[-0.191133,51.479835],[-0.190991,51.479778],[-0.19094,51.479758],[-0.190879,51.479771],[-0.190853,51.479765],[-0.190802,51.479753],[-0.190797,51.479752],[-0.190703,51.479471],[-0.190699,51.479459],[-0.190708,51.479455],[-0.190757,51.479433],[-0.190751,51.479427],[-0.190749,51.479425],[-0.190715,51.47939],[-0.190692,51.479366],[-0.190605,51.479277],[-0.190598,51.479269],[-0.190579,51.479254],[-0.190503,51.479193],[-0.190371,51.47929],[-0.190344,51.479303],[-0.190261,51.479325],[-0.190199,51.479333],[-0.190053,51.479333],[-0.19,51.479328],[-0.189974,51.479326],[-0.189962,51.479365],[-0.189961,51.479373],[-0.189955,51.479431],[-0.189944,51.479451],[-0.189879,51.479532],[-0.189828,51.479562],[-0.189686,51.479612],[-0.189617,51.4796],[-0.189557,51.47959],[-0.189539,51.479628],[-0.189532,51.47965],[-0.189526,51.479669],[-0.189494,51.47973],[-0.189437,51.479764],[-0.189369,51.479788],[-0.189289,51.479795],[-0.189289,51.4798],[-0.189259,51.47989],[-0.18922,51.479914],[-0.189193,51.479926],[-0.189254,51.480146],[-0.188923,51.479951],[-0.188899,51.479937],[-0.188799,51.479878],[-0.188763,51.479857],[-0.188731,51.479838],[-0.188679,51.479807],[-0.188607,51.479765],[-0.188566,51.47974],[-0.188555,51.479734],[-0.188531,51.47972],[-0.188494,51.479698],[-0.188366,51.479623],[-0.188316,51.479593]]]}},{"type":"Feature","properties":{"LSOA21CD":"E01001922","LSOA21NM":"Hammersmith and Fulham 020C","MEAN_PTAL_":"4","mean_AI":15.2217481057,"borough":"Hammersmith & Fulham"},"geometry":{"type":"Polygon","coordinates":[[[-0.195125,51.477854],[-0.195074,51.4778],[-0.195066,51.477803],[-0.195053,51.477787],[-0.195051,51.477784],[-0.195056,51.477781],[-0.194959,51.477699],[-0.194829,51.47762],[-0.194769,51.477583],[-0.194762,51.477579],[-0.194719,51.477559],[-0.194663,51.477532],[-0.194617,51.477512],[-0.194613,51.477511],[-0.194585,51.477498],[-0.194498,51.47746],[-0.194408,51.477421],[-0.194295,51.477374],[-0.194271,51.477364],[-0.194224,51.477346],[-0.194196,51.477337],[-0.194174,51.477329],[-0.194156,51.477323],[-0.194139,51.477318],[-0.194034,51.477271],[-0.193969,51.477243],[-0.19382,51.477192],[-0.193778,51.477177],[-0.193638,51.477129],[-0.193614,51.477121],[-0.19354,51.477101],[-0.193419,51.477068],[-0.193402,51.477072],[-0.193402,51.477069],[-0.193401,51.477064],[-0.193383,51.476978],[-0.193097,51.476914],[-0.19301,51.476895],[-0.19268,51.476821],[-0.192554,51.476794],[-0.192537,51.47679],[-0.192465,51.476774],[-0.192297,51.476747],[-0.192279,51.476744],[-0.192376,51.476678],[-0.192473,51.476612],[-0.192505,51.476591],[-0.192541,51.476566],[-0.192646,51.476495],[-0.192754,51.476423],[-0.192778,51.476406],[-0.1928,51.476391],[-0.192881,51.476336],[-0.192963,51.476271],[-0.19297,51.476265],[-0.193148,51.476142],[-0.193154,51.476137],[-0.193282,51.476036],[-0.193289,51.476031],[-0.193379,51.47597],[-0.193385,51.475966],[-0.193484,51.475912],[-0.19354,51.475882],[-0.193582,51.475859],[-0.194086,51.475583],[-0.194298,51.475468],[-0.194386,51.475415],[-0.194416,51.475388],[-0.194462,51.475341],[-0.19466,51.475131],[-0.194682,51.475107],[-0.194735,51.475051],[-0.194776,51.475008],[-0.194802,51.474982],[-0.194843,51.47494],[-0.19497,51.474812],[-0.194999,51.474783],[-0.195092,51.474688],[-0.195153,51.474635],[-0.195301,51.474541],[-0.195357,51.474552],[-0.195495,51.474597],[-0.195527,51.474608],[-0.195546,51.474614],[-0.195578,51.474596],[-0.195631,51.474559],[-0.195701,51.474522],[-0.195978,51.474653],[-0.195987,51.474648],[-0.19614,51.474546],[-0.196154,51.474537],[-0.196232,51.474486],[-0.196308,51.474436],[-0.196351,51.474408],[-0.196421,51.474361],[-0.196491,51.474315],[-0.196567,51.474264],[-0.196645,51.474213],[-0.196686,51.474186],[-0.196764,51.474135],[-0.196785,51.474121],[-0.196792,51.474116],[-0.196859,51.474068],[-0.196663,51.473946],[-0.196615,51.473959],[-0.196599,51.473969],[-0.196503,51.473895],[-0.196539,51.473879],[-0.196495,51.473833],[-0.196517,51.47382],[-0.196512,51.473812],[-0.196496,51.473784],[-0.196317,51.473584],[-0.196303,51.473565],[-0.196273,51.473533],[-0.196298,51.473523],[-0.196304,51.473485],[-0.196484,51.473495],[-0.196603,51.473427],[-0.196653,51.473398],[-0.196681,51.473355],[-0.19668,51.473348],[-0.196871,51.473302],[-0.196891,51.473272],[-0.196895,51.473207],[-0.196896,51.47319],[-0.196901,51.473179],[-0.196935,51.473109],[-0.196932,51.473103],[-0.19692,51.473074],[-0.196919,51.473064],[-0.196918,51.473056],[-0.197033,51.473058],[-0.197043,51.473059],[-0.197242,51.473079],[-0.197307,51.473041],[-0.197323,51.473016],[-0.197352,51.472967],[-0.197333,51.472953],[-0.197327,51.472947],[-0.197301,51.47292],[-0.197288,51.472913],[-0.197282,51.472907],[-0.197256,51.472877],[-0.197252,51.472875],[-0.197218,51.472853],[-0.197203,51.472838],[-0.197201,51.472833],[-0.197198,51.472823],[-0.197192,51.472816],[-0.197177,51.472801],[-0.197157,51.47279],[-0.197152,51.472786],[-0.197129,51.472766],[-0.197121,51.472739],[-0.197115,51.472719],[-0.19709,51.472697],[-0.197082,51.472682],[-0.197049,51.47266],[-0.197045,51.472657],[-0.197031,51.47263],[-0.197025,51.472624],[-0.197019,51.472617],[-0.197017,51.472614],[-0.197004,51.472582],[-0.196972,51.472561],[-0.196968,51.472558],[-0.196965,51.472551],[-0.196939,51.472522],[-0.196926,51.472493],[-0.196915,51.472486],[-0.196909,51.472482],[-0.196904,51.472475],[-0.19689,51.472453],[-0.196886,51.472447],[-0.196867,51.472431],[-0.196864,51.472425],[-0.196851,51.472399],[-0.196844,51.472395],[-0.196836,51.472389],[-0.196826,51.472383],[-0.196803,51.472345],[-0.196802,51.472341],[-0.196776,51.472296],[-0.196764,51.472288],[-0.19676,51.472285],[-0.196757,51.47228],[-0.196741,51.472251],[-0.196733,51.472244],[-0.196729,51.47224],[-0.196709,51.472212],[-0.196702,51.472203],[-0.196702,51.472199],[-0.1967,51.472195],[-0.196683,51.472161],[-0.196677,51.472155],[-0.196669,51.472148],[-0.196658,51.472132],[-0.196644,51.472113],[-0.196614,51.472094],[-0.196612,51.472091],[-0.196598,51.472066],[-0.196596,51.472062],[-0.196593,51.472056],[-0.196589,51.472035],[-0.196564,51.472016],[-0.196542,51.472],[-0.19654,51.471997],[-0.196523,51.471968],[-0.196516,51.471962],[-0.196512,51.471958],[-0.196507,51.471954],[-0.196487,51.471924],[-0.19647,51.471911],[-0.196454,51.471899],[-0.196449,51.47189],[-0.196444,51.471883],[-0.196432,51.47187],[-0.196425,51.471863],[-0.19641,51.471839],[-0.19641,51.471829],[-0.196404,51.471818],[-0.196386,51.471788],[-0.196385,51.471785],[-0.196371,51.471773],[-0.196368,51.47177],[-0.196337,51.471725],[-0.196329,51.471718],[-0.196307,51.47168],[-0.196304,51.471677],[-0.196299,51.471669],[-0.196284,51.471645],[-0.196282,51.471642],[-0.196251,51.471615],[-0.196238,51.471599],[-0.196223,51.471582],[-0.196205,51.471544],[-0.196192,51.471535],[-0.196127,51.471485],[-0.196116,51.471477],[-0.196499,51.471315],[-0.196542,51.471311],[-0.196558,51.471304],[-0.196572,51.471298],[-0.196576,51.471283],[-0.19686,51.471163],[-0.196982,51.471112],[-0.197004,51.471128],[-0.197037,51.471151],[-0.197083,51.471191],[-0.197113,51.471234],[-0.197127,51.47127],[-0.197152,51.471306],[-0.197164,51.471317],[-0.197167,51.471324],[-0.197171,51.471331],[-0.197178,51.471344],[-0.197183,51.47135],[-0.197194,51.471378],[-0.197221,51.47141],[-0.19724,51.471442],[-0.197243,51.471445],[-0.197249,51.471456],[-0.197261,51.471476],[-0.197273,51.471488],[-0.197284,51.471506],[-0.197291,51.471519],[-0.197309,51.471538],[-0.197334,51.471577],[-0.197345,51.471587],[-0.197368,51.471617],[-0.197369,51.471619],[-0.197379,51.471634],[-0.197404,51.471667],[-0.197406,51.471672],[-0.197434,51.471706],[-0.197436,51.471711],[-0.19746,51.471742],[-0.197471,51.47175],[-0.197512,51.471794],[-0.19752,51.471803],[-0.197537,51.471835],[-0.197548,51.471846],[-0.197551,51.471849],[-0.197554,51.471858],[-0.197562,51.471866],[-0.197588,51.471901],[-0.1976,51.471917],[-0.197606,51.471936],[-0.197617,51.471952],[-0.197623,51.471963],[-0.197668,51.472013],[-0.197671,51.472022],[-0.197674,51.472026],[-0.19769,51.472046],[-0.1977,51.472072],[-0.197714,51.472106],[-0.197723,51.472127],[-0.197725,51.472133],[-0.197726,51.472136],[-0.197733,51.472151],[-0.197738,51.472156],[-0.197761,51.472177],[-0.197786,51.472217],[-0.197789,51.472228],[-0.1978,51.472249],[-0.197801,51.472251],[-0.197813,51.47226],[-0.197844,51.472304],[-0.197855,51.472331],[-0.197859,51.472336],[-0.197866,51.472367],[-0.197869,51.472376],[-0.197886,51.472412],[-0.197896,51.472423],[-0.197901,51.472435],[-0.197908,51.472452],[-0.197925,51.472468],[-0.197949,51.472502],[-0.19797,51.472519],[-0.197976,51.472532],[-0.197977,51.472588],[-0.197984,51.472595],[-0.198032,51.472638],[-0.197938,51.472703],[-0.197912,51.472713],[-0.197732,51.472714],[-0.197616,51.472715],[-0.19761,51.472715],[-0.197599,51.472715],[-0.197601,51.47272],[-0.19761,51.472744],[-0.197633,51.472761],[-0.1977,51.472813],[-0.197918,51.473029],[-0.197959,51.473069],[-0.197977,51.473087],[-0.198088,51.473032],[-0.198154,51.473],[-0.198167,51.473006],[-0.198172,51.473008],[-0.198574,51.473185],[-0.198621,51.473205],[-0.198763,51.473261],[-0.199031,51.473391],[-0.199146,51.473454],[-0.1992,51.473484],[-0.199236,51.473507],[-0.199425,51.473631],[-0.19965,51.473774],[-0.199681,51.473794],[-0.200096,51.474058],[-0.200366,51.47423],[-0.20038,51.474239],[-0.200452,51.474249],[-0.200475,51.474248],[-0.200528,51.474246],[-0.200607,51.474243],[-0.200609,51.474257],[-0.200614,51.474314],[-0.200627,51.474461],[-0.200647,51.474673],[-0.200653,51.47474],[-0.200657,51.474787],[-0.200665,51.474922],[-0.200667,51.47496],[-0.200675,51.47512],[-0.200676,51.475128],[-0.200676,51.475133],[-0.200681,51.47523],[-0.200693,51.475442],[-0.200697,51.475518],[-0.200597,51.475574],[-0.20052,51.475616],[-0.200512,51.475621],[-0.200495,51.47563],[-0.200463,51.475648],[-0.200452,51.475654],[-0.200424,51.47567],[-0.200254,51.475747],[-0.200208,51.475767],[-0.200199,51.475771],[-0.200183,51.475779],[-0.200125,51.475805],[-0.200116,51.475809],[-0.20008,51.475825],[-0.200068,51.475831],[-0.199999,51.475862],[-0.199988,51.475867],[-0.199926,51.475895],[-0.199922,51.475896],[-0.19991,51.475902],[-0.199901,51.475906],[-0.199858,51.475925],[-0.199833,51.475937],[-0.1998,51.475952],[-0.199776,51.475964],[-0.199768,51.475968],[-0.199756,51.475974],[-0.199753,51.475976],[-0.199728,51.475989],[-0.199698,51.476004],[-0.199691,51.476008],[-0.199677,51.476015],[-0.199661,51.476023],[-0.199628,51.47604],[-0.199591,51.476059],[-0.199583,51.476063],[-0.19958,51.476065],[-0.199533,51.476089],[-0.199521,51.476096],[-0.199515,51.476098],[-0.199501,51.476106],[-0.199497,51.476108],[-0.199485,51.476114],[-0.199476,51.476119],[-0.199422,51.476147],[-0.199406,51.476155],[-0.199397,51.47616],[-0.199367,51.476175],[-0.199351,51.476183],[-0.199344,51.476187],[-0.199328,51.476195],[-0.199302,51.476208],[-0.199264,51.476228],[-0.199249,51.476236],[-0.199226,51.476248],[-0.199179,51.476272],[-0.199175,51.476274],[-0.199155,51.476285],[-0.199105,51.47631],[-0.199099,51.476313],[-0.199044,51.476342],[-0.199038,51.476345],[-0.199031,51.476348],[-0.199022,51.476353],[-0.199001,51.476364],[-0.198974,51.476378],[-0.198953,51.476389],[-0.198949,51.476391],[-0.198894,51.476419],[-0.198888,51.476422],[-0.198871,51.47643],[-0.198842,51.476444],[-0.198805,51.476461],[-0.198789,51.476469],[-0.198765,51.47648],[-0.198736,51.476494],[-0.198696,51.476513],[-0.198684,51.476519],[-0.198651,51.476534],[-0.198632,51.476544],[-0.198594,51.476562],[-0.198578,51.476569],[-0.198489,51.476612],[-0.198486,51.476613],[-0.198461,51.476625],[-0.198416,51.476646],[-0.1984,51.476654],[-0.198374,51.476666],[-0.198366,51.47667],[-0.198357,51.476674],[-0.198204,51.476747],[-0.1982,51.476749],[-0.198048,51.476821],[-0.198036,51.476827],[-0.197965,51.47686],[-0.197957,51.476864],[-0.197822,51.476929],[-0.197742,51.476986],[-0.197735,51.47699],[-0.197604,51.477085],[-0.197539,51.477132],[-0.197534,51.477135],[-0.197244,51.477343],[-0.197119,51.477461],[-0.196812,51.477743],[-0.196744,51.477806],[-0.196687,51.47786],[-0.196638,51.477936],[-0.196631,51.477946],[-0.196567,51.478043],[-0.196499,51.478153],[-0.196436,51.47825],[-0.196374,51.478347],[-0.196335,51.478408],[-0.196288,51.478481],[-0.196268,51.478529],[-0.196146,51.47882],[-0.196127,51.478865],[-0.196112,51.478902],[-0.196084,51.478968],[-0.196053,51.479042],[-0.196041,51.47907],[-0.195947,51.479295],[-0.195938,51.479316],[-0.195936,51.479321],[-0.195927,51.479342],[-0.195725,51.479379],[-0.195675,51.479388],[-0.195646,51.479393],[-0.195572,51.479311],[-0.195533,51.47927],[-0.195504,51.47907],[-0.195504,51.479048],[-0.195505,51.478973],[-0.195506,51.478948],[-0.195506,51.478942],[-0.195516,51.47886],[-0.195521,51.478819],[-0.195542,51.478643],[-0.195542,51.478573],[-0.195526,51.478571],[-0.195507,51.478568],[-0.1954,51.478555],[-0.195404,51.47847],[-0.195401,51.478463],[-0.195386,51.478418],[-0.195371,51.478373],[-0.195349,51.478309],[-0.195339,51.478281],[-0.195305,51.478211],[-0.195291,51.478183],[-0.195265,51.478129],[-0.195242,51.478083],[-0.195232,51.478063],[-0.195212,51.478025],[-0.195189,51.477983],[-0.195179,51.477963],[-0.195125,51.477854]]]}},{"type":"Feature","properties":{"LSOA21CD":"E01001923","LSOA21NM":"Hammersmith and Fulham 020D","MEAN_PTAL_":"4","mean_AI":16.5551974826,"borough":"Hammersmith & Fulham"},"geometry":{"type":"Polygon","coordinates":[[[-0.19026,51.478405],[-0.190249,51.478388],[-0.190148,51.478389],[-0.19012,51.478389],[-0.19007,51.478387],[-0.190059,51.478386],[-0.18993,51.47838],[-0.189834,51.478337],[-0.189765,51.478275],[-0.189724,51.478283],[-0.189694,51.478289],[-0.189682,51.478295],[-0.189609,51.478449],[-0.189597,51.478462],[-0.189581,51.478477],[-0.189531,51.478439],[-0.189387,51.478328],[-0.189271,51.478239],[-0.18925,51.478222],[-0.189279,51.478205],[-0.189663,51.477977],[-0.189692,51.477959],[-0.18968,51.477946],[-0.189651,51.477914],[-0.189585,51.477871],[-0.18944,51.477776],[-0.189357,51.477702],[-0.189281,51.477566],[-0.189239,51.47749],[-0.189236,51.477485],[-0.189216,51.477453],[-0.18917,51.477379],[-0.189225,51.477341],[-0.189253,51.477322],[-0.189351,51.477253],[-0.18939,51.477227],[-0.189445,51.477188],[-0.189441,51.477186],[-0.189428,51.477182],[-0.189418,51.477179],[-0.189412,51.477177],[-0.189339,51.477154],[-0.188998,51.477047],[-0.189003,51.477038],[-0.189021,51.477007],[-0.188975,51.47699],[-0.188886,51.476958],[-0.188835,51.47694],[-0.188773,51.476918],[-0.188712,51.476896],[-0.188701,51.476892],[-0.188678,51.476884],[-0.188603,51.476857],[-0.188598,51.476855],[-0.188531,51.476831],[-0.188517,51.476826],[-0.188452,51.476803],[-0.188389,51.47678],[-0.188373,51.476774],[-0.188364,51.476771],[-0.188346,51.476765],[-0.188311,51.476748],[-0.188191,51.476693],[-0.188374,51.476502],[-0.188389,51.476488],[-0.188458,51.476426],[-0.188504,51.476374],[-0.188511,51.476367],[-0.188516,51.476361],[-0.188554,51.476319],[-0.188563,51.476309],[-0.18855,51.476304],[-0.188492,51.476282],[-0.188535,51.476242],[-0.188551,51.476226],[-0.188601,51.47618],[-0.188864,51.475904],[-0.188867,51.4759],[-0.188887,51.47588],[-0.188929,51.475835],[-0.188744,51.475767],[-0.188651,51.475732],[-0.188484,51.47567],[-0.18774,51.475396],[-0.18763,51.475355],[-0.187625,51.475353],[-0.1876,51.475344],[-0.187385,51.475265],[-0.187365,51.475257],[-0.187228,51.475207],[-0.187098,51.475158],[-0.186977,51.475112],[-0.18694,51.475098],[-0.186811,51.475049],[-0.186773,51.475035],[-0.186731,51.475019],[-0.186688,51.475003],[-0.186582,51.474963],[-0.186516,51.474938],[-0.186297,51.474855],[-0.186241,51.474834],[-0.186223,51.474827],[-0.185983,51.474735],[-0.185876,51.474693],[-0.185842,51.47468],[-0.185752,51.474645],[-0.185755,51.474642],[-0.185781,51.474614],[-0.185978,51.474409],[-0.18599,51.474396],[-0.18608,51.474302],[-0.186219,51.474157],[-0.186243,51.474133],[-0.186247,51.474129],[-0.186391,51.473985],[-0.186401,51.473974],[-0.18656,51.473814],[-0.186598,51.473771],[-0.186602,51.473766],[-0.18668,51.473785],[-0.186772,51.473812],[-0.186863,51.473839],[-0.186906,51.47385],[-0.186937,51.473858],[-0.186942,51.473859],[-0.18714,51.47391],[-0.187202,51.473927],[-0.187308,51.473956],[-0.18735,51.473967],[-0.187354,51.473968],[-0.18748,51.474026],[-0.187508,51.474039],[-0.187565,51.474065],[-0.187575,51.47407],[-0.187593,51.474079],[-0.187604,51.474084],[-0.187629,51.474097],[-0.1877,51.474132],[-0.187718,51.474141],[-0.187725,51.474145],[-0.187766,51.474165],[-0.187782,51.474173],[-0.187802,51.474183],[-0.187825,51.474195],[-0.187845,51.474204],[-0.187852,51.474208],[-0.187874,51.474221],[-0.187885,51.474228],[-0.187914,51.474246],[-0.187921,51.47425],[-0.187933,51.474257],[-0.18794,51.474262],[-0.187982,51.474287],[-0.187986,51.47429],[-0.188007,51.474302],[-0.188014,51.474307],[-0.188032,51.474318],[-0.188044,51.474325],[-0.188065,51.474338],[-0.188097,51.474357],[-0.188109,51.474365],[-0.188113,51.474367],[-0.18825,51.474488],[-0.188267,51.474502],[-0.188271,51.474506],[-0.18831,51.47454],[-0.188614,51.474311],[-0.188665,51.474337],[-0.188676,51.474342],[-0.188712,51.47436],[-0.188725,51.474366],[-0.18873,51.474369],[-0.188844,51.474426],[-0.188858,51.474433],[-0.188922,51.474465],[-0.189107,51.474558],[-0.189155,51.474582],[-0.189159,51.474584],[-0.189152,51.474588],[-0.188863,51.474753],[-0.188768,51.474807],[-0.188733,51.474827],[-0.188728,51.47483],[-0.188696,51.474848],[-0.188672,51.474862],[-0.188745,51.474916],[-0.188832,51.474979],[-0.188837,51.474983],[-0.188857,51.474997],[-0.188917,51.475042],[-0.188962,51.475074],[-0.188996,51.475099],[-0.189021,51.475108],[-0.189076,51.475128],[-0.189311,51.475215],[-0.18932,51.475218],[-0.189364,51.475234],[-0.189511,51.475145],[-0.189531,51.475133],[-0.18955,51.475122],[-0.189558,51.475117],[-0.189616,51.475082],[-0.189643,51.475066],[-0.189662,51.475054],[-0.189674,51.475047],[-0.189678,51.475045],[-0.189689,51.475038],[-0.189712,51.475024],[-0.189727,51.475015],[-0.189741,51.475007],[-0.18978,51.474983],[-0.189794,51.474974],[-0.189859,51.474935],[-0.189741,51.474879],[-0.189797,51.474838],[-0.189852,51.474798],[-0.189859,51.474792],[-0.189871,51.474784],[-0.189877,51.47478],[-0.189895,51.474767],[-0.189912,51.474754],[-0.189917,51.47475],[-0.189924,51.474745],[-0.18997,51.474712],[-0.189975,51.474708],[-0.189981,51.474704],[-0.189984,51.474702],[-0.190029,51.474704],[-0.190181,51.474701],[-0.19027,51.474686],[-0.190349,51.474663],[-0.190388,51.474637],[-0.190405,51.474628],[-0.190411,51.474624],[-0.190447,51.474607],[-0.190471,51.474588],[-0.190501,51.474571],[-0.190513,51.474561],[-0.190532,51.474552],[-0.190551,51.474543],[-0.190578,51.474519],[-0.190581,51.474515],[-0.190586,51.474509],[-0.190603,51.4745],[-0.190651,51.474472],[-0.190655,51.474467],[-0.190672,51.474452],[-0.190679,51.474449],[-0.190718,51.47443],[-0.190727,51.474424],[-0.190734,51.47442],[-0.190757,51.474397],[-0.190777,51.474384],[-0.190787,51.474378],[-0.19081,51.474369],[-0.190858,51.474338],[-0.190865,51.474334],[-0.19091,51.474303],[-0.190925,51.474297],[-0.190953,51.474286],[-0.190973,51.474274],[-0.191009,51.474258],[-0.191013,51.474257],[-0.191034,51.474244],[-0.19104,51.47424],[-0.191044,51.474237],[-0.191084,51.474222],[-0.191112,51.474206],[-0.191137,51.474196],[-0.191206,51.474161],[-0.191209,51.47416],[-0.191217,51.474158],[-0.191264,51.474137],[-0.191276,51.474127],[-0.19128,51.474124],[-0.19129,51.474117],[-0.191337,51.474096],[-0.191344,51.474091],[-0.191377,51.474076],[-0.191382,51.474074],[-0.191464,51.474047],[-0.191471,51.474046],[-0.191493,51.474058],[-0.191552,51.474102],[-0.191582,51.474141],[-0.191597,51.474185],[-0.19159,51.474217],[-0.191588,51.474227],[-0.191542,51.474295],[-0.191536,51.474304],[-0.191513,51.474359],[-0.191508,51.474371],[-0.191532,51.474382],[-0.191536,51.474384],[-0.191591,51.474442],[-0.191605,51.474457],[-0.191631,51.474512],[-0.191633,51.474521],[-0.191638,51.474538],[-0.191646,51.474554],[-0.191649,51.474571],[-0.191649,51.474578],[-0.191661,51.474603],[-0.191682,51.474644],[-0.191685,51.474663],[-0.191688,51.474668],[-0.191696,51.474681],[-0.191703,51.474702],[-0.191717,51.474728],[-0.191722,51.474759],[-0.191726,51.474767],[-0.191735,51.474782],[-0.191744,51.474812],[-0.191752,51.474827],[-0.191754,51.47483],[-0.191774,51.474851],[-0.191777,51.474857],[-0.191788,51.474897],[-0.191791,51.474903],[-0.191805,51.474929],[-0.191819,51.474955],[-0.191824,51.474972],[-0.191845,51.475011],[-0.191847,51.475028],[-0.19186,51.475056],[-0.191867,51.475088],[-0.191875,51.475108],[-0.191876,51.47512],[-0.191886,51.475142],[-0.191899,51.475158],[-0.191918,51.475204],[-0.191921,51.475207],[-0.191929,51.475223],[-0.191935,51.475255],[-0.191951,51.475292],[-0.191952,51.475323],[-0.191963,51.47535],[-0.191972,51.475361],[-0.191998,51.47543],[-0.191991,51.475444],[-0.191937,51.475452],[-0.191792,51.475474],[-0.19177,51.47548],[-0.19164,51.475515],[-0.191574,51.475533],[-0.191563,51.475537],[-0.191506,51.475559],[-0.19147,51.475573],[-0.191369,51.475611],[-0.191251,51.475672],[-0.191237,51.475681],[-0.191229,51.475684],[-0.191227,51.475688],[-0.191224,51.47569],[-0.191124,51.475751],[-0.190902,51.475889],[-0.190882,51.4759],[-0.190944,51.475943],[-0.190991,51.475976],[-0.191007,51.475988],[-0.191031,51.476004],[-0.191107,51.476057],[-0.191134,51.476084],[-0.191155,51.476122],[-0.191175,51.476157],[-0.191176,51.476166],[-0.191181,51.476216],[-0.191185,51.476256],[-0.191207,51.476256],[-0.191273,51.476257],[-0.191351,51.476267],[-0.191357,51.476268],[-0.191427,51.476295],[-0.191546,51.476363],[-0.191585,51.476385],[-0.191927,51.476581],[-0.191969,51.476607],[-0.192223,51.476754],[-0.192235,51.476747],[-0.192246,51.47674],[-0.192279,51.476744],[-0.192297,51.476747],[-0.192465,51.476774],[-0.192537,51.47679],[-0.192554,51.476794],[-0.19268,51.476821],[-0.19301,51.476895],[-0.193097,51.476914],[-0.193383,51.476978],[-0.193401,51.477064],[-0.193402,51.477069],[-0.193402,51.477072],[-0.193419,51.477068],[-0.19354,51.477101],[-0.193614,51.477121],[-0.193638,51.477129],[-0.193778,51.477177],[-0.19382,51.477192],[-0.193969,51.477243],[-0.194034,51.477271],[-0.194139,51.477318],[-0.194156,51.477323],[-0.194174,51.477329],[-0.194196,51.477337],[-0.194224,51.477346],[-0.194271,51.477364],[-0.194295,51.477374],[-0.194221,51.477418],[-0.194174,51.477444],[-0.194063,51.477506],[-0.19404,51.477556],[-0.194029,51.477569],[-0.194024,51.477575],[-0.194041,51.477578],[-0.194203,51.477611],[-0.194211,51.477616],[-0.194267,51.477649],[-0.194273,51.477652],[-0.194295,51.477694],[-0.194296,51.477707],[-0.194299,51.477735],[-0.194328,51.477805],[-0.194309,51.477817],[-0.194296,51.477825],[-0.194276,51.477834],[-0.194268,51.477837],[-0.194259,51.477844],[-0.194208,51.477868],[-0.194197,51.477873],[-0.194172,51.477883],[-0.194158,51.477889],[-0.194106,51.477923],[-0.194085,51.477939],[-0.194082,51.477942],[-0.194073,51.477949],[-0.194067,51.477954],[-0.19406,51.477957],[-0.194056,51.477959],[-0.194039,51.477964],[-0.194007,51.477978],[-0.193944,51.478015],[-0.193935,51.478023],[-0.19393,51.478027],[-0.193909,51.47804],[-0.193894,51.478051],[-0.193872,51.478068],[-0.19382,51.478096],[-0.193811,51.478095],[-0.193788,51.478093],[-0.193737,51.478087],[-0.193677,51.47807],[-0.193598,51.478032],[-0.193545,51.477993],[-0.193511,51.477867],[-0.1935,51.477824],[-0.193497,51.47782],[-0.193462,51.477839],[-0.193308,51.477925],[-0.193117,51.47803],[-0.19308,51.47805],[-0.193066,51.478045],[-0.193048,51.478056],[-0.193016,51.478029],[-0.192964,51.477999],[-0.192925,51.477977],[-0.192917,51.477973],[-0.19287,51.477942],[-0.192808,51.477899],[-0.192521,51.477706],[-0.192424,51.477641],[-0.192419,51.477637],[-0.192398,51.477623],[-0.192404,51.47762],[-0.192557,51.477535],[-0.192562,51.477532],[-0.192765,51.477418],[-0.192812,51.477391],[-0.192742,51.477372],[-0.192707,51.47737],[-0.192572,51.477364],[-0.19251,51.477354],[-0.192462,51.477308],[-0.192451,51.477291],[-0.192422,51.477241],[-0.192087,51.477381],[-0.192078,51.477384],[-0.192017,51.47735],[-0.192003,51.477338],[-0.191987,51.477339],[-0.191954,51.477316],[-0.191854,51.477361],[-0.191608,51.477472],[-0.191478,51.477531],[-0.191442,51.477548],[-0.191498,51.477576],[-0.191436,51.477579],[-0.191406,51.477583],[-0.19131,51.477621],[-0.191268,51.477654],[-0.191227,51.477766],[-0.191137,51.477755],[-0.191125,51.477754],[-0.191103,51.477744],[-0.19109,51.477738],[-0.191035,51.477714],[-0.191026,51.477707],[-0.190932,51.477666],[-0.19092,51.477661],[-0.190915,51.477664],[-0.190804,51.477729],[-0.190775,51.477746],[-0.190742,51.477749],[-0.190452,51.477775],[-0.19053,51.477882],[-0.190526,51.477884],[-0.190535,51.47789],[-0.190556,51.477924],[-0.190589,51.477977],[-0.190598,51.477991],[-0.190608,51.478005],[-0.19063,51.478034],[-0.190636,51.478043],[-0.19066,51.478076],[-0.190673,51.478094],[-0.190678,51.4781],[-0.190732,51.478173],[-0.190783,51.478242],[-0.190785,51.478245],[-0.190798,51.478263],[-0.190822,51.478295],[-0.190836,51.478315],[-0.190848,51.478331],[-0.190897,51.478397],[-0.1909,51.478401],[-0.190943,51.47846],[-0.190953,51.478473],[-0.190768,51.478534],[-0.190734,51.478545],[-0.190655,51.47855],[-0.19062,51.478547],[-0.190609,51.478545],[-0.190529,51.47853],[-0.190514,51.478529],[-0.190497,51.478529],[-0.190492,51.478528],[-0.190426,51.47852],[-0.190381,51.478514],[-0.19034,51.478478],[-0.190336,51.478476],[-0.190333,51.478473],[-0.190321,51.478462],[-0.190269,51.478413],[-0.19026,51.478405]]]}},{"type":"Feature","properties":{"LSOA21CD":"E01001924","LSOA21NM":"Hammersmith and Fulham 020E","MEAN_PTAL_":"3","mean_AI":14.6740977342,"borough":"Hammersmith & Fulham"},"geometry":{"type":"Polygon","coordinates":[[[-0.192223,51.476754],[-0.191969,51.476607],[-0.191927,51.476581],[-0.191585,51.476385],[-0.191546,51.476363],[-0.191427,51.476295],[-0.191357,51.476268],[-0.191351,51.476267],[-0.191273,51.476257],[-0.191207,51.476256],[-0.191185,51.476256],[-0.191181,51.476216],[-0.191176,51.476166],[-0.191175,51.476157],[-0.191155,51.476122],[-0.191134,51.476084],[-0.191107,51.476057],[-0.191031,51.476004],[-0.191007,51.475988],[-0.190991,51.475976],[-0.190944,51.475943],[-0.190882,51.4759],[-0.190902,51.475889],[-0.191124,51.475751],[-0.191224,51.47569],[-0.191227,51.475688],[-0.191229,51.475684],[-0.191237,51.475681],[-0.191251,51.475672],[-0.191369,51.475611],[-0.19147,51.475573],[-0.191506,51.475559],[-0.191563,51.475537],[-0.191574,51.475533],[-0.19164,51.475515],[-0.19177,51.47548],[-0.191792,51.475474],[-0.191937,51.475452],[-0.191991,51.475444],[-0.191998,51.47543],[-0.191972,51.475361],[-0.191963,51.47535],[-0.191952,51.475323],[-0.191951,51.475292],[-0.191935,51.475255],[-0.191929,51.475223],[-0.191921,51.475207],[-0.191918,51.475204],[-0.191899,51.475158],[-0.191886,51.475142],[-0.191876,51.47512],[-0.191875,51.475108],[-0.191867,51.475088],[-0.19186,51.475056],[-0.191847,51.475028],[-0.191845,51.475011],[-0.191824,51.474972],[-0.191819,51.474955],[-0.191805,51.474929],[-0.191791,51.474903],[-0.191788,51.474897],[-0.191777,51.474857],[-0.191774,51.474851],[-0.191754,51.47483],[-0.191752,51.474827],[-0.191744,51.474812],[-0.191735,51.474782],[-0.191726,51.474767],[-0.191722,51.474759],[-0.191717,51.474728],[-0.191703,51.474702],[-0.191696,51.474681],[-0.191688,51.474668],[-0.191685,51.474663],[-0.191682,51.474644],[-0.191661,51.474603],[-0.191649,51.474578],[-0.191649,51.474571],[-0.191646,51.474554],[-0.191638,51.474538],[-0.191633,51.474521],[-0.191631,51.474512],[-0.191605,51.474457],[-0.191591,51.474442],[-0.191536,51.474384],[-0.191532,51.474382],[-0.191508,51.474371],[-0.191513,51.474359],[-0.191536,51.474304],[-0.191542,51.474295],[-0.191588,51.474227],[-0.19159,51.474217],[-0.191597,51.474185],[-0.191582,51.474141],[-0.191552,51.474102],[-0.191493,51.474058],[-0.191471,51.474046],[-0.191464,51.474047],[-0.191382,51.474074],[-0.191377,51.474076],[-0.191344,51.474091],[-0.191337,51.474096],[-0.19129,51.474117],[-0.19128,51.474124],[-0.191276,51.474127],[-0.191264,51.474137],[-0.191217,51.474158],[-0.191209,51.47416],[-0.191206,51.474161],[-0.191137,51.474196],[-0.191112,51.474206],[-0.191084,51.474222],[-0.191044,51.474237],[-0.19104,51.47424],[-0.191034,51.474244],[-0.191013,51.474257],[-0.191009,51.474258],[-0.190973,51.474274],[-0.190953,51.474286],[-0.190925,51.474297],[-0.19091,51.474303],[-0.190865,51.474334],[-0.190858,51.474338],[-0.19081,51.474369],[-0.190787,51.474378],[-0.190777,51.474384],[-0.190757,51.474397],[-0.190734,51.47442],[-0.190727,51.474424],[-0.190718,51.47443],[-0.190679,51.474449],[-0.190672,51.474452],[-0.190655,51.474467],[-0.190651,51.474472],[-0.190603,51.4745],[-0.190586,51.474509],[-0.190581,51.474515],[-0.190578,51.474519],[-0.190551,51.474543],[-0.190532,51.474552],[-0.190513,51.474561],[-0.190501,51.474571],[-0.190471,51.474588],[-0.190447,51.474607],[-0.190411,51.474624],[-0.190405,51.474628],[-0.190388,51.474637],[-0.190349,51.474663],[-0.19027,51.474686],[-0.190181,51.474701],[-0.190029,51.474704],[-0.189984,51.474702],[-0.190029,51.474669],[-0.190062,51.474644],[-0.190127,51.474597],[-0.190067,51.474549],[-0.190117,51.47452],[-0.190153,51.474499],[-0.190211,51.474465],[-0.19022,51.474459],[-0.190233,51.474452],[-0.190248,51.474443],[-0.190277,51.474426],[-0.19029,51.474418],[-0.190299,51.474412],[-0.190315,51.474403],[-0.19039,51.474359],[-0.190397,51.474355],[-0.190465,51.474315],[-0.190471,51.474312],[-0.190511,51.474288],[-0.190515,51.474286],[-0.190538,51.474272],[-0.190552,51.474264],[-0.190594,51.474239],[-0.190615,51.474227],[-0.190635,51.474215],[-0.190696,51.474177],[-0.190719,51.474162],[-0.19075,51.474143],[-0.190763,51.474135],[-0.190772,51.474129],[-0.190783,51.474122],[-0.190843,51.474084],[-0.190855,51.474077],[-0.190872,51.474066],[-0.190879,51.474061],[-0.190906,51.474045],[-0.190945,51.47402],[-0.190955,51.474014],[-0.190964,51.474008],[-0.190971,51.474004],[-0.190979,51.473999],[-0.190986,51.473994],[-0.191046,51.473957],[-0.191071,51.473941],[-0.191089,51.47393],[-0.191138,51.473899],[-0.191157,51.473887],[-0.191172,51.473877],[-0.191221,51.473846],[-0.191236,51.473837],[-0.191261,51.473822],[-0.191265,51.473819],[-0.191311,51.47379],[-0.191319,51.473785],[-0.191341,51.473771],[-0.191348,51.473767],[-0.191356,51.473762],[-0.191404,51.473732],[-0.191438,51.47371],[-0.191453,51.473701],[-0.191483,51.473692],[-0.191497,51.473688],[-0.191536,51.473676],[-0.191587,51.473672],[-0.191794,51.473654],[-0.191888,51.473646],[-0.1919,51.473645],[-0.1919,51.473642],[-0.191896,51.473629],[-0.191906,51.473636],[-0.191908,51.473641],[-0.191911,51.473653],[-0.191991,51.473926],[-0.19204,51.474095],[-0.192047,51.474117],[-0.192056,51.474148],[-0.192059,51.474171],[-0.192059,51.474173],[-0.192069,51.474227],[-0.192074,51.474251],[-0.192076,51.474257],[-0.192092,51.474272],[-0.1921,51.474279],[-0.192104,51.474291],[-0.192603,51.474216],[-0.192663,51.47421],[-0.19283,51.474213],[-0.192964,51.474215],[-0.192982,51.474215],[-0.193093,51.474214],[-0.193089,51.474204],[-0.193081,51.474182],[-0.192995,51.473969],[-0.193,51.473939],[-0.193285,51.473984],[-0.193341,51.473984],[-0.193355,51.473984],[-0.193425,51.473959],[-0.193451,51.473943],[-0.193515,51.473905],[-0.193525,51.473891],[-0.19354,51.473872],[-0.193523,51.473847],[-0.193521,51.473838],[-0.19352,51.473831],[-0.193517,51.473827],[-0.193496,51.473797],[-0.193495,51.473793],[-0.193469,51.473748],[-0.193467,51.473743],[-0.193462,51.473732],[-0.193447,51.473715],[-0.193444,51.473712],[-0.193425,51.473674],[-0.193415,51.473659],[-0.193399,51.473635],[-0.193399,51.473628],[-0.193398,51.473609],[-0.193396,51.473606],[-0.193385,51.473585],[-0.193375,51.473573],[-0.193368,51.473558],[-0.193356,51.473537],[-0.193354,51.473533],[-0.193348,51.473507],[-0.193345,51.473502],[-0.19334,51.473492],[-0.19332,51.473456],[-0.193318,51.473451],[-0.193315,51.473447],[-0.193309,51.473439],[-0.193296,51.473398],[-0.193278,51.473382],[-0.193276,51.473378],[-0.19326,51.473354],[-0.193252,51.473342],[-0.193249,51.473334],[-0.193235,51.473296],[-0.193234,51.473292],[-0.193233,51.473287],[-0.19322,51.473273],[-0.193201,51.473253],[-0.193187,51.47323],[-0.193186,51.473225],[-0.193177,51.473187],[-0.193171,51.473182],[-0.193157,51.473169],[-0.193154,51.473165],[-0.193149,51.473156],[-0.193134,51.473136],[-0.193131,51.473127],[-0.193117,51.473089],[-0.193115,51.473083],[-0.193117,51.473065],[-0.193097,51.473037],[-0.19308,51.472998],[-0.193081,51.472991],[-0.19308,51.472986],[-0.193079,51.47298],[-0.193077,51.472965],[-0.193074,51.472962],[-0.193061,51.47295],[-0.193058,51.472946],[-0.193032,51.472908],[-0.193032,51.472905],[-0.193032,51.4729],[-0.193031,51.47289],[-0.193027,51.472875],[-0.193029,51.472851],[-0.192971,51.472796],[-0.192966,51.472794],[-0.192963,51.472791],[-0.192938,51.472771],[-0.192931,51.472762],[-0.192849,51.472661],[-0.192843,51.472654],[-0.192869,51.472647],[-0.192922,51.472634],[-0.192962,51.472625],[-0.193024,51.47261],[-0.193076,51.472598],[-0.193124,51.472587],[-0.193188,51.472572],[-0.1932,51.472569],[-0.193284,51.472549],[-0.19329,51.472547],[-0.193301,51.472544],[-0.193313,51.472534],[-0.193359,51.472524],[-0.193468,51.472488],[-0.193543,51.472463],[-0.193586,51.472449],[-0.193602,51.472443],[-0.193666,51.472422],[-0.193737,51.472398],[-0.193892,51.472347],[-0.193947,51.472328],[-0.193961,51.472324],[-0.193965,51.472322],[-0.194063,51.47229],[-0.194082,51.472284],[-0.194134,51.472267],[-0.194284,51.472218],[-0.194304,51.472212],[-0.194373,51.47219],[-0.194413,51.472177],[-0.194466,51.472159],[-0.194516,51.472144],[-0.194852,51.472014],[-0.194854,51.472016],[-0.194905,51.472071],[-0.194911,51.472077],[-0.194967,51.472137],[-0.195003,51.472176],[-0.195053,51.472229],[-0.195087,51.472265],[-0.195097,51.472276],[-0.195101,51.47228],[-0.195251,51.472441],[-0.195352,51.472548],[-0.195422,51.472624],[-0.195508,51.472715],[-0.195554,51.472765],[-0.19558,51.472793],[-0.195619,51.472834],[-0.195707,51.472928],[-0.195775,51.473001],[-0.195891,51.473125],[-0.195972,51.473211],[-0.196023,51.473266],[-0.196107,51.473355],[-0.196273,51.473533],[-0.196303,51.473565],[-0.196317,51.473584],[-0.196496,51.473784],[-0.196512,51.473812],[-0.196517,51.47382],[-0.196495,51.473833],[-0.196539,51.473879],[-0.196503,51.473895],[-0.196599,51.473969],[-0.196615,51.473959],[-0.196663,51.473946],[-0.196859,51.474068],[-0.196792,51.474116],[-0.196785,51.474121],[-0.196764,51.474135],[-0.196686,51.474186],[-0.196645,51.474213],[-0.196567,51.474264],[-0.196491,51.474315],[-0.196421,51.474361],[-0.196351,51.474408],[-0.196308,51.474436],[-0.196232,51.474486],[-0.196154,51.474537],[-0.19614,51.474546],[-0.195987,51.474648],[-0.195978,51.474653],[-0.195701,51.474522],[-0.195631,51.474559],[-0.195578,51.474596],[-0.195546,51.474614],[-0.195527,51.474608],[-0.195495,51.474597],[-0.195357,51.474552],[-0.195301,51.474541],[-0.195153,51.474635],[-0.195092,51.474688],[-0.194999,51.474783],[-0.19497,51.474812],[-0.194843,51.47494],[-0.194802,51.474982],[-0.194776,51.475008],[-0.194735,51.475051],[-0.194682,51.475107],[-0.19466,51.475131],[-0.194462,51.475341],[-0.194416,51.475388],[-0.194386,51.475415],[-0.194298,51.475468],[-0.194086,51.475583],[-0.193582,51.475859],[-0.19354,51.475882],[-0.193484,51.475912],[-0.193385,51.475966],[-0.193379,51.47597],[-0.193289,51.476031],[-0.193282,51.476036],[-0.193154,51.476137],[-0.193148,51.476142],[-0.19297,51.476265],[-0.192963,51.476271],[-0.192881,51.476336],[-0.1928,51.476391],[-0.192778,51.476406],[-0.192754,51.476423],[-0.192646,51.476495],[-0.192541,51.476566],[-0.192505,51.476591],[-0.192473,51.476612],[-0.192376,51.476678],[-0.192279,51.476744],[-0.192246,51.47674],[-0.192235,51.476747],[-0.192223,51.476754]]]}},{"type":"Feature","properties":{"LSOA21CD":"E01001925","LSOA21NM":"Hammersmith and Fulham 025A","MEAN_PTAL_":"3","mean_AI":10.5713650893,"borough":"Hammersmith & Fulham"},"geometry":{"type":"Polygon","coordinates":[[[-0.191991,51.473926],[-0.191911,51.473653],[-0.191908,51.473641],[-0.191906,51.473636],[-0.191896,51.473629],[-0.191851,51.473465],[-0.191846,51.473446],[-0.191835,51.473408],[-0.191834,51.473405],[-0.191833,51.473401],[-0.191826,51.473377],[-0.191824,51.473368],[-0.191821,51.473357],[-0.191811,51.473322],[-0.191792,51.473253],[-0.191791,51.473249],[-0.191781,51.473211],[-0.19176,51.473141],[-0.191758,51.473134],[-0.191743,51.473086],[-0.191737,51.473067],[-0.191735,51.47306],[-0.191731,51.473047],[-0.191713,51.472987],[-0.191704,51.472957],[-0.191702,51.472946],[-0.191693,51.472913],[-0.191672,51.472827],[-0.19167,51.47282],[-0.191657,51.47277],[-0.191651,51.472747],[-0.191626,51.472656],[-0.191623,51.472643],[-0.191617,51.472623],[-0.191609,51.472593],[-0.191584,51.472505],[-0.191577,51.47248],[-0.19154,51.47231],[-0.191537,51.472298],[-0.19153,51.472265],[-0.191529,51.472259],[-0.19152,51.472217],[-0.191514,51.472189],[-0.191509,51.472169],[-0.191506,51.472153],[-0.191504,51.472143],[-0.191503,51.47214],[-0.191499,51.472124],[-0.191497,51.472115],[-0.191492,51.472092],[-0.191481,51.472041],[-0.191476,51.472016],[-0.191474,51.472006],[-0.19147,51.471991],[-0.191465,51.471967],[-0.191463,51.471959],[-0.19149,51.471954],[-0.191537,51.471947],[-0.19185,51.471898],[-0.191863,51.471896],[-0.191899,51.47189],[-0.192007,51.471867],[-0.192017,51.471864],[-0.192104,51.471846],[-0.192135,51.471839],[-0.192148,51.471836],[-0.192228,51.471818],[-0.19228,51.471807],[-0.192335,51.471795],[-0.192344,51.471793],[-0.192409,51.471779],[-0.192423,51.471776],[-0.192496,51.47176],[-0.192504,51.471758],[-0.192543,51.47175],[-0.192555,51.471747],[-0.192619,51.471733],[-0.192691,51.471718],[-0.192761,51.471702],[-0.192799,51.471694],[-0.192823,51.471689],[-0.19284,51.471685],[-0.192854,51.471682],[-0.19288,51.471677],[-0.192995,51.471651],[-0.193013,51.471647],[-0.193027,51.471645],[-0.193031,51.471644],[-0.193146,51.471619],[-0.193181,51.471611],[-0.193206,51.471605],[-0.193211,51.471604],[-0.193217,51.471603],[-0.193255,51.471592],[-0.193342,51.471566],[-0.193346,51.471565],[-0.193356,51.471562],[-0.193378,51.471556],[-0.193384,51.471554],[-0.193499,51.47152],[-0.193503,51.471519],[-0.193511,51.471517],[-0.193523,51.471513],[-0.193546,51.471507],[-0.193553,51.471504],[-0.193571,51.471499],[-0.193633,51.471481],[-0.193701,51.471461],[-0.193729,51.471453],[-0.193735,51.471451],[-0.193741,51.471449],[-0.193749,51.471447],[-0.193766,51.471442],[-0.193898,51.471403],[-0.193923,51.471396],[-0.193936,51.471392],[-0.193978,51.47138],[-0.193989,51.471377],[-0.193997,51.471374],[-0.194008,51.471371],[-0.194017,51.471368],[-0.194023,51.471367],[-0.194086,51.471348],[-0.194121,51.471338],[-0.19414,51.471333],[-0.194161,51.471326],[-0.194221,51.471309],[-0.194259,51.471297],[-0.194272,51.471294],[-0.194307,51.471283],[-0.194352,51.47127],[-0.19441,51.47125],[-0.194427,51.471244],[-0.194432,51.471243],[-0.194457,51.471234],[-0.194469,51.47123],[-0.194504,51.471218],[-0.194543,51.471204],[-0.194555,51.4712],[-0.194589,51.471189],[-0.194614,51.47118],[-0.194633,51.471173],[-0.194695,51.471152],[-0.194699,51.47115],[-0.194708,51.471147],[-0.194725,51.471142],[-0.194731,51.47114],[-0.194771,51.471126],[-0.194808,51.471113],[-0.194815,51.47111],[-0.194862,51.471094],[-0.194892,51.471084],[-0.194901,51.471081],[-0.195039,51.471033],[-0.195074,51.47101],[-0.195182,51.470938],[-0.19549,51.470734],[-0.195548,51.470695],[-0.195624,51.470645],[-0.195663,51.470619],[-0.195709,51.4706],[-0.196115,51.470435],[-0.19621,51.470396],[-0.196218,51.470393],[-0.196279,51.470368],[-0.196283,51.470366],[-0.196334,51.470346],[-0.196345,51.470341],[-0.196352,51.470338],[-0.196373,51.47033],[-0.196383,51.470326],[-0.19639,51.470323],[-0.19647,51.470292],[-0.19648,51.470288],[-0.196556,51.470258],[-0.196568,51.470253],[-0.196606,51.470238],[-0.196611,51.470236],[-0.196675,51.470211],[-0.196747,51.470182],[-0.19677,51.470173],[-0.19683,51.47015],[-0.196845,51.470143],[-0.196878,51.47013],[-0.196887,51.470127],[-0.196945,51.470104],[-0.196952,51.470101],[-0.197036,51.470068],[-0.19705,51.470062],[-0.197139,51.470027],[-0.197272,51.469974],[-0.197278,51.469972],[-0.197332,51.470008],[-0.197413,51.470062],[-0.197424,51.470072],[-0.197426,51.470074],[-0.197452,51.470099],[-0.197483,51.470129],[-0.19756,51.470202],[-0.197615,51.470255],[-0.197644,51.470282],[-0.197662,51.470299],[-0.197695,51.470321],[-0.1977,51.470324],[-0.197712,51.470333],[-0.197721,51.470339],[-0.197792,51.470385],[-0.197844,51.470419],[-0.197873,51.470434],[-0.197893,51.470444],[-0.197913,51.470455],[-0.198012,51.470505],[-0.19805,51.470524],[-0.198056,51.470527],[-0.198119,51.470563],[-0.198275,51.47065],[-0.198371,51.470704],[-0.198444,51.470748],[-0.198596,51.470918],[-0.198625,51.470968],[-0.198912,51.47096],[-0.199089,51.470954],[-0.199236,51.47095],[-0.199457,51.470937],[-0.199675,51.470923],[-0.199775,51.470917],[-0.200108,51.470866],[-0.200174,51.470889],[-0.200208,51.470901],[-0.200194,51.470909],[-0.200179,51.470927],[-0.200178,51.470954],[-0.20022,51.47099],[-0.200303,51.471081],[-0.200345,51.471138],[-0.200357,51.471154],[-0.200372,51.471183],[-0.20039,51.471218],[-0.200438,51.471308],[-0.200482,51.47142],[-0.200516,51.471507],[-0.200541,51.471603],[-0.200548,51.471629],[-0.20055,51.471637],[-0.20056,51.471674],[-0.200563,51.471683],[-0.200569,51.471708],[-0.20057,51.471713],[-0.200572,51.471718],[-0.200573,51.471723],[-0.200576,51.471736],[-0.200579,51.471748],[-0.200583,51.471762],[-0.200594,51.471801],[-0.200599,51.471824],[-0.200604,51.471841],[-0.200608,51.471857],[-0.200621,51.471906],[-0.200648,51.472007],[-0.200649,51.472013],[-0.200654,51.472031],[-0.200656,51.47204],[-0.200674,51.472151],[-0.200681,51.472187],[-0.200696,51.472276],[-0.200703,51.472319],[-0.200706,51.472334],[-0.200748,51.472582],[-0.200741,51.472583],[-0.200567,51.472622],[-0.200557,51.472624],[-0.200462,51.472645],[-0.200463,51.472662],[-0.200468,51.47271],[-0.200479,51.472837],[-0.200482,51.472865],[-0.20049,51.472951],[-0.200492,51.472973],[-0.200493,51.472989],[-0.200496,51.473022],[-0.200497,51.473037],[-0.200501,51.473076],[-0.200501,51.47308],[-0.200509,51.473167],[-0.200512,51.473193],[-0.200514,51.473217],[-0.200521,51.473291],[-0.200521,51.473297],[-0.200535,51.473443],[-0.200539,51.473487],[-0.200549,51.473602],[-0.200556,51.473694],[-0.200577,51.473903],[-0.20058,51.473936],[-0.200592,51.474072],[-0.200593,51.474084],[-0.200601,51.474167],[-0.200607,51.474234],[-0.200607,51.474243],[-0.200528,51.474246],[-0.200475,51.474248],[-0.200452,51.474249],[-0.20038,51.474239],[-0.200366,51.47423],[-0.200096,51.474058],[-0.199681,51.473794],[-0.19965,51.473774],[-0.199425,51.473631],[-0.199236,51.473507],[-0.1992,51.473484],[-0.199146,51.473454],[-0.199031,51.473391],[-0.198763,51.473261],[-0.198621,51.473205],[-0.198574,51.473185],[-0.198172,51.473008],[-0.198167,51.473006],[-0.198154,51.473],[-0.198088,51.473032],[-0.197977,51.473087],[-0.197959,51.473069],[-0.197918,51.473029],[-0.1977,51.472813],[-0.197633,51.472761],[-0.19761,51.472744],[-0.197601,51.47272],[-0.197599,51.472715],[-0.19761,51.472715],[-0.197616,51.472715],[-0.197732,51.472714],[-0.197912,51.472713],[-0.197938,51.472703],[-0.198032,51.472638],[-0.197984,51.472595],[-0.197977,51.472588],[-0.197976,51.472532],[-0.19797,51.472519],[-0.197949,51.472502],[-0.197925,51.472468],[-0.197908,51.472452],[-0.197901,51.472435],[-0.197896,51.472423],[-0.197886,51.472412],[-0.197869,51.472376],[-0.197866,51.472367],[-0.197859,51.472336],[-0.197855,51.472331],[-0.197844,51.472304],[-0.197813,51.47226],[-0.197801,51.472251],[-0.1978,51.472249],[-0.197789,51.472228],[-0.197786,51.472217],[-0.197761,51.472177],[-0.197738,51.472156],[-0.197733,51.472151],[-0.197726,51.472136],[-0.197725,51.472133],[-0.197723,51.472127],[-0.197714,51.472106],[-0.1977,51.472072],[-0.19769,51.472046],[-0.197674,51.472026],[-0.197671,51.472022],[-0.197668,51.472013],[-0.197623,51.471963],[-0.197617,51.471952],[-0.197606,51.471936],[-0.1976,51.471917],[-0.197588,51.471901],[-0.197562,51.471866],[-0.197554,51.471858],[-0.197551,51.471849],[-0.197548,51.471846],[-0.197537,51.471835],[-0.19752,51.471803],[-0.197512,51.471794],[-0.197471,51.47175],[-0.19746,51.471742],[-0.197436,51.471711],[-0.197434,51.471706],[-0.197406,51.471672],[-0.197404,51.471667],[-0.197379,51.471634],[-0.197369,51.471619],[-0.197368,51.471617],[-0.197345,51.471587],[-0.197334,51.471577],[-0.197309,51.471538],[-0.197291,51.471519],[-0.197284,51.471506],[-0.197273,51.471488],[-0.197261,51.471476],[-0.197249,51.471456],[-0.197243,51.471445],[-0.19724,51.471442],[-0.197221,51.47141],[-0.197194,51.471378],[-0.197183,51.47135],[-0.197178,51.471344],[-0.197171,51.471331],[-0.197167,51.471324],[-0.197164,51.471317],[-0.197152,51.471306],[-0.197127,51.47127],[-0.197113,51.471234],[-0.197083,51.471191],[-0.197037,51.471151],[-0.197004,51.471128],[-0.196982,51.471112],[-0.19686,51.471163],[-0.196576,51.471283],[-0.196572,51.471298],[-0.196558,51.471304],[-0.196542,51.471311],[-0.196499,51.471315],[-0.196116,51.471477],[-0.196127,51.471485],[-0.196192,51.471535],[-0.196205,51.471544],[-0.196223,51.471582],[-0.196238,51.471599],[-0.196251,51.471615],[-0.196282,51.471642],[-0.196284,51.471645],[-0.196299,51.471669],[-0.196304,51.471677],[-0.196307,51.47168],[-0.196329,51.471718],[-0.196337,51.471725],[-0.196368,51.47177],[-0.196371,51.471773],[-0.196385,51.471785],[-0.196386,51.471788],[-0.196404,51.471818],[-0.19641,51.471829],[-0.19641,51.471839],[-0.196425,51.471863],[-0.196432,51.47187],[-0.196444,51.471883],[-0.196449,51.47189],[-0.196454,51.471899],[-0.19647,51.471911],[-0.196487,51.471924],[-0.196507,51.471954],[-0.196512,51.471958],[-0.196516,51.471962],[-0.196523,51.471968],[-0.19654,51.471997],[-0.196542,51.472],[-0.196564,51.472016],[-0.196589,51.472035],[-0.196593,51.472056],[-0.196596,51.472062],[-0.196598,51.472066],[-0.196612,51.472091],[-0.196614,51.472094],[-0.196644,51.472113],[-0.196658,51.472132],[-0.196669,51.472148],[-0.196677,51.472155],[-0.196683,51.472161],[-0.1967,51.472195],[-0.196702,51.472199],[-0.196702,51.472203],[-0.196709,51.472212],[-0.196729,51.47224],[-0.196733,51.472244],[-0.196741,51.472251],[-0.196757,51.47228],[-0.19676,51.472285],[-0.196764,51.472288],[-0.196776,51.472296],[-0.196802,51.472341],[-0.196803,51.472345],[-0.196826,51.472383],[-0.196836,51.472389],[-0.196844,51.472395],[-0.196851,51.472399],[-0.196864,51.472425],[-0.196867,51.472431],[-0.196886,51.472447],[-0.19689,51.472453],[-0.196904,51.472475],[-0.196909,51.472482],[-0.196915,51.472486],[-0.196926,51.472493],[-0.196939,51.472522],[-0.196965,51.472551],[-0.196968,51.472558],[-0.196972,51.472561],[-0.197004,51.472582],[-0.197017,51.472614],[-0.197019,51.472617],[-0.197025,51.472624],[-0.197031,51.47263],[-0.197045,51.472657],[-0.197049,51.47266],[-0.197082,51.472682],[-0.19709,51.472697],[-0.197115,51.472719],[-0.197121,51.472739],[-0.197129,51.472766],[-0.197152,51.472786],[-0.197157,51.47279],[-0.197177,51.472801],[-0.197192,51.472816],[-0.197198,51.472823],[-0.197201,51.472833],[-0.197203,51.472838],[-0.197218,51.472853],[-0.197252,51.472875],[-0.197256,51.472877],[-0.197282,51.472907],[-0.197288,51.472913],[-0.197301,51.47292],[-0.197327,51.472947],[-0.197333,51.472953],[-0.197352,51.472967],[-0.197323,51.473016],[-0.197307,51.473041],[-0.197242,51.473079],[-0.197043,51.473059],[-0.197033,51.473058],[-0.196918,51.473056],[-0.196919,51.473064],[-0.19692,51.473074],[-0.196932,51.473103],[-0.196935,51.473109],[-0.196901,51.473179],[-0.196896,51.47319],[-0.196895,51.473207],[-0.196891,51.473272],[-0.196871,51.473302],[-0.19668,51.473348],[-0.196681,51.473355],[-0.196653,51.473398],[-0.196603,51.473427],[-0.196484,51.473495],[-0.196304,51.473485],[-0.196298,51.473523],[-0.196273,51.473533],[-0.196107,51.473355],[-0.196023,51.473266],[-0.195972,51.473211],[-0.195891,51.473125],[-0.195775,51.473001],[-0.195707,51.472928],[-0.195619,51.472834],[-0.19558,51.472793],[-0.195554,51.472765],[-0.195508,51.472715],[-0.195422,51.472624],[-0.195352,51.472548],[-0.195251,51.472441],[-0.195101,51.47228],[-0.195097,51.472276],[-0.195087,51.472265],[-0.195053,51.472229],[-0.195003,51.472176],[-0.194967,51.472137],[-0.194911,51.472077],[-0.194905,51.472071],[-0.194854,51.472016],[-0.194852,51.472014],[-0.194516,51.472144],[-0.194466,51.472159],[-0.194413,51.472177],[-0.194373,51.47219],[-0.194304,51.472212],[-0.194284,51.472218],[-0.194134,51.472267],[-0.194082,51.472284],[-0.194063,51.47229],[-0.193965,51.472322],[-0.193961,51.472324],[-0.193947,51.472328],[-0.193892,51.472347],[-0.193737,51.472398],[-0.193666,51.472422],[-0.193602,51.472443],[-0.193586,51.472449],[-0.193543,51.472463],[-0.193468,51.472488],[-0.193359,51.472524],[-0.193313,51.472534],[-0.193301,51.472544],[-0.19329,51.472547],[-0.193284,51.472549],[-0.1932,51.472569],[-0.193188,51.472572],[-0.193124,51.472587],[-0.193076,51.472598],[-0.193024,51.47261],[-0.192962,51.472625],[-0.192922,51.472634],[-0.192869,51.472647],[-0.192843,51.472654],[-0.192849,51.472661],[-0.192931,51.472762],[-0.192938,51.472771],[-0.192963,51.472791],[-0.192966,51.472794],[-0.192971,51.472796],[-0.193029,51.472851],[-0.193027,51.472875],[-0.193031,51.47289],[-0.193032,51.4729],[-0.193032,51.472905],[-0.193032,51.472908],[-0.193058,51.472946],[-0.193061,51.47295],[-0.193074,51.472962],[-0.193077,51.472965],[-0.193079,51.47298],[-0.19308,51.472986],[-0.193081,51.472991],[-0.19308,51.472998],[-0.193097,51.473037],[-0.193117,51.473065],[-0.193115,51.473083],[-0.193117,51.473089],[-0.193131,51.473127],[-0.193134,51.473136],[-0.193149,51.473156],[-0.193154,51.473165],[-0.193157,51.473169],[-0.193171,51.473182],[-0.193177,51.473187],[-0.193186,51.473225],[-0.193187,51.47323],[-0.193201,51.473253],[-0.19322,51.473273],[-0.193233,51.473287],[-0.193234,51.473292],[-0.193235,51.473296],[-0.193249,51.473334],[-0.193252,51.473342],[-0.19326,51.473354],[-0.193276,51.473378],[-0.193278,51.473382],[-0.193296,51.473398],[-0.193309,51.473439],[-0.193315,51.473447],[-0.193318,51.473451],[-0.19332,51.473456],[-0.19334,51.473492],[-0.193345,51.473502],[-0.193348,51.473507],[-0.193354,51.473533],[-0.193356,51.473537],[-0.193368,51.473558],[-0.193375,51.473573],[-0.193385,51.473585],[-0.193396,51.473606],[-0.193398,51.473609],[-0.193399,51.473628],[-0.193399,51.473635],[-0.193415,51.473659],[-0.193425,51.473674],[-0.193444,51.473712],[-0.193447,51.473715],[-0.193462,51.473732],[-0.193467,51.473743],[-0.193469,51.473748],[-0.193495,51.473793],[-0.193496,51.473797],[-0.193517,51.473827],[-0.19352,51.473831],[-0.193521,51.473838],[-0.193523,51.473847],[-0.19354,51.473872],[-0.193525,51.473891],[-0.193515,51.473905],[-0.193451,51.473943],[-0.193425,51.473959],[-0.193355,51.473984],[-0.193341,51.473984],[-0.193285,51.473984],[-0.193,51.473939],[-0.192995,51.473969],[-0.193081,51.474182],[-0.193089,51.474204],[-0.193093,51.474214],[-0.192982,51.474215],[-0.192964,51.474215],[-0.19283,51.474213],[-0.192663,51.47421],[-0.192603,51.474216],[-0.192104,51.474291],[-0.1921,51.474279],[-0.192092,51.474272],[-0.192076,51.474257],[-0.192074,51.474251],[-0.192069,51.474227],[-0.192059,51.474173],[-0.192059,51.474171],[-0.192056,51.474148],[-0.192047,51.474117],[-0.19204,51.474095],[-0.191991,51.473926]]]}},{"type":"Feature","properties":{"LSOA21CD":"E01001926","LSOA21NM":"Hammersmith and Fulham 024C","MEAN_PTAL_":"4","mean_AI":15.9528566804,"borough":"Hammersmith & Fulham"},"geometry":{"type":"Polygon","coordinates":[[[-0.208119,51.469473],[-0.208206,51.469454],[-0.208261,51.469457],[-0.208513,51.469471],[-0.208507,51.469478],[-0.208348,51.469678],[-0.208282,51.469749],[-0.208248,51.469782],[-0.208184,51.469843],[-0.208144,51.469882],[-0.208081,51.469935],[-0.208014,51.46999],[-0.207915,51.470062],[-0.207782,51.470147],[-0.207777,51.47015],[-0.207752,51.470164],[-0.207693,51.470197],[-0.207684,51.470202],[-0.207643,51.470225],[-0.207618,51.470239],[-0.207594,51.470253],[-0.207538,51.47028],[-0.207445,51.470326],[-0.20739,51.470353],[-0.207281,51.470414],[-0.20721,51.470454],[-0.207163,51.47048],[-0.207142,51.470492],[-0.207016,51.470563],[-0.207006,51.470568],[-0.206963,51.470593],[-0.206957,51.470596],[-0.206945,51.470603],[-0.2068,51.470684],[-0.206765,51.470704],[-0.206753,51.47071],[-0.206726,51.470725],[-0.20671,51.470735],[-0.206703,51.470738],[-0.206689,51.470746],[-0.206665,51.47076],[-0.206626,51.470782],[-0.206566,51.470815],[-0.206562,51.470818],[-0.206525,51.470838],[-0.206518,51.470844],[-0.206509,51.470852],[-0.206476,51.470881],[-0.206473,51.470884],[-0.206462,51.470893],[-0.206458,51.470896],[-0.206454,51.4709],[-0.206408,51.470939],[-0.206397,51.470949],[-0.206393,51.470952],[-0.206381,51.470963],[-0.20636,51.470981],[-0.206355,51.470985],[-0.206348,51.470991],[-0.206306,51.471034],[-0.2063,51.47104],[-0.206297,51.471043],[-0.20629,51.47105],[-0.206222,51.471119],[-0.206218,51.471123],[-0.206214,51.471127],[-0.206196,51.471149],[-0.206165,51.471187],[-0.206134,51.471223],[-0.206126,51.471234],[-0.206114,51.471251],[-0.206111,51.471256],[-0.206082,51.471298],[-0.206023,51.471386],[-0.206002,51.471424],[-0.205998,51.47143],[-0.205991,51.471443],[-0.205938,51.471536],[-0.205919,51.471541],[-0.205857,51.471557],[-0.205693,51.471598],[-0.205594,51.471624],[-0.205587,51.471626],[-0.205417,51.471669],[-0.205404,51.471673],[-0.205398,51.471674],[-0.205233,51.47172],[-0.20522,51.471723],[-0.205065,51.471766],[-0.204866,51.471821],[-0.20479,51.471842],[-0.204636,51.471885],[-0.204626,51.471888],[-0.204445,51.471938],[-0.204438,51.47194],[-0.204375,51.471957],[-0.20426,51.471989],[-0.204243,51.471994],[-0.204211,51.472003],[-0.204197,51.472007],[-0.204149,51.472017],[-0.204115,51.472024],[-0.204067,51.472035],[-0.20398,51.472054],[-0.203922,51.472066],[-0.203854,51.472081],[-0.203755,51.472103],[-0.203697,51.472115],[-0.203684,51.472118],[-0.203609,51.472134],[-0.203584,51.47214],[-0.203449,51.472169],[-0.20337,51.472181],[-0.203336,51.472187],[-0.203201,51.472208],[-0.203112,51.472223],[-0.203083,51.472227],[-0.203079,51.472227],[-0.203011,51.472238],[-0.202934,51.47225],[-0.202895,51.472256],[-0.202874,51.472259],[-0.202786,51.472273],[-0.202782,51.472274],[-0.202682,51.47229],[-0.202642,51.472296],[-0.202568,51.472308],[-0.202499,51.472319],[-0.202369,51.472339],[-0.202333,51.472345],[-0.202325,51.472346],[-0.202286,51.472352],[-0.202218,51.472363],[-0.20218,51.472369],[-0.202139,51.472375],[-0.202118,51.472378],[-0.202058,51.472388],[-0.202028,51.472393],[-0.201987,51.472399],[-0.201951,51.472405],[-0.201888,51.472415],[-0.201856,51.47242],[-0.201826,51.472424],[-0.201741,51.472438],[-0.201736,51.472439],[-0.201697,51.472445],[-0.201666,51.47245],[-0.201616,51.472457],[-0.20159,51.472461],[-0.201556,51.472466],[-0.201437,51.472483],[-0.201425,51.472485],[-0.201415,51.472486],[-0.201368,51.472493],[-0.201344,51.472497],[-0.201226,51.472513],[-0.201218,51.472515],[-0.201181,51.47252],[-0.201127,51.472528],[-0.201055,51.472538],[-0.201044,51.47254],[-0.201027,51.472542],[-0.201022,51.472543],[-0.200984,51.472548],[-0.200966,51.472551],[-0.200926,51.472556],[-0.200748,51.472582],[-0.200706,51.472334],[-0.200703,51.472319],[-0.200696,51.472276],[-0.200681,51.472187],[-0.200674,51.472151],[-0.200656,51.47204],[-0.200654,51.472031],[-0.200649,51.472013],[-0.200648,51.472007],[-0.200621,51.471906],[-0.200608,51.471857],[-0.200604,51.471841],[-0.200599,51.471824],[-0.200594,51.471801],[-0.200583,51.471762],[-0.200579,51.471748],[-0.200576,51.471736],[-0.200573,51.471723],[-0.200572,51.471718],[-0.20057,51.471713],[-0.200569,51.471708],[-0.200563,51.471683],[-0.20056,51.471674],[-0.20055,51.471637],[-0.200548,51.471629],[-0.200541,51.471603],[-0.200516,51.471507],[-0.200482,51.47142],[-0.200438,51.471308],[-0.20039,51.471218],[-0.200372,51.471183],[-0.200357,51.471154],[-0.200345,51.471138],[-0.200303,51.471081],[-0.20022,51.47099],[-0.200178,51.470954],[-0.200179,51.470927],[-0.200194,51.470909],[-0.200208,51.470901],[-0.200375,51.470866],[-0.200413,51.470858],[-0.200438,51.470853],[-0.200513,51.470837],[-0.200579,51.470823],[-0.20059,51.470821],[-0.200598,51.470819],[-0.200654,51.470807],[-0.200706,51.4708],[-0.200724,51.470797],[-0.200753,51.470793],[-0.200763,51.470792],[-0.201,51.470759],[-0.20118,51.470734],[-0.201226,51.470727],[-0.201277,51.47072],[-0.201404,51.470703],[-0.201464,51.470694],[-0.201483,51.470692],[-0.20158,51.470678],[-0.201602,51.470675],[-0.201673,51.470665],[-0.201706,51.470658],[-0.201803,51.470639],[-0.201808,51.470638],[-0.201909,51.470617],[-0.202014,51.470596],[-0.202075,51.470583],[-0.202089,51.47058],[-0.202209,51.470556],[-0.202271,51.470543],[-0.202334,51.47053],[-0.202381,51.470521],[-0.202431,51.470511],[-0.202513,51.470494],[-0.20259,51.470478],[-0.202624,51.470471],[-0.202729,51.47045],[-0.202748,51.470445],[-0.202764,51.470441],[-0.202862,51.470418],[-0.202912,51.470406],[-0.202918,51.470405],[-0.203055,51.470372],[-0.203113,51.470359],[-0.203152,51.47035],[-0.203178,51.470343],[-0.203247,51.470327],[-0.203269,51.470322],[-0.203364,51.470299],[-0.203369,51.470299],[-0.203383,51.470297],[-0.203443,51.470292],[-0.203466,51.47029],[-0.203544,51.470283],[-0.20362,51.470276],[-0.203896,51.470251],[-0.203989,51.470243],[-0.20417,51.470226],[-0.204287,51.470216],[-0.204301,51.470214],[-0.204326,51.470212],[-0.20437,51.470202],[-0.204388,51.470199],[-0.204441,51.470187],[-0.204497,51.470174],[-0.204562,51.47016],[-0.204587,51.470154],[-0.204594,51.470153],[-0.204629,51.470145],[-0.204645,51.470142],[-0.204716,51.470126],[-0.204732,51.470122],[-0.204758,51.470116],[-0.204764,51.470115],[-0.204831,51.4701],[-0.20484,51.470098],[-0.204886,51.470088],[-0.204893,51.470087],[-0.204904,51.470084],[-0.204983,51.470067],[-0.205042,51.470054],[-0.205056,51.470051],[-0.205111,51.470039],[-0.205199,51.470019],[-0.205253,51.470007],[-0.205264,51.470005],[-0.205349,51.469986],[-0.205402,51.469974],[-0.205418,51.469971],[-0.205429,51.469968],[-0.205483,51.469956],[-0.205529,51.469946],[-0.205554,51.46994],[-0.205574,51.469936],[-0.205624,51.469925],[-0.205654,51.46992],[-0.205673,51.469917],[-0.205738,51.469905],[-0.205761,51.469902],[-0.205787,51.469897],[-0.205819,51.469891],[-0.205831,51.469889],[-0.205849,51.469886],[-0.205881,51.469881],[-0.205924,51.469873],[-0.205934,51.469872],[-0.205943,51.46987],[-0.205967,51.469866],[-0.205974,51.469865],[-0.206011,51.469858],[-0.206078,51.469847],[-0.206084,51.469846],[-0.206098,51.469843],[-0.206143,51.469836],[-0.20615,51.469835],[-0.206186,51.469828],[-0.2062,51.469826],[-0.206214,51.469824],[-0.2063,51.469809],[-0.206323,51.469805],[-0.206415,51.469789],[-0.206436,51.469785],[-0.206448,51.469783],[-0.206456,51.469782],[-0.206469,51.46978],[-0.206647,51.469749],[-0.20666,51.469747],[-0.206729,51.469735],[-0.206758,51.46973],[-0.206775,51.469727],[-0.206815,51.46972],[-0.206848,51.469714],[-0.206878,51.469709],[-0.206939,51.469699],[-0.206945,51.469698],[-0.207001,51.469688],[-0.207064,51.469677],[-0.207075,51.469675],[-0.207094,51.469672],[-0.207107,51.46967],[-0.207139,51.469664],[-0.207161,51.469661],[-0.207178,51.469658],[-0.207279,51.46964],[-0.207292,51.469638],[-0.207304,51.469636],[-0.207337,51.46963],[-0.207384,51.469622],[-0.207394,51.469621],[-0.207474,51.469607],[-0.207529,51.469597],[-0.207609,51.469584],[-0.207635,51.469579],[-0.207829,51.469537],[-0.208068,51.469484],[-0.208119,51.469473]]]}},{"type":"Feature","properties":{"LSOA21CD":"E01001928","LSOA21NM":"Hammersmith and Fulham 011A","MEAN_PTAL_":"4","mean_AI":16.6467387842,"borough":"Hammersmith & Fulham"},"geometry":{"type":"Polygon","coordinates":[[[-0.233524,51.500021],[-0.233363,51.499754],[-0.23334,51.499717],[-0.23331,51.499667],[-0.233261,51.499589],[-0.233107,51.499343],[-0.233093,51.499321],[-0.233074,51.499274],[-0.233069,51.499262],[-0.233327,51.4992],[-0.233343,51.499196],[-0.233367,51.499191],[-0.233393,51.499185],[-0.233551,51.499148],[-0.23356,51.499146],[-0.233612,51.499134],[-0.233705,51.499112],[-0.233768,51.499097],[-0.233981,51.499048],[-0.234029,51.499038],[-0.234114,51.49902],[-0.234141,51.499014],[-0.2342,51.498988],[-0.234289,51.498927],[-0.234317,51.498906],[-0.234348,51.498883],[-0.234573,51.498635],[-0.234655,51.498544],[-0.234694,51.498501],[-0.234711,51.498447],[-0.234715,51.498438],[-0.234726,51.498412],[-0.234717,51.498295],[-0.234715,51.498279],[-0.234705,51.49828],[-0.234644,51.498283],[-0.234324,51.498292],[-0.234304,51.498239],[-0.234304,51.498237],[-0.234307,51.498221],[-0.234304,51.498214],[-0.234287,51.498183],[-0.234283,51.498144],[-0.234283,51.49814],[-0.234285,51.498129],[-0.234281,51.4981],[-0.234278,51.498096],[-0.234275,51.498091],[-0.234267,51.498054],[-0.234259,51.498038],[-0.23425,51.497989],[-0.234256,51.497956],[-0.234255,51.497954],[-0.234242,51.497929],[-0.234243,51.497924],[-0.23425,51.497909],[-0.234252,51.497901],[-0.23426,51.497861],[-0.234245,51.49782],[-0.234234,51.497744],[-0.234235,51.497711],[-0.234238,51.497707],[-0.234563,51.497774],[-0.234583,51.497779],[-0.234637,51.497784],[-0.234644,51.497763],[-0.234656,51.497725],[-0.234655,51.497718],[-0.234639,51.497566],[-0.234626,51.497448],[-0.234621,51.497403],[-0.234623,51.497349],[-0.234623,51.497268],[-0.234622,51.497117],[-0.234622,51.497087],[-0.234621,51.497034],[-0.234621,51.497021],[-0.23462,51.496998],[-0.234616,51.496931],[-0.234618,51.496927],[-0.234616,51.496858],[-0.234615,51.496827],[-0.234614,51.49682],[-0.234612,51.496749],[-0.234607,51.496647],[-0.234591,51.496552],[-0.234584,51.496512],[-0.234588,51.496505],[-0.234615,51.496459],[-0.234659,51.496423],[-0.234695,51.496406],[-0.234766,51.496373],[-0.234806,51.496354],[-0.23476,51.496298],[-0.234737,51.496272],[-0.234633,51.496151],[-0.234627,51.496144],[-0.234616,51.496127],[-0.23459,51.496082],[-0.234573,51.496053],[-0.234558,51.495968],[-0.234581,51.495966],[-0.234989,51.495929],[-0.235253,51.495905],[-0.235274,51.495893],[-0.235404,51.495818],[-0.235415,51.495817],[-0.235481,51.495806],[-0.235518,51.495366],[-0.235537,51.495164],[-0.235319,51.495134],[-0.235298,51.495103],[-0.235108,51.494824],[-0.235136,51.494736],[-0.235159,51.494662],[-0.235179,51.494627],[-0.235445,51.494348],[-0.23564,51.494337],[-0.235689,51.49431],[-0.235789,51.494255],[-0.235876,51.494233],[-0.236028,51.494205],[-0.23603,51.494199],[-0.236039,51.49418],[-0.236062,51.494132],[-0.236169,51.493908],[-0.236232,51.493776],[-0.236234,51.493735],[-0.236218,51.493681],[-0.236175,51.493615],[-0.236114,51.49355],[-0.236073,51.493517],[-0.236005,51.493472],[-0.235988,51.493461],[-0.236006,51.493452],[-0.236072,51.493418],[-0.236314,51.493369],[-0.236385,51.49336],[-0.236402,51.49336],[-0.236594,51.493397],[-0.23665,51.493417],[-0.236676,51.493449],[-0.236731,51.493517],[-0.236745,51.493535],[-0.236765,51.493552],[-0.236896,51.49354],[-0.237099,51.49352],[-0.237118,51.493539],[-0.237294,51.493725],[-0.237305,51.493734],[-0.237318,51.493744],[-0.237324,51.493748],[-0.237313,51.493807],[-0.237308,51.493824],[-0.23729,51.493883],[-0.23729,51.493886],[-0.237247,51.494157],[-0.237238,51.494212],[-0.237327,51.494264],[-0.237379,51.49427],[-0.237861,51.494366],[-0.237859,51.494409],[-0.237857,51.494439],[-0.237849,51.494573],[-0.237845,51.494641],[-0.237809,51.495269],[-0.237808,51.495274],[-0.237788,51.495623],[-0.23778,51.49576],[-0.237773,51.495887],[-0.237771,51.495917],[-0.237769,51.495945],[-0.237768,51.495971],[-0.237765,51.496025],[-0.237761,51.496083],[-0.237758,51.496142],[-0.237755,51.496191],[-0.237752,51.49624],[-0.237752,51.496244],[-0.237751,51.49629],[-0.237747,51.496427],[-0.237747,51.496448],[-0.237747,51.496461],[-0.237745,51.496515],[-0.237744,51.496569],[-0.237737,51.496847],[-0.237734,51.496971],[-0.237733,51.497],[-0.237732,51.497054],[-0.23773,51.497112],[-0.237728,51.497199],[-0.237727,51.497244],[-0.237762,51.497238],[-0.237788,51.497233],[-0.238165,51.497169],[-0.238397,51.497134],[-0.238541,51.497112],[-0.238564,51.497161],[-0.238568,51.497169],[-0.238627,51.497278],[-0.238633,51.497289],[-0.238845,51.497651],[-0.23932,51.498016],[-0.23935,51.498039],[-0.239438,51.498087],[-0.239415,51.498208],[-0.239052,51.498675],[-0.238892,51.49884],[-0.238876,51.498864],[-0.238814,51.498954],[-0.238807,51.498964],[-0.238711,51.499268],[-0.238709,51.49928],[-0.238705,51.499308],[-0.238699,51.49937],[-0.238698,51.499383],[-0.2387,51.499406],[-0.23838,51.499525],[-0.23828,51.499562],[-0.237814,51.499575],[-0.237835,51.499627],[-0.237817,51.499717],[-0.237837,51.499776],[-0.237854,51.499828],[-0.237861,51.499839],[-0.237879,51.499868],[-0.237898,51.499862],[-0.237927,51.499863],[-0.237955,51.499863],[-0.237969,51.499872],[-0.237998,51.499882],[-0.238,51.499885],[-0.238012,51.4999],[-0.238024,51.499917],[-0.238025,51.499936],[-0.238022,51.499939],[-0.238009,51.499954],[-0.237995,51.499963],[-0.23797,51.499977],[-0.237955,51.49998],[-0.23795,51.499981],[-0.23793,51.499984],[-0.237907,51.499988],[-0.237804,51.500007],[-0.23774,51.500019],[-0.237568,51.500049],[-0.237515,51.500059],[-0.237444,51.500072],[-0.237434,51.500074],[-0.237427,51.500075],[-0.237368,51.500085],[-0.237305,51.500097],[-0.237225,51.500111],[-0.237121,51.50013],[-0.23706,51.500141],[-0.237022,51.500148],[-0.237002,51.500151],[-0.23694,51.500163],[-0.23693,51.500164],[-0.236876,51.500174],[-0.236746,51.500197],[-0.236717,51.500203],[-0.23669,51.500208],[-0.236561,51.500231],[-0.236511,51.50024],[-0.2365,51.500242],[-0.236386,51.500259],[-0.236298,51.500272],[-0.236138,51.500296],[-0.236056,51.500308],[-0.235964,51.500322],[-0.235848,51.500339],[-0.235756,51.500353],[-0.235744,51.500354],[-0.235584,51.500378],[-0.23555,51.500383],[-0.235446,51.500399],[-0.235344,51.500414],[-0.235292,51.500422],[-0.235273,51.500425],[-0.235121,51.500447],[-0.23507,51.500455],[-0.23506,51.500456],[-0.235038,51.50046],[-0.235,51.500465],[-0.234949,51.500473],[-0.23487,51.500485],[-0.234806,51.500494],[-0.234698,51.50051],[-0.234669,51.500515],[-0.234635,51.500524],[-0.234589,51.500536],[-0.234511,51.500557],[-0.234486,51.500564],[-0.234413,51.500584],[-0.234385,51.500591],[-0.234379,51.500593],[-0.234318,51.500609],[-0.234284,51.500619],[-0.234214,51.500638],[-0.234194,51.500643],[-0.234185,51.500645],[-0.234175,51.500648],[-0.234167,51.50065],[-0.234153,51.500654],[-0.234099,51.500669],[-0.234037,51.500686],[-0.234008,51.500695],[-0.233957,51.500713],[-0.233779,51.500773],[-0.233758,51.50078],[-0.2337,51.500799],[-0.233549,51.50085],[-0.233378,51.500908],[-0.233322,51.500927],[-0.233298,51.500935],[-0.23299,51.50104],[-0.232901,51.50107],[-0.23282,51.501097],[-0.232772,51.501114],[-0.232688,51.501141],[-0.232674,51.501116],[-0.232565,51.500931],[-0.232467,51.500765],[-0.232439,51.500717],[-0.232413,51.500673],[-0.232403,51.500656],[-0.232411,51.500653],[-0.232441,51.500643],[-0.232465,51.500635],[-0.232487,51.500628],[-0.232938,51.50048],[-0.232954,51.500475],[-0.233063,51.500436],[-0.233234,51.500376],[-0.233332,51.500341],[-0.233396,51.500318],[-0.233437,51.500304],[-0.233461,51.500296],[-0.23365,51.500229],[-0.233646,51.500222],[-0.233616,51.500173],[-0.233607,51.500158],[-0.233558,51.500077],[-0.233552,51.500067],[-0.233524,51.500021]]]}},{"type":"Feature","properties":{"LSOA21CD":"E01001929","LSOA21NM":"Hammersmith and Fulham 009D","MEAN_PTAL_":"5","mean_AI":21.1096235978,"borough":"Hammersmith & Fulham"},"geometry":{"type":"Polygon","coordinates":[[[-0.232984,51.499038],[-0.232959,51.49897],[-0.232865,51.498975],[-0.23281,51.498983],[-0.232792,51.498934],[-0.232789,51.498927],[-0.232763,51.498854],[-0.232761,51.498849],[-0.23276,51.498846],[-0.232753,51.49883],[-0.232745,51.49881],[-0.232734,51.498781],[-0.232731,51.498773],[-0.232723,51.498753],[-0.232718,51.49874],[-0.232716,51.498736],[-0.232715,51.498732],[-0.232695,51.498681],[-0.232693,51.498678],[-0.232691,51.498672],[-0.232686,51.49866],[-0.23268,51.498645],[-0.232679,51.498642],[-0.232667,51.4986],[-0.232666,51.498596],[-0.232665,51.498593],[-0.232661,51.498581],[-0.232652,51.49855],[-0.232651,51.498545],[-0.232648,51.498536],[-0.232643,51.498518],[-0.232642,51.498515],[-0.232637,51.498498],[-0.23263,51.498472],[-0.232626,51.49846],[-0.232626,51.498457],[-0.232624,51.49845],[-0.232621,51.49844],[-0.232616,51.498425],[-0.232615,51.49842],[-0.232612,51.498393],[-0.232611,51.49839],[-0.23261,51.49838],[-0.232606,51.498346],[-0.232604,51.498327],[-0.232602,51.498314],[-0.232599,51.498281],[-0.232598,51.498276],[-0.232595,51.49825],[-0.232594,51.498245],[-0.232594,51.498239],[-0.232592,51.498225],[-0.232591,51.498216],[-0.232589,51.498198],[-0.232586,51.498173],[-0.232585,51.498168],[-0.232584,51.498155],[-0.232583,51.49815],[-0.232581,51.498127],[-0.232578,51.498105],[-0.232575,51.498078],[-0.232574,51.498069],[-0.232574,51.498066],[-0.232573,51.49806],[-0.232571,51.498041],[-0.232568,51.498014],[-0.232569,51.498001],[-0.232569,51.497993],[-0.232571,51.49798],[-0.232571,51.497973],[-0.232573,51.497955],[-0.232573,51.497952],[-0.232575,51.497934],[-0.232578,51.497893],[-0.232579,51.497889],[-0.232581,51.497866],[-0.232584,51.497833],[-0.232584,51.497826],[-0.232585,51.49782],[-0.232586,51.49781],[-0.232587,51.497798],[-0.232588,51.497787],[-0.232589,51.497779],[-0.23259,51.497768],[-0.232593,51.49773],[-0.232594,51.497723],[-0.232595,51.497703],[-0.232596,51.497699],[-0.232598,51.497676],[-0.232598,51.497673],[-0.232602,51.497633],[-0.232602,51.497626],[-0.232603,51.497616],[-0.232604,51.497601],[-0.232606,51.497584],[-0.232608,51.497568],[-0.232609,51.497552],[-0.232609,51.497547],[-0.232609,51.497543],[-0.232609,51.49754],[-0.23261,51.49751],[-0.232611,51.497494],[-0.232611,51.49749],[-0.232611,51.497479],[-0.232612,51.497474],[-0.232612,51.497454],[-0.232613,51.497443],[-0.232613,51.497427],[-0.232614,51.49741],[-0.232615,51.497368],[-0.232615,51.497364],[-0.232616,51.497341],[-0.232616,51.497331],[-0.232617,51.497328],[-0.232617,51.497323],[-0.232617,51.497316],[-0.232618,51.497295],[-0.232618,51.497287],[-0.232618,51.497283],[-0.232619,51.497248],[-0.23262,51.497233],[-0.23262,51.497229],[-0.23262,51.49722],[-0.232621,51.497202],[-0.232621,51.497188],[-0.232623,51.497154],[-0.232623,51.497148],[-0.232624,51.497107],[-0.232626,51.497063],[-0.232626,51.497057],[-0.232626,51.497037],[-0.232627,51.497018],[-0.232628,51.496994],[-0.232629,51.496969],[-0.23263,51.496919],[-0.23263,51.496916],[-0.232584,51.496916],[-0.232579,51.496916],[-0.232377,51.496917],[-0.232329,51.496918],[-0.232301,51.496918],[-0.232178,51.496919],[-0.232136,51.496919],[-0.231927,51.49692],[-0.231926,51.496916],[-0.231926,51.496914],[-0.231923,51.496891],[-0.231914,51.496814],[-0.231912,51.496804],[-0.231906,51.496754],[-0.231906,51.49675],[-0.231905,51.496746],[-0.231903,51.496728],[-0.231902,51.496723],[-0.231899,51.496693],[-0.231896,51.496672],[-0.231894,51.496656],[-0.231893,51.496649],[-0.231887,51.496599],[-0.231883,51.496566],[-0.231883,51.49656],[-0.231882,51.496554],[-0.231881,51.496544],[-0.231879,51.49653],[-0.231877,51.496515],[-0.231873,51.496484],[-0.231872,51.496476],[-0.231872,51.496473],[-0.23187,51.496458],[-0.231867,51.496432],[-0.231865,51.496416],[-0.231863,51.496404],[-0.231861,51.496387],[-0.231858,51.496355],[-0.231856,51.496342],[-0.231855,51.496332],[-0.231851,51.496303],[-0.231848,51.496275],[-0.231846,51.496259],[-0.231841,51.496219],[-0.23184,51.496212],[-0.231832,51.496149],[-0.231831,51.496138],[-0.23183,51.496131],[-0.231826,51.496098],[-0.231825,51.496093],[-0.231825,51.496089],[-0.23182,51.49605],[-0.231819,51.496039],[-0.231818,51.496031],[-0.231816,51.496019],[-0.231814,51.495999],[-0.231813,51.49599],[-0.231808,51.495953],[-0.231807,51.495944],[-0.231806,51.495936],[-0.231802,51.495898],[-0.231801,51.495893],[-0.231798,51.49587],[-0.231793,51.495824],[-0.231792,51.495818],[-0.231791,51.495814],[-0.231788,51.495789],[-0.231788,51.495786],[-0.231786,51.49577],[-0.231784,51.495752],[-0.231781,51.495729],[-0.231778,51.495703],[-0.231777,51.495688],[-0.231775,51.495644],[-0.231773,51.495602],[-0.231771,51.49556],[-0.231768,51.495505],[-0.231768,51.495494],[-0.231764,51.495466],[-0.231758,51.495434],[-0.231757,51.495427],[-0.231753,51.495398],[-0.231752,51.495391],[-0.231751,51.495385],[-0.231744,51.495342],[-0.231743,51.495336],[-0.231728,51.495238],[-0.231725,51.495217],[-0.231723,51.495205],[-0.231714,51.495147],[-0.231715,51.495119],[-0.231715,51.495105],[-0.231715,51.495097],[-0.231716,51.495085],[-0.231715,51.495071],[-0.231715,51.495062],[-0.231713,51.49502],[-0.231713,51.495016],[-0.23171,51.494996],[-0.231709,51.494985],[-0.231703,51.494941],[-0.2317,51.494922],[-0.231697,51.494897],[-0.231694,51.494876],[-0.231693,51.494867],[-0.231688,51.494826],[-0.231687,51.494819],[-0.231682,51.494781],[-0.231681,51.494778],[-0.231679,51.494759],[-0.231486,51.494762],[-0.231454,51.494762],[-0.23144,51.494655],[-0.231438,51.494634],[-0.231427,51.49455],[-0.231427,51.494545],[-0.231418,51.494477],[-0.231417,51.494464],[-0.231562,51.494462],[-0.231574,51.494462],[-0.231615,51.494461],[-0.231773,51.494459],[-0.231791,51.494459],[-0.231876,51.494458],[-0.23191,51.494457],[-0.231997,51.494455],[-0.232091,51.494452],[-0.232138,51.494451],[-0.232165,51.49445],[-0.232175,51.49445],[-0.232199,51.494449],[-0.232237,51.494448],[-0.232308,51.494446],[-0.23234,51.494445],[-0.232379,51.494444],[-0.232415,51.494443],[-0.232476,51.494441],[-0.232486,51.494441],[-0.232555,51.494439],[-0.232626,51.494437],[-0.232665,51.494435],[-0.232678,51.494435],[-0.232683,51.494435],[-0.232755,51.494433],[-0.232814,51.494431],[-0.232857,51.49443],[-0.232863,51.49443],[-0.232934,51.494428],[-0.233007,51.494426],[-0.233017,51.494425],[-0.233116,51.494422],[-0.233136,51.494422],[-0.233184,51.49442],[-0.233194,51.49442],[-0.233226,51.494419],[-0.233231,51.494419],[-0.233258,51.494418],[-0.233275,51.494418],[-0.233291,51.494417],[-0.233298,51.494417],[-0.233308,51.494417],[-0.233398,51.494414],[-0.233449,51.494413],[-0.23355,51.49441],[-0.23364,51.494407],[-0.233669,51.494408],[-0.233715,51.494409],[-0.233746,51.49441],[-0.233825,51.494412],[-0.233865,51.494413],[-0.233901,51.494414],[-0.233929,51.494414],[-0.234089,51.494418],[-0.234109,51.494419],[-0.234164,51.49442],[-0.234286,51.494423],[-0.234297,51.494424],[-0.234422,51.494427],[-0.234501,51.494429],[-0.234525,51.49443],[-0.2346,51.494432],[-0.234598,51.494451],[-0.23462,51.494453],[-0.234592,51.494562],[-0.234588,51.494579],[-0.234576,51.494623],[-0.234569,51.49465],[-0.234563,51.494807],[-0.234562,51.49483],[-0.234556,51.494865],[-0.234541,51.494955],[-0.234529,51.495031],[-0.234525,51.495054],[-0.234519,51.495106],[-0.234509,51.495202],[-0.234502,51.495261],[-0.234501,51.495297],[-0.234494,51.495485],[-0.23449,51.495585],[-0.234558,51.495968],[-0.234573,51.496053],[-0.23459,51.496082],[-0.234616,51.496127],[-0.234627,51.496144],[-0.234633,51.496151],[-0.234737,51.496272],[-0.23476,51.496298],[-0.234806,51.496354],[-0.234766,51.496373],[-0.234695,51.496406],[-0.234659,51.496423],[-0.234615,51.496459],[-0.234588,51.496505],[-0.234584,51.496512],[-0.234591,51.496552],[-0.234607,51.496647],[-0.234612,51.496749],[-0.234614,51.49682],[-0.234615,51.496827],[-0.234616,51.496858],[-0.234618,51.496927],[-0.234616,51.496931],[-0.23462,51.496998],[-0.234621,51.497021],[-0.234621,51.497034],[-0.234622,51.497087],[-0.234622,51.497117],[-0.234623,51.497268],[-0.234623,51.497349],[-0.234621,51.497403],[-0.234626,51.497448],[-0.234639,51.497566],[-0.234655,51.497718],[-0.234656,51.497725],[-0.234644,51.497763],[-0.234637,51.497784],[-0.234583,51.497779],[-0.234563,51.497774],[-0.234238,51.497707],[-0.234235,51.497711],[-0.234234,51.497744],[-0.234245,51.49782],[-0.23426,51.497861],[-0.234252,51.497901],[-0.23425,51.497909],[-0.234243,51.497924],[-0.234242,51.497929],[-0.234255,51.497954],[-0.234256,51.497956],[-0.23425,51.497989],[-0.234259,51.498038],[-0.234267,51.498054],[-0.234275,51.498091],[-0.234278,51.498096],[-0.234281,51.4981],[-0.234285,51.498129],[-0.234283,51.49814],[-0.234283,51.498144],[-0.234287,51.498183],[-0.234304,51.498214],[-0.234307,51.498221],[-0.234304,51.498237],[-0.234304,51.498239],[-0.234324,51.498292],[-0.234644,51.498283],[-0.234705,51.49828],[-0.234715,51.498279],[-0.234717,51.498295],[-0.234726,51.498412],[-0.234715,51.498438],[-0.234711,51.498447],[-0.234694,51.498501],[-0.234655,51.498544],[-0.234573,51.498635],[-0.234348,51.498883],[-0.234317,51.498906],[-0.234289,51.498927],[-0.2342,51.498988],[-0.234141,51.499014],[-0.234114,51.49902],[-0.234029,51.499038],[-0.233981,51.499048],[-0.233768,51.499097],[-0.233705,51.499112],[-0.233612,51.499134],[-0.23356,51.499146],[-0.233551,51.499148],[-0.233393,51.499185],[-0.233367,51.499191],[-0.233343,51.499196],[-0.233327,51.4992],[-0.233069,51.499262],[-0.23306,51.499239],[-0.233052,51.499218],[-0.233036,51.499175],[-0.233027,51.499152],[-0.233024,51.499143],[-0.232984,51.499038]]]}},{"type":"Feature","properties":{"LSOA21CD":"E01001931","LSOA21NM":"Hammersmith and Fulham 011B","MEAN_PTAL_":"4","mean_AI":17.0325014281,"borough":"Hammersmith & Fulham"},"geometry":{"type":"Polygon","coordinates":[[[-0.242493,51.496582],[-0.242477,51.496426],[-0.242469,51.496347],[-0.242467,51.496326],[-0.242464,51.496295],[-0.242392,51.496252],[-0.242316,51.496206],[-0.242258,51.49617],[-0.24222,51.49613],[-0.242112,51.496017],[-0.242095,51.495999],[-0.242062,51.495964],[-0.241959,51.495947],[-0.241539,51.495878],[-0.241495,51.495871],[-0.24143,51.495866],[-0.241352,51.49586],[-0.241261,51.495864],[-0.241178,51.495873],[-0.241167,51.495875],[-0.241118,51.495873],[-0.241031,51.495867],[-0.241017,51.495867],[-0.240735,51.495901],[-0.240681,51.49585],[-0.240557,51.49575],[-0.240552,51.495746],[-0.24049,51.495505],[-0.240483,51.495478],[-0.240474,51.495472],[-0.240457,51.49546],[-0.240372,51.495404],[-0.240389,51.495377],[-0.240438,51.495295],[-0.240634,51.494981],[-0.240412,51.494899],[-0.240406,51.494897],[-0.240141,51.494851],[-0.240142,51.494848],[-0.240246,51.494445],[-0.240188,51.494425],[-0.240169,51.494418],[-0.240154,51.494416],[-0.240111,51.49441],[-0.24,51.494395],[-0.239954,51.494388],[-0.239666,51.494349],[-0.239642,51.494223],[-0.239639,51.494214],[-0.239638,51.494211],[-0.239616,51.494151],[-0.239591,51.494118],[-0.239557,51.494074],[-0.23952,51.494026],[-0.239512,51.494016],[-0.239506,51.494007],[-0.239426,51.493904],[-0.239527,51.493859],[-0.239531,51.493857],[-0.239622,51.493826],[-0.239681,51.493813],[-0.239761,51.493804],[-0.239976,51.493841],[-0.240045,51.493853],[-0.240081,51.493867],[-0.240108,51.493882],[-0.240141,51.493896],[-0.240208,51.493923],[-0.240215,51.493926],[-0.240263,51.493947],[-0.240281,51.493958],[-0.240301,51.49397],[-0.240307,51.493972],[-0.240314,51.493968],[-0.240379,51.493923],[-0.240497,51.493859],[-0.240571,51.493828],[-0.240755,51.49354],[-0.240723,51.493533],[-0.240648,51.493522],[-0.240735,51.493525],[-0.240807,51.493527],[-0.240908,51.49353],[-0.240985,51.493533],[-0.240988,51.493575],[-0.240997,51.493578],[-0.241001,51.493659],[-0.241008,51.4938],[-0.24101,51.493844],[-0.241011,51.493857],[-0.241017,51.493983],[-0.241018,51.493997],[-0.241022,51.493985],[-0.241111,51.493917],[-0.241483,51.493952],[-0.241638,51.49403],[-0.241656,51.494043],[-0.241807,51.494057],[-0.241831,51.494075],[-0.241835,51.494078],[-0.241827,51.494157],[-0.241819,51.494245],[-0.241824,51.494245],[-0.24204,51.494246],[-0.24209,51.494246],[-0.242292,51.494248],[-0.242288,51.494199],[-0.242311,51.494202],[-0.242436,51.49418],[-0.24245,51.494158],[-0.242453,51.494152],[-0.24246,51.494109],[-0.242443,51.494009],[-0.242429,51.493972],[-0.242391,51.493923],[-0.242337,51.49387],[-0.242333,51.493866],[-0.242362,51.493846],[-0.242404,51.493805],[-0.242456,51.493754],[-0.242631,51.493739],[-0.242764,51.493796],[-0.242833,51.493807],[-0.242857,51.493811],[-0.242917,51.493731],[-0.243127,51.493752],[-0.243265,51.493766],[-0.243269,51.49376],[-0.243287,51.493733],[-0.243363,51.493709],[-0.243365,51.493707],[-0.243431,51.49359],[-0.243499,51.49347],[-0.243533,51.493466],[-0.243665,51.493503],[-0.243671,51.493553],[-0.243686,51.493675],[-0.243692,51.493681],[-0.243696,51.493686],[-0.243753,51.49375],[-0.243771,51.49375],[-0.244139,51.493869],[-0.244244,51.493852],[-0.244311,51.493842],[-0.244416,51.493956],[-0.244422,51.493962],[-0.244428,51.493978],[-0.24443,51.493992],[-0.244438,51.494043],[-0.244442,51.494052],[-0.244446,51.494064],[-0.244435,51.494118],[-0.244435,51.494151],[-0.244434,51.494155],[-0.244431,51.494193],[-0.244429,51.494196],[-0.244416,51.494214],[-0.244399,51.494258],[-0.244395,51.494284],[-0.244392,51.494304],[-0.244391,51.494313],[-0.244393,51.49433],[-0.244391,51.494337],[-0.244394,51.494373],[-0.244393,51.49438],[-0.244384,51.494419],[-0.244385,51.494432],[-0.244386,51.494436],[-0.24438,51.494451],[-0.244374,51.4945],[-0.24437,51.49451],[-0.244369,51.49452],[-0.244367,51.494544],[-0.244361,51.494562],[-0.24436,51.494589],[-0.244358,51.494595],[-0.244355,51.494604],[-0.244364,51.494612],[-0.244405,51.494664],[-0.24442,51.494683],[-0.244436,51.494731],[-0.244437,51.494733],[-0.244425,51.494855],[-0.24442,51.4949],[-0.244417,51.494923],[-0.244417,51.494929],[-0.244416,51.494933],[-0.244409,51.494935],[-0.244263,51.494912],[-0.244197,51.494907],[-0.244083,51.494911],[-0.244025,51.494918],[-0.243982,51.494931],[-0.243973,51.494934],[-0.243941,51.494944],[-0.243946,51.494951],[-0.243954,51.494959],[-0.243971,51.494973],[-0.244009,51.495002],[-0.244171,51.495128],[-0.244158,51.495175],[-0.244152,51.495196],[-0.244271,51.495212],[-0.244279,51.495211],[-0.244351,51.495198],[-0.244359,51.495193],[-0.244421,51.495159],[-0.244468,51.495174],[-0.244482,51.495178],[-0.24453,51.495187],[-0.244546,51.495188],[-0.244558,51.495186],[-0.24476,51.495164],[-0.244875,51.495152],[-0.24486,51.495246],[-0.244857,51.495266],[-0.244848,51.495321],[-0.244844,51.495379],[-0.244841,51.495435],[-0.24484,51.49544],[-0.244834,51.495523],[-0.244733,51.495631],[-0.244715,51.49565],[-0.244711,51.495655],[-0.244697,51.495669],[-0.244695,51.495675],[-0.244676,51.495731],[-0.24458,51.495733],[-0.244541,51.495737],[-0.244522,51.495739],[-0.244465,51.495744],[-0.244249,51.495585],[-0.244245,51.495582],[-0.243869,51.495384],[-0.243863,51.495381],[-0.243649,51.495401],[-0.243602,51.495405],[-0.243593,51.495406],[-0.243521,51.495418],[-0.2435,51.495424],[-0.243452,51.495436],[-0.243315,51.495474],[-0.243304,51.495477],[-0.243296,51.495479],[-0.243281,51.495486],[-0.243247,51.495501],[-0.24318,51.495536],[-0.243174,51.495539],[-0.243187,51.495716],[-0.243191,51.49577],[-0.243194,51.495804],[-0.243214,51.496071],[-0.243225,51.496219],[-0.243232,51.49631],[-0.243235,51.496353],[-0.243231,51.496356],[-0.24322,51.496366],[-0.24317,51.49641],[-0.243101,51.496461],[-0.242962,51.496546],[-0.242876,51.496544],[-0.24287,51.496546],[-0.242605,51.496655],[-0.242504,51.496696],[-0.242493,51.496582]]]}},{"type":"Feature","properties":{"LSOA21CD":"E01001934","LSOA21NM":"Hammersmith and Fulham 025B","MEAN_PTAL_":"2","mean_AI":5.62637939504,"borough":"Hammersmith & Fulham"},"geometry":{"type":"Polygon","coordinates":[[[-0.198596,51.470918],[-0.198444,51.470748],[-0.198371,51.470704],[-0.198275,51.47065],[-0.198119,51.470563],[-0.198056,51.470527],[-0.19805,51.470524],[-0.198012,51.470505],[-0.197913,51.470455],[-0.197893,51.470444],[-0.197873,51.470434],[-0.197844,51.470419],[-0.197792,51.470385],[-0.197721,51.470339],[-0.197712,51.470333],[-0.1977,51.470324],[-0.197695,51.470321],[-0.197662,51.470299],[-0.197644,51.470282],[-0.197615,51.470255],[-0.19756,51.470202],[-0.197483,51.470129],[-0.197452,51.470099],[-0.197426,51.470074],[-0.197424,51.470072],[-0.197413,51.470062],[-0.197332,51.470008],[-0.197278,51.469972],[-0.197272,51.469974],[-0.197251,51.469955],[-0.197017,51.4697],[-0.196832,51.469515],[-0.196829,51.469512],[-0.196698,51.46938],[-0.196364,51.469088],[-0.19635,51.469078],[-0.196223,51.468988],[-0.1962,51.468971],[-0.196043,51.468859],[-0.196028,51.468849],[-0.196065,51.468829],[-0.196373,51.468667],[-0.196369,51.468664],[-0.196188,51.468571],[-0.196113,51.468484],[-0.196091,51.468389],[-0.196115,51.468293],[-0.196118,51.468283],[-0.196126,51.468267],[-0.196132,51.468212],[-0.196137,51.468166],[-0.196135,51.468112],[-0.196118,51.468101],[-0.195997,51.468009],[-0.195924,51.467934],[-0.195828,51.467809],[-0.195789,51.467686],[-0.195773,51.467608],[-0.195754,51.467606],[-0.195734,51.467604],[-0.195716,51.467602],[-0.195603,51.467593],[-0.19555,51.467591],[-0.195545,51.467591],[-0.195483,51.467588],[-0.195441,51.467587],[-0.195394,51.467585],[-0.195316,51.46758],[-0.195267,51.46758],[-0.195205,51.467574],[-0.195198,51.467574],[-0.19515,51.467573],[-0.19503,51.467562],[-0.194942,51.467545],[-0.19484,51.467511],[-0.194731,51.467446],[-0.194661,51.467369],[-0.194636,51.467371],[-0.194627,51.467373],[-0.194611,51.467376],[-0.194603,51.467377],[-0.19457,51.467395],[-0.194344,51.46751],[-0.194327,51.467519],[-0.194294,51.467536],[-0.194254,51.467505],[-0.193998,51.467308],[-0.193979,51.467293],[-0.193889,51.467224],[-0.193885,51.467221],[-0.193837,51.467185],[-0.193776,51.46714],[-0.193771,51.467136],[-0.193706,51.467088],[-0.19366,51.467053],[-0.193581,51.466994],[-0.193566,51.467],[-0.19348,51.467035],[-0.193471,51.467039],[-0.193251,51.467128],[-0.192913,51.467264],[-0.192908,51.467259],[-0.192595,51.466906],[-0.192582,51.466902],[-0.192469,51.46686],[-0.192461,51.466852],[-0.192452,51.46684],[-0.192438,51.466828],[-0.192419,51.466809],[-0.192361,51.466743],[-0.192358,51.466739],[-0.192121,51.466642],[-0.192055,51.466607],[-0.191987,51.466566],[-0.191975,51.466555],[-0.192538,51.466311],[-0.192749,51.46622],[-0.192741,51.466212],[-0.192686,51.466159],[-0.192696,51.466154],[-0.192688,51.466147],[-0.192166,51.465651],[-0.192157,51.465654],[-0.192096,51.465596],[-0.191998,51.465259],[-0.191997,51.465257],[-0.191678,51.464164],[-0.191821,51.464153],[-0.192459,51.464078],[-0.193166,51.463994],[-0.193691,51.463966],[-0.19403,51.463947],[-0.194832,51.463904],[-0.194905,51.463903],[-0.195108,51.463899],[-0.195165,51.463898],[-0.195351,51.463912],[-0.195606,51.463932],[-0.195626,51.463933],[-0.196495,51.463999],[-0.196658,51.464012],[-0.196831,51.464028],[-0.197131,51.464056],[-0.197435,51.464085],[-0.197455,51.464087],[-0.19744,51.464298],[-0.197393,51.464954],[-0.197374,51.46521],[-0.197495,51.465494],[-0.197497,51.465497],[-0.197752,51.466094],[-0.197754,51.4661],[-0.197769,51.466134],[-0.197784,51.46617],[-0.197853,51.466333],[-0.197867,51.466365],[-0.197869,51.466369],[-0.19787,51.466371],[-0.197887,51.466404],[-0.197933,51.466492],[-0.197958,51.46654],[-0.197988,51.466599],[-0.198086,51.466787],[-0.198142,51.466894],[-0.198209,51.467023],[-0.198287,51.467196],[-0.198314,51.467255],[-0.19836,51.46732],[-0.19844,51.467433],[-0.198502,51.46752],[-0.198559,51.467601],[-0.19872,51.467828],[-0.19889,51.468068],[-0.198894,51.468073],[-0.198934,51.468129],[-0.198964,51.468173],[-0.199048,51.468291],[-0.199051,51.468295],[-0.199305,51.468653],[-0.19934,51.468703],[-0.199587,51.469051],[-0.199592,51.469058],[-0.199714,51.46923],[-0.199764,51.469301],[-0.199805,51.469359],[-0.19982,51.46938],[-0.199861,51.469437],[-0.199956,51.469577],[-0.200083,51.469761],[-0.200187,51.469929],[-0.200239,51.470013],[-0.200444,51.470422],[-0.200447,51.470428],[-0.200457,51.470446],[-0.200556,51.470643],[-0.200584,51.470673],[-0.200589,51.470678],[-0.200593,51.470686],[-0.200603,51.47071],[-0.200601,51.470728],[-0.2006,51.470745],[-0.200581,51.470778],[-0.200545,51.470806],[-0.200513,51.470837],[-0.200438,51.470853],[-0.200413,51.470858],[-0.200375,51.470866],[-0.200208,51.470901],[-0.200174,51.470889],[-0.200108,51.470866],[-0.199775,51.470917],[-0.199675,51.470923],[-0.199457,51.470937],[-0.199236,51.47095],[-0.199089,51.470954],[-0.198912,51.47096],[-0.198625,51.470968],[-0.198596,51.470918]]]}},{"type":"Feature","properties":{"LSOA21CD":"E01001935","LSOA21NM":"Hammersmith and Fulham 023A","MEAN_PTAL_":"2","mean_AI":9.30523930416,"borough":"Hammersmith & Fulham"},"geometry":{"type":"Polygon","coordinates":[[[-0.187701,51.473157],[-0.187551,51.473094],[-0.187448,51.473052],[-0.187267,51.472977],[-0.187223,51.472959],[-0.187198,51.472948],[-0.187162,51.472934],[-0.187056,51.472892],[-0.187014,51.472875],[-0.186985,51.472864],[-0.186824,51.47281],[-0.186801,51.472802],[-0.18671,51.472771],[-0.186571,51.472725],[-0.186164,51.472588],[-0.186365,51.472599],[-0.186315,51.472411],[-0.186292,51.472373],[-0.186364,51.47231],[-0.186389,51.472289],[-0.186343,51.472177],[-0.186336,51.472123],[-0.186299,51.472091],[-0.186294,51.472089],[-0.185457,51.471806],[-0.185431,51.471797],[-0.185344,51.471768],[-0.185227,51.471728],[-0.185184,51.471713],[-0.184917,51.471623],[-0.184909,51.471621],[-0.184895,51.471619],[-0.184783,51.471591],[-0.18479,51.47158],[-0.184909,51.471369],[-0.184926,51.471338],[-0.184955,51.471286],[-0.184975,51.471251],[-0.184978,51.471246],[-0.185006,51.471196],[-0.185008,51.471192],[-0.185039,51.471128],[-0.185047,51.471126],[-0.185053,51.471116],[-0.185055,51.471099],[-0.185058,51.47108],[-0.185066,51.471028],[-0.18506,51.471017],[-0.185063,51.470982],[-0.18507,51.4709],[-0.185076,51.470836],[-0.185093,51.470841],[-0.18533,51.47091],[-0.185363,51.470909],[-0.18538,51.470904],[-0.185414,51.470898],[-0.185461,51.470923],[-0.185469,51.470931],[-0.185508,51.470952],[-0.185578,51.470969],[-0.185601,51.470982],[-0.185611,51.470989],[-0.185628,51.470999],[-0.185667,51.471008],[-0.185708,51.471011],[-0.185761,51.471039],[-0.185828,51.471053],[-0.185836,51.471054],[-0.185862,51.471063],[-0.185873,51.47107],[-0.185933,51.471084],[-0.185969,51.471103],[-0.186001,51.471118],[-0.186057,51.471132],[-0.186075,51.471141],[-0.186081,51.471143],[-0.186116,51.471161],[-0.186175,51.471176],[-0.186184,51.471181],[-0.186234,51.471201],[-0.18627,51.471206],[-0.186294,51.471212],[-0.186316,51.471227],[-0.186323,51.47123],[-0.186349,51.471241],[-0.186382,51.471245],[-0.186395,51.471249],[-0.186412,51.471254],[-0.186445,51.471259],[-0.186481,51.471277],[-0.186548,51.471291],[-0.186554,51.471294],[-0.186604,51.471306],[-0.186627,51.471306],[-0.186686,51.471245],[-0.186691,51.471209],[-0.186666,51.471119],[-0.18664,51.471086],[-0.186618,51.471077],[-0.186611,51.471074],[-0.186613,51.471041],[-0.186668,51.47106],[-0.186762,51.471068],[-0.186839,51.471074],[-0.186858,51.471076],[-0.18704,51.471091],[-0.187045,51.471091],[-0.187045,51.471063],[-0.187072,51.471032],[-0.187072,51.471022],[-0.187082,51.471021],[-0.187109,51.471021],[-0.187274,51.471016],[-0.187558,51.471013],[-0.187512,51.470831],[-0.187542,51.470662],[-0.187549,51.470624],[-0.187578,51.470582],[-0.187588,51.470568],[-0.18761,51.470535],[-0.187778,51.470417],[-0.187815,51.47041],[-0.187836,51.470404],[-0.187843,51.470371],[-0.187846,51.470353],[-0.187955,51.470304],[-0.188006,51.470267],[-0.188042,51.47024],[-0.188065,51.47023],[-0.188102,51.470203],[-0.188148,51.470171],[-0.188157,51.470165],[-0.188166,51.470159],[-0.188195,51.470145],[-0.188253,51.470104],[-0.188264,51.470091],[-0.188284,51.470078],[-0.188297,51.470067],[-0.18834,51.470039],[-0.188348,51.470031],[-0.188389,51.470006],[-0.188404,51.469994],[-0.188426,51.46998],[-0.188439,51.469971],[-0.188485,51.469944],[-0.188503,51.469929],[-0.188523,51.469917],[-0.188556,51.469888],[-0.18856,51.469885],[-0.188565,51.469882],[-0.188603,51.469854],[-0.188636,51.469836],[-0.188645,51.469829],[-0.188661,51.469815],[-0.188677,51.469806],[-0.188717,51.469779],[-0.188724,51.46977],[-0.188733,51.46976],[-0.18876,51.469747],[-0.188777,51.469736],[-0.188807,51.469716],[-0.188821,51.46971],[-0.188842,51.469694],[-0.188862,51.469675],[-0.188868,51.469671],[-0.188908,51.469648],[-0.188961,51.469611],[-0.188978,51.469596],[-0.18899,51.469589],[-0.189009,51.469573],[-0.18902,51.469564],[-0.189036,51.469554],[-0.189067,51.469529],[-0.189094,51.469515],[-0.189109,51.469502],[-0.18912,51.469494],[-0.18913,51.469488],[-0.189139,51.469483],[-0.189186,51.469446],[-0.189196,51.469433],[-0.189205,51.469426],[-0.189237,51.469407],[-0.189254,51.469393],[-0.189261,51.469386],[-0.189268,51.46938],[-0.189306,51.469352],[-0.189315,51.469346],[-0.189318,51.469344],[-0.189335,51.469332],[-0.189361,51.469319],[-0.189396,51.469294],[-0.189401,51.46929],[-0.189413,51.469284],[-0.189451,51.469264],[-0.189489,51.469235],[-0.189502,51.469228],[-0.189506,51.469225],[-0.189519,51.469216],[-0.189532,51.469207],[-0.189559,51.469192],[-0.189569,51.469184],[-0.189581,51.469174],[-0.189584,51.469171],[-0.18959,51.469166],[-0.189641,51.469133],[-0.189707,51.469097],[-0.189719,51.469091],[-0.189726,51.469088],[-0.18973,51.469087],[-0.189807,51.469063],[-0.189818,51.469061],[-0.189852,51.469055],[-0.189873,51.469051],[-0.189989,51.469127],[-0.190108,51.469205],[-0.190173,51.469249],[-0.190164,51.469254],[-0.190092,51.469297],[-0.189994,51.469355],[-0.189989,51.469358],[-0.189908,51.469406],[-0.189861,51.469434],[-0.189857,51.469437],[-0.189817,51.469468],[-0.189801,51.469487],[-0.189777,51.469495],[-0.189783,51.4695],[-0.189977,51.469627],[-0.190048,51.469672],[-0.190095,51.469679],[-0.190111,51.469656],[-0.190143,51.469593],[-0.190151,51.469577],[-0.190157,51.469569],[-0.190173,51.469548],[-0.190234,51.469518],[-0.190302,51.469497],[-0.190313,51.469496],[-0.190371,51.46949],[-0.190387,51.46949],[-0.190434,51.46949],[-0.190436,51.469492],[-0.190461,51.469531],[-0.190468,51.469539],[-0.190472,51.469543],[-0.190475,51.469547],[-0.190488,51.469565],[-0.190499,51.469577],[-0.190509,51.469588],[-0.190513,51.469592],[-0.19054,51.469629],[-0.190546,51.469668],[-0.190546,51.469672],[-0.190545,51.469694],[-0.190556,51.469706],[-0.190565,51.469715],[-0.190577,51.469763],[-0.190583,51.469776],[-0.19059,51.469805],[-0.190585,51.469821],[-0.190591,51.469841],[-0.190591,51.469857],[-0.190591,51.469863],[-0.190601,51.469901],[-0.190597,51.469913],[-0.190605,51.469951],[-0.190604,51.469965],[-0.190606,51.469977],[-0.190609,51.469991],[-0.190634,51.470005],[-0.190669,51.470046],[-0.190686,51.470081],[-0.190669,51.470134],[-0.190609,51.470231],[-0.190631,51.470238],[-0.190641,51.470252],[-0.190656,51.470271],[-0.190714,51.470332],[-0.190724,51.470352],[-0.190736,51.470376],[-0.190728,51.470435],[-0.190715,51.470467],[-0.190707,51.470486],[-0.190711,51.470491],[-0.190726,51.470561],[-0.190736,51.470576],[-0.190738,51.470591],[-0.190749,51.470624],[-0.190753,51.470648],[-0.190752,51.470653],[-0.190755,51.47067],[-0.190762,51.47069],[-0.190765,51.470707],[-0.190759,51.470734],[-0.190762,51.470747],[-0.190763,51.470755],[-0.19078,51.470795],[-0.190781,51.470818],[-0.19078,51.470821],[-0.190783,51.470849],[-0.190787,51.470859],[-0.190794,51.470878],[-0.190794,51.470895],[-0.190793,51.47091],[-0.190797,51.47092],[-0.190799,51.470927],[-0.190816,51.470971],[-0.190817,51.470975],[-0.190816,51.470986],[-0.190823,51.471009],[-0.190827,51.471017],[-0.190834,51.471063],[-0.190833,51.471067],[-0.190835,51.471075],[-0.190846,51.471111],[-0.190854,51.471139],[-0.190849,51.471161],[-0.190851,51.471174],[-0.190853,51.471184],[-0.190855,51.471189],[-0.190859,51.471221],[-0.190873,51.471245],[-0.190874,51.471255],[-0.190876,51.471279],[-0.190874,51.471303],[-0.190896,51.471344],[-0.190898,51.471348],[-0.190897,51.471354],[-0.190906,51.471411],[-0.190908,51.471415],[-0.190911,51.471428],[-0.190918,51.471463],[-0.19092,51.471494],[-0.190924,51.471501],[-0.190928,51.471511],[-0.190928,51.471516],[-0.190931,51.471531],[-0.190934,51.471549],[-0.190934,51.471568],[-0.190935,51.471572],[-0.190942,51.471591],[-0.190948,51.471607],[-0.190933,51.471682],[-0.190931,51.471692],[-0.190902,51.471739],[-0.190902,51.471743],[-0.1909,51.471751],[-0.190897,51.471765],[-0.190893,51.471773],[-0.190888,51.471782],[-0.190854,51.471783],[-0.19079,51.471787],[-0.190768,51.471788],[-0.190666,51.471786],[-0.190601,51.471768],[-0.190595,51.471766],[-0.190534,51.471735],[-0.190532,51.471733],[-0.190502,51.471687],[-0.190499,51.471678],[-0.190484,51.471636],[-0.190463,51.471598],[-0.190457,51.471599],[-0.190169,51.471778],[-0.190162,51.471774],[-0.190145,51.471785],[-0.190149,51.47179],[-0.190137,51.471797],[-0.190213,51.471839],[-0.190278,51.471874],[-0.190314,51.471894],[-0.190335,51.471906],[-0.190352,51.471915],[-0.19042,51.471953],[-0.190427,51.471957],[-0.190467,51.471979],[-0.190521,51.472008],[-0.190599,51.472051],[-0.190615,51.47206],[-0.19066,51.472084],[-0.190679,51.472095],[-0.19076,51.472139],[-0.190772,51.472146],[-0.190983,51.472262],[-0.191082,51.472316],[-0.191091,51.472321],[-0.191149,51.472353],[-0.191432,51.472508],[-0.191444,51.472515],[-0.191591,51.472596],[-0.191601,51.472589],[-0.191609,51.472593],[-0.191617,51.472623],[-0.191623,51.472643],[-0.191626,51.472656],[-0.191651,51.472747],[-0.191657,51.47277],[-0.19167,51.47282],[-0.191672,51.472827],[-0.191693,51.472913],[-0.191702,51.472946],[-0.191704,51.472957],[-0.191713,51.472987],[-0.191731,51.473047],[-0.191735,51.47306],[-0.191737,51.473067],[-0.191743,51.473086],[-0.191758,51.473134],[-0.19176,51.473141],[-0.191781,51.473211],[-0.191791,51.473249],[-0.191792,51.473253],[-0.191811,51.473322],[-0.191821,51.473357],[-0.191824,51.473368],[-0.191826,51.473377],[-0.191833,51.473401],[-0.191834,51.473405],[-0.191835,51.473408],[-0.191846,51.473446],[-0.191851,51.473465],[-0.191896,51.473629],[-0.1919,51.473642],[-0.1919,51.473645],[-0.191888,51.473646],[-0.191794,51.473654],[-0.191587,51.473672],[-0.191536,51.473676],[-0.191497,51.473688],[-0.191483,51.473692],[-0.191453,51.473701],[-0.191359,51.473594],[-0.191356,51.473592],[-0.191279,51.473506],[-0.191267,51.473495],[-0.1912,51.473437],[-0.191169,51.47341],[-0.191057,51.473313],[-0.191076,51.473197],[-0.191064,51.473165],[-0.191036,51.473095],[-0.191031,51.473082],[-0.191023,51.473061],[-0.190955,51.472961],[-0.190914,51.472915],[-0.1909,51.472904],[-0.190879,51.472888],[-0.190851,51.472865],[-0.190844,51.47286],[-0.190785,51.472834],[-0.190682,51.472788],[-0.190613,51.472758],[-0.190606,51.472755],[-0.1905,51.472708],[-0.190441,51.472681],[-0.190434,51.472678],[-0.190278,51.472609],[-0.190244,51.472587],[-0.189915,51.472379],[-0.189891,51.472454],[-0.18991,51.472569],[-0.189888,51.472589],[-0.18985,51.472609],[-0.189795,51.472618],[-0.189781,51.472655],[-0.189765,51.47267],[-0.189745,51.472689],[-0.189649,51.472728],[-0.189538,51.472739],[-0.18948,51.472749],[-0.189465,51.472753],[-0.189437,51.472763],[-0.189388,51.472778],[-0.189262,51.472818],[-0.189196,51.473044],[-0.188737,51.472901],[-0.188529,51.472836],[-0.188456,51.472795],[-0.18839,51.472737],[-0.188374,51.472733],[-0.188229,51.47268],[-0.188198,51.472664],[-0.18814,51.472639],[-0.188133,51.472569],[-0.188116,51.472528],[-0.188105,51.472459],[-0.188103,51.472448],[-0.188086,51.472415],[-0.188085,51.472407],[-0.18808,51.472372],[-0.188075,51.472357],[-0.188073,51.472338],[-0.188071,51.472322],[-0.188069,51.472301],[-0.188091,51.472258],[-0.188106,51.472242],[-0.188126,51.472223],[-0.188187,51.472192],[-0.188213,51.472183],[-0.188293,51.472155],[-0.188327,51.472144],[-0.188323,51.472139],[-0.188279,51.472115],[-0.188161,51.472052],[-0.188062,51.471998],[-0.187985,51.471977],[-0.187985,51.47198],[-0.187876,51.472108],[-0.187866,51.472119],[-0.187806,51.47219],[-0.18779,51.472209],[-0.187743,51.472264],[-0.187723,51.472287],[-0.187709,51.472304],[-0.187662,51.472287],[-0.187656,51.472284],[-0.187624,51.472273],[-0.187378,51.472186],[-0.187279,51.472188],[-0.187279,51.472199],[-0.187281,51.472215],[-0.187243,51.472256],[-0.187226,51.472267],[-0.187206,51.472295],[-0.187193,51.472326],[-0.187185,51.472346],[-0.187185,51.472351],[-0.187187,51.472358],[-0.187387,51.472353],[-0.187413,51.472352],[-0.187439,51.47236],[-0.187462,51.472368],[-0.18756,51.472398],[-0.187565,51.472399],[-0.187539,51.472437],[-0.187515,51.472471],[-0.187504,51.472486],[-0.18749,51.472508],[-0.187465,51.472509],[-0.187451,51.47251],[-0.187306,51.472518],[-0.187274,51.472561],[-0.187268,51.472568],[-0.187265,51.472575],[-0.187259,51.472621],[-0.187259,51.472627],[-0.187262,51.472631],[-0.187302,51.472687],[-0.18731,51.472692],[-0.187328,51.472704],[-0.187341,51.472712],[-0.187419,51.472725],[-0.187421,51.472728],[-0.187478,51.472769],[-0.187481,51.472772],[-0.187545,51.472785],[-0.187557,51.4728],[-0.187561,51.472802],[-0.18759,51.472821],[-0.187596,51.472824],[-0.187677,51.47284],[-0.187685,51.472849],[-0.187689,51.472851],[-0.187739,51.472881],[-0.187742,51.472883],[-0.187819,51.472894],[-0.18784,51.472919],[-0.18788,51.472942],[-0.187884,51.472942],[-0.187953,51.472952],[-0.18796,51.47296],[-0.188067,51.473018],[-0.188073,51.473034],[-0.188138,51.473061],[-0.188156,51.473065],[-0.188198,51.473074],[-0.188206,51.473076],[-0.188214,51.473077],[-0.188267,51.47311],[-0.188277,51.473114],[-0.188297,51.473121],[-0.188304,51.473123],[-0.188375,51.473136],[-0.18838,51.473137],[-0.18841,51.473137],[-0.188475,51.473166],[-0.189053,51.473431],[-0.188871,51.47353],[-0.188598,51.473679],[-0.188425,51.473694],[-0.188379,51.473697],[-0.18835,51.473693],[-0.188063,51.473503],[-0.188041,51.473491],[-0.18802,51.473447],[-0.188016,51.473438],[-0.187954,51.473338],[-0.18795,51.473332],[-0.187943,51.473324],[-0.187931,51.473311],[-0.187905,51.473289],[-0.187836,51.473231],[-0.187849,51.473219],[-0.187807,51.4732],[-0.187793,51.473195],[-0.187781,51.473189],[-0.187769,51.473185],[-0.187732,51.473169],[-0.187701,51.473157]]]}},{"type":"Feature","properties":{"LSOA21CD":"E01001937","LSOA21NM":"Hammersmith and Fulham 025C","MEAN_PTAL_":"2","mean_AI":7.10724832462,"borough":"Hammersmith & Fulham"},"geometry":{"type":"Polygon","coordinates":[[[-0.191591,51.472596],[-0.191444,51.472515],[-0.191432,51.472508],[-0.191149,51.472353],[-0.191091,51.472321],[-0.191082,51.472316],[-0.190983,51.472262],[-0.190772,51.472146],[-0.19076,51.472139],[-0.190679,51.472095],[-0.19066,51.472084],[-0.190615,51.47206],[-0.190599,51.472051],[-0.190521,51.472008],[-0.190467,51.471979],[-0.190427,51.471957],[-0.19042,51.471953],[-0.190352,51.471915],[-0.190335,51.471906],[-0.190314,51.471894],[-0.190278,51.471874],[-0.190213,51.471839],[-0.190137,51.471797],[-0.190149,51.47179],[-0.190145,51.471785],[-0.190162,51.471774],[-0.190169,51.471778],[-0.190457,51.471599],[-0.190463,51.471598],[-0.190484,51.471636],[-0.190499,51.471678],[-0.190502,51.471687],[-0.190532,51.471733],[-0.190534,51.471735],[-0.190595,51.471766],[-0.190601,51.471768],[-0.190666,51.471786],[-0.190768,51.471788],[-0.19079,51.471787],[-0.190854,51.471783],[-0.190888,51.471782],[-0.190893,51.471773],[-0.190897,51.471765],[-0.1909,51.471751],[-0.190902,51.471743],[-0.190902,51.471739],[-0.190931,51.471692],[-0.190933,51.471682],[-0.190948,51.471607],[-0.190942,51.471591],[-0.190935,51.471572],[-0.190934,51.471568],[-0.190934,51.471549],[-0.190931,51.471531],[-0.190928,51.471516],[-0.190928,51.471511],[-0.190924,51.471501],[-0.19092,51.471494],[-0.190918,51.471463],[-0.190911,51.471428],[-0.190908,51.471415],[-0.190906,51.471411],[-0.190897,51.471354],[-0.190898,51.471348],[-0.190896,51.471344],[-0.190874,51.471303],[-0.190876,51.471279],[-0.190874,51.471255],[-0.190873,51.471245],[-0.190859,51.471221],[-0.190855,51.471189],[-0.190853,51.471184],[-0.190851,51.471174],[-0.190849,51.471161],[-0.190854,51.471139],[-0.190846,51.471111],[-0.190835,51.471075],[-0.190833,51.471067],[-0.190834,51.471063],[-0.190827,51.471017],[-0.190823,51.471009],[-0.190816,51.470986],[-0.190817,51.470975],[-0.190816,51.470971],[-0.190799,51.470927],[-0.190797,51.47092],[-0.190793,51.47091],[-0.190794,51.470895],[-0.190794,51.470878],[-0.190787,51.470859],[-0.190783,51.470849],[-0.19078,51.470821],[-0.190781,51.470818],[-0.19078,51.470795],[-0.190763,51.470755],[-0.190762,51.470747],[-0.190759,51.470734],[-0.190765,51.470707],[-0.190762,51.47069],[-0.190755,51.47067],[-0.190752,51.470653],[-0.190753,51.470648],[-0.190749,51.470624],[-0.190738,51.470591],[-0.190736,51.470576],[-0.190726,51.470561],[-0.190711,51.470491],[-0.190707,51.470486],[-0.190715,51.470467],[-0.190728,51.470435],[-0.190736,51.470376],[-0.190724,51.470352],[-0.190714,51.470332],[-0.190656,51.470271],[-0.190641,51.470252],[-0.190631,51.470238],[-0.190609,51.470231],[-0.190669,51.470134],[-0.190686,51.470081],[-0.190669,51.470046],[-0.190634,51.470005],[-0.190609,51.469991],[-0.190606,51.469977],[-0.190604,51.469965],[-0.190605,51.469951],[-0.190597,51.469913],[-0.190601,51.469901],[-0.190591,51.469863],[-0.190591,51.469857],[-0.190591,51.469841],[-0.190585,51.469821],[-0.19059,51.469805],[-0.190583,51.469776],[-0.190577,51.469763],[-0.190565,51.469715],[-0.190556,51.469706],[-0.190545,51.469694],[-0.190546,51.469672],[-0.190546,51.469668],[-0.19054,51.469629],[-0.190513,51.469592],[-0.190509,51.469588],[-0.190499,51.469577],[-0.190488,51.469565],[-0.190475,51.469547],[-0.190472,51.469543],[-0.190468,51.469539],[-0.190461,51.469531],[-0.190436,51.469492],[-0.190434,51.46949],[-0.190387,51.46949],[-0.190371,51.46949],[-0.190313,51.469496],[-0.190302,51.469497],[-0.190234,51.469518],[-0.190173,51.469548],[-0.190157,51.469569],[-0.190151,51.469577],[-0.190143,51.469593],[-0.190111,51.469656],[-0.190095,51.469679],[-0.190048,51.469672],[-0.189977,51.469627],[-0.189783,51.4695],[-0.189777,51.469495],[-0.189801,51.469487],[-0.189817,51.469468],[-0.189857,51.469437],[-0.189861,51.469434],[-0.189908,51.469406],[-0.189989,51.469358],[-0.189994,51.469355],[-0.190092,51.469297],[-0.190164,51.469254],[-0.190173,51.469249],[-0.190108,51.469205],[-0.189989,51.469127],[-0.189873,51.469051],[-0.189852,51.469055],[-0.189818,51.469061],[-0.189807,51.469063],[-0.18973,51.469087],[-0.189726,51.469088],[-0.189719,51.469091],[-0.189707,51.469097],[-0.189641,51.469133],[-0.18959,51.469166],[-0.189584,51.469171],[-0.189581,51.469174],[-0.189569,51.469184],[-0.189559,51.469192],[-0.189532,51.469207],[-0.189519,51.469216],[-0.189506,51.469225],[-0.189502,51.469228],[-0.189489,51.469235],[-0.189451,51.469264],[-0.189413,51.469284],[-0.189401,51.46929],[-0.189396,51.469294],[-0.189361,51.469319],[-0.189335,51.469332],[-0.189318,51.469344],[-0.189315,51.469346],[-0.189306,51.469352],[-0.189268,51.46938],[-0.189261,51.469386],[-0.189254,51.469393],[-0.189237,51.469407],[-0.189205,51.469426],[-0.189196,51.469433],[-0.189186,51.469446],[-0.189139,51.469483],[-0.18913,51.469488],[-0.18912,51.469494],[-0.189109,51.469502],[-0.189094,51.469515],[-0.189067,51.469529],[-0.189036,51.469554],[-0.18902,51.469564],[-0.189009,51.469573],[-0.18899,51.469589],[-0.188978,51.469596],[-0.188961,51.469611],[-0.188908,51.469648],[-0.188868,51.469671],[-0.188862,51.469675],[-0.188842,51.469694],[-0.188821,51.46971],[-0.188807,51.469716],[-0.188777,51.469736],[-0.18876,51.469747],[-0.188733,51.46976],[-0.188724,51.46977],[-0.188717,51.469779],[-0.188677,51.469806],[-0.188661,51.469815],[-0.188645,51.469829],[-0.188636,51.469836],[-0.188603,51.469854],[-0.188565,51.469882],[-0.18856,51.469885],[-0.188556,51.469888],[-0.188523,51.469917],[-0.188503,51.469929],[-0.188485,51.469944],[-0.188439,51.469971],[-0.188426,51.46998],[-0.188404,51.469994],[-0.188389,51.470006],[-0.188348,51.470031],[-0.18834,51.470039],[-0.188297,51.470067],[-0.188284,51.470078],[-0.188264,51.470091],[-0.188253,51.470104],[-0.188195,51.470145],[-0.188166,51.470159],[-0.188157,51.470165],[-0.188148,51.470171],[-0.188102,51.470203],[-0.188065,51.47023],[-0.188042,51.47024],[-0.188006,51.470267],[-0.187955,51.470304],[-0.187846,51.470353],[-0.187843,51.470371],[-0.187748,51.470313],[-0.187571,51.470203],[-0.187561,51.470198],[-0.187523,51.470174],[-0.187567,51.470142],[-0.187627,51.470097],[-0.18769,51.470049],[-0.187758,51.469998],[-0.187841,51.469937],[-0.187846,51.469932],[-0.187857,51.469922],[-0.187864,51.469919],[-0.187882,51.469906],[-0.188001,51.469818],[-0.188052,51.46978],[-0.188176,51.469689],[-0.188256,51.46963],[-0.188311,51.469589],[-0.188403,51.469521],[-0.188484,51.469461],[-0.188532,51.469425],[-0.188536,51.469423],[-0.188604,51.469374],[-0.188704,51.469301],[-0.188721,51.469289],[-0.188777,51.469248],[-0.188863,51.469186],[-0.188938,51.469132],[-0.189,51.469087],[-0.189096,51.469017],[-0.1891,51.469015],[-0.189103,51.469012],[-0.189114,51.469004],[-0.18914,51.468985],[-0.189166,51.468966],[-0.189199,51.468941],[-0.189224,51.468923],[-0.189232,51.468917],[-0.189281,51.46888],[-0.189308,51.46886],[-0.189344,51.468833],[-0.189375,51.46881],[-0.189403,51.468789],[-0.189416,51.468779],[-0.189462,51.468745],[-0.189538,51.468688],[-0.189592,51.468648],[-0.189611,51.468634],[-0.189659,51.468598],[-0.189982,51.468463],[-0.190092,51.468416],[-0.190118,51.468406],[-0.190327,51.468318],[-0.190474,51.468262],[-0.190511,51.468248],[-0.190508,51.468242],[-0.190805,51.468119],[-0.190846,51.468103],[-0.190916,51.468074],[-0.19092,51.468072],[-0.190916,51.468064],[-0.19078,51.467857],[-0.190748,51.467799],[-0.190789,51.467802],[-0.19088,51.467797],[-0.190912,51.467787],[-0.191004,51.467735],[-0.191071,51.467643],[-0.191074,51.467638],[-0.191075,51.467634],[-0.191092,51.46758],[-0.191094,51.467573],[-0.191174,51.467583],[-0.191226,51.467593],[-0.191289,51.4676],[-0.191329,51.467598],[-0.191418,51.467582],[-0.191469,51.467549],[-0.191512,51.467501],[-0.19152,51.467472],[-0.191525,51.467462],[-0.191526,51.467458],[-0.191535,51.467445],[-0.191653,51.467452],[-0.191694,51.467446],[-0.191764,51.467426],[-0.191813,51.467392],[-0.191911,51.467296],[-0.191918,51.467298],[-0.191929,51.467298],[-0.192096,51.467288],[-0.192156,51.467278],[-0.192211,51.467252],[-0.192261,51.467215],[-0.192295,51.467159],[-0.192312,51.467114],[-0.19232,51.467102],[-0.192341,51.467041],[-0.192378,51.466974],[-0.192405,51.466935],[-0.192469,51.46686],[-0.192582,51.466902],[-0.192595,51.466906],[-0.192908,51.467259],[-0.192913,51.467264],[-0.193251,51.467128],[-0.193471,51.467039],[-0.19348,51.467035],[-0.193566,51.467],[-0.193581,51.466994],[-0.19366,51.467053],[-0.193706,51.467088],[-0.193771,51.467136],[-0.193776,51.46714],[-0.193837,51.467185],[-0.193885,51.467221],[-0.193889,51.467224],[-0.193979,51.467293],[-0.193998,51.467308],[-0.194254,51.467505],[-0.194294,51.467536],[-0.194327,51.467519],[-0.194344,51.46751],[-0.19457,51.467395],[-0.194603,51.467377],[-0.194611,51.467376],[-0.194627,51.467373],[-0.194636,51.467371],[-0.194661,51.467369],[-0.194731,51.467446],[-0.19484,51.467511],[-0.194942,51.467545],[-0.19503,51.467562],[-0.19515,51.467573],[-0.195198,51.467574],[-0.195205,51.467574],[-0.195267,51.46758],[-0.195316,51.46758],[-0.195394,51.467585],[-0.195441,51.467587],[-0.195483,51.467588],[-0.195545,51.467591],[-0.19555,51.467591],[-0.195603,51.467593],[-0.195716,51.467602],[-0.195734,51.467604],[-0.195754,51.467606],[-0.195773,51.467608],[-0.195789,51.467686],[-0.195828,51.467809],[-0.195924,51.467934],[-0.195997,51.468009],[-0.196118,51.468101],[-0.196135,51.468112],[-0.196137,51.468166],[-0.196132,51.468212],[-0.196126,51.468267],[-0.196118,51.468283],[-0.196115,51.468293],[-0.196091,51.468389],[-0.196113,51.468484],[-0.196188,51.468571],[-0.196369,51.468664],[-0.196373,51.468667],[-0.196065,51.468829],[-0.196028,51.468849],[-0.196043,51.468859],[-0.1962,51.468971],[-0.196223,51.468988],[-0.19635,51.469078],[-0.196364,51.469088],[-0.196698,51.46938],[-0.196829,51.469512],[-0.196832,51.469515],[-0.197017,51.4697],[-0.197251,51.469955],[-0.197272,51.469974],[-0.197139,51.470027],[-0.19705,51.470062],[-0.197036,51.470068],[-0.196952,51.470101],[-0.196945,51.470104],[-0.196887,51.470127],[-0.196878,51.47013],[-0.196845,51.470143],[-0.19683,51.47015],[-0.19677,51.470173],[-0.196747,51.470182],[-0.196675,51.470211],[-0.196611,51.470236],[-0.196606,51.470238],[-0.196568,51.470253],[-0.196556,51.470258],[-0.19648,51.470288],[-0.19647,51.470292],[-0.19639,51.470323],[-0.196383,51.470326],[-0.196373,51.47033],[-0.196352,51.470338],[-0.196345,51.470341],[-0.196334,51.470346],[-0.196283,51.470366],[-0.196279,51.470368],[-0.196218,51.470393],[-0.19621,51.470396],[-0.196115,51.470435],[-0.195709,51.4706],[-0.195663,51.470619],[-0.195624,51.470645],[-0.195548,51.470695],[-0.19549,51.470734],[-0.195182,51.470938],[-0.195074,51.47101],[-0.195039,51.471033],[-0.194901,51.471081],[-0.194892,51.471084],[-0.194862,51.471094],[-0.194815,51.47111],[-0.194808,51.471113],[-0.194771,51.471126],[-0.194731,51.47114],[-0.194725,51.471142],[-0.194708,51.471147],[-0.194699,51.47115],[-0.194695,51.471152],[-0.194633,51.471173],[-0.194614,51.47118],[-0.194589,51.471189],[-0.194555,51.4712],[-0.194543,51.471204],[-0.194504,51.471218],[-0.194469,51.47123],[-0.194457,51.471234],[-0.194432,51.471243],[-0.194427,51.471244],[-0.19441,51.47125],[-0.194352,51.47127],[-0.194307,51.471283],[-0.194272,51.471294],[-0.194259,51.471297],[-0.194221,51.471309],[-0.194161,51.471326],[-0.19414,51.471333],[-0.194121,51.471338],[-0.194086,51.471348],[-0.194023,51.471367],[-0.194017,51.471368],[-0.194008,51.471371],[-0.193997,51.471374],[-0.193989,51.471377],[-0.193978,51.47138],[-0.193936,51.471392],[-0.193923,51.471396],[-0.193898,51.471403],[-0.193766,51.471442],[-0.193749,51.471447],[-0.193741,51.471449],[-0.193735,51.471451],[-0.193729,51.471453],[-0.193701,51.471461],[-0.193633,51.471481],[-0.193571,51.471499],[-0.193553,51.471504],[-0.193546,51.471507],[-0.193523,51.471513],[-0.193511,51.471517],[-0.193503,51.471519],[-0.193499,51.47152],[-0.193384,51.471554],[-0.193378,51.471556],[-0.193356,51.471562],[-0.193346,51.471565],[-0.193342,51.471566],[-0.193255,51.471592],[-0.193217,51.471603],[-0.193211,51.471604],[-0.193206,51.471605],[-0.193181,51.471611],[-0.193146,51.471619],[-0.193031,51.471644],[-0.193027,51.471645],[-0.193013,51.471647],[-0.192995,51.471651],[-0.19288,51.471677],[-0.192854,51.471682],[-0.19284,51.471685],[-0.192823,51.471689],[-0.192799,51.471694],[-0.192761,51.471702],[-0.192691,51.471718],[-0.192619,51.471733],[-0.192555,51.471747],[-0.192543,51.47175],[-0.192504,51.471758],[-0.192496,51.47176],[-0.192423,51.471776],[-0.192409,51.471779],[-0.192344,51.471793],[-0.192335,51.471795],[-0.19228,51.471807],[-0.192228,51.471818],[-0.192148,51.471836],[-0.192135,51.471839],[-0.192104,51.471846],[-0.192017,51.471864],[-0.192007,51.471867],[-0.191899,51.47189],[-0.191863,51.471896],[-0.19185,51.471898],[-0.191537,51.471947],[-0.19149,51.471954],[-0.191463,51.471959],[-0.191465,51.471967],[-0.19147,51.471991],[-0.191474,51.472006],[-0.191476,51.472016],[-0.191481,51.472041],[-0.191492,51.472092],[-0.191497,51.472115],[-0.191499,51.472124],[-0.191503,51.47214],[-0.191504,51.472143],[-0.191506,51.472153],[-0.191509,51.472169],[-0.191514,51.472189],[-0.19152,51.472217],[-0.191529,51.472259],[-0.19153,51.472265],[-0.191537,51.472298],[-0.19154,51.47231],[-0.191577,51.47248],[-0.191584,51.472505],[-0.191609,51.472593],[-0.191601,51.472589],[-0.191591,51.472596]]]}},{"type":"Feature","properties":{"LSOA21CD":"E01001940","LSOA21NM":"Hammersmith and Fulham 005B","MEAN_PTAL_":"5","mean_AI":20.246724024,"borough":"Hammersmith & Fulham"},"geometry":{"type":"Polygon","coordinates":[[[-0.230472,51.504382],[-0.230376,51.504331],[-0.230235,51.504352],[-0.23016,51.504363],[-0.230153,51.50421],[-0.230152,51.504184],[-0.230138,51.504184],[-0.230079,51.504187],[-0.229923,51.504196],[-0.229792,51.504203],[-0.229608,51.504214],[-0.229584,51.504211],[-0.229351,51.504224],[-0.229315,51.504229],[-0.229308,51.504231],[-0.229271,51.504233],[-0.229213,51.504237],[-0.229217,51.504264],[-0.229205,51.504268],[-0.229046,51.504349],[-0.228888,51.503782],[-0.228871,51.503781],[-0.228667,51.503788],[-0.22864,51.503791],[-0.22848,51.503681],[-0.228276,51.503541],[-0.228289,51.503382],[-0.228325,51.503326],[-0.228323,51.503323],[-0.228289,51.503285],[-0.228264,51.503257],[-0.22824,51.503209],[-0.228098,51.503203],[-0.227774,51.503189],[-0.227766,51.503188],[-0.227761,51.503136],[-0.227751,51.503035],[-0.227748,51.503001],[-0.227746,51.502888],[-0.227745,51.502852],[-0.227738,51.50254],[-0.227732,51.502539],[-0.227623,51.502518],[-0.227515,51.502509],[-0.227509,51.50251],[-0.227415,51.502534],[-0.227238,51.502631],[-0.227209,51.502647],[-0.227192,51.502653],[-0.227112,51.502681],[-0.227032,51.502708],[-0.226862,51.502767],[-0.226782,51.50279],[-0.226605,51.502825],[-0.226604,51.502714],[-0.226594,51.502661],[-0.226582,51.502596],[-0.226502,51.502433],[-0.226747,51.502391],[-0.226759,51.502389],[-0.22683,51.502375],[-0.226905,51.502361],[-0.227095,51.502326],[-0.227187,51.502309],[-0.227228,51.502302],[-0.227287,51.502291],[-0.227304,51.502287],[-0.227457,51.502259],[-0.227482,51.502255],[-0.227502,51.502251],[-0.227547,51.502243],[-0.227583,51.502236],[-0.227604,51.502232],[-0.227639,51.502226],[-0.227644,51.502225],[-0.227653,51.502223],[-0.227688,51.502216],[-0.227693,51.502216],[-0.227735,51.502208],[-0.227882,51.50218],[-0.227929,51.502172],[-0.227937,51.50217],[-0.227983,51.502162],[-0.228005,51.502158],[-0.228024,51.502154],[-0.228164,51.502128],[-0.228262,51.50211],[-0.228333,51.502097],[-0.228346,51.502094],[-0.228434,51.502078],[-0.22844,51.502077],[-0.22848,51.50207],[-0.228844,51.502002],[-0.228894,51.501993],[-0.228955,51.501982],[-0.229012,51.501971],[-0.229055,51.501963],[-0.229236,51.50193],[-0.229405,51.501896],[-0.229423,51.501893],[-0.22957,51.501864],[-0.22961,51.501856],[-0.229631,51.501851],[-0.229708,51.501836],[-0.229804,51.501817],[-0.229829,51.501812],[-0.229894,51.501799],[-0.230025,51.501773],[-0.230042,51.50177],[-0.230101,51.501759],[-0.230139,51.501751],[-0.230225,51.501734],[-0.230244,51.50173],[-0.230332,51.501713],[-0.230423,51.501695],[-0.230526,51.501674],[-0.230694,51.501641],[-0.230727,51.501634],[-0.230748,51.50163],[-0.230801,51.50162],[-0.230874,51.501605],[-0.230916,51.501597],[-0.230998,51.501581],[-0.231014,51.501578],[-0.231038,51.501573],[-0.231166,51.501548],[-0.231286,51.501524],[-0.23134,51.501513],[-0.231354,51.50151],[-0.231466,51.501488],[-0.231552,51.501471],[-0.231718,51.501438],[-0.23173,51.501436],[-0.231797,51.501423],[-0.231839,51.501414],[-0.231883,51.501406],[-0.231914,51.501396],[-0.23199,51.50137],[-0.232051,51.501351],[-0.232112,51.50133],[-0.232173,51.50131],[-0.232199,51.501302],[-0.232242,51.501288],[-0.232331,51.501258],[-0.232401,51.501236],[-0.232447,51.501296],[-0.232486,51.501347],[-0.232528,51.501402],[-0.232615,51.501516],[-0.232679,51.5016],[-0.232683,51.501606],[-0.232444,51.501667],[-0.232298,51.501704],[-0.232306,51.501725],[-0.232334,51.501798],[-0.232343,51.501823],[-0.232354,51.50185],[-0.232382,51.501925],[-0.23241,51.501997],[-0.232423,51.502031],[-0.232443,51.502085],[-0.232445,51.502088],[-0.23245,51.502101],[-0.232489,51.502203],[-0.232491,51.50221],[-0.232511,51.502262],[-0.232519,51.502283],[-0.232532,51.502317],[-0.232542,51.502343],[-0.232555,51.502378],[-0.232573,51.502423],[-0.232595,51.502482],[-0.232598,51.502489],[-0.232599,51.502492],[-0.232618,51.502542],[-0.23262,51.502546],[-0.232621,51.502551],[-0.232634,51.502585],[-0.232651,51.502629],[-0.232677,51.502695],[-0.232692,51.502736],[-0.232696,51.502747],[-0.23271,51.502782],[-0.232727,51.502822],[-0.23273,51.502828],[-0.232733,51.502834],[-0.232356,51.502893],[-0.23232,51.502899],[-0.232302,51.502902],[-0.232238,51.502912],[-0.231898,51.502968],[-0.2319,51.502972],[-0.231882,51.502994],[-0.231932,51.503084],[-0.231931,51.503105],[-0.231962,51.50318],[-0.231963,51.503184],[-0.231984,51.503227],[-0.231986,51.503232],[-0.232004,51.503272],[-0.23201,51.503286],[-0.232011,51.503312],[-0.232022,51.503336],[-0.232022,51.503345],[-0.232021,51.503369],[-0.232043,51.503405],[-0.23205,51.503417],[-0.23205,51.50342],[-0.232055,51.503446],[-0.232062,51.503455],[-0.232067,51.503478],[-0.232077,51.503518],[-0.232091,51.50354],[-0.2321,51.503571],[-0.232153,51.503636],[-0.232168,51.503647],[-0.232265,51.503725],[-0.232294,51.503734],[-0.232272,51.503761],[-0.232243,51.503796],[-0.232186,51.503843],[-0.232127,51.503873],[-0.232123,51.503878],[-0.232106,51.503896],[-0.232062,51.50392],[-0.232049,51.503927],[-0.232067,51.504062],[-0.231914,51.504071],[-0.231806,51.504077],[-0.231793,51.504077],[-0.231784,51.504087],[-0.231397,51.504114],[-0.231399,51.504108],[-0.231422,51.50399],[-0.231414,51.503968],[-0.231401,51.503931],[-0.231326,51.503871],[-0.231309,51.503862],[-0.231252,51.503908],[-0.231202,51.503932],[-0.231132,51.50394],[-0.231107,51.503973],[-0.230994,51.504122],[-0.230957,51.504124],[-0.230948,51.504125],[-0.230938,51.504126],[-0.23094,51.504131],[-0.230929,51.504134],[-0.230759,51.504155],[-0.230701,51.504162],[-0.230541,51.504181],[-0.230576,51.504312],[-0.230561,51.50439],[-0.230551,51.504406],[-0.230472,51.504382]]]}},{"type":"Feature","properties":{"LSOA21CD":"E01001941","LSOA21NM":"Hammersmith and Fulham 005C","MEAN_PTAL_":"6a","mean_AI":33.2338517796,"borough":"Hammersmith & Fulham"},"geometry":{"type":"Polygon","coordinates":[[[-0.228038,51.506108],[-0.228017,51.506106],[-0.227959,51.506112],[-0.227927,51.506118],[-0.227908,51.506122],[-0.227895,51.506125],[-0.227883,51.506134],[-0.227676,51.506105],[-0.227451,51.506139],[-0.227429,51.506093],[-0.227427,51.506074],[-0.227423,51.506049],[-0.227432,51.506001],[-0.22741,51.505992],[-0.227268,51.505891],[-0.227166,51.505895],[-0.227034,51.505928],[-0.227022,51.505931],[-0.226998,51.505937],[-0.226984,51.50594],[-0.226979,51.505932],[-0.226923,51.5059],[-0.226809,51.50581],[-0.226788,51.505804],[-0.2266,51.505789],[-0.226442,51.505864],[-0.226361,51.505892],[-0.226308,51.505911],[-0.226285,51.505918],[-0.226153,51.505764],[-0.22614,51.505748],[-0.226105,51.50574],[-0.225938,51.505702],[-0.225874,51.505698],[-0.225848,51.505678],[-0.225837,51.505666],[-0.225774,51.50562],[-0.225764,51.505611],[-0.225747,51.505594],[-0.225581,51.505511],[-0.225344,51.505556],[-0.225341,51.505551],[-0.22531,51.505485],[-0.225283,51.505428],[-0.225054,51.505463],[-0.22504,51.505466],[-0.224956,51.505388],[-0.224812,51.505408],[-0.224707,51.505423],[-0.224674,51.505428],[-0.224657,51.50543],[-0.22471,51.505167],[-0.224711,51.505132],[-0.224716,51.505023],[-0.224717,51.504996],[-0.224675,51.504905],[-0.224683,51.50488],[-0.224637,51.504824],[-0.224585,51.504699],[-0.224541,51.504626],[-0.224194,51.504051],[-0.224134,51.503952],[-0.224078,51.50386],[-0.223921,51.503599],[-0.223839,51.50349],[-0.223745,51.5033],[-0.223746,51.503289],[-0.223773,51.503198],[-0.223778,51.503192],[-0.223783,51.50318],[-0.223801,51.503167],[-0.223845,51.503132],[-0.224,51.50308],[-0.224028,51.50307],[-0.224235,51.50298],[-0.224331,51.502937],[-0.224365,51.502922],[-0.224379,51.502923],[-0.224445,51.502903],[-0.22461,51.502853],[-0.224788,51.502799],[-0.22489,51.502769],[-0.2249,51.502766],[-0.224954,51.502752],[-0.225005,51.502739],[-0.225022,51.502735],[-0.225048,51.502721],[-0.225122,51.502708],[-0.22511,51.502689],[-0.224998,51.502516],[-0.224919,51.502393],[-0.224751,51.502525],[-0.224622,51.502557],[-0.224593,51.502556],[-0.224498,51.502552],[-0.224481,51.502549],[-0.224462,51.502567],[-0.224427,51.502622],[-0.224124,51.502804],[-0.224125,51.502812],[-0.224096,51.502814],[-0.223682,51.50285],[-0.223639,51.502843],[-0.223626,51.502841],[-0.223619,51.502833],[-0.223612,51.502834],[-0.2236,51.502837],[-0.223568,51.502845],[-0.223559,51.502831],[-0.223554,51.502822],[-0.223547,51.502811],[-0.223543,51.502804],[-0.22351,51.50275],[-0.223465,51.502677],[-0.223452,51.502653],[-0.223821,51.502563],[-0.223798,51.502527],[-0.223779,51.502497],[-0.223865,51.502475],[-0.223882,51.502471],[-0.223986,51.502444],[-0.223961,51.502405],[-0.223909,51.502325],[-0.223966,51.502306],[-0.224017,51.50229],[-0.224079,51.502273],[-0.223995,51.502118],[-0.223991,51.502111],[-0.224049,51.502098],[-0.224026,51.502066],[-0.224089,51.502049],[-0.224098,51.502047],[-0.224106,51.502045],[-0.224119,51.502041],[-0.224133,51.502038],[-0.224193,51.502022],[-0.224221,51.502015],[-0.22424,51.50201],[-0.224252,51.502007],[-0.224303,51.501994],[-0.224312,51.501991],[-0.224333,51.501986],[-0.224367,51.501977],[-0.224401,51.501968],[-0.224424,51.501962],[-0.224447,51.501956],[-0.224452,51.501955],[-0.224465,51.501952],[-0.224472,51.50195],[-0.224538,51.501933],[-0.224563,51.501926],[-0.224571,51.501924],[-0.224623,51.501911],[-0.224636,51.501907],[-0.22475,51.501877],[-0.22476,51.501875],[-0.22477,51.501872],[-0.224851,51.501851],[-0.224908,51.501833],[-0.224916,51.501831],[-0.224937,51.501825],[-0.224868,51.501731],[-0.224853,51.501711],[-0.224852,51.501698],[-0.22485,51.501656],[-0.224937,51.501645],[-0.224936,51.501609],[-0.22498,51.501592],[-0.224989,51.501586],[-0.225015,51.501568],[-0.225132,51.501488],[-0.225315,51.501486],[-0.225446,51.501484],[-0.225452,51.501479],[-0.22548,51.50146],[-0.225495,51.501448],[-0.225528,51.501426],[-0.225545,51.501413],[-0.225582,51.501387],[-0.225636,51.501349],[-0.225643,51.501344],[-0.225655,51.501335],[-0.225743,51.501273],[-0.225751,51.501268],[-0.225779,51.501247],[-0.225784,51.501244],[-0.225821,51.501218],[-0.225838,51.501206],[-0.225933,51.501139],[-0.226095,51.501229],[-0.226282,51.501232],[-0.226536,51.501237],[-0.226542,51.501264],[-0.226552,51.501309],[-0.226564,51.501361],[-0.226579,51.501431],[-0.226581,51.501439],[-0.226589,51.501476],[-0.226593,51.501495],[-0.226596,51.501515],[-0.2266,51.501541],[-0.226604,51.50156],[-0.226615,51.501625],[-0.226637,51.501751],[-0.226637,51.501755],[-0.226644,51.501793],[-0.226648,51.501816],[-0.226654,51.501853],[-0.226657,51.501868],[-0.226686,51.502037],[-0.226688,51.502047],[-0.226713,51.502189],[-0.226746,51.502385],[-0.226747,51.502391],[-0.226502,51.502433],[-0.226582,51.502596],[-0.226594,51.502661],[-0.226604,51.502714],[-0.226605,51.502825],[-0.226782,51.50279],[-0.226862,51.502767],[-0.227032,51.502708],[-0.227112,51.502681],[-0.227192,51.502653],[-0.227209,51.502647],[-0.227238,51.502631],[-0.227415,51.502534],[-0.227509,51.50251],[-0.227515,51.502509],[-0.227623,51.502518],[-0.227732,51.502539],[-0.227738,51.50254],[-0.227745,51.502852],[-0.227746,51.502888],[-0.227748,51.503001],[-0.227751,51.503035],[-0.227761,51.503136],[-0.227766,51.503188],[-0.227774,51.503189],[-0.228098,51.503203],[-0.22824,51.503209],[-0.228264,51.503257],[-0.228289,51.503285],[-0.228323,51.503323],[-0.228325,51.503326],[-0.228289,51.503382],[-0.228276,51.503541],[-0.22848,51.503681],[-0.22864,51.503791],[-0.228667,51.503788],[-0.228871,51.503781],[-0.228888,51.503782],[-0.229046,51.504349],[-0.229205,51.504268],[-0.229217,51.504264],[-0.229213,51.504237],[-0.229271,51.504233],[-0.229308,51.504231],[-0.229315,51.504229],[-0.229351,51.504224],[-0.229584,51.504211],[-0.229608,51.504214],[-0.229619,51.504215],[-0.229681,51.50423],[-0.229686,51.504317],[-0.229677,51.50437],[-0.229684,51.50442],[-0.229687,51.504427],[-0.229683,51.50446],[-0.22969,51.504495],[-0.229689,51.504498],[-0.229693,51.504533],[-0.229689,51.50456],[-0.229706,51.504601],[-0.229708,51.504625],[-0.229703,51.50465],[-0.229708,51.504681],[-0.229707,51.504686],[-0.229713,51.504738],[-0.229727,51.504768],[-0.229727,51.504775],[-0.229723,51.504791],[-0.229721,51.5048],[-0.229725,51.504844],[-0.229734,51.504864],[-0.229733,51.504912],[-0.229741,51.504932],[-0.229741,51.504942],[-0.229746,51.505007],[-0.229733,51.505044],[-0.229736,51.505069],[-0.229758,51.505123],[-0.229757,51.505133],[-0.229759,51.505146],[-0.229758,51.505153],[-0.229774,51.505217],[-0.229771,51.505242],[-0.229774,51.505255],[-0.229773,51.505277],[-0.229761,51.505316],[-0.229758,51.505332],[-0.229769,51.505399],[-0.229814,51.505478],[-0.229818,51.505482],[-0.229803,51.505503],[-0.229789,51.505621],[-0.229806,51.505682],[-0.229804,51.505737],[-0.229593,51.505754],[-0.229351,51.505774],[-0.229369,51.505974],[-0.229372,51.506008],[-0.229374,51.506029],[-0.230155,51.506122],[-0.230178,51.506125],[-0.230192,51.506122],[-0.230208,51.506128],[-0.230283,51.506137],[-0.230321,51.506142],[-0.230708,51.506184],[-0.230694,51.50624],[-0.23061,51.506558],[-0.23059,51.506558],[-0.230542,51.506514],[-0.230203,51.506486],[-0.230024,51.506502],[-0.230017,51.506504],[-0.230005,51.506508],[-0.22991,51.506472],[-0.229816,51.506436],[-0.229763,51.506425],[-0.229589,51.506422],[-0.229581,51.506373],[-0.229418,51.50615],[-0.229347,51.506053],[-0.229265,51.50605],[-0.229157,51.506045],[-0.229128,51.506044],[-0.229126,51.506106],[-0.229125,51.506132],[-0.229114,51.506426],[-0.229109,51.506549],[-0.229108,51.506573],[-0.229094,51.506573],[-0.228812,51.506567],[-0.228689,51.506562],[-0.228588,51.506413],[-0.228494,51.506403],[-0.228462,51.506375],[-0.228449,51.506364],[-0.22842,51.506361],[-0.228281,51.506344],[-0.228282,51.506327],[-0.228287,51.506181],[-0.228257,51.506151],[-0.228252,51.506146],[-0.228075,51.506111],[-0.228038,51.506108]]]}},{"type":"Feature","properties":{"LSOA21CD":"E01001942","LSOA21NM":"Hammersmith and Fulham 005D","MEAN_PTAL_":"4","mean_AI":18.1662503336,"borough":"Hammersmith & Fulham"},"geometry":{"type":"Polygon","coordinates":[[[-0.232688,51.50677],[-0.232691,51.506699],[-0.232672,51.506716],[-0.232661,51.506708],[-0.232648,51.506699],[-0.232627,51.506685],[-0.232502,51.5066],[-0.232384,51.506614],[-0.232322,51.506637],[-0.23224,51.506661],[-0.23221,51.506639],[-0.232207,51.506634],[-0.232101,51.506556],[-0.232042,51.506561],[-0.231831,51.506579],[-0.231802,51.506581],[-0.231792,51.506624],[-0.231781,51.506647],[-0.231771,51.506667],[-0.231254,51.506638],[-0.231189,51.506662],[-0.231133,51.50663],[-0.231062,51.506589],[-0.231055,51.506586],[-0.230976,51.506566],[-0.23091,51.506558],[-0.23061,51.506558],[-0.230694,51.50624],[-0.230708,51.506184],[-0.230321,51.506142],[-0.230283,51.506137],[-0.230208,51.506128],[-0.230192,51.506122],[-0.230178,51.506125],[-0.230155,51.506122],[-0.229374,51.506029],[-0.229372,51.506008],[-0.229369,51.505974],[-0.229351,51.505774],[-0.229593,51.505754],[-0.229804,51.505737],[-0.229806,51.505682],[-0.229789,51.505621],[-0.229803,51.505503],[-0.229818,51.505482],[-0.229814,51.505478],[-0.229769,51.505399],[-0.229758,51.505332],[-0.229761,51.505316],[-0.229773,51.505277],[-0.229774,51.505255],[-0.229771,51.505242],[-0.229774,51.505217],[-0.229758,51.505153],[-0.229759,51.505146],[-0.229757,51.505133],[-0.229758,51.505123],[-0.229736,51.505069],[-0.229733,51.505044],[-0.229746,51.505007],[-0.229741,51.504942],[-0.229741,51.504932],[-0.229733,51.504912],[-0.229734,51.504864],[-0.229725,51.504844],[-0.229721,51.5048],[-0.229723,51.504791],[-0.229727,51.504775],[-0.229727,51.504768],[-0.229713,51.504738],[-0.229707,51.504686],[-0.229708,51.504681],[-0.229703,51.50465],[-0.229708,51.504625],[-0.229706,51.504601],[-0.229689,51.50456],[-0.229693,51.504533],[-0.229689,51.504498],[-0.22969,51.504495],[-0.229683,51.50446],[-0.229687,51.504427],[-0.229684,51.50442],[-0.229677,51.50437],[-0.229686,51.504317],[-0.229681,51.50423],[-0.229619,51.504215],[-0.229608,51.504214],[-0.229792,51.504203],[-0.229923,51.504196],[-0.230079,51.504187],[-0.230138,51.504184],[-0.230152,51.504184],[-0.230153,51.50421],[-0.23016,51.504363],[-0.230235,51.504352],[-0.230376,51.504331],[-0.230472,51.504382],[-0.230551,51.504406],[-0.230561,51.50439],[-0.230576,51.504312],[-0.230541,51.504181],[-0.230701,51.504162],[-0.230759,51.504155],[-0.230929,51.504134],[-0.23094,51.504131],[-0.230938,51.504126],[-0.230948,51.504125],[-0.230957,51.504124],[-0.230994,51.504122],[-0.231107,51.503973],[-0.231132,51.50394],[-0.231202,51.503932],[-0.231252,51.503908],[-0.231309,51.503862],[-0.231326,51.503871],[-0.231401,51.503931],[-0.231414,51.503968],[-0.231422,51.50399],[-0.231399,51.504108],[-0.231397,51.504114],[-0.231784,51.504087],[-0.231793,51.504077],[-0.231806,51.504077],[-0.231914,51.504071],[-0.232067,51.504062],[-0.232049,51.503927],[-0.232062,51.50392],[-0.232106,51.503896],[-0.232123,51.503878],[-0.232127,51.503873],[-0.232186,51.503843],[-0.232243,51.503796],[-0.232272,51.503761],[-0.232294,51.503734],[-0.232265,51.503725],[-0.232168,51.503647],[-0.232153,51.503636],[-0.2321,51.503571],[-0.232091,51.50354],[-0.232077,51.503518],[-0.232067,51.503478],[-0.232062,51.503455],[-0.232055,51.503446],[-0.23205,51.50342],[-0.23205,51.503417],[-0.232043,51.503405],[-0.232021,51.503369],[-0.232022,51.503345],[-0.232022,51.503336],[-0.232011,51.503312],[-0.23201,51.503286],[-0.232004,51.503272],[-0.231986,51.503232],[-0.231984,51.503227],[-0.231963,51.503184],[-0.231962,51.50318],[-0.231931,51.503105],[-0.231932,51.503084],[-0.231882,51.502994],[-0.2319,51.502972],[-0.231898,51.502968],[-0.232238,51.502912],[-0.232302,51.502902],[-0.23232,51.502899],[-0.232356,51.502893],[-0.232733,51.502834],[-0.232768,51.502915],[-0.232774,51.502932],[-0.232777,51.502941],[-0.232792,51.502984],[-0.232805,51.503021],[-0.23281,51.503037],[-0.232826,51.503082],[-0.232843,51.50313],[-0.232849,51.503147],[-0.232851,51.503152],[-0.232862,51.503183],[-0.232877,51.503226],[-0.23288,51.503235],[-0.232881,51.503239],[-0.232891,51.503266],[-0.232911,51.503324],[-0.232914,51.503331],[-0.232916,51.503337],[-0.232924,51.503362],[-0.232925,51.503365],[-0.23293,51.503379],[-0.232937,51.503398],[-0.232954,51.503448],[-0.232966,51.503482],[-0.232971,51.503494],[-0.232974,51.503505],[-0.232993,51.503559],[-0.233002,51.503584],[-0.233009,51.503603],[-0.233011,51.50361],[-0.233031,51.503667],[-0.23304,51.503693],[-0.233042,51.503698],[-0.233044,51.503704],[-0.233046,51.50371],[-0.233068,51.503772],[-0.233073,51.503788],[-0.233078,51.5038],[-0.233089,51.503831],[-0.233097,51.503856],[-0.233112,51.503898],[-0.233132,51.503954],[-0.233136,51.503965],[-0.233143,51.50399],[-0.233156,51.504036],[-0.233158,51.504043],[-0.233269,51.504048],[-0.233271,51.504065],[-0.233279,51.504122],[-0.233285,51.504182],[-0.233289,51.504215],[-0.23329,51.50422],[-0.233295,51.504264],[-0.233299,51.504301],[-0.233299,51.504305],[-0.233316,51.504447],[-0.233561,51.504378],[-0.233679,51.504345],[-0.233778,51.504579],[-0.233803,51.50464],[-0.233815,51.504668],[-0.233842,51.504732],[-0.233856,51.504765],[-0.233873,51.504805],[-0.233911,51.504894],[-0.233919,51.504928],[-0.23394,51.505009],[-0.233944,51.505027],[-0.233968,51.505119],[-0.233983,51.50518],[-0.233994,51.505223],[-0.234016,51.50531],[-0.234023,51.505335],[-0.234033,51.505375],[-0.234047,51.505431],[-0.234055,51.505461],[-0.234062,51.505489],[-0.234064,51.505496],[-0.234079,51.505556],[-0.234082,51.505567],[-0.234102,51.505647],[-0.234128,51.505747],[-0.234136,51.505779],[-0.234145,51.505815],[-0.234153,51.505848],[-0.234166,51.505899],[-0.234198,51.506022],[-0.234209,51.506066],[-0.234225,51.506127],[-0.234259,51.506393],[-0.234261,51.506406],[-0.234266,51.506446],[-0.23427,51.506479],[-0.234305,51.506475],[-0.234394,51.506464],[-0.234512,51.506451],[-0.23456,51.506445],[-0.234569,51.506444],[-0.234568,51.506484],[-0.234567,51.506559],[-0.234566,51.506667],[-0.234565,51.506817],[-0.234565,51.506829],[-0.234564,51.506906],[-0.234533,51.506905],[-0.234529,51.506904],[-0.234061,51.506857],[-0.234055,51.506856],[-0.234063,51.506788],[-0.234064,51.506783],[-0.23404,51.506773],[-0.233905,51.506735],[-0.233843,51.50673],[-0.233762,51.506738],[-0.233668,51.506764],[-0.233611,51.506789],[-0.233598,51.506795],[-0.23357,51.506771],[-0.233547,51.506759],[-0.233499,51.506731],[-0.233445,51.506712],[-0.233327,51.506691],[-0.233156,51.506752],[-0.233127,51.506763],[-0.233125,51.506788],[-0.233129,51.506809],[-0.233135,51.506838],[-0.233125,51.506877],[-0.233124,51.506885],[-0.233124,51.506892],[-0.233124,51.506897],[-0.233136,51.506945],[-0.233125,51.50698],[-0.233125,51.506989],[-0.23312,51.507],[-0.233109,51.507026],[-0.233101,51.507061],[-0.233098,51.507076],[-0.2331,51.507094],[-0.233102,51.507101],[-0.233099,51.507122],[-0.233095,51.50715],[-0.2331,51.507171],[-0.233101,51.5072],[-0.233101,51.507203],[-0.233098,51.507212],[-0.233092,51.507245],[-0.233092,51.507247],[-0.233099,51.507281],[-0.233099,51.507293],[-0.233103,51.507309],[-0.233098,51.507339],[-0.233095,51.507352],[-0.233097,51.507363],[-0.233097,51.507383],[-0.233102,51.507402],[-0.233101,51.507411],[-0.233097,51.50744],[-0.233095,51.507494],[-0.233094,51.507497],[-0.233102,51.507541],[-0.233104,51.507547],[-0.233103,51.507555],[-0.233112,51.507595],[-0.233013,51.507648],[-0.232941,51.507663],[-0.232897,51.507666],[-0.232889,51.507664],[-0.232722,51.507594],[-0.232717,51.507592],[-0.232682,51.507582],[-0.232676,51.507578],[-0.232658,51.507563],[-0.232662,51.507447],[-0.232664,51.507405],[-0.232667,51.507333],[-0.232668,51.507288],[-0.23267,51.507238],[-0.232672,51.507193],[-0.232674,51.50714],[-0.232677,51.507054],[-0.232681,51.506969],[-0.232682,51.50694],[-0.232685,51.50687],[-0.232687,51.506803],[-0.232688,51.50677]]]}},{"type":"Feature","properties":{"LSOA21CD":"E01001945","LSOA21NM":"Hammersmith and Fulham 004C","MEAN_PTAL_":"3","mean_AI":14.781866412,"borough":"Hammersmith & Fulham"},"geometry":{"type":"Polygon","coordinates":[[[-0.231025,51.508419],[-0.231018,51.508419],[-0.230996,51.508418],[-0.230992,51.508426],[-0.230478,51.50841],[-0.230459,51.50841],[-0.230455,51.50841],[-0.230449,51.508409],[-0.230006,51.508389],[-0.229999,51.508393],[-0.22994,51.508391],[-0.229836,51.508388],[-0.229643,51.508381],[-0.2296,51.508379],[-0.229602,51.508328],[-0.229616,51.507955],[-0.229618,51.507921],[-0.229606,51.507921],[-0.229339,51.507917],[-0.229056,51.507912],[-0.229042,51.507912],[-0.228994,51.507911],[-0.228912,51.50791],[-0.228828,51.507909],[-0.228734,51.507909],[-0.228759,51.507989],[-0.228764,51.508007],[-0.228748,51.508047],[-0.228688,51.508104],[-0.228644,51.508128],[-0.2286,51.508086],[-0.228567,51.508019],[-0.228587,51.50792],[-0.228579,51.507918],[-0.228475,51.507904],[-0.228403,51.507893],[-0.228266,51.507897],[-0.228281,51.507876],[-0.22828,51.50787],[-0.228569,51.507767],[-0.22858,51.507752],[-0.228597,51.507731],[-0.22866,51.507693],[-0.228657,51.50767],[-0.228659,51.507657],[-0.228655,51.507635],[-0.22866,51.507606],[-0.228664,51.507597],[-0.228668,51.507573],[-0.228666,51.507558],[-0.228663,51.507536],[-0.228673,51.507496],[-0.228669,51.507475],[-0.228672,51.507459],[-0.228674,51.507455],[-0.228679,51.507404],[-0.228674,51.507385],[-0.228678,51.507365],[-0.228676,51.507345],[-0.22868,51.507325],[-0.228684,51.507305],[-0.228681,51.507281],[-0.228682,51.507277],[-0.228681,51.507271],[-0.228676,51.507233],[-0.22868,51.507215],[-0.228679,51.507181],[-0.22868,51.507175],[-0.22868,51.507136],[-0.228683,51.50709],[-0.228683,51.507084],[-0.228684,51.507058],[-0.22869,51.507041],[-0.228686,51.506998],[-0.22869,51.506984],[-0.228693,51.506955],[-0.228776,51.506956],[-0.22878,51.50691],[-0.228787,51.506838],[-0.228792,51.506778],[-0.228794,51.506763],[-0.228802,51.50667],[-0.228812,51.506567],[-0.229094,51.506573],[-0.229108,51.506573],[-0.229109,51.506549],[-0.229114,51.506426],[-0.229125,51.506132],[-0.229126,51.506106],[-0.229128,51.506044],[-0.229157,51.506045],[-0.229265,51.50605],[-0.229347,51.506053],[-0.229418,51.50615],[-0.229581,51.506373],[-0.229589,51.506422],[-0.229763,51.506425],[-0.229816,51.506436],[-0.22991,51.506472],[-0.230005,51.506508],[-0.230017,51.506504],[-0.230024,51.506502],[-0.230203,51.506486],[-0.230542,51.506514],[-0.23059,51.506558],[-0.23061,51.506558],[-0.23091,51.506558],[-0.230976,51.506566],[-0.231055,51.506586],[-0.231062,51.506589],[-0.231133,51.50663],[-0.231189,51.506662],[-0.231254,51.506638],[-0.231771,51.506667],[-0.231781,51.506647],[-0.231792,51.506624],[-0.231802,51.506581],[-0.231831,51.506579],[-0.232042,51.506561],[-0.232101,51.506556],[-0.232207,51.506634],[-0.23221,51.506639],[-0.23224,51.506661],[-0.232322,51.506637],[-0.232384,51.506614],[-0.232502,51.5066],[-0.232627,51.506685],[-0.232648,51.506699],[-0.232661,51.506708],[-0.232672,51.506716],[-0.232691,51.506699],[-0.232688,51.50677],[-0.232687,51.506803],[-0.232685,51.50687],[-0.232682,51.50694],[-0.232681,51.506969],[-0.232677,51.507054],[-0.232674,51.50714],[-0.232672,51.507193],[-0.23267,51.507238],[-0.232668,51.507288],[-0.232667,51.507333],[-0.232664,51.507405],[-0.232662,51.507447],[-0.232658,51.507563],[-0.232676,51.507578],[-0.232682,51.507582],[-0.232717,51.507592],[-0.232722,51.507594],[-0.232889,51.507664],[-0.232897,51.507666],[-0.232941,51.507663],[-0.233013,51.507648],[-0.233112,51.507595],[-0.233103,51.507555],[-0.233104,51.507547],[-0.233102,51.507541],[-0.233094,51.507497],[-0.233095,51.507494],[-0.233097,51.50744],[-0.233101,51.507411],[-0.233102,51.507402],[-0.233097,51.507383],[-0.233097,51.507363],[-0.233095,51.507352],[-0.233098,51.507339],[-0.233103,51.507309],[-0.233099,51.507293],[-0.233099,51.507281],[-0.233092,51.507247],[-0.233092,51.507245],[-0.233098,51.507212],[-0.233101,51.507203],[-0.233101,51.5072],[-0.2331,51.507171],[-0.233095,51.50715],[-0.233099,51.507122],[-0.233102,51.507101],[-0.2331,51.507094],[-0.233098,51.507076],[-0.233101,51.507061],[-0.233109,51.507026],[-0.23312,51.507],[-0.233125,51.506989],[-0.233125,51.50698],[-0.233136,51.506945],[-0.233124,51.506897],[-0.233124,51.506892],[-0.233124,51.506885],[-0.233125,51.506877],[-0.233135,51.506838],[-0.233129,51.506809],[-0.233125,51.506788],[-0.233127,51.506763],[-0.233156,51.506752],[-0.233327,51.506691],[-0.233445,51.506712],[-0.233499,51.506731],[-0.233547,51.506759],[-0.23357,51.506771],[-0.233598,51.506795],[-0.233611,51.506789],[-0.233668,51.506764],[-0.233762,51.506738],[-0.233843,51.50673],[-0.233905,51.506735],[-0.23404,51.506773],[-0.234064,51.506783],[-0.234063,51.506788],[-0.234055,51.506856],[-0.234061,51.506857],[-0.234529,51.506904],[-0.234533,51.506905],[-0.234564,51.506906],[-0.234563,51.506951],[-0.234563,51.506955],[-0.234563,51.507031],[-0.234562,51.507074],[-0.234562,51.507095],[-0.234562,51.507111],[-0.234561,51.507191],[-0.234561,51.507205],[-0.23456,51.507281],[-0.23456,51.507288],[-0.234559,51.507362],[-0.234559,51.507379],[-0.234559,51.507414],[-0.234559,51.507422],[-0.234558,51.507479],[-0.234558,51.507485],[-0.234558,51.507495],[-0.234557,51.507582],[-0.234557,51.507591],[-0.234557,51.507595],[-0.234557,51.5076],[-0.234557,51.507623],[-0.234556,51.507693],[-0.234556,51.507719],[-0.234555,51.507732],[-0.234555,51.507738],[-0.23455,51.507853],[-0.23455,51.507868],[-0.234549,51.507902],[-0.234548,51.507906],[-0.234547,51.507942],[-0.234546,51.507969],[-0.234543,51.50804],[-0.234541,51.508104],[-0.234538,51.508179],[-0.234537,51.508184],[-0.234536,51.508213],[-0.234536,51.508229],[-0.234534,51.508265],[-0.234532,51.508312],[-0.234531,51.508338],[-0.234531,51.508357],[-0.234528,51.50842],[-0.234528,51.508432],[-0.234526,51.508469],[-0.234524,51.508534],[-0.234523,51.508543],[-0.234524,51.508564],[-0.234527,51.508615],[-0.234529,51.508663],[-0.234531,51.508696],[-0.234531,51.508708],[-0.234532,51.508731],[-0.234535,51.508789],[-0.234536,51.508811],[-0.234539,51.508893],[-0.23454,51.508924],[-0.234541,51.508928],[-0.234544,51.509005],[-0.234545,51.509019],[-0.234545,51.509037],[-0.234548,51.509092],[-0.234549,51.509175],[-0.234549,51.509191],[-0.234549,51.509223],[-0.234549,51.509247],[-0.23455,51.509306],[-0.23455,51.509351],[-0.234551,51.509396],[-0.234551,51.509415],[-0.234551,51.50944],[-0.234552,51.509491],[-0.234552,51.509523],[-0.234553,51.509582],[-0.234553,51.509609],[-0.234554,51.509684],[-0.234554,51.509719],[-0.234554,51.509727],[-0.234554,51.509749],[-0.23361,51.509811],[-0.233486,51.509819],[-0.233257,51.509834],[-0.233248,51.509835],[-0.233022,51.50985],[-0.232882,51.509859],[-0.23287,51.50986],[-0.232466,51.509898],[-0.231731,51.509966],[-0.231541,51.509888],[-0.231403,51.509831],[-0.231252,51.509769],[-0.231105,51.509693],[-0.231009,51.509653],[-0.23097,51.50964],[-0.230906,51.50962],[-0.230908,51.509596],[-0.230919,51.50946],[-0.230925,51.509387],[-0.230945,51.509141],[-0.23096,51.508962],[-0.230962,51.508939],[-0.230969,51.508876],[-0.230983,51.508761],[-0.230986,51.508743],[-0.230996,51.508656],[-0.231023,51.508435],[-0.231024,51.508427],[-0.231025,51.508419]]]}},{"type":"Feature","properties":{"LSOA21CD":"E01001946","LSOA21NM":"Hammersmith and Fulham 004D","MEAN_PTAL_":"5","mean_AI":23.7085778035,"borough":"Hammersmith & Fulham"},"geometry":{"type":"Polygon","coordinates":[[[-0.224699,51.511308],[-0.226022,51.51049],[-0.227001,51.510003],[-0.227186,51.509911],[-0.227331,51.509739],[-0.227335,51.509733],[-0.227414,51.509625],[-0.227425,51.50961],[-0.227462,51.509556],[-0.227722,51.509282],[-0.227693,51.509232],[-0.227683,51.509182],[-0.227688,51.509174],[-0.22772,51.50912],[-0.227668,51.509051],[-0.227523,51.508956],[-0.227408,51.508927],[-0.227395,51.508914],[-0.227266,51.50893],[-0.226947,51.508789],[-0.226912,51.508705],[-0.226665,51.508121],[-0.226609,51.50799],[-0.226564,51.507884],[-0.226505,51.50778],[-0.226447,51.50768],[-0.226506,51.507668],[-0.226607,51.507657],[-0.226794,51.507641],[-0.226833,51.507641],[-0.226915,51.50764],[-0.226927,51.507588],[-0.226911,51.507484],[-0.226908,51.507437],[-0.226905,51.507373],[-0.226903,51.507337],[-0.226894,51.507178],[-0.226896,51.507141],[-0.226914,51.507104],[-0.227554,51.507114],[-0.227561,51.507099],[-0.227576,51.507038],[-0.227582,51.506992],[-0.227581,51.506948],[-0.227522,51.506898],[-0.22748,51.506779],[-0.227475,51.50673],[-0.227482,51.506664],[-0.227499,51.506613],[-0.227542,51.50655],[-0.227548,51.506541],[-0.22759,51.506494],[-0.22758,51.506429],[-0.227579,51.50641],[-0.227579,51.5064],[-0.227512,51.506348],[-0.227488,51.506321],[-0.22746,51.506279],[-0.227444,51.506227],[-0.22744,51.506216],[-0.227443,51.506157],[-0.227451,51.506139],[-0.227676,51.506105],[-0.227883,51.506134],[-0.227895,51.506125],[-0.227908,51.506122],[-0.227927,51.506118],[-0.227959,51.506112],[-0.228017,51.506106],[-0.228038,51.506108],[-0.228075,51.506111],[-0.228252,51.506146],[-0.228257,51.506151],[-0.228287,51.506181],[-0.228282,51.506327],[-0.228281,51.506344],[-0.22842,51.506361],[-0.228449,51.506364],[-0.228462,51.506375],[-0.228494,51.506403],[-0.228588,51.506413],[-0.228689,51.506562],[-0.228812,51.506567],[-0.228802,51.50667],[-0.228794,51.506763],[-0.228792,51.506778],[-0.228787,51.506838],[-0.22878,51.50691],[-0.228776,51.506956],[-0.228693,51.506955],[-0.22869,51.506984],[-0.228686,51.506998],[-0.22869,51.507041],[-0.228684,51.507058],[-0.228683,51.507084],[-0.228683,51.50709],[-0.22868,51.507136],[-0.22868,51.507175],[-0.228679,51.507181],[-0.22868,51.507215],[-0.228676,51.507233],[-0.228681,51.507271],[-0.228682,51.507277],[-0.228681,51.507281],[-0.228684,51.507305],[-0.22868,51.507325],[-0.228676,51.507345],[-0.228678,51.507365],[-0.228674,51.507385],[-0.228679,51.507404],[-0.228674,51.507455],[-0.228672,51.507459],[-0.228669,51.507475],[-0.228673,51.507496],[-0.228663,51.507536],[-0.228666,51.507558],[-0.228668,51.507573],[-0.228664,51.507597],[-0.22866,51.507606],[-0.228655,51.507635],[-0.228659,51.507657],[-0.228657,51.50767],[-0.22866,51.507693],[-0.228597,51.507731],[-0.22858,51.507752],[-0.228569,51.507767],[-0.22828,51.50787],[-0.228281,51.507876],[-0.228266,51.507897],[-0.228403,51.507893],[-0.228475,51.507904],[-0.228579,51.507918],[-0.228587,51.50792],[-0.228567,51.508019],[-0.2286,51.508086],[-0.228644,51.508128],[-0.228688,51.508104],[-0.228748,51.508047],[-0.228764,51.508007],[-0.228759,51.507989],[-0.228734,51.507909],[-0.228828,51.507909],[-0.228912,51.50791],[-0.228994,51.507911],[-0.229042,51.507912],[-0.229056,51.507912],[-0.229339,51.507917],[-0.229606,51.507921],[-0.229618,51.507921],[-0.229616,51.507955],[-0.229602,51.508328],[-0.2296,51.508379],[-0.229643,51.508381],[-0.229836,51.508388],[-0.22994,51.508391],[-0.229999,51.508393],[-0.230006,51.508389],[-0.230449,51.508409],[-0.230455,51.50841],[-0.230459,51.50841],[-0.230478,51.50841],[-0.230992,51.508426],[-0.230996,51.508418],[-0.231018,51.508419],[-0.231025,51.508419],[-0.231024,51.508427],[-0.231023,51.508435],[-0.230996,51.508656],[-0.230986,51.508743],[-0.230983,51.508761],[-0.230969,51.508876],[-0.230962,51.508939],[-0.23096,51.508962],[-0.230945,51.509141],[-0.230925,51.509387],[-0.230919,51.50946],[-0.230908,51.509596],[-0.230906,51.50962],[-0.23097,51.50964],[-0.231009,51.509653],[-0.231105,51.509693],[-0.231252,51.509769],[-0.231403,51.509831],[-0.231541,51.509888],[-0.231731,51.509966],[-0.231648,51.509994],[-0.231515,51.510039],[-0.231473,51.510059],[-0.231464,51.510063],[-0.231459,51.510065],[-0.231371,51.510107],[-0.231356,51.510114],[-0.231283,51.510149],[-0.231273,51.510154],[-0.231265,51.510157],[-0.231129,51.510222],[-0.231124,51.510225],[-0.231087,51.510242],[-0.230965,51.51031],[-0.230915,51.510338],[-0.230907,51.510342],[-0.230837,51.510381],[-0.230816,51.510393],[-0.230784,51.51041],[-0.230684,51.510466],[-0.230678,51.510469],[-0.230441,51.510601],[-0.230426,51.510609],[-0.23036,51.510646],[-0.2303,51.51068],[-0.230198,51.510739],[-0.230174,51.510752],[-0.230166,51.510757],[-0.230055,51.510821],[-0.230049,51.510824],[-0.230038,51.51083],[-0.229977,51.510866],[-0.229957,51.510877],[-0.229918,51.5109],[-0.229872,51.510926],[-0.229851,51.510938],[-0.229799,51.510968],[-0.22979,51.510973],[-0.229743,51.511],[-0.229657,51.51105],[-0.2294,51.511184],[-0.229396,51.511186],[-0.229101,51.51134],[-0.228327,51.511745],[-0.228312,51.511751],[-0.228308,51.511748],[-0.228297,51.51174],[-0.228207,51.511676],[-0.228192,51.511665],[-0.227736,51.511341],[-0.227719,51.511328],[-0.227247,51.510992],[-0.227021,51.51083],[-0.226996,51.510812],[-0.226823,51.51069],[-0.226809,51.510698],[-0.226717,51.510747],[-0.226607,51.510806],[-0.226569,51.510827],[-0.226554,51.510834],[-0.226466,51.510882],[-0.226235,51.511006],[-0.226182,51.511034],[-0.225921,51.511175],[-0.225906,51.511183],[-0.225897,51.511188],[-0.225903,51.511193],[-0.225916,51.511203],[-0.225951,51.51123],[-0.225974,51.511248],[-0.225921,51.511278],[-0.225859,51.511312],[-0.225852,51.511315],[-0.225836,51.511324],[-0.225805,51.511341],[-0.22579,51.51135],[-0.225748,51.511373],[-0.225742,51.511376],[-0.225646,51.511429],[-0.22564,51.511433],[-0.225636,51.511435],[-0.225582,51.511465],[-0.225565,51.511474],[-0.225544,51.511486],[-0.225528,51.511495],[-0.225516,51.511501],[-0.225449,51.511538],[-0.225439,51.511544],[-0.225417,51.511556],[-0.225402,51.511564],[-0.225356,51.511589],[-0.225348,51.511594],[-0.22531,51.511615],[-0.225297,51.511622],[-0.225287,51.511628],[-0.225228,51.51166],[-0.225222,51.511664],[-0.224946,51.511816],[-0.22494,51.511819],[-0.224934,51.511823],[-0.224856,51.511866],[-0.224838,51.511876],[-0.224826,51.511882],[-0.224817,51.511887],[-0.224804,51.511895],[-0.224801,51.511883],[-0.224784,51.511811],[-0.224784,51.511808],[-0.224753,51.511678],[-0.224741,51.511627],[-0.224685,51.511383],[-0.224675,51.511323],[-0.22469,51.511314],[-0.224699,51.511308]]]}},{"type":"Feature","properties":{"LSOA21CD":"E01001947","LSOA21NM":"Hammersmith and Fulham 021A","MEAN_PTAL_":"4","mean_AI":16.2919739018,"borough":"Hammersmith & Fulham"},"geometry":{"type":"Polygon","coordinates":[[[-0.198134,51.479313],[-0.198033,51.479257],[-0.197967,51.479283],[-0.197858,51.479159],[-0.197815,51.479109],[-0.197743,51.479085],[-0.197712,51.47905],[-0.197695,51.47903],[-0.197643,51.478971],[-0.197565,51.47888],[-0.197519,51.478827],[-0.197489,51.478793],[-0.197471,51.478772],[-0.19746,51.47876],[-0.197413,51.478706],[-0.197386,51.478675],[-0.197369,51.478655],[-0.197356,51.47864],[-0.197334,51.478615],[-0.1973,51.478576],[-0.197263,51.478533],[-0.197233,51.478499],[-0.197217,51.478481],[-0.197085,51.478329],[-0.197058,51.478298],[-0.196905,51.478218],[-0.196567,51.478043],[-0.196631,51.477946],[-0.196638,51.477936],[-0.196687,51.47786],[-0.196744,51.477806],[-0.196812,51.477743],[-0.197119,51.477461],[-0.197244,51.477343],[-0.197534,51.477135],[-0.197539,51.477132],[-0.197604,51.477085],[-0.19814,51.477354],[-0.198419,51.477209],[-0.198422,51.477208],[-0.198625,51.477103],[-0.198966,51.476926],[-0.199041,51.476966],[-0.199163,51.477031],[-0.199199,51.47705],[-0.19927,51.477002],[-0.199627,51.477252],[-0.199633,51.47725],[-0.19976,51.477345],[-0.199887,51.477442],[-0.199937,51.477479],[-0.199942,51.477483],[-0.199973,51.477506],[-0.200285,51.47774],[-0.200261,51.477767],[-0.200285,51.477822],[-0.200299,51.477864],[-0.200307,51.477928],[-0.200307,51.477933],[-0.200077,51.477955],[-0.200409,51.478187],[-0.200375,51.478212],[-0.200579,51.478146],[-0.200719,51.478195],[-0.200746,51.478204],[-0.200787,51.478219],[-0.200813,51.478204],[-0.200823,51.478198],[-0.200848,51.478183],[-0.200903,51.47815],[-0.201042,51.47806],[-0.201161,51.477983],[-0.201243,51.47793],[-0.201408,51.477762],[-0.201432,51.477738],[-0.201439,51.477731],[-0.201847,51.47786],[-0.201857,51.477883],[-0.201866,51.477903],[-0.20191,51.47792],[-0.201917,51.477922],[-0.201966,51.477965],[-0.20197,51.477971],[-0.201976,51.477977],[-0.202017,51.478007],[-0.202102,51.478054],[-0.202105,51.478058],[-0.202107,51.478062],[-0.202155,51.478101],[-0.202236,51.478147],[-0.202288,51.478169],[-0.202409,51.478197],[-0.202449,51.478204],[-0.202538,51.478169],[-0.202699,51.478058],[-0.202722,51.478042],[-0.202879,51.477934],[-0.202906,51.477946],[-0.20298,51.477948],[-0.20305,51.477955],[-0.203192,51.477975],[-0.203347,51.478023],[-0.203404,51.478051],[-0.203436,51.478073],[-0.203481,51.47812],[-0.203524,51.478202],[-0.203559,51.478225],[-0.203562,51.478234],[-0.203596,51.478292],[-0.203613,51.478309],[-0.203635,51.478325],[-0.203678,51.478377],[-0.20371,51.478408],[-0.203721,51.478416],[-0.203756,51.478459],[-0.203773,51.478472],[-0.203818,51.478506],[-0.203833,51.478526],[-0.203859,51.478554],[-0.203864,51.478566],[-0.203888,51.478602],[-0.203933,51.478636],[-0.203945,51.478669],[-0.203963,51.478696],[-0.204005,51.478729],[-0.204002,51.478737],[-0.203997,51.478772],[-0.203996,51.478783],[-0.203995,51.478789],[-0.203967,51.47883],[-0.20394,51.478848],[-0.20389,51.478865],[-0.203718,51.478887],[-0.203686,51.478891],[-0.203654,51.478895],[-0.203638,51.478941],[-0.203522,51.478999],[-0.203481,51.479019],[-0.20344,51.479039],[-0.203399,51.479008],[-0.203363,51.478981],[-0.20334,51.478991],[-0.203144,51.47885],[-0.202981,51.478732],[-0.202927,51.478694],[-0.20287,51.478666],[-0.202799,51.478638],[-0.202757,51.478619],[-0.202676,51.478562],[-0.202629,51.478528],[-0.202353,51.47864],[-0.202281,51.478598],[-0.202167,51.478623],[-0.202037,51.478843],[-0.201951,51.478781],[-0.201524,51.478474],[-0.201467,51.478455],[-0.201399,51.478454],[-0.201381,51.478454],[-0.201308,51.478471],[-0.201287,51.478484],[-0.201067,51.478614],[-0.200984,51.478664],[-0.200977,51.478669],[-0.200939,51.478699],[-0.200923,51.478735],[-0.200929,51.478759],[-0.200945,51.478765],[-0.200942,51.478773],[-0.200934,51.478781],[-0.200936,51.478789],[-0.200894,51.478817],[-0.20069,51.478955],[-0.200492,51.479088],[-0.200484,51.479101],[-0.200476,51.479115],[-0.200461,51.479141],[-0.20046,51.479168],[-0.20047,51.479189],[-0.200376,51.479271],[-0.200285,51.47922],[-0.20024,51.479195],[-0.19987,51.478993],[-0.199876,51.478988],[-0.199805,51.478948],[-0.199594,51.478831],[-0.199576,51.47882],[-0.199572,51.478818],[-0.199802,51.478673],[-0.199766,51.478645],[-0.199696,51.478592],[-0.199287,51.478283],[-0.199276,51.478275],[-0.199187,51.478208],[-0.198941,51.478023],[-0.199076,51.47795],[-0.199086,51.477945],[-0.199167,51.477901],[-0.199597,51.477669],[-0.199547,51.477626],[-0.199278,51.477676],[-0.199154,51.477595],[-0.198442,51.477478],[-0.198435,51.477477],[-0.198206,51.477714],[-0.198203,51.477717],[-0.19821,51.477874],[-0.198392,51.477967],[-0.198433,51.477988],[-0.198445,51.477995],[-0.198519,51.478411],[-0.19873,51.478482],[-0.198597,51.478573],[-0.198616,51.478587],[-0.19886,51.478766],[-0.198801,51.478786],[-0.198785,51.478792],[-0.198564,51.478855],[-0.198338,51.47892],[-0.198877,51.479246],[-0.19885,51.479261],[-0.198734,51.479276],[-0.198481,51.47931],[-0.198426,51.479296],[-0.1983,51.479282],[-0.198297,51.479285],[-0.19826,51.479357],[-0.198254,51.479379],[-0.198134,51.479313]]]}},{"type":"Feature","properties":{"LSOA21CD":"E01001948","LSOA21NM":"Hammersmith and Fulham 021B","MEAN_PTAL_":"3","mean_AI":12.7300034062,"borough":"Hammersmith & Fulham"},"geometry":{"type":"Polygon","coordinates":[[[-0.202967,51.47703],[-0.202812,51.476856],[-0.202807,51.47685],[-0.202785,51.476848],[-0.202781,51.476844],[-0.202755,51.476823],[-0.202739,51.476791],[-0.202619,51.476694],[-0.20278,51.476613],[-0.202854,51.476575],[-0.202854,51.476558],[-0.202828,51.476498],[-0.202825,51.476494],[-0.202803,51.476465],[-0.202797,51.476462],[-0.202775,51.476441],[-0.202761,51.476429],[-0.202756,51.476425],[-0.202735,51.476403],[-0.20273,51.476398],[-0.202694,51.476378],[-0.20269,51.476374],[-0.202685,51.476368],[-0.202644,51.476339],[-0.202604,51.476316],[-0.202591,51.476302],[-0.202571,51.476289],[-0.202567,51.476283],[-0.202549,51.47626],[-0.20251,51.476238],[-0.202505,51.476233],[-0.202474,51.476212],[-0.202466,51.476202],[-0.202462,51.476196],[-0.202458,51.476191],[-0.202427,51.476173],[-0.202396,51.476134],[-0.202392,51.476132],[-0.202337,51.476091],[-0.202317,51.476062],[-0.202312,51.476041],[-0.20227,51.476014],[-0.202263,51.476004],[-0.202211,51.475986],[-0.202156,51.475947],[-0.202121,51.475924],[-0.202105,51.475899],[-0.202083,51.475882],[-0.202072,51.475877],[-0.202039,51.475849],[-0.202036,51.475843],[-0.201991,51.475808],[-0.201957,51.475779],[-0.201954,51.475774],[-0.201925,51.47575],[-0.201919,51.475747],[-0.201865,51.475696],[-0.201862,51.475691],[-0.201814,51.475668],[-0.201781,51.475637],[-0.201772,51.475634],[-0.201679,51.475561],[-0.201491,51.475659],[-0.201417,51.475703],[-0.201398,51.475709],[-0.201394,51.47571],[-0.201342,51.475712],[-0.201316,51.475715],[-0.201133,51.475741],[-0.201117,51.475736],[-0.200948,51.475757],[-0.200737,51.475778],[-0.200735,51.475617],[-0.200733,51.47555],[-0.2007,51.475567],[-0.200697,51.475518],[-0.200693,51.475442],[-0.200681,51.47523],[-0.200676,51.475133],[-0.200676,51.475128],[-0.200675,51.47512],[-0.200667,51.47496],[-0.200665,51.474922],[-0.200657,51.474787],[-0.200653,51.47474],[-0.200647,51.474673],[-0.200627,51.474461],[-0.200614,51.474314],[-0.200609,51.474257],[-0.200607,51.474243],[-0.200607,51.474234],[-0.200601,51.474167],[-0.200593,51.474084],[-0.200592,51.474072],[-0.20058,51.473936],[-0.200577,51.473903],[-0.200556,51.473694],[-0.20069,51.473695],[-0.200891,51.473689],[-0.200898,51.473689],[-0.200851,51.473611],[-0.200965,51.473593],[-0.201044,51.473581],[-0.201188,51.47335],[-0.201192,51.473342],[-0.201208,51.473317],[-0.201259,51.473322],[-0.20138,51.473345],[-0.201442,51.473353],[-0.201503,51.473348],[-0.201568,51.473342],[-0.201576,51.473345],[-0.20165,51.473374],[-0.201705,51.473396],[-0.201754,51.473393],[-0.201776,51.473391],[-0.201785,51.47339],[-0.201812,51.473384],[-0.201863,51.473366],[-0.201887,51.473364],[-0.201911,51.473359],[-0.201929,51.473358],[-0.201956,51.473356],[-0.201991,51.473354],[-0.202019,51.473349],[-0.202026,51.473347],[-0.202085,51.473343],[-0.202155,51.473331],[-0.202175,51.473327],[-0.202223,51.473324],[-0.202228,51.473323],[-0.202247,51.473319],[-0.202272,51.473314],[-0.202349,51.47331],[-0.202385,51.473303],[-0.202423,51.473301],[-0.202444,51.473297],[-0.202451,51.473296],[-0.202499,51.473289],[-0.20253,51.47328],[-0.202593,51.473272],[-0.202646,51.473266],[-0.202724,51.473471],[-0.202736,51.473468],[-0.202763,51.473461],[-0.20277,51.473484],[-0.202782,51.473482],[-0.20281,51.473475],[-0.202814,51.473485],[-0.202821,51.473484],[-0.202938,51.473467],[-0.202965,51.473463],[-0.202988,51.473459],[-0.203047,51.473451],[-0.20309,51.473444],[-0.203099,51.473443],[-0.203104,51.473442],[-0.203191,51.473429],[-0.203245,51.47342],[-0.203279,51.473415],[-0.203325,51.473408],[-0.203407,51.473396],[-0.203434,51.473389],[-0.203481,51.473377],[-0.20351,51.47337],[-0.20354,51.473362],[-0.20357,51.473362],[-0.203609,51.473355],[-0.203617,51.473351],[-0.203634,51.473336],[-0.203644,51.473332],[-0.203659,51.473326],[-0.203673,51.473324],[-0.203713,51.473305],[-0.20376,51.473286],[-0.203787,51.473275],[-0.20384,51.473249],[-0.203954,51.473192],[-0.203958,51.47319],[-0.203961,51.473184],[-0.204095,51.473119],[-0.204175,51.473082],[-0.204204,51.4731],[-0.204381,51.473212],[-0.204395,51.473305],[-0.204391,51.473324],[-0.204381,51.473379],[-0.204376,51.473387],[-0.204372,51.473393],[-0.20436,51.473412],[-0.204358,51.473495],[-0.204356,51.473598],[-0.204356,51.473604],[-0.204368,51.473624],[-0.204493,51.473605],[-0.204524,51.473598],[-0.204541,51.473594],[-0.204577,51.473584],[-0.204582,51.473585],[-0.204926,51.473624],[-0.205185,51.473653],[-0.205308,51.47359],[-0.205387,51.473638],[-0.205282,51.473721],[-0.205267,51.473729],[-0.205174,51.473808],[-0.205014,51.473943],[-0.205006,51.473965],[-0.204993,51.473973],[-0.205002,51.473979],[-0.205021,51.473991],[-0.205119,51.474054],[-0.205183,51.474095],[-0.205205,51.474109],[-0.205537,51.474322],[-0.205667,51.474405],[-0.20605,51.47465],[-0.206073,51.474664],[-0.20615,51.474714],[-0.206207,51.474742],[-0.206249,51.474761],[-0.206399,51.474807],[-0.206405,51.474809],[-0.206434,51.474817],[-0.206403,51.474871],[-0.206361,51.474946],[-0.206217,51.475201],[-0.206213,51.475211],[-0.206202,51.475228],[-0.206183,51.475259],[-0.206079,51.475424],[-0.205973,51.475548],[-0.205884,51.475627],[-0.205834,51.475654],[-0.205752,51.475697],[-0.205674,51.475736],[-0.205689,51.475746],[-0.205682,51.475761],[-0.205657,51.475818],[-0.205644,51.475846],[-0.205643,51.475852],[-0.205615,51.475865],[-0.205543,51.475899],[-0.205504,51.475923],[-0.205573,51.476172],[-0.205599,51.476186],[-0.205574,51.476194],[-0.205578,51.476197],[-0.205522,51.476212],[-0.205217,51.476336],[-0.20521,51.476339],[-0.205198,51.476343],[-0.205202,51.476346],[-0.20517,51.476367],[-0.205115,51.476403],[-0.204853,51.476499],[-0.204766,51.476499],[-0.204666,51.476518],[-0.204615,51.476541],[-0.204576,51.476558],[-0.204513,51.476603],[-0.20452,51.476633],[-0.20452,51.476687],[-0.204324,51.476708],[-0.204316,51.476708],[-0.204256,51.476735],[-0.204246,51.47674],[-0.204157,51.476814],[-0.204155,51.476829],[-0.204086,51.476855],[-0.203917,51.476918],[-0.203908,51.476915],[-0.203894,51.476918],[-0.203881,51.476921],[-0.203764,51.476948],[-0.20379,51.476978],[-0.203506,51.47706],[-0.203502,51.477061],[-0.203476,51.477059],[-0.203466,51.477057],[-0.203405,51.477038],[-0.203277,51.477018],[-0.203191,51.477024],[-0.20306,51.477121],[-0.203037,51.47711],[-0.202995,51.47709],[-0.202967,51.47703]]]}},{"type":"Feature","properties":{"LSOA21CD":"E01001949","LSOA21NM":"Hammersmith and Fulham 021C","MEAN_PTAL_":"3","mean_AI":11.4196744308,"borough":"Hammersmith & Fulham"},"geometry":{"type":"Polygon","coordinates":[[[-0.206201,51.47829],[-0.206189,51.478274],[-0.206177,51.478277],[-0.206068,51.478144],[-0.206008,51.47807],[-0.206244,51.477992],[-0.206247,51.477987],[-0.206254,51.477988],[-0.206259,51.477987],[-0.206124,51.47785],[-0.2061,51.477826],[-0.206097,51.477822],[-0.205809,51.47753],[-0.205776,51.477495],[-0.205364,51.477055],[-0.205274,51.476962],[-0.205258,51.476945],[-0.205075,51.476753],[-0.205002,51.476677],[-0.204951,51.476626],[-0.204946,51.476621],[-0.204831,51.476506],[-0.204853,51.476499],[-0.205115,51.476403],[-0.20517,51.476367],[-0.205202,51.476346],[-0.205198,51.476343],[-0.20521,51.476339],[-0.205217,51.476336],[-0.205522,51.476212],[-0.205578,51.476197],[-0.205574,51.476194],[-0.205599,51.476186],[-0.205573,51.476172],[-0.205504,51.475923],[-0.205543,51.475899],[-0.205615,51.475865],[-0.205643,51.475852],[-0.205644,51.475846],[-0.205657,51.475818],[-0.205682,51.475761],[-0.205689,51.475746],[-0.205674,51.475736],[-0.205752,51.475697],[-0.205834,51.475654],[-0.205884,51.475627],[-0.205973,51.475548],[-0.206079,51.475424],[-0.206183,51.475259],[-0.206202,51.475228],[-0.206245,51.475237],[-0.20629,51.475221],[-0.206327,51.475207],[-0.206361,51.47513],[-0.206399,51.475085],[-0.206754,51.475047],[-0.206712,51.474888],[-0.207014,51.474617],[-0.207132,51.474624],[-0.207223,51.474521],[-0.207266,51.474473],[-0.207296,51.474439],[-0.207304,51.474435],[-0.207281,51.474426],[-0.207289,51.474399],[-0.207364,51.474434],[-0.207512,51.474483],[-0.207555,51.474499],[-0.207533,51.474523],[-0.207659,51.474571],[-0.207682,51.47458],[-0.207709,51.474591],[-0.207724,51.474597],[-0.207823,51.474635],[-0.207853,51.474647],[-0.207883,51.474678],[-0.207899,51.474695],[-0.207938,51.474736],[-0.207989,51.47479],[-0.208011,51.474812],[-0.208016,51.474818],[-0.208023,51.474825],[-0.208047,51.47485],[-0.208085,51.474891],[-0.208091,51.474896],[-0.20811,51.474916],[-0.208126,51.474933],[-0.208145,51.474953],[-0.208148,51.474956],[-0.208153,51.474961],[-0.208168,51.474977],[-0.208221,51.475032],[-0.208225,51.475037],[-0.208243,51.475056],[-0.208289,51.475104],[-0.208299,51.475115],[-0.208314,51.47513],[-0.208335,51.475153],[-0.208373,51.475192],[-0.208375,51.475195],[-0.208397,51.475218],[-0.208417,51.475239],[-0.208443,51.475266],[-0.208463,51.475286],[-0.208468,51.475292],[-0.208493,51.475318],[-0.208534,51.475361],[-0.208537,51.475365],[-0.208565,51.475394],[-0.208603,51.475434],[-0.208607,51.475439],[-0.208648,51.475503],[-0.20865,51.475506],[-0.20866,51.475523],[-0.208663,51.475527],[-0.208689,51.475569],[-0.208691,51.475571],[-0.208701,51.475587],[-0.208724,51.475625],[-0.208749,51.475665],[-0.208751,51.475667],[-0.208757,51.475678],[-0.208775,51.475706],[-0.208806,51.475756],[-0.208828,51.475791],[-0.208863,51.475847],[-0.208867,51.475852],[-0.208875,51.475866],[-0.208892,51.475893],[-0.208911,51.475922],[-0.208935,51.475958],[-0.20894,51.475965],[-0.208957,51.47599],[-0.208959,51.475994],[-0.208987,51.476036],[-0.209015,51.476078],[-0.209024,51.476091],[-0.209074,51.476166],[-0.209095,51.476197],[-0.209139,51.476263],[-0.209144,51.47627],[-0.209162,51.476297],[-0.20917,51.476309],[-0.209256,51.476439],[-0.209263,51.476449],[-0.209284,51.47648],[-0.209294,51.476494],[-0.209315,51.476518],[-0.209319,51.476522],[-0.209337,51.476542],[-0.209346,51.476552],[-0.209385,51.476594],[-0.209395,51.476604],[-0.209413,51.476624],[-0.209437,51.476651],[-0.209503,51.476722],[-0.209521,51.476741],[-0.209528,51.476749],[-0.209574,51.476799],[-0.209604,51.476832],[-0.209714,51.476951],[-0.209726,51.476965],[-0.209764,51.477006],[-0.209767,51.477009],[-0.209773,51.477015],[-0.209806,51.477051],[-0.209817,51.477063],[-0.209825,51.477071],[-0.209849,51.477098],[-0.209878,51.477131],[-0.209853,51.477139],[-0.209838,51.477145],[-0.209622,51.477219],[-0.209539,51.477248],[-0.209488,51.477266],[-0.209447,51.47728],[-0.209408,51.477294],[-0.209345,51.477316],[-0.209284,51.477337],[-0.209254,51.477347],[-0.20921,51.477363],[-0.209164,51.477378],[-0.209159,51.47738],[-0.209141,51.477387],[-0.209108,51.477398],[-0.209082,51.477407],[-0.209032,51.477424],[-0.209009,51.477432],[-0.20898,51.477442],[-0.20895,51.477453],[-0.208883,51.477476],[-0.208857,51.477485],[-0.208836,51.477492],[-0.208811,51.477501],[-0.208743,51.477525],[-0.208704,51.477538],[-0.208694,51.477542],[-0.208614,51.477569],[-0.208605,51.477572],[-0.208529,51.477599],[-0.20849,51.477613],[-0.20848,51.477616],[-0.208426,51.477635],[-0.208334,51.477666],[-0.20832,51.477672],[-0.208092,51.477751],[-0.208049,51.477766],[-0.208029,51.477772],[-0.208019,51.477775],[-0.207937,51.477799],[-0.207903,51.477808],[-0.207852,51.477822],[-0.207826,51.47783],[-0.207744,51.477853],[-0.207673,51.477873],[-0.207656,51.477878],[-0.20765,51.47788],[-0.207643,51.477882],[-0.207587,51.477897],[-0.207441,51.477939],[-0.207412,51.477947],[-0.207362,51.477961],[-0.207326,51.477971],[-0.207298,51.477979],[-0.207255,51.477991],[-0.20718,51.478013],[-0.207145,51.478023],[-0.207119,51.47803],[-0.207054,51.478048],[-0.207041,51.478052],[-0.206975,51.478071],[-0.206926,51.478085],[-0.206918,51.478087],[-0.206911,51.478089],[-0.206888,51.478096],[-0.206881,51.478098],[-0.206877,51.478098],[-0.206842,51.478108],[-0.20673,51.47814],[-0.206708,51.478146],[-0.206695,51.47815],[-0.206631,51.478168],[-0.206594,51.478179],[-0.206534,51.478196],[-0.20652,51.4782],[-0.206466,51.478215],[-0.206449,51.47822],[-0.206387,51.478237],[-0.206356,51.478246],[-0.206335,51.478252],[-0.206292,51.478264],[-0.206201,51.47829]]]}},{"type":"Feature","properties":{"LSOA21CD":"E01001950","LSOA21NM":"Hammersmith and Fulham 021D","MEAN_PTAL_":"4","mean_AI":15.7140635756,"borough":"Hammersmith & Fulham"},"geometry":{"type":"Polygon","coordinates":[[[-0.201336,51.479636],[-0.201318,51.479542],[-0.20122,51.479543],[-0.201339,51.479506],[-0.201463,51.479467],[-0.201473,51.47946],[-0.201515,51.479445],[-0.201534,51.479439],[-0.201588,51.479419],[-0.20162,51.479403],[-0.201835,51.479296],[-0.202146,51.47914],[-0.202155,51.479124],[-0.202161,51.479113],[-0.202209,51.47905],[-0.202222,51.479033],[-0.202252,51.478998],[-0.2024,51.478918],[-0.202708,51.478753],[-0.202754,51.4787],[-0.202799,51.478638],[-0.20287,51.478666],[-0.202927,51.478694],[-0.202981,51.478732],[-0.203144,51.47885],[-0.20334,51.478991],[-0.203363,51.478981],[-0.203399,51.479008],[-0.20344,51.479039],[-0.203481,51.479019],[-0.203522,51.478999],[-0.203638,51.478941],[-0.203654,51.478895],[-0.203686,51.478891],[-0.203718,51.478887],[-0.20389,51.478865],[-0.20394,51.478848],[-0.203967,51.47883],[-0.203995,51.478789],[-0.203996,51.478783],[-0.203997,51.478772],[-0.204002,51.478737],[-0.204005,51.478729],[-0.203963,51.478696],[-0.203945,51.478669],[-0.203933,51.478636],[-0.203888,51.478602],[-0.203864,51.478566],[-0.203859,51.478554],[-0.203833,51.478526],[-0.203818,51.478506],[-0.203773,51.478472],[-0.203756,51.478459],[-0.203721,51.478416],[-0.20371,51.478408],[-0.203678,51.478377],[-0.203635,51.478325],[-0.203613,51.478309],[-0.203596,51.478292],[-0.203562,51.478234],[-0.203559,51.478225],[-0.203524,51.478202],[-0.203481,51.47812],[-0.203436,51.478073],[-0.203404,51.478051],[-0.203347,51.478023],[-0.203192,51.477975],[-0.20305,51.477955],[-0.20298,51.477948],[-0.202906,51.477946],[-0.202879,51.477934],[-0.202722,51.478042],[-0.202699,51.478058],[-0.202538,51.478169],[-0.202449,51.478204],[-0.202409,51.478197],[-0.202288,51.478169],[-0.202236,51.478147],[-0.202155,51.478101],[-0.202107,51.478062],[-0.202105,51.478058],[-0.202102,51.478054],[-0.202017,51.478007],[-0.201976,51.477977],[-0.20197,51.477971],[-0.201966,51.477965],[-0.201917,51.477922],[-0.20191,51.47792],[-0.201866,51.477903],[-0.201857,51.477883],[-0.201847,51.47786],[-0.201439,51.477731],[-0.201432,51.477738],[-0.201408,51.477762],[-0.201243,51.47793],[-0.201161,51.477983],[-0.201042,51.47806],[-0.200903,51.47815],[-0.200848,51.478183],[-0.200823,51.478198],[-0.200813,51.478204],[-0.200787,51.478219],[-0.200746,51.478204],[-0.200719,51.478195],[-0.200579,51.478146],[-0.200375,51.478212],[-0.200409,51.478187],[-0.200077,51.477955],[-0.200307,51.477933],[-0.200307,51.477928],[-0.200299,51.477864],[-0.200285,51.477822],[-0.200261,51.477767],[-0.200285,51.47774],[-0.199973,51.477506],[-0.199942,51.477483],[-0.199937,51.477479],[-0.199887,51.477442],[-0.19976,51.477345],[-0.199633,51.47725],[-0.199627,51.477252],[-0.19927,51.477002],[-0.199199,51.47705],[-0.199163,51.477031],[-0.199041,51.476966],[-0.198966,51.476926],[-0.198625,51.477103],[-0.198422,51.477208],[-0.198419,51.477209],[-0.19814,51.477354],[-0.197604,51.477085],[-0.197735,51.47699],[-0.197742,51.476986],[-0.197822,51.476929],[-0.197957,51.476864],[-0.197965,51.47686],[-0.198036,51.476827],[-0.198048,51.476821],[-0.1982,51.476749],[-0.198204,51.476747],[-0.198357,51.476674],[-0.198366,51.47667],[-0.198374,51.476666],[-0.1984,51.476654],[-0.198416,51.476646],[-0.198461,51.476625],[-0.198486,51.476613],[-0.198489,51.476612],[-0.198578,51.476569],[-0.198594,51.476562],[-0.198632,51.476544],[-0.198651,51.476534],[-0.198684,51.476519],[-0.198696,51.476513],[-0.198736,51.476494],[-0.198765,51.47648],[-0.198789,51.476469],[-0.198805,51.476461],[-0.198842,51.476444],[-0.198871,51.47643],[-0.198888,51.476422],[-0.198894,51.476419],[-0.198949,51.476391],[-0.198953,51.476389],[-0.198974,51.476378],[-0.199001,51.476364],[-0.199022,51.476353],[-0.199031,51.476348],[-0.199038,51.476345],[-0.199044,51.476342],[-0.199099,51.476313],[-0.199105,51.47631],[-0.199155,51.476285],[-0.199175,51.476274],[-0.199179,51.476272],[-0.199226,51.476248],[-0.199249,51.476236],[-0.199264,51.476228],[-0.199302,51.476208],[-0.199328,51.476195],[-0.199344,51.476187],[-0.199351,51.476183],[-0.199367,51.476175],[-0.199397,51.47616],[-0.199406,51.476155],[-0.199422,51.476147],[-0.199476,51.476119],[-0.199485,51.476114],[-0.199497,51.476108],[-0.199501,51.476106],[-0.199515,51.476098],[-0.199521,51.476096],[-0.199533,51.476089],[-0.19958,51.476065],[-0.199583,51.476063],[-0.199591,51.476059],[-0.199628,51.47604],[-0.199661,51.476023],[-0.199677,51.476015],[-0.199691,51.476008],[-0.199698,51.476004],[-0.199728,51.475989],[-0.199753,51.475976],[-0.199756,51.475974],[-0.199768,51.475968],[-0.199776,51.475964],[-0.1998,51.475952],[-0.199833,51.475937],[-0.199858,51.475925],[-0.199901,51.475906],[-0.19991,51.475902],[-0.199922,51.475896],[-0.199926,51.475895],[-0.199988,51.475867],[-0.199999,51.475862],[-0.200068,51.475831],[-0.20008,51.475825],[-0.200116,51.475809],[-0.200125,51.475805],[-0.200183,51.475779],[-0.200199,51.475771],[-0.200208,51.475767],[-0.200254,51.475747],[-0.200424,51.47567],[-0.200452,51.475654],[-0.200463,51.475648],[-0.200495,51.47563],[-0.200512,51.475621],[-0.20052,51.475616],[-0.200597,51.475574],[-0.200697,51.475518],[-0.2007,51.475567],[-0.200733,51.47555],[-0.200735,51.475617],[-0.200737,51.475778],[-0.200948,51.475757],[-0.201117,51.475736],[-0.201133,51.475741],[-0.201316,51.475715],[-0.201342,51.475712],[-0.201394,51.47571],[-0.201398,51.475709],[-0.201417,51.475703],[-0.201491,51.475659],[-0.201679,51.475561],[-0.201772,51.475634],[-0.201781,51.475637],[-0.201814,51.475668],[-0.201862,51.475691],[-0.201865,51.475696],[-0.201919,51.475747],[-0.201925,51.47575],[-0.201954,51.475774],[-0.201957,51.475779],[-0.201991,51.475808],[-0.202036,51.475843],[-0.202039,51.475849],[-0.202072,51.475877],[-0.202083,51.475882],[-0.202105,51.475899],[-0.202121,51.475924],[-0.202156,51.475947],[-0.202211,51.475986],[-0.202263,51.476004],[-0.20227,51.476014],[-0.202312,51.476041],[-0.202317,51.476062],[-0.202337,51.476091],[-0.202392,51.476132],[-0.202396,51.476134],[-0.202427,51.476173],[-0.202458,51.476191],[-0.202462,51.476196],[-0.202466,51.476202],[-0.202474,51.476212],[-0.202505,51.476233],[-0.20251,51.476238],[-0.202549,51.47626],[-0.202567,51.476283],[-0.202571,51.476289],[-0.202591,51.476302],[-0.202604,51.476316],[-0.202644,51.476339],[-0.202685,51.476368],[-0.20269,51.476374],[-0.202694,51.476378],[-0.20273,51.476398],[-0.202735,51.476403],[-0.202756,51.476425],[-0.202761,51.476429],[-0.202775,51.476441],[-0.202797,51.476462],[-0.202803,51.476465],[-0.202825,51.476494],[-0.202828,51.476498],[-0.202854,51.476558],[-0.202854,51.476575],[-0.20278,51.476613],[-0.202619,51.476694],[-0.202739,51.476791],[-0.202755,51.476823],[-0.202781,51.476844],[-0.202785,51.476848],[-0.202807,51.47685],[-0.202812,51.476856],[-0.202967,51.47703],[-0.202995,51.47709],[-0.203037,51.47711],[-0.20306,51.477121],[-0.203191,51.477024],[-0.203277,51.477018],[-0.203405,51.477038],[-0.203466,51.477057],[-0.203476,51.477059],[-0.203502,51.477061],[-0.203506,51.47706],[-0.20379,51.476978],[-0.203764,51.476948],[-0.203881,51.476921],[-0.203894,51.476918],[-0.203908,51.476915],[-0.203917,51.476918],[-0.204086,51.476855],[-0.204155,51.476829],[-0.204157,51.476814],[-0.204246,51.47674],[-0.204256,51.476735],[-0.204316,51.476708],[-0.204324,51.476708],[-0.20452,51.476687],[-0.20452,51.476633],[-0.204513,51.476603],[-0.204576,51.476558],[-0.204615,51.476541],[-0.204666,51.476518],[-0.204766,51.476499],[-0.204853,51.476499],[-0.204831,51.476506],[-0.204946,51.476621],[-0.204951,51.476626],[-0.205002,51.476677],[-0.205075,51.476753],[-0.205258,51.476945],[-0.205274,51.476962],[-0.205364,51.477055],[-0.205776,51.477495],[-0.205809,51.47753],[-0.206097,51.477822],[-0.2061,51.477826],[-0.206124,51.47785],[-0.206259,51.477987],[-0.206254,51.477988],[-0.206247,51.477987],[-0.206244,51.477992],[-0.206008,51.47807],[-0.206068,51.478144],[-0.206177,51.478277],[-0.206189,51.478274],[-0.206201,51.47829],[-0.206178,51.478296],[-0.206114,51.478314],[-0.20609,51.478321],[-0.206035,51.478337],[-0.205971,51.478356],[-0.205916,51.478372],[-0.2059,51.478376],[-0.205803,51.478405],[-0.205765,51.478416],[-0.205695,51.478436],[-0.20564,51.478452],[-0.205571,51.478472],[-0.205532,51.478483],[-0.205456,51.478506],[-0.205389,51.478525],[-0.205329,51.478542],[-0.205298,51.478551],[-0.205242,51.478567],[-0.205182,51.478585],[-0.205105,51.478607],[-0.205026,51.47863],[-0.204973,51.478646],[-0.204935,51.478657],[-0.204901,51.478667],[-0.204885,51.478671],[-0.204843,51.478683],[-0.204784,51.4787],[-0.204777,51.478702],[-0.204745,51.478712],[-0.204705,51.478723],[-0.204689,51.478728],[-0.204672,51.478733],[-0.204568,51.478763],[-0.204563,51.478765],[-0.204545,51.478775],[-0.204482,51.47881],[-0.204451,51.478827],[-0.204448,51.478829],[-0.204413,51.478848],[-0.204389,51.478862],[-0.204341,51.478888],[-0.204299,51.478912],[-0.204285,51.47892],[-0.204251,51.478938],[-0.204225,51.478953],[-0.204216,51.478958],[-0.204209,51.478962],[-0.204185,51.478975],[-0.204114,51.479015],[-0.204049,51.479051],[-0.204045,51.479053],[-0.203993,51.479082],[-0.203982,51.479088],[-0.203972,51.479093],[-0.203917,51.479124],[-0.203874,51.479151],[-0.20385,51.479165],[-0.203841,51.479171],[-0.203751,51.479226],[-0.203687,51.479265],[-0.203591,51.479297],[-0.203558,51.479308],[-0.203536,51.479315],[-0.203516,51.479326],[-0.203494,51.479339],[-0.203487,51.479343],[-0.203465,51.479356],[-0.203391,51.479398],[-0.203354,51.479419],[-0.203309,51.479445],[-0.203295,51.479453],[-0.203286,51.479458],[-0.203269,51.479468],[-0.203257,51.479475],[-0.203223,51.479494],[-0.203193,51.479509],[-0.203169,51.479521],[-0.203129,51.479541],[-0.203102,51.479554],[-0.203043,51.479584],[-0.203035,51.479588],[-0.202983,51.479614],[-0.202955,51.479628],[-0.202899,51.479656],[-0.202864,51.479673],[-0.202811,51.4797],[-0.202769,51.479721],[-0.202694,51.479759],[-0.202641,51.479785],[-0.202581,51.479815],[-0.202407,51.47964],[-0.202414,51.479635],[-0.202461,51.479618],[-0.202529,51.479592],[-0.202548,51.47958],[-0.202581,51.479567],[-0.20259,51.479561],[-0.202643,51.47954],[-0.202657,51.479532],[-0.202697,51.479519],[-0.202705,51.479515],[-0.202718,51.479501],[-0.202786,51.479459],[-0.202816,51.479449],[-0.202827,51.479441],[-0.202863,51.479429],[-0.202867,51.479426],[-0.202915,51.47941],[-0.202952,51.479389],[-0.202982,51.47938],[-0.202997,51.479369],[-0.203016,51.479361],[-0.203058,51.47933],[-0.203124,51.479306],[-0.203168,51.479292],[-0.203207,51.47927],[-0.203197,51.479242],[-0.203094,51.479113],[-0.203074,51.479115],[-0.202961,51.479152],[-0.202943,51.479157],[-0.202931,51.47916],[-0.202888,51.479182],[-0.202858,51.479193],[-0.202837,51.479202],[-0.202812,51.47921],[-0.202809,51.479212],[-0.202769,51.479229],[-0.202756,51.479235],[-0.202555,51.479323],[-0.202515,51.479341],[-0.202351,51.479413],[-0.202336,51.479419],[-0.202286,51.47944],[-0.202233,51.479461],[-0.202222,51.479466],[-0.202173,51.479486],[-0.20215,51.479495],[-0.202144,51.479498],[-0.202039,51.47954],[-0.20198,51.479565],[-0.201926,51.479587],[-0.201824,51.479628],[-0.201817,51.479629],[-0.201812,51.479631],[-0.201738,51.479663],[-0.201728,51.479666],[-0.201682,51.479686],[-0.201667,51.479696],[-0.201609,51.479719],[-0.201523,51.479751],[-0.201516,51.479754],[-0.201497,51.479761],[-0.201479,51.479769],[-0.20137,51.479812],[-0.20135,51.479818],[-0.201345,51.479818],[-0.201292,51.479826],[-0.201281,51.479826],[-0.20129,51.479731],[-0.201336,51.479636]]]}},{"type":"Feature","properties":{"LSOA21CD":"E01001951","LSOA21NM":"Hammersmith and Fulham 021E","MEAN_PTAL_":"3","mean_AI":13.438723847,"borough":"Hammersmith & Fulham"},"geometry":{"type":"Polygon","coordinates":[[[-0.20605,51.47465],[-0.205667,51.474405],[-0.205537,51.474322],[-0.205205,51.474109],[-0.205183,51.474095],[-0.205119,51.474054],[-0.205021,51.473991],[-0.205002,51.473979],[-0.204993,51.473973],[-0.205006,51.473965],[-0.205014,51.473943],[-0.205174,51.473808],[-0.205267,51.473729],[-0.205282,51.473721],[-0.205387,51.473638],[-0.205308,51.47359],[-0.205185,51.473653],[-0.204926,51.473624],[-0.204582,51.473585],[-0.204577,51.473584],[-0.204541,51.473594],[-0.204524,51.473598],[-0.204493,51.473605],[-0.204368,51.473624],[-0.204356,51.473604],[-0.204356,51.473598],[-0.204358,51.473495],[-0.20436,51.473412],[-0.204372,51.473393],[-0.204376,51.473387],[-0.204381,51.473379],[-0.204391,51.473324],[-0.204395,51.473305],[-0.204381,51.473212],[-0.204204,51.4731],[-0.204175,51.473082],[-0.204095,51.473119],[-0.203961,51.473184],[-0.203958,51.47319],[-0.203954,51.473192],[-0.20384,51.473249],[-0.203787,51.473275],[-0.20376,51.473286],[-0.203713,51.473305],[-0.203673,51.473324],[-0.203659,51.473326],[-0.203644,51.473332],[-0.203634,51.473336],[-0.203617,51.473351],[-0.203609,51.473355],[-0.20357,51.473362],[-0.20354,51.473362],[-0.20351,51.47337],[-0.203481,51.473377],[-0.203434,51.473389],[-0.203407,51.473396],[-0.203325,51.473408],[-0.203279,51.473415],[-0.203245,51.47342],[-0.203191,51.473429],[-0.203104,51.473442],[-0.203099,51.473443],[-0.20309,51.473444],[-0.203047,51.473451],[-0.202988,51.473459],[-0.202965,51.473463],[-0.202938,51.473467],[-0.202821,51.473484],[-0.202814,51.473485],[-0.20281,51.473475],[-0.202782,51.473482],[-0.20277,51.473484],[-0.202763,51.473461],[-0.202736,51.473468],[-0.202724,51.473471],[-0.202646,51.473266],[-0.202593,51.473272],[-0.20253,51.47328],[-0.202499,51.473289],[-0.202451,51.473296],[-0.202444,51.473297],[-0.202423,51.473301],[-0.202385,51.473303],[-0.202349,51.47331],[-0.202272,51.473314],[-0.202247,51.473319],[-0.202228,51.473323],[-0.202223,51.473324],[-0.202175,51.473327],[-0.202155,51.473331],[-0.202085,51.473343],[-0.202026,51.473347],[-0.202019,51.473349],[-0.201991,51.473354],[-0.201956,51.473356],[-0.201929,51.473358],[-0.201911,51.473359],[-0.201887,51.473364],[-0.201863,51.473366],[-0.201812,51.473384],[-0.201785,51.47339],[-0.201776,51.473391],[-0.201754,51.473393],[-0.201705,51.473396],[-0.20165,51.473374],[-0.201576,51.473345],[-0.201568,51.473342],[-0.201503,51.473348],[-0.201442,51.473353],[-0.20138,51.473345],[-0.201259,51.473322],[-0.201208,51.473317],[-0.201192,51.473342],[-0.201188,51.47335],[-0.201044,51.473581],[-0.200965,51.473593],[-0.200851,51.473611],[-0.200898,51.473689],[-0.200891,51.473689],[-0.20069,51.473695],[-0.200556,51.473694],[-0.200549,51.473602],[-0.200539,51.473487],[-0.200535,51.473443],[-0.200521,51.473297],[-0.200521,51.473291],[-0.200514,51.473217],[-0.200512,51.473193],[-0.200509,51.473167],[-0.200501,51.47308],[-0.200501,51.473076],[-0.200497,51.473037],[-0.200496,51.473022],[-0.200493,51.472989],[-0.200492,51.472973],[-0.20049,51.472951],[-0.200482,51.472865],[-0.200479,51.472837],[-0.200468,51.47271],[-0.200463,51.472662],[-0.200462,51.472645],[-0.200557,51.472624],[-0.200567,51.472622],[-0.200741,51.472583],[-0.200748,51.472582],[-0.200926,51.472556],[-0.200966,51.472551],[-0.200984,51.472548],[-0.201022,51.472543],[-0.201027,51.472542],[-0.201044,51.47254],[-0.201055,51.472538],[-0.201127,51.472528],[-0.201181,51.47252],[-0.201218,51.472515],[-0.201226,51.472513],[-0.201344,51.472497],[-0.201368,51.472493],[-0.201415,51.472486],[-0.201425,51.472485],[-0.201437,51.472483],[-0.201556,51.472466],[-0.20159,51.472461],[-0.201616,51.472457],[-0.201666,51.47245],[-0.201697,51.472445],[-0.201736,51.472439],[-0.201741,51.472438],[-0.201826,51.472424],[-0.201856,51.47242],[-0.201888,51.472415],[-0.201951,51.472405],[-0.201987,51.472399],[-0.202028,51.472393],[-0.202058,51.472388],[-0.202118,51.472378],[-0.202139,51.472375],[-0.20218,51.472369],[-0.202218,51.472363],[-0.202286,51.472352],[-0.202325,51.472346],[-0.202333,51.472345],[-0.202369,51.472339],[-0.202499,51.472319],[-0.202568,51.472308],[-0.202642,51.472296],[-0.202682,51.47229],[-0.202782,51.472274],[-0.202786,51.472273],[-0.202874,51.472259],[-0.202895,51.472256],[-0.202934,51.47225],[-0.203011,51.472238],[-0.203079,51.472227],[-0.203083,51.472227],[-0.203112,51.472223],[-0.203201,51.472208],[-0.203336,51.472187],[-0.20337,51.472181],[-0.203449,51.472169],[-0.203584,51.47214],[-0.203609,51.472134],[-0.203684,51.472118],[-0.203697,51.472115],[-0.203755,51.472103],[-0.203854,51.472081],[-0.203922,51.472066],[-0.20398,51.472054],[-0.204067,51.472035],[-0.204115,51.472024],[-0.204149,51.472017],[-0.204197,51.472007],[-0.204211,51.472003],[-0.204243,51.471994],[-0.20426,51.471989],[-0.204375,51.471957],[-0.204438,51.47194],[-0.204445,51.471938],[-0.204626,51.471888],[-0.204636,51.471885],[-0.20479,51.471842],[-0.204866,51.471821],[-0.205065,51.471766],[-0.20522,51.471723],[-0.205233,51.47172],[-0.205398,51.471674],[-0.205404,51.471673],[-0.205417,51.471669],[-0.205587,51.471626],[-0.205594,51.471624],[-0.205693,51.471598],[-0.205857,51.471557],[-0.205919,51.471541],[-0.205906,51.471643],[-0.205901,51.471684],[-0.205886,51.471816],[-0.20586,51.472032],[-0.205942,51.47202],[-0.205992,51.472008],[-0.206015,51.472002],[-0.206181,51.471945],[-0.206189,51.471941],[-0.206271,51.471889],[-0.206279,51.471884],[-0.206343,51.471829],[-0.206352,51.471818],[-0.206387,51.471764],[-0.20639,51.471756],[-0.206397,51.471738],[-0.206401,51.471731],[-0.206416,51.471662],[-0.206427,51.471617],[-0.206491,51.471617],[-0.206535,51.471611],[-0.206642,51.471598],[-0.206714,51.471578],[-0.206779,51.47156],[-0.206801,51.471553],[-0.206803,51.471548],[-0.206881,51.471233],[-0.206906,51.471239],[-0.20692,51.471242],[-0.207032,51.471242],[-0.20734,51.47124],[-0.207343,51.471238],[-0.207347,51.471233],[-0.207351,51.471228],[-0.207464,51.471154],[-0.207473,51.471144],[-0.207492,51.471133],[-0.207512,51.471122],[-0.207638,51.471018],[-0.207646,51.471012],[-0.207653,51.471012],[-0.207662,51.471013],[-0.207684,51.471028],[-0.207691,51.471033],[-0.207775,51.471088],[-0.20798,51.471189],[-0.208001,51.471199],[-0.207877,51.471287],[-0.207813,51.471332],[-0.207751,51.471375],[-0.20774,51.471383],[-0.207724,51.471394],[-0.207697,51.471423],[-0.207633,51.471465],[-0.207629,51.471468],[-0.207616,51.471487],[-0.207575,51.471499],[-0.207554,51.471514],[-0.207511,51.471544],[-0.207493,51.471556],[-0.207419,51.471608],[-0.207358,51.471651],[-0.20735,51.471657],[-0.207375,51.471671],[-0.207382,51.471674],[-0.207391,51.471679],[-0.207413,51.471692],[-0.207526,51.471754],[-0.207534,51.471758],[-0.207595,51.471792],[-0.207702,51.471851],[-0.20766,51.47188],[-0.207648,51.471888],[-0.207599,51.471922],[-0.207568,51.471949],[-0.207538,51.471993],[-0.207534,51.471997],[-0.207508,51.472028],[-0.207472,51.472144],[-0.207466,51.472164],[-0.207365,51.472488],[-0.207363,51.472496],[-0.207311,51.472664],[-0.20729,51.472816],[-0.207288,51.47287],[-0.2073,51.472932],[-0.207326,51.473006],[-0.207422,51.473043],[-0.207496,51.473071],[-0.207644,51.473143],[-0.208074,51.473351],[-0.20809,51.473359],[-0.208031,51.473398],[-0.207971,51.473438],[-0.20801,51.473464],[-0.208046,51.473488],[-0.208174,51.473575],[-0.208278,51.473646],[-0.208201,51.473706],[-0.208147,51.473749],[-0.208292,51.473833],[-0.208299,51.473837],[-0.208321,51.473849],[-0.20833,51.473855],[-0.208168,51.473983],[-0.208141,51.474004],[-0.208117,51.474024],[-0.208073,51.474058],[-0.208038,51.474086],[-0.208035,51.474088],[-0.208005,51.474112],[-0.207944,51.47416],[-0.207892,51.474201],[-0.207872,51.474217],[-0.207866,51.474222],[-0.207856,51.47423],[-0.207778,51.474291],[-0.207737,51.474324],[-0.207606,51.474444],[-0.207555,51.474499],[-0.207512,51.474483],[-0.207364,51.474434],[-0.207289,51.474399],[-0.207281,51.474426],[-0.207304,51.474435],[-0.207296,51.474439],[-0.207266,51.474473],[-0.207223,51.474521],[-0.207132,51.474624],[-0.207014,51.474617],[-0.206712,51.474888],[-0.206754,51.475047],[-0.206399,51.475085],[-0.206361,51.47513],[-0.206327,51.475207],[-0.20629,51.475221],[-0.206245,51.475237],[-0.206202,51.475228],[-0.206213,51.475211],[-0.206217,51.475201],[-0.206361,51.474946],[-0.206403,51.474871],[-0.206434,51.474817],[-0.206405,51.474809],[-0.206399,51.474807],[-0.206249,51.474761],[-0.206207,51.474742],[-0.20615,51.474714],[-0.206073,51.474664],[-0.20605,51.47465]]]}},{"type":"Feature","properties":{"LSOA21CD":"E01001952","LSOA21NM":"Hammersmith and Fulham 024D","MEAN_PTAL_":"5","mean_AI":24.3846618471,"borough":"Hammersmith & Fulham"},"geometry":{"type":"Polygon","coordinates":[[[-0.207538,51.471993],[-0.207568,51.471949],[-0.207599,51.471922],[-0.207648,51.471888],[-0.20766,51.47188],[-0.207702,51.471851],[-0.207595,51.471792],[-0.207534,51.471758],[-0.207526,51.471754],[-0.207413,51.471692],[-0.207391,51.471679],[-0.207382,51.471674],[-0.207375,51.471671],[-0.20735,51.471657],[-0.207358,51.471651],[-0.207419,51.471608],[-0.207493,51.471556],[-0.207511,51.471544],[-0.207554,51.471514],[-0.207575,51.471499],[-0.207616,51.471487],[-0.207629,51.471468],[-0.207633,51.471465],[-0.207697,51.471423],[-0.207724,51.471394],[-0.20774,51.471383],[-0.207751,51.471375],[-0.207813,51.471332],[-0.207877,51.471287],[-0.208001,51.471199],[-0.20798,51.471189],[-0.207775,51.471088],[-0.207691,51.471033],[-0.207684,51.471028],[-0.207662,51.471013],[-0.207653,51.471012],[-0.207646,51.471012],[-0.207638,51.471018],[-0.207512,51.471122],[-0.207492,51.471133],[-0.207473,51.471144],[-0.207464,51.471154],[-0.207351,51.471228],[-0.207347,51.471233],[-0.207343,51.471238],[-0.20734,51.47124],[-0.207032,51.471242],[-0.20692,51.471242],[-0.206906,51.471239],[-0.206881,51.471233],[-0.206803,51.471548],[-0.206801,51.471553],[-0.206779,51.47156],[-0.206714,51.471578],[-0.206642,51.471598],[-0.206535,51.471611],[-0.206491,51.471617],[-0.206427,51.471617],[-0.206416,51.471662],[-0.206401,51.471731],[-0.206397,51.471738],[-0.20639,51.471756],[-0.206387,51.471764],[-0.206352,51.471818],[-0.206343,51.471829],[-0.206279,51.471884],[-0.206271,51.471889],[-0.206189,51.471941],[-0.206181,51.471945],[-0.206015,51.472002],[-0.205992,51.472008],[-0.205942,51.47202],[-0.20586,51.472032],[-0.205886,51.471816],[-0.205901,51.471684],[-0.205906,51.471643],[-0.205919,51.471541],[-0.205938,51.471536],[-0.205991,51.471443],[-0.205998,51.47143],[-0.206002,51.471424],[-0.206023,51.471386],[-0.206082,51.471298],[-0.206111,51.471256],[-0.206114,51.471251],[-0.206126,51.471234],[-0.206134,51.471223],[-0.206165,51.471187],[-0.206196,51.471149],[-0.206214,51.471127],[-0.206218,51.471123],[-0.206222,51.471119],[-0.20629,51.47105],[-0.206297,51.471043],[-0.2063,51.47104],[-0.206306,51.471034],[-0.206348,51.470991],[-0.206355,51.470985],[-0.20636,51.470981],[-0.206381,51.470963],[-0.206393,51.470952],[-0.206397,51.470949],[-0.206408,51.470939],[-0.206454,51.4709],[-0.206458,51.470896],[-0.206462,51.470893],[-0.206473,51.470884],[-0.206476,51.470881],[-0.206509,51.470852],[-0.206518,51.470844],[-0.206525,51.470838],[-0.206562,51.470818],[-0.206566,51.470815],[-0.206626,51.470782],[-0.206665,51.47076],[-0.206689,51.470746],[-0.206703,51.470738],[-0.20671,51.470735],[-0.206726,51.470725],[-0.206753,51.47071],[-0.206765,51.470704],[-0.2068,51.470684],[-0.206945,51.470603],[-0.206957,51.470596],[-0.206963,51.470593],[-0.207006,51.470568],[-0.207016,51.470563],[-0.207142,51.470492],[-0.207163,51.47048],[-0.20721,51.470454],[-0.207281,51.470414],[-0.20739,51.470353],[-0.207445,51.470326],[-0.207538,51.47028],[-0.207594,51.470253],[-0.207618,51.470239],[-0.207643,51.470225],[-0.207684,51.470202],[-0.207693,51.470197],[-0.207752,51.470164],[-0.207777,51.47015],[-0.207782,51.470147],[-0.207915,51.470062],[-0.208014,51.46999],[-0.208081,51.469935],[-0.208144,51.469882],[-0.208184,51.469843],[-0.208248,51.469782],[-0.208282,51.469749],[-0.208348,51.469678],[-0.208507,51.469478],[-0.208513,51.469471],[-0.208633,51.469482],[-0.208676,51.469486],[-0.208681,51.469486],[-0.208696,51.469483],[-0.208739,51.469473],[-0.208755,51.46947],[-0.208825,51.469455],[-0.20916,51.469382],[-0.209244,51.469364],[-0.209355,51.46934],[-0.209371,51.469336],[-0.209388,51.469333],[-0.2095,51.469308],[-0.209568,51.469311],[-0.209575,51.469311],[-0.209691,51.469315],[-0.209712,51.469316],[-0.209757,51.469318],[-0.209871,51.469322],[-0.21007,51.46933],[-0.210167,51.469333],[-0.210183,51.469334],[-0.21019,51.469334],[-0.210189,51.469338],[-0.210182,51.46936],[-0.210146,51.469466],[-0.210143,51.469503],[-0.21014,51.469526],[-0.210134,51.469587],[-0.21014,51.469642],[-0.210147,51.469667],[-0.210162,51.469724],[-0.210174,51.469752],[-0.210196,51.469806],[-0.210216,51.469837],[-0.210224,51.46985],[-0.210258,51.469903],[-0.210285,51.469947],[-0.210313,51.469991],[-0.210364,51.470072],[-0.210372,51.470084],[-0.210432,51.470179],[-0.210513,51.470307],[-0.210557,51.470375],[-0.210612,51.470463],[-0.210648,51.470519],[-0.210653,51.470528],[-0.210794,51.47075],[-0.210797,51.470755],[-0.210813,51.470786],[-0.210874,51.470901],[-0.210892,51.470935],[-0.210916,51.47098],[-0.210919,51.470985],[-0.210944,51.471032],[-0.21103,51.471195],[-0.211046,51.471225],[-0.211105,51.471389],[-0.211112,51.471407],[-0.211119,51.471427],[-0.211123,51.471437],[-0.211159,51.471536],[-0.211169,51.471563],[-0.211179,51.471592],[-0.211191,51.47161],[-0.211196,51.471616],[-0.211202,51.471625],[-0.211211,51.471639],[-0.211212,51.471641],[-0.211254,51.471703],[-0.21131,51.471786],[-0.211345,51.471838],[-0.211391,51.471908],[-0.211326,51.471922],[-0.211304,51.471927],[-0.211285,51.471934],[-0.21119,51.471969],[-0.21101,51.472036],[-0.210975,51.472049],[-0.210927,51.472027],[-0.210914,51.472022],[-0.210862,51.472053],[-0.210813,51.472083],[-0.21071,51.472146],[-0.210698,51.472153],[-0.210672,51.472168],[-0.210633,51.472191],[-0.210623,51.472197],[-0.210618,51.472199],[-0.210605,51.472207],[-0.210508,51.472264],[-0.210416,51.472317],[-0.210315,51.472376],[-0.210285,51.472395],[-0.210281,51.472397],[-0.210233,51.472425],[-0.210171,51.472461],[-0.210117,51.472493],[-0.210057,51.472533],[-0.210048,51.472539],[-0.21004,51.472544],[-0.210017,51.472559],[-0.209953,51.472602],[-0.209949,51.472605],[-0.209884,51.472634],[-0.209854,51.472648],[-0.209828,51.47266],[-0.209766,51.472688],[-0.209758,51.472692],[-0.209774,51.472709],[-0.209823,51.472761],[-0.209852,51.472792],[-0.209871,51.472812],[-0.209908,51.472852],[-0.20991,51.472855],[-0.209896,51.472861],[-0.209855,51.472877],[-0.20985,51.472879],[-0.209802,51.472899],[-0.209778,51.472908],[-0.209743,51.472922],[-0.209661,51.472956],[-0.209529,51.473009],[-0.209488,51.473026],[-0.209416,51.47308],[-0.209369,51.473106],[-0.209277,51.473156],[-0.209275,51.473159],[-0.209326,51.473208],[-0.208947,51.473436],[-0.208917,51.473454],[-0.208894,51.473468],[-0.20888,51.473477],[-0.208868,51.473485],[-0.208837,51.473505],[-0.208833,51.473508],[-0.208686,51.473605],[-0.208512,51.473721],[-0.208473,51.473745],[-0.208453,51.473757],[-0.208448,51.47376],[-0.208278,51.473646],[-0.208174,51.473575],[-0.208046,51.473488],[-0.20801,51.473464],[-0.207971,51.473438],[-0.208031,51.473398],[-0.20809,51.473359],[-0.208074,51.473351],[-0.207644,51.473143],[-0.207496,51.473071],[-0.207422,51.473043],[-0.207326,51.473006],[-0.2073,51.472932],[-0.207288,51.47287],[-0.20729,51.472816],[-0.207311,51.472664],[-0.207363,51.472496],[-0.207365,51.472488],[-0.207466,51.472164],[-0.207472,51.472144],[-0.207508,51.472028],[-0.207534,51.471997],[-0.207538,51.471993]]]}},{"type":"Feature","properties":{"LSOA21CD":"E01001953","LSOA21NM":"Hammersmith and Fulham 021F","MEAN_PTAL_":"4","mean_AI":19.1871547638,"borough":"Hammersmith & Fulham"},"geometry":{"type":"Polygon","coordinates":[[[-0.195582,51.479811],[-0.195762,51.47962],[-0.195786,51.479595],[-0.195802,51.479577],[-0.195809,51.479569],[-0.195875,51.479467],[-0.195879,51.479458],[-0.195927,51.479342],[-0.195936,51.479321],[-0.195938,51.479316],[-0.195947,51.479295],[-0.196041,51.47907],[-0.196053,51.479042],[-0.196084,51.478968],[-0.196112,51.478902],[-0.196127,51.478865],[-0.196146,51.47882],[-0.196268,51.478529],[-0.196288,51.478481],[-0.196335,51.478408],[-0.196374,51.478347],[-0.196436,51.47825],[-0.196499,51.478153],[-0.196567,51.478043],[-0.196905,51.478218],[-0.197058,51.478298],[-0.197085,51.478329],[-0.197217,51.478481],[-0.197233,51.478499],[-0.197263,51.478533],[-0.1973,51.478576],[-0.197334,51.478615],[-0.197356,51.47864],[-0.197369,51.478655],[-0.197386,51.478675],[-0.197413,51.478706],[-0.19746,51.47876],[-0.197471,51.478772],[-0.197489,51.478793],[-0.197519,51.478827],[-0.197565,51.47888],[-0.197643,51.478971],[-0.197695,51.47903],[-0.197712,51.47905],[-0.197743,51.479085],[-0.197815,51.479109],[-0.197858,51.479159],[-0.197967,51.479283],[-0.198033,51.479257],[-0.198134,51.479313],[-0.198254,51.479379],[-0.19826,51.479357],[-0.198297,51.479285],[-0.1983,51.479282],[-0.198426,51.479296],[-0.198481,51.47931],[-0.198734,51.479276],[-0.19885,51.479261],[-0.198877,51.479246],[-0.198338,51.47892],[-0.198564,51.478855],[-0.198785,51.478792],[-0.198801,51.478786],[-0.19886,51.478766],[-0.198616,51.478587],[-0.198597,51.478573],[-0.19873,51.478482],[-0.198519,51.478411],[-0.198445,51.477995],[-0.198433,51.477988],[-0.198392,51.477967],[-0.19821,51.477874],[-0.198203,51.477717],[-0.198206,51.477714],[-0.198435,51.477477],[-0.198442,51.477478],[-0.199154,51.477595],[-0.199278,51.477676],[-0.199547,51.477626],[-0.199597,51.477669],[-0.199167,51.477901],[-0.199086,51.477945],[-0.199076,51.47795],[-0.198941,51.478023],[-0.199187,51.478208],[-0.199276,51.478275],[-0.199287,51.478283],[-0.199696,51.478592],[-0.199766,51.478645],[-0.199802,51.478673],[-0.199572,51.478818],[-0.199576,51.47882],[-0.199594,51.478831],[-0.199805,51.478948],[-0.199876,51.478988],[-0.19987,51.478993],[-0.20024,51.479195],[-0.200285,51.47922],[-0.200376,51.479271],[-0.20047,51.479189],[-0.20046,51.479168],[-0.200461,51.479141],[-0.200476,51.479115],[-0.200484,51.479101],[-0.200492,51.479088],[-0.20069,51.478955],[-0.200894,51.478817],[-0.200936,51.478789],[-0.200934,51.478781],[-0.200942,51.478773],[-0.200945,51.478765],[-0.200929,51.478759],[-0.200923,51.478735],[-0.200939,51.478699],[-0.200977,51.478669],[-0.200984,51.478664],[-0.201067,51.478614],[-0.201287,51.478484],[-0.201308,51.478471],[-0.201381,51.478454],[-0.201399,51.478454],[-0.201467,51.478455],[-0.201524,51.478474],[-0.201951,51.478781],[-0.202037,51.478843],[-0.202167,51.478623],[-0.202281,51.478598],[-0.202353,51.47864],[-0.202629,51.478528],[-0.202676,51.478562],[-0.202757,51.478619],[-0.202799,51.478638],[-0.202754,51.4787],[-0.202708,51.478753],[-0.2024,51.478918],[-0.202252,51.478998],[-0.202222,51.479033],[-0.202209,51.47905],[-0.202161,51.479113],[-0.202155,51.479124],[-0.202146,51.47914],[-0.201835,51.479296],[-0.20162,51.479403],[-0.201588,51.479419],[-0.201534,51.479439],[-0.201515,51.479445],[-0.201473,51.47946],[-0.201463,51.479467],[-0.201339,51.479506],[-0.20122,51.479543],[-0.201318,51.479542],[-0.201336,51.479636],[-0.20129,51.479731],[-0.201281,51.479826],[-0.201292,51.479826],[-0.201345,51.479818],[-0.20135,51.479818],[-0.20137,51.479812],[-0.201479,51.479769],[-0.201497,51.479761],[-0.201516,51.479754],[-0.201523,51.479751],[-0.201609,51.479719],[-0.201667,51.479696],[-0.201682,51.479686],[-0.201728,51.479666],[-0.201738,51.479663],[-0.201812,51.479631],[-0.201817,51.479629],[-0.201824,51.479628],[-0.201926,51.479587],[-0.20198,51.479565],[-0.202039,51.47954],[-0.202144,51.479498],[-0.20215,51.479495],[-0.202173,51.479486],[-0.202222,51.479466],[-0.202233,51.479461],[-0.202286,51.47944],[-0.202336,51.479419],[-0.202351,51.479413],[-0.202515,51.479341],[-0.202555,51.479323],[-0.202756,51.479235],[-0.202769,51.479229],[-0.202809,51.479212],[-0.202812,51.47921],[-0.202837,51.479202],[-0.202858,51.479193],[-0.202888,51.479182],[-0.202931,51.47916],[-0.202943,51.479157],[-0.202961,51.479152],[-0.203074,51.479115],[-0.203094,51.479113],[-0.203197,51.479242],[-0.203207,51.47927],[-0.203168,51.479292],[-0.203124,51.479306],[-0.203058,51.47933],[-0.203016,51.479361],[-0.202997,51.479369],[-0.202982,51.47938],[-0.202952,51.479389],[-0.202915,51.47941],[-0.202867,51.479426],[-0.202863,51.479429],[-0.202827,51.479441],[-0.202816,51.479449],[-0.202786,51.479459],[-0.202718,51.479501],[-0.202705,51.479515],[-0.202697,51.479519],[-0.202657,51.479532],[-0.202643,51.47954],[-0.20259,51.479561],[-0.202581,51.479567],[-0.202548,51.47958],[-0.202529,51.479592],[-0.202461,51.479618],[-0.202414,51.479635],[-0.202407,51.47964],[-0.202581,51.479815],[-0.202568,51.479821],[-0.202541,51.479835],[-0.202511,51.47985],[-0.202432,51.479889],[-0.202427,51.479892],[-0.202421,51.479894],[-0.202395,51.479907],[-0.202367,51.479922],[-0.202326,51.479942],[-0.202312,51.479952],[-0.202298,51.479962],[-0.202277,51.479978],[-0.202241,51.480014],[-0.202239,51.480059],[-0.202066,51.480087],[-0.202038,51.480096],[-0.202012,51.480105],[-0.201988,51.480112],[-0.201945,51.480126],[-0.201878,51.480148],[-0.201786,51.480177],[-0.201771,51.480182],[-0.201688,51.480209],[-0.201603,51.480236],[-0.201573,51.480246],[-0.201567,51.480248],[-0.201513,51.480265],[-0.201482,51.480275],[-0.201439,51.480289],[-0.201388,51.480305],[-0.201354,51.480316],[-0.201274,51.480342],[-0.20126,51.480346],[-0.201242,51.480352],[-0.201233,51.480355],[-0.201211,51.480362],[-0.201189,51.480369],[-0.201165,51.480376],[-0.201153,51.48038],[-0.201148,51.480382],[-0.201029,51.480419],[-0.201014,51.480424],[-0.200975,51.480436],[-0.200929,51.480451],[-0.200851,51.480475],[-0.200823,51.480484],[-0.200814,51.480487],[-0.200797,51.480492],[-0.200751,51.480507],[-0.200683,51.480528],[-0.200674,51.480531],[-0.200665,51.480534],[-0.20063,51.480545],[-0.200579,51.480561],[-0.200465,51.48059],[-0.200438,51.480597],[-0.20038,51.480612],[-0.200361,51.480617],[-0.20033,51.480625],[-0.20023,51.48065],[-0.200217,51.480652],[-0.200128,51.480661],[-0.200117,51.480663],[-0.200037,51.480671],[-0.200016,51.480674],[-0.199947,51.480681],[-0.199831,51.480694],[-0.199797,51.480697],[-0.199679,51.480702],[-0.199537,51.480708],[-0.199352,51.480715],[-0.199319,51.480716],[-0.199223,51.48072],[-0.199134,51.480724],[-0.199075,51.480727],[-0.199069,51.480803],[-0.199068,51.480815],[-0.19906,51.480811],[-0.199036,51.480802],[-0.19901,51.480792],[-0.198943,51.480783],[-0.198868,51.480773],[-0.198742,51.480755],[-0.198694,51.480751],[-0.198684,51.48075],[-0.198583,51.480741],[-0.198545,51.480738],[-0.198467,51.480722],[-0.198461,51.480721],[-0.198452,51.480719],[-0.198434,51.480716],[-0.198407,51.48071],[-0.1984,51.480709],[-0.198387,51.480706],[-0.19837,51.480701],[-0.198347,51.480694],[-0.198334,51.48069],[-0.198288,51.480675],[-0.198272,51.480671],[-0.198034,51.48061],[-0.197726,51.480531],[-0.19764,51.480509],[-0.197568,51.48049],[-0.197561,51.480488],[-0.197539,51.480483],[-0.197504,51.480474],[-0.197478,51.480467],[-0.197394,51.480446],[-0.197319,51.480426],[-0.197206,51.480397],[-0.197059,51.48036],[-0.197039,51.480355],[-0.196917,51.480323],[-0.196761,51.48028],[-0.196738,51.480274],[-0.196613,51.48024],[-0.196581,51.480231],[-0.196522,51.480214],[-0.196477,51.480202],[-0.196467,51.480199],[-0.196448,51.480194],[-0.196436,51.480191],[-0.196316,51.480158],[-0.196277,51.480147],[-0.196155,51.480113],[-0.196134,51.480107],[-0.196122,51.480104],[-0.196084,51.480094],[-0.196015,51.480075],[-0.19595,51.480057],[-0.195901,51.480043],[-0.195828,51.480009],[-0.1958,51.479996],[-0.195738,51.479967],[-0.195712,51.479955],[-0.195696,51.479945],[-0.19567,51.479929],[-0.195611,51.479892],[-0.195602,51.479887],[-0.195596,51.479883],[-0.195547,51.479848],[-0.195569,51.479825],[-0.195578,51.479816],[-0.195582,51.479811]]]}},{"type":"Feature","properties":{"LSOA21CD":"E01001954","LSOA21NM":"Hammersmith and Fulham 003A","MEAN_PTAL_":"3","mean_AI":11.6831363759,"borough":"Hammersmith & Fulham"},"geometry":{"type":"Polygon","coordinates":[[[-0.241305,51.511226],[-0.241233,51.511193],[-0.241209,51.5112],[-0.240815,51.510998],[-0.240805,51.510992],[-0.240788,51.510983],[-0.240725,51.51095],[-0.240702,51.510937],[-0.240678,51.510928],[-0.240655,51.510919],[-0.240628,51.510904],[-0.240604,51.510894],[-0.240574,51.510882],[-0.240539,51.510867],[-0.240529,51.510864],[-0.240511,51.510858],[-0.240483,51.510844],[-0.240438,51.510817],[-0.240432,51.510814],[-0.240424,51.51081],[-0.240419,51.510761],[-0.240418,51.510756],[-0.240412,51.510736],[-0.240409,51.510726],[-0.240398,51.510659],[-0.240397,51.51064],[-0.240396,51.510607],[-0.240395,51.510601],[-0.240391,51.510585],[-0.240389,51.510576],[-0.240386,51.510538],[-0.24038,51.510525],[-0.240369,51.510497],[-0.240364,51.510485],[-0.240429,51.510403],[-0.240434,51.510394],[-0.240472,51.51033],[-0.240474,51.510325],[-0.240506,51.510234],[-0.240507,51.51023],[-0.240508,51.510223],[-0.240507,51.510214],[-0.240504,51.510169],[-0.240494,51.510131],[-0.240491,51.510122],[-0.240427,51.510005],[-0.24042,51.510005],[-0.240147,51.510021],[-0.240114,51.510023],[-0.240075,51.510025],[-0.239986,51.510031],[-0.239859,51.510038],[-0.239576,51.510055],[-0.239566,51.510056],[-0.239584,51.510041],[-0.239594,51.51004],[-0.239594,51.510033],[-0.2396,51.510028],[-0.239588,51.50996],[-0.239587,51.509955],[-0.23953,51.509935],[-0.239228,51.509831],[-0.2392,51.509821],[-0.239143,51.509787],[-0.239136,51.509782],[-0.239106,51.50977],[-0.239091,51.509762],[-0.239097,51.509757],[-0.239103,51.509752],[-0.239221,51.509689],[-0.23924,51.509683],[-0.239246,51.50968],[-0.239253,51.509675],[-0.239269,51.509661],[-0.239278,51.509644],[-0.23929,51.509622],[-0.239291,51.509619],[-0.239282,51.50956],[-0.239277,51.509554],[-0.239205,51.50948],[-0.239267,51.50945],[-0.239257,51.509451],[-0.239256,51.509444],[-0.2391,51.509451],[-0.238997,51.509456],[-0.23899,51.509457],[-0.238962,51.509458],[-0.238953,51.509458],[-0.238895,51.509459],[-0.238776,51.509462],[-0.23868,51.509465],[-0.238679,51.509454],[-0.238752,51.509356],[-0.23875,51.509349],[-0.238737,51.509313],[-0.238734,51.509303],[-0.238733,51.5093],[-0.238688,51.509266],[-0.238684,51.509264],[-0.238656,51.509252],[-0.238654,51.509247],[-0.238656,51.509226],[-0.238651,51.509208],[-0.238651,51.509203],[-0.238654,51.509185],[-0.238654,51.509179],[-0.238645,51.509146],[-0.238646,51.509142],[-0.238648,51.509125],[-0.238647,51.509122],[-0.238644,51.509109],[-0.238647,51.509091],[-0.238645,51.509082],[-0.238642,51.509063],[-0.238643,51.509059],[-0.238644,51.509052],[-0.238638,51.509021],[-0.238641,51.509002],[-0.23864,51.508997],[-0.238638,51.508987],[-0.238632,51.508961],[-0.238633,51.508957],[-0.238631,51.508947],[-0.238628,51.508934],[-0.23863,51.508925],[-0.238631,51.508919],[-0.238625,51.508888],[-0.238625,51.508886],[-0.238626,51.50888],[-0.238623,51.508861],[-0.23862,51.508844],[-0.238622,51.508834],[-0.238614,51.508792],[-0.238616,51.508782],[-0.238617,51.508777],[-0.238616,51.508771],[-0.238612,51.508757],[-0.238615,51.508743],[-0.238608,51.508709],[-0.238612,51.508692],[-0.23861,51.508686],[-0.238609,51.50868],[-0.238612,51.508668],[-0.238613,51.508662],[-0.238613,51.508658],[-0.238608,51.508636],[-0.238613,51.508612],[-0.238614,51.508605],[-0.238613,51.5086],[-0.238613,51.508596],[-0.238618,51.508561],[-0.238619,51.508551],[-0.238623,51.508525],[-0.238622,51.508522],[-0.238623,51.508514],[-0.238629,51.50848],[-0.238628,51.508478],[-0.238627,51.508475],[-0.238623,51.508466],[-0.238626,51.508434],[-0.238622,51.508425],[-0.23862,51.508422],[-0.23862,51.508413],[-0.238621,51.508388],[-0.238619,51.508384],[-0.238617,51.50838],[-0.238615,51.508377],[-0.238618,51.508344],[-0.238613,51.508334],[-0.238614,51.50832],[-0.238615,51.5083],[-0.23861,51.50829],[-0.238608,51.508285],[-0.238607,51.508283],[-0.238609,51.50826],[-0.238598,51.508238],[-0.238599,51.50823],[-0.238602,51.50821],[-0.238599,51.508204],[-0.238597,51.5082],[-0.238598,51.508195],[-0.238602,51.508167],[-0.238598,51.508159],[-0.238589,51.50814],[-0.238592,51.508134],[-0.238595,51.508126],[-0.238588,51.508079],[-0.23858,51.508069],[-0.238559,51.508042],[-0.238556,51.50804],[-0.238539,51.508027],[-0.238541,51.508023],[-0.238559,51.507992],[-0.23856,51.507979],[-0.238562,51.507946],[-0.238559,51.507938],[-0.238547,51.507907],[-0.238548,51.507904],[-0.23855,51.507898],[-0.238555,51.507868],[-0.238555,51.507864],[-0.238543,51.507821],[-0.238532,51.507808],[-0.238514,51.507786],[-0.238513,51.507781],[-0.238514,51.507778],[-0.238503,51.507741],[-0.238504,51.507736],[-0.238505,51.50773],[-0.238503,51.507717],[-0.238501,51.50771],[-0.238502,51.507704],[-0.238505,51.507691],[-0.238506,51.507687],[-0.238501,51.50765],[-0.2385,51.507645],[-0.238497,51.50764],[-0.238497,51.507632],[-0.238496,51.50761],[-0.238495,51.507606],[-0.238491,51.507595],[-0.238491,51.507582],[-0.238492,51.507555],[-0.238489,51.507546],[-0.238503,51.507518],[-0.238504,51.507514],[-0.238506,51.507471],[-0.2385,51.507456],[-0.23849,51.507435],[-0.238495,51.507424],[-0.238503,51.507379],[-0.238501,51.507376],[-0.23849,51.507339],[-0.238482,51.50733],[-0.23846,51.507304],[-0.238455,51.507298],[-0.238391,51.507252],[-0.238365,51.507239],[-0.238358,51.507235],[-0.238366,51.50723],[-0.238378,51.507221],[-0.23842,51.50718],[-0.238426,51.50717],[-0.238452,51.507123],[-0.238493,51.507051],[-0.238505,51.50704],[-0.238548,51.507003],[-0.238559,51.506993],[-0.238611,51.506963],[-0.2386,51.506941],[-0.238595,51.506923],[-0.238594,51.506918],[-0.238583,51.506895],[-0.238567,51.506859],[-0.238475,51.506802],[-0.238382,51.506791],[-0.238256,51.506792],[-0.238232,51.50681],[-0.23816,51.506954],[-0.238152,51.506962],[-0.238119,51.506997],[-0.238114,51.507003],[-0.238119,51.507013],[-0.238127,51.507069],[-0.238126,51.507074],[-0.238125,51.50708],[-0.238133,51.507111],[-0.238142,51.507146],[-0.238184,51.507217],[-0.238205,51.507237],[-0.238211,51.507242],[-0.238207,51.507249],[-0.238199,51.50726],[-0.238162,51.507359],[-0.238162,51.507361],[-0.238166,51.507412],[-0.238167,51.507433],[-0.238165,51.507437],[-0.238149,51.50747],[-0.238151,51.507477],[-0.238164,51.507519],[-0.238168,51.507547],[-0.238177,51.50761],[-0.238182,51.507645],[-0.238186,51.507672],[-0.238189,51.507699],[-0.238194,51.507735],[-0.238199,51.507769],[-0.238201,51.507785],[-0.238207,51.507824],[-0.238209,51.507843],[-0.238219,51.507874],[-0.238234,51.50792],[-0.238241,51.507938],[-0.238248,51.507961],[-0.238254,51.507969],[-0.238259,51.507977],[-0.238313,51.508053],[-0.238323,51.508067],[-0.238357,51.508115],[-0.238374,51.50815],[-0.238384,51.50817],[-0.238386,51.508192],[-0.238387,51.508211],[-0.238399,51.508211],[-0.238417,51.50825],[-0.238432,51.508283],[-0.23845,51.508324],[-0.238446,51.508338],[-0.238434,51.508377],[-0.238415,51.50844],[-0.238402,51.508483],[-0.238391,51.50852],[-0.238369,51.508593],[-0.238347,51.508664],[-0.238335,51.508704],[-0.23832,51.508753],[-0.238301,51.508816],[-0.238302,51.508826],[-0.238303,51.508838],[-0.238304,51.508874],[-0.238305,51.508883],[-0.238307,51.508929],[-0.23831,51.508996],[-0.238313,51.509043],[-0.238313,51.509054],[-0.238316,51.509104],[-0.238319,51.509177],[-0.23832,51.509198],[-0.238323,51.509243],[-0.238326,51.509314],[-0.238329,51.509371],[-0.238334,51.509473],[-0.238328,51.509474],[-0.23833,51.509484],[-0.238312,51.509492],[-0.238271,51.509493],[-0.238254,51.509493],[-0.238111,51.509495],[-0.238088,51.509496],[-0.237928,51.509498],[-0.237927,51.509476],[-0.237922,51.509402],[-0.237919,51.509396],[-0.237921,51.509335],[-0.237924,51.509328],[-0.237919,51.509283],[-0.237919,51.509241],[-0.237922,51.509234],[-0.237921,51.509219],[-0.237919,51.509202],[-0.237912,51.509181],[-0.237913,51.509142],[-0.23791,51.509103],[-0.237907,51.509094],[-0.237906,51.509057],[-0.237905,51.509045],[-0.237907,51.509041],[-0.237903,51.509012],[-0.237901,51.508993],[-0.2379,51.50899],[-0.237897,51.508946],[-0.237903,51.508929],[-0.2379,51.508905],[-0.237899,51.508898],[-0.237898,51.508855],[-0.237899,51.508851],[-0.237892,51.508806],[-0.237891,51.508798],[-0.237883,51.508779],[-0.23788,51.508748],[-0.237882,51.508742],[-0.237887,51.508726],[-0.237883,51.508703],[-0.237889,51.50866],[-0.237909,51.508618],[-0.237918,51.508607],[-0.237953,51.508563],[-0.238,51.508523],[-0.238057,51.508485],[-0.238026,51.508449],[-0.238019,51.508439],[-0.237989,51.50837],[-0.237981,51.508329],[-0.237981,51.508305],[-0.237951,51.508273],[-0.23792,51.50822],[-0.237435,51.508237],[-0.237431,51.508153],[-0.237426,51.508074],[-0.237424,51.508038],[-0.23742,51.508012],[-0.23741,51.507926],[-0.237408,51.507911],[-0.237401,51.507856],[-0.237391,51.507768],[-0.237378,51.50766],[-0.237372,51.507614],[-0.237363,51.507538],[-0.237354,51.507463],[-0.237341,51.507353],[-0.23734,51.507349],[-0.237337,51.507326],[-0.237325,51.507228],[-0.237317,51.507179],[-0.237312,51.507148],[-0.237305,51.507108],[-0.237279,51.506949],[-0.237275,51.506928],[-0.237267,51.506876],[-0.237261,51.506812],[-0.237258,51.506776],[-0.237257,51.506772],[-0.237253,51.506721],[-0.237254,51.506718],[-0.237233,51.506718],[-0.237218,51.506719],[-0.237217,51.506716],[-0.237196,51.506712],[-0.237035,51.506687],[-0.23703,51.50668],[-0.236985,51.506655],[-0.236924,51.506641],[-0.236921,51.506619],[-0.236844,51.506604],[-0.236623,51.506601],[-0.236622,51.506597],[-0.236606,51.506452],[-0.236608,51.506427],[-0.236695,51.506424],[-0.236764,51.506423],[-0.236848,51.506421],[-0.236891,51.50642],[-0.23692,51.506419],[-0.237048,51.506413],[-0.237109,51.50641],[-0.237199,51.506406],[-0.237208,51.506406],[-0.237214,51.506405],[-0.237284,51.506402],[-0.237308,51.506401],[-0.237352,51.506399],[-0.237369,51.506399],[-0.237485,51.506395],[-0.237587,51.506392],[-0.237621,51.506391],[-0.237683,51.506389],[-0.237707,51.506388],[-0.237717,51.506388],[-0.237774,51.506388],[-0.237797,51.506387],[-0.237843,51.506387],[-0.237887,51.506387],[-0.237904,51.506387],[-0.237978,51.506386],[-0.238013,51.506387],[-0.238052,51.506387],[-0.238081,51.506388],[-0.238127,51.506388],[-0.238214,51.50639],[-0.238235,51.506391],[-0.238308,51.506395],[-0.238341,51.506397],[-0.238346,51.506398],[-0.238421,51.506402],[-0.238494,51.506406],[-0.238525,51.506408],[-0.238541,51.506409],[-0.238566,51.506411],[-0.238571,51.506411],[-0.23864,51.506414],[-0.238652,51.506414],[-0.238742,51.506418],[-0.238823,51.506421],[-0.238839,51.506422],[-0.238898,51.506425],[-0.238981,51.506428],[-0.238989,51.506428],[-0.239062,51.506431],[-0.239125,51.506434],[-0.239207,51.506442],[-0.239269,51.506449],[-0.239287,51.50645],[-0.23937,51.506459],[-0.239634,51.506485],[-0.239639,51.506486],[-0.239933,51.506516],[-0.240001,51.506522],[-0.240056,51.506528],[-0.240074,51.50653],[-0.240089,51.506531],[-0.240142,51.506537],[-0.240163,51.506539],[-0.240208,51.506542],[-0.240257,51.506545],[-0.240303,51.506548],[-0.240576,51.506566],[-0.24059,51.506567],[-0.240604,51.506568],[-0.240691,51.506574],[-0.240754,51.506578],[-0.240958,51.506591],[-0.240967,51.506592],[-0.240993,51.506593],[-0.241005,51.506594],[-0.241034,51.506596],[-0.241198,51.506607],[-0.241344,51.506616],[-0.241358,51.506617],[-0.241666,51.506638],[-0.241671,51.506638],[-0.241842,51.506658],[-0.241891,51.506664],[-0.24202,51.506679],[-0.242348,51.506709],[-0.242307,51.506952],[-0.242303,51.507065],[-0.242309,51.507099],[-0.242315,51.507131],[-0.242025,51.507163],[-0.241968,51.507162],[-0.241883,51.507157],[-0.241862,51.507155],[-0.241793,51.507151],[-0.241677,51.50755],[-0.241627,51.507548],[-0.241574,51.507542],[-0.241449,51.507518],[-0.241379,51.507497],[-0.241238,51.507445],[-0.241233,51.507433],[-0.241172,51.507382],[-0.241116,51.507319],[-0.241099,51.507285],[-0.24109,51.507255],[-0.241081,51.507205],[-0.241081,51.507203],[-0.241076,51.507178],[-0.241078,51.507167],[-0.241083,51.507135],[-0.241079,51.507122],[-0.24107,51.507097],[-0.241068,51.507091],[-0.241031,51.507071],[-0.240913,51.507011],[-0.240732,51.506991],[-0.240651,51.507],[-0.240484,51.507019],[-0.240476,51.507027],[-0.24043,51.507075],[-0.240412,51.507076],[-0.23998,51.507102],[-0.23995,51.50715],[-0.239927,51.507186],[-0.239862,51.507287],[-0.239863,51.507293],[-0.239866,51.507306],[-0.239868,51.507313],[-0.239877,51.507347],[-0.23988,51.507363],[-0.239881,51.507386],[-0.239882,51.507394],[-0.239883,51.5074],[-0.239883,51.507409],[-0.239887,51.507432],[-0.239886,51.507444],[-0.239889,51.507473],[-0.239889,51.507476],[-0.239887,51.507514],[-0.239888,51.507527],[-0.239889,51.507538],[-0.239894,51.50756],[-0.239901,51.507587],[-0.239904,51.507595],[-0.239905,51.507603],[-0.239906,51.507612],[-0.239916,51.507649],[-0.239918,51.507679],[-0.239922,51.507694],[-0.239922,51.507697],[-0.239923,51.50772],[-0.239927,51.507737],[-0.239929,51.50775],[-0.23993,51.507777],[-0.239935,51.507809],[-0.239939,51.50782],[-0.239942,51.507829],[-0.239943,51.507838],[-0.23995,51.507867],[-0.239954,51.50791],[-0.239955,51.507921],[-0.239953,51.507933],[-0.239955,51.507953],[-0.239956,51.507965],[-0.239965,51.507998],[-0.239979,51.508058],[-0.239981,51.508088],[-0.239983,51.508097],[-0.239986,51.508106],[-0.239995,51.508163],[-0.239995,51.508171],[-0.240005,51.508212],[-0.24001,51.508261],[-0.240011,51.508267],[-0.240017,51.508297],[-0.240018,51.508304],[-0.240021,51.508322],[-0.240025,51.508339],[-0.240026,51.508346],[-0.24003,51.508387],[-0.240032,51.508393],[-0.240042,51.508441],[-0.240044,51.508482],[-0.240044,51.508488],[-0.240048,51.508513],[-0.240051,51.508519],[-0.240058,51.508538],[-0.240062,51.508552],[-0.240063,51.508561],[-0.240067,51.508612],[-0.240069,51.508621],[-0.240069,51.508645],[-0.24007,51.508655],[-0.240072,51.508667],[-0.240076,51.508682],[-0.240078,51.508701],[-0.240081,51.508715],[-0.240084,51.508745],[-0.240088,51.508789],[-0.240092,51.508807],[-0.240101,51.508834],[-0.240111,51.508863],[-0.240111,51.50887],[-0.240113,51.508881],[-0.240114,51.508886],[-0.240814,51.508862],[-0.240824,51.508862],[-0.24083,51.50889],[-0.240852,51.508889],[-0.24086,51.508897],[-0.240869,51.508907],[-0.240945,51.508905],[-0.241221,51.508899],[-0.241277,51.508897],[-0.241519,51.508892],[-0.241549,51.508891],[-0.241576,51.50889],[-0.241584,51.50889],[-0.241592,51.508889],[-0.241599,51.508889],[-0.241672,51.508885],[-0.241685,51.508885],[-0.241727,51.508884],[-0.241757,51.508886],[-0.241814,51.508885],[-0.241837,51.508884],[-0.241865,51.508884],[-0.241871,51.508884],[-0.241909,51.508883],[-0.241945,51.508883],[-0.241899,51.50889],[-0.24186,51.5089],[-0.241879,51.50911],[-0.241913,51.50912],[-0.241932,51.509122],[-0.242171,51.509148],[-0.242188,51.509156],[-0.242245,51.509183],[-0.242249,51.509196],[-0.242255,51.509217],[-0.241985,51.50935],[-0.241968,51.509364],[-0.241961,51.509369],[-0.242251,51.509522],[-0.242257,51.509526],[-0.24224,51.509538],[-0.241981,51.509617],[-0.241955,51.509629],[-0.241942,51.509636],[-0.241993,51.50986],[-0.241994,51.509873],[-0.241054,51.509936],[-0.241053,51.509941],[-0.241057,51.509967],[-0.241071,51.510037],[-0.241085,51.510107],[-0.241097,51.510153],[-0.241098,51.510161],[-0.241115,51.510234],[-0.241117,51.510243],[-0.241124,51.510277],[-0.241125,51.510284],[-0.241135,51.510331],[-0.241144,51.510371],[-0.241158,51.510437],[-0.241173,51.51051],[-0.241186,51.51057],[-0.241195,51.510613],[-0.241198,51.510629],[-0.2412,51.510638],[-0.241206,51.510666],[-0.241212,51.510694],[-0.241214,51.510705],[-0.241223,51.510757],[-0.241239,51.510847],[-0.241247,51.510892],[-0.24125,51.510911],[-0.241262,51.510978],[-0.241268,51.511015],[-0.241286,51.511116],[-0.241298,51.511184],[-0.241305,51.511226]]]}},{"type":"Feature","properties":{"LSOA21CD":"E01001955","LSOA21NM":"Hammersmith and Fulham 002A","MEAN_PTAL_":"2","mean_AI":9.082236357,"borough":"Hammersmith & Fulham"},"geometry":{"type":"Polygon","coordinates":[[[-0.236128,51.514301],[-0.236027,51.514149],[-0.235947,51.514028],[-0.235954,51.514024],[-0.236244,51.513865],[-0.236235,51.513812],[-0.236222,51.513785],[-0.236208,51.513775],[-0.236151,51.513756],[-0.236049,51.513755],[-0.236021,51.513755],[-0.235949,51.513753],[-0.235903,51.513751],[-0.235877,51.513749],[-0.235852,51.513747],[-0.235801,51.513744],[-0.235762,51.513742],[-0.235349,51.513769],[-0.235318,51.513771],[-0.235315,51.51376],[-0.23531,51.51375],[-0.235307,51.513735],[-0.235285,51.513619],[-0.235263,51.513509],[-0.235255,51.513469],[-0.235242,51.513401],[-0.234901,51.513427],[-0.234887,51.513419],[-0.234881,51.513416],[-0.234892,51.51337],[-0.234893,51.513365],[-0.234188,51.512881],[-0.234186,51.512699],[-0.23417,51.512689],[-0.234149,51.512675],[-0.234167,51.512378],[-0.234038,51.512384],[-0.23355,51.512422],[-0.233547,51.512403],[-0.233453,51.511866],[-0.233967,51.51185],[-0.233983,51.511853],[-0.234148,51.511889],[-0.234155,51.51189],[-0.234196,51.51191],[-0.234187,51.512049],[-0.23442,51.512031],[-0.23445,51.512029],[-0.234508,51.512024],[-0.234806,51.512001],[-0.23476,51.511779],[-0.234704,51.511513],[-0.234606,51.511047],[-0.234601,51.511024],[-0.234575,51.5109],[-0.234269,51.510923],[-0.234215,51.510929],[-0.234215,51.510934],[-0.234004,51.510945],[-0.233934,51.510949],[-0.233794,51.510956],[-0.233782,51.510956],[-0.233618,51.509868],[-0.23361,51.509811],[-0.234554,51.509749],[-0.234602,51.509803],[-0.235171,51.509897],[-0.235176,51.509895],[-0.235182,51.509892],[-0.235209,51.509896],[-0.235277,51.509901],[-0.235285,51.5099],[-0.235363,51.509891],[-0.235372,51.50989],[-0.235458,51.509886],[-0.235483,51.509888],[-0.235572,51.509895],[-0.235589,51.509892],[-0.235616,51.509886],[-0.235704,51.509887],[-0.235724,51.509885],[-0.235748,51.509883],[-0.235756,51.509882],[-0.235761,51.509882],[-0.235765,51.509881],[-0.235789,51.509881],[-0.235818,51.509882],[-0.235833,51.509879],[-0.235868,51.509874],[-0.235898,51.509869],[-0.235967,51.509864],[-0.235982,51.509864],[-0.235989,51.509863],[-0.235996,51.509862],[-0.236042,51.509856],[-0.236076,51.509851],[-0.236085,51.50985],[-0.236174,51.509835],[-0.236195,51.509835],[-0.23625,51.509838],[-0.236259,51.509837],[-0.236281,51.509835],[-0.236298,51.509834],[-0.236305,51.509834],[-0.236321,51.509835],[-0.236371,51.509833],[-0.236424,51.509834],[-0.236431,51.509834],[-0.236446,51.509833],[-0.236451,51.509833],[-0.236473,51.509834],[-0.236533,51.509837],[-0.23655,51.509838],[-0.236616,51.509847],[-0.236624,51.509848],[-0.236629,51.509847],[-0.236655,51.509847],[-0.236684,51.509847],[-0.23669,51.509846],[-0.236705,51.509845],[-0.23673,51.509842],[-0.236785,51.509841],[-0.236796,51.50984],[-0.23683,51.509843],[-0.236866,51.509843],[-0.236881,51.509843],[-0.236889,51.509843],[-0.236935,51.50984],[-0.236951,51.509838],[-0.236966,51.509837],[-0.237003,51.509839],[-0.237023,51.509837],[-0.237033,51.509837],[-0.237038,51.509839],[-0.237056,51.509849],[-0.237068,51.509856],[-0.237074,51.50986],[-0.237086,51.509864],[-0.237171,51.509914],[-0.237192,51.509921],[-0.237538,51.510032],[-0.237556,51.510038],[-0.237559,51.510042],[-0.237565,51.51004],[-0.237569,51.510038],[-0.237929,51.509891],[-0.237943,51.509881],[-0.237986,51.509851],[-0.238005,51.509842],[-0.238025,51.509828],[-0.23803,51.509825],[-0.238025,51.509822],[-0.238022,51.50982],[-0.23795,51.509776],[-0.237908,51.509727],[-0.237893,51.509686],[-0.237892,51.509682],[-0.237899,51.509626],[-0.23791,51.509607],[-0.237956,51.509527],[-0.237929,51.509509],[-0.237928,51.509498],[-0.238088,51.509496],[-0.238111,51.509495],[-0.238254,51.509493],[-0.238271,51.509493],[-0.238312,51.509492],[-0.23833,51.509484],[-0.238328,51.509474],[-0.238334,51.509473],[-0.238329,51.509371],[-0.238326,51.509314],[-0.238323,51.509243],[-0.23832,51.509198],[-0.238319,51.509177],[-0.238316,51.509104],[-0.238313,51.509054],[-0.238313,51.509043],[-0.23831,51.508996],[-0.238307,51.508929],[-0.238305,51.508883],[-0.238304,51.508874],[-0.238303,51.508838],[-0.238302,51.508826],[-0.238301,51.508816],[-0.23832,51.508753],[-0.238335,51.508704],[-0.238347,51.508664],[-0.238369,51.508593],[-0.238391,51.50852],[-0.238402,51.508483],[-0.238415,51.50844],[-0.238434,51.508377],[-0.238446,51.508338],[-0.23845,51.508324],[-0.238432,51.508283],[-0.238417,51.50825],[-0.238399,51.508211],[-0.238387,51.508211],[-0.238386,51.508192],[-0.238384,51.50817],[-0.238374,51.50815],[-0.238357,51.508115],[-0.238323,51.508067],[-0.238313,51.508053],[-0.238259,51.507977],[-0.238254,51.507969],[-0.238248,51.507961],[-0.238241,51.507938],[-0.238234,51.50792],[-0.238219,51.507874],[-0.238209,51.507843],[-0.238207,51.507824],[-0.238201,51.507785],[-0.238199,51.507769],[-0.238194,51.507735],[-0.238189,51.507699],[-0.238186,51.507672],[-0.238182,51.507645],[-0.238177,51.50761],[-0.238168,51.507547],[-0.238164,51.507519],[-0.238151,51.507477],[-0.238149,51.50747],[-0.238165,51.507437],[-0.238167,51.507433],[-0.238166,51.507412],[-0.238162,51.507361],[-0.238162,51.507359],[-0.238199,51.50726],[-0.238207,51.507249],[-0.238211,51.507242],[-0.238205,51.507237],[-0.238184,51.507217],[-0.238142,51.507146],[-0.238133,51.507111],[-0.238125,51.50708],[-0.238126,51.507074],[-0.238127,51.507069],[-0.238119,51.507013],[-0.238114,51.507003],[-0.238119,51.506997],[-0.238152,51.506962],[-0.23816,51.506954],[-0.238232,51.50681],[-0.238256,51.506792],[-0.238382,51.506791],[-0.238475,51.506802],[-0.238567,51.506859],[-0.238583,51.506895],[-0.238594,51.506918],[-0.238595,51.506923],[-0.2386,51.506941],[-0.238611,51.506963],[-0.238559,51.506993],[-0.238548,51.507003],[-0.238505,51.50704],[-0.238493,51.507051],[-0.238452,51.507123],[-0.238426,51.50717],[-0.23842,51.50718],[-0.238378,51.507221],[-0.238366,51.50723],[-0.238358,51.507235],[-0.238365,51.507239],[-0.238391,51.507252],[-0.238455,51.507298],[-0.23846,51.507304],[-0.238482,51.50733],[-0.23849,51.507339],[-0.238501,51.507376],[-0.238503,51.507379],[-0.238495,51.507424],[-0.23849,51.507435],[-0.2385,51.507456],[-0.238506,51.507471],[-0.238504,51.507514],[-0.238503,51.507518],[-0.238489,51.507546],[-0.238492,51.507555],[-0.238491,51.507582],[-0.238491,51.507595],[-0.238495,51.507606],[-0.238496,51.50761],[-0.238497,51.507632],[-0.238497,51.50764],[-0.2385,51.507645],[-0.238501,51.50765],[-0.238506,51.507687],[-0.238505,51.507691],[-0.238502,51.507704],[-0.238501,51.50771],[-0.238503,51.507717],[-0.238505,51.50773],[-0.238504,51.507736],[-0.238503,51.507741],[-0.238514,51.507778],[-0.238513,51.507781],[-0.238514,51.507786],[-0.238532,51.507808],[-0.238543,51.507821],[-0.238555,51.507864],[-0.238555,51.507868],[-0.23855,51.507898],[-0.238548,51.507904],[-0.238547,51.507907],[-0.238559,51.507938],[-0.238562,51.507946],[-0.23856,51.507979],[-0.238559,51.507992],[-0.238541,51.508023],[-0.238539,51.508027],[-0.238556,51.50804],[-0.238559,51.508042],[-0.23858,51.508069],[-0.238588,51.508079],[-0.238595,51.508126],[-0.238592,51.508134],[-0.238589,51.50814],[-0.238598,51.508159],[-0.238602,51.508167],[-0.238598,51.508195],[-0.238597,51.5082],[-0.238599,51.508204],[-0.238602,51.50821],[-0.238599,51.50823],[-0.238598,51.508238],[-0.238609,51.50826],[-0.238607,51.508283],[-0.238608,51.508285],[-0.23861,51.50829],[-0.238615,51.5083],[-0.238614,51.50832],[-0.238613,51.508334],[-0.238618,51.508344],[-0.238615,51.508377],[-0.238617,51.50838],[-0.238619,51.508384],[-0.238621,51.508388],[-0.23862,51.508413],[-0.23862,51.508422],[-0.238622,51.508425],[-0.238626,51.508434],[-0.238623,51.508466],[-0.238627,51.508475],[-0.238628,51.508478],[-0.238629,51.50848],[-0.238623,51.508514],[-0.238622,51.508522],[-0.238623,51.508525],[-0.238619,51.508551],[-0.238618,51.508561],[-0.238613,51.508596],[-0.238613,51.5086],[-0.238614,51.508605],[-0.238613,51.508612],[-0.238608,51.508636],[-0.238613,51.508658],[-0.238613,51.508662],[-0.238612,51.508668],[-0.238609,51.50868],[-0.23861,51.508686],[-0.238612,51.508692],[-0.238608,51.508709],[-0.238615,51.508743],[-0.238612,51.508757],[-0.238616,51.508771],[-0.238617,51.508777],[-0.238616,51.508782],[-0.238614,51.508792],[-0.238622,51.508834],[-0.23862,51.508844],[-0.238623,51.508861],[-0.238626,51.50888],[-0.238625,51.508886],[-0.238625,51.508888],[-0.238631,51.508919],[-0.23863,51.508925],[-0.238628,51.508934],[-0.238631,51.508947],[-0.238633,51.508957],[-0.238632,51.508961],[-0.238638,51.508987],[-0.23864,51.508997],[-0.238641,51.509002],[-0.238638,51.509021],[-0.238644,51.509052],[-0.238643,51.509059],[-0.238642,51.509063],[-0.238645,51.509082],[-0.238647,51.509091],[-0.238644,51.509109],[-0.238647,51.509122],[-0.238648,51.509125],[-0.238646,51.509142],[-0.238645,51.509146],[-0.238654,51.509179],[-0.238654,51.509185],[-0.238651,51.509203],[-0.238651,51.509208],[-0.238656,51.509226],[-0.238654,51.509247],[-0.238656,51.509252],[-0.238684,51.509264],[-0.238688,51.509266],[-0.238733,51.5093],[-0.238734,51.509303],[-0.238737,51.509313],[-0.23875,51.509349],[-0.238752,51.509356],[-0.238679,51.509454],[-0.23868,51.509465],[-0.238776,51.509462],[-0.238895,51.509459],[-0.238953,51.509458],[-0.238962,51.509458],[-0.23899,51.509457],[-0.238997,51.509456],[-0.2391,51.509451],[-0.239256,51.509444],[-0.239257,51.509451],[-0.239267,51.50945],[-0.239205,51.50948],[-0.239277,51.509554],[-0.239282,51.50956],[-0.239291,51.509619],[-0.23929,51.509622],[-0.239278,51.509644],[-0.239269,51.509661],[-0.239253,51.509675],[-0.239246,51.50968],[-0.23924,51.509683],[-0.239221,51.509689],[-0.239103,51.509752],[-0.239097,51.509757],[-0.239091,51.509762],[-0.239106,51.50977],[-0.239136,51.509782],[-0.239143,51.509787],[-0.2392,51.509821],[-0.239228,51.509831],[-0.23953,51.509935],[-0.239587,51.509955],[-0.239588,51.50996],[-0.2396,51.510028],[-0.239594,51.510033],[-0.239594,51.51004],[-0.239584,51.510041],[-0.239566,51.510056],[-0.239576,51.510055],[-0.239859,51.510038],[-0.239986,51.510031],[-0.240075,51.510025],[-0.240114,51.510023],[-0.240147,51.510021],[-0.24042,51.510005],[-0.240427,51.510005],[-0.240491,51.510122],[-0.240494,51.510131],[-0.240504,51.510169],[-0.240507,51.510214],[-0.240508,51.510223],[-0.240507,51.51023],[-0.240506,51.510234],[-0.240474,51.510325],[-0.240472,51.51033],[-0.240434,51.510394],[-0.240429,51.510403],[-0.240364,51.510485],[-0.240369,51.510497],[-0.24038,51.510525],[-0.240386,51.510538],[-0.240389,51.510576],[-0.240391,51.510585],[-0.240395,51.510601],[-0.240396,51.510607],[-0.240397,51.51064],[-0.240398,51.510659],[-0.240409,51.510726],[-0.240412,51.510736],[-0.240418,51.510756],[-0.240419,51.510761],[-0.240424,51.51081],[-0.240432,51.510814],[-0.240438,51.510817],[-0.240483,51.510844],[-0.240511,51.510858],[-0.240529,51.510864],[-0.240539,51.510867],[-0.240574,51.510882],[-0.240604,51.510894],[-0.240628,51.510904],[-0.240655,51.510919],[-0.240678,51.510928],[-0.240702,51.510937],[-0.240725,51.51095],[-0.240788,51.510983],[-0.240805,51.510992],[-0.240815,51.510998],[-0.241209,51.5112],[-0.241233,51.511193],[-0.241305,51.511226],[-0.241307,51.511235],[-0.241493,51.511319],[-0.241511,51.511327],[-0.241296,51.511514],[-0.241277,51.51153],[-0.24122,51.51161],[-0.241216,51.511615],[-0.241231,51.511625],[-0.241237,51.511628],[-0.241282,51.511651],[-0.241287,51.511655],[-0.241325,51.511682],[-0.241325,51.511685],[-0.241325,51.511697],[-0.24132,51.511712],[-0.24132,51.511728],[-0.241341,51.511792],[-0.24135,51.511806],[-0.24136,51.511819],[-0.241411,51.512098],[-0.241419,51.512144],[-0.24142,51.51215],[-0.241408,51.512147],[-0.241391,51.512149],[-0.240907,51.512199],[-0.24089,51.512205],[-0.240873,51.512208],[-0.240836,51.512214],[-0.240793,51.512221],[-0.24067,51.512226],[-0.240659,51.51223],[-0.240656,51.512232],[-0.240651,51.512238],[-0.240646,51.512244],[-0.240624,51.512252],[-0.24056,51.512354],[-0.24055,51.512362],[-0.24034,51.512548],[-0.240328,51.512559],[-0.240322,51.512564],[-0.240324,51.512568],[-0.240598,51.512699],[-0.240713,51.512753],[-0.240728,51.512761],[-0.240734,51.512764],[-0.240745,51.512759],[-0.240751,51.512761],[-0.240758,51.512756],[-0.24078,51.512767],[-0.240822,51.51279],[-0.240847,51.512804],[-0.240881,51.512823],[-0.240902,51.512834],[-0.241111,51.51295],[-0.241136,51.512967],[-0.24118,51.512997],[-0.240929,51.513135],[-0.240924,51.513142],[-0.24086,51.513214],[-0.240858,51.513217],[-0.240823,51.513211],[-0.240805,51.513208],[-0.240656,51.513278],[-0.240617,51.513312],[-0.240609,51.513319],[-0.240581,51.513384],[-0.240579,51.513389],[-0.240534,51.513434],[-0.240522,51.513447],[-0.240503,51.513488],[-0.24049,51.513519],[-0.240498,51.513597],[-0.240498,51.513605],[-0.24047,51.513615],[-0.240435,51.513624],[-0.240395,51.51364],[-0.240389,51.513641],[-0.240345,51.513659],[-0.240321,51.513669],[-0.240299,51.513675],[-0.240279,51.51368],[-0.240257,51.513689],[-0.240237,51.513697],[-0.240218,51.513708],[-0.240214,51.513711],[-0.240047,51.513769],[-0.240043,51.513771],[-0.240009,51.513759],[-0.239695,51.51393],[-0.23969,51.513933],[-0.239707,51.51394],[-0.239777,51.513973],[-0.239818,51.513992],[-0.239812,51.514066],[-0.239161,51.514157],[-0.239153,51.514159],[-0.239144,51.51416],[-0.239141,51.514175],[-0.239074,51.514233],[-0.239034,51.514268],[-0.238999,51.514264],[-0.238989,51.514263],[-0.238884,51.51425],[-0.238792,51.514243],[-0.238492,51.514221],[-0.238437,51.51422],[-0.238424,51.514219],[-0.238267,51.514214],[-0.23824,51.514213],[-0.238161,51.514211],[-0.238157,51.514211],[-0.238087,51.514209],[-0.238076,51.514208],[-0.238068,51.514208],[-0.238013,51.514209],[-0.237948,51.514209],[-0.237892,51.514209],[-0.237761,51.514217],[-0.237743,51.514218],[-0.237719,51.51422],[-0.237703,51.514221],[-0.237632,51.514225],[-0.237567,51.514229],[-0.237559,51.514229],[-0.237553,51.51423],[-0.237471,51.514234],[-0.237343,51.514242],[-0.237337,51.514242],[-0.237292,51.514245],[-0.237274,51.514246],[-0.237231,51.51425],[-0.237206,51.514251],[-0.237195,51.514252],[-0.236988,51.514268],[-0.236969,51.514269],[-0.236948,51.514271],[-0.236909,51.514274],[-0.23688,51.514276],[-0.236749,51.514286],[-0.236744,51.514286],[-0.236712,51.514288],[-0.236644,51.514293],[-0.236635,51.514294],[-0.236341,51.514316],[-0.236204,51.514326],[-0.236164,51.514329],[-0.236147,51.51433],[-0.236128,51.514301]]]}},{"type":"Feature","properties":{"LSOA21CD":"E01001956","LSOA21NM":"Hammersmith and Fulham 003B","MEAN_PTAL_":"3","mean_AI":12.4146862114,"borough":"Hammersmith & Fulham"},"geometry":{"type":"Polygon","coordinates":[[[-0.241277,51.51153],[-0.241296,51.511514],[-0.241511,51.511327],[-0.241493,51.511319],[-0.241307,51.511235],[-0.241305,51.511226],[-0.241298,51.511184],[-0.241286,51.511116],[-0.241268,51.511015],[-0.241262,51.510978],[-0.24125,51.510911],[-0.241247,51.510892],[-0.241239,51.510847],[-0.241223,51.510757],[-0.241214,51.510705],[-0.241212,51.510694],[-0.241206,51.510666],[-0.2412,51.510638],[-0.241198,51.510629],[-0.241195,51.510613],[-0.241186,51.51057],[-0.241173,51.51051],[-0.241158,51.510437],[-0.241144,51.510371],[-0.241135,51.510331],[-0.241125,51.510284],[-0.241124,51.510277],[-0.241117,51.510243],[-0.241115,51.510234],[-0.241098,51.510161],[-0.241097,51.510153],[-0.241085,51.510107],[-0.241071,51.510037],[-0.241057,51.509967],[-0.241053,51.509941],[-0.241054,51.509936],[-0.241994,51.509873],[-0.241993,51.50986],[-0.241942,51.509636],[-0.241955,51.509629],[-0.241981,51.509617],[-0.24224,51.509538],[-0.242257,51.509526],[-0.242251,51.509522],[-0.241961,51.509369],[-0.241968,51.509364],[-0.241985,51.50935],[-0.242255,51.509217],[-0.242249,51.509196],[-0.242245,51.509183],[-0.242188,51.509156],[-0.242171,51.509148],[-0.241932,51.509122],[-0.241913,51.50912],[-0.241879,51.50911],[-0.24186,51.5089],[-0.241899,51.50889],[-0.241945,51.508883],[-0.241909,51.508883],[-0.241871,51.508884],[-0.241865,51.508884],[-0.241837,51.508884],[-0.241814,51.508885],[-0.241757,51.508886],[-0.241727,51.508884],[-0.241685,51.508885],[-0.241672,51.508885],[-0.241599,51.508889],[-0.241592,51.508889],[-0.241584,51.50889],[-0.241576,51.50889],[-0.241549,51.508891],[-0.241519,51.508892],[-0.241277,51.508897],[-0.241221,51.508899],[-0.240945,51.508905],[-0.240869,51.508907],[-0.24086,51.508897],[-0.240852,51.508889],[-0.24083,51.50889],[-0.240824,51.508862],[-0.240814,51.508862],[-0.240114,51.508886],[-0.240113,51.508881],[-0.240111,51.50887],[-0.240111,51.508863],[-0.240101,51.508834],[-0.240092,51.508807],[-0.240088,51.508789],[-0.240084,51.508745],[-0.240081,51.508715],[-0.240078,51.508701],[-0.240076,51.508682],[-0.240072,51.508667],[-0.24007,51.508655],[-0.240069,51.508645],[-0.240069,51.508621],[-0.240067,51.508612],[-0.240063,51.508561],[-0.240062,51.508552],[-0.240058,51.508538],[-0.240051,51.508519],[-0.240048,51.508513],[-0.240044,51.508488],[-0.240044,51.508482],[-0.240042,51.508441],[-0.240032,51.508393],[-0.24003,51.508387],[-0.240026,51.508346],[-0.240025,51.508339],[-0.240021,51.508322],[-0.240018,51.508304],[-0.240017,51.508297],[-0.240011,51.508267],[-0.24001,51.508261],[-0.240005,51.508212],[-0.239995,51.508171],[-0.239995,51.508163],[-0.239986,51.508106],[-0.239983,51.508097],[-0.239981,51.508088],[-0.239979,51.508058],[-0.239965,51.507998],[-0.239956,51.507965],[-0.239955,51.507953],[-0.239953,51.507933],[-0.239955,51.507921],[-0.239954,51.50791],[-0.23995,51.507867],[-0.239943,51.507838],[-0.239942,51.507829],[-0.239939,51.50782],[-0.239935,51.507809],[-0.23993,51.507777],[-0.239929,51.50775],[-0.239927,51.507737],[-0.239923,51.50772],[-0.239922,51.507697],[-0.239922,51.507694],[-0.239918,51.507679],[-0.239916,51.507649],[-0.239906,51.507612],[-0.239905,51.507603],[-0.239904,51.507595],[-0.239901,51.507587],[-0.239894,51.50756],[-0.239889,51.507538],[-0.239888,51.507527],[-0.239887,51.507514],[-0.239889,51.507476],[-0.239889,51.507473],[-0.239886,51.507444],[-0.239887,51.507432],[-0.239883,51.507409],[-0.239883,51.5074],[-0.239882,51.507394],[-0.239881,51.507386],[-0.23988,51.507363],[-0.239877,51.507347],[-0.239868,51.507313],[-0.239866,51.507306],[-0.239863,51.507293],[-0.239862,51.507287],[-0.239927,51.507186],[-0.23995,51.50715],[-0.23998,51.507102],[-0.240412,51.507076],[-0.24043,51.507075],[-0.240476,51.507027],[-0.240484,51.507019],[-0.240651,51.507],[-0.240732,51.506991],[-0.240913,51.507011],[-0.241031,51.507071],[-0.241068,51.507091],[-0.24107,51.507097],[-0.241079,51.507122],[-0.241083,51.507135],[-0.241078,51.507167],[-0.241076,51.507178],[-0.241081,51.507203],[-0.241081,51.507205],[-0.24109,51.507255],[-0.241099,51.507285],[-0.241116,51.507319],[-0.241172,51.507382],[-0.241233,51.507433],[-0.241238,51.507445],[-0.241379,51.507497],[-0.241449,51.507518],[-0.241574,51.507542],[-0.241627,51.507548],[-0.241677,51.50755],[-0.241793,51.507151],[-0.241862,51.507155],[-0.241883,51.507157],[-0.241968,51.507162],[-0.242025,51.507163],[-0.242315,51.507131],[-0.242309,51.507099],[-0.242303,51.507065],[-0.242307,51.506952],[-0.242348,51.506709],[-0.242643,51.50673],[-0.242792,51.50674],[-0.242893,51.506747],[-0.242931,51.506749],[-0.24299,51.506752],[-0.243028,51.506752],[-0.243092,51.506752],[-0.243268,51.506753],[-0.243374,51.506753],[-0.243545,51.506754],[-0.243628,51.506755],[-0.243753,51.506755],[-0.243828,51.506755],[-0.243855,51.506756],[-0.243884,51.506756],[-0.244002,51.506756],[-0.244098,51.506757],[-0.244175,51.506757],[-0.24419,51.506757],[-0.244211,51.506757],[-0.244352,51.506758],[-0.2446,51.506759],[-0.244673,51.506756],[-0.244767,51.506753],[-0.244912,51.506748],[-0.24502,51.506744],[-0.245064,51.506743],[-0.245072,51.506769],[-0.245116,51.506909],[-0.245181,51.507119],[-0.245193,51.507157],[-0.245237,51.507295],[-0.245264,51.507382],[-0.245279,51.507431],[-0.245294,51.507479],[-0.245302,51.507503],[-0.245305,51.507512],[-0.24533,51.507592],[-0.245332,51.507601],[-0.245339,51.507612],[-0.245343,51.507621],[-0.245377,51.507685],[-0.245402,51.507731],[-0.245418,51.507762],[-0.245422,51.507769],[-0.245444,51.507809],[-0.245448,51.50782],[-0.245487,51.507912],[-0.245466,51.507915],[-0.245469,51.507925],[-0.245131,51.507953],[-0.244826,51.507979],[-0.244841,51.507987],[-0.24494,51.508267],[-0.244941,51.508271],[-0.244834,51.508424],[-0.24478,51.508404],[-0.244795,51.508461],[-0.244806,51.508504],[-0.244815,51.508538],[-0.244825,51.508573],[-0.244852,51.508675],[-0.24486,51.508705],[-0.244865,51.508721],[-0.244872,51.508746],[-0.244889,51.508801],[-0.244913,51.508881],[-0.244919,51.508902],[-0.244926,51.508926],[-0.24493,51.508938],[-0.244935,51.508954],[-0.244962,51.509044],[-0.244974,51.509085],[-0.244998,51.509165],[-0.245001,51.509176],[-0.245012,51.50921],[-0.245028,51.509267],[-0.245034,51.50929],[-0.245043,51.509321],[-0.245047,51.509333],[-0.245056,51.509366],[-0.24507,51.509416],[-0.245072,51.50942],[-0.245092,51.509491],[-0.245107,51.509544],[-0.245111,51.509556],[-0.245157,51.509716],[-0.245158,51.509719],[-0.245171,51.509762],[-0.245211,51.509886],[-0.245222,51.509918],[-0.245248,51.509999],[-0.245265,51.510052],[-0.245159,51.510121],[-0.24515,51.510128],[-0.245101,51.510199],[-0.245079,51.510258],[-0.245125,51.510408],[-0.245135,51.510441],[-0.245139,51.510455],[-0.24514,51.510458],[-0.245064,51.510463],[-0.244982,51.510469],[-0.244785,51.510481],[-0.244773,51.510482],[-0.244769,51.510481],[-0.244721,51.510471],[-0.244696,51.510472],[-0.244688,51.510464],[-0.244666,51.51044],[-0.244652,51.51044],[-0.244634,51.510443],[-0.244608,51.510448],[-0.244548,51.510464],[-0.24451,51.510474],[-0.244477,51.510482],[-0.244362,51.510491],[-0.244289,51.510496],[-0.244249,51.510499],[-0.244131,51.510507],[-0.244056,51.510513],[-0.244051,51.510512],[-0.244043,51.51051],[-0.243952,51.510515],[-0.243929,51.510522],[-0.243863,51.510527],[-0.243763,51.510534],[-0.243654,51.510542],[-0.243588,51.510547],[-0.243449,51.510557],[-0.243357,51.510564],[-0.24335,51.510564],[-0.243344,51.510569],[-0.243243,51.510655],[-0.243156,51.510728],[-0.243477,51.51084],[-0.243484,51.510848],[-0.243558,51.510925],[-0.243561,51.510928],[-0.24353,51.51096],[-0.243449,51.510964],[-0.243439,51.510965],[-0.243419,51.510962],[-0.243411,51.510961],[-0.243306,51.510976],[-0.24327,51.510981],[-0.242963,51.511067],[-0.242956,51.511069],[-0.242876,51.511049],[-0.242869,51.511048],[-0.242813,51.511074],[-0.242893,51.511355],[-0.24289,51.511367],[-0.242888,51.511376],[-0.24289,51.511384],[-0.242907,51.511466],[-0.242906,51.511473],[-0.242897,51.511502],[-0.242893,51.511516],[-0.242889,51.511516],[-0.242873,51.51152],[-0.242797,51.511531],[-0.24272,51.511535],[-0.242712,51.511536],[-0.242218,51.511609],[-0.242204,51.511611],[-0.242147,51.511597],[-0.242135,51.511581],[-0.242098,51.511564],[-0.242085,51.511575],[-0.242077,51.511581],[-0.241987,51.511541],[-0.241607,51.511651],[-0.241584,51.511657],[-0.241465,51.511663],[-0.241454,51.511666],[-0.24142,51.511674],[-0.241404,51.511675],[-0.241325,51.511682],[-0.241287,51.511655],[-0.241282,51.511651],[-0.241237,51.511628],[-0.241231,51.511625],[-0.241216,51.511615],[-0.24122,51.51161],[-0.241277,51.51153]]]}},{"type":"Feature","properties":{"LSOA21CD":"E01001957","LSOA21NM":"Hammersmith and Fulham 002B","MEAN_PTAL_":"5","mean_AI":20.6061691636,"borough":"Hammersmith & Fulham"},"geometry":{"type":"Polygon","coordinates":[[[-0.229594,51.513648],[-0.22952,51.513598],[-0.229517,51.513596],[-0.229384,51.513505],[-0.229378,51.513501],[-0.229338,51.513472],[-0.229334,51.513469],[-0.229119,51.513312],[-0.229108,51.513304],[-0.228798,51.513078],[-0.228771,51.513058],[-0.228187,51.512632],[-0.228055,51.512552],[-0.228049,51.512548],[-0.227956,51.512493],[-0.227808,51.512418],[-0.227748,51.512393],[-0.22773,51.512386],[-0.227704,51.512377],[-0.227699,51.512375],[-0.227633,51.512353],[-0.22751,51.512319],[-0.2275,51.512316],[-0.227443,51.512304],[-0.227363,51.512285],[-0.227379,51.512276],[-0.227438,51.512243],[-0.227519,51.512197],[-0.227717,51.512086],[-0.227874,51.511998],[-0.227885,51.511992],[-0.228312,51.511751],[-0.228327,51.511745],[-0.229101,51.51134],[-0.229396,51.511186],[-0.2294,51.511184],[-0.229657,51.51105],[-0.229743,51.511],[-0.22979,51.510973],[-0.229799,51.510968],[-0.229851,51.510938],[-0.229872,51.510926],[-0.229918,51.5109],[-0.229957,51.510877],[-0.229977,51.510866],[-0.230038,51.51083],[-0.230049,51.510824],[-0.230055,51.510821],[-0.230166,51.510757],[-0.230174,51.510752],[-0.230198,51.510739],[-0.2303,51.51068],[-0.23036,51.510646],[-0.230426,51.510609],[-0.230441,51.510601],[-0.230678,51.510469],[-0.230684,51.510466],[-0.230784,51.51041],[-0.230816,51.510393],[-0.230837,51.510381],[-0.230907,51.510342],[-0.230915,51.510338],[-0.230965,51.51031],[-0.231087,51.510242],[-0.231124,51.510225],[-0.231133,51.51023],[-0.23114,51.510234],[-0.23113,51.510238],[-0.231136,51.510272],[-0.231187,51.510561],[-0.231267,51.511102],[-0.231352,51.511139],[-0.231414,51.511497],[-0.231131,51.511491],[-0.23044,51.512089],[-0.230179,51.512175],[-0.230085,51.512205],[-0.230109,51.512335],[-0.23011,51.512338],[-0.230131,51.512457],[-0.230166,51.512655],[-0.230169,51.512669],[-0.230239,51.512663],[-0.230456,51.512647],[-0.230736,51.512627],[-0.230884,51.512616],[-0.231129,51.512597],[-0.231571,51.512563],[-0.231578,51.512563],[-0.231599,51.512561],[-0.231599,51.512564],[-0.23162,51.512676],[-0.231589,51.512682],[-0.231589,51.512687],[-0.23159,51.512694],[-0.231627,51.512711],[-0.23163,51.512727],[-0.231643,51.512798],[-0.231644,51.512801],[-0.23176,51.513431],[-0.231802,51.513646],[-0.23183,51.513644],[-0.231989,51.513633],[-0.231983,51.513643],[-0.231937,51.513721],[-0.231955,51.513742],[-0.231811,51.514282],[-0.231809,51.514286],[-0.231879,51.514339],[-0.231843,51.514361],[-0.23188,51.514685],[-0.231736,51.5147],[-0.231728,51.514701],[-0.231704,51.514703],[-0.231653,51.514707],[-0.231645,51.514708],[-0.23157,51.514714],[-0.231538,51.514717],[-0.231399,51.514729],[-0.231387,51.51473],[-0.231335,51.514734],[-0.231256,51.514741],[-0.231236,51.514743],[-0.231199,51.514746],[-0.231172,51.514748],[-0.231164,51.514749],[-0.231158,51.514749],[-0.231097,51.514755],[-0.230994,51.514765],[-0.230974,51.514766],[-0.230713,51.514791],[-0.230702,51.514792],[-0.230686,51.514793],[-0.230669,51.514795],[-0.230656,51.514796],[-0.23064,51.514797],[-0.230433,51.514817],[-0.230417,51.514818],[-0.23039,51.514821],[-0.230368,51.514823],[-0.230323,51.514827],[-0.230303,51.514829],[-0.230188,51.514839],[-0.230173,51.514841],[-0.230083,51.514849],[-0.230059,51.514851],[-0.230061,51.514817],[-0.230062,51.514775],[-0.230068,51.514646],[-0.230071,51.514627],[-0.230078,51.514584],[-0.230087,51.514528],[-0.230084,51.514496],[-0.23008,51.514431],[-0.230077,51.514379],[-0.230077,51.514376],[-0.230075,51.514344],[-0.230074,51.514338],[-0.23007,51.514271],[-0.230069,51.514266],[-0.230068,51.514246],[-0.230068,51.514198],[-0.230068,51.514189],[-0.230069,51.51407],[-0.230069,51.514058],[-0.230069,51.514055],[-0.230069,51.514052],[-0.230069,51.51404],[-0.230069,51.514013],[-0.23006,51.514001],[-0.230036,51.513969],[-0.23002,51.513948],[-0.230007,51.513931],[-0.229959,51.513897],[-0.229854,51.513826],[-0.229772,51.51377],[-0.229684,51.51371],[-0.229594,51.513648]]]}},{"type":"Feature","properties":{"LSOA21CD":"E01001958","LSOA21NM":"Hammersmith and Fulham 002C","MEAN_PTAL_":"4","mean_AI":17.6436175998,"borough":"Hammersmith & Fulham"},"geometry":{"type":"Polygon","coordinates":[[[-0.231937,51.513721],[-0.231983,51.513643],[-0.231989,51.513633],[-0.23183,51.513644],[-0.231802,51.513646],[-0.23176,51.513431],[-0.231895,51.513423],[-0.232254,51.513399],[-0.232299,51.513396],[-0.232279,51.513314],[-0.232193,51.512965],[-0.232361,51.513041],[-0.232374,51.513038],[-0.23274,51.512941],[-0.232947,51.512961],[-0.232954,51.512956],[-0.233111,51.51285],[-0.233227,51.512771],[-0.233224,51.512686],[-0.233224,51.512669],[-0.233407,51.51265],[-0.233596,51.51263],[-0.233589,51.512599],[-0.233588,51.512594],[-0.23355,51.512422],[-0.234038,51.512384],[-0.234167,51.512378],[-0.234149,51.512675],[-0.23417,51.512689],[-0.234186,51.512699],[-0.234188,51.512881],[-0.234893,51.513365],[-0.234892,51.51337],[-0.234881,51.513416],[-0.234887,51.513419],[-0.234901,51.513427],[-0.235242,51.513401],[-0.235255,51.513469],[-0.235263,51.513509],[-0.235285,51.513619],[-0.235307,51.513735],[-0.23531,51.51375],[-0.235315,51.51376],[-0.235318,51.513771],[-0.235349,51.513769],[-0.235762,51.513742],[-0.235801,51.513744],[-0.235852,51.513747],[-0.235877,51.513749],[-0.235903,51.513751],[-0.235949,51.513753],[-0.236021,51.513755],[-0.236049,51.513755],[-0.236151,51.513756],[-0.236208,51.513775],[-0.236222,51.513785],[-0.236235,51.513812],[-0.236244,51.513865],[-0.235954,51.514024],[-0.235947,51.514028],[-0.236027,51.514149],[-0.236128,51.514301],[-0.236147,51.51433],[-0.236092,51.514335],[-0.236076,51.514336],[-0.236048,51.514338],[-0.235823,51.514355],[-0.235812,51.514355],[-0.235585,51.514372],[-0.235546,51.514375],[-0.235474,51.514381],[-0.235462,51.514382],[-0.235426,51.514384],[-0.235157,51.514407],[-0.235136,51.514409],[-0.235109,51.514411],[-0.235085,51.514413],[-0.234968,51.514424],[-0.234958,51.514424],[-0.234837,51.514435],[-0.234678,51.514448],[-0.23466,51.51445],[-0.234602,51.514455],[-0.234591,51.514456],[-0.234498,51.514464],[-0.234451,51.514468],[-0.23444,51.514469],[-0.234221,51.514487],[-0.234212,51.514488],[-0.234101,51.514498],[-0.23409,51.514499],[-0.233994,51.514507],[-0.233969,51.514509],[-0.233896,51.514515],[-0.233879,51.514517],[-0.233824,51.514521],[-0.233803,51.514523],[-0.233695,51.514532],[-0.233688,51.514533],[-0.233624,51.514538],[-0.233608,51.51454],[-0.233517,51.514548],[-0.233317,51.514565],[-0.233037,51.514589],[-0.233033,51.514589],[-0.232801,51.514609],[-0.232725,51.514615],[-0.232711,51.514617],[-0.232641,51.514622],[-0.232601,51.514626],[-0.232473,51.514637],[-0.232462,51.514638],[-0.232412,51.514642],[-0.232407,51.514643],[-0.232368,51.514646],[-0.232359,51.514647],[-0.232298,51.514652],[-0.23188,51.514685],[-0.231843,51.514361],[-0.231879,51.514339],[-0.231809,51.514286],[-0.231811,51.514282],[-0.231955,51.513742],[-0.231937,51.513721]]]}},{"type":"Feature","properties":{"LSOA21CD":"E01001959","LSOA21NM":"Hammersmith and Fulham 003C","MEAN_PTAL_":"4","mean_AI":18.469741773,"borough":"Hammersmith & Fulham"},"geometry":{"type":"Polygon","coordinates":[[[-0.239695,51.51393],[-0.240009,51.513759],[-0.240043,51.513771],[-0.240047,51.513769],[-0.240214,51.513711],[-0.240218,51.513708],[-0.240237,51.513697],[-0.240257,51.513689],[-0.240279,51.51368],[-0.240299,51.513675],[-0.240321,51.513669],[-0.240345,51.513659],[-0.240389,51.513641],[-0.240395,51.51364],[-0.240435,51.513624],[-0.24047,51.513615],[-0.240498,51.513605],[-0.240498,51.513597],[-0.24049,51.513519],[-0.240503,51.513488],[-0.240522,51.513447],[-0.240534,51.513434],[-0.240579,51.513389],[-0.240581,51.513384],[-0.240609,51.513319],[-0.240617,51.513312],[-0.240656,51.513278],[-0.240805,51.513208],[-0.240823,51.513211],[-0.240858,51.513217],[-0.24086,51.513214],[-0.240924,51.513142],[-0.240929,51.513135],[-0.24118,51.512997],[-0.241136,51.512967],[-0.241111,51.51295],[-0.240902,51.512834],[-0.240881,51.512823],[-0.240847,51.512804],[-0.240822,51.51279],[-0.24078,51.512767],[-0.240758,51.512756],[-0.240751,51.512761],[-0.240745,51.512759],[-0.240734,51.512764],[-0.240728,51.512761],[-0.240713,51.512753],[-0.240598,51.512699],[-0.240324,51.512568],[-0.240322,51.512564],[-0.240328,51.512559],[-0.24034,51.512548],[-0.24055,51.512362],[-0.24056,51.512354],[-0.240624,51.512252],[-0.240646,51.512244],[-0.240651,51.512238],[-0.240656,51.512232],[-0.240659,51.51223],[-0.24067,51.512226],[-0.240793,51.512221],[-0.240836,51.512214],[-0.240873,51.512208],[-0.24089,51.512205],[-0.240907,51.512199],[-0.241391,51.512149],[-0.241408,51.512147],[-0.24142,51.51215],[-0.241419,51.512144],[-0.241411,51.512098],[-0.24136,51.511819],[-0.24135,51.511806],[-0.241341,51.511792],[-0.24132,51.511728],[-0.24132,51.511712],[-0.241325,51.511697],[-0.241325,51.511685],[-0.241325,51.511682],[-0.241404,51.511675],[-0.24142,51.511674],[-0.241454,51.511666],[-0.241465,51.511663],[-0.241584,51.511657],[-0.241607,51.511651],[-0.241987,51.511541],[-0.242077,51.511581],[-0.242085,51.511575],[-0.242098,51.511564],[-0.242135,51.511581],[-0.242147,51.511597],[-0.242204,51.511611],[-0.242218,51.511609],[-0.242712,51.511536],[-0.24272,51.511535],[-0.242797,51.511531],[-0.242873,51.51152],[-0.242889,51.511516],[-0.242893,51.511516],[-0.242897,51.511502],[-0.242906,51.511473],[-0.242907,51.511466],[-0.24289,51.511384],[-0.242888,51.511376],[-0.24289,51.511367],[-0.242893,51.511355],[-0.242813,51.511074],[-0.242869,51.511048],[-0.242876,51.511049],[-0.242956,51.511069],[-0.242963,51.511067],[-0.24327,51.510981],[-0.243306,51.510976],[-0.243411,51.510961],[-0.243419,51.510962],[-0.243439,51.510965],[-0.243449,51.510964],[-0.24353,51.51096],[-0.243561,51.510928],[-0.243558,51.510925],[-0.243484,51.510848],[-0.243477,51.51084],[-0.243156,51.510728],[-0.243243,51.510655],[-0.243344,51.510569],[-0.24335,51.510564],[-0.243357,51.510564],[-0.243449,51.510557],[-0.243588,51.510547],[-0.243654,51.510542],[-0.243763,51.510534],[-0.243863,51.510527],[-0.243929,51.510522],[-0.243952,51.510515],[-0.244043,51.51051],[-0.244051,51.510512],[-0.244056,51.510513],[-0.244131,51.510507],[-0.244249,51.510499],[-0.244289,51.510496],[-0.244362,51.510491],[-0.244477,51.510482],[-0.24451,51.510474],[-0.244548,51.510464],[-0.244608,51.510448],[-0.244634,51.510443],[-0.244652,51.51044],[-0.244666,51.51044],[-0.244688,51.510464],[-0.244696,51.510472],[-0.244721,51.510471],[-0.244769,51.510481],[-0.244773,51.510482],[-0.244785,51.510481],[-0.244982,51.510469],[-0.245064,51.510463],[-0.24514,51.510458],[-0.245139,51.510455],[-0.245135,51.510441],[-0.245125,51.510408],[-0.245079,51.510258],[-0.245101,51.510199],[-0.24515,51.510128],[-0.245159,51.510121],[-0.245265,51.510052],[-0.245248,51.509999],[-0.245222,51.509918],[-0.245211,51.509886],[-0.245171,51.509762],[-0.245158,51.509719],[-0.245157,51.509716],[-0.245111,51.509556],[-0.245107,51.509544],[-0.245092,51.509491],[-0.245072,51.50942],[-0.24507,51.509416],[-0.245056,51.509366],[-0.245047,51.509333],[-0.245043,51.509321],[-0.245034,51.50929],[-0.245028,51.509267],[-0.245012,51.50921],[-0.245001,51.509176],[-0.244998,51.509165],[-0.244974,51.509085],[-0.244962,51.509044],[-0.244935,51.508954],[-0.24493,51.508938],[-0.244926,51.508926],[-0.244919,51.508902],[-0.244913,51.508881],[-0.244889,51.508801],[-0.244872,51.508746],[-0.244865,51.508721],[-0.24486,51.508705],[-0.244852,51.508675],[-0.244825,51.508573],[-0.244815,51.508538],[-0.244806,51.508504],[-0.244795,51.508461],[-0.24478,51.508404],[-0.244834,51.508424],[-0.244941,51.508271],[-0.24494,51.508267],[-0.244841,51.507987],[-0.244826,51.507979],[-0.245131,51.507953],[-0.245469,51.507925],[-0.245466,51.507915],[-0.245487,51.507912],[-0.245517,51.507983],[-0.245548,51.508056],[-0.245574,51.508118],[-0.245584,51.508141],[-0.245585,51.508144],[-0.24561,51.508204],[-0.245662,51.508328],[-0.245667,51.508339],[-0.245674,51.508356],[-0.245724,51.508473],[-0.24573,51.508502],[-0.245733,51.508514],[-0.245734,51.508518],[-0.245749,51.508588],[-0.245756,51.508618],[-0.245757,51.508621],[-0.245756,51.508667],[-0.245756,51.508713],[-0.245755,51.508748],[-0.245755,51.508773],[-0.245755,51.508786],[-0.245754,51.508864],[-0.245754,51.508868],[-0.245753,51.508892],[-0.245753,51.508912],[-0.245757,51.508925],[-0.245765,51.508958],[-0.245791,51.50905],[-0.245798,51.509078],[-0.245802,51.509094],[-0.245805,51.509102],[-0.245807,51.50911],[-0.245809,51.50912],[-0.245827,51.509184],[-0.24583,51.509192],[-0.245833,51.509199],[-0.245851,51.509247],[-0.245869,51.509294],[-0.245871,51.509298],[-0.245891,51.509351],[-0.245893,51.509356],[-0.245896,51.509364],[-0.245916,51.509415],[-0.245917,51.509418],[-0.245919,51.509422],[-0.245929,51.509449],[-0.245939,51.509502],[-0.245941,51.509509],[-0.245963,51.509622],[-0.245966,51.509635],[-0.245973,51.509671],[-0.245975,51.50968],[-0.245977,51.50969],[-0.245981,51.509715],[-0.245982,51.509718],[-0.245996,51.509788],[-0.246003,51.509821],[-0.246004,51.509827],[-0.246018,51.5099],[-0.246021,51.509913],[-0.246029,51.509955],[-0.246031,51.509964],[-0.246044,51.509988],[-0.246047,51.509994],[-0.246061,51.51002],[-0.246073,51.510041],[-0.246081,51.510056],[-0.246095,51.510082],[-0.246099,51.51009],[-0.24611,51.51011],[-0.246116,51.510121],[-0.246119,51.510127],[-0.246145,51.510174],[-0.24615,51.510182],[-0.246153,51.510188],[-0.246201,51.510277],[-0.246214,51.510308],[-0.246236,51.510362],[-0.246239,51.51037],[-0.246241,51.510373],[-0.246243,51.510379],[-0.246272,51.510449],[-0.246311,51.510543],[-0.246336,51.510604],[-0.246341,51.510616],[-0.246347,51.510629],[-0.246358,51.510656],[-0.246359,51.51066],[-0.246368,51.51068],[-0.24639,51.510735],[-0.246395,51.510747],[-0.246413,51.510789],[-0.246421,51.510809],[-0.246428,51.510823],[-0.246444,51.510858],[-0.246452,51.510874],[-0.246482,51.51094],[-0.246491,51.510958],[-0.246508,51.510995],[-0.24651,51.510999],[-0.246535,51.511052],[-0.246552,51.511089],[-0.246564,51.511114],[-0.246604,51.5112],[-0.246613,51.511219],[-0.246626,51.511247],[-0.246745,51.511395],[-0.246763,51.511418],[-0.246846,51.511521],[-0.246848,51.511524],[-0.246897,51.511585],[-0.246964,51.511668],[-0.246968,51.511673],[-0.247009,51.511724],[-0.247012,51.511729],[-0.247046,51.511771],[-0.247056,51.511783],[-0.247129,51.511874],[-0.247131,51.511877],[-0.247163,51.511916],[-0.247171,51.511927],[-0.247186,51.511945],[-0.247202,51.511961],[-0.247226,51.511985],[-0.247261,51.512019],[-0.247268,51.512025],[-0.247305,51.512062],[-0.247315,51.512072],[-0.247451,51.512206],[-0.247489,51.512244],[-0.247489,51.512244],[-0.247645,51.512397],[-0.247646,51.512398],[-0.247663,51.512415],[-0.247665,51.512417],[-0.247716,51.512467],[-0.247743,51.512494],[-0.247785,51.512535],[-0.247787,51.512537],[-0.247791,51.512541],[-0.24784,51.512598],[-0.247851,51.512611],[-0.247859,51.512621],[-0.247894,51.512661],[-0.247897,51.512665],[-0.248002,51.512787],[-0.248009,51.512795],[-0.248035,51.512824],[-0.248039,51.512829],[-0.248103,51.512904],[-0.248115,51.512918],[-0.248223,51.513044],[-0.248302,51.513135],[-0.248303,51.513137],[-0.248309,51.513144],[-0.24831,51.513145],[-0.248365,51.513208],[-0.248371,51.513215],[-0.248374,51.513219],[-0.248378,51.513224],[-0.24838,51.513225],[-0.248382,51.513227],[-0.248384,51.51323],[-0.248425,51.513269],[-0.248463,51.513306],[-0.248482,51.513325],[-0.248495,51.513337],[-0.248529,51.51337],[-0.248565,51.513405],[-0.2486,51.513439],[-0.248688,51.513525],[-0.248823,51.513656],[-0.248878,51.513708],[-0.24894,51.513822],[-0.248973,51.513881],[-0.248953,51.513883],[-0.248938,51.513884],[-0.248328,51.513929],[-0.248249,51.513934],[-0.248097,51.513946],[-0.248059,51.513948],[-0.248032,51.51395],[-0.247991,51.513953],[-0.247983,51.513954],[-0.247863,51.513963],[-0.247795,51.513968],[-0.247742,51.513972],[-0.247698,51.513975],[-0.247688,51.513976],[-0.24768,51.513976],[-0.247582,51.513982],[-0.247567,51.513983],[-0.24753,51.513985],[-0.247408,51.513993],[-0.247357,51.513996],[-0.247352,51.513996],[-0.24728,51.514],[-0.247247,51.514002],[-0.247165,51.514008],[-0.247156,51.514008],[-0.247137,51.514009],[-0.247127,51.51401],[-0.247092,51.514012],[-0.246998,51.514018],[-0.246971,51.514019],[-0.24696,51.51402],[-0.246945,51.514021],[-0.246887,51.514024],[-0.24684,51.514027],[-0.246829,51.514028],[-0.246556,51.514045],[-0.246489,51.514049],[-0.24648,51.514049],[-0.246476,51.51405],[-0.246297,51.51406],[-0.246291,51.514061],[-0.246171,51.514068],[-0.246125,51.51407],[-0.246118,51.514071],[-0.245936,51.51408],[-0.245811,51.514086],[-0.245804,51.514087],[-0.245446,51.514105],[-0.24539,51.514108],[-0.245374,51.514109],[-0.245364,51.514109],[-0.245354,51.51411],[-0.245274,51.514114],[-0.245239,51.514115],[-0.245115,51.514122],[-0.245072,51.514124],[-0.245035,51.514126],[-0.245022,51.514126],[-0.244918,51.514132],[-0.244838,51.514136],[-0.244829,51.514136],[-0.244786,51.514138],[-0.24477,51.514139],[-0.244755,51.51414],[-0.244708,51.514142],[-0.244654,51.514145],[-0.244639,51.514146],[-0.244521,51.514152],[-0.244515,51.514152],[-0.24451,51.514152],[-0.244396,51.51416],[-0.24438,51.514161],[-0.244328,51.514164],[-0.244255,51.514168],[-0.244246,51.514169],[-0.244233,51.51417],[-0.244218,51.514171],[-0.244065,51.51418],[-0.244037,51.514182],[-0.244018,51.514183],[-0.243866,51.514193],[-0.243858,51.514193],[-0.243852,51.514193],[-0.243831,51.514195],[-0.243792,51.514197],[-0.243782,51.514198],[-0.243756,51.514199],[-0.24364,51.514207],[-0.243115,51.514239],[-0.243096,51.514241],[-0.24284,51.514257],[-0.242402,51.514284],[-0.241908,51.514315],[-0.241894,51.514316],[-0.241554,51.514337],[-0.241548,51.514337],[-0.24147,51.514342],[-0.241463,51.514343],[-0.241305,51.514357],[-0.241144,51.514371],[-0.241138,51.514371],[-0.241074,51.514374],[-0.241068,51.514375],[-0.240759,51.514389],[-0.240749,51.514389],[-0.240677,51.514391],[-0.240668,51.514391],[-0.240543,51.514393],[-0.240337,51.51439],[-0.240303,51.514389],[-0.240296,51.514388],[-0.240288,51.514388],[-0.240275,51.514387],[-0.239955,51.514373],[-0.239942,51.514372],[-0.239855,51.514364],[-0.239804,51.51436],[-0.23979,51.514358],[-0.23972,51.51435],[-0.239715,51.514349],[-0.239708,51.514349],[-0.239689,51.514346],[-0.239654,51.514342],[-0.239642,51.514341],[-0.239431,51.514316],[-0.239411,51.514313],[-0.23933,51.514303],[-0.239311,51.514301],[-0.239286,51.514298],[-0.239261,51.514295],[-0.239118,51.514278],[-0.239078,51.514273],[-0.239071,51.514272],[-0.239034,51.514268],[-0.239074,51.514233],[-0.239141,51.514175],[-0.239144,51.51416],[-0.239153,51.514159],[-0.239161,51.514157],[-0.239812,51.514066],[-0.239818,51.513992],[-0.239777,51.513973],[-0.239707,51.51394],[-0.23969,51.513933],[-0.239695,51.51393]]]}},{"type":"Feature","properties":{"LSOA21CD":"E01001960","LSOA21NM":"Hammersmith and Fulham 003D","MEAN_PTAL_":"3","mean_AI":11.249397811,"borough":"Hammersmith & Fulham"},"geometry":{"type":"Polygon","coordinates":[[[-0.237038,51.509839],[-0.237033,51.509837],[-0.237023,51.509837],[-0.237003,51.509839],[-0.236966,51.509837],[-0.236951,51.509838],[-0.236935,51.50984],[-0.236889,51.509843],[-0.236881,51.509843],[-0.236866,51.509843],[-0.23683,51.509843],[-0.236796,51.50984],[-0.236785,51.509841],[-0.23673,51.509842],[-0.236705,51.509845],[-0.23669,51.509846],[-0.236684,51.509847],[-0.236655,51.509847],[-0.236629,51.509847],[-0.236624,51.509848],[-0.236616,51.509847],[-0.23655,51.509838],[-0.236533,51.509837],[-0.236473,51.509834],[-0.236451,51.509833],[-0.236446,51.509833],[-0.236431,51.509834],[-0.236424,51.509834],[-0.236371,51.509833],[-0.236321,51.509835],[-0.236305,51.509834],[-0.236298,51.509834],[-0.236281,51.509835],[-0.236259,51.509837],[-0.23625,51.509838],[-0.236195,51.509835],[-0.236174,51.509835],[-0.236085,51.50985],[-0.236076,51.509851],[-0.236042,51.509856],[-0.235996,51.509862],[-0.235989,51.509863],[-0.235982,51.509864],[-0.235967,51.509864],[-0.235898,51.509869],[-0.235868,51.509874],[-0.235833,51.509879],[-0.235818,51.509882],[-0.235789,51.509881],[-0.235765,51.509881],[-0.235761,51.509882],[-0.235756,51.509882],[-0.235748,51.509883],[-0.235724,51.509885],[-0.235704,51.509887],[-0.235616,51.509886],[-0.235589,51.509892],[-0.235572,51.509895],[-0.235483,51.509888],[-0.235458,51.509886],[-0.235372,51.50989],[-0.235363,51.509891],[-0.235285,51.5099],[-0.235277,51.509901],[-0.235209,51.509896],[-0.235182,51.509892],[-0.235176,51.509895],[-0.235171,51.509897],[-0.234602,51.509803],[-0.234554,51.509749],[-0.234554,51.509727],[-0.234554,51.509719],[-0.234554,51.509684],[-0.234553,51.509609],[-0.234553,51.509582],[-0.234552,51.509523],[-0.234552,51.509491],[-0.234551,51.50944],[-0.234551,51.509415],[-0.234551,51.509396],[-0.23455,51.509351],[-0.23455,51.509306],[-0.234549,51.509247],[-0.234549,51.509223],[-0.234549,51.509191],[-0.234549,51.509175],[-0.234548,51.509092],[-0.234545,51.509037],[-0.234545,51.509019],[-0.234544,51.509005],[-0.234541,51.508928],[-0.23454,51.508924],[-0.234539,51.508893],[-0.234536,51.508811],[-0.234535,51.508789],[-0.234532,51.508731],[-0.234531,51.508708],[-0.234531,51.508696],[-0.234529,51.508663],[-0.234527,51.508615],[-0.234524,51.508564],[-0.234523,51.508543],[-0.234524,51.508534],[-0.234526,51.508469],[-0.234528,51.508432],[-0.234528,51.50842],[-0.234531,51.508357],[-0.234531,51.508338],[-0.234532,51.508312],[-0.234534,51.508265],[-0.234536,51.508229],[-0.234536,51.508213],[-0.234537,51.508184],[-0.234538,51.508179],[-0.234541,51.508104],[-0.234543,51.50804],[-0.234546,51.507969],[-0.234547,51.507942],[-0.234548,51.507906],[-0.234549,51.507902],[-0.23455,51.507868],[-0.23455,51.507853],[-0.234555,51.507738],[-0.234555,51.507732],[-0.234556,51.507719],[-0.234556,51.507693],[-0.234557,51.507623],[-0.234557,51.5076],[-0.234557,51.507595],[-0.234557,51.507591],[-0.234557,51.507582],[-0.234558,51.507495],[-0.234558,51.507485],[-0.234558,51.507479],[-0.234559,51.507422],[-0.234559,51.507414],[-0.234559,51.507379],[-0.234559,51.507362],[-0.23456,51.507288],[-0.23456,51.507281],[-0.234561,51.507205],[-0.234561,51.507191],[-0.234562,51.507111],[-0.234562,51.507095],[-0.234562,51.507074],[-0.234563,51.507031],[-0.234563,51.506955],[-0.234563,51.506951],[-0.234564,51.506906],[-0.234565,51.506829],[-0.234565,51.506817],[-0.234566,51.506667],[-0.234567,51.506559],[-0.234568,51.506484],[-0.234569,51.506444],[-0.234734,51.506445],[-0.234819,51.506446],[-0.235001,51.506447],[-0.235147,51.506448],[-0.235239,51.506448],[-0.235354,51.506449],[-0.235418,51.506449],[-0.235427,51.506449],[-0.235557,51.50645],[-0.235569,51.50645],[-0.235662,51.506448],[-0.235748,51.506446],[-0.235839,51.506444],[-0.235883,51.506443],[-0.235946,51.506441],[-0.236608,51.506427],[-0.236606,51.506452],[-0.236622,51.506597],[-0.236623,51.506601],[-0.236844,51.506604],[-0.236921,51.506619],[-0.236924,51.506641],[-0.236985,51.506655],[-0.23703,51.50668],[-0.237035,51.506687],[-0.237196,51.506712],[-0.237217,51.506716],[-0.237218,51.506719],[-0.237233,51.506718],[-0.237254,51.506718],[-0.237253,51.506721],[-0.237257,51.506772],[-0.237258,51.506776],[-0.237261,51.506812],[-0.237267,51.506876],[-0.237275,51.506928],[-0.237279,51.506949],[-0.237305,51.507108],[-0.237312,51.507148],[-0.237317,51.507179],[-0.237325,51.507228],[-0.237337,51.507326],[-0.23734,51.507349],[-0.237341,51.507353],[-0.237354,51.507463],[-0.237363,51.507538],[-0.237372,51.507614],[-0.237378,51.50766],[-0.237391,51.507768],[-0.237401,51.507856],[-0.237408,51.507911],[-0.23741,51.507926],[-0.23742,51.508012],[-0.237424,51.508038],[-0.237426,51.508074],[-0.237431,51.508153],[-0.237435,51.508237],[-0.23792,51.50822],[-0.237951,51.508273],[-0.237981,51.508305],[-0.237981,51.508329],[-0.237989,51.50837],[-0.238019,51.508439],[-0.238026,51.508449],[-0.238057,51.508485],[-0.238,51.508523],[-0.237953,51.508563],[-0.237918,51.508607],[-0.237909,51.508618],[-0.237889,51.50866],[-0.237883,51.508703],[-0.237887,51.508726],[-0.237882,51.508742],[-0.23788,51.508748],[-0.237883,51.508779],[-0.237891,51.508798],[-0.237892,51.508806],[-0.237899,51.508851],[-0.237898,51.508855],[-0.237899,51.508898],[-0.2379,51.508905],[-0.237903,51.508929],[-0.237897,51.508946],[-0.2379,51.50899],[-0.237901,51.508993],[-0.237903,51.509012],[-0.237907,51.509041],[-0.237905,51.509045],[-0.237906,51.509057],[-0.237907,51.509094],[-0.23791,51.509103],[-0.237913,51.509142],[-0.237912,51.509181],[-0.237919,51.509202],[-0.237921,51.509219],[-0.237922,51.509234],[-0.237919,51.509241],[-0.237919,51.509283],[-0.237924,51.509328],[-0.237921,51.509335],[-0.237919,51.509396],[-0.237922,51.509402],[-0.237927,51.509476],[-0.237928,51.509498],[-0.237929,51.509509],[-0.237956,51.509527],[-0.23791,51.509607],[-0.237899,51.509626],[-0.237892,51.509682],[-0.237893,51.509686],[-0.237908,51.509727],[-0.23795,51.509776],[-0.238022,51.50982],[-0.238025,51.509822],[-0.23803,51.509825],[-0.238025,51.509828],[-0.238005,51.509842],[-0.237986,51.509851],[-0.237943,51.509881],[-0.237929,51.509891],[-0.237569,51.510038],[-0.237565,51.51004],[-0.237559,51.510042],[-0.237556,51.510038],[-0.237538,51.510032],[-0.237192,51.509921],[-0.237171,51.509914],[-0.237086,51.509864],[-0.237074,51.50986],[-0.237068,51.509856],[-0.237056,51.509849],[-0.237038,51.509839]]]}},{"type":"Feature","properties":{"LSOA21CD":"E01001961","LSOA21NM":"Hammersmith and Fulham 002D","MEAN_PTAL_":"4","mean_AI":16.3580986072,"borough":"Hammersmith & Fulham"},"geometry":{"type":"Polygon","coordinates":[[[-0.23176,51.513431],[-0.231644,51.512801],[-0.231643,51.512798],[-0.23163,51.512727],[-0.231627,51.512711],[-0.23159,51.512694],[-0.231589,51.512687],[-0.231589,51.512682],[-0.23162,51.512676],[-0.231599,51.512564],[-0.231599,51.512561],[-0.231578,51.512563],[-0.231571,51.512563],[-0.231129,51.512597],[-0.230884,51.512616],[-0.230736,51.512627],[-0.230456,51.512647],[-0.230239,51.512663],[-0.230169,51.512669],[-0.230166,51.512655],[-0.230131,51.512457],[-0.23011,51.512338],[-0.230109,51.512335],[-0.230085,51.512205],[-0.230179,51.512175],[-0.23044,51.512089],[-0.231131,51.511491],[-0.231414,51.511497],[-0.231352,51.511139],[-0.231267,51.511102],[-0.231187,51.510561],[-0.231136,51.510272],[-0.23113,51.510238],[-0.23114,51.510234],[-0.231133,51.51023],[-0.231124,51.510225],[-0.231129,51.510222],[-0.231265,51.510157],[-0.231273,51.510154],[-0.231283,51.510149],[-0.231356,51.510114],[-0.231371,51.510107],[-0.231459,51.510065],[-0.231464,51.510063],[-0.231473,51.510059],[-0.231515,51.510039],[-0.231648,51.509994],[-0.231731,51.509966],[-0.232466,51.509898],[-0.23287,51.50986],[-0.232882,51.509859],[-0.233022,51.50985],[-0.233248,51.509835],[-0.233257,51.509834],[-0.233486,51.509819],[-0.23361,51.509811],[-0.233618,51.509868],[-0.233782,51.510956],[-0.233794,51.510956],[-0.233934,51.510949],[-0.234004,51.510945],[-0.234215,51.510934],[-0.234215,51.510929],[-0.234269,51.510923],[-0.234575,51.5109],[-0.234601,51.511024],[-0.234606,51.511047],[-0.234704,51.511513],[-0.23476,51.511779],[-0.234806,51.512001],[-0.234508,51.512024],[-0.23445,51.512029],[-0.23442,51.512031],[-0.234187,51.512049],[-0.234196,51.51191],[-0.234155,51.51189],[-0.234148,51.511889],[-0.233983,51.511853],[-0.233967,51.51185],[-0.233453,51.511866],[-0.233547,51.512403],[-0.23355,51.512422],[-0.233588,51.512594],[-0.233589,51.512599],[-0.233596,51.51263],[-0.233407,51.51265],[-0.233224,51.512669],[-0.233224,51.512686],[-0.233227,51.512771],[-0.233111,51.51285],[-0.232954,51.512956],[-0.232947,51.512961],[-0.23274,51.512941],[-0.232374,51.513038],[-0.232361,51.513041],[-0.232193,51.512965],[-0.232279,51.513314],[-0.232299,51.513396],[-0.232254,51.513399],[-0.231895,51.513423],[-0.23176,51.513431]]]}},{"type":"Feature","properties":{"LSOA21CD":"E01032789","LSOA21NM":"Hammersmith and Fulham 023E","MEAN_PTAL_":"2","mean_AI":8.2926096656,"borough":"Hammersmith & Fulham"},"geometry":{"type":"Polygon","coordinates":[[[-0.181004,51.473795],[-0.181609,51.473146],[-0.181675,51.473129],[-0.181869,51.472648],[-0.182689,51.472881],[-0.182949,51.472556],[-0.183482,51.472733],[-0.183593,51.47269],[-0.184036,51.472798],[-0.183897,51.473023],[-0.183891,51.473035],[-0.183882,51.473051],[-0.183874,51.473065],[-0.183695,51.473388],[-0.183708,51.473434],[-0.183721,51.473479],[-0.183714,51.473504],[-0.183707,51.473527],[-0.183698,51.473558],[-0.183677,51.473634],[-0.18367,51.473658],[-0.183675,51.473667],[-0.183681,51.47368],[-0.183684,51.473685],[-0.183683,51.473694],[-0.183653,51.473738],[-0.183596,51.473751],[-0.18358,51.473755],[-0.183566,51.473755],[-0.183555,51.473752],[-0.183537,51.473746],[-0.183523,51.473736],[-0.183463,51.473798],[-0.183388,51.473869],[-0.18335,51.473922],[-0.183266,51.474038],[-0.183127,51.474251],[-0.183102,51.474288],[-0.183033,51.474395],[-0.182968,51.474494],[-0.182963,51.4745],[-0.182936,51.47453],[-0.182922,51.474546],[-0.182891,51.474581],[-0.182895,51.474603],[-0.182879,51.474622],[-0.182847,51.47466],[-0.182838,51.47467],[-0.182824,51.474683],[-0.182722,51.474773],[-0.182689,51.474803],[-0.182653,51.47484],[-0.182643,51.474851],[-0.182573,51.474923],[-0.181984,51.474414],[-0.181906,51.47437],[-0.181514,51.47415],[-0.180962,51.47384],[-0.181004,51.473795]]]}},{"type":"Feature","properties":{"LSOA21CD":"E01033485","LSOA21NM":"Brent 031H","MEAN_PTAL_":"5","mean_AI":22.5273361895,"borough":"Hammersmith & Fulham"},"geometry":{"type":"Polygon","coordinates":[[[-0.244778,51.536008],[-0.24464,51.535931],[-0.244742,51.535964],[-0.244923,51.535617],[-0.244927,51.535609],[-0.244867,51.535579],[-0.244773,51.535551],[-0.244768,51.535543],[-0.244724,51.535486],[-0.244676,51.535439],[-0.244601,51.535383],[-0.244549,51.535356],[-0.244505,51.535318],[-0.244456,51.535277],[-0.24441,51.535258],[-0.244391,51.535235],[-0.244363,51.5352],[-0.244295,51.535142],[-0.24425,51.535111],[-0.244208,51.535089],[-0.244145,51.535036],[-0.244121,51.535025],[-0.244041,51.534996],[-0.243981,51.534924],[-0.243888,51.534857],[-0.243877,51.534851],[-0.243864,51.534844],[-0.243771,51.534766],[-0.243761,51.534759],[-0.243753,51.534753],[-0.243726,51.534734],[-0.243719,51.534719],[-0.243716,51.534714],[-0.243676,51.534647],[-0.243592,51.534578],[-0.24354,51.534543],[-0.243498,51.534524],[-0.243417,51.534495],[-0.243393,51.534489],[-0.243369,51.534469],[-0.243293,51.534418],[-0.243289,51.534416],[-0.243272,51.534401],[-0.243283,51.534317],[-0.243298,51.534204],[-0.243526,51.534117],[-0.243519,51.534032],[-0.243518,51.534028],[-0.243457,51.533983],[-0.243416,51.533952],[-0.243393,51.533935],[-0.243345,51.5339],[-0.243295,51.533899],[-0.243271,51.533899],[-0.243207,51.533898],[-0.243079,51.533896],[-0.243028,51.533895],[-0.242985,51.533894],[-0.242874,51.533905],[-0.242858,51.533906],[-0.242791,51.533913],[-0.242738,51.533918],[-0.242721,51.533919],[-0.24261,51.533926],[-0.242558,51.533941],[-0.242422,51.533889],[-0.242367,51.533853],[-0.242364,51.533851],[-0.242314,51.533818],[-0.242094,51.533681],[-0.242088,51.533669],[-0.242083,51.533669],[-0.242075,51.533669],[-0.242047,51.533652],[-0.242044,51.53365],[-0.241982,51.533611],[-0.241907,51.533664],[-0.241857,51.533653],[-0.2416,51.533507],[-0.241472,51.533576],[-0.241459,51.533574],[-0.241453,51.533572],[-0.241564,51.533414],[-0.241453,51.533259],[-0.24145,51.533255],[-0.241429,51.533248],[-0.241424,51.533246],[-0.241359,51.533233],[-0.241341,51.533231],[-0.241319,51.533229],[-0.241246,51.53321],[-0.241218,51.533203],[-0.241108,51.53319],[-0.241037,51.533141],[-0.240995,51.533085],[-0.240984,51.533055],[-0.240856,51.533029],[-0.240735,51.532968],[-0.240697,51.532924],[-0.240637,51.532806],[-0.240554,51.532644],[-0.240316,51.532176],[-0.240208,51.531963],[-0.240201,51.531949],[-0.240477,51.531931],[-0.240744,51.531899],[-0.240912,51.531878],[-0.241079,51.531864],[-0.241137,51.53186],[-0.241352,51.531848],[-0.241558,51.531836],[-0.24208,51.531807],[-0.24278,51.53179],[-0.242788,51.53179],[-0.243059,51.531784],[-0.243093,51.531783],[-0.243188,51.531781],[-0.243207,51.53178],[-0.243359,51.531784],[-0.243406,51.531786],[-0.243433,51.531789],[-0.243458,51.531792],[-0.24347,51.531793],[-0.243491,51.531796],[-0.243627,51.531828],[-0.24379,51.531881],[-0.243872,51.531909],[-0.243891,51.531915],[-0.243911,51.531921],[-0.243997,51.531947],[-0.244065,51.531967],[-0.244329,51.532044],[-0.244361,51.532053],[-0.244423,51.532072],[-0.24448,51.532088],[-0.244489,51.532091],[-0.244636,51.53214],[-0.244643,51.532142],[-0.244714,51.532166],[-0.244734,51.532172],[-0.244927,51.532241],[-0.24507,51.532292],[-0.245341,51.532389],[-0.245384,51.532404],[-0.245444,51.532425],[-0.245506,51.532448],[-0.245702,51.532518],[-0.245751,51.532535],[-0.245775,51.532544],[-0.246015,51.532629],[-0.246085,51.532657],[-0.246191,51.532698],[-0.246256,51.532735],[-0.246371,51.532801],[-0.246462,51.53286],[-0.246498,51.532883],[-0.246508,51.532893],[-0.246558,51.532941],[-0.246586,51.532968],[-0.246719,51.533097],[-0.246753,51.533129],[-0.246821,51.533188],[-0.246908,51.533263],[-0.247095,51.533424],[-0.24713,51.533443],[-0.24714,51.533451],[-0.247169,51.533473],[-0.247286,51.533566],[-0.247419,51.533671],[-0.247485,51.533769],[-0.247546,51.53386],[-0.247552,51.53387],[-0.247556,51.533875],[-0.247587,51.533921],[-0.247659,51.534029],[-0.247698,51.53408],[-0.247711,51.534096],[-0.247715,51.534101],[-0.247754,51.534151],[-0.247796,51.534205],[-0.247803,51.534214],[-0.247899,51.534338],[-0.24792,51.534366],[-0.247939,51.53439],[-0.24802,51.534494],[-0.248043,51.534525],[-0.248175,51.534706],[-0.24821,51.534753],[-0.248249,51.534807],[-0.248308,51.534888],[-0.248349,51.534944],[-0.248356,51.534957],[-0.24838,51.534999],[-0.248381,51.535003],[-0.248405,51.535045],[-0.248408,51.535053],[-0.248435,51.535111],[-0.248437,51.535141],[-0.248442,51.535216],[-0.248413,51.535298],[-0.248379,51.535349],[-0.24834,51.535384],[-0.248333,51.53539],[-0.248314,51.535407],[-0.248292,51.535427],[-0.248215,51.535462],[-0.248191,51.535473],[-0.248173,51.535482],[-0.248159,51.535488],[-0.248134,51.535496],[-0.248129,51.535498],[-0.24807,51.535517],[-0.247973,51.53555],[-0.247938,51.535561],[-0.24789,51.53557],[-0.247692,51.535607],[-0.247668,51.535612],[-0.247564,51.535631],[-0.24749,51.535645],[-0.247453,51.535652],[-0.247389,51.535664],[-0.247374,51.535667],[-0.247256,51.535692],[-0.247168,51.535711],[-0.247097,51.535727],[-0.246968,51.535756],[-0.2469,51.535772],[-0.246839,51.535786],[-0.246819,51.535791],[-0.246795,51.535797],[-0.246684,51.535822],[-0.246667,51.535827],[-0.246619,51.535839],[-0.246589,51.535847],[-0.246515,51.535867],[-0.246485,51.535876],[-0.246478,51.535877],[-0.246316,51.535921],[-0.246274,51.535932],[-0.246237,51.535942],[-0.246075,51.535986],[-0.246066,51.535988],[-0.246061,51.535989],[-0.245968,51.536014],[-0.245959,51.536017],[-0.245939,51.536022],[-0.245837,51.53605],[-0.245755,51.536062],[-0.245394,51.536116],[-0.24525,51.536123],[-0.245178,51.536112],[-0.245049,51.536084],[-0.244869,51.536033],[-0.244778,51.536008]]]}},{"type":"Feature","properties":{"LSOA21CD":"E01035487","LSOA21NM":"Hammersmith and Fulham 023H","MEAN_PTAL_":"3","mean_AI":10.964826919,"borough":"Hammersmith & Fulham"},"geometry":{"type":"Polygon","coordinates":[[[-0.184464,51.475205],[-0.1839,51.475035],[-0.184263,51.474658],[-0.184662,51.474792],[-0.184716,51.474921],[-0.184731,51.474927],[-0.184981,51.47467],[-0.185201,51.474443],[-0.184901,51.474333],[-0.184665,51.474246],[-0.18464,51.474235],[-0.18457,51.474208],[-0.184131,51.474034],[-0.184031,51.473961],[-0.183968,51.473917],[-0.183958,51.47391],[-0.183851,51.473845],[-0.183804,51.473807],[-0.183755,51.473755],[-0.183744,51.473743],[-0.183681,51.47368],[-0.183675,51.473667],[-0.18367,51.473658],[-0.183677,51.473634],[-0.183698,51.473558],[-0.183707,51.473527],[-0.183714,51.473504],[-0.183721,51.473479],[-0.183708,51.473434],[-0.183695,51.473388],[-0.183874,51.473065],[-0.183882,51.473051],[-0.183891,51.473035],[-0.183897,51.473023],[-0.184036,51.472798],[-0.184194,51.47254],[-0.18422,51.472497],[-0.184296,51.472373],[-0.184336,51.472308],[-0.184354,51.472278],[-0.18436,51.472279],[-0.184379,51.472256],[-0.184409,51.472221],[-0.184393,51.472214],[-0.184486,51.472062],[-0.184498,51.472043],[-0.1845,51.472039],[-0.184624,51.471843],[-0.184635,51.471826],[-0.184697,51.471731],[-0.184731,51.471672],[-0.184756,51.471633],[-0.184783,51.471591],[-0.184895,51.471619],[-0.184909,51.471621],[-0.184917,51.471623],[-0.185184,51.471713],[-0.185227,51.471728],[-0.185344,51.471768],[-0.185431,51.471797],[-0.185457,51.471806],[-0.186294,51.472089],[-0.186299,51.472091],[-0.186336,51.472123],[-0.186343,51.472177],[-0.186389,51.472289],[-0.186364,51.47231],[-0.186292,51.472373],[-0.186315,51.472411],[-0.186365,51.472599],[-0.186164,51.472588],[-0.186571,51.472725],[-0.18671,51.472771],[-0.186801,51.472802],[-0.186824,51.47281],[-0.186985,51.472864],[-0.187014,51.472875],[-0.187056,51.472892],[-0.187162,51.472934],[-0.187198,51.472948],[-0.187223,51.472959],[-0.187267,51.472977],[-0.187448,51.473052],[-0.187551,51.473094],[-0.187701,51.473157],[-0.187732,51.473169],[-0.187769,51.473185],[-0.187781,51.473189],[-0.187793,51.473195],[-0.187807,51.4732],[-0.187849,51.473219],[-0.187836,51.473231],[-0.187905,51.473289],[-0.187931,51.473311],[-0.187943,51.473324],[-0.18795,51.473332],[-0.187954,51.473338],[-0.188016,51.473438],[-0.18802,51.473447],[-0.188041,51.473491],[-0.188063,51.473503],[-0.18835,51.473693],[-0.188379,51.473697],[-0.188425,51.473694],[-0.188598,51.473679],[-0.188871,51.47353],[-0.189053,51.473431],[-0.188475,51.473166],[-0.18841,51.473137],[-0.18838,51.473137],[-0.188375,51.473136],[-0.188304,51.473123],[-0.188297,51.473121],[-0.188277,51.473114],[-0.188267,51.47311],[-0.188214,51.473077],[-0.188206,51.473076],[-0.188198,51.473074],[-0.188156,51.473065],[-0.188138,51.473061],[-0.188073,51.473034],[-0.188067,51.473018],[-0.18796,51.47296],[-0.187953,51.472952],[-0.187884,51.472942],[-0.18788,51.472942],[-0.18784,51.472919],[-0.187819,51.472894],[-0.187742,51.472883],[-0.187739,51.472881],[-0.187689,51.472851],[-0.187685,51.472849],[-0.187677,51.47284],[-0.187596,51.472824],[-0.18759,51.472821],[-0.187561,51.472802],[-0.187557,51.4728],[-0.187545,51.472785],[-0.187481,51.472772],[-0.187478,51.472769],[-0.187421,51.472728],[-0.187419,51.472725],[-0.187341,51.472712],[-0.187328,51.472704],[-0.18731,51.472692],[-0.187302,51.472687],[-0.187262,51.472631],[-0.187259,51.472627],[-0.187259,51.472621],[-0.187265,51.472575],[-0.187268,51.472568],[-0.187274,51.472561],[-0.187306,51.472518],[-0.187451,51.47251],[-0.187465,51.472509],[-0.18749,51.472508],[-0.187504,51.472486],[-0.187515,51.472471],[-0.187539,51.472437],[-0.187565,51.472399],[-0.18756,51.472398],[-0.187462,51.472368],[-0.187439,51.47236],[-0.187413,51.472352],[-0.187387,51.472353],[-0.187187,51.472358],[-0.187185,51.472351],[-0.187185,51.472346],[-0.187193,51.472326],[-0.187206,51.472295],[-0.187226,51.472267],[-0.187243,51.472256],[-0.187281,51.472215],[-0.187279,51.472199],[-0.187279,51.472188],[-0.187378,51.472186],[-0.187624,51.472273],[-0.187656,51.472284],[-0.187662,51.472287],[-0.187709,51.472304],[-0.187723,51.472287],[-0.187743,51.472264],[-0.18779,51.472209],[-0.187806,51.47219],[-0.187866,51.472119],[-0.187876,51.472108],[-0.187985,51.47198],[-0.187985,51.471977],[-0.188062,51.471998],[-0.188161,51.472052],[-0.188279,51.472115],[-0.188323,51.472139],[-0.188327,51.472144],[-0.188293,51.472155],[-0.188213,51.472183],[-0.188187,51.472192],[-0.188126,51.472223],[-0.188106,51.472242],[-0.188091,51.472258],[-0.188069,51.472301],[-0.188071,51.472322],[-0.188073,51.472338],[-0.188075,51.472357],[-0.18808,51.472372],[-0.188085,51.472407],[-0.188086,51.472415],[-0.188103,51.472448],[-0.188105,51.472459],[-0.188116,51.472528],[-0.188133,51.472569],[-0.18814,51.472639],[-0.188198,51.472664],[-0.188229,51.47268],[-0.188374,51.472733],[-0.18839,51.472737],[-0.188456,51.472795],[-0.188529,51.472836],[-0.188737,51.472901],[-0.189196,51.473044],[-0.189262,51.472818],[-0.189388,51.472778],[-0.189437,51.472763],[-0.189465,51.472753],[-0.18948,51.472749],[-0.189538,51.472739],[-0.189649,51.472728],[-0.189745,51.472689],[-0.189765,51.47267],[-0.189781,51.472655],[-0.189795,51.472618],[-0.18985,51.472609],[-0.189888,51.472589],[-0.18991,51.472569],[-0.189891,51.472454],[-0.189915,51.472379],[-0.190244,51.472587],[-0.190278,51.472609],[-0.190434,51.472678],[-0.190441,51.472681],[-0.1905,51.472708],[-0.190606,51.472755],[-0.190613,51.472758],[-0.190682,51.472788],[-0.190785,51.472834],[-0.190844,51.47286],[-0.190851,51.472865],[-0.190879,51.472888],[-0.1909,51.472904],[-0.190914,51.472915],[-0.190955,51.472961],[-0.191023,51.473061],[-0.191031,51.473082],[-0.191036,51.473095],[-0.191064,51.473165],[-0.191076,51.473197],[-0.191057,51.473313],[-0.191169,51.47341],[-0.1912,51.473437],[-0.191267,51.473495],[-0.191279,51.473506],[-0.191356,51.473592],[-0.191359,51.473594],[-0.191453,51.473701],[-0.191438,51.47371],[-0.191404,51.473732],[-0.191356,51.473762],[-0.191348,51.473767],[-0.191341,51.473771],[-0.191319,51.473785],[-0.191311,51.47379],[-0.191265,51.473819],[-0.191261,51.473822],[-0.191236,51.473837],[-0.191221,51.473846],[-0.191172,51.473877],[-0.191157,51.473887],[-0.191138,51.473899],[-0.191089,51.47393],[-0.191071,51.473941],[-0.191046,51.473957],[-0.190986,51.473994],[-0.190979,51.473999],[-0.190971,51.474004],[-0.190964,51.474008],[-0.190955,51.474014],[-0.190945,51.47402],[-0.190906,51.474045],[-0.190879,51.474061],[-0.190872,51.474066],[-0.190855,51.474077],[-0.190843,51.474084],[-0.190783,51.474122],[-0.190772,51.474129],[-0.190763,51.474135],[-0.19075,51.474143],[-0.190719,51.474162],[-0.190696,51.474177],[-0.190635,51.474215],[-0.190615,51.474227],[-0.190594,51.474239],[-0.190552,51.474264],[-0.190538,51.474272],[-0.190515,51.474286],[-0.190511,51.474288],[-0.190471,51.474312],[-0.190465,51.474315],[-0.190397,51.474355],[-0.19039,51.474359],[-0.190315,51.474403],[-0.190299,51.474412],[-0.19029,51.474418],[-0.190277,51.474426],[-0.190248,51.474443],[-0.190233,51.474452],[-0.19022,51.474459],[-0.190211,51.474465],[-0.190153,51.474499],[-0.190117,51.47452],[-0.190067,51.474549],[-0.190127,51.474597],[-0.190062,51.474644],[-0.190029,51.474669],[-0.189984,51.474702],[-0.189981,51.474704],[-0.189975,51.474708],[-0.18997,51.474712],[-0.189924,51.474745],[-0.189917,51.47475],[-0.189912,51.474754],[-0.189895,51.474767],[-0.189877,51.47478],[-0.189871,51.474784],[-0.189859,51.474792],[-0.189852,51.474798],[-0.189797,51.474838],[-0.189741,51.474879],[-0.189859,51.474935],[-0.189794,51.474974],[-0.18978,51.474983],[-0.189741,51.475007],[-0.189727,51.475015],[-0.189712,51.475024],[-0.189689,51.475038],[-0.189678,51.475045],[-0.189674,51.475047],[-0.189662,51.475054],[-0.189643,51.475066],[-0.189616,51.475082],[-0.189558,51.475117],[-0.18955,51.475122],[-0.189531,51.475133],[-0.189511,51.475145],[-0.189364,51.475234],[-0.18932,51.475218],[-0.189311,51.475215],[-0.189076,51.475128],[-0.189021,51.475108],[-0.188996,51.475099],[-0.188962,51.475074],[-0.188917,51.475042],[-0.188857,51.474997],[-0.188837,51.474983],[-0.188832,51.474979],[-0.188745,51.474916],[-0.188672,51.474862],[-0.188696,51.474848],[-0.188728,51.47483],[-0.188733,51.474827],[-0.188768,51.474807],[-0.188863,51.474753],[-0.189152,51.474588],[-0.189159,51.474584],[-0.189155,51.474582],[-0.189107,51.474558],[-0.188922,51.474465],[-0.188858,51.474433],[-0.188844,51.474426],[-0.18873,51.474369],[-0.188725,51.474366],[-0.188712,51.47436],[-0.188676,51.474342],[-0.188665,51.474337],[-0.188614,51.474311],[-0.18831,51.47454],[-0.188271,51.474506],[-0.188267,51.474502],[-0.18825,51.474488],[-0.188113,51.474367],[-0.188109,51.474365],[-0.188097,51.474357],[-0.188065,51.474338],[-0.188044,51.474325],[-0.188032,51.474318],[-0.188014,51.474307],[-0.188007,51.474302],[-0.187986,51.47429],[-0.187982,51.474287],[-0.18794,51.474262],[-0.187933,51.474257],[-0.187921,51.47425],[-0.187914,51.474246],[-0.187885,51.474228],[-0.187874,51.474221],[-0.187852,51.474208],[-0.187845,51.474204],[-0.187825,51.474195],[-0.187802,51.474183],[-0.187782,51.474173],[-0.187766,51.474165],[-0.187725,51.474145],[-0.187718,51.474141],[-0.1877,51.474132],[-0.187629,51.474097],[-0.187604,51.474084],[-0.187593,51.474079],[-0.187575,51.47407],[-0.187565,51.474065],[-0.187508,51.474039],[-0.18748,51.474026],[-0.187354,51.473968],[-0.18735,51.473967],[-0.187308,51.473956],[-0.187202,51.473927],[-0.18714,51.47391],[-0.186942,51.473859],[-0.186937,51.473858],[-0.186906,51.47385],[-0.186863,51.473839],[-0.186772,51.473812],[-0.18668,51.473785],[-0.186602,51.473766],[-0.186598,51.473771],[-0.18656,51.473814],[-0.186401,51.473974],[-0.186391,51.473985],[-0.186247,51.474129],[-0.186243,51.474133],[-0.186219,51.474157],[-0.18608,51.474302],[-0.18599,51.474396],[-0.185978,51.474409],[-0.185781,51.474614],[-0.185755,51.474642],[-0.185752,51.474645],[-0.185842,51.47468],[-0.185876,51.474693],[-0.185983,51.474735],[-0.185892,51.474828],[-0.185751,51.474976],[-0.185642,51.475092],[-0.185496,51.475245],[-0.185374,51.475132],[-0.185229,51.475133],[-0.184797,51.475403],[-0.184815,51.475436],[-0.184625,51.475366],[-0.184515,51.475324],[-0.184507,51.475321],[-0.184502,51.475318],[-0.184497,51.475316],[-0.184493,51.475313],[-0.184489,51.47531],[-0.184485,51.475307],[-0.184481,51.475304],[-0.184477,51.475301],[-0.184474,51.475298],[-0.184472,51.475296],[-0.184469,51.475293],[-0.184466,51.475289],[-0.184463,51.475286],[-0.184461,51.475282],[-0.184459,51.475279],[-0.184457,51.475275],[-0.184455,51.475271],[-0.184454,51.475268],[-0.184452,51.475264],[-0.184451,51.47526],[-0.184451,51.475256],[-0.18445,51.475252],[-0.18445,51.475248],[-0.18445,51.475244],[-0.18445,51.475241],[-0.18445,51.475236],[-0.184451,51.475232],[-0.184452,51.475228],[-0.184453,51.475224],[-0.184455,51.47522],[-0.184457,51.475216],[-0.184459,51.475212],[-0.184461,51.475208],[-0.184464,51.475205]]]}}]}