{"type":"FeatureCollection","features":[{"type":"Feature","properties":{"LSOA21CD":"E01000531","LSOA21NM":"Brent 033B","MEAN_PTAL_":"3","mean_AI":11.5150376089,"borough":"Kensington & Chelsea"},"geometry":{"type":"Polygon","coordinates":[[[-0.226672,51.534703],[-0.226555,51.534642],[-0.226513,51.534608],[-0.226509,51.534602],[-0.226476,51.53455],[-0.226465,51.53451],[-0.226488,51.534378],[-0.226362,51.534338],[-0.226339,51.534131],[-0.226404,51.534075],[-0.226463,51.534023],[-0.226375,51.533988],[-0.226316,51.53395],[-0.226127,51.533784],[-0.226203,51.533726],[-0.226238,51.5337],[-0.226222,51.533665],[-0.226143,51.533569],[-0.226134,51.533499],[-0.226141,51.533459],[-0.226246,51.533212],[-0.226338,51.533204],[-0.226456,51.533197],[-0.226754,51.533178],[-0.22679,51.533175],[-0.226936,51.533168],[-0.227341,51.533148],[-0.227391,51.533145],[-0.227428,51.533143],[-0.227615,51.533134],[-0.227649,51.533132],[-0.227689,51.53313],[-0.227732,51.533128],[-0.227741,51.533128],[-0.227814,51.533124],[-0.227872,51.53312],[-0.227945,51.533117],[-0.227944,51.533102],[-0.227942,51.533031],[-0.227944,51.532997],[-0.228037,51.532583],[-0.228084,51.532579],[-0.228104,51.532577],[-0.22833,51.532559],[-0.228471,51.532554],[-0.228681,51.532547],[-0.228686,51.532547],[-0.228691,51.532547],[-0.228922,51.532532],[-0.228972,51.532533],[-0.22898,51.532533],[-0.229085,51.532526],[-0.229174,51.532521],[-0.229231,51.532517],[-0.229347,51.53251],[-0.229397,51.532507],[-0.229404,51.532506],[-0.229403,51.532491],[-0.229421,51.532487],[-0.229428,51.532397],[-0.22941,51.532268],[-0.229436,51.532287],[-0.229587,51.5323],[-0.229639,51.532297],[-0.22965,51.532293],[-0.229731,51.532271],[-0.22974,51.532267],[-0.229783,51.532249],[-0.229798,51.532242],[-0.229808,51.532235],[-0.229777,51.532164],[-0.229781,51.532129],[-0.229779,51.532114],[-0.22978,51.532102],[-0.229773,51.53207],[-0.229775,51.532055],[-0.229772,51.532038],[-0.229762,51.532017],[-0.229761,51.532013],[-0.22976,51.532003],[-0.229758,51.531989],[-0.229761,51.531959],[-0.229759,51.531943],[-0.229763,51.531916],[-0.229756,51.531881],[-0.229757,51.531875],[-0.229758,51.531868],[-0.229741,51.531831],[-0.229739,51.531821],[-0.229732,51.531783],[-0.229732,51.531779],[-0.229727,51.531749],[-0.229725,51.531745],[-0.229724,51.531738],[-0.229723,51.53173],[-0.229726,51.531703],[-0.229724,51.531691],[-0.229718,51.531661],[-0.22972,51.531653],[-0.229713,51.531611],[-0.22971,51.531576],[-0.229704,51.531564],[-0.2297,51.531537],[-0.2297,51.531532],[-0.229703,51.531502],[-0.229696,51.531488],[-0.229691,51.531476],[-0.229686,51.531443],[-0.22968,51.531431],[-0.229674,51.531419],[-0.229671,51.5314],[-0.229673,51.531391],[-0.229669,51.531372],[-0.22967,51.531358],[-0.229664,51.531321],[-0.229659,51.531295],[-0.229655,51.531274],[-0.229643,51.531249],[-0.229645,51.531241],[-0.229643,51.531206],[-0.229643,51.531199],[-0.229632,51.531164],[-0.229639,51.531124],[-0.229645,51.531093],[-0.229651,51.531085],[-0.229609,51.531041],[-0.229531,51.53096],[-0.229399,51.530968],[-0.229298,51.530996],[-0.229269,51.531004],[-0.229262,51.531006],[-0.229241,51.530986],[-0.229232,51.530973],[-0.22923,51.530954],[-0.22922,51.530883],[-0.229217,51.530864],[-0.229216,51.530838],[-0.229199,51.530863],[-0.228958,51.530843],[-0.228944,51.530841],[-0.228864,51.530859],[-0.228839,51.530865],[-0.228829,51.530856],[-0.228828,51.530852],[-0.228792,51.530801],[-0.228748,51.530765],[-0.228692,51.530738],[-0.228633,51.530722],[-0.228546,51.530682],[-0.228423,51.530678],[-0.228409,51.530576],[-0.228409,51.530573],[-0.228407,51.530564],[-0.228605,51.530423],[-0.228663,51.530453],[-0.228692,51.530469],[-0.228701,51.530463],[-0.228817,51.530385],[-0.22887,51.530402],[-0.228952,51.530429],[-0.228996,51.530443],[-0.229019,51.530451],[-0.229054,51.530462],[-0.229093,51.530475],[-0.229108,51.53048],[-0.229142,51.530491],[-0.229165,51.530498],[-0.229173,51.530501],[-0.229199,51.530508],[-0.229214,51.530512],[-0.229336,51.530548],[-0.229348,51.530551],[-0.229399,51.530564],[-0.229639,51.530625],[-0.229726,51.530647],[-0.22974,51.530651],[-0.229807,51.530668],[-0.229831,51.530674],[-0.229895,51.53069],[-0.229966,51.530709],[-0.229973,51.530711],[-0.230085,51.530741],[-0.230121,51.530751],[-0.230259,51.530788],[-0.230447,51.530839],[-0.230479,51.530846],[-0.230532,51.530858],[-0.230573,51.530867],[-0.230669,51.530888],[-0.230722,51.530899],[-0.230795,51.530915],[-0.230853,51.530928],[-0.230866,51.530932],[-0.230894,51.530939],[-0.230915,51.530945],[-0.230944,51.530953],[-0.23107,51.530988],[-0.231076,51.53099],[-0.231225,51.53104],[-0.231361,51.531086],[-0.231371,51.53109],[-0.231432,51.531115],[-0.231564,51.531169],[-0.231589,51.53118],[-0.231638,51.531202],[-0.231706,51.531234],[-0.231886,51.531316],[-0.231953,51.531347],[-0.23196,51.53135],[-0.232006,51.531372],[-0.232011,51.531374],[-0.232032,51.531383],[-0.232042,51.531388],[-0.232069,51.5314],[-0.232106,51.531418],[-0.232276,51.531496],[-0.232298,51.531506],[-0.23233,51.531521],[-0.232356,51.531533],[-0.232365,51.531538],[-0.232401,51.531555],[-0.232456,51.531582],[-0.23251,51.531609],[-0.232569,51.531638],[-0.232579,51.531643],[-0.232616,51.531661],[-0.232634,51.53167],[-0.232645,51.531675],[-0.232701,51.531702],[-0.232746,51.531724],[-0.232755,51.531729],[-0.23276,51.531731],[-0.232824,51.531763],[-0.232841,51.531771],[-0.232876,51.531788],[-0.232883,51.531791],[-0.232926,51.531813],[-0.232942,51.531822],[-0.233003,51.531857],[-0.233025,51.53187],[-0.233036,51.531876],[-0.23306,51.53189],[-0.233125,51.531928],[-0.233165,51.531951],[-0.233186,51.531963],[-0.233192,51.531967],[-0.23325,51.532],[-0.233257,51.532004],[-0.233306,51.532033],[-0.23331,51.532035],[-0.233356,51.532061],[-0.233363,51.532066],[-0.233371,51.532069],[-0.233375,51.532071],[-0.233434,51.5321],[-0.23344,51.532104],[-0.233475,51.53212],[-0.23348,51.532123],[-0.233493,51.532129],[-0.233553,51.532159],[-0.233562,51.532163],[-0.233601,51.532183],[-0.23361,51.532187],[-0.23362,51.532192],[-0.233742,51.532252],[-0.233745,51.532254],[-0.233825,51.532305],[-0.233895,51.532349],[-0.233903,51.532355],[-0.233824,51.53238],[-0.233751,51.532417],[-0.233709,51.532447],[-0.233698,51.532442],[-0.233634,51.532473],[-0.233624,51.532477],[-0.23355,51.53253],[-0.23352,51.532565],[-0.233519,51.532601],[-0.233548,51.532842],[-0.233552,51.532878],[-0.233556,51.532905],[-0.233557,51.532917],[-0.233113,51.532931],[-0.232898,51.532939],[-0.232572,51.532949],[-0.232118,51.532969],[-0.231896,51.532979],[-0.2316,51.532992],[-0.231543,51.532995],[-0.231478,51.532998],[-0.231413,51.533],[-0.231389,51.533001],[-0.23116,51.533012],[-0.231009,51.533018],[-0.231002,51.533018],[-0.230707,51.533027],[-0.230691,51.533027],[-0.230674,51.533027],[-0.229771,51.533054],[-0.229724,51.533055],[-0.229737,51.53359],[-0.229748,51.53359],[-0.229781,51.533589],[-0.230274,51.533574],[-0.230275,51.533578],[-0.230278,51.533594],[-0.230326,51.533893],[-0.230371,51.533891],[-0.230454,51.533896],[-0.230481,51.533899],[-0.230478,51.53394],[-0.230538,51.53424],[-0.230297,51.534252],[-0.230327,51.534292],[-0.230177,51.534301],[-0.230163,51.534302],[-0.230021,51.534311],[-0.230156,51.534367],[-0.23001,51.534482],[-0.229821,51.53463],[-0.22978,51.534619],[-0.229669,51.534612],[-0.229625,51.534612],[-0.229592,51.534615],[-0.229539,51.534609],[-0.229424,51.534616],[-0.229358,51.534623],[-0.229305,51.534624],[-0.229283,51.534622],[-0.229222,51.534627],[-0.229142,51.534625],[-0.229097,51.534628],[-0.229073,51.534627],[-0.228985,51.534632],[-0.228963,51.534634],[-0.228894,51.534637],[-0.228842,51.534634],[-0.228788,51.53464],[-0.22875,51.53464],[-0.22872,51.534637],[-0.228691,51.534637],[-0.228635,51.53464],[-0.228618,51.534639],[-0.228468,51.534648],[-0.228448,51.534645],[-0.228433,51.534644],[-0.228348,51.53465],[-0.228254,51.534647],[-0.228248,51.534648],[-0.228179,51.534655],[-0.22806,51.534654],[-0.228048,51.534653],[-0.228016,51.534652],[-0.227827,51.534679],[-0.227817,51.534678],[-0.227778,51.534679],[-0.227744,51.534682],[-0.227635,51.534691],[-0.227625,51.534693],[-0.227613,51.534692],[-0.22758,51.534689],[-0.227484,51.534687],[-0.227451,51.53469],[-0.227417,51.534691],[-0.227377,51.534694],[-0.227312,51.534694],[-0.227227,51.534696],[-0.227217,51.534697],[-0.227138,51.534699],[-0.227086,51.534688],[-0.227076,51.534686],[-0.22697,51.534685],[-0.226966,51.534685],[-0.226922,51.534683],[-0.226882,51.534684],[-0.226836,51.534682],[-0.226772,51.534685],[-0.226722,51.534692],[-0.226672,51.534703]]]}},{"type":"Feature","properties":{"LSOA21CD":"E01000532","LSOA21NM":"Brent 033C","MEAN_PTAL_":"3","mean_AI":14.2663645079,"borough":"Kensington & Chelsea"},"geometry":{"type":"Polygon","coordinates":[[[-0.225631,51.53223],[-0.22563,51.532195],[-0.22563,51.532189],[-0.22563,51.532179],[-0.22563,51.532171],[-0.225629,51.532149],[-0.225628,51.532105],[-0.225627,51.532069],[-0.225626,51.532042],[-0.225625,51.532017],[-0.225625,51.532006],[-0.225625,51.532003],[-0.225625,51.53199],[-0.225624,51.531975],[-0.225624,51.531962],[-0.225623,51.531934],[-0.225623,51.531922],[-0.225622,51.531908],[-0.225622,51.531903],[-0.225621,51.531862],[-0.22562,51.531847],[-0.225619,51.531839],[-0.225616,51.531808],[-0.225615,51.531802],[-0.225613,51.531781],[-0.225612,51.531774],[-0.225608,51.53173],[-0.225607,51.531724],[-0.225602,51.531666],[-0.225601,51.531656],[-0.225596,51.531616],[-0.225591,51.531562],[-0.22559,51.531556],[-0.22559,51.531551],[-0.225588,51.531533],[-0.225585,51.531498],[-0.22558,51.531448],[-0.225576,51.531407],[-0.225575,51.531398],[-0.225572,51.531371],[-0.225572,51.531367],[-0.225571,51.531362],[-0.225567,51.531326],[-0.225567,51.531318],[-0.225565,51.531306],[-0.225562,51.531267],[-0.225561,51.531258],[-0.22556,51.531255],[-0.225557,51.531219],[-0.225555,51.531204],[-0.22555,51.531151],[-0.225546,51.531133],[-0.225543,51.531123],[-0.225534,51.531084],[-0.225531,51.531073],[-0.225508,51.530978],[-0.2255,51.530944],[-0.225482,51.530932],[-0.225452,51.530911],[-0.225407,51.530881],[-0.225374,51.530859],[-0.225353,51.530844],[-0.225306,51.530813],[-0.225301,51.530816],[-0.225266,51.530837],[-0.225255,51.530844],[-0.225209,51.530872],[-0.22519,51.530884],[-0.225139,51.5309],[-0.225036,51.530932],[-0.224999,51.530939],[-0.224925,51.530954],[-0.224855,51.530959],[-0.224773,51.530965],[-0.224745,51.530968],[-0.224704,51.530971],[-0.224698,51.530971],[-0.22468,51.530972],[-0.224664,51.530974],[-0.224588,51.530979],[-0.224583,51.53098],[-0.224577,51.53098],[-0.224501,51.530986],[-0.224486,51.530987],[-0.224476,51.530988],[-0.22445,51.53099],[-0.224446,51.53099],[-0.224408,51.530993],[-0.224381,51.530995],[-0.224332,51.531],[-0.224323,51.531001],[-0.224309,51.531003],[-0.224295,51.531004],[-0.224169,51.531017],[-0.224158,51.531019],[-0.22414,51.53102],[-0.224053,51.53103],[-0.224024,51.531033],[-0.223984,51.531037],[-0.223964,51.531039],[-0.223943,51.531041],[-0.223872,51.531049],[-0.223846,51.531051],[-0.223825,51.531054],[-0.223776,51.531059],[-0.223755,51.531061],[-0.223716,51.531065],[-0.223669,51.53107],[-0.223661,51.531071],[-0.223595,51.531078],[-0.223573,51.53108],[-0.223543,51.531084],[-0.22352,51.531086],[-0.22343,51.530783],[-0.223359,51.530625],[-0.223331,51.530564],[-0.223329,51.53056],[-0.223213,51.530303],[-0.22309,51.530038],[-0.223346,51.529999],[-0.223434,51.529986],[-0.223478,51.529979],[-0.223636,51.529955],[-0.223703,51.529968],[-0.223721,51.529972],[-0.223754,51.529978],[-0.22393,51.530005],[-0.223938,51.530006],[-0.224209,51.530048],[-0.224256,51.530054],[-0.224302,51.53006],[-0.224342,51.530066],[-0.224425,51.530077],[-0.22444,51.530079],[-0.224468,51.530082],[-0.224503,51.530087],[-0.224627,51.5301],[-0.224685,51.530106],[-0.224734,51.530111],[-0.224744,51.530112],[-0.224977,51.530135],[-0.224994,51.530137],[-0.225423,51.530171],[-0.225425,51.530157],[-0.225425,51.530146],[-0.22543,51.530047],[-0.22543,51.53004],[-0.226023,51.530022],[-0.226114,51.53002],[-0.226129,51.530019],[-0.226224,51.530016],[-0.226441,51.53001],[-0.226634,51.530004],[-0.226699,51.530002],[-0.22722,51.529962],[-0.22744,51.529946],[-0.227549,51.529937],[-0.227671,51.529928],[-0.227633,51.530012],[-0.227567,51.530156],[-0.227696,51.530167],[-0.227757,51.530175],[-0.227815,51.530181],[-0.227823,51.530182],[-0.227986,51.53021],[-0.228084,51.53023],[-0.22814,51.530242],[-0.228208,51.530261],[-0.228216,51.530264],[-0.228288,51.530284],[-0.228349,51.530301],[-0.228453,51.530344],[-0.228461,51.530348],[-0.228479,51.530355],[-0.228605,51.530422],[-0.228605,51.530423],[-0.228407,51.530564],[-0.228409,51.530573],[-0.228409,51.530576],[-0.228423,51.530678],[-0.228546,51.530682],[-0.228633,51.530722],[-0.228692,51.530738],[-0.228748,51.530765],[-0.228792,51.530801],[-0.228828,51.530852],[-0.228829,51.530856],[-0.228839,51.530865],[-0.228864,51.530859],[-0.228944,51.530841],[-0.228958,51.530843],[-0.229199,51.530863],[-0.229216,51.530838],[-0.229217,51.530864],[-0.22922,51.530883],[-0.22923,51.530954],[-0.229232,51.530973],[-0.229241,51.530986],[-0.229262,51.531006],[-0.229269,51.531004],[-0.229298,51.530996],[-0.229399,51.530968],[-0.229531,51.53096],[-0.229609,51.531041],[-0.229651,51.531085],[-0.229645,51.531093],[-0.229639,51.531124],[-0.229632,51.531164],[-0.229643,51.531199],[-0.229643,51.531206],[-0.229645,51.531241],[-0.229643,51.531249],[-0.229655,51.531274],[-0.229659,51.531295],[-0.229664,51.531321],[-0.22967,51.531358],[-0.229669,51.531372],[-0.229673,51.531391],[-0.229671,51.5314],[-0.229674,51.531419],[-0.22968,51.531431],[-0.229686,51.531443],[-0.229691,51.531476],[-0.229696,51.531488],[-0.229703,51.531502],[-0.2297,51.531532],[-0.2297,51.531537],[-0.229704,51.531564],[-0.22971,51.531576],[-0.229713,51.531611],[-0.22972,51.531653],[-0.229718,51.531661],[-0.229724,51.531691],[-0.229726,51.531703],[-0.229723,51.53173],[-0.229724,51.531738],[-0.229725,51.531745],[-0.229727,51.531749],[-0.229732,51.531779],[-0.229732,51.531783],[-0.229739,51.531821],[-0.229741,51.531831],[-0.229758,51.531868],[-0.229757,51.531875],[-0.229756,51.531881],[-0.229763,51.531916],[-0.229759,51.531943],[-0.229761,51.531959],[-0.229758,51.531989],[-0.22976,51.532003],[-0.229761,51.532013],[-0.229762,51.532017],[-0.229772,51.532038],[-0.229775,51.532055],[-0.229773,51.53207],[-0.22978,51.532102],[-0.229779,51.532114],[-0.229781,51.532129],[-0.229777,51.532164],[-0.229808,51.532235],[-0.229798,51.532242],[-0.229783,51.532249],[-0.22974,51.532267],[-0.229731,51.532271],[-0.22965,51.532293],[-0.229639,51.532297],[-0.229587,51.5323],[-0.229436,51.532287],[-0.22941,51.532268],[-0.229428,51.532397],[-0.229421,51.532487],[-0.229403,51.532491],[-0.229404,51.532506],[-0.229397,51.532507],[-0.229347,51.53251],[-0.229231,51.532517],[-0.229174,51.532521],[-0.229085,51.532526],[-0.22898,51.532533],[-0.228972,51.532533],[-0.228922,51.532532],[-0.228691,51.532547],[-0.228686,51.532547],[-0.228681,51.532547],[-0.228471,51.532554],[-0.22833,51.532559],[-0.228104,51.532577],[-0.228084,51.532579],[-0.228037,51.532583],[-0.227944,51.532997],[-0.227942,51.533031],[-0.227944,51.533102],[-0.227945,51.533117],[-0.227872,51.53312],[-0.227814,51.533124],[-0.227741,51.533128],[-0.227732,51.533128],[-0.227689,51.53313],[-0.227649,51.533132],[-0.227615,51.533134],[-0.227428,51.533143],[-0.227391,51.533145],[-0.227341,51.533148],[-0.226936,51.533168],[-0.22679,51.533175],[-0.226754,51.533178],[-0.226456,51.533197],[-0.226338,51.533204],[-0.226246,51.533212],[-0.226141,51.533459],[-0.226134,51.533499],[-0.226143,51.533569],[-0.226222,51.533665],[-0.226238,51.5337],[-0.226203,51.533726],[-0.226127,51.533784],[-0.226316,51.53395],[-0.226375,51.533988],[-0.226463,51.534023],[-0.226404,51.534075],[-0.226339,51.534131],[-0.226362,51.534338],[-0.226488,51.534378],[-0.226239,51.534407],[-0.226008,51.53443],[-0.225998,51.534432],[-0.225992,51.534433],[-0.225982,51.534404],[-0.225949,51.534308],[-0.225934,51.534263],[-0.22593,51.534253],[-0.225915,51.534208],[-0.225907,51.534184],[-0.225892,51.53414],[-0.22589,51.534135],[-0.225886,51.534123],[-0.225883,51.534114],[-0.225858,51.534042],[-0.225854,51.53403],[-0.225837,51.533983],[-0.225829,51.533958],[-0.225823,51.533942],[-0.225814,51.533916],[-0.225796,51.533864],[-0.225792,51.533852],[-0.225764,51.533771],[-0.225761,51.533762],[-0.225752,51.533733],[-0.225726,51.533659],[-0.225722,51.533646],[-0.225707,51.533605],[-0.225705,51.533599],[-0.225696,51.533572],[-0.225691,51.533558],[-0.225682,51.533532],[-0.225677,51.533517],[-0.225673,51.533505],[-0.225596,51.533282],[-0.225592,51.533269],[-0.22559,51.533264],[-0.225595,51.533163],[-0.225598,51.533113],[-0.2256,51.533078],[-0.225606,51.532965],[-0.225608,51.532936],[-0.22562,51.532717],[-0.225621,51.532704],[-0.225621,51.532696],[-0.225621,51.532692],[-0.225625,51.532615],[-0.225626,51.532607],[-0.225628,51.532568],[-0.225629,51.532541],[-0.225629,51.532535],[-0.225633,51.532453],[-0.225634,51.532436],[-0.225635,51.532427],[-0.225636,51.532409],[-0.225636,51.532404],[-0.225636,51.532388],[-0.225635,51.532383],[-0.225635,51.532377],[-0.225634,51.532343],[-0.225634,51.532336],[-0.225633,51.532302],[-0.225632,51.532277],[-0.225632,51.532274],[-0.225632,51.532242],[-0.225631,51.53223]]]}},{"type":"Feature","properties":{"LSOA21CD":"E01001852","LSOA21NM":"Hammersmith and Fulham 007A","MEAN_PTAL_":"6a","mean_AI":32.7986337899,"borough":"Kensington & Chelsea"},"geometry":{"type":"Polygon","coordinates":[[[-0.216693,51.504058],[-0.216609,51.503943],[-0.216585,51.503911],[-0.21658,51.503904],[-0.216567,51.503885],[-0.216557,51.503872],[-0.216518,51.503818],[-0.216514,51.503813],[-0.216498,51.503792],[-0.216461,51.503741],[-0.216431,51.5037],[-0.216376,51.503724],[-0.216363,51.50373],[-0.21636,51.503725],[-0.216325,51.503684],[-0.216295,51.503649],[-0.216293,51.503647],[-0.216266,51.503615],[-0.21626,51.503607],[-0.216246,51.503591],[-0.216241,51.503585],[-0.216223,51.503563],[-0.216144,51.50347],[-0.216125,51.503449],[-0.216114,51.503436],[-0.216109,51.50343],[-0.216063,51.50338],[-0.216025,51.503339],[-0.216,51.503312],[-0.215949,51.503258],[-0.215934,51.503242],[-0.215921,51.503228],[-0.215913,51.503219],[-0.215866,51.503169],[-0.215855,51.503157],[-0.215842,51.503143],[-0.215804,51.503102],[-0.215792,51.503089],[-0.215782,51.503079],[-0.215749,51.503043],[-0.215732,51.503025],[-0.215718,51.50301],[-0.215677,51.502966],[-0.215651,51.502938],[-0.215639,51.502925],[-0.215624,51.502909],[-0.215575,51.502856],[-0.215527,51.502805],[-0.215482,51.502756],[-0.215415,51.502685],[-0.215409,51.502679],[-0.215373,51.502623],[-0.21533,51.502557],[-0.215308,51.502523],[-0.215252,51.502438],[-0.215235,51.502412],[-0.215167,51.502308],[-0.215165,51.502305],[-0.215092,51.502193],[-0.21508,51.502176],[-0.215072,51.502164],[-0.215069,51.50216],[-0.21505,51.502134],[-0.214967,51.502019],[-0.214937,51.501978],[-0.214931,51.501969],[-0.214923,51.501958],[-0.214918,51.501951],[-0.214886,51.501906],[-0.214862,51.501873],[-0.214853,51.501861],[-0.214832,51.501832],[-0.214828,51.501827],[-0.214809,51.501801],[-0.21478,51.501761],[-0.214777,51.501756],[-0.214768,51.501743],[-0.214724,51.501682],[-0.214709,51.501663],[-0.214697,51.501645],[-0.214686,51.501627],[-0.214683,51.501622],[-0.21468,51.501616],[-0.214635,51.501541],[-0.214614,51.501506],[-0.214592,51.501468],[-0.214586,51.501457],[-0.214541,51.501381],[-0.214538,51.501377],[-0.214535,51.501372],[-0.214532,51.501366],[-0.21452,51.501346],[-0.214498,51.50131],[-0.214483,51.501284],[-0.214481,51.50128],[-0.214467,51.501256],[-0.214458,51.501241],[-0.214426,51.501188],[-0.214418,51.501173],[-0.214407,51.501155],[-0.214398,51.501141],[-0.214384,51.501119],[-0.214379,51.501112],[-0.214356,51.501077],[-0.21433,51.501038],[-0.21432,51.501023],[-0.214295,51.500985],[-0.214232,51.500889],[-0.214183,51.500816],[-0.214178,51.500808],[-0.214149,51.500765],[-0.214131,51.500736],[-0.214106,51.500716],[-0.214066,51.500684],[-0.214438,51.500504],[-0.214451,51.500498],[-0.21446,51.500506],[-0.214464,51.500504],[-0.21487,51.500352],[-0.214942,51.500324],[-0.215008,51.500339],[-0.214923,51.500375],[-0.214972,51.500397],[-0.214888,51.500498],[-0.215198,51.500689],[-0.215206,51.500697],[-0.215275,51.500739],[-0.215289,51.500747],[-0.2153,51.500756],[-0.215311,51.500761],[-0.215405,51.50081],[-0.215421,51.500816],[-0.215442,51.500827],[-0.215453,51.500832],[-0.215443,51.500866],[-0.215443,51.500891],[-0.215431,51.50093],[-0.215431,51.500948],[-0.215421,51.500987],[-0.21541,51.501029],[-0.215425,51.501078],[-0.215427,51.501082],[-0.215494,51.501143],[-0.215499,51.501146],[-0.215611,51.501195],[-0.215681,51.501159],[-0.215767,51.501114],[-0.215839,51.501077],[-0.216057,51.500964],[-0.216247,51.500866],[-0.21628,51.500848],[-0.216288,51.500844],[-0.216527,51.500716],[-0.216538,51.50071],[-0.216541,51.500708],[-0.21655,51.500704],[-0.216595,51.50068],[-0.216604,51.500682],[-0.216629,51.500688],[-0.216657,51.500674],[-0.216777,51.500614],[-0.216889,51.500559],[-0.216987,51.50051],[-0.217084,51.500462],[-0.217204,51.500402],[-0.217257,51.500376],[-0.217455,51.500277],[-0.217438,51.500257],[-0.217443,51.500248],[-0.217447,51.500233],[-0.217541,51.500184],[-0.217539,51.500235],[-0.21763,51.50019],[-0.217617,51.500273],[-0.217858,51.500308],[-0.217923,51.500331],[-0.217908,51.50035],[-0.217898,51.500358],[-0.217849,51.500416],[-0.217814,51.500443],[-0.217757,51.500469],[-0.2176,51.500507],[-0.217596,51.500512],[-0.217575,51.500527],[-0.217536,51.500553],[-0.217533,51.500557],[-0.217524,51.500565],[-0.217511,51.500654],[-0.217502,51.500716],[-0.217488,51.500813],[-0.217485,51.500885],[-0.217471,51.500967],[-0.217466,51.500992],[-0.217464,51.501028],[-0.217459,51.501117],[-0.217463,51.501121],[-0.217472,51.501129],[-0.217461,51.501181],[-0.217455,51.501207],[-0.217452,51.501221],[-0.217451,51.501231],[-0.217447,51.50131],[-0.217644,51.501208],[-0.217659,51.5012],[-0.217678,51.501233],[-0.217683,51.501241],[-0.21762,51.501318],[-0.21758,51.501367],[-0.217741,51.501453],[-0.217699,51.501474],[-0.217648,51.501498],[-0.217608,51.501517],[-0.217519,51.50156],[-0.217513,51.501563],[-0.217504,51.501567],[-0.217511,51.501578],[-0.217514,51.501582],[-0.217613,51.501729],[-0.21766,51.501752],[-0.217645,51.501793],[-0.217651,51.501825],[-0.217703,51.501796],[-0.217835,51.501726],[-0.217849,51.501719],[-0.217874,51.501705],[-0.217877,51.501703],[-0.217913,51.501684],[-0.218016,51.501629],[-0.218049,51.501612],[-0.218124,51.501571],[-0.218176,51.501543],[-0.218246,51.501506],[-0.218318,51.501467],[-0.218372,51.501438],[-0.218413,51.501417],[-0.218504,51.501368],[-0.218594,51.501319],[-0.218607,51.501332],[-0.218695,51.501285],[-0.218765,51.501264],[-0.21877,51.501263],[-0.218876,51.501381],[-0.21889,51.501396],[-0.218967,51.501482],[-0.218956,51.501489],[-0.21895,51.501493],[-0.218882,51.501539],[-0.218813,51.501568],[-0.218808,51.501571],[-0.218787,51.50158],[-0.218741,51.501607],[-0.218704,51.501623],[-0.21867,51.501637],[-0.218614,51.501669],[-0.218588,51.501678],[-0.218574,51.501686],[-0.218534,51.501717],[-0.218181,51.50189],[-0.21796,51.501998],[-0.217966,51.501997],[-0.218025,51.501992],[-0.218177,51.501977],[-0.218429,51.501952],[-0.21847,51.501948],[-0.218624,51.501923],[-0.218754,51.501902],[-0.218902,51.501877],[-0.218909,51.501877],[-0.218953,51.501874],[-0.21895,51.501811],[-0.218949,51.501782],[-0.219046,51.501767],[-0.219151,51.501751],[-0.219174,51.501763],[-0.219516,51.501597],[-0.21955,51.501582],[-0.219591,51.501608],[-0.219631,51.501648],[-0.219646,51.50169],[-0.219649,51.5017],[-0.219622,51.501825],[-0.219651,51.50183],[-0.219677,51.501834],[-0.219745,51.501845],[-0.219703,51.502171],[-0.219695,51.502228],[-0.219856,51.502235],[-0.219872,51.502233],[-0.219907,51.502254],[-0.219996,51.502304],[-0.219985,51.502356],[-0.219982,51.502369],[-0.219545,51.502359],[-0.219503,51.502539],[-0.219418,51.5029],[-0.219413,51.502924],[-0.219034,51.502905],[-0.218999,51.502903],[-0.218919,51.502898],[-0.218734,51.502888],[-0.218639,51.502883],[-0.218631,51.502882],[-0.218297,51.502863],[-0.218207,51.502858],[-0.218189,51.502857],[-0.218143,51.502855],[-0.218136,51.502855],[-0.217919,51.502842],[-0.217833,51.502838],[-0.217499,51.502819],[-0.217482,51.502818],[-0.217494,51.502688],[-0.217493,51.502683],[-0.21748,51.502683],[-0.217352,51.502681],[-0.216925,51.502675],[-0.216781,51.502666],[-0.216765,51.502776],[-0.216779,51.502811],[-0.216812,51.502854],[-0.21686,51.502895],[-0.216911,51.502925],[-0.216997,51.502963],[-0.217016,51.50299],[-0.217051,51.503026],[-0.217032,51.503083],[-0.217048,51.50316],[-0.217069,51.503196],[-0.217096,51.503222],[-0.217095,51.503245],[-0.217104,51.503273],[-0.217106,51.503279],[-0.21711,51.50329],[-0.217113,51.503298],[-0.217116,51.503302],[-0.21713,51.503338],[-0.21713,51.503345],[-0.217132,51.503351],[-0.217145,51.503387],[-0.217148,51.503391],[-0.217156,51.503417],[-0.217167,51.503455],[-0.217158,51.50347],[-0.217161,51.503479],[-0.217163,51.503485],[-0.217172,51.503512],[-0.217168,51.503521],[-0.217171,51.503525],[-0.217162,51.503525],[-0.217189,51.503593],[-0.217196,51.503613],[-0.217208,51.503642],[-0.217213,51.503656],[-0.217222,51.503678],[-0.217251,51.503754],[-0.217274,51.503814],[-0.217298,51.503876],[-0.217283,51.503878],[-0.217224,51.503884],[-0.21725,51.503914],[-0.217317,51.50399],[-0.21732,51.503994],[-0.217343,51.503992],[-0.217461,51.504296],[-0.21738,51.5043],[-0.217179,51.504297],[-0.217158,51.504295],[-0.21705,51.504286],[-0.216979,51.504258],[-0.216816,51.504226],[-0.216734,51.504115],[-0.216714,51.504087],[-0.216705,51.504074],[-0.216701,51.504069],[-0.216699,51.504066],[-0.216693,51.504058]]]}},{"type":"Feature","properties":{"LSOA21CD":"E01001855","LSOA21NM":"Hammersmith and Fulham 010B","MEAN_PTAL_":"4","mean_AI":17.3963062223,"borough":"Kensington & Chelsea"},"geometry":{"type":"Polygon","coordinates":[[[-0.215198,51.500689],[-0.214888,51.500498],[-0.214972,51.500397],[-0.214923,51.500375],[-0.215008,51.500339],[-0.214942,51.500324],[-0.21487,51.500352],[-0.214464,51.500504],[-0.21446,51.500506],[-0.214451,51.500498],[-0.214438,51.500504],[-0.214066,51.500684],[-0.21402,51.500646],[-0.213994,51.500625],[-0.213911,51.500557],[-0.213869,51.500523],[-0.213861,51.500517],[-0.213848,51.500506],[-0.213834,51.500495],[-0.213772,51.500444],[-0.213767,51.500441],[-0.213693,51.50038],[-0.213681,51.50037],[-0.213574,51.500283],[-0.213555,51.500268],[-0.213525,51.500244],[-0.213475,51.500203],[-0.213466,51.500195],[-0.21346,51.50019],[-0.213439,51.500174],[-0.213354,51.500105],[-0.213351,51.500102],[-0.213348,51.500099],[-0.213318,51.500075],[-0.213313,51.500071],[-0.213305,51.500065],[-0.213242,51.500013],[-0.213193,51.499974],[-0.213162,51.499948],[-0.213151,51.49994],[-0.213134,51.499925],[-0.213093,51.499892],[-0.21309,51.49989],[-0.213069,51.499872],[-0.213044,51.499852],[-0.213039,51.499848],[-0.213029,51.499841],[-0.21298,51.499805],[-0.21297,51.499798],[-0.212966,51.499794],[-0.212925,51.499764],[-0.212917,51.499759],[-0.212912,51.499755],[-0.212907,51.499751],[-0.212838,51.499701],[-0.212833,51.499698],[-0.212791,51.499667],[-0.212775,51.499655],[-0.212724,51.499618],[-0.212709,51.499607],[-0.212661,51.499571],[-0.212652,51.499564],[-0.212615,51.499537],[-0.212585,51.499519],[-0.212553,51.4995],[-0.2125,51.499468],[-0.212451,51.499439],[-0.212432,51.499427],[-0.212398,51.499407],[-0.212368,51.499389],[-0.212267,51.499328],[-0.212258,51.499323],[-0.212166,51.499267],[-0.212102,51.499229],[-0.212092,51.499223],[-0.212019,51.499179],[-0.211974,51.499152],[-0.211911,51.499114],[-0.211896,51.499105],[-0.211836,51.499069],[-0.211811,51.499054],[-0.211773,51.499031],[-0.211727,51.49901],[-0.211704,51.498999],[-0.211669,51.498983],[-0.211615,51.498957],[-0.2116,51.49895],[-0.211554,51.498928],[-0.211465,51.498886],[-0.211456,51.498882],[-0.211398,51.498855],[-0.211338,51.498827],[-0.211307,51.498812],[-0.211237,51.498779],[-0.211205,51.498764],[-0.211169,51.498747],[-0.211145,51.498735],[-0.211074,51.498702],[-0.21106,51.498696],[-0.211021,51.498677],[-0.211013,51.498674],[-0.210928,51.498634],[-0.210871,51.498607],[-0.210857,51.4986],[-0.210854,51.498598],[-0.2108,51.498573],[-0.210791,51.498569],[-0.210729,51.498519],[-0.210595,51.498411],[-0.210589,51.498406],[-0.210573,51.498392],[-0.21056,51.498382],[-0.210556,51.498379],[-0.210542,51.498368],[-0.210486,51.498322],[-0.210476,51.498314],[-0.210432,51.498278],[-0.210429,51.498276],[-0.210366,51.498225],[-0.210331,51.498197],[-0.210312,51.498181],[-0.210248,51.498129],[-0.210225,51.498108],[-0.210029,51.497927],[-0.209992,51.497885],[-0.209983,51.497875],[-0.209973,51.497864],[-0.209962,51.497852],[-0.209912,51.497794],[-0.209899,51.497779],[-0.210112,51.497675],[-0.210247,51.497779],[-0.210394,51.497892],[-0.210561,51.497851],[-0.210581,51.497846],[-0.210715,51.497812],[-0.210841,51.497781],[-0.211092,51.497718],[-0.211187,51.497695],[-0.211607,51.49759],[-0.21161,51.497593],[-0.211709,51.497676],[-0.211793,51.497747],[-0.211836,51.497783],[-0.211851,51.497795],[-0.211896,51.497833],[-0.211905,51.497841],[-0.211924,51.497857],[-0.211957,51.497884],[-0.21196,51.497887],[-0.211964,51.49789],[-0.212049,51.497962],[-0.212062,51.497973],[-0.212125,51.498026],[-0.21213,51.49803],[-0.212146,51.498043],[-0.212215,51.498101],[-0.212246,51.498135],[-0.212274,51.498166],[-0.212281,51.498173],[-0.212287,51.498179],[-0.212297,51.498175],[-0.212376,51.498129],[-0.212385,51.498124],[-0.212439,51.498092],[-0.212444,51.498095],[-0.212462,51.498107],[-0.212477,51.498117],[-0.212503,51.498133],[-0.212691,51.498253],[-0.212702,51.498259],[-0.212724,51.498249],[-0.212749,51.498237],[-0.21282,51.498203],[-0.212917,51.498158],[-0.213021,51.498109],[-0.213033,51.498103],[-0.213056,51.498093],[-0.213065,51.498088],[-0.213068,51.49809],[-0.213079,51.498098],[-0.21309,51.498105],[-0.213102,51.498113],[-0.213183,51.498168],[-0.213188,51.498171],[-0.21327,51.498196],[-0.21333,51.498214],[-0.213473,51.498257],[-0.213491,51.498262],[-0.21348,51.49828],[-0.213476,51.498286],[-0.21347,51.498297],[-0.213465,51.498305],[-0.21344,51.498347],[-0.213437,51.498351],[-0.213386,51.498437],[-0.213378,51.498451],[-0.213364,51.498473],[-0.213353,51.498491],[-0.213352,51.498494],[-0.213373,51.498501],[-0.213391,51.498508],[-0.213621,51.498586],[-0.213634,51.49859],[-0.213695,51.498611],[-0.213736,51.498551],[-0.21379,51.498465],[-0.213808,51.498435],[-0.213831,51.498441],[-0.213842,51.498444],[-0.213861,51.49845],[-0.213945,51.498476],[-0.214012,51.498496],[-0.21404,51.498504],[-0.214143,51.498539],[-0.214152,51.498542],[-0.214147,51.498552],[-0.214142,51.498559],[-0.214089,51.498649],[-0.214102,51.498653],[-0.214121,51.498659],[-0.214285,51.498713],[-0.214371,51.498741],[-0.214423,51.498758],[-0.214433,51.498762],[-0.214439,51.498764],[-0.214447,51.498766],[-0.214438,51.498785],[-0.21443,51.498803],[-0.214427,51.498809],[-0.214406,51.498855],[-0.214396,51.498875],[-0.2144,51.498876],[-0.214411,51.49888],[-0.214451,51.498893],[-0.214505,51.49891],[-0.214613,51.498959],[-0.214618,51.498961],[-0.21469,51.498994],[-0.214638,51.499063],[-0.214635,51.499067],[-0.214627,51.499078],[-0.214609,51.499102],[-0.214606,51.499107],[-0.21461,51.499111],[-0.214626,51.499122],[-0.214635,51.499128],[-0.214706,51.499179],[-0.214712,51.499184],[-0.214736,51.499201],[-0.21474,51.499204],[-0.214749,51.49921],[-0.214752,51.499213],[-0.214809,51.499253],[-0.214814,51.499257],[-0.214883,51.499306],[-0.214889,51.499311],[-0.214893,51.499313],[-0.214905,51.499299],[-0.214908,51.499297],[-0.21494,51.499272],[-0.214954,51.499262],[-0.214965,51.499245],[-0.214973,51.499249],[-0.214979,51.499252],[-0.214989,51.499258],[-0.215009,51.49927],[-0.215062,51.499301],[-0.215181,51.499341],[-0.215217,51.499353],[-0.215275,51.499372],[-0.215287,51.499376],[-0.215306,51.499344],[-0.215309,51.49934],[-0.215372,51.499358],[-0.215387,51.499338],[-0.215397,51.499325],[-0.215406,51.499313],[-0.215424,51.499358],[-0.215429,51.499407],[-0.215421,51.499438],[-0.215371,51.499507],[-0.215293,51.499557],[-0.215313,51.499587],[-0.215341,51.499607],[-0.215359,51.49962],[-0.215605,51.499693],[-0.215615,51.499696],[-0.215695,51.499582],[-0.215717,51.49955],[-0.215764,51.499483],[-0.21579,51.499446],[-0.215837,51.499378],[-0.215859,51.499346],[-0.215897,51.499292],[-0.215981,51.499171],[-0.215997,51.499175],[-0.216291,51.499253],[-0.216695,51.499359],[-0.216753,51.499374],[-0.216757,51.499375],[-0.216874,51.499406],[-0.216891,51.49941],[-0.216957,51.499428],[-0.217083,51.499461],[-0.217149,51.499478],[-0.217202,51.499492],[-0.21718,51.499478],[-0.217329,51.499259],[-0.217388,51.499266],[-0.217403,51.49927],[-0.217412,51.499272],[-0.217466,51.499292],[-0.217337,51.499519],[-0.217384,51.499539],[-0.217401,51.499543],[-0.217408,51.499546],[-0.217452,51.499558],[-0.217478,51.499564],[-0.217489,51.499567],[-0.21757,51.499589],[-0.217618,51.499601],[-0.217663,51.499613],[-0.217789,51.499646],[-0.217854,51.499663],[-0.217912,51.499679],[-0.217897,51.499678],[-0.217846,51.499679],[-0.217845,51.499683],[-0.217815,51.499753],[-0.217809,51.49976],[-0.217785,51.499788],[-0.21773,51.499825],[-0.217686,51.499842],[-0.217541,51.499867],[-0.21753,51.499867],[-0.217495,51.499874],[-0.21749,51.499874],[-0.217489,51.499927],[-0.217475,51.499969],[-0.217335,51.500122],[-0.217357,51.500141],[-0.217541,51.500184],[-0.217447,51.500233],[-0.217443,51.500248],[-0.217438,51.500257],[-0.217455,51.500277],[-0.217257,51.500376],[-0.217204,51.500402],[-0.217084,51.500462],[-0.216987,51.50051],[-0.216889,51.500559],[-0.216777,51.500614],[-0.216657,51.500674],[-0.216629,51.500688],[-0.216604,51.500682],[-0.216595,51.50068],[-0.21655,51.500704],[-0.216541,51.500708],[-0.216538,51.50071],[-0.216527,51.500716],[-0.216288,51.500844],[-0.21628,51.500848],[-0.216247,51.500866],[-0.216057,51.500964],[-0.215839,51.501077],[-0.215767,51.501114],[-0.215681,51.501159],[-0.215611,51.501195],[-0.215499,51.501146],[-0.215494,51.501143],[-0.215427,51.501082],[-0.215425,51.501078],[-0.21541,51.501029],[-0.215421,51.500987],[-0.215431,51.500948],[-0.215431,51.50093],[-0.215443,51.500891],[-0.215443,51.500866],[-0.215453,51.500832],[-0.215442,51.500827],[-0.215421,51.500816],[-0.215405,51.50081],[-0.215311,51.500761],[-0.2153,51.500756],[-0.215289,51.500747],[-0.215275,51.500739],[-0.215206,51.500697],[-0.215198,51.500689]]]}},{"type":"Feature","properties":{"LSOA21CD":"E01001857","LSOA21NM":"Hammersmith and Fulham 007D","MEAN_PTAL_":"6b","mean_AI":42.1517579369,"borough":"Kensington & Chelsea"},"geometry":{"type":"Polygon","coordinates":[[[-0.217017,51.504502],[-0.216837,51.504256],[-0.216816,51.504226],[-0.216979,51.504258],[-0.21705,51.504286],[-0.217158,51.504295],[-0.217179,51.504297],[-0.21738,51.5043],[-0.217461,51.504296],[-0.217343,51.503992],[-0.21732,51.503994],[-0.217317,51.50399],[-0.21725,51.503914],[-0.217224,51.503884],[-0.217283,51.503878],[-0.217298,51.503876],[-0.217274,51.503814],[-0.217251,51.503754],[-0.217222,51.503678],[-0.217213,51.503656],[-0.217208,51.503642],[-0.217196,51.503613],[-0.217189,51.503593],[-0.217162,51.503525],[-0.217171,51.503525],[-0.217168,51.503521],[-0.217172,51.503512],[-0.217163,51.503485],[-0.217161,51.503479],[-0.217158,51.50347],[-0.217167,51.503455],[-0.217156,51.503417],[-0.217148,51.503391],[-0.217145,51.503387],[-0.217132,51.503351],[-0.21713,51.503345],[-0.21713,51.503338],[-0.217116,51.503302],[-0.217113,51.503298],[-0.21711,51.50329],[-0.217106,51.503279],[-0.217104,51.503273],[-0.217095,51.503245],[-0.217096,51.503222],[-0.217069,51.503196],[-0.217048,51.50316],[-0.217032,51.503083],[-0.217051,51.503026],[-0.217016,51.50299],[-0.216997,51.502963],[-0.216911,51.502925],[-0.21686,51.502895],[-0.216812,51.502854],[-0.216779,51.502811],[-0.216765,51.502776],[-0.216781,51.502666],[-0.216925,51.502675],[-0.217352,51.502681],[-0.21748,51.502683],[-0.217493,51.502683],[-0.217494,51.502688],[-0.217482,51.502818],[-0.217499,51.502819],[-0.217833,51.502838],[-0.217919,51.502842],[-0.218136,51.502855],[-0.218143,51.502855],[-0.218189,51.502857],[-0.218207,51.502858],[-0.218297,51.502863],[-0.218631,51.502882],[-0.218639,51.502883],[-0.218734,51.502888],[-0.218919,51.502898],[-0.218999,51.502903],[-0.219034,51.502905],[-0.219413,51.502924],[-0.219418,51.5029],[-0.219503,51.502539],[-0.219545,51.502359],[-0.219982,51.502369],[-0.219884,51.502837],[-0.21987,51.502916],[-0.219864,51.502947],[-0.220228,51.502965],[-0.2203,51.502969],[-0.22029,51.502932],[-0.220344,51.502933],[-0.220437,51.502929],[-0.220891,51.502906],[-0.221456,51.502878],[-0.22165,51.502876],[-0.221653,51.502865],[-0.221696,51.502857],[-0.222027,51.50279],[-0.222262,51.502743],[-0.222578,51.50268],[-0.222143,51.502509],[-0.222073,51.502481],[-0.222113,51.502426],[-0.222103,51.502333],[-0.222002,51.50222],[-0.221955,51.502196],[-0.22177,51.502212],[-0.221537,51.502232],[-0.221467,51.502239],[-0.221282,51.502255],[-0.221267,51.501952],[-0.221208,51.501687],[-0.221425,51.501666],[-0.22152,51.501657],[-0.221658,51.501643],[-0.221991,51.501611],[-0.222062,51.501604],[-0.222082,51.501602],[-0.222112,51.501602],[-0.222119,51.501602],[-0.222112,51.501593],[-0.222113,51.501588],[-0.222121,51.501587],[-0.22214,51.501585],[-0.222133,51.501525],[-0.22211,51.501333],[-0.222108,51.501315],[-0.222108,51.501296],[-0.222199,51.501295],[-0.222376,51.501293],[-0.222612,51.501291],[-0.222611,51.501296],[-0.222588,51.501412],[-0.222646,51.50152],[-0.222679,51.501552],[-0.222735,51.501583],[-0.222742,51.501589],[-0.222796,51.501615],[-0.222809,51.501621],[-0.222911,51.501657],[-0.222876,51.501704],[-0.222873,51.501709],[-0.222849,51.501741],[-0.222816,51.501811],[-0.222771,51.501846],[-0.222757,51.501898],[-0.222752,51.501916],[-0.222772,51.501966],[-0.222903,51.502045],[-0.223192,51.501969],[-0.223205,51.50199],[-0.223262,51.502081],[-0.223337,51.502085],[-0.223361,51.502068],[-0.223419,51.502038],[-0.223455,51.502023],[-0.223972,51.50211],[-0.223995,51.502118],[-0.224079,51.502273],[-0.224017,51.50229],[-0.223966,51.502306],[-0.223909,51.502325],[-0.223961,51.502405],[-0.223986,51.502444],[-0.223882,51.502471],[-0.223865,51.502475],[-0.223779,51.502497],[-0.223798,51.502527],[-0.223821,51.502563],[-0.223452,51.502653],[-0.223465,51.502677],[-0.22351,51.50275],[-0.223543,51.502804],[-0.223547,51.502811],[-0.223554,51.502822],[-0.223559,51.502831],[-0.223568,51.502845],[-0.2236,51.502837],[-0.223612,51.502834],[-0.223619,51.502833],[-0.223626,51.502841],[-0.223645,51.502865],[-0.223544,51.502898],[-0.223498,51.502913],[-0.223437,51.502933],[-0.223199,51.502984],[-0.223147,51.503],[-0.223074,51.503024],[-0.223061,51.503028],[-0.223056,51.50303],[-0.223063,51.503039],[-0.223095,51.503086],[-0.223131,51.503139],[-0.223144,51.503157],[-0.223159,51.503174],[-0.223266,51.503297],[-0.22314,51.503344],[-0.22313,51.503348],[-0.223025,51.503387],[-0.222985,51.503402],[-0.222915,51.503428],[-0.22289,51.503435],[-0.222623,51.503514],[-0.222579,51.503526],[-0.222507,51.503545],[-0.222319,51.503577],[-0.222102,51.503614],[-0.222066,51.50362],[-0.221985,51.503634],[-0.221856,51.503656],[-0.221784,51.503668],[-0.221753,51.503674],[-0.221632,51.503695],[-0.221197,51.503774],[-0.22119,51.503775],[-0.221146,51.503783],[-0.220831,51.503841],[-0.220824,51.503842],[-0.220606,51.503882],[-0.220601,51.503883],[-0.22041,51.503918],[-0.220327,51.503933],[-0.220292,51.50394],[-0.220252,51.503947],[-0.220155,51.503965],[-0.21997,51.503998],[-0.219858,51.504019],[-0.219768,51.504035],[-0.219516,51.504082],[-0.219469,51.50409],[-0.219215,51.504137],[-0.219209,51.504137],[-0.219182,51.504142],[-0.219081,51.504159],[-0.219015,51.50417],[-0.218932,51.504184],[-0.21846,51.504262],[-0.21819,51.504307],[-0.218121,51.504318],[-0.217529,51.504416],[-0.217471,51.504426],[-0.217387,51.50444],[-0.21738,51.504441],[-0.217036,51.504498],[-0.217017,51.504502]]]}},{"type":"Feature","properties":{"LSOA21CD":"E01001866","LSOA21NM":"Hammersmith and Fulham 012A","MEAN_PTAL_":"5","mean_AI":22.3245041542,"borough":"Kensington & Chelsea"},"geometry":{"type":"Polygon","coordinates":[[[-0.210247,51.497779],[-0.210112,51.497675],[-0.209899,51.497779],[-0.20969,51.49754],[-0.20957,51.497402],[-0.209565,51.497396],[-0.209445,51.497283],[-0.209429,51.497268],[-0.209412,51.497252],[-0.209408,51.497249],[-0.209123,51.496979],[-0.2091,51.496958],[-0.208977,51.496842],[-0.208944,51.49681],[-0.208841,51.496726],[-0.208788,51.496683],[-0.20852,51.496463],[-0.208477,51.496429],[-0.2084,51.496366],[-0.208358,51.496332],[-0.208351,51.496325],[-0.20824,51.496235],[-0.208186,51.49619],[-0.207978,51.496023],[-0.207769,51.496066],[-0.207748,51.49607],[-0.207669,51.496087],[-0.20743,51.496135],[-0.207403,51.496141],[-0.207365,51.496148],[-0.2073,51.496053],[-0.207294,51.496043],[-0.207286,51.496018],[-0.207274,51.495991],[-0.207264,51.495975],[-0.207259,51.495968],[-0.207243,51.495949],[-0.207237,51.495941],[-0.207232,51.495935],[-0.207229,51.495932],[-0.207201,51.495906],[-0.207187,51.495895],[-0.207175,51.495886],[-0.207154,51.495873],[-0.207145,51.495867],[-0.207113,51.495844],[-0.207087,51.495818],[-0.207084,51.495814],[-0.207081,51.495812],[-0.207076,51.495808],[-0.20704,51.495783],[-0.207036,51.49578],[-0.206874,51.495666],[-0.206865,51.495659],[-0.206816,51.495625],[-0.20681,51.495622],[-0.206782,51.495607],[-0.206739,51.495585],[-0.206715,51.495573],[-0.206678,51.495554],[-0.206655,51.495543],[-0.206568,51.495506],[-0.206457,51.49546],[-0.206435,51.49545],[-0.206368,51.495421],[-0.206355,51.495415],[-0.206241,51.495365],[-0.2061,51.495305],[-0.206043,51.495282],[-0.206006,51.495268],[-0.205866,51.495219],[-0.205815,51.495201],[-0.20578,51.495187],[-0.206046,51.494995],[-0.206108,51.494951],[-0.206612,51.494651],[-0.206617,51.49465],[-0.206629,51.494652],[-0.206695,51.494614],[-0.206825,51.494541],[-0.206849,51.494516],[-0.206864,51.494475],[-0.206863,51.494437],[-0.206863,51.49441],[-0.206898,51.494404],[-0.206931,51.494395],[-0.207056,51.494328],[-0.207085,51.494305],[-0.207162,51.494195],[-0.207583,51.494349],[-0.207574,51.494357],[-0.207371,51.49452],[-0.207331,51.494552],[-0.207364,51.494568],[-0.207493,51.494631],[-0.207654,51.494709],[-0.207695,51.494729],[-0.207769,51.494766],[-0.207839,51.494812],[-0.207909,51.494885],[-0.207937,51.494903],[-0.208016,51.494968],[-0.208057,51.495001],[-0.208389,51.494876],[-0.208436,51.494821],[-0.208647,51.495002],[-0.20882,51.49515],[-0.208857,51.495182],[-0.208908,51.495244],[-0.208946,51.495233],[-0.209016,51.495332],[-0.209018,51.495335],[-0.209035,51.495359],[-0.209056,51.495388],[-0.209058,51.49539],[-0.209097,51.495433],[-0.209135,51.495418],[-0.209665,51.495199],[-0.209637,51.495185],[-0.209532,51.495132],[-0.209216,51.49497],[-0.209059,51.494687],[-0.209158,51.49459],[-0.209155,51.494529],[-0.209153,51.494496],[-0.209161,51.494478],[-0.209212,51.494363],[-0.209583,51.49413],[-0.209705,51.494054],[-0.209726,51.494009],[-0.209727,51.494],[-0.209792,51.493952],[-0.209819,51.493932],[-0.209748,51.493887],[-0.209565,51.493795],[-0.209544,51.493787],[-0.209494,51.493767],[-0.209415,51.49373],[-0.209374,51.493712],[-0.209352,51.493702],[-0.209327,51.493687],[-0.209038,51.493513],[-0.208904,51.493433],[-0.208897,51.493429],[-0.208798,51.493369],[-0.20869,51.493305],[-0.208625,51.493266],[-0.208496,51.493189],[-0.208493,51.493187],[-0.208212,51.493019],[-0.208131,51.492956],[-0.208109,51.49297],[-0.208087,51.492954],[-0.20811,51.492939],[-0.208017,51.492863],[-0.207972,51.492822],[-0.207876,51.492734],[-0.207836,51.492698],[-0.207657,51.492489],[-0.207641,51.492466],[-0.207752,51.492483],[-0.207802,51.492494],[-0.207817,51.492499],[-0.208044,51.492465],[-0.208152,51.492464],[-0.208169,51.492466],[-0.208229,51.492471],[-0.208268,51.492477],[-0.208327,51.492491],[-0.208436,51.492527],[-0.208543,51.492572],[-0.208578,51.492593],[-0.208611,51.492616],[-0.208637,51.492599],[-0.208683,51.4926],[-0.208982,51.492609],[-0.208936,51.492698],[-0.209013,51.492735],[-0.208814,51.492722],[-0.208728,51.492721],[-0.208685,51.492729],[-0.208684,51.492738],[-0.208698,51.492765],[-0.208921,51.492904],[-0.208936,51.492913],[-0.209232,51.493097],[-0.209303,51.493134],[-0.209333,51.493153],[-0.209348,51.493144],[-0.209444,51.493212],[-0.209444,51.493209],[-0.209446,51.493136],[-0.209447,51.493119],[-0.209462,51.493101],[-0.209566,51.493039],[-0.209846,51.492913],[-0.210286,51.493302],[-0.210277,51.493309],[-0.21031,51.4933],[-0.210382,51.493291],[-0.210451,51.49327],[-0.210508,51.493252],[-0.210563,51.493239],[-0.210594,51.493239],[-0.210594,51.493232],[-0.210653,51.493218],[-0.210841,51.493212],[-0.210884,51.493212],[-0.210874,51.493277],[-0.210786,51.493766],[-0.21084,51.493771],[-0.210961,51.493755],[-0.211023,51.49374],[-0.211067,51.493725],[-0.211197,51.493664],[-0.211216,51.493649],[-0.211221,51.493649],[-0.211346,51.493645],[-0.211367,51.493642],[-0.211398,51.493634],[-0.211554,51.4936],[-0.211712,51.493745],[-0.211741,51.493772],[-0.211758,51.493787],[-0.211687,51.493812],[-0.211658,51.493822],[-0.211156,51.493999],[-0.211159,51.494002],[-0.211305,51.494141],[-0.211361,51.494195],[-0.211538,51.494154],[-0.211557,51.494136],[-0.211597,51.494096],[-0.211746,51.494137],[-0.21179,51.494149],[-0.21182,51.49416],[-0.21184,51.494163],[-0.212011,51.494206],[-0.212035,51.494209],[-0.212128,51.494219],[-0.212164,51.494244],[-0.212212,51.494302],[-0.212273,51.49448],[-0.212292,51.494535],[-0.21237,51.494589],[-0.212414,51.49466],[-0.212712,51.494541],[-0.212729,51.494535],[-0.212749,51.494527],[-0.212783,51.494535],[-0.212863,51.494555],[-0.213105,51.494622],[-0.21313,51.494721],[-0.213153,51.494875],[-0.213151,51.494915],[-0.21315,51.494947],[-0.213148,51.495009],[-0.213119,51.495073],[-0.213116,51.495081],[-0.213085,51.495125],[-0.213061,51.495154],[-0.213025,51.495196],[-0.212981,51.495223],[-0.212907,51.495258],[-0.21282,51.495292],[-0.212732,51.495327],[-0.212499,51.495386],[-0.21244,51.495412],[-0.212395,51.495457],[-0.212365,51.495492],[-0.212389,51.495618],[-0.212443,51.495718],[-0.212468,51.495799],[-0.212479,51.495899],[-0.212489,51.495998],[-0.212477,51.496069],[-0.212474,51.496088],[-0.212471,51.496105],[-0.212453,51.496186],[-0.212439,51.496233],[-0.212497,51.49625],[-0.212608,51.496277],[-0.21267,51.496291],[-0.212712,51.496299],[-0.213017,51.496352],[-0.213041,51.496355],[-0.213064,51.496357],[-0.213231,51.496343],[-0.21341,51.496324],[-0.213467,51.496332],[-0.213544,51.496341],[-0.213667,51.496353],[-0.213672,51.496353],[-0.214202,51.496472],[-0.214293,51.496455],[-0.214481,51.4964],[-0.214751,51.49631],[-0.214844,51.496284],[-0.214917,51.496101],[-0.214936,51.496066],[-0.214948,51.496041],[-0.214982,51.496064],[-0.215187,51.496202],[-0.215257,51.49625],[-0.215358,51.496318],[-0.21522,51.496429],[-0.215155,51.496482],[-0.215138,51.496496],[-0.214577,51.49695],[-0.214366,51.496929],[-0.214359,51.496934],[-0.214138,51.496923],[-0.214096,51.496921],[-0.213865,51.496918],[-0.213518,51.496949],[-0.213445,51.496983],[-0.213422,51.496997],[-0.213389,51.497016],[-0.213381,51.497021],[-0.213356,51.497036],[-0.213309,51.497082],[-0.213237,51.497151],[-0.213238,51.497115],[-0.213224,51.497097],[-0.213196,51.497078],[-0.213153,51.497069],[-0.213085,51.497055],[-0.212793,51.496996],[-0.212786,51.496995],[-0.212767,51.496991],[-0.212739,51.496991],[-0.212252,51.49692],[-0.212128,51.4969],[-0.212118,51.496898],[-0.212018,51.496866],[-0.212008,51.496881],[-0.211997,51.496902],[-0.21195,51.496997],[-0.211946,51.497005],[-0.211943,51.497076],[-0.211937,51.497076],[-0.211932,51.497076],[-0.211935,51.497268],[-0.211935,51.497281],[-0.211934,51.497291],[-0.211934,51.497311],[-0.211929,51.497424],[-0.211929,51.497461],[-0.211937,51.497462],[-0.211937,51.497485],[-0.211927,51.497488],[-0.211926,51.497509],[-0.21187,51.497524],[-0.21161,51.497593],[-0.211607,51.49759],[-0.211187,51.497695],[-0.211092,51.497718],[-0.210841,51.497781],[-0.210715,51.497812],[-0.210581,51.497846],[-0.210561,51.497851],[-0.210394,51.497892],[-0.210247,51.497779]]]}},{"type":"Feature","properties":{"LSOA21CD":"E01001870","LSOA21NM":"Hammersmith and Fulham 012D","MEAN_PTAL_":"5","mean_AI":23.4004698623,"borough":"Kensington & Chelsea"},"geometry":{"type":"Polygon","coordinates":[[[-0.204645,51.494657],[-0.204705,51.494599],[-0.204717,51.494588],[-0.204609,51.494514],[-0.204502,51.494441],[-0.204483,51.494429],[-0.204469,51.494419],[-0.204419,51.494385],[-0.204413,51.494381],[-0.20441,51.494378],[-0.204407,51.494376],[-0.204344,51.494331],[-0.204165,51.494203],[-0.204006,51.494082],[-0.203979,51.494062],[-0.203965,51.494051],[-0.203892,51.493996],[-0.203879,51.493986],[-0.203614,51.493771],[-0.203425,51.493601],[-0.20342,51.493596],[-0.203243,51.493428],[-0.203161,51.493343],[-0.203142,51.493324],[-0.203142,51.493323],[-0.203126,51.493308],[-0.203071,51.493251],[-0.20298,51.493156],[-0.202944,51.493117],[-0.202941,51.493113],[-0.20293,51.493101],[-0.202787,51.492945],[-0.202757,51.492912],[-0.202594,51.492721],[-0.20259,51.492716],[-0.202546,51.492664],[-0.202509,51.492618],[-0.202403,51.492485],[-0.202224,51.492286],[-0.20222,51.492282],[-0.202216,51.492277],[-0.202172,51.492228],[-0.201866,51.491888],[-0.201856,51.491877],[-0.202096,51.491791],[-0.202181,51.49176],[-0.202384,51.491687],[-0.202641,51.491636],[-0.202895,51.491586],[-0.204114,51.491446],[-0.204126,51.491444],[-0.204277,51.491427],[-0.204664,51.491363],[-0.204764,51.491346],[-0.204777,51.491344],[-0.205171,51.491278],[-0.205457,51.491231],[-0.205546,51.491216],[-0.205665,51.491192],[-0.206605,51.490997],[-0.206757,51.490966],[-0.206845,51.490948],[-0.206911,51.490934],[-0.206918,51.490933],[-0.206937,51.490929],[-0.207349,51.490844],[-0.20743,51.490827],[-0.207496,51.490813],[-0.207643,51.490783],[-0.207657,51.490781],[-0.207674,51.490777],[-0.207685,51.490776],[-0.207716,51.49077],[-0.207779,51.490759],[-0.2078,51.490755],[-0.207829,51.49075],[-0.207848,51.490747],[-0.207947,51.490729],[-0.208031,51.490714],[-0.208074,51.490707],[-0.20815,51.490696],[-0.208159,51.490695],[-0.208173,51.490693],[-0.208194,51.490689],[-0.208277,51.490677],[-0.208416,51.490656],[-0.208478,51.490646],[-0.208512,51.490641],[-0.20852,51.49064],[-0.20861,51.490629],[-0.208685,51.490619],[-0.20871,51.490616],[-0.208718,51.490615],[-0.208729,51.490633],[-0.208943,51.490975],[-0.208955,51.491002],[-0.208986,51.491074],[-0.208987,51.491077],[-0.209014,51.491072],[-0.209154,51.491046],[-0.209313,51.491021],[-0.209371,51.491022],[-0.20937,51.491031],[-0.209367,51.49105],[-0.209361,51.491098],[-0.209341,51.491251],[-0.209325,51.491368],[-0.209312,51.491464],[-0.209307,51.491502],[-0.209294,51.491603],[-0.209289,51.491641],[-0.209288,51.491658],[-0.209287,51.491686],[-0.20923,51.491856],[-0.209219,51.49188],[-0.209213,51.491892],[-0.209212,51.491899],[-0.209212,51.491912],[-0.209204,51.491936],[-0.209197,51.49195],[-0.209093,51.491935],[-0.208874,51.491902],[-0.208736,51.491886],[-0.208352,51.491841],[-0.208259,51.491831],[-0.208198,51.491824],[-0.208193,51.491823],[-0.208169,51.49182],[-0.207394,51.491724],[-0.207384,51.491776],[-0.207362,51.491889],[-0.207346,51.491971],[-0.207327,51.491991],[-0.20733,51.491998],[-0.207299,51.492022],[-0.207291,51.492015],[-0.206897,51.492003],[-0.206889,51.492003],[-0.206843,51.492045],[-0.206772,51.492079],[-0.206712,51.492093],[-0.206655,51.492106],[-0.206576,51.492114],[-0.206553,51.492116],[-0.206466,51.492138],[-0.206339,51.492161],[-0.206329,51.492157],[-0.206176,51.492096],[-0.206168,51.492074],[-0.206155,51.492035],[-0.206331,51.491567],[-0.205914,51.491392],[-0.205799,51.491347],[-0.205394,51.491707],[-0.205353,51.491707],[-0.205204,51.491694],[-0.205151,51.491683],[-0.205092,51.491671],[-0.2051,51.491678],[-0.205111,51.491687],[-0.205262,51.491776],[-0.205413,51.49186],[-0.205644,51.491955],[-0.205953,51.492064],[-0.205834,51.492111],[-0.205683,51.492171],[-0.205653,51.492186],[-0.205592,51.492216],[-0.205428,51.492298],[-0.205313,51.492434],[-0.205078,51.492413],[-0.205063,51.492411],[-0.204925,51.492337],[-0.204845,51.492311],[-0.204838,51.492311],[-0.204746,51.492256],[-0.204742,51.492254],[-0.204653,51.492222],[-0.204571,51.49221],[-0.204366,51.492181],[-0.204249,51.492187],[-0.204157,51.492192],[-0.204152,51.492193],[-0.204411,51.492442],[-0.204444,51.492463],[-0.204498,51.49249],[-0.204524,51.492501],[-0.204594,51.492522],[-0.204613,51.492526],[-0.204617,51.492528],[-0.204676,51.492565],[-0.204735,51.492594],[-0.204742,51.492596],[-0.204778,51.492606],[-0.204787,51.492609],[-0.204808,51.492626],[-0.204892,51.492674],[-0.204959,51.4927],[-0.204968,51.492708],[-0.20501,51.492733],[-0.205006,51.492739],[-0.205044,51.492757],[-0.205149,51.492809],[-0.205265,51.492866],[-0.2053,51.492881],[-0.205327,51.492893],[-0.20535,51.492903],[-0.2054,51.492913],[-0.205522,51.492939],[-0.20567,51.492969],[-0.205679,51.492971],[-0.2057,51.49298],[-0.20572,51.492989],[-0.205731,51.492996],[-0.205715,51.493039],[-0.205683,51.49308],[-0.205641,51.493118],[-0.205599,51.493138],[-0.205557,51.493159],[-0.205553,51.493161],[-0.205544,51.493164],[-0.205501,51.493197],[-0.205479,51.493209],[-0.205437,51.493242],[-0.205424,51.493248],[-0.205417,51.493253],[-0.205382,51.493277],[-0.205362,51.493299],[-0.205344,51.493312],[-0.205329,51.493327],[-0.205217,51.493361],[-0.205211,51.493365],[-0.205184,51.493382],[-0.205165,51.4934],[-0.205135,51.49342],[-0.205091,51.49347],[-0.205082,51.493492],[-0.20507,51.493503],[-0.205056,51.493515],[-0.20504,51.49353],[-0.205035,51.493545],[-0.204952,51.49361],[-0.204927,51.49363],[-0.204908,51.493644],[-0.20495,51.493666],[-0.204858,51.493743],[-0.204789,51.493714],[-0.204711,51.493755],[-0.204838,51.49383],[-0.20485,51.493836],[-0.20499,51.493905],[-0.204999,51.49391],[-0.205064,51.493942],[-0.205087,51.493925],[-0.205083,51.493918],[-0.205131,51.493883],[-0.205138,51.493886],[-0.20526,51.493794],[-0.205321,51.493748],[-0.205393,51.493693],[-0.205398,51.493689],[-0.205455,51.493646],[-0.205571,51.493558],[-0.205579,51.493554],[-0.205582,51.493553],[-0.205635,51.493521],[-0.205649,51.493507],[-0.205662,51.493494],[-0.205658,51.493492],[-0.205685,51.493472],[-0.205718,51.493439],[-0.205773,51.493402],[-0.205793,51.493389],[-0.2058,51.493384],[-0.205876,51.493325],[-0.205896,51.493309],[-0.205904,51.493303],[-0.205969,51.493253],[-0.205988,51.493238],[-0.206008,51.493224],[-0.206076,51.493171],[-0.206092,51.493159],[-0.206108,51.493146],[-0.206125,51.493133],[-0.206216,51.493063],[-0.206312,51.49299],[-0.206321,51.492983],[-0.206348,51.492963],[-0.206445,51.492893],[-0.206473,51.492872],[-0.206479,51.492868],[-0.206523,51.492835],[-0.206712,51.492693],[-0.206744,51.492669],[-0.206751,51.492661],[-0.206766,51.492653],[-0.206787,51.492637],[-0.206788,51.49264],[-0.2068,51.492673],[-0.206827,51.492701],[-0.206855,51.492737],[-0.206953,51.492793],[-0.207019,51.492823],[-0.207095,51.492858],[-0.207215,51.492895],[-0.20686,51.493044],[-0.206829,51.493057],[-0.206815,51.493083],[-0.206766,51.493257],[-0.206767,51.493261],[-0.206782,51.493326],[-0.206787,51.493346],[-0.206778,51.493348],[-0.206606,51.493408],[-0.206561,51.493428],[-0.206473,51.493468],[-0.206467,51.493471],[-0.206408,51.49351],[-0.206387,51.493528],[-0.206325,51.493579],[-0.206296,51.493632],[-0.206287,51.493647],[-0.206132,51.493656],[-0.206012,51.493653],[-0.205999,51.493659],[-0.205992,51.493662],[-0.206221,51.493778],[-0.20659,51.493965],[-0.206596,51.493967],[-0.206617,51.493977],[-0.206916,51.494105],[-0.207025,51.494145],[-0.20707,51.494161],[-0.207162,51.494195],[-0.207085,51.494305],[-0.207056,51.494328],[-0.206931,51.494395],[-0.206898,51.494404],[-0.206863,51.49441],[-0.206863,51.494437],[-0.206864,51.494475],[-0.206849,51.494516],[-0.206825,51.494541],[-0.206695,51.494614],[-0.206629,51.494652],[-0.206617,51.49465],[-0.206612,51.494651],[-0.206108,51.494951],[-0.206046,51.494995],[-0.20578,51.495187],[-0.205765,51.495181],[-0.205682,51.49515],[-0.205599,51.495116],[-0.205574,51.495106],[-0.205553,51.495098],[-0.205461,51.495062],[-0.205409,51.495039],[-0.205405,51.495037],[-0.205354,51.495015],[-0.205246,51.494968],[-0.20523,51.49496],[-0.205179,51.494938],[-0.205165,51.494931],[-0.205121,51.494909],[-0.205041,51.49487],[-0.204995,51.494848],[-0.204989,51.494844],[-0.204824,51.494758],[-0.204817,51.494755],[-0.204802,51.494746],[-0.204716,51.494697],[-0.204696,51.494686],[-0.204654,51.494662],[-0.204645,51.494657]]]}},{"type":"Feature","properties":{"LSOA21CD":"E01001877","LSOA21NM":"Hammersmith and Fulham 001D","MEAN_PTAL_":"2","mean_AI":6.52085765113,"borough":"Kensington & Chelsea"},"geometry":{"type":"Polygon","coordinates":[[[-0.23306,51.53189],[-0.233036,51.531876],[-0.233025,51.53187],[-0.233003,51.531857],[-0.232942,51.531822],[-0.232926,51.531813],[-0.232883,51.531791],[-0.232876,51.531788],[-0.232841,51.531771],[-0.232824,51.531763],[-0.23276,51.531731],[-0.232755,51.531729],[-0.232746,51.531724],[-0.232701,51.531702],[-0.232645,51.531675],[-0.232634,51.53167],[-0.232616,51.531661],[-0.232579,51.531643],[-0.232569,51.531638],[-0.23251,51.531609],[-0.232456,51.531582],[-0.232401,51.531555],[-0.232365,51.531538],[-0.232356,51.531533],[-0.23233,51.531521],[-0.232298,51.531506],[-0.232276,51.531496],[-0.232106,51.531418],[-0.232069,51.5314],[-0.232042,51.531388],[-0.232032,51.531383],[-0.232011,51.531374],[-0.232006,51.531372],[-0.23196,51.53135],[-0.231953,51.531347],[-0.231886,51.531316],[-0.231706,51.531234],[-0.231638,51.531202],[-0.231589,51.53118],[-0.231564,51.531169],[-0.231432,51.531115],[-0.231371,51.53109],[-0.231361,51.531086],[-0.231225,51.53104],[-0.231076,51.53099],[-0.23107,51.530988],[-0.230944,51.530953],[-0.230915,51.530945],[-0.230894,51.530939],[-0.230866,51.530932],[-0.230853,51.530928],[-0.230795,51.530915],[-0.230722,51.530899],[-0.230669,51.530888],[-0.230573,51.530867],[-0.230532,51.530858],[-0.230479,51.530846],[-0.230447,51.530839],[-0.230259,51.530788],[-0.230121,51.530751],[-0.230085,51.530741],[-0.229973,51.530711],[-0.229966,51.530709],[-0.229895,51.53069],[-0.229831,51.530674],[-0.229807,51.530668],[-0.22974,51.530651],[-0.229726,51.530647],[-0.229639,51.530625],[-0.229399,51.530564],[-0.229348,51.530551],[-0.229336,51.530548],[-0.229214,51.530512],[-0.229199,51.530508],[-0.229173,51.530501],[-0.229165,51.530498],[-0.229142,51.530491],[-0.229108,51.53048],[-0.229093,51.530475],[-0.229054,51.530462],[-0.229019,51.530451],[-0.228996,51.530443],[-0.228952,51.530429],[-0.22887,51.530402],[-0.228817,51.530385],[-0.228701,51.530463],[-0.228692,51.530469],[-0.228663,51.530453],[-0.228605,51.530423],[-0.228605,51.530422],[-0.228479,51.530355],[-0.22848,51.530352],[-0.228514,51.530282],[-0.228529,51.530249],[-0.228618,51.53006],[-0.228626,51.530044],[-0.228633,51.530029],[-0.228704,51.529879],[-0.228673,51.529823],[-0.228468,51.529445],[-0.228371,51.529266],[-0.228343,51.529214],[-0.228301,51.529151],[-0.228259,51.529098],[-0.228247,51.529083],[-0.228241,51.529077],[-0.228185,51.529016],[-0.227995,51.528853],[-0.227804,51.528651],[-0.227718,51.528545],[-0.227566,51.528331],[-0.227559,51.528318],[-0.227493,51.528194],[-0.227484,51.528177],[-0.227459,51.528114],[-0.227434,51.528052],[-0.227388,51.527893],[-0.227354,51.527704],[-0.227336,51.527534],[-0.227333,51.527507],[-0.227325,51.527289],[-0.227325,51.52723],[-0.227327,51.527103],[-0.227394,51.526249],[-0.22737,51.525963],[-0.227361,51.525907],[-0.227351,51.525841],[-0.227306,51.525535],[-0.227275,51.525318],[-0.227266,51.525269],[-0.227248,51.525169],[-0.227184,51.524857],[-0.227183,51.524853],[-0.227231,51.524853],[-0.227375,51.524852],[-0.228153,51.52485],[-0.228269,51.524851],[-0.228312,51.524861],[-0.228368,51.524876],[-0.228383,51.52488],[-0.22844,51.524908],[-0.228623,51.52501],[-0.228709,51.525029],[-0.228824,51.52504],[-0.229272,51.525021],[-0.231943,51.524907],[-0.232029,51.524899],[-0.232105,51.524888],[-0.232189,51.524875],[-0.232363,51.524841],[-0.232445,51.524838],[-0.232532,51.524835],[-0.232695,51.524828],[-0.23271,51.524829],[-0.232753,51.524829],[-0.232781,51.524839],[-0.232895,51.524876],[-0.232981,51.524905],[-0.233051,51.524942],[-0.233047,51.525058],[-0.233752,51.525465],[-0.23401,51.525487],[-0.234025,51.525487],[-0.23414,51.525498],[-0.234284,51.5255],[-0.234414,51.525502],[-0.23463,51.525487],[-0.234699,51.52548],[-0.234763,51.525473],[-0.234771,51.525472],[-0.235007,51.525448],[-0.235224,51.525391],[-0.235298,51.525371],[-0.23537,51.525363],[-0.235442,51.525364],[-0.235572,51.525375],[-0.235701,51.525395],[-0.235787,51.525405],[-0.235931,51.525417],[-0.236031,51.525418],[-0.236393,51.525388],[-0.237681,51.525245],[-0.238464,51.525149],[-0.239248,51.525034],[-0.240189,51.524896],[-0.240929,51.524772],[-0.241989,51.524581],[-0.242271,51.524524],[-0.242249,51.524653],[-0.244611,51.524132],[-0.244525,51.524199],[-0.244488,51.524233],[-0.244365,51.524346],[-0.246254,51.523908],[-0.246859,51.523768],[-0.246921,51.523619],[-0.247003,51.523422],[-0.247735,51.523219],[-0.248449,51.523032],[-0.248988,51.522878],[-0.249877,51.522622],[-0.249995,51.52257],[-0.250055,51.522508],[-0.250102,51.522408],[-0.250149,51.522293],[-0.250789,51.522141],[-0.251302,51.521942],[-0.251375,51.521907],[-0.251405,51.521871],[-0.251421,51.521836],[-0.251408,51.521799],[-0.251395,51.521772],[-0.251239,51.52168],[-0.251212,51.521635],[-0.251199,51.521598],[-0.251215,51.521563],[-0.251231,51.521536],[-0.251318,51.521478],[-0.251689,51.52196],[-0.251813,51.522122],[-0.251901,51.522236],[-0.251906,51.522264],[-0.251969,51.522614],[-0.251995,51.522763],[-0.251999,51.522785],[-0.252041,51.523029],[-0.252055,51.523109],[-0.252064,51.52316],[-0.25207,51.523193],[-0.252071,51.523197],[-0.252094,51.523251],[-0.252124,51.523323],[-0.252136,51.523353],[-0.252161,51.523413],[-0.252172,51.52344],[-0.252188,51.523478],[-0.252224,51.523565],[-0.252233,51.523587],[-0.252253,51.523625],[-0.252288,51.523693],[-0.252323,51.523763],[-0.252341,51.523796],[-0.25238,51.523872],[-0.252405,51.523922],[-0.252429,51.523968],[-0.252459,51.524023],[-0.25247,51.524044],[-0.252483,51.524068],[-0.252601,51.524286],[-0.252616,51.524322],[-0.252631,51.524358],[-0.252632,51.524361],[-0.252644,51.524395],[-0.252648,51.524407],[-0.252656,51.524433],[-0.252666,51.524471],[-0.252667,51.524477],[-0.252674,51.524508],[-0.25268,51.524541],[-0.252681,51.524546],[-0.252681,51.52455],[-0.252686,51.524583],[-0.252688,51.524605],[-0.25269,51.524621],[-0.25269,51.524628],[-0.25269,51.524658],[-0.25269,51.524681],[-0.25269,51.524696],[-0.252687,51.524733],[-0.252682,51.524771],[-0.252676,51.524802],[-0.252667,51.524833],[-0.252658,51.524865],[-0.252651,51.524881],[-0.252644,51.524898],[-0.252639,51.524911],[-0.252632,51.524926],[-0.252614,51.524964],[-0.25261,51.524972],[-0.252601,51.524992],[-0.252597,51.524999],[-0.252587,51.525017],[-0.25257,51.525047],[-0.252553,51.525077],[-0.252544,51.525094],[-0.252538,51.525104],[-0.252527,51.525121],[-0.252508,51.525153],[-0.252476,51.525202],[-0.25247,51.52521],[-0.252462,51.525222],[-0.252449,51.52524],[-0.252412,51.52529],[-0.25241,51.525293],[-0.252399,51.525306],[-0.252368,51.525346],[-0.252361,51.525353],[-0.252328,51.525392],[-0.252286,51.525438],[-0.252242,51.525484],[-0.252197,51.525529],[-0.252149,51.525573],[-0.2521,51.525615],[-0.252093,51.525621],[-0.252052,51.525655],[-0.252048,51.525658],[-0.252041,51.525663],[-0.251995,51.525699],[-0.251941,51.52574],[-0.251899,51.525769],[-0.251896,51.525772],[-0.251781,51.525889],[-0.251738,51.525933],[-0.251132,51.526554],[-0.251079,51.526597],[-0.250795,51.526827],[-0.250661,51.526917],[-0.250462,51.527051],[-0.250368,51.527121],[-0.250255,51.527204],[-0.250228,51.527224],[-0.250245,51.527258],[-0.250407,51.527568],[-0.250444,51.527641],[-0.250533,51.527811],[-0.250566,51.527874],[-0.250528,51.527895],[-0.250342,51.527996],[-0.250299,51.528039],[-0.25028,51.528057],[-0.25024,51.528097],[-0.250204,51.528133],[-0.2502,51.528137],[-0.250173,51.528164],[-0.250053,51.528283],[-0.250386,51.528417],[-0.250117,51.528673],[-0.249821,51.528956],[-0.249816,51.52896],[-0.249637,51.529132],[-0.249517,51.529139],[-0.249463,51.529142],[-0.249439,51.529144],[-0.249388,51.529146],[-0.249205,51.529284],[-0.249091,51.529371],[-0.248894,51.529519],[-0.248832,51.529566],[-0.248823,51.529572],[-0.248757,51.529622],[-0.248684,51.529677],[-0.248641,51.52971],[-0.248596,51.529744],[-0.248531,51.529793],[-0.248483,51.52983],[-0.248474,51.529836],[-0.248451,51.529854],[-0.248392,51.529898],[-0.248345,51.529934],[-0.248307,51.529963],[-0.248268,51.529993],[-0.248209,51.530038],[-0.248117,51.530107],[-0.248113,51.53011],[-0.248091,51.530127],[-0.248047,51.530161],[-0.248038,51.530165],[-0.247891,51.530247],[-0.247844,51.530273],[-0.247797,51.530299],[-0.247755,51.530322],[-0.247665,51.530372],[-0.247613,51.530401],[-0.247507,51.53046],[-0.247494,51.530467],[-0.247475,51.530478],[-0.247406,51.530516],[-0.247301,51.530585],[-0.247244,51.530621],[-0.247239,51.530625],[-0.247206,51.530646],[-0.247031,51.53076],[-0.246991,51.53078],[-0.246988,51.530782],[-0.246951,51.530799],[-0.246935,51.530807],[-0.24691,51.530818],[-0.246868,51.530835],[-0.246825,51.530852],[-0.246806,51.530859],[-0.246781,51.530867],[-0.246733,51.530883],[-0.246685,51.530898],[-0.246638,51.530911],[-0.246591,51.530923],[-0.246544,51.530933],[-0.246477,51.530947],[-0.2464,51.530962],[-0.24639,51.530964],[-0.246352,51.530972],[-0.246301,51.530981],[-0.246279,51.530985],[-0.246163,51.531007],[-0.246026,51.531032],[-0.246015,51.531033],[-0.245983,51.531039],[-0.24591,51.531048],[-0.2459,51.531049],[-0.245891,51.531051],[-0.245816,51.53106],[-0.24576,51.531066],[-0.245728,51.531069],[-0.245648,51.531076],[-0.245598,51.53108],[-0.245418,51.531112],[-0.245273,51.531293],[-0.24577,51.531449],[-0.246308,51.531617],[-0.246341,51.531628],[-0.246392,51.531647],[-0.246413,51.531655],[-0.246502,51.531689],[-0.246601,51.531726],[-0.246665,51.531751],[-0.246767,51.531789],[-0.246918,51.531847],[-0.24683,51.531956],[-0.246729,51.532079],[-0.246616,51.532217],[-0.246577,51.532265],[-0.246491,51.532395],[-0.246455,51.532461],[-0.246446,51.532478],[-0.246434,51.532507],[-0.246428,51.532522],[-0.246414,51.532555],[-0.246405,51.532577],[-0.24638,51.532675],[-0.246374,51.532701],[-0.246366,51.532731],[-0.246371,51.532801],[-0.246256,51.532735],[-0.246191,51.532698],[-0.246085,51.532657],[-0.246015,51.532629],[-0.245775,51.532544],[-0.245751,51.532535],[-0.245702,51.532518],[-0.245506,51.532448],[-0.245444,51.532425],[-0.245384,51.532404],[-0.245341,51.532389],[-0.24507,51.532292],[-0.244927,51.532241],[-0.244734,51.532172],[-0.244714,51.532166],[-0.244643,51.532142],[-0.244636,51.53214],[-0.244489,51.532091],[-0.24448,51.532088],[-0.244423,51.532072],[-0.244361,51.532053],[-0.244329,51.532044],[-0.244065,51.531967],[-0.243997,51.531947],[-0.243911,51.531921],[-0.243891,51.531915],[-0.243872,51.531909],[-0.24379,51.531881],[-0.243627,51.531828],[-0.243491,51.531796],[-0.24347,51.531793],[-0.243458,51.531792],[-0.243433,51.531789],[-0.243406,51.531786],[-0.243359,51.531784],[-0.243207,51.53178],[-0.243188,51.531781],[-0.243093,51.531783],[-0.243059,51.531784],[-0.242788,51.53179],[-0.24278,51.53179],[-0.24208,51.531807],[-0.241558,51.531836],[-0.241352,51.531848],[-0.241137,51.53186],[-0.241079,51.531864],[-0.240912,51.531878],[-0.240744,51.531899],[-0.240477,51.531931],[-0.240201,51.531949],[-0.24011,51.531955],[-0.240106,51.531956],[-0.239579,51.53197],[-0.239541,51.531972],[-0.239469,51.531974],[-0.239228,51.531976],[-0.238962,51.53197],[-0.238545,51.531961],[-0.237599,51.532006],[-0.237326,51.53202],[-0.237315,51.532022],[-0.237309,51.532024],[-0.237292,51.532028],[-0.237239,51.532041],[-0.237228,51.532044],[-0.236933,51.532118],[-0.236892,51.532128],[-0.236887,51.532129],[-0.236777,51.532157],[-0.236771,51.532158],[-0.236758,51.532161],[-0.236745,51.532164],[-0.236735,51.532166],[-0.236701,51.532173],[-0.236567,51.532203],[-0.236551,51.532206],[-0.236481,51.532222],[-0.236463,51.532226],[-0.236315,51.532256],[-0.236269,51.532266],[-0.236189,51.532282],[-0.236096,51.532301],[-0.236088,51.532303],[-0.235976,51.532326],[-0.235833,51.532355],[-0.235822,51.532357],[-0.235784,51.532365],[-0.235566,51.53241],[-0.235549,51.532414],[-0.235536,51.532415],[-0.23548,51.532421],[-0.235398,51.53243],[-0.235323,51.532438],[-0.235217,51.532458],[-0.235213,51.532459],[-0.235095,51.532488],[-0.234975,51.532527],[-0.234915,51.532546],[-0.234905,51.53255],[-0.234806,51.532601],[-0.23476,51.532625],[-0.234742,51.532635],[-0.234725,51.532644],[-0.23469,51.532655],[-0.234651,51.532669],[-0.234633,51.532672],[-0.234628,51.532674],[-0.234571,51.532686],[-0.234562,51.532688],[-0.234494,51.532696],[-0.23445,51.532694],[-0.234435,51.532693],[-0.234427,51.532692],[-0.234378,51.532683],[-0.234349,51.532672],[-0.234324,51.532663],[-0.234271,51.532635],[-0.23424,51.53261],[-0.234232,51.532605],[-0.234206,51.53257],[-0.234195,51.532547],[-0.234189,51.532532],[-0.234181,51.532515],[-0.234154,51.532499],[-0.234048,51.532438],[-0.234041,51.532434],[-0.234,51.53241],[-0.233948,51.53238],[-0.233927,51.532368],[-0.233903,51.532355],[-0.233895,51.532349],[-0.233825,51.532305],[-0.233745,51.532254],[-0.233742,51.532252],[-0.23362,51.532192],[-0.23361,51.532187],[-0.233601,51.532183],[-0.233562,51.532163],[-0.233553,51.532159],[-0.233493,51.532129],[-0.23348,51.532123],[-0.233475,51.53212],[-0.23344,51.532104],[-0.233434,51.5321],[-0.233375,51.532071],[-0.233371,51.532069],[-0.233363,51.532066],[-0.233356,51.532061],[-0.23331,51.532035],[-0.233306,51.532033],[-0.233257,51.532004],[-0.23325,51.532],[-0.233192,51.531967],[-0.233186,51.531963],[-0.233165,51.531951],[-0.233125,51.531928],[-0.23306,51.53189]]]}},{"type":"Feature","properties":{"LSOA21CD":"E01001880","LSOA21NM":"Hammersmith and Fulham 017A","MEAN_PTAL_":"3","mean_AI":14.9227571597,"borough":"Kensington & Chelsea"},"geometry":{"type":"Polygon","coordinates":[[[-0.191939,51.484192],[-0.191797,51.484019],[-0.191762,51.484034],[-0.191751,51.484039],[-0.191698,51.484068],[-0.191662,51.484035],[-0.191447,51.483844],[-0.191424,51.483824],[-0.191379,51.483784],[-0.191367,51.483773],[-0.191302,51.4837],[-0.191191,51.483577],[-0.191143,51.483528],[-0.19107,51.483453],[-0.191028,51.483411],[-0.191019,51.483401],[-0.191002,51.483384],[-0.19084,51.483228],[-0.190828,51.483217],[-0.190789,51.483181],[-0.190772,51.483165],[-0.190927,51.48312],[-0.191113,51.483066],[-0.191405,51.482958],[-0.191672,51.48286],[-0.192048,51.48244],[-0.192109,51.48248],[-0.192151,51.482452],[-0.192155,51.482449],[-0.192477,51.482233],[-0.192746,51.482052],[-0.192789,51.482023],[-0.192847,51.481984],[-0.19316,51.481773],[-0.193252,51.48171],[-0.193623,51.481455],[-0.193804,51.48133],[-0.194067,51.481149],[-0.194214,51.481048],[-0.194413,51.480911],[-0.194526,51.480833],[-0.19457,51.480803],[-0.194644,51.480753],[-0.194778,51.48066],[-0.19471,51.480628],[-0.194693,51.48062],[-0.194632,51.480591],[-0.194623,51.480586],[-0.194679,51.480539],[-0.194774,51.48046],[-0.194785,51.48045],[-0.194854,51.480392],[-0.19499,51.480292],[-0.195012,51.480277],[-0.195056,51.480244],[-0.19531,51.480057],[-0.195321,51.480049],[-0.195385,51.480042],[-0.195491,51.480031],[-0.195551,51.480024],[-0.195577,51.480021],[-0.195655,51.480012],[-0.195687,51.480009],[-0.195758,51.480001],[-0.195784,51.479998],[-0.1958,51.479996],[-0.195828,51.480009],[-0.195901,51.480043],[-0.19595,51.480057],[-0.196015,51.480075],[-0.196084,51.480094],[-0.196122,51.480104],[-0.196134,51.480107],[-0.196155,51.480113],[-0.196277,51.480147],[-0.196316,51.480158],[-0.196436,51.480191],[-0.196448,51.480194],[-0.196467,51.480199],[-0.196477,51.480202],[-0.196522,51.480214],[-0.196581,51.480231],[-0.196613,51.48024],[-0.196738,51.480274],[-0.196761,51.48028],[-0.196917,51.480323],[-0.197039,51.480355],[-0.197059,51.48036],[-0.197206,51.480397],[-0.197319,51.480426],[-0.197394,51.480446],[-0.197478,51.480467],[-0.197504,51.480474],[-0.197539,51.480483],[-0.197561,51.480488],[-0.197568,51.48049],[-0.19764,51.480509],[-0.197726,51.480531],[-0.198034,51.48061],[-0.198272,51.480671],[-0.198288,51.480675],[-0.198334,51.48069],[-0.198347,51.480694],[-0.19837,51.480701],[-0.198266,51.480743],[-0.198071,51.48082],[-0.197677,51.480976],[-0.197658,51.480984],[-0.197693,51.481029],[-0.197881,51.481118],[-0.198001,51.481174],[-0.198149,51.481134],[-0.198134,51.481174],[-0.198133,51.481205],[-0.198132,51.481219],[-0.198108,51.481222],[-0.198074,51.481227],[-0.197987,51.481262],[-0.197904,51.481307],[-0.197883,51.481336],[-0.197836,51.481345],[-0.197724,51.481406],[-0.197706,51.481416],[-0.197682,51.48143],[-0.197688,51.48142],[-0.197723,51.481366],[-0.197481,51.481277],[-0.197469,51.481273],[-0.197206,51.481267],[-0.19709,51.481368],[-0.197068,51.481387],[-0.197166,51.481606],[-0.197254,51.481644],[-0.19729,51.481659],[-0.197293,51.481664],[-0.197347,51.481741],[-0.197483,51.481781],[-0.19755,51.481801],[-0.197608,51.481838],[-0.197666,51.481874],[-0.197673,51.481878],[-0.197702,51.481904],[-0.19771,51.481915],[-0.197707,51.481919],[-0.197662,51.481991],[-0.197654,51.481998],[-0.197566,51.482051],[-0.19749,51.482076],[-0.197481,51.482077],[-0.197363,51.482096],[-0.197224,51.482085],[-0.197218,51.482084],[-0.19722,51.48192],[-0.196808,51.481888],[-0.196804,51.481866],[-0.1966,51.481964],[-0.196479,51.482023],[-0.196428,51.482047],[-0.196371,51.482075],[-0.196324,51.482098],[-0.196268,51.482125],[-0.196236,51.482142],[-0.196139,51.482192],[-0.196074,51.482225],[-0.195967,51.482281],[-0.195929,51.4823],[-0.195912,51.482311],[-0.195846,51.48235],[-0.19579,51.482383],[-0.195782,51.482388],[-0.195847,51.482444],[-0.195991,51.482571],[-0.196005,51.482585],[-0.196079,51.482662],[-0.196281,51.482871],[-0.196271,51.482876],[-0.196294,51.482887],[-0.196329,51.482893],[-0.196353,51.482932],[-0.196803,51.483003],[-0.196948,51.483036],[-0.196979,51.483043],[-0.197372,51.483213],[-0.19728,51.483309],[-0.197302,51.483445],[-0.197316,51.483494],[-0.1972,51.483604],[-0.197165,51.483643],[-0.197116,51.483697],[-0.19711,51.483706],[-0.197087,51.483743],[-0.197053,51.483796],[-0.197049,51.483803],[-0.197041,51.483831],[-0.197012,51.483878],[-0.196941,51.483904],[-0.196855,51.483914],[-0.196755,51.483893],[-0.196744,51.48389],[-0.196699,51.483883],[-0.196673,51.483882],[-0.196603,51.483869],[-0.196601,51.483871],[-0.196589,51.483909],[-0.196577,51.483932],[-0.196568,51.483942],[-0.196515,51.484008],[-0.196454,51.48405],[-0.196365,51.48407],[-0.196302,51.484072],[-0.196217,51.484054],[-0.196134,51.484042],[-0.196122,51.484042],[-0.19607,51.484041],[-0.196069,51.484054],[-0.196339,51.484348],[-0.196349,51.484357],[-0.196394,51.48436],[-0.196411,51.48438],[-0.196414,51.484384],[-0.196423,51.484394],[-0.196413,51.484397],[-0.196407,51.484399],[-0.196398,51.484402],[-0.196384,51.484406],[-0.195889,51.484559],[-0.195889,51.484554],[-0.195862,51.484545],[-0.195792,51.484521],[-0.195709,51.484498],[-0.19559,51.484451],[-0.195537,51.484414],[-0.195531,51.484406],[-0.195523,51.484395],[-0.195521,51.484387],[-0.195507,51.484322],[-0.195506,51.484318],[-0.195518,51.484302],[-0.195533,51.484298],[-0.195575,51.484288],[-0.195636,51.484264],[-0.195683,51.484233],[-0.195682,51.484226],[-0.195655,51.484166],[-0.195626,51.484141],[-0.195618,51.484136],[-0.195608,51.484126],[-0.195578,51.484093],[-0.195573,51.484079],[-0.195544,51.48405],[-0.195537,51.484043],[-0.195533,51.484034],[-0.195502,51.483997],[-0.195501,51.483994],[-0.195473,51.483964],[-0.195457,51.483953],[-0.195455,51.483949],[-0.195435,51.483919],[-0.19543,51.483913],[-0.1954,51.483892],[-0.195354,51.483871],[-0.195356,51.483866],[-0.195374,51.483778],[-0.195729,51.483732],[-0.195768,51.483725],[-0.195707,51.483654],[-0.195611,51.483544],[-0.195605,51.483537],[-0.195525,51.483445],[-0.195464,51.483375],[-0.195436,51.483342],[-0.195411,51.483314],[-0.1954,51.483301],[-0.195359,51.483253],[-0.195374,51.483247],[-0.195316,51.483234],[-0.195279,51.48323],[-0.195266,51.483228],[-0.19524,51.483221],[-0.195218,51.483215],[-0.195205,51.483211],[-0.195108,51.483176],[-0.195102,51.483172],[-0.194936,51.483071],[-0.19498,51.482942],[-0.195019,51.482829],[-0.195001,51.482637],[-0.194996,51.482606],[-0.194564,51.482411],[-0.194488,51.482398],[-0.194244,51.482357],[-0.194156,51.482575],[-0.194125,51.482634],[-0.194119,51.482645],[-0.194095,51.482681],[-0.194093,51.482686],[-0.194077,51.482726],[-0.194066,51.482756],[-0.194064,51.482758],[-0.193988,51.482884],[-0.193943,51.482949],[-0.193921,51.482974],[-0.193901,51.482999],[-0.193845,51.482924],[-0.193637,51.482995],[-0.19329,51.483114],[-0.193262,51.483113],[-0.193193,51.483105],[-0.193183,51.483104],[-0.19333,51.483276],[-0.193434,51.483397],[-0.193409,51.483415],[-0.193785,51.483876],[-0.193784,51.48388],[-0.193806,51.483908],[-0.193957,51.484095],[-0.193888,51.484124],[-0.193855,51.484139],[-0.193276,51.484333],[-0.193269,51.484335],[-0.193681,51.484687],[-0.193883,51.484859],[-0.193966,51.48493],[-0.193974,51.485207],[-0.193882,51.485408],[-0.193802,51.485585],[-0.193564,51.485786],[-0.193323,51.48558],[-0.193319,51.485577],[-0.193263,51.485529],[-0.193229,51.4855],[-0.193172,51.485448],[-0.193169,51.485445],[-0.192959,51.485245],[-0.192944,51.485231],[-0.192932,51.48522],[-0.192929,51.485217],[-0.192892,51.485179],[-0.19282,51.485105],[-0.19275,51.485035],[-0.192702,51.484985],[-0.192657,51.484939],[-0.19261,51.484891],[-0.192586,51.484866],[-0.192551,51.48483],[-0.192546,51.484825],[-0.192479,51.484756],[-0.192412,51.484688],[-0.19237,51.484645],[-0.192263,51.484536],[-0.192171,51.484442],[-0.192006,51.484274],[-0.191974,51.484235],[-0.191939,51.484192]]]}},{"type":"Feature","properties":{"LSOA21CD":"E01001883","LSOA21NM":"Hammersmith and Fulham 017D","MEAN_PTAL_":"6a","mean_AI":28.2080710866,"borough":"Kensington & Chelsea"},"geometry":{"type":"Polygon","coordinates":[[[-0.193974,51.485207],[-0.193966,51.48493],[-0.193883,51.484859],[-0.193681,51.484687],[-0.193269,51.484335],[-0.193276,51.484333],[-0.193855,51.484139],[-0.193888,51.484124],[-0.193957,51.484095],[-0.193806,51.483908],[-0.193784,51.48388],[-0.193785,51.483876],[-0.193409,51.483415],[-0.193434,51.483397],[-0.19333,51.483276],[-0.193183,51.483104],[-0.193193,51.483105],[-0.193262,51.483113],[-0.19329,51.483114],[-0.193637,51.482995],[-0.193845,51.482924],[-0.193901,51.482999],[-0.193921,51.482974],[-0.193943,51.482949],[-0.193988,51.482884],[-0.194064,51.482758],[-0.194066,51.482756],[-0.194077,51.482726],[-0.194093,51.482686],[-0.194095,51.482681],[-0.194119,51.482645],[-0.194125,51.482634],[-0.194156,51.482575],[-0.194244,51.482357],[-0.194488,51.482398],[-0.194564,51.482411],[-0.194996,51.482606],[-0.195001,51.482637],[-0.195019,51.482829],[-0.19498,51.482942],[-0.194936,51.483071],[-0.195102,51.483172],[-0.195108,51.483176],[-0.195205,51.483211],[-0.195218,51.483215],[-0.19524,51.483221],[-0.195266,51.483228],[-0.195279,51.48323],[-0.195316,51.483234],[-0.195374,51.483247],[-0.195359,51.483253],[-0.1954,51.483301],[-0.195411,51.483314],[-0.195436,51.483342],[-0.195464,51.483375],[-0.195525,51.483445],[-0.195605,51.483537],[-0.195611,51.483544],[-0.195707,51.483654],[-0.195768,51.483725],[-0.195729,51.483732],[-0.195374,51.483778],[-0.195356,51.483866],[-0.195354,51.483871],[-0.1954,51.483892],[-0.19543,51.483913],[-0.195435,51.483919],[-0.195455,51.483949],[-0.195457,51.483953],[-0.195473,51.483964],[-0.195501,51.483994],[-0.195502,51.483997],[-0.195533,51.484034],[-0.195537,51.484043],[-0.195544,51.48405],[-0.195573,51.484079],[-0.195578,51.484093],[-0.195608,51.484126],[-0.195618,51.484136],[-0.195626,51.484141],[-0.195655,51.484166],[-0.195682,51.484226],[-0.195683,51.484233],[-0.195636,51.484264],[-0.195575,51.484288],[-0.195533,51.484298],[-0.195518,51.484302],[-0.195506,51.484318],[-0.195507,51.484322],[-0.195521,51.484387],[-0.195523,51.484395],[-0.195531,51.484406],[-0.195537,51.484414],[-0.19559,51.484451],[-0.195709,51.484498],[-0.195792,51.484521],[-0.195862,51.484545],[-0.195889,51.484554],[-0.195889,51.484559],[-0.196384,51.484406],[-0.196398,51.484402],[-0.196407,51.484399],[-0.196413,51.484397],[-0.196423,51.484394],[-0.196414,51.484384],[-0.196411,51.48438],[-0.196394,51.48436],[-0.196349,51.484357],[-0.196339,51.484348],[-0.196069,51.484054],[-0.19607,51.484041],[-0.196122,51.484042],[-0.196134,51.484042],[-0.196217,51.484054],[-0.196302,51.484072],[-0.196365,51.48407],[-0.196454,51.48405],[-0.196515,51.484008],[-0.196568,51.483942],[-0.196577,51.483932],[-0.196589,51.483909],[-0.196601,51.483871],[-0.196603,51.483869],[-0.196673,51.483882],[-0.196699,51.483883],[-0.196744,51.48389],[-0.196755,51.483893],[-0.196855,51.483914],[-0.196941,51.483904],[-0.197012,51.483878],[-0.197041,51.483831],[-0.197049,51.483803],[-0.197053,51.483796],[-0.197087,51.483743],[-0.19711,51.483706],[-0.197116,51.483697],[-0.197165,51.483643],[-0.1972,51.483604],[-0.197316,51.483494],[-0.197302,51.483445],[-0.19728,51.483309],[-0.197372,51.483213],[-0.197417,51.483186],[-0.197566,51.483118],[-0.197749,51.483055],[-0.197765,51.483059],[-0.197831,51.48308],[-0.197886,51.483097],[-0.19799,51.483133],[-0.198006,51.483139],[-0.19811,51.483185],[-0.198127,51.483193],[-0.198148,51.483204],[-0.198376,51.483352],[-0.198381,51.483357],[-0.198388,51.483364],[-0.198395,51.483372],[-0.198418,51.483399],[-0.198452,51.483448],[-0.198454,51.483452],[-0.198457,51.483459],[-0.198471,51.483463],[-0.198491,51.483467],[-0.19858,51.483486],[-0.198664,51.483576],[-0.198859,51.483783],[-0.19885,51.483787],[-0.198793,51.4838],[-0.19878,51.483807],[-0.198738,51.483819],[-0.198689,51.483841],[-0.198676,51.483843],[-0.198665,51.483845],[-0.198634,51.483858],[-0.198621,51.483861],[-0.198597,51.483867],[-0.198575,51.483876],[-0.198549,51.48388],[-0.198534,51.483883],[-0.198501,51.4839],[-0.198478,51.483905],[-0.198461,51.483908],[-0.198419,51.483921],[-0.198412,51.483923],[-0.198354,51.483947],[-0.19835,51.483947],[-0.198343,51.483948],[-0.198289,51.483964],[-0.198285,51.483965],[-0.198279,51.483966],[-0.198235,51.483984],[-0.198218,51.483991],[-0.198193,51.484007],[-0.198186,51.484008],[-0.198177,51.484009],[-0.198111,51.484029],[-0.198104,51.484031],[-0.198089,51.48404],[-0.198023,51.484054],[-0.198016,51.484054],[-0.197965,51.484072],[-0.197961,51.484074],[-0.197952,51.484074],[-0.197895,51.484087],[-0.197887,51.484089],[-0.197878,51.484103],[-0.197876,51.484106],[-0.197913,51.484199],[-0.198007,51.484252],[-0.198045,51.484248],[-0.198077,51.484248],[-0.198137,51.484248],[-0.198142,51.484249],[-0.198143,51.484262],[-0.19815,51.484359],[-0.198157,51.484376],[-0.198168,51.484402],[-0.198172,51.484409],[-0.198217,51.484443],[-0.198232,51.48445],[-0.198289,51.484476],[-0.198305,51.484483],[-0.198299,51.484497],[-0.198301,51.484504],[-0.198298,51.484533],[-0.198293,51.484582],[-0.198391,51.484711],[-0.198512,51.48471],[-0.198546,51.48471],[-0.198527,51.484829],[-0.198578,51.484899],[-0.198651,51.484936],[-0.198676,51.484945],[-0.198669,51.484974],[-0.198687,51.485025],[-0.198714,51.485061],[-0.198756,51.485084],[-0.198783,51.485099],[-0.19894,51.485153],[-0.198925,51.485169],[-0.198882,51.485201],[-0.198831,51.485228],[-0.199838,51.484956],[-0.199968,51.485214],[-0.199928,51.485223],[-0.199919,51.485226],[-0.199814,51.485251],[-0.199804,51.485254],[-0.199717,51.485275],[-0.199622,51.485298],[-0.199407,51.485345],[-0.199009,51.485459],[-0.198861,51.485501],[-0.198654,51.485554],[-0.19882,51.485586],[-0.198847,51.485594],[-0.198813,51.4858],[-0.198781,51.485989],[-0.199205,51.486234],[-0.199174,51.486241],[-0.199115,51.486255],[-0.199037,51.486275],[-0.199026,51.486278],[-0.198992,51.486287],[-0.198916,51.486308],[-0.198836,51.486331],[-0.198769,51.486351],[-0.198761,51.486353],[-0.198737,51.48636],[-0.198655,51.486384],[-0.198546,51.486416],[-0.198484,51.486434],[-0.198476,51.486437],[-0.198468,51.486439],[-0.198426,51.486452],[-0.198299,51.486494],[-0.198292,51.486496],[-0.198261,51.486507],[-0.198077,51.486568],[-0.198072,51.48657],[-0.197816,51.486655],[-0.197753,51.486676],[-0.197704,51.486692],[-0.197656,51.486708],[-0.197598,51.486728],[-0.197573,51.486738],[-0.19754,51.486751],[-0.19722,51.486882],[-0.197187,51.486895],[-0.19717,51.486902],[-0.197145,51.486912],[-0.197133,51.486918],[-0.197068,51.486944],[-0.197047,51.486953],[-0.196794,51.487056],[-0.196764,51.487068],[-0.196585,51.487141],[-0.196427,51.487206],[-0.196028,51.487349],[-0.195964,51.487373],[-0.195939,51.487358],[-0.195778,51.487267],[-0.195527,51.487124],[-0.195302,51.486997],[-0.195259,51.486973],[-0.195203,51.486944],[-0.195154,51.486916],[-0.195093,51.486884],[-0.194928,51.486787],[-0.19489,51.486766],[-0.194801,51.486711],[-0.19475,51.486679],[-0.194697,51.486647],[-0.194693,51.486645],[-0.194657,51.486622],[-0.194633,51.486605],[-0.194552,51.48655],[-0.194533,51.486536],[-0.194501,51.486514],[-0.194472,51.486495],[-0.19446,51.486486],[-0.194445,51.486475],[-0.194295,51.486362],[-0.194244,51.486323],[-0.194218,51.486302],[-0.194122,51.486228],[-0.194089,51.486203],[-0.194044,51.486168],[-0.194029,51.486156],[-0.194,51.486134],[-0.193981,51.486119],[-0.193927,51.486076],[-0.193637,51.485845],[-0.193597,51.485814],[-0.193564,51.485786],[-0.193802,51.485585],[-0.193882,51.485408],[-0.193974,51.485207]]]}},{"type":"Feature","properties":{"LSOA21CD":"E01001911","LSOA21NM":"Hammersmith and Fulham 015D","MEAN_PTAL_":"5","mean_AI":22.2291908137,"borough":"Kensington & Chelsea"},"geometry":{"type":"Polygon","coordinates":[[[-0.19969,51.489408],[-0.199661,51.489383],[-0.199557,51.489292],[-0.199351,51.48912],[-0.199196,51.489003],[-0.199064,51.488903],[-0.198977,51.488837],[-0.199027,51.488741],[-0.199033,51.488711],[-0.199039,51.488684],[-0.199172,51.488029],[-0.199229,51.48795],[-0.199382,51.487661],[-0.199406,51.487616],[-0.199437,51.487552],[-0.199384,51.487123],[-0.199478,51.486997],[-0.199969,51.486835],[-0.200287,51.487168],[-0.200439,51.487327],[-0.200447,51.487336],[-0.200479,51.487369],[-0.200501,51.487393],[-0.20058,51.487476],[-0.200621,51.487519],[-0.200728,51.48763],[-0.200737,51.48764],[-0.200767,51.487671],[-0.201041,51.487958],[-0.201055,51.487974],[-0.201058,51.487976],[-0.201062,51.487981],[-0.201088,51.488008],[-0.201096,51.488018],[-0.201118,51.488042],[-0.201191,51.488127],[-0.201257,51.488202],[-0.201261,51.488208],[-0.201276,51.488225],[-0.201438,51.488411],[-0.201517,51.488503],[-0.201561,51.488554],[-0.201583,51.488579],[-0.201632,51.488626],[-0.201636,51.48863],[-0.2017,51.488692],[-0.201733,51.488724],[-0.201739,51.48873],[-0.201868,51.488855],[-0.202006,51.488987],[-0.202177,51.489153],[-0.202222,51.489197],[-0.202404,51.489373],[-0.202475,51.489442],[-0.202548,51.489414],[-0.202656,51.489373],[-0.202687,51.489362],[-0.202761,51.489334],[-0.203002,51.489243],[-0.203004,51.489207],[-0.202931,51.489206],[-0.202931,51.489174],[-0.202931,51.489056],[-0.202931,51.488929],[-0.202748,51.488929],[-0.202742,51.488929],[-0.202735,51.488929],[-0.202664,51.488933],[-0.202658,51.488933],[-0.20264,51.488933],[-0.202618,51.488933],[-0.202612,51.488933],[-0.202602,51.488932],[-0.202584,51.488931],[-0.202572,51.488929],[-0.202562,51.488927],[-0.202512,51.488921],[-0.20223,51.488909],[-0.202404,51.488687],[-0.202321,51.488634],[-0.202278,51.488606],[-0.202251,51.488561],[-0.202249,51.488558],[-0.202247,51.488555],[-0.20224,51.488519],[-0.202251,51.488513],[-0.202416,51.488427],[-0.20244,51.488414],[-0.202498,51.488374],[-0.202495,51.488363],[-0.202476,51.488308],[-0.202474,51.488304],[-0.202466,51.48829],[-0.202451,51.488262],[-0.20242,51.488217],[-0.202415,51.488205],[-0.202412,51.4882],[-0.202406,51.488186],[-0.202403,51.488181],[-0.202406,51.488177],[-0.202437,51.48813],[-0.20244,51.488122],[-0.202455,51.48808],[-0.202455,51.488075],[-0.202457,51.488016],[-0.202457,51.488012],[-0.202455,51.487996],[-0.202454,51.48798],[-0.202453,51.487955],[-0.20246,51.48795],[-0.202472,51.487943],[-0.202527,51.487915],[-0.202536,51.487905],[-0.202546,51.487893],[-0.202558,51.487894],[-0.20258,51.487894],[-0.202637,51.487896],[-0.202753,51.4879],[-0.20281,51.487902],[-0.20286,51.487904],[-0.202918,51.487905],[-0.202982,51.487908],[-0.202987,51.487908],[-0.203033,51.487909],[-0.203166,51.487914],[-0.203178,51.487894],[-0.203199,51.487897],[-0.203226,51.487906],[-0.203219,51.487826],[-0.203207,51.48769],[-0.203319,51.487657],[-0.203558,51.487588],[-0.203607,51.487573],[-0.203546,51.48748],[-0.203582,51.487472],[-0.203663,51.487455],[-0.203851,51.487422],[-0.203928,51.487414],[-0.203953,51.487412],[-0.204117,51.487396],[-0.204052,51.4873],[-0.204006,51.487233],[-0.20399,51.487229],[-0.203969,51.487224],[-0.203867,51.487242],[-0.203818,51.487238],[-0.20374,51.487223],[-0.203655,51.487186],[-0.203646,51.487158],[-0.203633,51.487121],[-0.203628,51.487105],[-0.203765,51.487034],[-0.203764,51.487028],[-0.20376,51.486971],[-0.203722,51.486961],[-0.203681,51.486956],[-0.203592,51.486911],[-0.203561,51.486853],[-0.203637,51.486745],[-0.203643,51.48672],[-0.203644,51.486718],[-0.203642,51.486703],[-0.203633,51.486701],[-0.203628,51.4867],[-0.203591,51.486693],[-0.203554,51.486691],[-0.203437,51.486567],[-0.203439,51.486513],[-0.203446,51.486498],[-0.203466,51.486472],[-0.203559,51.486455],[-0.203598,51.486454],[-0.203627,51.486454],[-0.203654,51.486446],[-0.203689,51.48644],[-0.203726,51.486429],[-0.203742,51.486421],[-0.203767,51.486414],[-0.203773,51.486413],[-0.203819,51.486406],[-0.203927,51.486393],[-0.203957,51.486384],[-0.203975,51.486381],[-0.203988,51.486378],[-0.203996,51.486378],[-0.204051,51.486376],[-0.204064,51.486373],[-0.204072,51.486373],[-0.204128,51.486363],[-0.204141,51.486359],[-0.204163,51.486355],[-0.204202,51.486343],[-0.204314,51.486324],[-0.204338,51.48632],[-0.20436,51.486319],[-0.204415,51.486312],[-0.204477,51.486301],[-0.204516,51.48629],[-0.20453,51.486287],[-0.204562,51.486282],[-0.204579,51.486281],[-0.204644,51.486271],[-0.20466,51.486271],[-0.204669,51.486269],[-0.204676,51.486267],[-0.204775,51.48625],[-0.204819,51.486236],[-0.204856,51.486229],[-0.204868,51.486225],[-0.204875,51.486223],[-0.204905,51.486218],[-0.204934,51.486218],[-0.20496,51.486215],[-0.204966,51.486215],[-0.205046,51.486204],[-0.205098,51.486188],[-0.205151,51.486179],[-0.205168,51.486176],[-0.205193,51.486175],[-0.205222,51.48617],[-0.205229,51.48617],[-0.205262,51.486164],[-0.205283,51.486162],[-0.205312,51.486157],[-0.205339,51.486148],[-0.205384,51.48614],[-0.205399,51.486135],[-0.205468,51.48613],[-0.205583,51.486109],[-0.205591,51.486107],[-0.20565,51.486176],[-0.20567,51.486217],[-0.205724,51.486326],[-0.205709,51.486329],[-0.205723,51.486354],[-0.205743,51.48635],[-0.205752,51.486361],[-0.205812,51.486435],[-0.205785,51.486537],[-0.205589,51.486607],[-0.205486,51.486663],[-0.205422,51.486712],[-0.205379,51.486766],[-0.205363,51.486792],[-0.205356,51.486802],[-0.20538,51.486828],[-0.205391,51.48683],[-0.205474,51.486849],[-0.205503,51.486861],[-0.205558,51.486887],[-0.205581,51.486901],[-0.205682,51.487003],[-0.205775,51.487199],[-0.205806,51.487196],[-0.205813,51.487195],[-0.205835,51.487193],[-0.205841,51.487199],[-0.205862,51.487228],[-0.205929,51.487296],[-0.205931,51.487299],[-0.205982,51.487388],[-0.205983,51.487406],[-0.205985,51.48742],[-0.205963,51.487472],[-0.205915,51.487525],[-0.20591,51.48753],[-0.205838,51.487578],[-0.205818,51.487591],[-0.205808,51.487598],[-0.205768,51.487617],[-0.205762,51.487622],[-0.205752,51.487627],[-0.205738,51.487635],[-0.205724,51.487643],[-0.205712,51.487649],[-0.205708,51.487649],[-0.205693,51.487648],[-0.205688,51.487648],[-0.205643,51.487647],[-0.205628,51.487646],[-0.205612,51.487647],[-0.205576,51.487692],[-0.205478,51.487785],[-0.205472,51.487791],[-0.205374,51.487842],[-0.205367,51.487845],[-0.205364,51.487851],[-0.205357,51.487862],[-0.205367,51.487942],[-0.205374,51.488002],[-0.205379,51.488002],[-0.205496,51.488004],[-0.20557,51.488005],[-0.205647,51.488007],[-0.20568,51.488007],[-0.205679,51.488016],[-0.205672,51.488086],[-0.20569,51.488096],[-0.205696,51.488099],[-0.20569,51.488113],[-0.205702,51.488133],[-0.205725,51.488171],[-0.205767,51.488243],[-0.205599,51.488303],[-0.205467,51.48835],[-0.205459,51.488353],[-0.205281,51.488366],[-0.205187,51.488373],[-0.205128,51.488378],[-0.205057,51.488383],[-0.205008,51.488387],[-0.204998,51.488387],[-0.20498,51.488389],[-0.204914,51.488393],[-0.204893,51.488395],[-0.204872,51.488397],[-0.204862,51.488307],[-0.204861,51.488299],[-0.204857,51.488299],[-0.204832,51.488299],[-0.204816,51.488298],[-0.204811,51.488299],[-0.20477,51.488302],[-0.204736,51.488303],[-0.20471,51.488286],[-0.204572,51.488196],[-0.20452,51.488182],[-0.204491,51.488174],[-0.20445,51.488173],[-0.204384,51.488172],[-0.204375,51.488172],[-0.204326,51.488177],[-0.204321,51.488177],[-0.204314,51.488179],[-0.204061,51.488268],[-0.204063,51.48827],[-0.204117,51.488361],[-0.204186,51.488425],[-0.204233,51.488456],[-0.204242,51.488462],[-0.204356,51.488499],[-0.204376,51.488508],[-0.204441,51.488537],[-0.204496,51.488552],[-0.204505,51.488554],[-0.204718,51.488612],[-0.204755,51.488622],[-0.20489,51.488659],[-0.204899,51.488661],[-0.204924,51.488668],[-0.204932,51.48867],[-0.204969,51.48868],[-0.204994,51.488689],[-0.205025,51.488697],[-0.20531,51.488784],[-0.20539,51.488814],[-0.205509,51.488859],[-0.205525,51.488869],[-0.205509,51.488888],[-0.205346,51.48908],[-0.205046,51.489029],[-0.205037,51.489031],[-0.205026,51.489034],[-0.204939,51.488965],[-0.204883,51.488919],[-0.204522,51.488931],[-0.204504,51.488931],[-0.204541,51.489164],[-0.204542,51.48917],[-0.204456,51.489256],[-0.204451,51.48926],[-0.20468,51.489424],[-0.204684,51.489426],[-0.204736,51.489647],[-0.204736,51.48965],[-0.204924,51.489721],[-0.204951,51.489768],[-0.205106,51.489794],[-0.20505,51.489843],[-0.205122,51.489946],[-0.205199,51.490056],[-0.205295,51.490195],[-0.205336,51.490249],[-0.205412,51.490348],[-0.205463,51.490415],[-0.205317,51.490439],[-0.205176,51.490457],[-0.205071,51.490471],[-0.204829,51.490612],[-0.204806,51.49072],[-0.204771,51.490877],[-0.204677,51.491304],[-0.204664,51.491363],[-0.204277,51.491427],[-0.204126,51.491444],[-0.204114,51.491446],[-0.202895,51.491586],[-0.202641,51.491636],[-0.202384,51.491687],[-0.202322,51.491632],[-0.201967,51.491319],[-0.20188,51.491242],[-0.201797,51.491169],[-0.201751,51.491128],[-0.201659,51.491045],[-0.201492,51.490895],[-0.201377,51.490791],[-0.201357,51.490773],[-0.201349,51.490765],[-0.20133,51.490749],[-0.201205,51.490636],[-0.201076,51.490519],[-0.200992,51.490444],[-0.200912,51.490372],[-0.200863,51.490325],[-0.200748,51.490216],[-0.200701,51.490171],[-0.200648,51.490121],[-0.2006,51.490075],[-0.200579,51.490067],[-0.200562,51.490061],[-0.200463,51.490025],[-0.200351,51.489983],[-0.200285,51.489926],[-0.200198,51.48985],[-0.200195,51.489847],[-0.200167,51.489823],[-0.200153,51.489811],[-0.200042,51.489714],[-0.200006,51.489683],[-0.199939,51.489625],[-0.199843,51.489541],[-0.199741,51.489453],[-0.19969,51.489408]]]}},{"type":"Feature","properties":{"LSOA21CD":"E01001912","LSOA21NM":"Hammersmith and Fulham 015E","MEAN_PTAL_":"6a","mean_AI":26.3858271879,"borough":"Kensington & Chelsea"},"geometry":{"type":"Polygon","coordinates":[[[-0.202222,51.489197],[-0.202177,51.489153],[-0.202006,51.488987],[-0.201868,51.488855],[-0.201739,51.48873],[-0.201733,51.488724],[-0.2017,51.488692],[-0.201636,51.48863],[-0.201632,51.488626],[-0.201583,51.488579],[-0.201561,51.488554],[-0.201517,51.488503],[-0.201438,51.488411],[-0.201276,51.488225],[-0.201261,51.488208],[-0.201257,51.488202],[-0.201191,51.488127],[-0.201118,51.488042],[-0.201096,51.488018],[-0.201088,51.488008],[-0.201062,51.487981],[-0.201058,51.487976],[-0.201055,51.487974],[-0.201041,51.487958],[-0.200767,51.487671],[-0.200737,51.48764],[-0.200728,51.48763],[-0.200621,51.487519],[-0.20058,51.487476],[-0.200501,51.487393],[-0.200479,51.487369],[-0.200447,51.487336],[-0.200439,51.487327],[-0.200287,51.487168],[-0.199969,51.486835],[-0.199478,51.486997],[-0.199384,51.487123],[-0.199437,51.487552],[-0.199406,51.487616],[-0.199382,51.487661],[-0.199229,51.48795],[-0.199172,51.488029],[-0.199039,51.488684],[-0.199033,51.488711],[-0.199027,51.488741],[-0.198977,51.488837],[-0.198906,51.488673],[-0.198806,51.488585],[-0.198754,51.48854],[-0.198685,51.48848],[-0.198316,51.488157],[-0.198296,51.488139],[-0.19829,51.488134],[-0.198277,51.488122],[-0.198197,51.488064],[-0.198106,51.488],[-0.198042,51.487954],[-0.198023,51.487942],[-0.19788,51.487851],[-0.197775,51.48779],[-0.197717,51.487757],[-0.197705,51.487749],[-0.197701,51.487747],[-0.197575,51.487683],[-0.197522,51.487655],[-0.197514,51.487652],[-0.19738,51.48759],[-0.197174,51.487495],[-0.19715,51.487485],[-0.197109,51.487466],[-0.197076,51.48745],[-0.196971,51.487411],[-0.196427,51.487206],[-0.196585,51.487141],[-0.196764,51.487068],[-0.196794,51.487056],[-0.197047,51.486953],[-0.197068,51.486944],[-0.197133,51.486918],[-0.197145,51.486912],[-0.19717,51.486902],[-0.197187,51.486895],[-0.19722,51.486882],[-0.19754,51.486751],[-0.197573,51.486738],[-0.197598,51.486728],[-0.197656,51.486708],[-0.197704,51.486692],[-0.197753,51.486676],[-0.197816,51.486655],[-0.198072,51.48657],[-0.198077,51.486568],[-0.198261,51.486507],[-0.198292,51.486496],[-0.198299,51.486494],[-0.198426,51.486452],[-0.198468,51.486439],[-0.198476,51.486437],[-0.198484,51.486434],[-0.198546,51.486416],[-0.198655,51.486384],[-0.198737,51.48636],[-0.198761,51.486353],[-0.198769,51.486351],[-0.198836,51.486331],[-0.198916,51.486308],[-0.198992,51.486287],[-0.199026,51.486278],[-0.199037,51.486275],[-0.199115,51.486255],[-0.199174,51.486241],[-0.199205,51.486234],[-0.19924,51.486226],[-0.199311,51.48621],[-0.199317,51.486209],[-0.199351,51.486202],[-0.199374,51.486198],[-0.19945,51.486184],[-0.199535,51.486169],[-0.199611,51.486155],[-0.19964,51.48615],[-0.199761,51.486124],[-0.199825,51.48611],[-0.199866,51.486101],[-0.200004,51.486072],[-0.200089,51.486054],[-0.200122,51.486047],[-0.200243,51.486022],[-0.200365,51.485996],[-0.200488,51.48597],[-0.200812,51.485894],[-0.201091,51.485828],[-0.201295,51.485781],[-0.20147,51.485743],[-0.201479,51.485741],[-0.201498,51.485737],[-0.201586,51.485717],[-0.201692,51.485693],[-0.201724,51.485686],[-0.201775,51.485675],[-0.201789,51.485671],[-0.201807,51.485667],[-0.201815,51.485665],[-0.201885,51.48565],[-0.201905,51.485645],[-0.201919,51.485642],[-0.201964,51.485632],[-0.201998,51.485625],[-0.202011,51.485621],[-0.202042,51.485614],[-0.202101,51.485601],[-0.202199,51.485579],[-0.202219,51.485575],[-0.20242,51.48553],[-0.202418,51.485537],[-0.202415,51.485548],[-0.202402,51.485591],[-0.202542,51.485565],[-0.202556,51.485563],[-0.202579,51.485559],[-0.202583,51.485566],[-0.202594,51.485589],[-0.20261,51.485596],[-0.202626,51.485622],[-0.202689,51.485759],[-0.202719,51.485821],[-0.202723,51.48583],[-0.202736,51.485828],[-0.202745,51.485826],[-0.202746,51.485817],[-0.203043,51.485768],[-0.203062,51.485771],[-0.203095,51.485775],[-0.203127,51.485779],[-0.203133,51.485781],[-0.203159,51.485791],[-0.203209,51.485811],[-0.203235,51.485821],[-0.203247,51.48586],[-0.203253,51.485871],[-0.203319,51.485927],[-0.203126,51.486172],[-0.2029,51.486207],[-0.202892,51.486208],[-0.202927,51.486302],[-0.20293,51.48631],[-0.20295,51.486307],[-0.203354,51.486235],[-0.203334,51.486343],[-0.203347,51.486372],[-0.20339,51.486426],[-0.203466,51.486472],[-0.203446,51.486498],[-0.203439,51.486513],[-0.203437,51.486567],[-0.203554,51.486691],[-0.203591,51.486693],[-0.203628,51.4867],[-0.203633,51.486701],[-0.203642,51.486703],[-0.203644,51.486718],[-0.203643,51.48672],[-0.203637,51.486745],[-0.203561,51.486853],[-0.203592,51.486911],[-0.203681,51.486956],[-0.203722,51.486961],[-0.20376,51.486971],[-0.203764,51.487028],[-0.203765,51.487034],[-0.203628,51.487105],[-0.203633,51.487121],[-0.203646,51.487158],[-0.203655,51.487186],[-0.20374,51.487223],[-0.203818,51.487238],[-0.203867,51.487242],[-0.203969,51.487224],[-0.20399,51.487229],[-0.204006,51.487233],[-0.204052,51.4873],[-0.204117,51.487396],[-0.203953,51.487412],[-0.203928,51.487414],[-0.203851,51.487422],[-0.203663,51.487455],[-0.203582,51.487472],[-0.203546,51.48748],[-0.203607,51.487573],[-0.203558,51.487588],[-0.203319,51.487657],[-0.203207,51.48769],[-0.203219,51.487826],[-0.203226,51.487906],[-0.203199,51.487897],[-0.203178,51.487894],[-0.203166,51.487914],[-0.203033,51.487909],[-0.202987,51.487908],[-0.202982,51.487908],[-0.202918,51.487905],[-0.20286,51.487904],[-0.20281,51.487902],[-0.202753,51.4879],[-0.202637,51.487896],[-0.20258,51.487894],[-0.202558,51.487894],[-0.202546,51.487893],[-0.202536,51.487905],[-0.202527,51.487915],[-0.202472,51.487943],[-0.20246,51.48795],[-0.202453,51.487955],[-0.202454,51.48798],[-0.202455,51.487996],[-0.202457,51.488012],[-0.202457,51.488016],[-0.202455,51.488075],[-0.202455,51.48808],[-0.20244,51.488122],[-0.202437,51.48813],[-0.202406,51.488177],[-0.202403,51.488181],[-0.202406,51.488186],[-0.202412,51.4882],[-0.202415,51.488205],[-0.20242,51.488217],[-0.202451,51.488262],[-0.202466,51.48829],[-0.202474,51.488304],[-0.202476,51.488308],[-0.202495,51.488363],[-0.202498,51.488374],[-0.20244,51.488414],[-0.202416,51.488427],[-0.202251,51.488513],[-0.20224,51.488519],[-0.202247,51.488555],[-0.202249,51.488558],[-0.202251,51.488561],[-0.202278,51.488606],[-0.202321,51.488634],[-0.202404,51.488687],[-0.20223,51.488909],[-0.202512,51.488921],[-0.202562,51.488927],[-0.202572,51.488929],[-0.202584,51.488931],[-0.202602,51.488932],[-0.202612,51.488933],[-0.202618,51.488933],[-0.20264,51.488933],[-0.202658,51.488933],[-0.202664,51.488933],[-0.202735,51.488929],[-0.202742,51.488929],[-0.202748,51.488929],[-0.202931,51.488929],[-0.202931,51.489056],[-0.202931,51.489174],[-0.202931,51.489206],[-0.203004,51.489207],[-0.203002,51.489243],[-0.202761,51.489334],[-0.202687,51.489362],[-0.202656,51.489373],[-0.202548,51.489414],[-0.202475,51.489442],[-0.202404,51.489373],[-0.202222,51.489197]]]}},{"type":"Feature","properties":{"LSOA21CD":"E01001920","LSOA21NM":"Hammersmith and Fulham 020A","MEAN_PTAL_":"5","mean_AI":20.5629960505,"borough":"Kensington & Chelsea"},"geometry":{"type":"Polygon","coordinates":[[[-0.190133,51.482634],[-0.189495,51.482087],[-0.189058,51.481726],[-0.18905,51.48172],[-0.189038,51.48171],[-0.189033,51.481705],[-0.189017,51.481692],[-0.188983,51.481659],[-0.188924,51.481602],[-0.188882,51.481562],[-0.18886,51.481541],[-0.18885,51.481531],[-0.188805,51.481488],[-0.188798,51.481481],[-0.188777,51.481461],[-0.188711,51.481397],[-0.1887,51.481387],[-0.188678,51.481366],[-0.188602,51.481292],[-0.188596,51.481286],[-0.188537,51.48123],[-0.188439,51.481135],[-0.18833,51.48103],[-0.188318,51.481019],[-0.188276,51.480979],[-0.188263,51.480967],[-0.188257,51.480961],[-0.188246,51.480951],[-0.188172,51.480879],[-0.188105,51.480832],[-0.188006,51.480764],[-0.187996,51.480757],[-0.187975,51.480743],[-0.187935,51.480715],[-0.187787,51.480613],[-0.187753,51.480589],[-0.18771,51.480559],[-0.187593,51.480478],[-0.187578,51.480468],[-0.187566,51.480459],[-0.187553,51.48045],[-0.187549,51.480447],[-0.187401,51.480339],[-0.18739,51.480331],[-0.187386,51.480328],[-0.18738,51.480323],[-0.187364,51.480311],[-0.187342,51.480294],[-0.18731,51.480269],[-0.1873,51.480262],[-0.187276,51.480243],[-0.187264,51.480233],[-0.187197,51.480181],[-0.187135,51.480129],[-0.187132,51.480127],[-0.187106,51.480105],[-0.187098,51.480099],[-0.187066,51.480072],[-0.187057,51.480065],[-0.187022,51.480036],[-0.186892,51.479918],[-0.186859,51.479889],[-0.186855,51.479886],[-0.186788,51.479832],[-0.186737,51.479792],[-0.186705,51.479767],[-0.186702,51.479769],[-0.186538,51.479865],[-0.186527,51.479872],[-0.186523,51.479868],[-0.186379,51.479754],[-0.186341,51.479723],[-0.186241,51.479623],[-0.186212,51.479595],[-0.186195,51.479574],[-0.186144,51.479513],[-0.186063,51.479403],[-0.186036,51.479367],[-0.18603,51.479358],[-0.186026,51.479353],[-0.18602,51.479345],[-0.186016,51.479339],[-0.185995,51.479308],[-0.185986,51.479294],[-0.185983,51.47929],[-0.185972,51.479273],[-0.185968,51.479267],[-0.185964,51.479261],[-0.18595,51.47924],[-0.185944,51.479231],[-0.185941,51.479226],[-0.185918,51.479193],[-0.185912,51.479184],[-0.18591,51.47918],[-0.185879,51.479134],[-0.18587,51.479121],[-0.185867,51.479117],[-0.185826,51.479055],[-0.18582,51.479046],[-0.185813,51.479035],[-0.185798,51.479013],[-0.185791,51.479003],[-0.18578,51.478987],[-0.185775,51.478979],[-0.185767,51.478968],[-0.185764,51.478963],[-0.185748,51.478939],[-0.185693,51.478875],[-0.185689,51.478871],[-0.185683,51.478864],[-0.18566,51.478838],[-0.18561,51.478789],[-0.185506,51.478714],[-0.185499,51.478709],[-0.18545,51.478674],[-0.185444,51.47867],[-0.185404,51.478641],[-0.185402,51.478639],[-0.185353,51.478605],[-0.185461,51.478583],[-0.185782,51.478517],[-0.186026,51.478468],[-0.186042,51.478465],[-0.18608,51.478521],[-0.186115,51.478515],[-0.18619,51.4785],[-0.18627,51.478484],[-0.186278,51.478482],[-0.186295,51.478478],[-0.186322,51.478473],[-0.186333,51.478471],[-0.186347,51.478465],[-0.186388,51.478448],[-0.186419,51.478436],[-0.186424,51.478434],[-0.186575,51.478373],[-0.186592,51.478366],[-0.186616,51.478357],[-0.186635,51.478349],[-0.186644,51.478345],[-0.186701,51.478322],[-0.186705,51.478321],[-0.186734,51.478305],[-0.186753,51.478296],[-0.186788,51.478278],[-0.186792,51.478279],[-0.18693,51.478327],[-0.186938,51.478331],[-0.187009,51.478365],[-0.187031,51.478383],[-0.187071,51.478434],[-0.187075,51.47844],[-0.187079,51.478448],[-0.187077,51.478451],[-0.187068,51.478458],[-0.18706,51.478466],[-0.186977,51.478514],[-0.186975,51.478517],[-0.186972,51.478519],[-0.186968,51.478521],[-0.186957,51.478528],[-0.186937,51.47854],[-0.186931,51.478543],[-0.186886,51.478571],[-0.186884,51.478574],[-0.186837,51.478674],[-0.186827,51.478696],[-0.186813,51.478768],[-0.186801,51.478778],[-0.186784,51.478792],[-0.186706,51.47888],[-0.186704,51.478884],[-0.186804,51.47893],[-0.187027,51.479032],[-0.187013,51.479115],[-0.18701,51.479132],[-0.187187,51.479027],[-0.187245,51.478993],[-0.187298,51.478961],[-0.187332,51.478924],[-0.187352,51.478901],[-0.18722,51.478785],[-0.187138,51.478711],[-0.187161,51.478687],[-0.187207,51.478654],[-0.187222,51.478647],[-0.187228,51.478644],[-0.187235,51.478642],[-0.187283,51.478629],[-0.187289,51.478623],[-0.187305,51.478605],[-0.187318,51.478596],[-0.187334,51.478585],[-0.187464,51.478576],[-0.187467,51.478573],[-0.187614,51.478426],[-0.187734,51.478482],[-0.187777,51.478516],[-0.187792,51.478536],[-0.187826,51.478583],[-0.187842,51.478621],[-0.187925,51.478571],[-0.188034,51.478636],[-0.188205,51.47874],[-0.188271,51.47878],[-0.188291,51.478792],[-0.188265,51.478807],[-0.188197,51.478848],[-0.18794,51.479001],[-0.187729,51.479126],[-0.187642,51.479187],[-0.187652,51.479193],[-0.187664,51.4792],[-0.187731,51.479241],[-0.187962,51.479383],[-0.188013,51.479414],[-0.188029,51.479424],[-0.188064,51.479445],[-0.188115,51.479476],[-0.188167,51.479506],[-0.188199,51.479525],[-0.188271,51.479567],[-0.188316,51.479593],[-0.188366,51.479623],[-0.188494,51.479698],[-0.188531,51.47972],[-0.188555,51.479734],[-0.188566,51.47974],[-0.188607,51.479765],[-0.188679,51.479807],[-0.188731,51.479838],[-0.188763,51.479857],[-0.188799,51.479878],[-0.188899,51.479937],[-0.188923,51.479951],[-0.189254,51.480146],[-0.189193,51.479926],[-0.18922,51.479914],[-0.189259,51.47989],[-0.189289,51.4798],[-0.189289,51.479795],[-0.189369,51.479788],[-0.189437,51.479764],[-0.189494,51.47973],[-0.189526,51.479669],[-0.189532,51.47965],[-0.189539,51.479628],[-0.189557,51.47959],[-0.189617,51.4796],[-0.189686,51.479612],[-0.189828,51.479562],[-0.189879,51.479532],[-0.189944,51.479451],[-0.189955,51.479431],[-0.189961,51.479373],[-0.189962,51.479365],[-0.189974,51.479326],[-0.19,51.479328],[-0.190053,51.479333],[-0.190199,51.479333],[-0.190261,51.479325],[-0.190344,51.479303],[-0.190371,51.47929],[-0.190503,51.479193],[-0.190579,51.479254],[-0.190598,51.479269],[-0.190605,51.479277],[-0.190692,51.479366],[-0.190715,51.47939],[-0.190749,51.479425],[-0.190751,51.479427],[-0.190757,51.479433],[-0.190708,51.479455],[-0.190699,51.479459],[-0.190703,51.479471],[-0.190797,51.479752],[-0.190802,51.479753],[-0.190853,51.479765],[-0.190879,51.479771],[-0.19094,51.479758],[-0.190991,51.479778],[-0.191133,51.479835],[-0.191194,51.47986],[-0.191359,51.479814],[-0.191379,51.479806],[-0.191385,51.479804],[-0.19148,51.479855],[-0.191489,51.479864],[-0.191492,51.479871],[-0.191637,51.479943],[-0.191697,51.479934],[-0.191905,51.479902],[-0.191918,51.479897],[-0.191936,51.47989],[-0.191949,51.479895],[-0.191968,51.479902],[-0.191974,51.479904],[-0.192038,51.479921],[-0.192042,51.479923],[-0.192092,51.479912],[-0.192516,51.479826],[-0.192551,51.479819],[-0.192712,51.479845],[-0.192744,51.479832],[-0.192809,51.479819],[-0.19295,51.479861],[-0.193013,51.479874],[-0.193139,51.479917],[-0.193229,51.479967],[-0.193234,51.47997],[-0.193273,51.48001],[-0.193244,51.479962],[-0.193205,51.4799],[-0.193166,51.479837],[-0.193105,51.479738],[-0.193059,51.479663],[-0.19302,51.479599],[-0.192975,51.479526],[-0.19293,51.479455],[-0.192922,51.479441],[-0.192901,51.479407],[-0.192892,51.479392],[-0.192839,51.479306],[-0.19282,51.479275],[-0.192795,51.479235],[-0.192787,51.479222],[-0.192762,51.479182],[-0.19276,51.479177],[-0.192747,51.479157],[-0.192745,51.479154],[-0.192736,51.47914],[-0.192733,51.479135],[-0.192647,51.478994],[-0.192771,51.478972],[-0.192773,51.478959],[-0.192843,51.478959],[-0.192929,51.478943],[-0.193071,51.478917],[-0.193173,51.478899],[-0.193479,51.478844],[-0.193517,51.478837],[-0.193743,51.478795],[-0.193766,51.478791],[-0.194034,51.478741],[-0.194045,51.478739],[-0.194054,51.478737],[-0.194129,51.478781],[-0.19418,51.478811],[-0.194289,51.478789],[-0.194463,51.478755],[-0.19466,51.478716],[-0.194715,51.478723],[-0.194731,51.478776],[-0.194761,51.478824],[-0.194806,51.478863],[-0.194839,51.478881],[-0.194884,51.478906],[-0.194951,51.478928],[-0.195024,51.478943],[-0.195046,51.478945],[-0.195073,51.47895],[-0.19508,51.478969],[-0.195127,51.479045],[-0.195133,51.479051],[-0.195146,51.479069],[-0.195152,51.479075],[-0.195178,51.479099],[-0.195188,51.479109],[-0.195232,51.479149],[-0.195241,51.479162],[-0.195258,51.479176],[-0.195291,51.479214],[-0.195339,51.479247],[-0.19541,51.479278],[-0.195436,51.479285],[-0.195457,51.479292],[-0.195572,51.479311],[-0.195646,51.479393],[-0.195675,51.479388],[-0.195725,51.479379],[-0.195927,51.479342],[-0.195879,51.479458],[-0.195875,51.479467],[-0.195809,51.479569],[-0.195802,51.479577],[-0.195786,51.479595],[-0.195762,51.47962],[-0.195582,51.479811],[-0.195578,51.479816],[-0.195569,51.479825],[-0.195547,51.479848],[-0.195596,51.479883],[-0.195602,51.479887],[-0.195611,51.479892],[-0.19567,51.479929],[-0.195696,51.479945],[-0.195712,51.479955],[-0.195738,51.479967],[-0.1958,51.479996],[-0.195784,51.479998],[-0.195758,51.480001],[-0.195687,51.480009],[-0.195655,51.480012],[-0.195577,51.480021],[-0.195551,51.480024],[-0.195491,51.480031],[-0.195385,51.480042],[-0.195321,51.480049],[-0.19531,51.480057],[-0.195056,51.480244],[-0.195012,51.480277],[-0.19499,51.480292],[-0.194854,51.480392],[-0.194785,51.48045],[-0.194774,51.48046],[-0.194679,51.480539],[-0.194623,51.480586],[-0.194632,51.480591],[-0.194693,51.48062],[-0.19471,51.480628],[-0.194778,51.48066],[-0.194644,51.480753],[-0.19457,51.480803],[-0.194526,51.480833],[-0.194413,51.480911],[-0.194214,51.481048],[-0.194067,51.481149],[-0.193804,51.48133],[-0.193623,51.481455],[-0.193252,51.48171],[-0.19316,51.481773],[-0.192847,51.481984],[-0.192789,51.482023],[-0.192746,51.482052],[-0.192477,51.482233],[-0.192155,51.482449],[-0.192151,51.482452],[-0.192109,51.48248],[-0.192048,51.48244],[-0.191672,51.48286],[-0.191405,51.482958],[-0.191113,51.483066],[-0.190927,51.48312],[-0.190772,51.483165],[-0.190636,51.483042],[-0.190619,51.483028],[-0.190422,51.482861],[-0.190198,51.482684],[-0.190133,51.482634]]]}},{"type":"Feature","properties":{"LSOA21CD":"E01001943","LSOA21NM":"Hammersmith and Fulham 004A","MEAN_PTAL_":"6a","mean_AI":39.9592144237,"borough":"Kensington & Chelsea"},"geometry":{"type":"Polygon","coordinates":[[[-0.219277,51.509617],[-0.219262,51.509577],[-0.219251,51.509578],[-0.219185,51.509587],[-0.219099,51.5093],[-0.219074,51.509218],[-0.219043,51.509113],[-0.218889,51.509108],[-0.2188,51.509105],[-0.218759,51.508942],[-0.218755,51.508925],[-0.218744,51.50888],[-0.218727,51.508843],[-0.218714,51.508812],[-0.218682,51.50874],[-0.218671,51.508714],[-0.218635,51.508633],[-0.218624,51.508609],[-0.218622,51.508594],[-0.218603,51.508498],[-0.218587,51.508419],[-0.218583,51.508401],[-0.218576,51.508365],[-0.218558,51.508329],[-0.218536,51.508284],[-0.218316,51.50766],[-0.218253,51.507666],[-0.218043,51.507686],[-0.217967,51.507694],[-0.217945,51.507702],[-0.217934,51.507678],[-0.217913,51.507636],[-0.217899,51.507626],[-0.217814,51.50758],[-0.217773,51.507544],[-0.217678,51.507371],[-0.217505,51.507009],[-0.21747,51.506953],[-0.217459,51.506938],[-0.217437,51.5069],[-0.217299,51.506663],[-0.217297,51.506659],[-0.217289,51.506646],[-0.217222,51.50651],[-0.217204,51.50648],[-0.217114,51.506329],[-0.2171,51.506328],[-0.217101,51.506301],[-0.217159,51.506293],[-0.217203,51.506267],[-0.217232,51.506249],[-0.217233,51.506244],[-0.217443,51.506199],[-0.217529,51.50618],[-0.217697,51.506145],[-0.21782,51.506119],[-0.217848,51.506113],[-0.217892,51.506104],[-0.217871,51.506065],[-0.217862,51.506051],[-0.217778,51.505907],[-0.217739,51.50584],[-0.217735,51.505834],[-0.217717,51.505802],[-0.217704,51.50578],[-0.21766,51.505713],[-0.217639,51.50568],[-0.217609,51.505635],[-0.217586,51.5056],[-0.217561,51.505562],[-0.217543,51.505533],[-0.217539,51.505526],[-0.217529,51.505512],[-0.217522,51.505502],[-0.217628,51.505472],[-0.217649,51.505467],[-0.217644,51.505444],[-0.217643,51.50544],[-0.217631,51.505388],[-0.21763,51.505383],[-0.217622,51.505373],[-0.217617,51.505365],[-0.217388,51.505035],[-0.217304,51.504915],[-0.217294,51.5049],[-0.217202,51.504768],[-0.217084,51.504599],[-0.217017,51.504502],[-0.217036,51.504498],[-0.21738,51.504441],[-0.217387,51.50444],[-0.217471,51.504426],[-0.217529,51.504416],[-0.218121,51.504318],[-0.21819,51.504307],[-0.21846,51.504262],[-0.218932,51.504184],[-0.219015,51.50417],[-0.219081,51.504159],[-0.219182,51.504142],[-0.219209,51.504137],[-0.219215,51.504137],[-0.219469,51.50409],[-0.219516,51.504082],[-0.219768,51.504035],[-0.219858,51.504019],[-0.21997,51.503998],[-0.220155,51.503965],[-0.220252,51.503947],[-0.220292,51.50394],[-0.220327,51.503933],[-0.22041,51.503918],[-0.220601,51.503883],[-0.220606,51.503882],[-0.220824,51.503842],[-0.220831,51.503841],[-0.221146,51.503783],[-0.22119,51.503775],[-0.221197,51.503774],[-0.221632,51.503695],[-0.221753,51.503674],[-0.221784,51.503668],[-0.221856,51.503656],[-0.221985,51.503634],[-0.222066,51.50362],[-0.222102,51.503614],[-0.222319,51.503577],[-0.222507,51.503545],[-0.222579,51.503526],[-0.222623,51.503514],[-0.22289,51.503435],[-0.222915,51.503428],[-0.222985,51.503402],[-0.223025,51.503387],[-0.22313,51.503348],[-0.22314,51.503344],[-0.223266,51.503297],[-0.223159,51.503174],[-0.223144,51.503157],[-0.223131,51.503139],[-0.223095,51.503086],[-0.223063,51.503039],[-0.223056,51.50303],[-0.223061,51.503028],[-0.223074,51.503024],[-0.223147,51.503],[-0.223199,51.502984],[-0.223437,51.502933],[-0.223498,51.502913],[-0.223544,51.502898],[-0.223645,51.502865],[-0.223626,51.502841],[-0.223639,51.502843],[-0.223682,51.50285],[-0.224096,51.502814],[-0.224125,51.502812],[-0.224124,51.502804],[-0.224427,51.502622],[-0.224462,51.502567],[-0.224481,51.502549],[-0.224498,51.502552],[-0.224593,51.502556],[-0.224622,51.502557],[-0.224751,51.502525],[-0.224919,51.502393],[-0.224998,51.502516],[-0.22511,51.502689],[-0.225122,51.502708],[-0.225048,51.502721],[-0.225022,51.502735],[-0.225005,51.502739],[-0.224954,51.502752],[-0.2249,51.502766],[-0.22489,51.502769],[-0.224788,51.502799],[-0.22461,51.502853],[-0.224445,51.502903],[-0.224379,51.502923],[-0.224365,51.502922],[-0.224331,51.502937],[-0.224235,51.50298],[-0.224028,51.50307],[-0.224,51.50308],[-0.223845,51.503132],[-0.223801,51.503167],[-0.223783,51.50318],[-0.223778,51.503192],[-0.223773,51.503198],[-0.223746,51.503289],[-0.223745,51.5033],[-0.223839,51.50349],[-0.223921,51.503599],[-0.224078,51.50386],[-0.224134,51.503952],[-0.224194,51.504051],[-0.224541,51.504626],[-0.224585,51.504699],[-0.224637,51.504824],[-0.224683,51.50488],[-0.224675,51.504905],[-0.224717,51.504996],[-0.224716,51.505023],[-0.224711,51.505132],[-0.22471,51.505167],[-0.224657,51.50543],[-0.224674,51.505428],[-0.224707,51.505423],[-0.224812,51.505408],[-0.224956,51.505388],[-0.22504,51.505466],[-0.225054,51.505463],[-0.225283,51.505428],[-0.22531,51.505485],[-0.225341,51.505551],[-0.225344,51.505556],[-0.225581,51.505511],[-0.225747,51.505594],[-0.225764,51.505611],[-0.225774,51.50562],[-0.225837,51.505666],[-0.225848,51.505678],[-0.225874,51.505698],[-0.225938,51.505702],[-0.226105,51.50574],[-0.22614,51.505748],[-0.226153,51.505764],[-0.226285,51.505918],[-0.226308,51.505911],[-0.226361,51.505892],[-0.226442,51.505864],[-0.2266,51.505789],[-0.226788,51.505804],[-0.226809,51.50581],[-0.226923,51.5059],[-0.226979,51.505932],[-0.226984,51.50594],[-0.226998,51.505937],[-0.227022,51.505931],[-0.227034,51.505928],[-0.227166,51.505895],[-0.227268,51.505891],[-0.22741,51.505992],[-0.227432,51.506001],[-0.227423,51.506049],[-0.227427,51.506074],[-0.227429,51.506093],[-0.227451,51.506139],[-0.227443,51.506157],[-0.22744,51.506216],[-0.227444,51.506227],[-0.22746,51.506279],[-0.227488,51.506321],[-0.227512,51.506348],[-0.227579,51.5064],[-0.227579,51.50641],[-0.22758,51.506429],[-0.22759,51.506494],[-0.227548,51.506541],[-0.227542,51.50655],[-0.227499,51.506613],[-0.227482,51.506664],[-0.227475,51.50673],[-0.22748,51.506779],[-0.227522,51.506898],[-0.227581,51.506948],[-0.227582,51.506992],[-0.227576,51.507038],[-0.227561,51.507099],[-0.227554,51.507114],[-0.226914,51.507104],[-0.226896,51.507141],[-0.226894,51.507178],[-0.226903,51.507337],[-0.226905,51.507373],[-0.226908,51.507437],[-0.226911,51.507484],[-0.226927,51.507588],[-0.226915,51.50764],[-0.226833,51.507641],[-0.226794,51.507641],[-0.226607,51.507657],[-0.226506,51.507668],[-0.226447,51.50768],[-0.226505,51.50778],[-0.226564,51.507884],[-0.226609,51.50799],[-0.226665,51.508121],[-0.226912,51.508705],[-0.226947,51.508789],[-0.227266,51.50893],[-0.227395,51.508914],[-0.227408,51.508927],[-0.227523,51.508956],[-0.227668,51.509051],[-0.22772,51.50912],[-0.227688,51.509174],[-0.227683,51.509182],[-0.227693,51.509232],[-0.227722,51.509282],[-0.227462,51.509556],[-0.227425,51.50961],[-0.227414,51.509625],[-0.227335,51.509733],[-0.227331,51.509739],[-0.227186,51.509911],[-0.227001,51.510003],[-0.226022,51.51049],[-0.224699,51.511308],[-0.22469,51.511314],[-0.224675,51.511323],[-0.224669,51.511291],[-0.224617,51.510981],[-0.224608,51.510926],[-0.224607,51.510917],[-0.224593,51.510822],[-0.224583,51.510759],[-0.224583,51.510755],[-0.224578,51.510675],[-0.224577,51.51066],[-0.224573,51.510593],[-0.224574,51.510531],[-0.224574,51.510475],[-0.224575,51.51044],[-0.224575,51.51035],[-0.224575,51.510325],[-0.224575,51.510151],[-0.224575,51.509746],[-0.224575,51.509491],[-0.22455,51.509509],[-0.224546,51.509512],[-0.22452,51.509531],[-0.224346,51.509659],[-0.224233,51.509753],[-0.224102,51.509845],[-0.224091,51.509853],[-0.224015,51.509906],[-0.223951,51.509951],[-0.223822,51.510032],[-0.223803,51.510044],[-0.223797,51.510047],[-0.22367,51.510123],[-0.223545,51.510197],[-0.223282,51.510344],[-0.223211,51.510384],[-0.223142,51.510418],[-0.222767,51.510603],[-0.222756,51.510609],[-0.222569,51.510689],[-0.222288,51.510809],[-0.221758,51.511035],[-0.221634,51.511084],[-0.221433,51.511163],[-0.221407,51.511174],[-0.221069,51.511307],[-0.220655,51.511512],[-0.220602,51.511539],[-0.220526,51.511577],[-0.220432,51.511624],[-0.220379,51.511654],[-0.220245,51.51173],[-0.220186,51.511627],[-0.220115,51.511505],[-0.220018,51.511347],[-0.219983,51.511292],[-0.219914,51.511185],[-0.219859,51.51108],[-0.219845,51.511048],[-0.219812,51.510974],[-0.219767,51.510867],[-0.219746,51.510817],[-0.219631,51.510542],[-0.219621,51.510518],[-0.219563,51.510379],[-0.219547,51.510342],[-0.219536,51.510314],[-0.219505,51.510236],[-0.219494,51.510208],[-0.219449,51.510085],[-0.219446,51.510075],[-0.219277,51.509617]]]}},{"type":"Feature","properties":{"LSOA21CD":"E01001944","LSOA21NM":"Hammersmith and Fulham 004B","MEAN_PTAL_":"6a","mean_AI":28.4139993729,"borough":"Kensington & Chelsea"},"geometry":{"type":"Polygon","coordinates":[[[-0.216415,51.509146],[-0.216406,51.509122],[-0.216312,51.509133],[-0.216219,51.509144],[-0.216212,51.509145],[-0.21607,51.509161],[-0.216065,51.509138],[-0.216063,51.509124],[-0.216057,51.509124],[-0.215812,51.509121],[-0.215785,51.50912],[-0.21578,51.50912],[-0.215746,51.509035],[-0.215652,51.50879],[-0.215646,51.508776],[-0.215604,51.508666],[-0.215568,51.508572],[-0.215539,51.508497],[-0.21553,51.508475],[-0.215519,51.508445],[-0.215502,51.508401],[-0.215498,51.508392],[-0.215481,51.508346],[-0.215471,51.508321],[-0.215448,51.508261],[-0.21544,51.508242],[-0.215429,51.508214],[-0.215414,51.508174],[-0.215382,51.50809],[-0.215377,51.508079],[-0.215369,51.508057],[-0.215334,51.507981],[-0.215313,51.507935],[-0.215293,51.507891],[-0.215273,51.507849],[-0.215251,51.507801],[-0.215228,51.50775],[-0.215211,51.507713],[-0.215181,51.507649],[-0.215188,51.507645],[-0.2152,51.507642],[-0.215206,51.50764],[-0.215365,51.507597],[-0.215521,51.507565],[-0.215526,51.507564],[-0.215662,51.507536],[-0.215728,51.507522],[-0.215734,51.507521],[-0.215769,51.507517],[-0.215776,51.507516],[-0.215886,51.507525],[-0.215977,51.507531],[-0.216049,51.507522],[-0.216059,51.507521],[-0.216103,51.507498],[-0.216117,51.507484],[-0.216129,51.507471],[-0.216133,51.507466],[-0.216138,51.507434],[-0.216139,51.507431],[-0.216143,51.507409],[-0.216145,51.507396],[-0.216138,51.507206],[-0.21614,51.507166],[-0.216143,51.507033],[-0.216143,51.507024],[-0.216145,51.506944],[-0.216146,51.506882],[-0.216144,51.506878],[-0.21608,51.50675],[-0.215977,51.506547],[-0.215962,51.506505],[-0.215924,51.506406],[-0.215919,51.506393],[-0.215911,51.506371],[-0.215917,51.50637],[-0.215974,51.506361],[-0.216035,51.50635],[-0.216065,51.506345],[-0.216229,51.506318],[-0.216272,51.50631],[-0.216287,51.506344],[-0.216305,51.506383],[-0.216322,51.50642],[-0.216342,51.506417],[-0.216627,51.506362],[-0.216752,51.506338],[-0.216789,51.506331],[-0.216809,51.506328],[-0.216867,51.506317],[-0.216872,51.506316],[-0.216984,51.506294],[-0.216998,51.506292],[-0.217062,51.506279],[-0.217233,51.506244],[-0.217232,51.506249],[-0.217203,51.506267],[-0.217159,51.506293],[-0.217101,51.506301],[-0.2171,51.506328],[-0.217114,51.506329],[-0.217204,51.50648],[-0.217222,51.50651],[-0.217289,51.506646],[-0.217297,51.506659],[-0.217299,51.506663],[-0.217437,51.5069],[-0.217459,51.506938],[-0.21747,51.506953],[-0.217505,51.507009],[-0.217678,51.507371],[-0.217773,51.507544],[-0.217814,51.50758],[-0.217899,51.507626],[-0.217913,51.507636],[-0.217934,51.507678],[-0.217945,51.507702],[-0.217967,51.507694],[-0.218043,51.507686],[-0.218253,51.507666],[-0.218316,51.50766],[-0.218536,51.508284],[-0.218558,51.508329],[-0.218576,51.508365],[-0.218583,51.508401],[-0.218587,51.508419],[-0.218603,51.508498],[-0.218622,51.508594],[-0.218624,51.508609],[-0.218635,51.508633],[-0.218671,51.508714],[-0.218682,51.50874],[-0.218714,51.508812],[-0.218727,51.508843],[-0.218744,51.50888],[-0.218755,51.508925],[-0.218759,51.508942],[-0.2188,51.509105],[-0.218889,51.509108],[-0.219043,51.509113],[-0.219074,51.509218],[-0.219099,51.5093],[-0.219185,51.509587],[-0.219185,51.509587],[-0.219063,51.509604],[-0.218979,51.509616],[-0.218927,51.509623],[-0.218822,51.509638],[-0.218679,51.509657],[-0.21855,51.509673],[-0.218444,51.509687],[-0.218337,51.5097],[-0.218313,51.509704],[-0.218214,51.509716],[-0.218097,51.509731],[-0.218087,51.509732],[-0.21801,51.509742],[-0.217865,51.509761],[-0.21788,51.509805],[-0.217896,51.509851],[-0.217911,51.509893],[-0.217949,51.510003],[-0.217975,51.510077],[-0.218026,51.510223],[-0.218029,51.510231],[-0.217817,51.510247],[-0.21777,51.510251],[-0.217669,51.510261],[-0.217663,51.510263],[-0.217622,51.510267],[-0.217577,51.510277],[-0.217568,51.51028],[-0.217532,51.51029],[-0.217514,51.510296],[-0.217497,51.510301],[-0.217485,51.510304],[-0.217476,51.510307],[-0.217468,51.51031],[-0.217456,51.510313],[-0.217379,51.510335],[-0.217204,51.510387],[-0.217182,51.510363],[-0.217178,51.510358],[-0.217175,51.510356],[-0.21712,51.510295],[-0.217049,51.510219],[-0.217041,51.510209],[-0.216972,51.510135],[-0.216975,51.510095],[-0.216976,51.510078],[-0.216976,51.510066],[-0.216975,51.51005],[-0.216974,51.510021],[-0.216969,51.509975],[-0.216967,51.509964],[-0.216966,51.509958],[-0.216963,51.509938],[-0.216962,51.509931],[-0.216949,51.509881],[-0.216948,51.509878],[-0.216947,51.509873],[-0.216943,51.509862],[-0.216942,51.509858],[-0.216929,51.509818],[-0.216926,51.509812],[-0.216925,51.50981],[-0.216919,51.509795],[-0.216915,51.509786],[-0.216914,51.509783],[-0.216912,51.509779],[-0.216888,51.509731],[-0.216885,51.509724],[-0.216871,51.509695],[-0.216855,51.509664],[-0.21685,51.509654],[-0.216844,51.509642],[-0.216845,51.509634],[-0.216846,51.509611],[-0.216849,51.509577],[-0.216852,51.509525],[-0.216853,51.50951],[-0.216855,51.509468],[-0.216792,51.509429],[-0.216671,51.509355],[-0.216652,51.509343],[-0.216586,51.509303],[-0.216579,51.509298],[-0.216441,51.509213],[-0.216415,51.509146]]]}},{"type":"Feature","properties":{"LSOA21CD":"E01002812","LSOA21NM":"Kensington and Chelsea 013A","MEAN_PTAL_":"6a","mean_AI":25.3228202274,"borough":"Kensington & Chelsea"},"geometry":{"type":"Polygon","coordinates":[[[-0.189028,51.496332],[-0.189019,51.496297],[-0.189004,51.496299],[-0.188969,51.496303],[-0.188921,51.496309],[-0.188838,51.49632],[-0.188803,51.496324],[-0.188765,51.496329],[-0.188748,51.496332],[-0.18864,51.496345],[-0.188619,51.496348],[-0.188557,51.496356],[-0.18859,51.496222],[-0.188593,51.496208],[-0.188596,51.496196],[-0.188601,51.496178],[-0.188613,51.496128],[-0.188642,51.496006],[-0.188676,51.495941],[-0.188682,51.495931],[-0.188755,51.495791],[-0.188766,51.495776],[-0.188781,51.495752],[-0.188789,51.49574],[-0.188951,51.495499],[-0.188996,51.495432],[-0.188998,51.495429],[-0.189034,51.495375],[-0.189053,51.495362],[-0.189077,51.495346],[-0.189099,51.49533],[-0.189139,51.495303],[-0.189182,51.495273],[-0.189257,51.495222],[-0.189296,51.495196],[-0.189317,51.495178],[-0.189326,51.495171],[-0.189375,51.495131],[-0.189437,51.49508],[-0.189495,51.495031],[-0.189537,51.494997],[-0.189602,51.494952],[-0.189628,51.494933],[-0.189658,51.494913],[-0.189719,51.49487],[-0.189727,51.494865],[-0.189887,51.494752],[-0.189903,51.494741],[-0.189987,51.494742],[-0.190266,51.494747],[-0.190324,51.494749],[-0.190465,51.49475],[-0.190528,51.494751],[-0.190764,51.494755],[-0.190873,51.494756],[-0.19102,51.494759],[-0.191103,51.49476],[-0.191116,51.49476],[-0.1914,51.494756],[-0.191414,51.494756],[-0.191426,51.494756],[-0.191498,51.494755],[-0.191767,51.494757],[-0.191772,51.494757],[-0.191814,51.494757],[-0.19209,51.494759],[-0.192109,51.494759],[-0.192131,51.494759],[-0.192137,51.494759],[-0.192199,51.49476],[-0.192512,51.494754],[-0.192602,51.494752],[-0.192624,51.494751],[-0.192657,51.494751],[-0.192682,51.49475],[-0.192872,51.494746],[-0.193023,51.494743],[-0.193048,51.494743],[-0.193105,51.494742],[-0.193105,51.494749],[-0.193142,51.495255],[-0.193147,51.495325],[-0.19315,51.495354],[-0.193151,51.495378],[-0.193266,51.495366],[-0.193539,51.495395],[-0.193487,51.495558],[-0.193486,51.495562],[-0.19345,51.49568],[-0.193404,51.495808],[-0.193397,51.495827],[-0.193411,51.495827],[-0.193479,51.495823],[-0.193494,51.495823],[-0.193581,51.495817],[-0.193696,51.495809],[-0.193726,51.495807],[-0.193732,51.495807],[-0.193734,51.495811],[-0.19378,51.495814],[-0.193782,51.495822],[-0.193814,51.496069],[-0.193836,51.496073],[-0.193837,51.496085],[-0.193685,51.496097],[-0.193569,51.496106],[-0.193513,51.496111],[-0.193331,51.496125],[-0.193144,51.49614],[-0.193139,51.49614],[-0.193133,51.49614],[-0.193121,51.496141],[-0.192999,51.496142],[-0.192898,51.496143],[-0.192737,51.496144],[-0.192718,51.496144],[-0.192716,51.496042],[-0.192713,51.495909],[-0.192713,51.495892],[-0.192702,51.495892],[-0.192706,51.495863],[-0.19228,51.495884],[-0.192281,51.495895],[-0.192282,51.495903],[-0.192339,51.496397],[-0.192345,51.496453],[-0.192373,51.49662],[-0.192375,51.49663],[-0.192386,51.496699],[-0.192306,51.496708],[-0.192306,51.496713],[-0.192307,51.496723],[-0.192321,51.496977],[-0.192322,51.496985],[-0.192323,51.49701],[-0.192325,51.497031],[-0.192335,51.497163],[-0.192346,51.497295],[-0.192352,51.497371],[-0.192367,51.497424],[-0.192377,51.497461],[-0.192458,51.497615],[-0.192333,51.497656],[-0.192314,51.497662],[-0.191853,51.497811],[-0.191565,51.497905],[-0.191057,51.49807],[-0.19105,51.498073],[-0.191043,51.498076],[-0.191076,51.498144],[-0.190596,51.49815],[-0.19051,51.498151],[-0.190345,51.498153],[-0.190329,51.498153],[-0.190079,51.498156],[-0.190071,51.498156],[-0.190065,51.498156],[-0.190034,51.498157],[-0.190023,51.498157],[-0.189928,51.498158],[-0.189918,51.498158],[-0.18982,51.498159],[-0.189742,51.49816],[-0.189618,51.498162],[-0.18943,51.498164],[-0.1894,51.498165],[-0.189409,51.4981],[-0.189413,51.498071],[-0.189423,51.498],[-0.189431,51.497947],[-0.189432,51.497934],[-0.189424,51.497927],[-0.189405,51.497911],[-0.189383,51.497891],[-0.189343,51.497857],[-0.18934,51.497824],[-0.189337,51.497796],[-0.189337,51.497787],[-0.189336,51.497779],[-0.189335,51.497773],[-0.189332,51.497741],[-0.189331,51.497733],[-0.189331,51.497723],[-0.189328,51.4977],[-0.189328,51.497693],[-0.189325,51.497668],[-0.189324,51.497659],[-0.18932,51.497612],[-0.189319,51.497607],[-0.189317,51.497579],[-0.189315,51.497566],[-0.189315,51.497558],[-0.189312,51.497528],[-0.189311,51.497523],[-0.189307,51.497477],[-0.189306,51.497472],[-0.189303,51.497433],[-0.189302,51.497429],[-0.189298,51.497379],[-0.18929,51.497305],[-0.189289,51.497286],[-0.189288,51.49728],[-0.189285,51.497245],[-0.189309,51.497243],[-0.189352,51.49724],[-0.189359,51.497239],[-0.189369,51.497239],[-0.189354,51.497207],[-0.189346,51.497189],[-0.189321,51.497136],[-0.189318,51.497127],[-0.189311,51.497114],[-0.189299,51.497088],[-0.189292,51.497073],[-0.189232,51.497065],[-0.189224,51.497039],[-0.189205,51.496969],[-0.189197,51.496941],[-0.189193,51.496926],[-0.189181,51.496883],[-0.189178,51.496871],[-0.189169,51.496837],[-0.18916,51.496807],[-0.189159,51.496803],[-0.189157,51.496797],[-0.189156,51.496793],[-0.189155,51.496788],[-0.189137,51.496723],[-0.189119,51.49666],[-0.189108,51.496619],[-0.189104,51.496605],[-0.189097,51.496578],[-0.189088,51.496545],[-0.189087,51.496541],[-0.189066,51.496465],[-0.189064,51.496459],[-0.18905,51.496409],[-0.189035,51.496354],[-0.18903,51.496338],[-0.189028,51.496332]]]}},{"type":"Feature","properties":{"LSOA21CD":"E01002813","LSOA21NM":"Kensington and Chelsea 011A","MEAN_PTAL_":"6a","mean_AI":27.5146691959,"borough":"Kensington & Chelsea"},"geometry":{"type":"Polygon","coordinates":[[[-0.195237,51.49861],[-0.195078,51.49836],[-0.195065,51.498339],[-0.195021,51.49827],[-0.195015,51.49826],[-0.195023,51.498252],[-0.19489,51.498062],[-0.194842,51.497994],[-0.194846,51.497993],[-0.194835,51.497975],[-0.194827,51.497964],[-0.194821,51.497957],[-0.194813,51.49794],[-0.194808,51.49793],[-0.194714,51.497785],[-0.194668,51.497721],[-0.194602,51.497732],[-0.194546,51.497742],[-0.194473,51.497757],[-0.194392,51.497775],[-0.194367,51.49778],[-0.194391,51.497831],[-0.194385,51.497832],[-0.19423,51.497872],[-0.194217,51.497875],[-0.194199,51.497818],[-0.194066,51.497851],[-0.194164,51.498058],[-0.194234,51.498044],[-0.194234,51.498085],[-0.194151,51.498104],[-0.194124,51.49811],[-0.193982,51.498143],[-0.193895,51.498163],[-0.193835,51.498176],[-0.193762,51.498193],[-0.193743,51.498198],[-0.193642,51.498221],[-0.19351,51.498251],[-0.193491,51.498255],[-0.193398,51.498277],[-0.193374,51.498284],[-0.193368,51.498286],[-0.193277,51.498304],[-0.193242,51.498311],[-0.193229,51.498314],[-0.193122,51.498335],[-0.193049,51.49835],[-0.193017,51.498356],[-0.192895,51.498381],[-0.19283,51.498394],[-0.192775,51.498274],[-0.192709,51.498131],[-0.192577,51.498163],[-0.192547,51.49817],[-0.192168,51.498262],[-0.192146,51.498267],[-0.192057,51.498128],[-0.192015,51.498062],[-0.191978,51.498097],[-0.191503,51.498224],[-0.191316,51.498421],[-0.191254,51.498348],[-0.191164,51.498244],[-0.191076,51.498144],[-0.191043,51.498076],[-0.19105,51.498073],[-0.191057,51.49807],[-0.191565,51.497905],[-0.191853,51.497811],[-0.192314,51.497662],[-0.192333,51.497656],[-0.192458,51.497615],[-0.192377,51.497461],[-0.192367,51.497424],[-0.192352,51.497371],[-0.192346,51.497295],[-0.192335,51.497163],[-0.192325,51.497031],[-0.192323,51.49701],[-0.192322,51.496985],[-0.192321,51.496977],[-0.192307,51.496723],[-0.192306,51.496713],[-0.192306,51.496708],[-0.192386,51.496699],[-0.192375,51.49663],[-0.192373,51.49662],[-0.192345,51.496453],[-0.192339,51.496397],[-0.192282,51.495903],[-0.192281,51.495895],[-0.19228,51.495884],[-0.192706,51.495863],[-0.192702,51.495892],[-0.192713,51.495892],[-0.192713,51.495909],[-0.192716,51.496042],[-0.192718,51.496144],[-0.192737,51.496144],[-0.192898,51.496143],[-0.192999,51.496142],[-0.193121,51.496141],[-0.193133,51.49614],[-0.193139,51.49614],[-0.193144,51.49614],[-0.193331,51.496125],[-0.193513,51.496111],[-0.193569,51.496106],[-0.193685,51.496097],[-0.193837,51.496085],[-0.193836,51.496073],[-0.193814,51.496069],[-0.193782,51.495822],[-0.19378,51.495814],[-0.193734,51.495811],[-0.193732,51.495807],[-0.193812,51.495801],[-0.19392,51.495782],[-0.19401,51.495766],[-0.194126,51.495745],[-0.194131,51.495744],[-0.194282,51.495717],[-0.194341,51.495707],[-0.194385,51.495699],[-0.194403,51.495696],[-0.194499,51.495678],[-0.194512,51.495676],[-0.194591,51.495662],[-0.194617,51.495657],[-0.194709,51.495641],[-0.194715,51.49564],[-0.194771,51.49563],[-0.194893,51.495608],[-0.194954,51.495597],[-0.195048,51.49558],[-0.195097,51.495571],[-0.1952,51.495553],[-0.195209,51.495551],[-0.195423,51.495513],[-0.195453,51.495508],[-0.195477,51.495495],[-0.195477,51.495477],[-0.195281,51.495193],[-0.195304,51.495189],[-0.195368,51.495218],[-0.195805,51.494992],[-0.19585,51.495026],[-0.195861,51.495038],[-0.196093,51.495307],[-0.196106,51.495333],[-0.19613,51.495357],[-0.196135,51.495362],[-0.19625,51.495479],[-0.196291,51.49552],[-0.196346,51.495576],[-0.196467,51.495698],[-0.196466,51.495716],[-0.196502,51.495734],[-0.196579,51.495772],[-0.196641,51.495786],[-0.196665,51.495791],[-0.196693,51.495792],[-0.196751,51.495793],[-0.196978,51.495718],[-0.1971,51.495678],[-0.197113,51.495705],[-0.197184,51.49586],[-0.197214,51.495894],[-0.197214,51.495932],[-0.197237,51.495963],[-0.197311,51.496018],[-0.197316,51.496022],[-0.197311,51.496096],[-0.197344,51.496175],[-0.197166,51.496227],[-0.19692,51.496299],[-0.19691,51.496302],[-0.196934,51.496367],[-0.196958,51.496368],[-0.197042,51.496369],[-0.197101,51.496369],[-0.197251,51.496371],[-0.197347,51.496393],[-0.197366,51.496413],[-0.197471,51.496523],[-0.197477,51.496523],[-0.197491,51.496525],[-0.197495,51.496526],[-0.198277,51.49635],[-0.198381,51.496327],[-0.198476,51.496306],[-0.198549,51.496289],[-0.198622,51.496273],[-0.198702,51.496255],[-0.198779,51.496237],[-0.19882,51.496306],[-0.198822,51.49631],[-0.198867,51.496385],[-0.198881,51.496409],[-0.198897,51.496436],[-0.198908,51.496453],[-0.198941,51.49651],[-0.198873,51.496525],[-0.198434,51.49662],[-0.198208,51.496669],[-0.198052,51.496703],[-0.197898,51.496737],[-0.197779,51.496762],[-0.197608,51.4968],[-0.197593,51.496803],[-0.197265,51.496874],[-0.197241,51.496879],[-0.197251,51.496895],[-0.197401,51.497134],[-0.197433,51.497184],[-0.197437,51.497186],[-0.197463,51.497199],[-0.197476,51.49722],[-0.197458,51.497224],[-0.197526,51.497331],[-0.19754,51.497325],[-0.197567,51.49737],[-0.197585,51.497399],[-0.19757,51.497402],[-0.197641,51.497522],[-0.197702,51.497624],[-0.197719,51.497619],[-0.197775,51.497606],[-0.197786,51.497603],[-0.197809,51.497598],[-0.198251,51.497491],[-0.198277,51.497513],[-0.198303,51.497535],[-0.19847,51.497586],[-0.198513,51.497584],[-0.198595,51.497574],[-0.198663,51.497566],[-0.198693,51.497567],[-0.198736,51.497783],[-0.198746,51.497833],[-0.198739,51.497847],[-0.198735,51.497857],[-0.198731,51.497865],[-0.198729,51.497868],[-0.198727,51.497871],[-0.198733,51.497883],[-0.198735,51.497886],[-0.198724,51.497901],[-0.198713,51.497917],[-0.198704,51.497929],[-0.198702,51.497932],[-0.198642,51.498013],[-0.198526,51.498169],[-0.198517,51.498181],[-0.198508,51.498209],[-0.198417,51.498222],[-0.198317,51.498247],[-0.198311,51.498249],[-0.198219,51.498383],[-0.198056,51.498133],[-0.198088,51.498126],[-0.198161,51.498109],[-0.198184,51.498104],[-0.198324,51.498073],[-0.198276,51.497996],[-0.198266,51.497979],[-0.198299,51.49797],[-0.198319,51.497927],[-0.198341,51.497878],[-0.19833,51.497871],[-0.198306,51.497856],[-0.198296,51.497849],[-0.198239,51.497828],[-0.198224,51.497823],[-0.198187,51.497815],[-0.198123,51.497802],[-0.198102,51.497799],[-0.197866,51.497861],[-0.197923,51.497954],[-0.197971,51.498033],[-0.197983,51.498043],[-0.197978,51.498044],[-0.19793,51.498054],[-0.19775,51.498093],[-0.197701,51.498103],[-0.197424,51.498163],[-0.197246,51.498201],[-0.197067,51.498239],[-0.196749,51.498307],[-0.196674,51.498324],[-0.196524,51.498356],[-0.196487,51.498364],[-0.196475,51.498366],[-0.196462,51.498369],[-0.196465,51.498373],[-0.196496,51.498414],[-0.196375,51.498445],[-0.196154,51.498502],[-0.196042,51.498478],[-0.195999,51.49843],[-0.195986,51.498418],[-0.195977,51.49841],[-0.195974,51.498408],[-0.195801,51.498375],[-0.195784,51.498372],[-0.195575,51.498442],[-0.195566,51.498445],[-0.195352,51.498639],[-0.195348,51.498642],[-0.195286,51.498628],[-0.195241,51.498617],[-0.195237,51.49861]]]}},{"type":"Feature","properties":{"LSOA21CD":"E01002814","LSOA21NM":"Kensington and Chelsea 015A","MEAN_PTAL_":"6a","mean_AI":29.1469300167,"borough":"Kensington & Chelsea"},"geometry":{"type":"Polygon","coordinates":[[[-0.20238,51.495663],[-0.202612,51.49557],[-0.202682,51.495542],[-0.202738,51.49559],[-0.202791,51.495635],[-0.202821,51.495661],[-0.20278,51.495591],[-0.202767,51.49557],[-0.203078,51.495428],[-0.202885,51.495375],[-0.202871,51.495323],[-0.202853,51.495257],[-0.202775,51.495245],[-0.202718,51.49522],[-0.20267,51.495187],[-0.20261,51.495113],[-0.202582,51.49505],[-0.202553,51.495042],[-0.202433,51.494987],[-0.202323,51.494906],[-0.202279,51.494859],[-0.202262,51.494836],[-0.202217,51.494676],[-0.202431,51.494565],[-0.202492,51.494533],[-0.202213,51.494284],[-0.20215,51.494316],[-0.201967,51.494409],[-0.201943,51.494412],[-0.201913,51.494419],[-0.201883,51.494426],[-0.201854,51.494433],[-0.201818,51.494432],[-0.201776,51.494432],[-0.201748,51.494434],[-0.201741,51.494435],[-0.201711,51.494435],[-0.201675,51.494438],[-0.201639,51.494448],[-0.201603,51.494466],[-0.201579,51.494473],[-0.20155,51.494498],[-0.201536,51.494517],[-0.201523,51.494539],[-0.201523,51.494549],[-0.201522,51.494561],[-0.201521,51.494587],[-0.201514,51.494628],[-0.201518,51.494639],[-0.201471,51.494647],[-0.201415,51.494656],[-0.201359,51.494657],[-0.201251,51.494666],[-0.201228,51.494664],[-0.201162,51.494667],[-0.201145,51.494669],[-0.201089,51.494682],[-0.201041,51.494687],[-0.201009,51.494695],[-0.200984,51.494701],[-0.200933,51.494706],[-0.200874,51.494705],[-0.200865,51.494709],[-0.200733,51.494744],[-0.200683,51.494743],[-0.200676,51.494739],[-0.200517,51.494716],[-0.200452,51.494574],[-0.20044,51.494549],[-0.200627,51.494485],[-0.200558,51.494398],[-0.200271,51.494043],[-0.200139,51.493879],[-0.200058,51.493779],[-0.200052,51.493772],[-0.200048,51.493767],[-0.199908,51.493814],[-0.199701,51.493799],[-0.199337,51.493789],[-0.199213,51.493818],[-0.199203,51.49382],[-0.19906,51.493902],[-0.198982,51.493947],[-0.198975,51.493945],[-0.198935,51.49393],[-0.198877,51.493901],[-0.198885,51.49391],[-0.19909,51.494157],[-0.199151,51.49423],[-0.198918,51.49431],[-0.198863,51.494322],[-0.198851,51.494316],[-0.198752,51.494263],[-0.198661,51.494237],[-0.19861,51.494232],[-0.198439,51.494212],[-0.198399,51.494208],[-0.198385,51.494206],[-0.198382,51.494201],[-0.198384,51.494197],[-0.198398,51.494182],[-0.198406,51.494171],[-0.198423,51.494136],[-0.198272,51.494184],[-0.198177,51.494214],[-0.197966,51.494281],[-0.197945,51.494287],[-0.197903,51.4943],[-0.197808,51.49433],[-0.197721,51.494357],[-0.19766,51.494377],[-0.197572,51.494404],[-0.197527,51.494347],[-0.197267,51.494016],[-0.197221,51.493956],[-0.196998,51.494007],[-0.196964,51.494014],[-0.197044,51.493985],[-0.197096,51.493967],[-0.197182,51.493936],[-0.197278,51.493901],[-0.197285,51.493898],[-0.19731,51.493889],[-0.197348,51.493876],[-0.197378,51.493865],[-0.197408,51.493854],[-0.197424,51.493848],[-0.197454,51.493837],[-0.197531,51.49381],[-0.197547,51.493804],[-0.197648,51.493767],[-0.197702,51.493748],[-0.197713,51.493744],[-0.197737,51.493735],[-0.197857,51.493692],[-0.197887,51.493681],[-0.197896,51.493678],[-0.19795,51.493659],[-0.197979,51.493649],[-0.198013,51.493637],[-0.198068,51.493617],[-0.198443,51.493485],[-0.19846,51.49348],[-0.198484,51.493471],[-0.198558,51.493445],[-0.199074,51.493263],[-0.199243,51.493204],[-0.199254,51.493201],[-0.199375,51.493158],[-0.199464,51.493126],[-0.199581,51.493085],[-0.199627,51.493069],[-0.199659,51.493058],[-0.199677,51.493051],[-0.199785,51.493014],[-0.199927,51.492964],[-0.200116,51.492897],[-0.200125,51.492894],[-0.200165,51.49288],[-0.200264,51.492834],[-0.200341,51.492798],[-0.200364,51.492786],[-0.200386,51.492775],[-0.200395,51.49277],[-0.200408,51.492762],[-0.200524,51.492687],[-0.200829,51.492489],[-0.200955,51.492389],[-0.201041,51.492321],[-0.201082,51.492289],[-0.201116,51.492262],[-0.201214,51.492184],[-0.201226,51.492176],[-0.201311,51.492118],[-0.20148,51.492023],[-0.201539,51.491996],[-0.201548,51.491992],[-0.201562,51.491985],[-0.201701,51.491933],[-0.201856,51.491877],[-0.201866,51.491888],[-0.202172,51.492228],[-0.202216,51.492277],[-0.20222,51.492282],[-0.202224,51.492286],[-0.202403,51.492485],[-0.202509,51.492618],[-0.202546,51.492664],[-0.20259,51.492716],[-0.202594,51.492721],[-0.202757,51.492912],[-0.202787,51.492945],[-0.20293,51.493101],[-0.202941,51.493113],[-0.202944,51.493117],[-0.20298,51.493156],[-0.203071,51.493251],[-0.203126,51.493308],[-0.203142,51.493323],[-0.203142,51.493324],[-0.203161,51.493343],[-0.203243,51.493428],[-0.20342,51.493596],[-0.203425,51.493601],[-0.203614,51.493771],[-0.203879,51.493986],[-0.203892,51.493996],[-0.203965,51.494051],[-0.203979,51.494062],[-0.204006,51.494082],[-0.204165,51.494203],[-0.204344,51.494331],[-0.204407,51.494376],[-0.20441,51.494378],[-0.204413,51.494381],[-0.204419,51.494385],[-0.204469,51.494419],[-0.204483,51.494429],[-0.204502,51.494441],[-0.204609,51.494514],[-0.204717,51.494588],[-0.204705,51.494599],[-0.204645,51.494657],[-0.204654,51.494662],[-0.204696,51.494686],[-0.204716,51.494697],[-0.204802,51.494746],[-0.204817,51.494755],[-0.204824,51.494758],[-0.204989,51.494844],[-0.204995,51.494848],[-0.205041,51.49487],[-0.205121,51.494909],[-0.205165,51.494931],[-0.205179,51.494938],[-0.20523,51.49496],[-0.205246,51.494968],[-0.205354,51.495015],[-0.205405,51.495037],[-0.205409,51.495039],[-0.205461,51.495062],[-0.205553,51.495098],[-0.205574,51.495106],[-0.205599,51.495116],[-0.205682,51.49515],[-0.205765,51.495181],[-0.20578,51.495187],[-0.205815,51.495201],[-0.205866,51.495219],[-0.206006,51.495268],[-0.206043,51.495282],[-0.2061,51.495305],[-0.206241,51.495365],[-0.206355,51.495415],[-0.206368,51.495421],[-0.206435,51.49545],[-0.206457,51.49546],[-0.206568,51.495506],[-0.206655,51.495543],[-0.206678,51.495554],[-0.206715,51.495573],[-0.206739,51.495585],[-0.206782,51.495607],[-0.20681,51.495622],[-0.206816,51.495625],[-0.206865,51.495659],[-0.206874,51.495666],[-0.207036,51.49578],[-0.20704,51.495783],[-0.207076,51.495808],[-0.207081,51.495812],[-0.207084,51.495814],[-0.207087,51.495818],[-0.207113,51.495844],[-0.207145,51.495867],[-0.207154,51.495873],[-0.207175,51.495886],[-0.207187,51.495895],[-0.207201,51.495906],[-0.207229,51.495932],[-0.207232,51.495935],[-0.207237,51.495941],[-0.207243,51.495949],[-0.207259,51.495968],[-0.207264,51.495975],[-0.207274,51.495991],[-0.207286,51.496018],[-0.207294,51.496043],[-0.2073,51.496053],[-0.207365,51.496148],[-0.207175,51.496188],[-0.207107,51.496202],[-0.207002,51.496229],[-0.206882,51.49626],[-0.206864,51.496265],[-0.206774,51.496295],[-0.206732,51.496308],[-0.206697,51.496319],[-0.206638,51.496339],[-0.206576,51.496363],[-0.206503,51.496392],[-0.2064,51.496432],[-0.206373,51.496443],[-0.206327,51.49646],[-0.206321,51.496462],[-0.206222,51.4965],[-0.206165,51.496522],[-0.205961,51.4966],[-0.205862,51.496637],[-0.20584,51.496646],[-0.205836,51.496647],[-0.205809,51.496658],[-0.205459,51.496791],[-0.20516,51.496905],[-0.205033,51.496953],[-0.205014,51.496961],[-0.204956,51.496982],[-0.204823,51.497028],[-0.204786,51.497041],[-0.204774,51.497045],[-0.204656,51.497086],[-0.204597,51.497106],[-0.204513,51.497135],[-0.204506,51.497138],[-0.204501,51.497139],[-0.204489,51.497143],[-0.204273,51.497218],[-0.204264,51.497221],[-0.204237,51.49723],[-0.204103,51.497276],[-0.204089,51.497281],[-0.203829,51.497371],[-0.20376,51.497394],[-0.203703,51.497414],[-0.203692,51.497418],[-0.203631,51.497439],[-0.203624,51.497441],[-0.203556,51.497465],[-0.203547,51.497468],[-0.203526,51.497475],[-0.203501,51.497484],[-0.203487,51.497488],[-0.203467,51.497495],[-0.203459,51.497498],[-0.203448,51.497502],[-0.203439,51.497505],[-0.203426,51.49751],[-0.203375,51.497529],[-0.203358,51.497536],[-0.203341,51.497542],[-0.203301,51.497557],[-0.203295,51.49756],[-0.203263,51.497572],[-0.203244,51.497579],[-0.203195,51.497598],[-0.203188,51.4976],[-0.203167,51.497608],[-0.203073,51.497644],[-0.203043,51.497656],[-0.203031,51.497661],[-0.202992,51.497675],[-0.202963,51.497686],[-0.202951,51.497691],[-0.202912,51.497706],[-0.202871,51.497722],[-0.202859,51.497726],[-0.202833,51.497736],[-0.202814,51.497743],[-0.202798,51.497749],[-0.202794,51.497751],[-0.202789,51.497753],[-0.202771,51.49776],[-0.202764,51.497763],[-0.202704,51.497786],[-0.2027,51.497787],[-0.202628,51.497814],[-0.202604,51.497824],[-0.202598,51.497819],[-0.202607,51.497816],[-0.202333,51.49753],[-0.202357,51.497436],[-0.2024,51.497428],[-0.202498,51.497391],[-0.202539,51.497369],[-0.202544,51.497364],[-0.202623,51.497291],[-0.202616,51.497283],[-0.202587,51.497252],[-0.20257,51.497234],[-0.202561,51.497229],[-0.202541,51.497219],[-0.20247,51.497175],[-0.202468,51.49717],[-0.20241,51.497067],[-0.202407,51.497061],[-0.202407,51.497057],[-0.202407,51.497053],[-0.202294,51.496988],[-0.202291,51.496985],[-0.202245,51.496947],[-0.202243,51.496944],[-0.202229,51.496927],[-0.202225,51.496921],[-0.202217,51.496903],[-0.202182,51.496827],[-0.202203,51.496756],[-0.202214,51.496716],[-0.202158,51.496705],[-0.20213,51.496699],[-0.202075,51.49668],[-0.201945,51.496624],[-0.201935,51.496617],[-0.201927,51.496612],[-0.201921,51.496606],[-0.201934,51.496602],[-0.202243,51.496496],[-0.202366,51.496454],[-0.202551,51.496391],[-0.202651,51.496357],[-0.202674,51.496347],[-0.202645,51.496297],[-0.202642,51.496292],[-0.202636,51.496288],[-0.202622,51.49628],[-0.202529,51.496197],[-0.202517,51.496189],[-0.202478,51.496162],[-0.202467,51.496145],[-0.202464,51.49614],[-0.202467,51.49613],[-0.202451,51.496053],[-0.202442,51.496008],[-0.202424,51.495977],[-0.202407,51.495949],[-0.202395,51.49594],[-0.202345,51.4959],[-0.202334,51.495892],[-0.2022,51.495824],[-0.202231,51.495777],[-0.202332,51.495692],[-0.20238,51.495663]]]}},{"type":"Feature","properties":{"LSOA21CD":"E01002815","LSOA21NM":"Kensington and Chelsea 011B","MEAN_PTAL_":"6a","mean_AI":29.1302636282,"borough":"Kensington & Chelsea"},"geometry":{"type":"Polygon","coordinates":[[[-0.193539,51.495395],[-0.193266,51.495366],[-0.193151,51.495378],[-0.19315,51.495354],[-0.193147,51.495325],[-0.193142,51.495255],[-0.193105,51.494749],[-0.193105,51.494742],[-0.19312,51.494741],[-0.193179,51.49474],[-0.193188,51.49474],[-0.193193,51.49474],[-0.193218,51.494739],[-0.193346,51.494737],[-0.193425,51.494735],[-0.193489,51.494734],[-0.19356,51.494732],[-0.193669,51.49473],[-0.193688,51.49473],[-0.193704,51.49473],[-0.193757,51.494728],[-0.193817,51.494727],[-0.193847,51.494727],[-0.19432,51.494717],[-0.194348,51.494716],[-0.194401,51.494715],[-0.19446,51.494714],[-0.194645,51.49471],[-0.194723,51.494709],[-0.194768,51.494702],[-0.194912,51.494681],[-0.195135,51.494624],[-0.195193,51.494609],[-0.195221,51.494602],[-0.195334,51.494572],[-0.195443,51.494544],[-0.195449,51.494543],[-0.195628,51.494497],[-0.195761,51.494449],[-0.195982,51.494369],[-0.19601,51.494359],[-0.196083,51.494333],[-0.196139,51.494312],[-0.196178,51.494298],[-0.196726,51.4941],[-0.196842,51.494059],[-0.196875,51.494046],[-0.196924,51.494029],[-0.196964,51.494014],[-0.196998,51.494007],[-0.197221,51.493956],[-0.197267,51.494016],[-0.197527,51.494347],[-0.197572,51.494404],[-0.19766,51.494377],[-0.197721,51.494357],[-0.197808,51.49433],[-0.197903,51.4943],[-0.197945,51.494287],[-0.197966,51.494281],[-0.198177,51.494214],[-0.198272,51.494184],[-0.198423,51.494136],[-0.198406,51.494171],[-0.198398,51.494182],[-0.198384,51.494197],[-0.198382,51.494201],[-0.198385,51.494206],[-0.198399,51.494208],[-0.198439,51.494212],[-0.19861,51.494232],[-0.198661,51.494237],[-0.198752,51.494263],[-0.198851,51.494316],[-0.198863,51.494322],[-0.198918,51.49431],[-0.199151,51.49423],[-0.19909,51.494157],[-0.198885,51.49391],[-0.198877,51.493901],[-0.198935,51.49393],[-0.198975,51.493945],[-0.198982,51.493947],[-0.19906,51.493902],[-0.199203,51.49382],[-0.199213,51.493818],[-0.199337,51.493789],[-0.199701,51.493799],[-0.199908,51.493814],[-0.200048,51.493767],[-0.200052,51.493772],[-0.200058,51.493779],[-0.200139,51.493879],[-0.200271,51.494043],[-0.200558,51.494398],[-0.200627,51.494485],[-0.20044,51.494549],[-0.200194,51.494633],[-0.200021,51.494692],[-0.199831,51.49477],[-0.19983,51.494792],[-0.19983,51.494806],[-0.199852,51.494835],[-0.199857,51.494842],[-0.199913,51.494888],[-0.199955,51.494916],[-0.199887,51.494915],[-0.199869,51.494914],[-0.199879,51.495004],[-0.19997,51.495101],[-0.199963,51.495124],[-0.199627,51.495186],[-0.199525,51.495258],[-0.199522,51.495262],[-0.199494,51.495302],[-0.19949,51.495307],[-0.199435,51.495323],[-0.199428,51.495325],[-0.199423,51.495326],[-0.199416,51.495327],[-0.199297,51.495365],[-0.199272,51.495376],[-0.199246,51.495379],[-0.199232,51.495381],[-0.199166,51.495397],[-0.199134,51.495404],[-0.199053,51.495439],[-0.199032,51.495451],[-0.199007,51.495466],[-0.199003,51.495469],[-0.198989,51.495481],[-0.198927,51.495484],[-0.198909,51.495485],[-0.198842,51.495496],[-0.198832,51.495498],[-0.19875,51.495527],[-0.198734,51.495532],[-0.198665,51.495568],[-0.198561,51.495645],[-0.198522,51.495673],[-0.198472,51.495654],[-0.198434,51.495637],[-0.198431,51.495635],[-0.198363,51.495641],[-0.198225,51.49546],[-0.198137,51.495346],[-0.19813,51.495339],[-0.197875,51.495423],[-0.197869,51.495425],[-0.197813,51.495443],[-0.197777,51.495455],[-0.197665,51.495492],[-0.197597,51.495514],[-0.197536,51.495535],[-0.197364,51.495591],[-0.197277,51.49562],[-0.1971,51.495678],[-0.196978,51.495718],[-0.196751,51.495793],[-0.196693,51.495792],[-0.196665,51.495791],[-0.196641,51.495786],[-0.196579,51.495772],[-0.196502,51.495734],[-0.196466,51.495716],[-0.196467,51.495698],[-0.196346,51.495576],[-0.196291,51.49552],[-0.19625,51.495479],[-0.196135,51.495362],[-0.19613,51.495357],[-0.196106,51.495333],[-0.196093,51.495307],[-0.195861,51.495038],[-0.19585,51.495026],[-0.195805,51.494992],[-0.195368,51.495218],[-0.195304,51.495189],[-0.195281,51.495193],[-0.195477,51.495477],[-0.195477,51.495495],[-0.195453,51.495508],[-0.195423,51.495513],[-0.195209,51.495551],[-0.1952,51.495553],[-0.195097,51.495571],[-0.195048,51.49558],[-0.194954,51.495597],[-0.194893,51.495608],[-0.194771,51.49563],[-0.194715,51.49564],[-0.194709,51.495641],[-0.194617,51.495657],[-0.194591,51.495662],[-0.194512,51.495676],[-0.194499,51.495678],[-0.194403,51.495696],[-0.194385,51.495699],[-0.194341,51.495707],[-0.194282,51.495717],[-0.194131,51.495744],[-0.194126,51.495745],[-0.19401,51.495766],[-0.19392,51.495782],[-0.193812,51.495801],[-0.193732,51.495807],[-0.193726,51.495807],[-0.193696,51.495809],[-0.193581,51.495817],[-0.193494,51.495823],[-0.193479,51.495823],[-0.193411,51.495827],[-0.193397,51.495827],[-0.193404,51.495808],[-0.19345,51.49568],[-0.193486,51.495562],[-0.193487,51.495558],[-0.193539,51.495395]]]}},{"type":"Feature","properties":{"LSOA21CD":"E01002816","LSOA21NM":"Kensington and Chelsea 011C","MEAN_PTAL_":"5","mean_AI":23.4280754252,"borough":"Kensington & Chelsea"},"geometry":{"type":"Polygon","coordinates":[[[-0.192286,51.4989],[-0.192261,51.498858],[-0.192117,51.498893],[-0.192017,51.498917],[-0.191841,51.49896],[-0.19179,51.498973],[-0.191316,51.498421],[-0.191503,51.498224],[-0.191978,51.498097],[-0.192015,51.498062],[-0.192057,51.498128],[-0.192146,51.498267],[-0.192168,51.498262],[-0.192547,51.49817],[-0.192577,51.498163],[-0.192709,51.498131],[-0.192775,51.498274],[-0.19283,51.498394],[-0.192895,51.498381],[-0.193017,51.498356],[-0.193049,51.49835],[-0.193122,51.498335],[-0.193229,51.498314],[-0.193242,51.498311],[-0.193277,51.498304],[-0.193368,51.498286],[-0.193374,51.498284],[-0.193398,51.498277],[-0.193491,51.498255],[-0.19351,51.498251],[-0.193642,51.498221],[-0.193743,51.498198],[-0.193762,51.498193],[-0.193835,51.498176],[-0.193895,51.498163],[-0.193982,51.498143],[-0.194124,51.49811],[-0.194151,51.498104],[-0.194234,51.498085],[-0.194234,51.498044],[-0.194164,51.498058],[-0.194066,51.497851],[-0.194199,51.497818],[-0.194217,51.497875],[-0.19423,51.497872],[-0.194385,51.497832],[-0.194391,51.497831],[-0.194367,51.49778],[-0.194392,51.497775],[-0.194473,51.497757],[-0.194546,51.497742],[-0.194602,51.497732],[-0.194668,51.497721],[-0.194714,51.497785],[-0.194808,51.49793],[-0.194813,51.49794],[-0.194821,51.497957],[-0.194827,51.497964],[-0.194835,51.497975],[-0.194846,51.497993],[-0.194842,51.497994],[-0.19489,51.498062],[-0.195023,51.498252],[-0.195015,51.49826],[-0.195021,51.49827],[-0.195065,51.498339],[-0.195078,51.49836],[-0.195237,51.49861],[-0.195241,51.498617],[-0.195323,51.498747],[-0.195326,51.498752],[-0.19535,51.498802],[-0.195364,51.49882],[-0.195378,51.498844],[-0.19541,51.498897],[-0.195415,51.498904],[-0.195472,51.498998],[-0.195488,51.499025],[-0.195507,51.499056],[-0.195529,51.499092],[-0.195593,51.499198],[-0.195641,51.499277],[-0.195689,51.499356],[-0.195727,51.499418],[-0.19573,51.499423],[-0.195797,51.499533],[-0.19581,51.499555],[-0.196068,51.499964],[-0.196057,51.499967],[-0.196062,51.499972],[-0.196068,51.499978],[-0.196053,51.499984],[-0.195993,51.500004],[-0.195644,51.500125],[-0.195594,51.500142],[-0.195569,51.500151],[-0.195519,51.500168],[-0.195376,51.500218],[-0.195369,51.50022],[-0.195359,51.500224],[-0.195354,51.500226],[-0.194937,51.500369],[-0.194903,51.500382],[-0.194899,51.500383],[-0.19489,51.500387],[-0.194819,51.500412],[-0.194719,51.500449],[-0.194694,51.500458],[-0.194665,51.500469],[-0.194641,51.500478],[-0.194616,51.500487],[-0.194507,51.500527],[-0.194381,51.500573],[-0.194366,51.500578],[-0.194354,51.500583],[-0.193992,51.500717],[-0.193892,51.500754],[-0.193865,51.500764],[-0.193832,51.500776],[-0.193747,51.500807],[-0.193684,51.500831],[-0.193616,51.500856],[-0.193537,51.500885],[-0.193523,51.50089],[-0.19346,51.500914],[-0.193434,51.500867],[-0.193431,51.500863],[-0.19343,51.50086],[-0.193408,51.500823],[-0.193262,51.500572],[-0.19323,51.500517],[-0.193208,51.500481],[-0.193204,51.500473],[-0.193155,51.500388],[-0.193132,51.500349],[-0.193129,51.500345],[-0.193107,51.500306],[-0.192984,51.500096],[-0.192813,51.499802],[-0.19281,51.499798],[-0.192778,51.499743],[-0.192676,51.499568],[-0.192633,51.499495],[-0.192629,51.499487],[-0.192603,51.499443],[-0.192598,51.499435],[-0.192589,51.499418],[-0.192586,51.499413],[-0.19258,51.499404],[-0.192458,51.499194],[-0.192417,51.499123],[-0.192409,51.499109],[-0.192397,51.499089],[-0.19239,51.499078],[-0.192387,51.499072],[-0.19238,51.499061],[-0.192298,51.498919],[-0.192286,51.4989]]]}},{"type":"Feature","properties":{"LSOA21CD":"E01002817","LSOA21NM":"Kensington and Chelsea 011D","MEAN_PTAL_":"6a","mean_AI":27.2502054226,"borough":"Kensington & Chelsea"},"geometry":{"type":"Polygon","coordinates":[[[-0.195323,51.498747],[-0.195241,51.498617],[-0.195286,51.498628],[-0.195348,51.498642],[-0.195352,51.498639],[-0.195566,51.498445],[-0.195575,51.498442],[-0.195784,51.498372],[-0.195801,51.498375],[-0.195974,51.498408],[-0.195977,51.49841],[-0.195986,51.498418],[-0.195999,51.49843],[-0.196042,51.498478],[-0.196154,51.498502],[-0.196375,51.498445],[-0.196496,51.498414],[-0.196465,51.498373],[-0.196462,51.498369],[-0.196475,51.498366],[-0.196487,51.498364],[-0.196524,51.498356],[-0.196674,51.498324],[-0.196749,51.498307],[-0.197067,51.498239],[-0.197246,51.498201],[-0.197424,51.498163],[-0.197701,51.498103],[-0.19775,51.498093],[-0.19793,51.498054],[-0.197978,51.498044],[-0.197983,51.498043],[-0.197971,51.498033],[-0.197923,51.497954],[-0.197866,51.497861],[-0.198102,51.497799],[-0.198123,51.497802],[-0.198187,51.497815],[-0.198224,51.497823],[-0.198239,51.497828],[-0.198296,51.497849],[-0.198306,51.497856],[-0.19833,51.497871],[-0.198341,51.497878],[-0.198319,51.497927],[-0.198299,51.49797],[-0.198266,51.497979],[-0.198276,51.497996],[-0.198324,51.498073],[-0.198184,51.498104],[-0.198161,51.498109],[-0.198088,51.498126],[-0.198056,51.498133],[-0.198219,51.498383],[-0.198311,51.498249],[-0.198317,51.498247],[-0.198417,51.498222],[-0.198508,51.498209],[-0.198517,51.498181],[-0.198526,51.498169],[-0.198642,51.498013],[-0.198702,51.497932],[-0.198704,51.497929],[-0.198713,51.497917],[-0.198724,51.497901],[-0.198735,51.497886],[-0.198733,51.497883],[-0.198727,51.497871],[-0.198729,51.497868],[-0.198731,51.497865],[-0.198735,51.497857],[-0.198739,51.497847],[-0.198746,51.497833],[-0.198736,51.497783],[-0.198693,51.497567],[-0.198663,51.497566],[-0.198595,51.497574],[-0.198513,51.497584],[-0.19847,51.497586],[-0.198303,51.497535],[-0.198277,51.497513],[-0.198251,51.497491],[-0.197809,51.497598],[-0.197786,51.497603],[-0.197775,51.497606],[-0.197719,51.497619],[-0.197702,51.497624],[-0.197641,51.497522],[-0.19757,51.497402],[-0.197585,51.497399],[-0.197567,51.49737],[-0.19754,51.497325],[-0.197526,51.497331],[-0.197458,51.497224],[-0.197476,51.49722],[-0.197463,51.497199],[-0.197437,51.497186],[-0.197433,51.497184],[-0.197401,51.497134],[-0.197251,51.496895],[-0.197241,51.496879],[-0.197265,51.496874],[-0.197593,51.496803],[-0.197608,51.4968],[-0.197779,51.496762],[-0.197898,51.496737],[-0.198052,51.496703],[-0.198208,51.496669],[-0.198434,51.49662],[-0.198873,51.496525],[-0.198941,51.49651],[-0.198908,51.496453],[-0.198897,51.496436],[-0.198881,51.496409],[-0.198867,51.496385],[-0.198822,51.49631],[-0.19882,51.496306],[-0.198779,51.496237],[-0.198702,51.496255],[-0.198622,51.496273],[-0.198549,51.496289],[-0.198476,51.496306],[-0.198381,51.496327],[-0.198277,51.49635],[-0.197495,51.496526],[-0.197491,51.496525],[-0.197477,51.496523],[-0.197471,51.496523],[-0.197366,51.496413],[-0.197347,51.496393],[-0.197251,51.496371],[-0.197101,51.496369],[-0.197042,51.496369],[-0.196958,51.496368],[-0.196934,51.496367],[-0.19691,51.496302],[-0.19692,51.496299],[-0.197166,51.496227],[-0.197344,51.496175],[-0.197311,51.496096],[-0.197316,51.496022],[-0.197311,51.496018],[-0.197237,51.495963],[-0.197214,51.495932],[-0.197214,51.495894],[-0.197184,51.49586],[-0.197113,51.495705],[-0.1971,51.495678],[-0.197277,51.49562],[-0.197364,51.495591],[-0.197536,51.495535],[-0.197597,51.495514],[-0.197665,51.495492],[-0.197777,51.495455],[-0.197813,51.495443],[-0.197869,51.495425],[-0.197875,51.495423],[-0.19813,51.495339],[-0.198137,51.495346],[-0.198225,51.49546],[-0.198363,51.495641],[-0.198431,51.495635],[-0.198434,51.495637],[-0.198472,51.495654],[-0.198522,51.495673],[-0.198561,51.495645],[-0.198665,51.495568],[-0.198734,51.495532],[-0.19875,51.495527],[-0.198832,51.495498],[-0.198842,51.495496],[-0.198909,51.495485],[-0.198927,51.495484],[-0.198989,51.495481],[-0.199003,51.495469],[-0.199007,51.495466],[-0.199032,51.495451],[-0.199053,51.495439],[-0.199134,51.495404],[-0.199166,51.495397],[-0.199232,51.495381],[-0.199246,51.495379],[-0.199272,51.495376],[-0.199297,51.495365],[-0.199416,51.495327],[-0.199423,51.495326],[-0.199428,51.495325],[-0.199435,51.495323],[-0.19949,51.495307],[-0.199494,51.495302],[-0.199522,51.495262],[-0.199525,51.495258],[-0.199627,51.495186],[-0.199963,51.495124],[-0.19997,51.495101],[-0.199879,51.495004],[-0.199869,51.494914],[-0.199887,51.494915],[-0.199955,51.494916],[-0.199913,51.494888],[-0.199857,51.494842],[-0.199852,51.494835],[-0.19983,51.494806],[-0.19983,51.494792],[-0.199831,51.49477],[-0.200021,51.494692],[-0.200194,51.494633],[-0.20044,51.494549],[-0.200452,51.494574],[-0.200517,51.494716],[-0.200676,51.494739],[-0.200683,51.494743],[-0.200733,51.494744],[-0.200865,51.494709],[-0.200874,51.494705],[-0.200933,51.494706],[-0.200984,51.494701],[-0.201009,51.494695],[-0.201041,51.494687],[-0.201089,51.494682],[-0.201145,51.494669],[-0.201162,51.494667],[-0.201228,51.494664],[-0.201251,51.494666],[-0.201359,51.494657],[-0.201415,51.494656],[-0.201471,51.494647],[-0.201518,51.494639],[-0.201514,51.494628],[-0.201521,51.494587],[-0.201522,51.494561],[-0.201523,51.494549],[-0.201523,51.494539],[-0.201536,51.494517],[-0.20155,51.494498],[-0.201579,51.494473],[-0.201603,51.494466],[-0.201639,51.494448],[-0.201675,51.494438],[-0.201711,51.494435],[-0.201741,51.494435],[-0.201748,51.494434],[-0.201776,51.494432],[-0.201818,51.494432],[-0.201854,51.494433],[-0.201883,51.494426],[-0.201913,51.494419],[-0.201943,51.494412],[-0.201967,51.494409],[-0.20215,51.494316],[-0.202213,51.494284],[-0.202492,51.494533],[-0.202431,51.494565],[-0.202217,51.494676],[-0.202262,51.494836],[-0.202279,51.494859],[-0.202323,51.494906],[-0.202433,51.494987],[-0.202553,51.495042],[-0.202582,51.49505],[-0.20261,51.495113],[-0.20267,51.495187],[-0.202718,51.49522],[-0.202775,51.495245],[-0.202853,51.495257],[-0.202871,51.495323],[-0.202885,51.495375],[-0.203078,51.495428],[-0.202767,51.49557],[-0.20278,51.495591],[-0.202821,51.495661],[-0.202791,51.495635],[-0.202738,51.49559],[-0.202682,51.495542],[-0.202612,51.49557],[-0.20238,51.495663],[-0.202332,51.495692],[-0.202231,51.495777],[-0.2022,51.495824],[-0.202334,51.495892],[-0.202345,51.4959],[-0.202395,51.49594],[-0.202407,51.495949],[-0.202424,51.495977],[-0.202442,51.496008],[-0.202451,51.496053],[-0.202467,51.49613],[-0.202464,51.49614],[-0.202467,51.496145],[-0.202478,51.496162],[-0.202517,51.496189],[-0.202529,51.496197],[-0.202622,51.49628],[-0.202636,51.496288],[-0.202642,51.496292],[-0.202645,51.496297],[-0.202674,51.496347],[-0.202651,51.496357],[-0.202551,51.496391],[-0.202366,51.496454],[-0.202243,51.496496],[-0.201934,51.496602],[-0.201921,51.496606],[-0.201927,51.496612],[-0.201935,51.496617],[-0.201945,51.496624],[-0.202075,51.49668],[-0.20213,51.496699],[-0.202158,51.496705],[-0.202214,51.496716],[-0.202203,51.496756],[-0.202182,51.496827],[-0.202217,51.496903],[-0.202225,51.496921],[-0.202229,51.496927],[-0.202243,51.496944],[-0.202245,51.496947],[-0.202291,51.496985],[-0.202294,51.496988],[-0.202407,51.497053],[-0.202407,51.497057],[-0.202407,51.497061],[-0.20241,51.497067],[-0.202468,51.49717],[-0.20247,51.497175],[-0.202541,51.497219],[-0.202561,51.497229],[-0.20257,51.497234],[-0.202587,51.497252],[-0.202616,51.497283],[-0.202623,51.497291],[-0.202544,51.497364],[-0.202539,51.497369],[-0.202498,51.497391],[-0.2024,51.497428],[-0.202357,51.497436],[-0.202333,51.49753],[-0.202607,51.497816],[-0.202598,51.497819],[-0.202604,51.497824],[-0.202597,51.497826],[-0.20253,51.497852],[-0.202493,51.497867],[-0.202465,51.497877],[-0.202348,51.497922],[-0.202335,51.497927],[-0.202307,51.497938],[-0.202288,51.497945],[-0.202281,51.497948],[-0.202118,51.49801],[-0.202097,51.498018],[-0.202085,51.498022],[-0.202066,51.49803],[-0.202042,51.498038],[-0.201981,51.498061],[-0.201976,51.498063],[-0.201877,51.4981],[-0.201856,51.498108],[-0.201707,51.498163],[-0.201601,51.498203],[-0.201591,51.498206],[-0.20157,51.498214],[-0.20149,51.498244],[-0.201313,51.49831],[-0.201229,51.498341],[-0.201213,51.498347],[-0.201162,51.498366],[-0.200868,51.498476],[-0.200712,51.498534],[-0.200636,51.498562],[-0.200589,51.49858],[-0.200403,51.498643],[-0.20037,51.498653],[-0.200158,51.498711],[-0.200122,51.498721],[-0.200044,51.498736],[-0.199808,51.498782],[-0.199719,51.498799],[-0.199585,51.498825],[-0.199525,51.498836],[-0.199389,51.498863],[-0.199296,51.49888],[-0.199217,51.498899],[-0.199112,51.498923],[-0.199108,51.498924],[-0.199078,51.49893],[-0.198953,51.498961],[-0.198885,51.498982],[-0.198786,51.499012],[-0.198724,51.499031],[-0.198713,51.499034],[-0.198699,51.499038],[-0.198622,51.499067],[-0.198435,51.499138],[-0.198389,51.499155],[-0.198261,51.499203],[-0.198223,51.499217],[-0.198077,51.499272],[-0.19807,51.499275],[-0.197979,51.499309],[-0.197697,51.499415],[-0.197572,51.499458],[-0.197508,51.49948],[-0.197336,51.49954],[-0.197217,51.499581],[-0.197203,51.499586],[-0.197096,51.499623],[-0.197027,51.499647],[-0.19697,51.499666],[-0.19692,51.499684],[-0.196896,51.499692],[-0.196831,51.499715],[-0.196778,51.499733],[-0.196742,51.499745],[-0.196688,51.499764],[-0.196507,51.499827],[-0.196476,51.499837],[-0.196294,51.4999],[-0.196257,51.499913],[-0.196157,51.499947],[-0.196068,51.499978],[-0.196062,51.499972],[-0.196057,51.499967],[-0.196068,51.499964],[-0.19581,51.499555],[-0.195797,51.499533],[-0.19573,51.499423],[-0.195727,51.499418],[-0.195689,51.499356],[-0.195641,51.499277],[-0.195593,51.499198],[-0.195529,51.499092],[-0.195507,51.499056],[-0.195488,51.499025],[-0.195472,51.498998],[-0.195415,51.498904],[-0.19541,51.498897],[-0.195378,51.498844],[-0.195364,51.49882],[-0.19535,51.498802],[-0.195326,51.498752],[-0.195323,51.498747]]]}},{"type":"Feature","properties":{"LSOA21CD":"E01002821","LSOA21NM":"Kensington and Chelsea 014A","MEAN_PTAL_":"6a","mean_AI":37.3265229995,"borough":"Kensington & Chelsea"},"geometry":{"type":"Polygon","coordinates":[[[-0.173401,51.496508],[-0.172999,51.496472],[-0.172799,51.49649],[-0.172788,51.496491],[-0.172451,51.496641],[-0.172311,51.496703],[-0.172233,51.496721],[-0.172135,51.496744],[-0.172115,51.496749],[-0.172101,51.496752],[-0.172021,51.496768],[-0.171962,51.496779],[-0.171948,51.496781],[-0.17187,51.496794],[-0.171846,51.496786],[-0.171804,51.496773],[-0.171638,51.496721],[-0.171258,51.496639],[-0.171126,51.496611],[-0.170702,51.496554],[-0.170593,51.496564],[-0.170424,51.496532],[-0.170291,51.496337],[-0.170276,51.496315],[-0.170266,51.4963],[-0.170253,51.496304],[-0.169877,51.496419],[-0.169863,51.496423],[-0.169624,51.496497],[-0.169597,51.496505],[-0.169322,51.496593],[-0.169274,51.496608],[-0.169259,51.496617],[-0.169277,51.496535],[-0.169298,51.496441],[-0.169271,51.496431],[-0.169237,51.496419],[-0.169203,51.496413],[-0.169179,51.496454],[-0.169057,51.496386],[-0.168873,51.496282],[-0.168862,51.496276],[-0.168798,51.496241],[-0.168837,51.496109],[-0.168848,51.496071],[-0.168848,51.496065],[-0.168848,51.496051],[-0.168828,51.496043],[-0.168827,51.49604],[-0.168848,51.495992],[-0.168847,51.495922],[-0.168843,51.495913],[-0.168832,51.495833],[-0.168544,51.495861],[-0.1684,51.495875],[-0.16832,51.495964],[-0.168305,51.495959],[-0.168272,51.496005],[-0.168356,51.496031],[-0.168315,51.496084],[-0.168309,51.496097],[-0.16828,51.496133],[-0.168276,51.496142],[-0.168248,51.496178],[-0.168234,51.49619],[-0.168226,51.496201],[-0.168187,51.496233],[-0.168177,51.496238],[-0.168133,51.496277],[-0.168114,51.496287],[-0.168063,51.496332],[-0.168059,51.496338],[-0.168022,51.496367],[-0.168005,51.496381],[-0.16758,51.496264],[-0.167532,51.49625],[-0.167551,51.496226],[-0.167601,51.49616],[-0.167657,51.496086],[-0.167682,51.496053],[-0.16782,51.495868],[-0.167961,51.495681],[-0.167946,51.495678],[-0.167857,51.495659],[-0.167775,51.495643],[-0.16772,51.495632],[-0.167731,51.495608],[-0.167759,51.495543],[-0.167772,51.495524],[-0.167786,51.495504],[-0.167787,51.495483],[-0.167788,51.495472],[-0.16779,51.495456],[-0.167797,51.495429],[-0.167712,51.495397],[-0.167624,51.495369],[-0.167473,51.495323],[-0.167006,51.495178],[-0.166945,51.495231],[-0.166935,51.49524],[-0.166933,51.495243],[-0.166929,51.495245],[-0.166897,51.495276],[-0.166877,51.4953],[-0.166865,51.495315],[-0.166849,51.495329],[-0.166833,51.495346],[-0.166797,51.495395],[-0.166794,51.4954],[-0.16679,51.495411],[-0.166788,51.495414],[-0.166759,51.495447],[-0.166754,51.495455],[-0.166726,51.495496],[-0.166726,51.495502],[-0.16673,51.495514],[-0.166733,51.495519],[-0.166758,51.49557],[-0.166761,51.495573],[-0.166771,51.495588],[-0.16678,51.495606],[-0.166783,51.495614],[-0.166801,51.495639],[-0.166815,51.495658],[-0.166824,51.495679],[-0.166919,51.495744],[-0.166923,51.495747],[-0.166978,51.495809],[-0.166999,51.495887],[-0.16701,51.495896],[-0.167016,51.495901],[-0.167035,51.495932],[-0.167039,51.495939],[-0.167029,51.495965],[-0.167025,51.495969],[-0.166991,51.496006],[-0.166985,51.49601],[-0.166892,51.49607],[-0.166883,51.496075],[-0.166661,51.496121],[-0.166656,51.496122],[-0.166643,51.496119],[-0.166605,51.496108],[-0.166538,51.496068],[-0.166506,51.496048],[-0.166398,51.495982],[-0.166371,51.495965],[-0.166351,51.495953],[-0.166346,51.495951],[-0.166326,51.495936],[-0.166254,51.495884],[-0.166246,51.495879],[-0.166235,51.495871],[-0.166201,51.495845],[-0.166194,51.49584],[-0.166184,51.495834],[-0.166179,51.495831],[-0.166164,51.495822],[-0.166109,51.495789],[-0.166106,51.495778],[-0.166081,51.495699],[-0.166083,51.495692],[-0.166103,51.495628],[-0.166113,51.495612],[-0.166119,51.495603],[-0.165931,51.495468],[-0.165925,51.495464],[-0.165911,51.495453],[-0.165907,51.495448],[-0.16592,51.495439],[-0.165927,51.495435],[-0.165941,51.495427],[-0.16601,51.495389],[-0.166019,51.495384],[-0.166058,51.495362],[-0.166079,51.495351],[-0.166134,51.49532],[-0.166151,51.49531],[-0.166187,51.49529],[-0.166209,51.495278],[-0.166245,51.495257],[-0.166269,51.495244],[-0.166322,51.495215],[-0.166327,51.495211],[-0.16633,51.495209],[-0.166394,51.495164],[-0.16642,51.495145],[-0.166431,51.495138],[-0.166438,51.495133],[-0.166457,51.495119],[-0.166472,51.495109],[-0.166487,51.495098],[-0.166498,51.495091],[-0.166507,51.495084],[-0.166522,51.495073],[-0.166532,51.495066],[-0.166538,51.495062],[-0.166572,51.495038],[-0.166577,51.495034],[-0.166598,51.49502],[-0.166626,51.495],[-0.166634,51.494994],[-0.166638,51.494991],[-0.16667,51.494969],[-0.166686,51.494958],[-0.1667,51.494948],[-0.166713,51.494938],[-0.166721,51.494933],[-0.166768,51.494899],[-0.166797,51.494878],[-0.166809,51.49487],[-0.166836,51.49485],[-0.166856,51.494835],[-0.166871,51.494823],[-0.166882,51.494816],[-0.166912,51.494793],[-0.166936,51.494776],[-0.16696,51.494758],[-0.166962,51.494756],[-0.167007,51.494722],[-0.167048,51.494692],[-0.167091,51.49466],[-0.16711,51.494646],[-0.16712,51.494639],[-0.167128,51.494633],[-0.167174,51.494597],[-0.167298,51.494501],[-0.167326,51.494479],[-0.167337,51.494471],[-0.167348,51.494461],[-0.16736,51.494452],[-0.167418,51.494406],[-0.167437,51.494391],[-0.167471,51.494363],[-0.167476,51.49436],[-0.167505,51.494336],[-0.167512,51.494331],[-0.167536,51.494311],[-0.16756,51.494292],[-0.167572,51.494283],[-0.167597,51.494262],[-0.167602,51.494259],[-0.167701,51.494187],[-0.167704,51.494185],[-0.167721,51.494172],[-0.16776,51.494144],[-0.167783,51.494127],[-0.167821,51.4941],[-0.167825,51.494097],[-0.167831,51.494092],[-0.167844,51.494083],[-0.167864,51.494069],[-0.167872,51.494062],[-0.167948,51.494008],[-0.167954,51.494003],[-0.16801,51.493962],[-0.168051,51.493932],[-0.16808,51.493906],[-0.16811,51.493879],[-0.168142,51.49385],[-0.168163,51.493831],[-0.168171,51.493823],[-0.168183,51.49381],[-0.168263,51.493725],[-0.168283,51.493703],[-0.168306,51.493679],[-0.168313,51.493671],[-0.168386,51.493678],[-0.168502,51.493688],[-0.168597,51.493699],[-0.168628,51.493703],[-0.168666,51.493707],[-0.168697,51.49371],[-0.168752,51.493714],[-0.168882,51.493723],[-0.168889,51.493723],[-0.168897,51.493723],[-0.168939,51.493616],[-0.168966,51.493546],[-0.168969,51.493537],[-0.168972,51.493531],[-0.168982,51.493511],[-0.16899,51.493494],[-0.169001,51.49348],[-0.169015,51.49346],[-0.169072,51.493409],[-0.169093,51.49339],[-0.169237,51.4933],[-0.169241,51.493298],[-0.169263,51.493285],[-0.169317,51.493254],[-0.169532,51.493388],[-0.1696,51.493538],[-0.169609,51.493558],[-0.169617,51.493578],[-0.169621,51.493585],[-0.16968,51.493591],[-0.169821,51.493602],[-0.170437,51.493648],[-0.170443,51.493649],[-0.170433,51.493653],[-0.170299,51.493705],[-0.170184,51.493762],[-0.170122,51.493797],[-0.170132,51.49394],[-0.170222,51.493969],[-0.170242,51.493974],[-0.170384,51.494012],[-0.170471,51.49403],[-0.17053,51.494153],[-0.170652,51.494407],[-0.17066,51.49442],[-0.170803,51.494393],[-0.170822,51.494426],[-0.170836,51.494451],[-0.170865,51.4945],[-0.1709,51.494561],[-0.170915,51.494588],[-0.170963,51.494671],[-0.170993,51.494725],[-0.171009,51.494752],[-0.171092,51.494897],[-0.17155,51.494801],[-0.171572,51.494821],[-0.171617,51.494878],[-0.171716,51.494984],[-0.171753,51.494971],[-0.171775,51.494964],[-0.172097,51.494838],[-0.172101,51.494837],[-0.172141,51.494817],[-0.172086,51.494727],[-0.172437,51.494669],[-0.172503,51.494658],[-0.172579,51.494646],[-0.172679,51.494629],[-0.172735,51.49462],[-0.172746,51.494618],[-0.172942,51.494585],[-0.172983,51.494579],[-0.173275,51.49453],[-0.17335,51.494516],[-0.173218,51.494022],[-0.173213,51.494001],[-0.173296,51.493983],[-0.173209,51.493852],[-0.173207,51.493849],[-0.173203,51.493842],[-0.173101,51.493689],[-0.173069,51.49364],[-0.173067,51.493627],[-0.173056,51.493543],[-0.172919,51.493536],[-0.172906,51.493535],[-0.172816,51.49351],[-0.172735,51.493463],[-0.172681,51.493431],[-0.172661,51.493416],[-0.172632,51.493395],[-0.172579,51.493347],[-0.17256,51.493326],[-0.172371,51.493318],[-0.172273,51.493294],[-0.17219,51.493247],[-0.172178,51.493239],[-0.172108,51.493182],[-0.172095,51.493171],[-0.172064,51.493145],[-0.172047,51.493133],[-0.172035,51.49312],[-0.17201,51.493097],[-0.171988,51.493082],[-0.171956,51.493058],[-0.171926,51.493032],[-0.171921,51.493028],[-0.1719,51.493009],[-0.171882,51.492996],[-0.171816,51.492947],[-0.171813,51.492927],[-0.171815,51.492882],[-0.171837,51.492755],[-0.171845,51.49273],[-0.17184,51.49271],[-0.171834,51.492688],[-0.171827,51.492682],[-0.171783,51.492643],[-0.171741,51.492595],[-0.171738,51.492574],[-0.171726,51.492545],[-0.171717,51.492535],[-0.171714,51.492531],[-0.171701,51.492517],[-0.171683,51.492495],[-0.171677,51.492488],[-0.171661,51.492474],[-0.171658,51.492464],[-0.172082,51.492298],[-0.172044,51.492203],[-0.17212,51.492267],[-0.172253,51.492378],[-0.172372,51.492477],[-0.172384,51.492486],[-0.172392,51.492493],[-0.172546,51.492619],[-0.172774,51.492805],[-0.172847,51.492864],[-0.173005,51.492993],[-0.173145,51.493107],[-0.173204,51.493155],[-0.173293,51.493227],[-0.173506,51.493399],[-0.173532,51.493421],[-0.173632,51.493501],[-0.173661,51.493525],[-0.173689,51.493547],[-0.173815,51.493648],[-0.173814,51.493657],[-0.173841,51.493712],[-0.173847,51.493739],[-0.173852,51.493758],[-0.173853,51.493766],[-0.173852,51.493793],[-0.173841,51.493812],[-0.173848,51.493822],[-0.173825,51.493843],[-0.173817,51.493847],[-0.173808,51.49385],[-0.173798,51.493858],[-0.173792,51.493864],[-0.173821,51.493864],[-0.173931,51.493844],[-0.17405,51.493822],[-0.17414,51.493806],[-0.174286,51.493782],[-0.174308,51.493778],[-0.174509,51.493745],[-0.174523,51.493743],[-0.174734,51.493707],[-0.174854,51.493685],[-0.174887,51.493678],[-0.174952,51.493666],[-0.175023,51.493633],[-0.175068,51.493613],[-0.175198,51.493553],[-0.175275,51.493518],[-0.17535,51.493504],[-0.175362,51.493501],[-0.175424,51.493497],[-0.175463,51.493494],[-0.17548,51.493498],[-0.175509,51.493486],[-0.175513,51.493484],[-0.175536,51.493475],[-0.175551,51.493468],[-0.175537,51.493458],[-0.175581,51.493414],[-0.175597,51.493397],[-0.175634,51.493368],[-0.175641,51.493362],[-0.17576,51.493313],[-0.175898,51.493256],[-0.175893,51.493283],[-0.175855,51.493301],[-0.17583,51.493473],[-0.175877,51.493499],[-0.175951,51.49354],[-0.175904,51.493575],[-0.17594,51.493608],[-0.176022,51.49365],[-0.176011,51.493716],[-0.17601,51.49372],[-0.175992,51.493752],[-0.175943,51.4938],[-0.176082,51.493788],[-0.176145,51.493794],[-0.176206,51.493826],[-0.176204,51.493869],[-0.175976,51.493954],[-0.176019,51.493997],[-0.176013,51.494001],[-0.17601,51.494003],[-0.17596,51.494032],[-0.175917,51.494041],[-0.175815,51.494066],[-0.175788,51.494074],[-0.175783,51.494085],[-0.175779,51.494097],[-0.175804,51.494107],[-0.175871,51.494103],[-0.175886,51.494103],[-0.175898,51.494144],[-0.175898,51.494146],[-0.175907,51.494175],[-0.175974,51.494401],[-0.175956,51.494412],[-0.175901,51.494445],[-0.175885,51.494472],[-0.175884,51.494509],[-0.175883,51.494515],[-0.175883,51.494522],[-0.175883,51.494535],[-0.175898,51.494545],[-0.175911,51.494553],[-0.175928,51.494564],[-0.175939,51.494572],[-0.175982,51.494581],[-0.176025,51.494573],[-0.176054,51.494564],[-0.176082,51.494548],[-0.176099,51.494531],[-0.176211,51.494535],[-0.176295,51.494539],[-0.176496,51.494547],[-0.176422,51.494723],[-0.176412,51.494798],[-0.17641,51.494807],[-0.176422,51.494849],[-0.176424,51.494883],[-0.176436,51.495066],[-0.17641,51.495305],[-0.176337,51.495528],[-0.176334,51.495537],[-0.176198,51.495952],[-0.176104,51.496239],[-0.176165,51.496827],[-0.175782,51.49686],[-0.175674,51.49687],[-0.175659,51.496878],[-0.175645,51.496887],[-0.175644,51.496896],[-0.175655,51.496995],[-0.175639,51.496996],[-0.173878,51.497111],[-0.173867,51.497021],[-0.173824,51.49667],[-0.173798,51.496543],[-0.173711,51.496535],[-0.173401,51.496508]]]}},{"type":"Feature","properties":{"LSOA21CD":"E01002823","LSOA21NM":"Kensington and Chelsea 014B","MEAN_PTAL_":"6a","mean_AI":38.9250233907,"borough":"Kensington & Chelsea"},"geometry":{"type":"Polygon","coordinates":[[[-0.171572,51.494821],[-0.17155,51.494801],[-0.171092,51.494897],[-0.171009,51.494752],[-0.170993,51.494725],[-0.170963,51.494671],[-0.170915,51.494588],[-0.1709,51.494561],[-0.170865,51.4945],[-0.170836,51.494451],[-0.170822,51.494426],[-0.170803,51.494393],[-0.17066,51.49442],[-0.170652,51.494407],[-0.17053,51.494153],[-0.170471,51.49403],[-0.170384,51.494012],[-0.170242,51.493974],[-0.170222,51.493969],[-0.170132,51.49394],[-0.170122,51.493797],[-0.170184,51.493762],[-0.170299,51.493705],[-0.170433,51.493653],[-0.170443,51.493649],[-0.170437,51.493648],[-0.169821,51.493602],[-0.16968,51.493591],[-0.169621,51.493585],[-0.169617,51.493578],[-0.169609,51.493558],[-0.1696,51.493538],[-0.169532,51.493388],[-0.169317,51.493254],[-0.169489,51.493155],[-0.169515,51.49314],[-0.169658,51.493058],[-0.169705,51.49303],[-0.169667,51.493005],[-0.169431,51.492852],[-0.169397,51.49283],[-0.169381,51.49282],[-0.16916,51.492677],[-0.169086,51.492629],[-0.169059,51.492612],[-0.169053,51.492607],[-0.169001,51.492574],[-0.16899,51.492567],[-0.168985,51.492563],[-0.168507,51.492234],[-0.168502,51.492231],[-0.168471,51.492208],[-0.168478,51.492199],[-0.168528,51.492138],[-0.168534,51.492131],[-0.168601,51.492051],[-0.168628,51.492017],[-0.168687,51.491946],[-0.168773,51.491842],[-0.168823,51.491782],[-0.168943,51.491635],[-0.168947,51.491631],[-0.168966,51.491607],[-0.169126,51.491413],[-0.169133,51.491405],[-0.169176,51.491353],[-0.169189,51.491337],[-0.169311,51.491189],[-0.169347,51.491146],[-0.169353,51.491139],[-0.169438,51.491036],[-0.169473,51.490993],[-0.16948,51.490985],[-0.169551,51.490899],[-0.16957,51.490876],[-0.169575,51.490869],[-0.169591,51.49085],[-0.169603,51.490836],[-0.169723,51.490676],[-0.16974,51.490654],[-0.16976,51.490627],[-0.169762,51.490624],[-0.169767,51.490617],[-0.169772,51.490611],[-0.169819,51.490548],[-0.169822,51.490545],[-0.169821,51.49054],[-0.16982,51.490521],[-0.169816,51.490473],[-0.169799,51.490436],[-0.169779,51.490394],[-0.169766,51.490367],[-0.169754,51.490339],[-0.169794,51.490329],[-0.169799,51.490328],[-0.169895,51.490303],[-0.169905,51.4903],[-0.169922,51.490296],[-0.169944,51.49029],[-0.170086,51.490255],[-0.170179,51.490346],[-0.170256,51.490422],[-0.170276,51.490442],[-0.170312,51.490477],[-0.17032,51.490485],[-0.170389,51.490553],[-0.170399,51.490563],[-0.170409,51.490572],[-0.170455,51.490618],[-0.170458,51.490621],[-0.17048,51.490643],[-0.170499,51.490661],[-0.170501,51.490664],[-0.170518,51.49068],[-0.170535,51.490697],[-0.170569,51.490731],[-0.170587,51.490748],[-0.170626,51.490788],[-0.170631,51.490793],[-0.170639,51.490799],[-0.170652,51.490813],[-0.170661,51.490822],[-0.170744,51.490898],[-0.170786,51.490937],[-0.17081,51.490959],[-0.170832,51.49098],[-0.170837,51.490984],[-0.17088,51.491024],[-0.170886,51.49103],[-0.170896,51.491039],[-0.170914,51.491056],[-0.170919,51.49106],[-0.170977,51.491114],[-0.170997,51.491133],[-0.171,51.491135],[-0.171003,51.491138],[-0.171011,51.491145],[-0.171073,51.491203],[-0.171089,51.491218],[-0.171093,51.491222],[-0.171096,51.491224],[-0.1711,51.491229],[-0.17113,51.491257],[-0.171132,51.491259],[-0.171172,51.491297],[-0.171176,51.491301],[-0.171193,51.491317],[-0.171211,51.491335],[-0.171221,51.491344],[-0.171233,51.491356],[-0.171248,51.49137],[-0.171339,51.491457],[-0.171349,51.491466],[-0.17136,51.491476],[-0.17138,51.491495],[-0.171437,51.491548],[-0.171479,51.491587],[-0.171508,51.491615],[-0.171524,51.49163],[-0.171623,51.491722],[-0.171673,51.491769],[-0.171694,51.491788],[-0.171737,51.491829],[-0.171695,51.49186],[-0.171667,51.491879],[-0.171623,51.491905],[-0.171593,51.491923],[-0.171387,51.492046],[-0.171301,51.492092],[-0.171282,51.492104],[-0.17132,51.492126],[-0.17143,51.492151],[-0.171534,51.492175],[-0.171592,51.492218],[-0.171602,51.492253],[-0.171608,51.492272],[-0.171592,51.492352],[-0.171592,51.492356],[-0.171601,51.492368],[-0.171617,51.492381],[-0.171643,51.492441],[-0.171645,51.492445],[-0.171658,51.492464],[-0.171661,51.492474],[-0.171677,51.492488],[-0.171683,51.492495],[-0.171701,51.492517],[-0.171714,51.492531],[-0.171717,51.492535],[-0.171726,51.492545],[-0.171738,51.492574],[-0.171741,51.492595],[-0.171783,51.492643],[-0.171827,51.492682],[-0.171834,51.492688],[-0.17184,51.49271],[-0.171845,51.49273],[-0.171837,51.492755],[-0.171815,51.492882],[-0.171813,51.492927],[-0.171816,51.492947],[-0.171882,51.492996],[-0.1719,51.493009],[-0.171921,51.493028],[-0.171926,51.493032],[-0.171956,51.493058],[-0.171988,51.493082],[-0.17201,51.493097],[-0.172035,51.49312],[-0.172047,51.493133],[-0.172064,51.493145],[-0.172095,51.493171],[-0.172108,51.493182],[-0.172178,51.493239],[-0.17219,51.493247],[-0.172273,51.493294],[-0.172371,51.493318],[-0.17256,51.493326],[-0.172579,51.493347],[-0.172632,51.493395],[-0.172661,51.493416],[-0.172681,51.493431],[-0.172735,51.493463],[-0.172816,51.49351],[-0.172906,51.493535],[-0.172919,51.493536],[-0.173056,51.493543],[-0.173067,51.493627],[-0.173069,51.49364],[-0.173101,51.493689],[-0.173203,51.493842],[-0.173207,51.493849],[-0.173209,51.493852],[-0.173296,51.493983],[-0.173213,51.494001],[-0.173218,51.494022],[-0.17335,51.494516],[-0.173275,51.49453],[-0.172983,51.494579],[-0.172942,51.494585],[-0.172746,51.494618],[-0.172735,51.49462],[-0.172679,51.494629],[-0.172579,51.494646],[-0.172503,51.494658],[-0.172437,51.494669],[-0.172086,51.494727],[-0.172141,51.494817],[-0.172101,51.494837],[-0.172097,51.494838],[-0.171775,51.494964],[-0.171753,51.494971],[-0.171716,51.494984],[-0.171617,51.494878],[-0.171572,51.494821]]]}},{"type":"Feature","properties":{"LSOA21CD":"E01002825","LSOA21NM":"Kensington and Chelsea 008B","MEAN_PTAL_":"5","mean_AI":20.5730251914,"borough":"Kensington & Chelsea"},"geometry":{"type":"Polygon","coordinates":[[[-0.199025,51.506776],[-0.198985,51.50668],[-0.198894,51.506687],[-0.198714,51.506701],[-0.198613,51.506709],[-0.198549,51.506638],[-0.198483,51.506565],[-0.198436,51.506507],[-0.198414,51.506482],[-0.198483,51.506443],[-0.198551,51.506406],[-0.19856,51.5064],[-0.198527,51.506375],[-0.198462,51.506324],[-0.198426,51.506296],[-0.198468,51.506238],[-0.198474,51.506231],[-0.198491,51.506207],[-0.198492,51.506181],[-0.198493,51.506167],[-0.198422,51.5061],[-0.198555,51.506067],[-0.198695,51.506033],[-0.198692,51.506029],[-0.19869,51.506019],[-0.198692,51.506013],[-0.19869,51.505993],[-0.198689,51.505981],[-0.198639,51.505864],[-0.198617,51.505843],[-0.198599,51.505803],[-0.198597,51.505813],[-0.198593,51.50582],[-0.19858,51.505821],[-0.198385,51.505841],[-0.198167,51.505615],[-0.198144,51.505585],[-0.198059,51.505606],[-0.19799,51.505624],[-0.197898,51.505648],[-0.19774,51.505689],[-0.197724,51.505693],[-0.197646,51.505713],[-0.19753,51.505743],[-0.197527,51.505739],[-0.197513,51.505717],[-0.19749,51.505669],[-0.19747,51.505651],[-0.197383,51.505575],[-0.1972,51.505443],[-0.197139,51.505448],[-0.197134,51.505454],[-0.197082,51.505481],[-0.197027,51.50551],[-0.197017,51.505513],[-0.196906,51.50555],[-0.196892,51.505555],[-0.196778,51.505554],[-0.196703,51.505576],[-0.196676,51.505589],[-0.196672,51.505591],[-0.196617,51.505599],[-0.196521,51.505628],[-0.196514,51.50563],[-0.196482,51.505646],[-0.196437,51.505651],[-0.196407,51.505658],[-0.196376,51.505666],[-0.196368,51.505669],[-0.19636,51.505674],[-0.196266,51.505706],[-0.196232,51.505717],[-0.196201,51.505732],[-0.196195,51.505734],[-0.196154,51.505747],[-0.196145,51.50575],[-0.196086,51.505761],[-0.196062,51.505766],[-0.196015,51.505775],[-0.195995,51.505782],[-0.195953,51.505791],[-0.19594,51.505794],[-0.195924,51.5058],[-0.195911,51.505805],[-0.195837,51.505822],[-0.195806,51.505835],[-0.195793,51.505838],[-0.195789,51.505839],[-0.195757,51.505844],[-0.195724,51.505855],[-0.195711,51.50586],[-0.195705,51.505861],[-0.195673,51.505864],[-0.195593,51.505882],[-0.195581,51.505885],[-0.195464,51.505915],[-0.195458,51.505918],[-0.195439,51.505927],[-0.195431,51.505929],[-0.195427,51.50593],[-0.19539,51.505937],[-0.195346,51.505951],[-0.195306,51.50596],[-0.195298,51.505962],[-0.195234,51.505977],[-0.195203,51.505988],[-0.195134,51.505998],[-0.195109,51.506178],[-0.195103,51.506232],[-0.19483,51.506097],[-0.194831,51.506065],[-0.194808,51.506061],[-0.194752,51.506056],[-0.19467,51.50605],[-0.194645,51.506054],[-0.194634,51.506056],[-0.194403,51.506092],[-0.194341,51.50609],[-0.19425,51.505844],[-0.195176,51.505644],[-0.196011,51.505426],[-0.195983,51.505387],[-0.19593,51.505314],[-0.195872,51.505237],[-0.195796,51.505135],[-0.196328,51.504994],[-0.196331,51.504982],[-0.196334,51.504968],[-0.196253,51.504856],[-0.196235,51.504831],[-0.196221,51.504811],[-0.196203,51.504787],[-0.196198,51.504779],[-0.196168,51.504737],[-0.196012,51.50452],[-0.195935,51.504413],[-0.19588,51.504348],[-0.195866,51.504331],[-0.195862,51.504332],[-0.195864,51.504327],[-0.195857,51.504316],[-0.195817,51.504254],[-0.195798,51.504231],[-0.195802,51.50423],[-0.19579,51.504211],[-0.195728,51.504114],[-0.195713,51.504108],[-0.195662,51.504009],[-0.195636,51.503968],[-0.19564,51.503967],[-0.195632,51.503951],[-0.195624,51.503952],[-0.195567,51.503878],[-0.195548,51.50387],[-0.19555,51.503843],[-0.195552,51.503803],[-0.195627,51.503796],[-0.195678,51.503792],[-0.195982,51.503763],[-0.19604,51.503757],[-0.195999,51.503702],[-0.195981,51.503624],[-0.195977,51.503608],[-0.195973,51.503606],[-0.195959,51.5036],[-0.195956,51.503599],[-0.195897,51.503556],[-0.195879,51.503482],[-0.195874,51.503461],[-0.195885,51.503413],[-0.195867,51.503401],[-0.19582,51.503357],[-0.195784,51.503286],[-0.19578,51.503247],[-0.195721,51.503257],[-0.195681,51.503186],[-0.19563,51.503079],[-0.195578,51.502972],[-0.195481,51.502769],[-0.195506,51.502748],[-0.195263,51.502735],[-0.195067,51.502725],[-0.194893,51.502715],[-0.194935,51.502772],[-0.19484,51.502782],[-0.194764,51.502999],[-0.194763,51.503002],[-0.194713,51.503014],[-0.194663,51.503039],[-0.194538,51.503066],[-0.194527,51.503068],[-0.194367,51.503128],[-0.194343,51.503123],[-0.194297,51.503105],[-0.194281,51.503098],[-0.194273,51.503094],[-0.194156,51.503071],[-0.194089,51.503038],[-0.194018,51.502988],[-0.194011,51.502941],[-0.194038,51.502868],[-0.194044,51.502852],[-0.194048,51.502841],[-0.194034,51.502843],[-0.194005,51.502848],[-0.193947,51.502856],[-0.193905,51.502862],[-0.193889,51.502847],[-0.193887,51.502844],[-0.193894,51.50284],[-0.193875,51.50281],[-0.193843,51.502757],[-0.193812,51.502708],[-0.193812,51.502702],[-0.193813,51.502699],[-0.193819,51.50268],[-0.193832,51.502672],[-0.193883,51.50264],[-0.193886,51.502636],[-0.193895,51.502625],[-0.193914,51.502602],[-0.193927,51.502567],[-0.193936,51.502557],[-0.193958,51.502533],[-0.193966,51.502524],[-0.194033,51.502517],[-0.194105,51.502499],[-0.194113,51.502476],[-0.194117,51.502463],[-0.194118,51.502436],[-0.194118,51.50242],[-0.194118,51.502392],[-0.194102,51.502353],[-0.194095,51.502335],[-0.194051,51.502291],[-0.194049,51.502285],[-0.194093,51.502268],[-0.194376,51.502159],[-0.194075,51.501854],[-0.193917,51.501694],[-0.193788,51.501564],[-0.193772,51.501547],[-0.193729,51.501491],[-0.193676,51.50142],[-0.193665,51.501425],[-0.193544,51.501481],[-0.193358,51.501553],[-0.193347,51.50156],[-0.193332,51.501571],[-0.193324,51.501569],[-0.193317,51.501568],[-0.193311,51.501567],[-0.193242,51.501558],[-0.193236,51.501519],[-0.19322,51.501409],[-0.193219,51.501402],[-0.193218,51.501396],[-0.193215,51.501372],[-0.193031,51.501337],[-0.192936,51.501313],[-0.192846,51.501291],[-0.192687,51.501234],[-0.192669,51.501228],[-0.192774,51.50118],[-0.192873,51.501142],[-0.193052,51.501072],[-0.193099,51.501054],[-0.193219,51.501007],[-0.193325,51.500966],[-0.193442,51.500921],[-0.19346,51.500914],[-0.193523,51.50089],[-0.193537,51.500885],[-0.193616,51.500856],[-0.193684,51.500831],[-0.193747,51.500807],[-0.193832,51.500776],[-0.193865,51.500764],[-0.193892,51.500754],[-0.193992,51.500717],[-0.194354,51.500583],[-0.194366,51.500578],[-0.194381,51.500573],[-0.194395,51.50059],[-0.194535,51.50074],[-0.194647,51.500861],[-0.194739,51.50096],[-0.194775,51.500998],[-0.194783,51.501007],[-0.194812,51.501039],[-0.194871,51.501103],[-0.194898,51.501131],[-0.194918,51.501152],[-0.194955,51.501193],[-0.194964,51.501202],[-0.195016,51.501258],[-0.195068,51.501314],[-0.195079,51.501326],[-0.195133,51.501384],[-0.195146,51.501398],[-0.195219,51.501476],[-0.195223,51.50148],[-0.195237,51.501495],[-0.195246,51.501505],[-0.195316,51.501581],[-0.195331,51.501597],[-0.195355,51.501623],[-0.195403,51.501674],[-0.195444,51.501718],[-0.195447,51.501721],[-0.195456,51.501731],[-0.195459,51.501735],[-0.195537,51.501818],[-0.19554,51.501821],[-0.195556,51.501838],[-0.195604,51.50189],[-0.195652,51.501942],[-0.195658,51.501948],[-0.195682,51.501974],[-0.195687,51.50198],[-0.195739,51.502036],[-0.195798,51.502099],[-0.195803,51.502104],[-0.19584,51.502145],[-0.195963,51.502276],[-0.196039,51.502358],[-0.196101,51.502424],[-0.196138,51.502464],[-0.196162,51.50249],[-0.196239,51.502573],[-0.196325,51.502665],[-0.196388,51.502716],[-0.196392,51.502719],[-0.196429,51.502742],[-0.196445,51.502751],[-0.196487,51.502771],[-0.196503,51.502778],[-0.196527,51.502786],[-0.196579,51.502802],[-0.196629,51.502814],[-0.196648,51.502818],[-0.196921,51.50285],[-0.197063,51.502867],[-0.197077,51.502868],[-0.197152,51.502872],[-0.197167,51.502873],[-0.197253,51.502877],[-0.197403,51.502884],[-0.197532,51.502885],[-0.197614,51.502886],[-0.197675,51.502879],[-0.197975,51.502845],[-0.198142,51.502826],[-0.198319,51.502805],[-0.198738,51.502757],[-0.198923,51.502736],[-0.198934,51.502735],[-0.199187,51.502706],[-0.1992,51.502704],[-0.19972,51.502645],[-0.199726,51.502644],[-0.20018,51.502592],[-0.200275,51.502581],[-0.200285,51.50258],[-0.200297,51.502578],[-0.200314,51.502576],[-0.200319,51.502576],[-0.200432,51.502563],[-0.200804,51.502512],[-0.201039,51.50293],[-0.201231,51.503271],[-0.201233,51.503276],[-0.201236,51.503281],[-0.201321,51.503375],[-0.201561,51.503642],[-0.201605,51.503717],[-0.201643,51.50378],[-0.201678,51.503838],[-0.201726,51.50392],[-0.20185,51.504126],[-0.201974,51.504389],[-0.202244,51.504962],[-0.202329,51.505034],[-0.202468,51.505152],[-0.202703,51.505619],[-0.202705,51.505623],[-0.202792,51.50575],[-0.202294,51.505874],[-0.201952,51.50596],[-0.201913,51.505969],[-0.20172,51.506017],[-0.201761,51.506053],[-0.201399,51.506152],[-0.200906,51.506288],[-0.200825,51.50631],[-0.200757,51.506329],[-0.200701,51.506344],[-0.200518,51.506395],[-0.200465,51.506409],[-0.200439,51.506417],[-0.20023,51.506474],[-0.200205,51.506481],[-0.200189,51.506485],[-0.20026,51.506653],[-0.200266,51.506665],[-0.200256,51.506665],[-0.200163,51.506679],[-0.200134,51.506683],[-0.200096,51.506689],[-0.200017,51.506712],[-0.19998,51.506722],[-0.199762,51.506785],[-0.199739,51.506791],[-0.199701,51.506802],[-0.199557,51.506844],[-0.19944,51.506877],[-0.199436,51.506878],[-0.199105,51.506971],[-0.199062,51.506865],[-0.199025,51.506776]]]}},{"type":"Feature","properties":{"LSOA21CD":"E01002828","LSOA21NM":"Kensington and Chelsea 008E","MEAN_PTAL_":"6a","mean_AI":26.9307567647,"borough":"Kensington & Chelsea"},"geometry":{"type":"Polygon","coordinates":[[[-0.197204,51.507494],[-0.197197,51.507481],[-0.197172,51.507487],[-0.197136,51.507495],[-0.197122,51.507498],[-0.19682,51.507567],[-0.196839,51.507558],[-0.196859,51.507549],[-0.196905,51.507517],[-0.196963,51.507465],[-0.196967,51.50746],[-0.197094,51.507348],[-0.197134,51.507255],[-0.197146,51.507251],[-0.19721,51.507239],[-0.197248,51.50723],[-0.197268,51.507224],[-0.197238,51.507176],[-0.197143,51.507043],[-0.197096,51.506978],[-0.196988,51.507005],[-0.196833,51.507045],[-0.19675,51.506888],[-0.196742,51.506874],[-0.196807,51.506858],[-0.196826,51.506853],[-0.196846,51.506848],[-0.196873,51.506841],[-0.196951,51.506822],[-0.197004,51.506809],[-0.197076,51.506791],[-0.197091,51.506787],[-0.197154,51.506771],[-0.197176,51.506766],[-0.197226,51.506753],[-0.197224,51.50675],[-0.197295,51.506727],[-0.197331,51.506727],[-0.19734,51.506726],[-0.197351,51.506727],[-0.197361,51.50672],[-0.197379,51.506715],[-0.19755,51.506673],[-0.197574,51.506667],[-0.197625,51.506655],[-0.197669,51.506644],[-0.197727,51.506629],[-0.197746,51.50663],[-0.19775,51.506628],[-0.197765,51.50662],[-0.197796,51.506613],[-0.197849,51.506599],[-0.19791,51.506584],[-0.197928,51.50658],[-0.197951,51.506574],[-0.197957,51.506573],[-0.197983,51.506566],[-0.198064,51.506547],[-0.198121,51.506533],[-0.198173,51.50652],[-0.198214,51.50651],[-0.1983,51.506489],[-0.198483,51.506443],[-0.198414,51.506482],[-0.198436,51.506507],[-0.198483,51.506565],[-0.198549,51.506638],[-0.198613,51.506709],[-0.198714,51.506701],[-0.198894,51.506687],[-0.198985,51.50668],[-0.199025,51.506776],[-0.199062,51.506865],[-0.199105,51.506971],[-0.199436,51.506878],[-0.19944,51.506877],[-0.199557,51.506844],[-0.199701,51.506802],[-0.199739,51.506791],[-0.199762,51.506785],[-0.19998,51.506722],[-0.200017,51.506712],[-0.200096,51.506689],[-0.200134,51.506683],[-0.200163,51.506679],[-0.200256,51.506665],[-0.200266,51.506665],[-0.20026,51.506653],[-0.200189,51.506485],[-0.200205,51.506481],[-0.20023,51.506474],[-0.200439,51.506417],[-0.200465,51.506409],[-0.200518,51.506395],[-0.200701,51.506344],[-0.200757,51.506329],[-0.200825,51.50631],[-0.200906,51.506288],[-0.201399,51.506152],[-0.201761,51.506053],[-0.20172,51.506017],[-0.201913,51.505969],[-0.201952,51.50596],[-0.202294,51.505874],[-0.202792,51.50575],[-0.202818,51.505789],[-0.202865,51.505858],[-0.202903,51.50592],[-0.202966,51.506023],[-0.202989,51.506084],[-0.203031,51.506194],[-0.203076,51.506312],[-0.203117,51.50642],[-0.203119,51.506425],[-0.203166,51.506549],[-0.203169,51.506554],[-0.203223,51.506659],[-0.203278,51.506768],[-0.203313,51.506836],[-0.203316,51.50684],[-0.203376,51.506925],[-0.203391,51.506947],[-0.203425,51.506995],[-0.203462,51.507076],[-0.203499,51.507157],[-0.203556,51.507283],[-0.203593,51.507364],[-0.203729,51.507662],[-0.203732,51.507667],[-0.203738,51.507683],[-0.203702,51.507693],[-0.203691,51.507696],[-0.203656,51.507705],[-0.203649,51.507707],[-0.203453,51.50776],[-0.203383,51.507779],[-0.203257,51.507814],[-0.203252,51.507815],[-0.203195,51.50783],[-0.203121,51.507851],[-0.203063,51.507867],[-0.203038,51.507873],[-0.202991,51.507886],[-0.202742,51.507953],[-0.202717,51.50796],[-0.202704,51.507963],[-0.202657,51.507978],[-0.202617,51.507991],[-0.202484,51.508032],[-0.202439,51.508046],[-0.202338,51.508078],[-0.202271,51.508098],[-0.202185,51.508125],[-0.202175,51.508128],[-0.202097,51.508146],[-0.202083,51.508149],[-0.202071,51.508152],[-0.201995,51.50817],[-0.201843,51.508205],[-0.201776,51.50822],[-0.201639,51.508252],[-0.201559,51.508271],[-0.201538,51.508275],[-0.20149,51.508287],[-0.201471,51.508291],[-0.201448,51.508296],[-0.201443,51.508297],[-0.201411,51.508308],[-0.201306,51.508343],[-0.201229,51.508368],[-0.201182,51.508384],[-0.201138,51.508398],[-0.20107,51.508421],[-0.201031,51.508434],[-0.200988,51.508448],[-0.200877,51.508485],[-0.200869,51.508487],[-0.200705,51.508541],[-0.200684,51.508548],[-0.200675,51.508551],[-0.200596,51.508572],[-0.200557,51.508582],[-0.200546,51.508584],[-0.200453,51.508602],[-0.200391,51.508608],[-0.200372,51.50861],[-0.200346,51.508613],[-0.200193,51.50862],[-0.200181,51.50862],[-0.200144,51.508623],[-0.2001,51.508626],[-0.200044,51.50863],[-0.200005,51.508633],[-0.19982,51.508646],[-0.199806,51.508647],[-0.19977,51.508649],[-0.199698,51.508654],[-0.199616,51.50866],[-0.199501,51.508668],[-0.199349,51.508678],[-0.19933,51.50868],[-0.199319,51.508681],[-0.199226,51.508687],[-0.199109,51.508695],[-0.199014,51.508702],[-0.199009,51.508702],[-0.198918,51.508708],[-0.198832,51.508716],[-0.198826,51.508716],[-0.198611,51.508734],[-0.198589,51.508736],[-0.198538,51.508741],[-0.19843,51.508751],[-0.19836,51.508758],[-0.198186,51.508776],[-0.197999,51.508797],[-0.197965,51.5088],[-0.197785,51.508821],[-0.19776,51.508824],[-0.19773,51.508784],[-0.197824,51.508768],[-0.197831,51.508767],[-0.19784,51.508766],[-0.197896,51.50876],[-0.197878,51.508727],[-0.197875,51.508721],[-0.197873,51.508718],[-0.197756,51.508503],[-0.197748,51.508488],[-0.197729,51.508453],[-0.197713,51.508423],[-0.197618,51.508251],[-0.197614,51.508245],[-0.197534,51.508098],[-0.197514,51.508063],[-0.19751,51.508055],[-0.197501,51.508039],[-0.197445,51.507938],[-0.197399,51.507853],[-0.197393,51.507842],[-0.197383,51.507824],[-0.197299,51.507687],[-0.197304,51.507678],[-0.19731,51.507668],[-0.197273,51.507619],[-0.19727,51.507616],[-0.197204,51.507494]]]}},{"type":"Feature","properties":{"LSOA21CD":"E01002831","LSOA21NM":"Kensington and Chelsea 004C","MEAN_PTAL_":"4","mean_AI":16.7458398851,"borough":"Kensington & Chelsea"},"geometry":{"type":"Polygon","coordinates":[[[-0.20627,51.51753],[-0.206253,51.517509],[-0.206242,51.517512],[-0.20621,51.51752],[-0.206222,51.517542],[-0.205985,51.517602],[-0.205921,51.517618],[-0.205907,51.517621],[-0.205774,51.517655],[-0.205746,51.517662],[-0.205716,51.517669],[-0.205599,51.517699],[-0.205588,51.517702],[-0.205534,51.517715],[-0.205489,51.517727],[-0.205335,51.517765],[-0.205295,51.517776],[-0.205245,51.517787],[-0.205045,51.517834],[-0.205006,51.517843],[-0.204873,51.517875],[-0.204821,51.517887],[-0.204813,51.517889],[-0.204747,51.517904],[-0.204656,51.517926],[-0.204645,51.517928],[-0.204638,51.51793],[-0.204582,51.517943],[-0.204509,51.51796],[-0.204481,51.517966],[-0.204348,51.517998],[-0.204254,51.51802],[-0.204244,51.518022],[-0.204245,51.518017],[-0.204218,51.518018],[-0.204183,51.518003],[-0.204035,51.517937],[-0.203994,51.517878],[-0.204009,51.5178],[-0.204039,51.517792],[-0.204078,51.517776],[-0.204118,51.517768],[-0.204144,51.517755],[-0.204226,51.517733],[-0.204314,51.517728],[-0.204321,51.517728],[-0.204368,51.517705],[-0.204481,51.517676],[-0.204491,51.517672],[-0.204573,51.517671],[-0.204646,51.517656],[-0.204727,51.517624],[-0.204905,51.517554],[-0.204899,51.517538],[-0.204892,51.517526],[-0.204886,51.517514],[-0.204804,51.517488],[-0.204759,51.517453],[-0.204744,51.517441],[-0.204892,51.517405],[-0.204803,51.517242],[-0.204796,51.517229],[-0.20488,51.517215],[-0.204883,51.517206],[-0.204789,51.517078],[-0.204751,51.517026],[-0.204739,51.51701],[-0.204734,51.517003],[-0.204893,51.516964],[-0.204909,51.516961],[-0.205088,51.516917],[-0.205125,51.516908],[-0.20515,51.516902],[-0.205221,51.51688],[-0.205228,51.516878],[-0.205275,51.516872],[-0.205302,51.516863],[-0.205309,51.516861],[-0.205322,51.516859],[-0.205322,51.516855],[-0.205322,51.516849],[-0.205321,51.516776],[-0.205321,51.516725],[-0.20532,51.516684],[-0.205319,51.516611],[-0.205219,51.516647],[-0.205206,51.516627],[-0.205142,51.516537],[-0.205247,51.516511],[-0.205363,51.516514],[-0.20536,51.516484],[-0.205403,51.516474],[-0.205352,51.516408],[-0.205233,51.516255],[-0.205193,51.516204],[-0.205129,51.516121],[-0.205029,51.515993],[-0.205026,51.515988],[-0.204964,51.515909],[-0.205182,51.515856],[-0.20562,51.515748],[-0.205652,51.515742],[-0.205693,51.515735],[-0.205691,51.515731],[-0.205896,51.515681],[-0.205919,51.515675],[-0.205944,51.51567],[-0.206288,51.515593],[-0.206259,51.515569],[-0.206092,51.515485],[-0.20607,51.515474],[-0.206091,51.515399],[-0.206172,51.515377],[-0.206181,51.515372],[-0.206246,51.51536],[-0.206251,51.515358],[-0.20627,51.51535],[-0.206316,51.515343],[-0.206347,51.515333],[-0.206375,51.515325],[-0.206383,51.515324],[-0.206447,51.515305],[-0.206467,51.515304],[-0.206472,51.515303],[-0.206553,51.515284],[-0.206583,51.515271],[-0.206623,51.515263],[-0.206668,51.515245],[-0.20669,51.515236],[-0.206732,51.515207],[-0.206763,51.515186],[-0.206806,51.515141],[-0.206772,51.515105],[-0.206771,51.515096],[-0.206764,51.514975],[-0.206742,51.514938],[-0.206895,51.514896],[-0.206888,51.514882],[-0.207101,51.514822],[-0.2073,51.514764],[-0.207488,51.51471],[-0.207513,51.514711],[-0.207448,51.514641],[-0.207407,51.514647],[-0.207345,51.514657],[-0.207264,51.514653],[-0.207136,51.514455],[-0.207098,51.514457],[-0.206932,51.514483],[-0.207088,51.514438],[-0.207171,51.514414],[-0.207304,51.514372],[-0.207322,51.514366],[-0.207686,51.514252],[-0.20773,51.514312],[-0.207891,51.514532],[-0.207937,51.514594],[-0.207965,51.514632],[-0.207993,51.514671],[-0.208022,51.51471],[-0.208032,51.514725],[-0.208068,51.514774],[-0.208072,51.514778],[-0.208115,51.514838],[-0.208154,51.514891],[-0.208171,51.514915],[-0.208201,51.514956],[-0.208251,51.515024],[-0.208272,51.515053],[-0.208317,51.515114],[-0.208338,51.515143],[-0.20839,51.515213],[-0.208407,51.515237],[-0.208509,51.515377],[-0.208524,51.515398],[-0.208577,51.515472],[-0.2087,51.515643],[-0.208702,51.515645],[-0.208715,51.515664],[-0.208738,51.515695],[-0.208774,51.515746],[-0.208802,51.515785],[-0.208846,51.515846],[-0.208877,51.515889],[-0.208956,51.515999],[-0.208967,51.516015],[-0.208982,51.516035],[-0.209005,51.516067],[-0.209014,51.51608],[-0.209045,51.516123],[-0.209075,51.516164],[-0.209086,51.51618],[-0.2091,51.516199],[-0.209131,51.516242],[-0.209161,51.516284],[-0.209164,51.516289],[-0.209173,51.5163],[-0.209175,51.516303],[-0.209241,51.516391],[-0.20925,51.516403],[-0.209263,51.51642],[-0.20927,51.51643],[-0.209309,51.516482],[-0.209322,51.516499],[-0.209365,51.516556],[-0.209425,51.516636],[-0.209455,51.516676],[-0.209533,51.51678],[-0.20955,51.516803],[-0.209559,51.516814],[-0.209593,51.516859],[-0.209598,51.516867],[-0.209631,51.51686],[-0.209648,51.516856],[-0.209652,51.516855],[-0.209869,51.516808],[-0.21001,51.516778],[-0.210104,51.516758],[-0.210127,51.516753],[-0.210137,51.516751],[-0.210233,51.51673],[-0.210348,51.516706],[-0.210377,51.5167],[-0.210384,51.516699],[-0.210471,51.516682],[-0.21051,51.516675],[-0.210555,51.516666],[-0.210594,51.516658],[-0.210607,51.516656],[-0.210619,51.516654],[-0.210655,51.516647],[-0.210672,51.516643],[-0.210755,51.516628],[-0.210788,51.516621],[-0.210794,51.51662],[-0.210912,51.516597],[-0.21093,51.516594],[-0.210993,51.516582],[-0.211068,51.516568],[-0.211081,51.516563],[-0.211105,51.516554],[-0.211184,51.516525],[-0.211259,51.516498],[-0.211285,51.516489],[-0.21132,51.516476],[-0.211332,51.516472],[-0.211454,51.516427],[-0.211471,51.516421],[-0.211535,51.516398],[-0.211556,51.51639],[-0.211574,51.516384],[-0.211578,51.516382],[-0.21167,51.516349],[-0.211732,51.516326],[-0.211753,51.516319],[-0.211835,51.516289],[-0.211839,51.516287],[-0.211916,51.516259],[-0.21192,51.516258],[-0.211988,51.516233],[-0.211993,51.516231],[-0.212031,51.516218],[-0.212036,51.516216],[-0.212097,51.516194],[-0.212148,51.516175],[-0.212154,51.516173],[-0.212203,51.516155],[-0.212237,51.516142],[-0.212316,51.516113],[-0.212414,51.516077],[-0.21243,51.516071],[-0.212575,51.516019],[-0.212583,51.516024],[-0.212695,51.516087],[-0.212799,51.516147],[-0.212827,51.516163],[-0.212835,51.516167],[-0.212848,51.516175],[-0.21291,51.51621],[-0.212962,51.51624],[-0.212971,51.516245],[-0.213077,51.516305],[-0.213087,51.516311],[-0.213112,51.516325],[-0.213151,51.516348],[-0.213154,51.51635],[-0.213172,51.51636],[-0.213331,51.516451],[-0.213439,51.516512],[-0.213427,51.516519],[-0.213397,51.516534],[-0.213379,51.516543],[-0.213146,51.516651],[-0.213136,51.516656],[-0.21305,51.516693],[-0.213023,51.516705],[-0.213005,51.516713],[-0.212994,51.516718],[-0.212865,51.516773],[-0.212736,51.516826],[-0.212714,51.516835],[-0.212702,51.51684],[-0.212619,51.516869],[-0.212601,51.516876],[-0.212548,51.516895],[-0.212522,51.516904],[-0.212503,51.516911],[-0.212495,51.516914],[-0.212488,51.516916],[-0.212434,51.516932],[-0.212425,51.516935],[-0.212395,51.516944],[-0.212381,51.516949],[-0.212366,51.516953],[-0.212362,51.516955],[-0.212335,51.516963],[-0.212297,51.516975],[-0.212261,51.516986],[-0.212216,51.517],[-0.212206,51.517003],[-0.212193,51.517007],[-0.212139,51.517024],[-0.212113,51.517031],[-0.212097,51.517036],[-0.212083,51.51704],[-0.212039,51.51705],[-0.212021,51.517054],[-0.212015,51.517055],[-0.21197,51.517065],[-0.211963,51.517067],[-0.2119,51.51708],[-0.211893,51.517082],[-0.211879,51.517085],[-0.211842,51.517093],[-0.211823,51.517097],[-0.211796,51.517103],[-0.211663,51.517132],[-0.211654,51.517133],[-0.211642,51.517136],[-0.21158,51.517149],[-0.211442,51.517182],[-0.211272,51.517221],[-0.21126,51.517224],[-0.210649,51.517367],[-0.210603,51.517378],[-0.210476,51.517407],[-0.210304,51.517447],[-0.210113,51.517492],[-0.210091,51.517497],[-0.210038,51.51751],[-0.209896,51.517537],[-0.209837,51.517549],[-0.209749,51.517566],[-0.209725,51.517571],[-0.209413,51.517647],[-0.209183,51.517704],[-0.209155,51.517711],[-0.209148,51.517712],[-0.209025,51.517743],[-0.209009,51.517747],[-0.208891,51.517776],[-0.208845,51.517787],[-0.208791,51.517801],[-0.208707,51.517821],[-0.208555,51.517859],[-0.208486,51.517879],[-0.208449,51.517889],[-0.208437,51.517893],[-0.208432,51.517894],[-0.208325,51.517925],[-0.208303,51.517933],[-0.208261,51.517947],[-0.208206,51.517965],[-0.208079,51.518012],[-0.208023,51.518033],[-0.207939,51.518064],[-0.207914,51.518073],[-0.207858,51.518097],[-0.207834,51.518106],[-0.207774,51.518131],[-0.207728,51.518149],[-0.207543,51.518227],[-0.207445,51.518273],[-0.207223,51.51838],[-0.207194,51.518394],[-0.207155,51.518413],[-0.207078,51.518453],[-0.20703,51.518369],[-0.207016,51.51836],[-0.206764,51.51808],[-0.20674,51.518053],[-0.206664,51.517969],[-0.206657,51.517961],[-0.20663,51.51793],[-0.206554,51.517846],[-0.206515,51.517803],[-0.206496,51.517782],[-0.206484,51.517768],[-0.206481,51.517765],[-0.206422,51.517699],[-0.206327,51.517593],[-0.206321,51.517587],[-0.20627,51.51753]]]}},{"type":"Feature","properties":{"LSOA21CD":"E01002833","LSOA21NM":"Kensington and Chelsea 007A","MEAN_PTAL_":"4","mean_AI":16.989362277,"borough":"Kensington & Chelsea"},"geometry":{"type":"Polygon","coordinates":[[[-0.20488,51.516511],[-0.204862,51.516482],[-0.204834,51.516437],[-0.204957,51.516386],[-0.204932,51.516358],[-0.204925,51.516351],[-0.204876,51.516296],[-0.204697,51.516342],[-0.204672,51.516348],[-0.20466,51.516334],[-0.204636,51.516303],[-0.204632,51.516299],[-0.204602,51.516262],[-0.20456,51.516273],[-0.204476,51.516297],[-0.204452,51.516295],[-0.204434,51.516231],[-0.204394,51.516228],[-0.204354,51.516236],[-0.204342,51.516238],[-0.204284,51.516249],[-0.204176,51.51627],[-0.204162,51.516273],[-0.204048,51.516296],[-0.203993,51.516195],[-0.203989,51.516179],[-0.203948,51.516102],[-0.20397,51.516097],[-0.204044,51.516083],[-0.204163,51.51606],[-0.20417,51.516061],[-0.20418,51.516059],[-0.204179,51.516057],[-0.204167,51.516033],[-0.204025,51.51575],[-0.203825,51.515352],[-0.203767,51.515236],[-0.203752,51.515207],[-0.203455,51.515258],[-0.203438,51.515261],[-0.203297,51.515286],[-0.203112,51.515317],[-0.203108,51.515318],[-0.202983,51.515339],[-0.202974,51.515341],[-0.202838,51.515363],[-0.202826,51.515365],[-0.202748,51.515372],[-0.202743,51.515359],[-0.202642,51.515091],[-0.202617,51.515027],[-0.202536,51.515048],[-0.202402,51.51472],[-0.202427,51.514716],[-0.202602,51.514767],[-0.20261,51.514769],[-0.202675,51.514787],[-0.202679,51.514797],[-0.202748,51.514889],[-0.202759,51.514902],[-0.202787,51.51493],[-0.202908,51.514951],[-0.202946,51.514955],[-0.203059,51.514956],[-0.203099,51.514953],[-0.203139,51.514951],[-0.203258,51.514933],[-0.203334,51.514915],[-0.203339,51.514912],[-0.203434,51.514872],[-0.203471,51.514849],[-0.203563,51.514851],[-0.203649,51.514847],[-0.203708,51.514838],[-0.203738,51.514831],[-0.203772,51.514823],[-0.203808,51.514818],[-0.203847,51.514808],[-0.203901,51.5148],[-0.203909,51.514784],[-0.203917,51.514767],[-0.203954,51.514684],[-0.203958,51.514677],[-0.203915,51.514492],[-0.204134,51.514461],[-0.204164,51.514457],[-0.204199,51.514486],[-0.204226,51.514522],[-0.204242,51.514553],[-0.204263,51.514593],[-0.204265,51.514597],[-0.20432,51.514704],[-0.204343,51.514748],[-0.204353,51.514768],[-0.204404,51.514867],[-0.204407,51.514875],[-0.204411,51.514886],[-0.204415,51.514888],[-0.204511,51.515075],[-0.204521,51.515093],[-0.204558,51.515094],[-0.204636,51.515095],[-0.204795,51.515062],[-0.204671,51.514883],[-0.204747,51.514827],[-0.204779,51.514785],[-0.204759,51.514753],[-0.204757,51.514747],[-0.204707,51.51469],[-0.204661,51.514655],[-0.204649,51.514648],[-0.204636,51.514642],[-0.204636,51.514545],[-0.204621,51.514508],[-0.204606,51.514486],[-0.204592,51.514465],[-0.204572,51.514446],[-0.204573,51.514428],[-0.20456,51.514382],[-0.204521,51.51432],[-0.204373,51.514231],[-0.204319,51.514221],[-0.204303,51.514195],[-0.2043,51.514186],[-0.204298,51.514181],[-0.204287,51.514152],[-0.20432,51.514113],[-0.204325,51.514102],[-0.204336,51.514047],[-0.204338,51.514035],[-0.204337,51.514029],[-0.204329,51.513994],[-0.204329,51.51399],[-0.204321,51.513981],[-0.204292,51.513948],[-0.204267,51.513919],[-0.204184,51.513889],[-0.204156,51.513879],[-0.20415,51.513877],[-0.204132,51.513873],[-0.204124,51.513856],[-0.204115,51.513834],[-0.204111,51.513829],[-0.204105,51.513821],[-0.204096,51.513781],[-0.204083,51.513757],[-0.204076,51.513749],[-0.204039,51.513706],[-0.204033,51.513701],[-0.204006,51.51368],[-0.203996,51.513674],[-0.203974,51.513662],[-0.203962,51.513655],[-0.203957,51.513634],[-0.203974,51.51361],[-0.204,51.513598],[-0.204056,51.513573],[-0.204073,51.513542],[-0.204082,51.513526],[-0.204219,51.513286],[-0.204177,51.513244],[-0.204157,51.513225],[-0.204149,51.513217],[-0.20414,51.513209],[-0.20423,51.513183],[-0.204252,51.513177],[-0.204275,51.513171],[-0.204475,51.513115],[-0.204559,51.513091],[-0.204627,51.513072],[-0.20466,51.513062],[-0.204667,51.513061],[-0.204705,51.51305],[-0.204731,51.513043],[-0.204749,51.513038],[-0.204757,51.513035],[-0.204782,51.513028],[-0.204806,51.513022],[-0.204877,51.513002],[-0.204929,51.512987],[-0.204947,51.512982],[-0.204964,51.512977],[-0.204975,51.512974],[-0.20499,51.51297],[-0.205066,51.512949],[-0.205072,51.512947],[-0.205163,51.512921],[-0.20519,51.512914],[-0.205234,51.512901],[-0.205244,51.512899],[-0.205258,51.512895],[-0.205373,51.512862],[-0.205391,51.512857],[-0.205416,51.51285],[-0.205422,51.512848],[-0.205442,51.512843],[-0.20549,51.512829],[-0.205496,51.512828],[-0.205504,51.512825],[-0.205547,51.512813],[-0.205599,51.512799],[-0.20565,51.512784],[-0.205691,51.512773],[-0.205793,51.512744],[-0.2058,51.512742],[-0.205874,51.512722],[-0.205916,51.51271],[-0.205939,51.512703],[-0.205949,51.5127],[-0.206052,51.512671],[-0.206067,51.512667],[-0.206142,51.512646],[-0.206155,51.512642],[-0.206186,51.512634],[-0.206222,51.512624],[-0.206373,51.512581],[-0.206466,51.512555],[-0.206474,51.512566],[-0.206522,51.512632],[-0.206539,51.512655],[-0.206581,51.512712],[-0.206756,51.512951],[-0.206798,51.513009],[-0.206956,51.513225],[-0.207044,51.513346],[-0.207072,51.513385],[-0.207079,51.513395],[-0.207082,51.513398],[-0.207091,51.513411],[-0.207094,51.513415],[-0.20716,51.513506],[-0.20724,51.513615],[-0.207294,51.513688],[-0.207332,51.513741],[-0.207349,51.513766],[-0.2074,51.513838],[-0.207423,51.513872],[-0.207521,51.514014],[-0.207529,51.514024],[-0.207567,51.514079],[-0.207569,51.514082],[-0.207684,51.514249],[-0.207686,51.514252],[-0.207322,51.514366],[-0.207304,51.514372],[-0.207171,51.514414],[-0.207088,51.514438],[-0.206932,51.514483],[-0.207098,51.514457],[-0.207136,51.514455],[-0.207264,51.514653],[-0.207345,51.514657],[-0.207407,51.514647],[-0.207448,51.514641],[-0.207513,51.514711],[-0.207488,51.51471],[-0.2073,51.514764],[-0.207101,51.514822],[-0.206888,51.514882],[-0.206895,51.514896],[-0.206742,51.514938],[-0.206764,51.514975],[-0.206771,51.515096],[-0.206772,51.515105],[-0.206806,51.515141],[-0.206763,51.515186],[-0.206732,51.515207],[-0.20669,51.515236],[-0.206668,51.515245],[-0.206623,51.515263],[-0.206583,51.515271],[-0.206553,51.515284],[-0.206472,51.515303],[-0.206467,51.515304],[-0.206447,51.515305],[-0.206383,51.515324],[-0.206375,51.515325],[-0.206347,51.515333],[-0.206316,51.515343],[-0.20627,51.51535],[-0.206251,51.515358],[-0.206246,51.51536],[-0.206181,51.515372],[-0.206172,51.515377],[-0.206091,51.515399],[-0.20607,51.515474],[-0.206092,51.515485],[-0.206259,51.515569],[-0.206288,51.515593],[-0.205944,51.51567],[-0.205919,51.515675],[-0.205896,51.515681],[-0.205691,51.515731],[-0.205693,51.515735],[-0.205652,51.515742],[-0.20562,51.515748],[-0.205182,51.515856],[-0.204964,51.515909],[-0.205026,51.515988],[-0.205029,51.515993],[-0.205129,51.516121],[-0.205193,51.516204],[-0.205233,51.516255],[-0.205352,51.516408],[-0.205403,51.516474],[-0.20536,51.516484],[-0.205363,51.516514],[-0.205247,51.516511],[-0.205142,51.516537],[-0.205122,51.516508],[-0.205086,51.516514],[-0.205002,51.516529],[-0.204902,51.516546],[-0.20488,51.516511]]]}},{"type":"Feature","properties":{"LSOA21CD":"E01002834","LSOA21NM":"Kensington and Chelsea 013B","MEAN_PTAL_":"6a","mean_AI":33.0136003785,"borough":"Kensington & Chelsea"},"geometry":{"type":"Polygon","coordinates":[[[-0.186956,51.493852],[-0.186937,51.493812],[-0.186909,51.493751],[-0.186875,51.493676],[-0.18684,51.493602],[-0.186733,51.49337],[-0.186701,51.4933],[-0.186682,51.493298],[-0.186666,51.493263],[-0.186682,51.493258],[-0.186667,51.493227],[-0.18683,51.493179],[-0.186459,51.49309],[-0.186467,51.493086],[-0.186662,51.492997],[-0.186655,51.492994],[-0.18642,51.492977],[-0.186418,51.492956],[-0.186566,51.492892],[-0.186567,51.492885],[-0.186572,51.492852],[-0.18675,51.492895],[-0.186751,51.492887],[-0.186754,51.492835],[-0.18688,51.492811],[-0.186882,51.492803],[-0.186884,51.4928],[-0.186888,51.492787],[-0.186994,51.492789],[-0.187155,51.492946],[-0.187087,51.493071],[-0.187086,51.493074],[-0.187073,51.493098],[-0.187069,51.493108],[-0.187061,51.493133],[-0.187058,51.493148],[-0.187046,51.493222],[-0.187044,51.49323],[-0.187045,51.493277],[-0.187075,51.493282],[-0.18727,51.493314],[-0.18758,51.493365],[-0.18761,51.493369],[-0.187821,51.493246],[-0.187929,51.493183],[-0.187936,51.493179],[-0.187927,51.493167],[-0.187921,51.493158],[-0.187838,51.49304],[-0.187779,51.492956],[-0.18776,51.492929],[-0.187746,51.49292],[-0.187732,51.492911],[-0.187718,51.492893],[-0.187694,51.492858],[-0.187692,51.492855],[-0.187633,51.492771],[-0.187626,51.492761],[-0.187532,51.492625],[-0.187459,51.49252],[-0.187402,51.49244],[-0.187375,51.492404],[-0.187311,51.492315],[-0.187295,51.492293],[-0.187287,51.492276],[-0.187282,51.492265],[-0.187268,51.492247],[-0.187238,51.492206],[-0.18717,51.492109],[-0.187138,51.492064],[-0.187049,51.491938],[-0.187041,51.491927],[-0.186955,51.491806],[-0.186864,51.491677],[-0.186711,51.491462],[-0.186705,51.491453],[-0.186681,51.49142],[-0.186652,51.491385],[-0.186612,51.491338],[-0.186603,51.491326],[-0.186608,51.491324],[-0.186634,51.491314],[-0.186632,51.491309],[-0.186703,51.491289],[-0.186718,51.491285],[-0.186877,51.491239],[-0.187055,51.491187],[-0.187081,51.49118],[-0.187186,51.49115],[-0.187262,51.491128],[-0.187269,51.491126],[-0.187313,51.491113],[-0.1875,51.491059],[-0.187536,51.491049],[-0.187626,51.491023],[-0.18768,51.491007],[-0.187686,51.491005],[-0.187803,51.490972],[-0.187856,51.490956],[-0.187956,51.490928],[-0.187964,51.490925],[-0.188069,51.491053],[-0.188191,51.4912],[-0.188233,51.491252],[-0.188363,51.491408],[-0.188379,51.491428],[-0.188402,51.491456],[-0.188436,51.491497],[-0.188524,51.491604],[-0.188551,51.491636],[-0.188555,51.491641],[-0.188578,51.491634],[-0.188785,51.49157],[-0.188793,51.491567],[-0.188836,51.491554],[-0.188898,51.491534],[-0.188917,51.491528],[-0.189019,51.491495],[-0.18903,51.491492],[-0.18907,51.491479],[-0.189191,51.49144],[-0.189292,51.491407],[-0.18931,51.491401],[-0.189336,51.491393],[-0.189358,51.491387],[-0.189512,51.49134],[-0.189611,51.49131],[-0.189698,51.491283],[-0.189704,51.491281],[-0.189725,51.491274],[-0.189756,51.491265],[-0.189817,51.491246],[-0.18987,51.491229],[-0.190009,51.491185],[-0.190042,51.491175],[-0.190352,51.491076],[-0.190638,51.490978],[-0.190644,51.490976],[-0.190674,51.490966],[-0.190684,51.490963],[-0.190721,51.49095],[-0.190877,51.490896],[-0.191054,51.490847],[-0.191175,51.490811],[-0.191191,51.490829],[-0.191303,51.490954],[-0.191367,51.491012],[-0.191372,51.491017],[-0.19142,51.491061],[-0.191426,51.491066],[-0.191429,51.491069],[-0.191441,51.491079],[-0.191468,51.491101],[-0.191508,51.491132],[-0.191645,51.491239],[-0.191655,51.491247],[-0.19166,51.491251],[-0.191673,51.491261],[-0.191711,51.491291],[-0.191698,51.491299],[-0.191679,51.491311],[-0.191375,51.49149],[-0.191351,51.491504],[-0.191297,51.491537],[-0.19129,51.491541],[-0.191148,51.491624],[-0.191136,51.491632],[-0.190901,51.49177],[-0.190862,51.491794],[-0.19085,51.491801],[-0.190808,51.491825],[-0.190775,51.491845],[-0.190745,51.491863],[-0.190736,51.491868],[-0.190685,51.491898],[-0.190601,51.491949],[-0.190596,51.491952],[-0.190535,51.491988],[-0.190518,51.491998],[-0.190508,51.492004],[-0.190481,51.49202],[-0.190454,51.492037],[-0.190339,51.492105],[-0.190285,51.492138],[-0.190273,51.492144],[-0.190254,51.492156],[-0.1903,51.492196],[-0.190322,51.492215],[-0.190355,51.492243],[-0.190383,51.492266],[-0.190462,51.492334],[-0.190625,51.492473],[-0.190645,51.492489],[-0.190569,51.492532],[-0.190543,51.492547],[-0.190405,51.492626],[-0.190212,51.492735],[-0.1902,51.492742],[-0.189834,51.492894],[-0.189742,51.492931],[-0.189734,51.492924],[-0.189696,51.492954],[-0.189551,51.493074],[-0.189465,51.493144],[-0.189425,51.493172],[-0.189273,51.493276],[-0.189265,51.493281],[-0.189119,51.493368],[-0.189101,51.493378],[-0.189066,51.493399],[-0.189016,51.493422],[-0.188787,51.49353],[-0.188612,51.493599],[-0.188599,51.493604],[-0.188524,51.493634],[-0.188488,51.493645],[-0.188359,51.493685],[-0.188316,51.493699],[-0.188305,51.493702],[-0.188167,51.493739],[-0.188159,51.493741],[-0.188116,51.493753],[-0.188014,51.49377],[-0.187753,51.49381],[-0.18769,51.493819],[-0.187609,51.49383],[-0.18759,51.493832],[-0.187561,51.493836],[-0.187415,51.493856],[-0.187391,51.493859],[-0.187343,51.493862],[-0.187255,51.493868],[-0.187251,51.493855],[-0.187122,51.493874],[-0.187114,51.493875],[-0.187111,51.493879],[-0.187068,51.493882],[-0.186975,51.493895],[-0.186972,51.493888],[-0.186964,51.49387],[-0.186956,51.493852]]]}},{"type":"Feature","properties":{"LSOA21CD":"E01002835","LSOA21NM":"Kensington and Chelsea 016C","MEAN_PTAL_":"6a","mean_AI":36.7106465535,"borough":"Kensington & Chelsea"},"geometry":{"type":"Polygon","coordinates":[[[-0.178822,51.494299],[-0.178812,51.494251],[-0.17881,51.494241],[-0.1788,51.494193],[-0.178795,51.494169],[-0.178777,51.494082],[-0.178763,51.494014],[-0.17873,51.493851],[-0.178727,51.493837],[-0.178726,51.493834],[-0.178681,51.493616],[-0.178673,51.493579],[-0.178666,51.493543],[-0.178664,51.49353],[-0.178657,51.493493],[-0.178655,51.493485],[-0.178653,51.493471],[-0.178644,51.493428],[-0.178638,51.493395],[-0.178617,51.493287],[-0.178608,51.493238],[-0.178592,51.493155],[-0.178566,51.49302],[-0.178556,51.492964],[-0.178525,51.492801],[-0.178513,51.492741],[-0.178511,51.492732],[-0.178485,51.492595],[-0.178464,51.492484],[-0.178449,51.492404],[-0.178442,51.492368],[-0.178441,51.492364],[-0.178412,51.492214],[-0.178392,51.492105],[-0.178384,51.492066],[-0.178404,51.492057],[-0.178531,51.491993],[-0.178714,51.491901],[-0.178807,51.491855],[-0.178814,51.491851],[-0.178874,51.491821],[-0.179149,51.491684],[-0.179154,51.491681],[-0.179197,51.491659],[-0.17922,51.491648],[-0.179313,51.491601],[-0.179318,51.491599],[-0.17934,51.491589],[-0.179517,51.491504],[-0.179526,51.4915],[-0.179561,51.491483],[-0.179596,51.491469],[-0.179604,51.491466],[-0.17972,51.491419],[-0.179758,51.491404],[-0.179842,51.49137],[-0.17985,51.491366],[-0.179867,51.491359],[-0.180079,51.49128],[-0.18012,51.491322],[-0.180248,51.491437],[-0.180277,51.491463],[-0.180297,51.491479],[-0.180299,51.491483],[-0.180309,51.491492],[-0.180336,51.491509],[-0.180425,51.491578],[-0.180409,51.491583],[-0.180466,51.491652],[-0.180499,51.491691],[-0.180631,51.491849],[-0.180812,51.492065],[-0.180821,51.492075],[-0.180832,51.492072],[-0.180853,51.492065],[-0.181012,51.492014],[-0.18105,51.492002],[-0.18113,51.491976],[-0.180956,51.491745],[-0.180961,51.491743],[-0.180974,51.491739],[-0.180992,51.491751],[-0.181258,51.491935],[-0.181311,51.491918],[-0.181435,51.491878],[-0.181452,51.491878],[-0.181489,51.491838],[-0.181494,51.491835],[-0.181739,51.491661],[-0.181771,51.491659],[-0.181775,51.491658],[-0.181812,51.491648],[-0.181874,51.49166],[-0.181951,51.491684],[-0.18204,51.491726],[-0.182113,51.491792],[-0.182138,51.491844],[-0.182142,51.49187],[-0.182099,51.491972],[-0.182113,51.491988],[-0.182118,51.491997],[-0.182136,51.492019],[-0.18214,51.492027],[-0.18217,51.492067],[-0.18218,51.492088],[-0.182199,51.492115],[-0.182207,51.49212],[-0.182244,51.492163],[-0.182258,51.492192],[-0.182294,51.492229],[-0.182305,51.492246],[-0.182325,51.492271],[-0.182334,51.492287],[-0.182357,51.492313],[-0.18237,51.492342],[-0.182385,51.492362],[-0.1824,51.492375],[-0.182374,51.492442],[-0.182392,51.492608],[-0.182397,51.492654],[-0.182383,51.492658],[-0.182384,51.492665],[-0.182387,51.492678],[-0.182438,51.492951],[-0.182572,51.492942],[-0.18262,51.492945],[-0.182709,51.49295],[-0.182944,51.492902],[-0.183124,51.492864],[-0.18309,51.493011],[-0.183086,51.49303],[-0.183086,51.493038],[-0.183219,51.493178],[-0.183296,51.493166],[-0.183641,51.493113],[-0.183688,51.493105],[-0.183772,51.493092],[-0.183879,51.493076],[-0.183896,51.493076],[-0.183908,51.493076],[-0.183911,51.493082],[-0.183917,51.493089],[-0.183921,51.493095],[-0.184098,51.493409],[-0.18442,51.493362],[-0.184429,51.493359],[-0.184447,51.493358],[-0.184471,51.493352],[-0.184575,51.493328],[-0.184585,51.493324],[-0.18459,51.493322],[-0.184714,51.493251],[-0.184751,51.493221],[-0.184768,51.493207],[-0.184861,51.493099],[-0.184879,51.493072],[-0.184914,51.493018],[-0.184925,51.493015],[-0.184941,51.493011],[-0.185045,51.493051],[-0.185176,51.49309],[-0.185273,51.49311],[-0.185307,51.493117],[-0.18535,51.493206],[-0.185387,51.493282],[-0.185476,51.493466],[-0.185494,51.493504],[-0.185479,51.493516],[-0.185863,51.493433],[-0.185872,51.493431],[-0.18607,51.493389],[-0.186077,51.493387],[-0.186132,51.493373],[-0.186172,51.493363],[-0.186202,51.493354],[-0.186308,51.493324],[-0.186339,51.493316],[-0.186411,51.493492],[-0.186148,51.493513],[-0.186141,51.493513],[-0.186148,51.493568],[-0.185919,51.49359],[-0.185911,51.493591],[-0.185904,51.493602],[-0.185899,51.493608],[-0.185916,51.493672],[-0.185919,51.493675],[-0.185935,51.493693],[-0.185932,51.4937],[-0.185936,51.493722],[-0.185937,51.493727],[-0.185945,51.493766],[-0.185968,51.49379],[-0.185977,51.493829],[-0.185978,51.493832],[-0.185985,51.493838],[-0.185999,51.493877],[-0.186003,51.493881],[-0.186012,51.493901],[-0.186032,51.493948],[-0.186047,51.493963],[-0.186049,51.493996],[-0.186078,51.494023],[-0.18609,51.494068],[-0.186098,51.494076],[-0.186119,51.494129],[-0.186134,51.494184],[-0.186149,51.494197],[-0.186168,51.494275],[-0.186216,51.494296],[-0.186215,51.494324],[-0.186213,51.494395],[-0.186178,51.494417],[-0.186172,51.494421],[-0.1858,51.494378],[-0.185971,51.49479],[-0.185925,51.494794],[-0.185942,51.494842],[-0.185567,51.494868],[-0.185369,51.494882],[-0.185269,51.494889],[-0.185231,51.494892],[-0.184934,51.494913],[-0.184913,51.494914],[-0.184703,51.494929],[-0.184446,51.494947],[-0.184342,51.494955],[-0.18421,51.494964],[-0.183784,51.494995],[-0.183434,51.495019],[-0.183274,51.49503],[-0.183263,51.495032],[-0.183017,51.495049],[-0.182865,51.495059],[-0.182834,51.495062],[-0.182734,51.495069],[-0.18267,51.495073],[-0.182473,51.495087],[-0.18245,51.495089],[-0.182367,51.495095],[-0.18232,51.495099],[-0.182281,51.495101],[-0.182191,51.495108],[-0.182138,51.495112],[-0.181999,51.495123],[-0.18197,51.495125],[-0.181953,51.495126],[-0.181743,51.495142],[-0.181735,51.495142],[-0.181659,51.495148],[-0.181628,51.49515],[-0.181606,51.495152],[-0.181598,51.495153],[-0.181513,51.495159],[-0.181447,51.495164],[-0.181188,51.495183],[-0.181156,51.495186],[-0.181139,51.495187],[-0.181039,51.495194],[-0.180975,51.495199],[-0.18073,51.495218],[-0.180524,51.495233],[-0.180472,51.495237],[-0.180276,51.495252],[-0.180207,51.495257],[-0.179816,51.495286],[-0.179806,51.495287],[-0.179729,51.495293],[-0.179177,51.495334],[-0.179106,51.495339],[-0.179101,51.49534],[-0.179086,51.495341],[-0.179039,51.495345],[-0.179036,51.495332],[-0.179032,51.495314],[-0.179027,51.495288],[-0.179013,51.49522],[-0.179,51.495156],[-0.178965,51.49499],[-0.17896,51.494962],[-0.178939,51.494865],[-0.178929,51.494813],[-0.17892,51.494772],[-0.178918,51.494762],[-0.178915,51.494746],[-0.178905,51.4947],[-0.178895,51.494649],[-0.178894,51.494645],[-0.178893,51.494639],[-0.178892,51.494635],[-0.17889,51.494625],[-0.178885,51.4946],[-0.178869,51.494527],[-0.178864,51.494502],[-0.178863,51.494494],[-0.178862,51.494488],[-0.17886,51.494482],[-0.178847,51.494417],[-0.17883,51.494334],[-0.178825,51.494313],[-0.178822,51.494299]]]}},{"type":"Feature","properties":{"LSOA21CD":"E01002836","LSOA21NM":"Kensington and Chelsea 016D","MEAN_PTAL_":"6a","mean_AI":31.8833754795,"borough":"Kensington & Chelsea"},"geometry":{"type":"Polygon","coordinates":[[[-0.18309,51.493011],[-0.183124,51.492864],[-0.182944,51.492902],[-0.182709,51.49295],[-0.18262,51.492945],[-0.182572,51.492942],[-0.182438,51.492951],[-0.182387,51.492678],[-0.182384,51.492665],[-0.182383,51.492658],[-0.182397,51.492654],[-0.182392,51.492608],[-0.182374,51.492442],[-0.1824,51.492375],[-0.182385,51.492362],[-0.18237,51.492342],[-0.182357,51.492313],[-0.182334,51.492287],[-0.182325,51.492271],[-0.182305,51.492246],[-0.182294,51.492229],[-0.182258,51.492192],[-0.182244,51.492163],[-0.182207,51.49212],[-0.182199,51.492115],[-0.18218,51.492088],[-0.18217,51.492067],[-0.18214,51.492027],[-0.182136,51.492019],[-0.182118,51.491997],[-0.182113,51.491988],[-0.182099,51.491972],[-0.182142,51.49187],[-0.182138,51.491844],[-0.182113,51.491792],[-0.18204,51.491726],[-0.181951,51.491684],[-0.181874,51.49166],[-0.181812,51.491648],[-0.181834,51.491615],[-0.181847,51.491596],[-0.181893,51.491531],[-0.182008,51.491461],[-0.182276,51.491455],[-0.182268,51.491442],[-0.182232,51.49139],[-0.182206,51.491351],[-0.182182,51.491315],[-0.182129,51.491237],[-0.18212,51.491225],[-0.182108,51.491206],[-0.182103,51.491199],[-0.182124,51.491194],[-0.182153,51.491188],[-0.182146,51.491179],[-0.182062,51.491067],[-0.181952,51.49092],[-0.181957,51.49092],[-0.182013,51.490914],[-0.182024,51.490912],[-0.182136,51.4909],[-0.182309,51.490885],[-0.18238,51.49088],[-0.18234,51.490822],[-0.182351,51.490821],[-0.182446,51.490812],[-0.182549,51.490802],[-0.182579,51.490799],[-0.182709,51.490787],[-0.182799,51.490778],[-0.183057,51.490753],[-0.183063,51.490752],[-0.183057,51.490745],[-0.183055,51.490724],[-0.183081,51.490754],[-0.183101,51.490778],[-0.183143,51.490782],[-0.183294,51.490798],[-0.18338,51.490807],[-0.183464,51.490816],[-0.183518,51.490822],[-0.183523,51.490822],[-0.183529,51.490823],[-0.183612,51.490832],[-0.183723,51.490844],[-0.183769,51.490849],[-0.183814,51.490853],[-0.183831,51.490855],[-0.183934,51.490866],[-0.183976,51.490871],[-0.183981,51.490871],[-0.184068,51.49088],[-0.184088,51.490882],[-0.184111,51.490885],[-0.184156,51.49089],[-0.184206,51.490895],[-0.184226,51.490897],[-0.184281,51.490903],[-0.184378,51.490913],[-0.18442,51.490918],[-0.184462,51.490922],[-0.184577,51.490934],[-0.184604,51.490937],[-0.184614,51.490938],[-0.184644,51.49094],[-0.184666,51.490942],[-0.184688,51.490943],[-0.184713,51.490944],[-0.184731,51.490944],[-0.184743,51.490945],[-0.184768,51.490945],[-0.184807,51.490943],[-0.184859,51.49094],[-0.184885,51.490938],[-0.1849,51.490937],[-0.184946,51.490931],[-0.185028,51.490918],[-0.185042,51.490915],[-0.185157,51.490887],[-0.185176,51.490882],[-0.185268,51.49086],[-0.185352,51.490839],[-0.185445,51.490816],[-0.185618,51.490774],[-0.185701,51.490753],[-0.185916,51.490693],[-0.185921,51.490691],[-0.186018,51.490664],[-0.186025,51.490662],[-0.186058,51.490653],[-0.186115,51.490717],[-0.186189,51.490804],[-0.186235,51.490857],[-0.186275,51.490903],[-0.186381,51.491025],[-0.186383,51.491027],[-0.186438,51.491091],[-0.18648,51.491139],[-0.186538,51.491207],[-0.186588,51.491264],[-0.186628,51.49131],[-0.186632,51.491309],[-0.186634,51.491314],[-0.186608,51.491324],[-0.186603,51.491326],[-0.186612,51.491338],[-0.186652,51.491385],[-0.186681,51.49142],[-0.186705,51.491453],[-0.186711,51.491462],[-0.186864,51.491677],[-0.186955,51.491806],[-0.187041,51.491927],[-0.187049,51.491938],[-0.187138,51.492064],[-0.18717,51.492109],[-0.187238,51.492206],[-0.187268,51.492247],[-0.187282,51.492265],[-0.187287,51.492276],[-0.187281,51.492276],[-0.187259,51.492271],[-0.187254,51.492271],[-0.187238,51.492274],[-0.187086,51.492315],[-0.186926,51.492358],[-0.186916,51.492361],[-0.186863,51.492376],[-0.186842,51.492381],[-0.18683,51.492384],[-0.186705,51.492418],[-0.186639,51.492435],[-0.186634,51.492438],[-0.186471,51.492482],[-0.186423,51.492495],[-0.18624,51.492547],[-0.186218,51.492554],[-0.186092,51.49259],[-0.185781,51.492679],[-0.185738,51.492691],[-0.185745,51.492701],[-0.185723,51.492714],[-0.185745,51.492741],[-0.185722,51.492746],[-0.185128,51.492871],[-0.184992,51.492899],[-0.18485,51.492929],[-0.184834,51.492903],[-0.184823,51.492884],[-0.184503,51.49295],[-0.184485,51.492954],[-0.184453,51.492961],[-0.184299,51.492993],[-0.184196,51.493014],[-0.183936,51.493068],[-0.183926,51.493071],[-0.183908,51.493076],[-0.183896,51.493076],[-0.183879,51.493076],[-0.183772,51.493092],[-0.183688,51.493105],[-0.183641,51.493113],[-0.183296,51.493166],[-0.183219,51.493178],[-0.183086,51.493038],[-0.183086,51.49303],[-0.18309,51.493011]]]}},{"type":"Feature","properties":{"LSOA21CD":"E01002837","LSOA21NM":"Kensington and Chelsea 016E","MEAN_PTAL_":"6a","mean_AI":30.5392037163,"borough":"Kensington & Chelsea"},"geometry":{"type":"Polygon","coordinates":[[[-0.180631,51.491849],[-0.180499,51.491691],[-0.180466,51.491652],[-0.180409,51.491583],[-0.180425,51.491578],[-0.180336,51.491509],[-0.180309,51.491492],[-0.180299,51.491483],[-0.180297,51.491479],[-0.180277,51.491463],[-0.180248,51.491437],[-0.18012,51.491322],[-0.180079,51.49128],[-0.180072,51.491272],[-0.180063,51.49126],[-0.180056,51.491251],[-0.179978,51.491153],[-0.179949,51.491117],[-0.179875,51.491024],[-0.179865,51.491011],[-0.179827,51.490964],[-0.179796,51.490924],[-0.179734,51.490846],[-0.179692,51.490794],[-0.179681,51.490779],[-0.179671,51.490767],[-0.17966,51.490753],[-0.17963,51.490716],[-0.179607,51.490686],[-0.179593,51.490668],[-0.179578,51.49065],[-0.179516,51.490572],[-0.1795,51.490551],[-0.179494,51.490544],[-0.17946,51.490501],[-0.1794,51.490426],[-0.179384,51.490406],[-0.179377,51.490397],[-0.179304,51.490305],[-0.179296,51.490295],[-0.179251,51.490239],[-0.179243,51.490229],[-0.179231,51.490213],[-0.179198,51.490172],[-0.179195,51.490168],[-0.178969,51.489893],[-0.17895,51.48987],[-0.178923,51.489836],[-0.178951,51.489826],[-0.179033,51.489797],[-0.17908,51.489781],[-0.179355,51.489685],[-0.179301,51.48964],[-0.179308,51.489628],[-0.179295,51.489572],[-0.179241,51.489562],[-0.179209,51.489521],[-0.179184,51.489493],[-0.179158,51.489462],[-0.179179,51.489418],[-0.179173,51.489417],[-0.179115,51.489405],[-0.179066,51.489347],[-0.179044,51.489321],[-0.178845,51.489382],[-0.178844,51.489391],[-0.178759,51.489409],[-0.17861,51.489454],[-0.178592,51.48946],[-0.178569,51.489448],[-0.178348,51.489329],[-0.178356,51.489322],[-0.178287,51.48929],[-0.178972,51.488845],[-0.179061,51.488787],[-0.179383,51.488578],[-0.17939,51.488573],[-0.179408,51.488582],[-0.179641,51.488701],[-0.179647,51.488705],[-0.179664,51.488719],[-0.1797,51.488749],[-0.179791,51.488869],[-0.179789,51.488872],[-0.179826,51.488917],[-0.179836,51.488931],[-0.179852,51.488962],[-0.179889,51.489041],[-0.179921,51.48911],[-0.179926,51.489111],[-0.179931,51.489121],[-0.179941,51.489115],[-0.179979,51.489095],[-0.179992,51.489089],[-0.18049,51.488824],[-0.18051,51.488812],[-0.180518,51.488807],[-0.180523,51.488804],[-0.180536,51.488796],[-0.180608,51.488754],[-0.180627,51.488746],[-0.180567,51.488627],[-0.180703,51.48857],[-0.180726,51.488566],[-0.180836,51.488545],[-0.181027,51.48854],[-0.181035,51.488547],[-0.181041,51.488551],[-0.181054,51.488563],[-0.181058,51.488566],[-0.181066,51.488573],[-0.181087,51.488591],[-0.181108,51.48861],[-0.18121,51.488702],[-0.18122,51.488711],[-0.181242,51.48873],[-0.181258,51.488748],[-0.181271,51.488761],[-0.181274,51.488765],[-0.18141,51.488912],[-0.181414,51.488916],[-0.181502,51.489012],[-0.181506,51.489015],[-0.181511,51.489021],[-0.18154,51.489052],[-0.18159,51.489106],[-0.181628,51.489147],[-0.181638,51.489158],[-0.181657,51.489178],[-0.181664,51.489186],[-0.181724,51.489251],[-0.181764,51.489294],[-0.181771,51.489301],[-0.181779,51.48931],[-0.181781,51.489313],[-0.181799,51.489332],[-0.181804,51.489337],[-0.181833,51.489369],[-0.18186,51.489398],[-0.181942,51.489487],[-0.18195,51.489496],[-0.181981,51.489528],[-0.181985,51.489533],[-0.182037,51.48959],[-0.182061,51.489615],[-0.182065,51.489619],[-0.182091,51.489647],[-0.182122,51.489681],[-0.182129,51.489688],[-0.182145,51.489705],[-0.182158,51.489719],[-0.18217,51.489733],[-0.182176,51.48974],[-0.18222,51.489787],[-0.182223,51.48979],[-0.182227,51.489795],[-0.182237,51.489805],[-0.182249,51.489818],[-0.182258,51.489828],[-0.182296,51.489869],[-0.182307,51.489881],[-0.182337,51.489914],[-0.182348,51.489925],[-0.182353,51.489931],[-0.182378,51.489958],[-0.182383,51.489963],[-0.182385,51.489965],[-0.182396,51.489977],[-0.182403,51.489984],[-0.182409,51.489991],[-0.182421,51.490003],[-0.182432,51.490016],[-0.182451,51.490037],[-0.182454,51.490039],[-0.182463,51.49005],[-0.182469,51.490055],[-0.182473,51.49006],[-0.182475,51.490063],[-0.182481,51.490069],[-0.182517,51.490108],[-0.182537,51.490129],[-0.182542,51.490135],[-0.182558,51.490152],[-0.182563,51.490157],[-0.182593,51.490189],[-0.182597,51.490194],[-0.182615,51.490214],[-0.18265,51.490251],[-0.182657,51.490259],[-0.182676,51.49028],[-0.182682,51.490286],[-0.182696,51.490301],[-0.1827,51.490305],[-0.182703,51.490309],[-0.182708,51.490315],[-0.182718,51.490327],[-0.182722,51.490331],[-0.182735,51.490347],[-0.18277,51.490388],[-0.182779,51.490398],[-0.182787,51.490408],[-0.182834,51.490463],[-0.182838,51.490467],[-0.182847,51.490479],[-0.18288,51.490517],[-0.1829,51.490541],[-0.182915,51.490558],[-0.18295,51.490599],[-0.182967,51.49062],[-0.182971,51.490624],[-0.182974,51.490628],[-0.183027,51.49069],[-0.183037,51.490702],[-0.183055,51.490724],[-0.183057,51.490745],[-0.183063,51.490752],[-0.183057,51.490753],[-0.182799,51.490778],[-0.182709,51.490787],[-0.182579,51.490799],[-0.182549,51.490802],[-0.182446,51.490812],[-0.182351,51.490821],[-0.18234,51.490822],[-0.18238,51.49088],[-0.182309,51.490885],[-0.182136,51.4909],[-0.182024,51.490912],[-0.182013,51.490914],[-0.181957,51.49092],[-0.181952,51.49092],[-0.182062,51.491067],[-0.182146,51.491179],[-0.182153,51.491188],[-0.182124,51.491194],[-0.182103,51.491199],[-0.182108,51.491206],[-0.18212,51.491225],[-0.182129,51.491237],[-0.182182,51.491315],[-0.182206,51.491351],[-0.182232,51.49139],[-0.182268,51.491442],[-0.182276,51.491455],[-0.182008,51.491461],[-0.181893,51.491531],[-0.181847,51.491596],[-0.181834,51.491615],[-0.181812,51.491648],[-0.181775,51.491658],[-0.181771,51.491659],[-0.181739,51.491661],[-0.181494,51.491835],[-0.181489,51.491838],[-0.181452,51.491878],[-0.181435,51.491878],[-0.181311,51.491918],[-0.181258,51.491935],[-0.180992,51.491751],[-0.180974,51.491739],[-0.180961,51.491743],[-0.180956,51.491745],[-0.18113,51.491976],[-0.18105,51.492002],[-0.181012,51.492014],[-0.180853,51.492065],[-0.180832,51.492072],[-0.180821,51.492075],[-0.180812,51.492065],[-0.180631,51.491849]]]}},{"type":"Feature","properties":{"LSOA21CD":"E01002839","LSOA21NM":"Kensington and Chelsea 013C","MEAN_PTAL_":"6a","mean_AI":31.3220335053,"borough":"Kensington & Chelsea"},"geometry":{"type":"Polygon","coordinates":[[[-0.185971,51.49479],[-0.1858,51.494378],[-0.186172,51.494421],[-0.186178,51.494417],[-0.186213,51.494395],[-0.186215,51.494324],[-0.186216,51.494296],[-0.186168,51.494275],[-0.186149,51.494197],[-0.186134,51.494184],[-0.186119,51.494129],[-0.186098,51.494076],[-0.18609,51.494068],[-0.186078,51.494023],[-0.186049,51.493996],[-0.186047,51.493963],[-0.186032,51.493948],[-0.186012,51.493901],[-0.186003,51.493881],[-0.185999,51.493877],[-0.185985,51.493838],[-0.185978,51.493832],[-0.185977,51.493829],[-0.185968,51.49379],[-0.185945,51.493766],[-0.185937,51.493727],[-0.185936,51.493722],[-0.185932,51.4937],[-0.185935,51.493693],[-0.185919,51.493675],[-0.185916,51.493672],[-0.185899,51.493608],[-0.185904,51.493602],[-0.185911,51.493591],[-0.185919,51.49359],[-0.186148,51.493568],[-0.186141,51.493513],[-0.186148,51.493513],[-0.186411,51.493492],[-0.186339,51.493316],[-0.186308,51.493324],[-0.186202,51.493354],[-0.186172,51.493363],[-0.186132,51.493373],[-0.186077,51.493387],[-0.18607,51.493389],[-0.185872,51.493431],[-0.185863,51.493433],[-0.185479,51.493516],[-0.185494,51.493504],[-0.185476,51.493466],[-0.185387,51.493282],[-0.18535,51.493206],[-0.185307,51.493117],[-0.185273,51.49311],[-0.185176,51.49309],[-0.185045,51.493051],[-0.184941,51.493011],[-0.184925,51.493015],[-0.184914,51.493018],[-0.184879,51.493072],[-0.184861,51.493099],[-0.184768,51.493207],[-0.184751,51.493221],[-0.184714,51.493251],[-0.18459,51.493322],[-0.184585,51.493324],[-0.184575,51.493328],[-0.184471,51.493352],[-0.184447,51.493358],[-0.184429,51.493359],[-0.18442,51.493362],[-0.184098,51.493409],[-0.183921,51.493095],[-0.183917,51.493089],[-0.183911,51.493082],[-0.183908,51.493076],[-0.183926,51.493071],[-0.183936,51.493068],[-0.184196,51.493014],[-0.184299,51.492993],[-0.184453,51.492961],[-0.184485,51.492954],[-0.184503,51.49295],[-0.184823,51.492884],[-0.184834,51.492903],[-0.18485,51.492929],[-0.184992,51.492899],[-0.185128,51.492871],[-0.185722,51.492746],[-0.185745,51.492741],[-0.185723,51.492714],[-0.185745,51.492701],[-0.185738,51.492691],[-0.185781,51.492679],[-0.186092,51.49259],[-0.186218,51.492554],[-0.18624,51.492547],[-0.186423,51.492495],[-0.186471,51.492482],[-0.186634,51.492438],[-0.186639,51.492435],[-0.186705,51.492418],[-0.18683,51.492384],[-0.186842,51.492381],[-0.186863,51.492376],[-0.186916,51.492361],[-0.186926,51.492358],[-0.187086,51.492315],[-0.187238,51.492274],[-0.187254,51.492271],[-0.187259,51.492271],[-0.187281,51.492276],[-0.187287,51.492276],[-0.187295,51.492293],[-0.187311,51.492315],[-0.187375,51.492404],[-0.187402,51.49244],[-0.187459,51.49252],[-0.187532,51.492625],[-0.187626,51.492761],[-0.187633,51.492771],[-0.187692,51.492855],[-0.187694,51.492858],[-0.187718,51.492893],[-0.187732,51.492911],[-0.187746,51.49292],[-0.18776,51.492929],[-0.187779,51.492956],[-0.187838,51.49304],[-0.187921,51.493158],[-0.187927,51.493167],[-0.187936,51.493179],[-0.187929,51.493183],[-0.187821,51.493246],[-0.18761,51.493369],[-0.18758,51.493365],[-0.18727,51.493314],[-0.187075,51.493282],[-0.187045,51.493277],[-0.187044,51.49323],[-0.187046,51.493222],[-0.187058,51.493148],[-0.187061,51.493133],[-0.187069,51.493108],[-0.187073,51.493098],[-0.187086,51.493074],[-0.187087,51.493071],[-0.187155,51.492946],[-0.186994,51.492789],[-0.186888,51.492787],[-0.186884,51.4928],[-0.186882,51.492803],[-0.18688,51.492811],[-0.186754,51.492835],[-0.186751,51.492887],[-0.18675,51.492895],[-0.186572,51.492852],[-0.186567,51.492885],[-0.186566,51.492892],[-0.186418,51.492956],[-0.18642,51.492977],[-0.186655,51.492994],[-0.186662,51.492997],[-0.186467,51.493086],[-0.186459,51.49309],[-0.18683,51.493179],[-0.186667,51.493227],[-0.186682,51.493258],[-0.186666,51.493263],[-0.186682,51.493298],[-0.186701,51.4933],[-0.186733,51.49337],[-0.18684,51.493602],[-0.186875,51.493676],[-0.186909,51.493751],[-0.186937,51.493812],[-0.186956,51.493852],[-0.186964,51.49387],[-0.186972,51.493888],[-0.186975,51.493895],[-0.187068,51.493882],[-0.187111,51.493879],[-0.187114,51.493875],[-0.187122,51.493874],[-0.187251,51.493855],[-0.187255,51.493868],[-0.187343,51.493862],[-0.187391,51.493859],[-0.187415,51.493856],[-0.187561,51.493836],[-0.18759,51.493832],[-0.187609,51.49383],[-0.18769,51.493819],[-0.187753,51.49381],[-0.188014,51.49377],[-0.188116,51.493753],[-0.188159,51.493741],[-0.188167,51.493739],[-0.188305,51.493702],[-0.188316,51.493699],[-0.188359,51.493685],[-0.188488,51.493645],[-0.188524,51.493634],[-0.188599,51.493604],[-0.188612,51.493599],[-0.188787,51.49353],[-0.189016,51.493422],[-0.189066,51.493399],[-0.189101,51.493378],[-0.189119,51.493368],[-0.189265,51.493281],[-0.189273,51.493276],[-0.189425,51.493172],[-0.189465,51.493144],[-0.189551,51.493074],[-0.189696,51.492954],[-0.189734,51.492924],[-0.189742,51.492931],[-0.189748,51.492936],[-0.189784,51.492969],[-0.189809,51.492992],[-0.189833,51.493015],[-0.189852,51.493032],[-0.189885,51.493062],[-0.189898,51.493075],[-0.190041,51.493208],[-0.190718,51.493832],[-0.190922,51.494021],[-0.190986,51.494081],[-0.190991,51.494085],[-0.191073,51.494161],[-0.191112,51.494197],[-0.191112,51.494203],[-0.191111,51.494226],[-0.191111,51.494244],[-0.191109,51.494357],[-0.191109,51.494392],[-0.191108,51.494422],[-0.191104,51.494698],[-0.191103,51.49476],[-0.19102,51.494759],[-0.190873,51.494756],[-0.190764,51.494755],[-0.190528,51.494751],[-0.190465,51.49475],[-0.190324,51.494749],[-0.190266,51.494747],[-0.189987,51.494742],[-0.189903,51.494741],[-0.189868,51.49474],[-0.189511,51.494726],[-0.189474,51.494725],[-0.189439,51.494724],[-0.189406,51.494722],[-0.189387,51.494722],[-0.189176,51.494714],[-0.189168,51.494714],[-0.189041,51.494709],[-0.188952,51.494706],[-0.188721,51.494697],[-0.188596,51.494692],[-0.188569,51.494691],[-0.188452,51.494687],[-0.188278,51.494675],[-0.188209,51.494674],[-0.188086,51.494673],[-0.18804,51.494673],[-0.188012,51.494675],[-0.187992,51.494677],[-0.187889,51.494685],[-0.18777,51.494695],[-0.187755,51.494696],[-0.187737,51.494698],[-0.187674,51.494703],[-0.187461,51.49472],[-0.187452,51.494721],[-0.187428,51.494723],[-0.187369,51.494728],[-0.187209,51.494741],[-0.187179,51.494743],[-0.187123,51.494748],[-0.186994,51.494758],[-0.186985,51.494759],[-0.186889,51.494767],[-0.186705,51.494782],[-0.186615,51.494789],[-0.186406,51.494806],[-0.186239,51.494819],[-0.18623,51.49482],[-0.186225,51.494821],[-0.186145,51.494827],[-0.186002,51.494837],[-0.185942,51.494842],[-0.185925,51.494794],[-0.185971,51.49479]]]}},{"type":"Feature","properties":{"LSOA21CD":"E01002842","LSOA21NM":"Kensington and Chelsea 021C","MEAN_PTAL_":"3","mean_AI":13.605286596,"borough":"Kensington & Chelsea"},"geometry":{"type":"Polygon","coordinates":[[[-0.177695,51.481604],[-0.177648,51.481567],[-0.177473,51.48143],[-0.177498,51.481401],[-0.177512,51.481384],[-0.177734,51.481292],[-0.177621,51.481181],[-0.177698,51.481147],[-0.177706,51.481101],[-0.177719,51.481095],[-0.177275,51.480827],[-0.177233,51.480801],[-0.17746,51.480638],[-0.17771,51.48049],[-0.178003,51.480368],[-0.178042,51.480405],[-0.178059,51.480454],[-0.178061,51.480459],[-0.178089,51.480539],[-0.178121,51.480629],[-0.178174,51.480657],[-0.178329,51.480771],[-0.178368,51.48074],[-0.17857,51.480781],[-0.178726,51.480811],[-0.178806,51.48063],[-0.178907,51.48041],[-0.178879,51.480403],[-0.178486,51.480333],[-0.178487,51.480319],[-0.178488,51.480283],[-0.17857,51.480275],[-0.178872,51.480247],[-0.179038,51.480229],[-0.179178,51.480214],[-0.179397,51.480191],[-0.1795,51.48018],[-0.179516,51.480178],[-0.179536,51.480176],[-0.179682,51.480161],[-0.17969,51.480163],[-0.179711,51.48017],[-0.179869,51.480172],[-0.179912,51.480182],[-0.179927,51.480188],[-0.179983,51.48021],[-0.180038,51.480256],[-0.180131,51.480331],[-0.180153,51.480349],[-0.180172,51.480365],[-0.180238,51.480418],[-0.180255,51.480432],[-0.180258,51.480434],[-0.180311,51.480477],[-0.180343,51.480503],[-0.180406,51.480555],[-0.18045,51.48059],[-0.180518,51.480645],[-0.180644,51.480747],[-0.180693,51.480787],[-0.18075,51.480834],[-0.180763,51.480847],[-0.180847,51.480934],[-0.180854,51.480941],[-0.180895,51.480986],[-0.180952,51.481047],[-0.180974,51.481071],[-0.180983,51.481081],[-0.180945,51.481091],[-0.18089,51.481106],[-0.180758,51.481143],[-0.180461,51.481225],[-0.180451,51.481125],[-0.180317,51.480989],[-0.180287,51.480953],[-0.180217,51.480868],[-0.180168,51.48083],[-0.180054,51.480742],[-0.179989,51.480698],[-0.179907,51.480642],[-0.179875,51.480629],[-0.179872,51.480633],[-0.179697,51.480757],[-0.179686,51.480764],[-0.17967,51.480776],[-0.179666,51.480779],[-0.179659,51.480785],[-0.17964,51.480803],[-0.179484,51.480878],[-0.179341,51.480922],[-0.179162,51.480953],[-0.17912,51.480961],[-0.178838,51.481057],[-0.178876,51.481142],[-0.178778,51.481172],[-0.178705,51.481197],[-0.178603,51.481317],[-0.178569,51.481357],[-0.178435,51.481472],[-0.178391,51.481507],[-0.17833,51.481531],[-0.178325,51.481533],[-0.178289,51.481547],[-0.17806,51.481637],[-0.178034,51.481594],[-0.17782,51.481647],[-0.177779,51.481657],[-0.177765,51.481651],[-0.177695,51.481604]]]}},{"type":"Feature","properties":{"LSOA21CD":"E01002843","LSOA21NM":"Kensington and Chelsea 021D","MEAN_PTAL_":"4","mean_AI":15.1678072542,"borough":"Kensington & Chelsea"},"geometry":{"type":"Polygon","coordinates":[[[-0.180074,51.481473],[-0.180047,51.481443],[-0.179969,51.481468],[-0.179952,51.481473],[-0.179665,51.481533],[-0.179638,51.481525],[-0.179523,51.481491],[-0.179507,51.481478],[-0.179334,51.481237],[-0.179268,51.48113],[-0.17927,51.481127],[-0.17925,51.481096],[-0.179162,51.480953],[-0.179341,51.480922],[-0.179484,51.480878],[-0.17964,51.480803],[-0.179659,51.480785],[-0.179666,51.480779],[-0.17967,51.480776],[-0.179686,51.480764],[-0.179697,51.480757],[-0.179872,51.480633],[-0.179875,51.480629],[-0.179907,51.480642],[-0.179989,51.480698],[-0.180054,51.480742],[-0.180168,51.48083],[-0.180217,51.480868],[-0.180287,51.480953],[-0.180317,51.480989],[-0.180451,51.481125],[-0.180461,51.481225],[-0.180758,51.481143],[-0.18089,51.481106],[-0.180945,51.481091],[-0.180983,51.481081],[-0.181022,51.481122],[-0.181048,51.481132],[-0.181074,51.481153],[-0.18134,51.481042],[-0.181401,51.481017],[-0.181389,51.480999],[-0.181381,51.480988],[-0.181338,51.480926],[-0.181297,51.480894],[-0.181273,51.480876],[-0.181231,51.480844],[-0.181181,51.480806],[-0.181122,51.48076],[-0.181069,51.48072],[-0.181058,51.480711],[-0.181013,51.480677],[-0.181076,51.480625],[-0.181055,51.480616],[-0.181039,51.480609],[-0.181028,51.480601],[-0.181024,51.480599],[-0.180939,51.480518],[-0.180905,51.480506],[-0.180896,51.480503],[-0.180837,51.480484],[-0.180772,51.480447],[-0.180766,51.480444],[-0.180736,51.480416],[-0.180732,51.48041],[-0.180724,51.480396],[-0.180721,51.480392],[-0.180695,51.480385],[-0.180688,51.480381],[-0.180604,51.480338],[-0.180568,51.480295],[-0.180559,51.480268],[-0.180547,51.480234],[-0.180548,51.48018],[-0.180574,51.480105],[-0.180548,51.480092],[-0.180534,51.480084],[-0.180846,51.480072],[-0.180867,51.480071],[-0.181011,51.480073],[-0.181073,51.480074],[-0.181155,51.480075],[-0.181198,51.48008],[-0.181269,51.480086],[-0.181292,51.480091],[-0.181304,51.48008],[-0.181347,51.480042],[-0.181373,51.480053],[-0.181395,51.480063],[-0.181425,51.480078],[-0.181569,51.480144],[-0.181563,51.480151],[-0.18157,51.480153],[-0.181581,51.480156],[-0.1816,51.480159],[-0.181612,51.480163],[-0.181771,51.480237],[-0.181895,51.480294],[-0.182012,51.48035],[-0.182015,51.480352],[-0.18202,51.480349],[-0.182202,51.480253],[-0.182211,51.480248],[-0.182272,51.480216],[-0.182278,51.480217],[-0.182507,51.480275],[-0.182529,51.480281],[-0.182567,51.480262],[-0.182562,51.480256],[-0.182556,51.480249],[-0.182656,51.480217],[-0.182863,51.480151],[-0.183078,51.480161],[-0.183348,51.480175],[-0.183414,51.480172],[-0.183428,51.480159],[-0.183465,51.479925],[-0.183476,51.479917],[-0.183615,51.479816],[-0.183982,51.479804],[-0.184238,51.479724],[-0.184439,51.479661],[-0.184724,51.479656],[-0.184758,51.479656],[-0.184763,51.479645],[-0.18478,51.479619],[-0.184815,51.479565],[-0.184824,51.479552],[-0.184926,51.479447],[-0.184931,51.479442],[-0.18489,51.479216],[-0.184843,51.479163],[-0.184798,51.479113],[-0.184773,51.479084],[-0.184646,51.478942],[-0.184641,51.478937],[-0.184638,51.478934],[-0.184631,51.478926],[-0.184595,51.478885],[-0.184542,51.478826],[-0.184466,51.478741],[-0.184256,51.478505],[-0.18418,51.478418],[-0.184132,51.478362],[-0.184082,51.478305],[-0.184436,51.478161],[-0.184583,51.478047],[-0.184644,51.478098],[-0.184833,51.478232],[-0.185105,51.478427],[-0.185155,51.478463],[-0.185353,51.478605],[-0.185402,51.478639],[-0.185404,51.478641],[-0.185444,51.47867],[-0.18545,51.478674],[-0.185499,51.478709],[-0.185506,51.478714],[-0.18561,51.478789],[-0.18566,51.478838],[-0.185683,51.478864],[-0.185689,51.478871],[-0.185693,51.478875],[-0.185748,51.478939],[-0.185764,51.478963],[-0.185767,51.478968],[-0.185775,51.478979],[-0.18578,51.478987],[-0.185791,51.479003],[-0.185798,51.479013],[-0.185813,51.479035],[-0.18582,51.479046],[-0.185826,51.479055],[-0.185867,51.479117],[-0.18587,51.479121],[-0.185879,51.479134],[-0.18591,51.47918],[-0.185912,51.479184],[-0.185918,51.479193],[-0.185941,51.479226],[-0.185944,51.479231],[-0.18595,51.47924],[-0.185964,51.479261],[-0.185968,51.479267],[-0.185972,51.479273],[-0.185983,51.47929],[-0.185986,51.479294],[-0.185995,51.479308],[-0.186016,51.479339],[-0.18602,51.479345],[-0.186026,51.479353],[-0.18603,51.479358],[-0.186036,51.479367],[-0.186063,51.479403],[-0.186144,51.479513],[-0.186195,51.479574],[-0.186212,51.479595],[-0.186241,51.479623],[-0.186341,51.479723],[-0.186379,51.479754],[-0.186523,51.479868],[-0.186527,51.479872],[-0.186428,51.479925],[-0.186386,51.479948],[-0.18596,51.48018],[-0.185945,51.480188],[-0.185848,51.480236],[-0.185755,51.480282],[-0.185682,51.480315],[-0.185332,51.48047],[-0.185159,51.480536],[-0.184891,51.480636],[-0.184817,51.480664],[-0.184789,51.480674],[-0.184488,51.480778],[-0.184461,51.480787],[-0.184406,51.480806],[-0.184315,51.480839],[-0.184275,51.480853],[-0.184253,51.480861],[-0.184175,51.480889],[-0.184168,51.480892],[-0.184163,51.480894],[-0.184016,51.480946],[-0.183998,51.480953],[-0.183988,51.480956],[-0.183865,51.481001],[-0.183771,51.481035],[-0.183733,51.481048],[-0.183728,51.48105],[-0.183689,51.481064],[-0.183681,51.481067],[-0.183673,51.48107],[-0.183571,51.481106],[-0.183519,51.481125],[-0.183509,51.481129],[-0.183491,51.481135],[-0.183437,51.481155],[-0.183351,51.481185],[-0.183323,51.481195],[-0.183311,51.481199],[-0.183303,51.481201],[-0.183282,51.481208],[-0.183263,51.481213],[-0.183231,51.481223],[-0.183087,51.481265],[-0.182991,51.481293],[-0.182979,51.481297],[-0.182955,51.481304],[-0.182929,51.481311],[-0.182922,51.481313],[-0.182892,51.481322],[-0.182853,51.481333],[-0.182826,51.48134],[-0.182822,51.481341],[-0.18279,51.48135],[-0.182753,51.48136],[-0.182684,51.481378],[-0.182645,51.481388],[-0.18254,51.481412],[-0.18251,51.481419],[-0.182408,51.481442],[-0.182329,51.481461],[-0.182322,51.481462],[-0.182098,51.481519],[-0.18209,51.481521],[-0.181981,51.481548],[-0.18197,51.481551],[-0.181769,51.481602],[-0.181704,51.481618],[-0.181578,51.48165],[-0.181524,51.481663],[-0.181498,51.48167],[-0.181356,51.481706],[-0.181244,51.481734],[-0.181221,51.48174],[-0.181047,51.481784],[-0.180932,51.481812],[-0.180928,51.481813],[-0.180861,51.48183],[-0.180843,51.481835],[-0.1806,51.481896],[-0.180593,51.481898],[-0.180575,51.481902],[-0.180499,51.481921],[-0.180444,51.481935],[-0.180356,51.481961],[-0.180352,51.481954],[-0.180152,51.481608],[-0.180132,51.481574],[-0.180074,51.481473]]]}},{"type":"Feature","properties":{"LSOA21CD":"E01002845","LSOA21NM":"Kensington and Chelsea 019B","MEAN_PTAL_":"4","mean_AI":15.2425881496,"borough":"Kensington & Chelsea"},"geometry":{"type":"Polygon","coordinates":[[[-0.174164,51.485272],[-0.17394,51.485044],[-0.173739,51.485123],[-0.173684,51.485145],[-0.173637,51.485163],[-0.173621,51.485156],[-0.173582,51.48514],[-0.173575,51.485136],[-0.173488,51.48508],[-0.173438,51.485057],[-0.173302,51.485111],[-0.173259,51.485128],[-0.173207,51.485147],[-0.173199,51.48515],[-0.172942,51.485129],[-0.172866,51.485127],[-0.172777,51.485124],[-0.172711,51.485127],[-0.172697,51.485127],[-0.172664,51.485122],[-0.172652,51.485121],[-0.172596,51.485038],[-0.172526,51.484932],[-0.172446,51.484814],[-0.172436,51.484799],[-0.172446,51.484793],[-0.172424,51.484761],[-0.172404,51.48473],[-0.172702,51.484628],[-0.172749,51.484612],[-0.172762,51.484608],[-0.172936,51.484548],[-0.172902,51.484527],[-0.172873,51.484519],[-0.172813,51.484537],[-0.172728,51.484527],[-0.172639,51.484516],[-0.172601,51.484511],[-0.172549,51.484603],[-0.172356,51.484659],[-0.172335,51.48461],[-0.172333,51.484605],[-0.172321,51.484583],[-0.172301,51.484543],[-0.172279,51.4845],[-0.172268,51.484477],[-0.172241,51.484424],[-0.172203,51.484347],[-0.172154,51.48425],[-0.172143,51.484228],[-0.172137,51.484215],[-0.172132,51.484207],[-0.172077,51.484116],[-0.172058,51.484085],[-0.172053,51.484035],[-0.17217,51.484022],[-0.172224,51.484016],[-0.172235,51.484011],[-0.172309,51.483974],[-0.172315,51.48396],[-0.172319,51.483957],[-0.17233,51.483945],[-0.172337,51.483938],[-0.172344,51.483938],[-0.172352,51.483938],[-0.172374,51.483932],[-0.172446,51.483914],[-0.172458,51.483913],[-0.172495,51.483905],[-0.172577,51.483863],[-0.172592,51.483862],[-0.172596,51.483861],[-0.172624,51.483849],[-0.172632,51.483843],[-0.172648,51.483832],[-0.172655,51.483824],[-0.17268,51.48379],[-0.172685,51.483787],[-0.172787,51.483719],[-0.172765,51.48369],[-0.172759,51.483677],[-0.172754,51.483664],[-0.172749,51.483652],[-0.172723,51.483613],[-0.172707,51.483598],[-0.172666,51.483558],[-0.172658,51.483553],[-0.172648,51.483543],[-0.172617,51.483512],[-0.172611,51.483506],[-0.17261,51.483503],[-0.172608,51.4835],[-0.172574,51.483459],[-0.172549,51.483428],[-0.172464,51.483444],[-0.172382,51.483459],[-0.172269,51.483601],[-0.172264,51.483608],[-0.172259,51.483608],[-0.172185,51.483615],[-0.172163,51.48367],[-0.172162,51.483675],[-0.172164,51.48368],[-0.172189,51.483763],[-0.172192,51.483766],[-0.172216,51.483797],[-0.172231,51.483817],[-0.172221,51.483839],[-0.171971,51.483931],[-0.171957,51.483927],[-0.171947,51.483918],[-0.171926,51.483889],[-0.17187,51.483811],[-0.171861,51.483799],[-0.171847,51.48378],[-0.171843,51.483774],[-0.171798,51.483717],[-0.171796,51.483714],[-0.171729,51.48363],[-0.171679,51.483565],[-0.171612,51.48348],[-0.171623,51.48347],[-0.171609,51.483453],[-0.171598,51.48344],[-0.171622,51.483448],[-0.171688,51.483392],[-0.171732,51.483355],[-0.17177,51.483253],[-0.171777,51.483248],[-0.171792,51.483241],[-0.171795,51.483239],[-0.171833,51.483221],[-0.171949,51.483195],[-0.171955,51.483186],[-0.171958,51.483183],[-0.171968,51.483176],[-0.172074,51.4831],[-0.172071,51.483097],[-0.17197,51.48299],[-0.171574,51.482571],[-0.171578,51.48257],[-0.171807,51.482517],[-0.171842,51.482509],[-0.172087,51.482452],[-0.172259,51.482413],[-0.172409,51.482379],[-0.172422,51.482377],[-0.172587,51.48234],[-0.172766,51.482301],[-0.173024,51.482244],[-0.173116,51.482224],[-0.173148,51.482217],[-0.173397,51.482159],[-0.173396,51.482155],[-0.173435,51.482146],[-0.173439,51.48215],[-0.173494,51.482223],[-0.173507,51.48225],[-0.173624,51.482361],[-0.173629,51.482366],[-0.173729,51.48246],[-0.173801,51.482531],[-0.173862,51.482591],[-0.173895,51.482624],[-0.173987,51.482714],[-0.174071,51.482796],[-0.174075,51.4828],[-0.174082,51.482807],[-0.174111,51.482836],[-0.174181,51.482905],[-0.174235,51.482958],[-0.174289,51.483011],[-0.174318,51.483039],[-0.174366,51.483087],[-0.174477,51.483196],[-0.174955,51.483003],[-0.175025,51.483083],[-0.175033,51.483091],[-0.175053,51.483114],[-0.175108,51.48317],[-0.17516,51.483196],[-0.175284,51.483258],[-0.175565,51.483151],[-0.175572,51.483163],[-0.175632,51.483284],[-0.175656,51.483331],[-0.17568,51.483379],[-0.175689,51.483396],[-0.175727,51.483409],[-0.175731,51.483428],[-0.175753,51.483522],[-0.175814,51.48364],[-0.175822,51.48365],[-0.17588,51.48372],[-0.17589,51.483731],[-0.175901,51.483741],[-0.175906,51.483752],[-0.175989,51.48379],[-0.175987,51.483787],[-0.176116,51.483748],[-0.176124,51.483746],[-0.176273,51.483695],[-0.176409,51.483649],[-0.17669,51.483555],[-0.176713,51.483547],[-0.176786,51.483522],[-0.176933,51.483473],[-0.176936,51.483472],[-0.176935,51.483493],[-0.176933,51.483501],[-0.176937,51.483543],[-0.176938,51.483553],[-0.176946,51.483571],[-0.176948,51.483575],[-0.17695,51.48358],[-0.17698,51.483647],[-0.176982,51.483651],[-0.176988,51.48366],[-0.17708,51.483795],[-0.177117,51.483849],[-0.177123,51.483858],[-0.177105,51.483867],[-0.177091,51.483874],[-0.17708,51.483879],[-0.177016,51.48391],[-0.176999,51.483918],[-0.176943,51.483946],[-0.176893,51.48397],[-0.176832,51.483999],[-0.176773,51.484027],[-0.17675,51.484038],[-0.176693,51.484066],[-0.176641,51.484091],[-0.176606,51.484108],[-0.176496,51.484161],[-0.176436,51.48419],[-0.176328,51.484242],[-0.176267,51.484272],[-0.176257,51.484276],[-0.176135,51.484335],[-0.176128,51.484339],[-0.17611,51.484348],[-0.176095,51.484355],[-0.176083,51.484361],[-0.176069,51.484367],[-0.175793,51.484501],[-0.17578,51.484507],[-0.175768,51.484513],[-0.175759,51.484517],[-0.175532,51.484627],[-0.175509,51.484638],[-0.175503,51.484641],[-0.17545,51.484666],[-0.175382,51.484701],[-0.175364,51.484711],[-0.175191,51.4848],[-0.175166,51.484813],[-0.175161,51.484815],[-0.175143,51.484825],[-0.175039,51.484878],[-0.174976,51.484911],[-0.174965,51.484917],[-0.174937,51.484931],[-0.17487,51.484963],[-0.17482,51.484987],[-0.174721,51.485034],[-0.174679,51.485054],[-0.174619,51.485083],[-0.174532,51.485124],[-0.174493,51.485143],[-0.174486,51.485146],[-0.174452,51.485163],[-0.174405,51.485185],[-0.174177,51.485294],[-0.174164,51.485272]]]}},{"type":"Feature","properties":{"LSOA21CD":"E01002846","LSOA21NM":"Kensington and Chelsea 017A","MEAN_PTAL_":"6a","mean_AI":38.1878950017,"borough":"Kensington & Chelsea"},"geometry":{"type":"Polygon","coordinates":[[[-0.194165,51.490095],[-0.194207,51.490064],[-0.194294,51.489998],[-0.194303,51.489992],[-0.194341,51.489995],[-0.194344,51.489993],[-0.194381,51.489946],[-0.194341,51.489911],[-0.194323,51.4899],[-0.194231,51.489863],[-0.194564,51.489602],[-0.194553,51.489593],[-0.194548,51.489589],[-0.194464,51.48954],[-0.194451,51.489538],[-0.19438,51.489529],[-0.194368,51.489524],[-0.194364,51.489527],[-0.194194,51.489655],[-0.193914,51.489865],[-0.193944,51.489786],[-0.193885,51.489686],[-0.193884,51.48968],[-0.193582,51.489627],[-0.193575,51.489624],[-0.193507,51.489599],[-0.193502,51.489596],[-0.19344,51.489562],[-0.193412,51.48954],[-0.193366,51.489502],[-0.193354,51.489486],[-0.193355,51.489482],[-0.193475,51.489166],[-0.19347,51.489163],[-0.19346,51.489156],[-0.193454,51.489152],[-0.193376,51.489111],[-0.193506,51.489049],[-0.193517,51.489043],[-0.193489,51.489025],[-0.193451,51.488998],[-0.193429,51.488982],[-0.193368,51.488939],[-0.193308,51.488896],[-0.1933,51.48889],[-0.193274,51.488872],[-0.193226,51.488838],[-0.193214,51.488829],[-0.193167,51.488795],[-0.193134,51.488771],[-0.192819,51.48854],[-0.193204,51.488392],[-0.193265,51.488368],[-0.193304,51.488353],[-0.19337,51.488328],[-0.193381,51.488324],[-0.193394,51.488319],[-0.193481,51.488286],[-0.193571,51.488252],[-0.193592,51.488244],[-0.193657,51.48822],[-0.193812,51.48816],[-0.19383,51.488153],[-0.193871,51.488138],[-0.193906,51.488124],[-0.194034,51.488074],[-0.194142,51.488033],[-0.194266,51.487986],[-0.194289,51.487977],[-0.194343,51.487957],[-0.194454,51.487917],[-0.194471,51.487911],[-0.19448,51.487908],[-0.195078,51.487692],[-0.195127,51.487675],[-0.195292,51.487615],[-0.195964,51.487373],[-0.196028,51.487349],[-0.196427,51.487206],[-0.196971,51.487411],[-0.197076,51.48745],[-0.197109,51.487466],[-0.19715,51.487485],[-0.197174,51.487495],[-0.19738,51.48759],[-0.197514,51.487652],[-0.197522,51.487655],[-0.197575,51.487683],[-0.197701,51.487747],[-0.197705,51.487749],[-0.197717,51.487757],[-0.197775,51.48779],[-0.19788,51.487851],[-0.198023,51.487942],[-0.198042,51.487954],[-0.198106,51.488],[-0.198197,51.488064],[-0.198277,51.488122],[-0.19829,51.488134],[-0.198296,51.488139],[-0.198316,51.488157],[-0.198685,51.48848],[-0.198754,51.48854],[-0.198806,51.488585],[-0.198906,51.488673],[-0.198977,51.488837],[-0.199064,51.488903],[-0.199196,51.489003],[-0.199351,51.48912],[-0.199557,51.489292],[-0.199661,51.489383],[-0.19969,51.489408],[-0.199534,51.489629],[-0.199438,51.489764],[-0.1994,51.489808],[-0.199348,51.48987],[-0.199239,51.489998],[-0.199226,51.490012],[-0.199051,51.490022],[-0.198966,51.490026],[-0.198908,51.490023],[-0.198812,51.490017],[-0.198708,51.490011],[-0.198622,51.490006],[-0.198564,51.490002],[-0.198478,51.489994],[-0.198449,51.489992],[-0.198389,51.489992],[-0.198331,51.489992],[-0.198291,51.489993],[-0.198277,51.489993],[-0.198234,51.489993],[-0.198046,51.489994],[-0.198026,51.489996],[-0.197867,51.490007],[-0.197641,51.490024],[-0.197633,51.490026],[-0.197581,51.490037],[-0.197338,51.490089],[-0.197248,51.490108],[-0.197164,51.490126],[-0.197133,51.490133],[-0.196971,51.490174],[-0.19696,51.490177],[-0.196807,51.490215],[-0.196781,51.490222],[-0.196757,51.490228],[-0.196728,51.490235],[-0.196651,51.490254],[-0.196605,51.490266],[-0.196594,51.490269],[-0.196364,51.490367],[-0.196155,51.490456],[-0.196061,51.490405],[-0.195866,51.4903],[-0.195833,51.490282],[-0.195634,51.490174],[-0.195233,51.490464],[-0.195186,51.490499],[-0.19515,51.490362],[-0.195112,51.490296],[-0.195061,51.490241],[-0.195034,51.490223],[-0.19502,51.490217],[-0.195022,51.490213],[-0.195149,51.489953],[-0.195142,51.489948],[-0.194864,51.490119],[-0.194824,51.490095],[-0.19479,51.490075],[-0.194736,51.490112],[-0.194713,51.490127],[-0.194707,51.490132],[-0.19457,51.490224],[-0.194544,51.490242],[-0.194395,51.490343],[-0.194384,51.49035],[-0.194315,51.490397],[-0.194287,51.490416],[-0.194231,51.490453],[-0.194138,51.490516],[-0.194122,51.490527],[-0.194087,51.490551],[-0.194015,51.4906],[-0.194004,51.490594],[-0.19371,51.490437],[-0.193691,51.49042],[-0.193669,51.4904],[-0.193659,51.490391],[-0.193814,51.490317],[-0.193831,51.490309],[-0.193907,51.490273],[-0.193948,51.490246],[-0.193961,51.490237],[-0.194014,51.490201],[-0.194027,51.490193],[-0.194029,51.490191],[-0.194107,51.490139],[-0.19415,51.490106],[-0.194165,51.490095]]]}},{"type":"Feature","properties":{"LSOA21CD":"E01002847","LSOA21NM":"Kensington and Chelsea 015B","MEAN_PTAL_":"6a","mean_AI":38.0634806771,"borough":"Kensington & Chelsea"},"geometry":{"type":"Polygon","coordinates":[[[-0.196135,51.493148],[-0.196061,51.493091],[-0.195897,51.492965],[-0.195851,51.492927],[-0.195842,51.492919],[-0.195823,51.492905],[-0.195698,51.49281],[-0.195656,51.492778],[-0.195495,51.492656],[-0.195492,51.492653],[-0.195563,51.492616],[-0.195557,51.492512],[-0.195741,51.492415],[-0.195781,51.492417],[-0.195873,51.492431],[-0.195923,51.492431],[-0.196055,51.492431],[-0.196062,51.492431],[-0.196145,51.49239],[-0.196382,51.492272],[-0.196464,51.492232],[-0.19648,51.492224],[-0.196173,51.491967],[-0.196112,51.491916],[-0.196088,51.491897],[-0.196078,51.491894],[-0.196071,51.491892],[-0.196056,51.491879],[-0.196061,51.491875],[-0.195917,51.491759],[-0.195805,51.491668],[-0.195801,51.491666],[-0.195755,51.491628],[-0.195623,51.491522],[-0.195518,51.491458],[-0.195393,51.491513],[-0.195606,51.49175],[-0.195586,51.491755],[-0.195491,51.49178],[-0.195175,51.491594],[-0.195157,51.4916],[-0.195138,51.491587],[-0.195093,51.491617],[-0.195029,51.491661],[-0.195046,51.491671],[-0.195069,51.491684],[-0.19501,51.491727],[-0.19489,51.491815],[-0.194701,51.491953],[-0.194684,51.491966],[-0.194703,51.491984],[-0.194664,51.492007],[-0.194626,51.491977],[-0.194598,51.491956],[-0.194795,51.491821],[-0.194269,51.491563],[-0.194079,51.491605],[-0.194046,51.491605],[-0.193905,51.49176],[-0.193897,51.491768],[-0.193714,51.491753],[-0.193698,51.491752],[-0.193606,51.491756],[-0.193474,51.491791],[-0.193465,51.491794],[-0.193394,51.49185],[-0.193388,51.491855],[-0.19336,51.491909],[-0.193351,51.491927],[-0.193343,51.491957],[-0.19334,51.491967],[-0.193173,51.491897],[-0.193132,51.491815],[-0.193129,51.491809],[-0.193104,51.491804],[-0.193084,51.491821],[-0.193041,51.491859],[-0.192987,51.491886],[-0.19294,51.491909],[-0.192826,51.491966],[-0.192886,51.491874],[-0.192943,51.491788],[-0.192955,51.491769],[-0.192983,51.491726],[-0.192976,51.491704],[-0.192965,51.491699],[-0.192853,51.491606],[-0.192849,51.491604],[-0.192774,51.491512],[-0.192871,51.491455],[-0.192874,51.491452],[-0.19293,51.491411],[-0.192866,51.491377],[-0.19285,51.491368],[-0.192665,51.491267],[-0.192705,51.491222],[-0.192583,51.491157],[-0.192429,51.491075],[-0.192378,51.491042],[-0.192321,51.491005],[-0.192417,51.490959],[-0.192536,51.490902],[-0.192609,51.490867],[-0.192616,51.490864],[-0.192735,51.490813],[-0.192872,51.490754],[-0.192907,51.490737],[-0.19293,51.490725],[-0.193037,51.490799],[-0.193448,51.490938],[-0.19305,51.490666],[-0.193104,51.490639],[-0.193109,51.490636],[-0.19326,51.49057],[-0.193267,51.490573],[-0.193274,51.490583],[-0.193283,51.490582],[-0.193312,51.490597],[-0.193323,51.490593],[-0.193376,51.490575],[-0.193438,51.490554],[-0.193469,51.490544],[-0.193656,51.490481],[-0.193707,51.490459],[-0.193725,51.490451],[-0.19371,51.490437],[-0.194004,51.490594],[-0.194015,51.4906],[-0.194087,51.490551],[-0.194122,51.490527],[-0.194138,51.490516],[-0.194231,51.490453],[-0.194287,51.490416],[-0.194315,51.490397],[-0.194384,51.49035],[-0.194395,51.490343],[-0.194544,51.490242],[-0.19457,51.490224],[-0.194707,51.490132],[-0.194713,51.490127],[-0.194736,51.490112],[-0.19479,51.490075],[-0.194824,51.490095],[-0.194864,51.490119],[-0.195142,51.489948],[-0.195149,51.489953],[-0.195022,51.490213],[-0.19502,51.490217],[-0.195034,51.490223],[-0.195061,51.490241],[-0.195112,51.490296],[-0.19515,51.490362],[-0.195186,51.490499],[-0.195233,51.490464],[-0.195634,51.490174],[-0.195833,51.490282],[-0.195866,51.4903],[-0.196061,51.490405],[-0.196155,51.490456],[-0.196364,51.490367],[-0.196594,51.490269],[-0.196605,51.490266],[-0.196651,51.490254],[-0.196728,51.490235],[-0.196757,51.490228],[-0.196781,51.490222],[-0.196807,51.490215],[-0.19696,51.490177],[-0.196971,51.490174],[-0.197133,51.490133],[-0.197164,51.490126],[-0.197248,51.490108],[-0.197338,51.490089],[-0.197581,51.490037],[-0.197633,51.490026],[-0.197641,51.490024],[-0.197867,51.490007],[-0.198026,51.489996],[-0.198046,51.489994],[-0.198234,51.489993],[-0.198277,51.489993],[-0.198291,51.489993],[-0.198331,51.489992],[-0.198389,51.489992],[-0.198449,51.489992],[-0.198478,51.489994],[-0.198564,51.490002],[-0.198622,51.490006],[-0.198708,51.490011],[-0.198812,51.490017],[-0.198908,51.490023],[-0.198857,51.490429],[-0.198829,51.490428],[-0.198804,51.490427],[-0.198749,51.490419],[-0.198728,51.490417],[-0.198689,51.490415],[-0.198682,51.490414],[-0.198648,51.490412],[-0.198629,51.490413],[-0.198611,51.490411],[-0.198601,51.490411],[-0.198568,51.49041],[-0.19854,51.49041],[-0.198512,51.490406],[-0.198499,51.490406],[-0.198462,51.490405],[-0.198425,51.490405],[-0.198384,51.490404],[-0.198379,51.490404],[-0.19836,51.490405],[-0.198318,51.490403],[-0.198294,51.490404],[-0.198281,51.490404],[-0.198275,51.490402],[-0.198174,51.490404],[-0.19813,51.490405],[-0.197986,51.490407],[-0.197976,51.490408],[-0.197952,51.49041],[-0.197799,51.490425],[-0.197788,51.490426],[-0.19767,51.490438],[-0.197563,51.490456],[-0.197558,51.490457],[-0.19751,51.490465],[-0.197378,51.490488],[-0.197336,51.490498],[-0.197276,51.490513],[-0.197239,51.490521],[-0.197233,51.490523],[-0.197185,51.490533],[-0.197096,51.490553],[-0.197087,51.490555],[-0.197069,51.490603],[-0.197178,51.490643],[-0.197312,51.490691],[-0.197376,51.490715],[-0.197424,51.490732],[-0.19747,51.490749],[-0.197517,51.490766],[-0.19759,51.490793],[-0.197617,51.490803],[-0.197582,51.490805],[-0.197653,51.490843],[-0.19771,51.490872],[-0.19775,51.490893],[-0.197919,51.490981],[-0.1979,51.490993],[-0.197916,51.491002],[-0.197929,51.491009],[-0.197955,51.491023],[-0.198032,51.491064],[-0.19807,51.491084],[-0.198202,51.491155],[-0.19823,51.49117],[-0.198326,51.491222],[-0.198011,51.491439],[-0.198004,51.491435],[-0.19797,51.491458],[-0.197975,51.491463],[-0.197992,51.491478],[-0.197971,51.491497],[-0.197944,51.491485],[-0.197882,51.491458],[-0.197859,51.491448],[-0.197741,51.491388],[-0.197664,51.491348],[-0.197436,51.491506],[-0.197328,51.491524],[-0.197127,51.491423],[-0.197034,51.491287],[-0.196962,51.491304],[-0.196855,51.491388],[-0.196721,51.491493],[-0.196662,51.491539],[-0.19663,51.491564],[-0.196651,51.491575],[-0.196817,51.491657],[-0.197468,51.49198],[-0.197808,51.492149],[-0.197901,51.492195],[-0.197521,51.492333],[-0.197545,51.49236],[-0.197744,51.492578],[-0.197821,51.492663],[-0.197838,51.492668],[-0.197859,51.492691],[-0.197883,51.492717],[-0.197921,51.49277],[-0.197925,51.492774],[-0.197931,51.492781],[-0.197942,51.492797],[-0.198056,51.492921],[-0.19806,51.492926],[-0.198053,51.492928],[-0.197704,51.493051],[-0.197685,51.493058],[-0.197593,51.493102],[-0.197556,51.493103],[-0.197493,51.493106],[-0.19744,51.493103],[-0.197508,51.492972],[-0.197518,51.492906],[-0.197504,51.492881],[-0.197484,51.492849],[-0.197457,51.492833],[-0.197427,51.492815],[-0.197386,51.492804],[-0.197247,51.492871],[-0.197109,51.492938],[-0.196777,51.493036],[-0.1967,51.493058],[-0.196483,51.493136],[-0.196433,51.493154],[-0.196394,51.493117],[-0.196302,51.493183],[-0.196257,51.493214],[-0.19624,51.493212],[-0.196221,51.49321],[-0.196173,51.493176],[-0.196135,51.493148]]]}},{"type":"Feature","properties":{"LSOA21CD":"E01002848","LSOA21NM":"Kensington and Chelsea 015C","MEAN_PTAL_":"6a","mean_AI":32.1184792841,"borough":"Kensington & Chelsea"},"geometry":{"type":"Polygon","coordinates":[[[-0.199025,51.493209],[-0.198984,51.493165],[-0.198876,51.493047],[-0.19883,51.492996],[-0.198748,51.492907],[-0.198695,51.492849],[-0.198626,51.492774],[-0.19857,51.492736],[-0.198388,51.492678],[-0.198295,51.492624],[-0.198269,51.492569],[-0.19827,51.492516],[-0.198297,51.492456],[-0.198298,51.492446],[-0.198221,51.492479],[-0.197938,51.492538],[-0.197761,51.492575],[-0.197744,51.492578],[-0.197545,51.49236],[-0.197521,51.492333],[-0.197901,51.492195],[-0.197808,51.492149],[-0.197468,51.49198],[-0.196817,51.491657],[-0.196651,51.491575],[-0.19663,51.491564],[-0.196662,51.491539],[-0.196721,51.491493],[-0.196855,51.491388],[-0.196962,51.491304],[-0.197034,51.491287],[-0.197127,51.491423],[-0.197328,51.491524],[-0.197436,51.491506],[-0.197664,51.491348],[-0.197741,51.491388],[-0.197859,51.491448],[-0.197882,51.491458],[-0.197944,51.491485],[-0.197971,51.491497],[-0.197992,51.491478],[-0.197975,51.491463],[-0.19797,51.491458],[-0.198004,51.491435],[-0.198011,51.491439],[-0.198326,51.491222],[-0.19823,51.49117],[-0.198202,51.491155],[-0.19807,51.491084],[-0.198032,51.491064],[-0.197955,51.491023],[-0.197929,51.491009],[-0.197916,51.491002],[-0.1979,51.490993],[-0.197919,51.490981],[-0.19775,51.490893],[-0.19771,51.490872],[-0.197653,51.490843],[-0.197582,51.490805],[-0.197617,51.490803],[-0.19759,51.490793],[-0.197517,51.490766],[-0.19747,51.490749],[-0.197424,51.490732],[-0.197376,51.490715],[-0.197312,51.490691],[-0.197178,51.490643],[-0.197069,51.490603],[-0.197087,51.490555],[-0.197096,51.490553],[-0.197185,51.490533],[-0.197233,51.490523],[-0.197239,51.490521],[-0.197276,51.490513],[-0.197336,51.490498],[-0.197378,51.490488],[-0.19751,51.490465],[-0.197558,51.490457],[-0.197563,51.490456],[-0.19767,51.490438],[-0.197788,51.490426],[-0.197799,51.490425],[-0.197952,51.49041],[-0.197976,51.490408],[-0.197986,51.490407],[-0.19813,51.490405],[-0.198174,51.490404],[-0.198275,51.490402],[-0.198281,51.490404],[-0.198294,51.490404],[-0.198318,51.490403],[-0.19836,51.490405],[-0.198379,51.490404],[-0.198384,51.490404],[-0.198425,51.490405],[-0.198462,51.490405],[-0.198499,51.490406],[-0.198512,51.490406],[-0.19854,51.49041],[-0.198568,51.49041],[-0.198601,51.490411],[-0.198611,51.490411],[-0.198629,51.490413],[-0.198648,51.490412],[-0.198682,51.490414],[-0.198689,51.490415],[-0.198728,51.490417],[-0.198749,51.490419],[-0.198804,51.490427],[-0.198829,51.490428],[-0.198857,51.490429],[-0.198908,51.490023],[-0.198966,51.490026],[-0.199051,51.490022],[-0.199226,51.490012],[-0.199239,51.489998],[-0.199348,51.48987],[-0.1994,51.489808],[-0.199438,51.489764],[-0.199534,51.489629],[-0.19969,51.489408],[-0.199741,51.489453],[-0.199843,51.489541],[-0.199939,51.489625],[-0.200006,51.489683],[-0.200042,51.489714],[-0.200153,51.489811],[-0.200167,51.489823],[-0.200195,51.489847],[-0.200198,51.48985],[-0.200285,51.489926],[-0.200351,51.489983],[-0.200463,51.490025],[-0.200562,51.490061],[-0.200579,51.490067],[-0.2006,51.490075],[-0.200648,51.490121],[-0.200701,51.490171],[-0.200748,51.490216],[-0.200863,51.490325],[-0.200912,51.490372],[-0.200992,51.490444],[-0.201076,51.490519],[-0.201205,51.490636],[-0.20133,51.490749],[-0.201349,51.490765],[-0.201357,51.490773],[-0.201377,51.490791],[-0.201492,51.490895],[-0.201659,51.491045],[-0.201751,51.491128],[-0.201797,51.491169],[-0.20188,51.491242],[-0.201967,51.491319],[-0.202322,51.491632],[-0.202384,51.491687],[-0.202181,51.49176],[-0.202096,51.491791],[-0.201856,51.491877],[-0.201701,51.491933],[-0.201562,51.491985],[-0.201548,51.491992],[-0.201539,51.491996],[-0.20148,51.492023],[-0.201311,51.492118],[-0.201226,51.492176],[-0.201214,51.492184],[-0.201116,51.492262],[-0.201082,51.492289],[-0.201041,51.492321],[-0.200955,51.492389],[-0.200829,51.492489],[-0.200524,51.492687],[-0.200408,51.492762],[-0.200395,51.49277],[-0.200386,51.492775],[-0.200364,51.492786],[-0.200341,51.492798],[-0.200264,51.492834],[-0.200165,51.49288],[-0.200125,51.492894],[-0.200116,51.492897],[-0.199927,51.492964],[-0.199785,51.493014],[-0.199677,51.493051],[-0.199659,51.493058],[-0.199627,51.493069],[-0.199581,51.493085],[-0.199464,51.493126],[-0.199375,51.493158],[-0.199254,51.493201],[-0.199243,51.493204],[-0.199178,51.493171],[-0.199025,51.493209]]]}},{"type":"Feature","properties":{"LSOA21CD":"E01002849","LSOA21NM":"Kensington and Chelsea 017B","MEAN_PTAL_":"6a","mean_AI":36.9742672753,"borough":"Kensington & Chelsea"},"geometry":{"type":"Polygon","coordinates":[[[-0.190808,51.491825],[-0.19085,51.491801],[-0.190862,51.491794],[-0.190901,51.49177],[-0.191136,51.491632],[-0.191148,51.491624],[-0.19129,51.491541],[-0.191297,51.491537],[-0.191351,51.491504],[-0.191375,51.49149],[-0.191679,51.491311],[-0.191698,51.491299],[-0.191711,51.491291],[-0.191673,51.491261],[-0.19166,51.491251],[-0.191655,51.491247],[-0.191645,51.491239],[-0.191508,51.491132],[-0.191468,51.491101],[-0.191441,51.491079],[-0.191429,51.491069],[-0.191426,51.491066],[-0.19142,51.491061],[-0.191372,51.491017],[-0.191367,51.491012],[-0.191303,51.490954],[-0.191191,51.490829],[-0.191175,51.490811],[-0.191167,51.490798],[-0.191162,51.490791],[-0.191123,51.490725],[-0.191117,51.490714],[-0.191106,51.490695],[-0.191091,51.490671],[-0.19108,51.490652],[-0.191058,51.490615],[-0.191024,51.490557],[-0.191022,51.490555],[-0.191015,51.490542],[-0.19099,51.490495],[-0.190987,51.490489],[-0.190954,51.490428],[-0.19094,51.49041],[-0.190922,51.490387],[-0.190908,51.490369],[-0.190864,51.490312],[-0.190859,51.490304],[-0.190803,51.490231],[-0.190776,51.490197],[-0.190739,51.490148],[-0.19073,51.490136],[-0.190709,51.490115],[-0.190694,51.490098],[-0.190672,51.490076],[-0.190651,51.490054],[-0.190551,51.489948],[-0.190545,51.489942],[-0.190487,51.48988],[-0.190457,51.489848],[-0.190419,51.489807],[-0.19041,51.489799],[-0.190406,51.489795],[-0.190382,51.489772],[-0.190314,51.489704],[-0.190294,51.489685],[-0.190285,51.489676],[-0.190182,51.489575],[-0.190133,51.489527],[-0.19013,51.489524],[-0.190136,51.489522],[-0.190181,51.489507],[-0.190217,51.489495],[-0.190259,51.489481],[-0.190299,51.489465],[-0.190325,51.489454],[-0.19042,51.489417],[-0.190443,51.489409],[-0.190492,51.489392],[-0.190585,51.489359],[-0.190651,51.489335],[-0.190709,51.489315],[-0.190759,51.489297],[-0.190803,51.489282],[-0.190836,51.489271],[-0.190844,51.489268],[-0.19086,51.489262],[-0.190978,51.489221],[-0.191071,51.489188],[-0.191133,51.489166],[-0.191147,51.489162],[-0.191162,51.489156],[-0.1912,51.489143],[-0.191414,51.489068],[-0.191447,51.489056],[-0.191479,51.489045],[-0.191568,51.489014],[-0.191694,51.48897],[-0.191776,51.488938],[-0.191838,51.488915],[-0.192032,51.48884],[-0.192081,51.488822],[-0.192149,51.488795],[-0.192294,51.48874],[-0.192329,51.488727],[-0.192453,51.488679],[-0.192541,51.488646],[-0.192723,51.488576],[-0.192819,51.48854],[-0.193134,51.488771],[-0.193167,51.488795],[-0.193214,51.488829],[-0.193226,51.488838],[-0.193274,51.488872],[-0.1933,51.48889],[-0.193308,51.488896],[-0.193368,51.488939],[-0.193429,51.488982],[-0.193451,51.488998],[-0.193489,51.489025],[-0.193517,51.489043],[-0.193506,51.489049],[-0.193376,51.489111],[-0.193454,51.489152],[-0.19346,51.489156],[-0.19347,51.489163],[-0.193475,51.489166],[-0.193355,51.489482],[-0.193354,51.489486],[-0.193366,51.489502],[-0.193412,51.48954],[-0.19344,51.489562],[-0.193502,51.489596],[-0.193507,51.489599],[-0.193575,51.489624],[-0.193582,51.489627],[-0.193884,51.48968],[-0.193885,51.489686],[-0.193944,51.489786],[-0.193914,51.489865],[-0.194194,51.489655],[-0.194364,51.489527],[-0.194368,51.489524],[-0.19438,51.489529],[-0.194451,51.489538],[-0.194464,51.48954],[-0.194548,51.489589],[-0.194553,51.489593],[-0.194564,51.489602],[-0.194231,51.489863],[-0.194323,51.4899],[-0.194341,51.489911],[-0.194381,51.489946],[-0.194344,51.489993],[-0.194341,51.489995],[-0.194303,51.489992],[-0.194294,51.489998],[-0.194207,51.490064],[-0.194165,51.490095],[-0.19415,51.490106],[-0.194107,51.490139],[-0.194029,51.490191],[-0.194027,51.490193],[-0.194014,51.490201],[-0.193961,51.490237],[-0.193948,51.490246],[-0.193907,51.490273],[-0.193831,51.490309],[-0.193814,51.490317],[-0.193659,51.490391],[-0.193669,51.4904],[-0.193691,51.49042],[-0.19371,51.490437],[-0.193725,51.490451],[-0.193707,51.490459],[-0.193656,51.490481],[-0.193469,51.490544],[-0.193438,51.490554],[-0.193376,51.490575],[-0.193323,51.490593],[-0.193312,51.490597],[-0.193283,51.490582],[-0.193274,51.490583],[-0.193267,51.490573],[-0.19326,51.49057],[-0.193109,51.490636],[-0.193104,51.490639],[-0.19305,51.490666],[-0.193448,51.490938],[-0.193037,51.490799],[-0.19293,51.490725],[-0.192907,51.490737],[-0.192872,51.490754],[-0.192735,51.490813],[-0.192616,51.490864],[-0.192609,51.490867],[-0.192536,51.490902],[-0.192417,51.490959],[-0.192321,51.491005],[-0.192378,51.491042],[-0.192429,51.491075],[-0.192583,51.491157],[-0.192705,51.491222],[-0.192665,51.491267],[-0.19285,51.491368],[-0.192866,51.491377],[-0.19293,51.491411],[-0.192874,51.491452],[-0.192871,51.491455],[-0.192774,51.491512],[-0.192849,51.491604],[-0.192853,51.491606],[-0.192965,51.491699],[-0.192976,51.491704],[-0.192983,51.491726],[-0.192955,51.491769],[-0.192943,51.491788],[-0.192886,51.491874],[-0.192826,51.491966],[-0.192821,51.491969],[-0.192767,51.492005],[-0.19276,51.49201],[-0.192747,51.492006],[-0.192724,51.492017],[-0.192708,51.492025],[-0.192612,51.491958],[-0.192606,51.491954],[-0.192558,51.49192],[-0.19251,51.491885],[-0.192357,51.491777],[-0.192332,51.491756],[-0.192085,51.491903],[-0.191773,51.491822],[-0.191776,51.491833],[-0.191795,51.491896],[-0.191848,51.492072],[-0.191863,51.492121],[-0.191915,51.49214],[-0.191937,51.492168],[-0.191929,51.492211],[-0.19191,51.492247],[-0.191907,51.492254],[-0.191896,51.492274],[-0.191845,51.492339],[-0.191805,51.492371],[-0.191757,51.492396],[-0.191676,51.49242],[-0.191655,51.492426],[-0.191573,51.492441],[-0.191547,51.492459],[-0.19152,51.492473],[-0.191503,51.492481],[-0.191425,51.492517],[-0.191365,51.492537],[-0.191339,51.492542],[-0.191321,51.492562],[-0.191278,51.492598],[-0.191224,51.492631],[-0.191165,51.492655],[-0.191148,51.492667],[-0.191126,51.492687],[-0.19111,51.492701],[-0.191095,51.492711],[-0.190998,51.492756],[-0.190992,51.492761],[-0.190984,51.492766],[-0.190945,51.492787],[-0.190937,51.492793],[-0.190907,51.492808],[-0.190872,51.492827],[-0.190805,51.492852],[-0.190787,51.492859],[-0.190767,51.492864],[-0.190753,51.492867],[-0.190743,51.492879],[-0.190734,51.492888],[-0.190711,51.492909],[-0.190677,51.49294],[-0.190644,51.492944],[-0.190578,51.492954],[-0.190405,51.492902],[-0.190334,51.492881],[-0.190353,51.492823],[-0.1904,51.492679],[-0.190414,51.492639],[-0.190405,51.492626],[-0.190543,51.492547],[-0.190569,51.492532],[-0.190645,51.492489],[-0.190625,51.492473],[-0.190462,51.492334],[-0.190383,51.492266],[-0.190355,51.492243],[-0.190322,51.492215],[-0.1903,51.492196],[-0.190254,51.492156],[-0.190273,51.492144],[-0.190285,51.492138],[-0.190339,51.492105],[-0.190454,51.492037],[-0.190481,51.49202],[-0.190508,51.492004],[-0.190518,51.491998],[-0.190535,51.491988],[-0.190596,51.491952],[-0.190601,51.491949],[-0.190685,51.491898],[-0.190736,51.491868],[-0.190745,51.491863],[-0.190775,51.491845],[-0.190808,51.491825]]]}},{"type":"Feature","properties":{"LSOA21CD":"E01002850","LSOA21NM":"Kensington and Chelsea 013D","MEAN_PTAL_":"6a","mean_AI":35.0847758548,"borough":"Kensington & Chelsea"},"geometry":{"type":"Polygon","coordinates":[[[-0.190922,51.494021],[-0.190718,51.493832],[-0.190041,51.493208],[-0.189898,51.493075],[-0.189885,51.493062],[-0.189852,51.493032],[-0.189833,51.493015],[-0.189809,51.492992],[-0.189784,51.492969],[-0.189748,51.492936],[-0.189742,51.492931],[-0.189834,51.492894],[-0.1902,51.492742],[-0.190212,51.492735],[-0.190405,51.492626],[-0.190414,51.492639],[-0.1904,51.492679],[-0.190353,51.492823],[-0.190334,51.492881],[-0.190405,51.492902],[-0.190578,51.492954],[-0.190644,51.492944],[-0.190677,51.49294],[-0.190711,51.492909],[-0.190734,51.492888],[-0.190743,51.492879],[-0.190753,51.492867],[-0.190767,51.492864],[-0.190787,51.492859],[-0.190805,51.492852],[-0.190872,51.492827],[-0.190907,51.492808],[-0.190937,51.492793],[-0.190945,51.492787],[-0.190984,51.492766],[-0.190992,51.492761],[-0.190998,51.492756],[-0.191095,51.492711],[-0.19111,51.492701],[-0.191126,51.492687],[-0.191148,51.492667],[-0.191165,51.492655],[-0.191224,51.492631],[-0.191278,51.492598],[-0.191321,51.492562],[-0.191339,51.492542],[-0.191365,51.492537],[-0.191425,51.492517],[-0.191503,51.492481],[-0.19152,51.492473],[-0.191547,51.492459],[-0.191573,51.492441],[-0.191655,51.492426],[-0.191676,51.49242],[-0.191757,51.492396],[-0.191805,51.492371],[-0.191845,51.492339],[-0.191896,51.492274],[-0.191907,51.492254],[-0.19191,51.492247],[-0.191929,51.492211],[-0.191937,51.492168],[-0.191915,51.49214],[-0.191863,51.492121],[-0.191848,51.492072],[-0.191795,51.491896],[-0.191776,51.491833],[-0.191773,51.491822],[-0.192085,51.491903],[-0.192332,51.491756],[-0.192357,51.491777],[-0.19251,51.491885],[-0.192558,51.49192],[-0.192606,51.491954],[-0.192612,51.491958],[-0.192708,51.492025],[-0.192724,51.492017],[-0.192747,51.492006],[-0.19276,51.49201],[-0.192767,51.492005],[-0.192821,51.491969],[-0.192826,51.491966],[-0.19294,51.491909],[-0.192987,51.491886],[-0.193041,51.491859],[-0.193084,51.491821],[-0.193104,51.491804],[-0.193129,51.491809],[-0.193132,51.491815],[-0.193173,51.491897],[-0.19334,51.491967],[-0.193343,51.491957],[-0.193351,51.491927],[-0.19336,51.491909],[-0.193388,51.491855],[-0.193394,51.49185],[-0.193465,51.491794],[-0.193474,51.491791],[-0.193606,51.491756],[-0.193698,51.491752],[-0.193714,51.491753],[-0.193897,51.491768],[-0.1939,51.491799],[-0.193729,51.491976],[-0.193731,51.491983],[-0.193737,51.492002],[-0.193721,51.492036],[-0.193687,51.492103],[-0.193746,51.492221],[-0.193804,51.492337],[-0.193658,51.49241],[-0.19365,51.492414],[-0.193687,51.492483],[-0.19369,51.49249],[-0.193723,51.492532],[-0.193878,51.49243],[-0.194123,51.492269],[-0.194134,51.492301],[-0.194137,51.492309],[-0.194175,51.492414],[-0.194172,51.492418],[-0.194154,51.492449],[-0.194159,51.492564],[-0.194326,51.492597],[-0.194415,51.49258],[-0.194414,51.49263],[-0.194358,51.492717],[-0.194531,51.492793],[-0.194536,51.492795],[-0.19449,51.492811],[-0.194222,51.492908],[-0.194209,51.492912],[-0.194158,51.492923],[-0.19416,51.492931],[-0.194141,51.492938],[-0.194168,51.492964],[-0.194247,51.49304],[-0.194321,51.493112],[-0.194354,51.493148],[-0.194357,51.493188],[-0.194225,51.493242],[-0.194037,51.493317],[-0.194083,51.493344],[-0.194086,51.493375],[-0.194165,51.493394],[-0.194218,51.493407],[-0.194215,51.493415],[-0.194222,51.493422],[-0.194229,51.493429],[-0.194249,51.493449],[-0.194256,51.493455],[-0.194265,51.493458],[-0.194271,51.493496],[-0.194272,51.493499],[-0.194349,51.493508],[-0.194336,51.493548],[-0.194344,51.493552],[-0.194377,51.493567],[-0.194383,51.493575],[-0.194403,51.493603],[-0.194377,51.493663],[-0.194378,51.493675],[-0.19438,51.493701],[-0.194332,51.493728],[-0.194323,51.493736],[-0.194408,51.493781],[-0.194579,51.493868],[-0.194587,51.493913],[-0.194817,51.494011],[-0.194848,51.494001],[-0.194984,51.493993],[-0.195019,51.493991],[-0.195024,51.493991],[-0.195024,51.493993],[-0.195025,51.493999],[-0.195027,51.494002],[-0.195039,51.494019],[-0.195062,51.494049],[-0.194949,51.494076],[-0.194935,51.49408],[-0.194806,51.494111],[-0.19464,51.49415],[-0.194617,51.494155],[-0.194517,51.494172],[-0.194512,51.494173],[-0.194497,51.494248],[-0.194496,51.494251],[-0.19452,51.494262],[-0.194477,51.494342],[-0.194438,51.494525],[-0.194403,51.494706],[-0.194401,51.494715],[-0.194348,51.494716],[-0.19432,51.494717],[-0.193847,51.494727],[-0.193817,51.494727],[-0.193757,51.494728],[-0.193704,51.49473],[-0.193688,51.49473],[-0.193669,51.49473],[-0.19356,51.494732],[-0.193489,51.494734],[-0.193425,51.494735],[-0.193346,51.494737],[-0.193218,51.494739],[-0.193193,51.49474],[-0.193188,51.49474],[-0.193179,51.49474],[-0.19312,51.494741],[-0.193105,51.494742],[-0.193048,51.494743],[-0.193023,51.494743],[-0.192872,51.494746],[-0.192682,51.49475],[-0.192657,51.494751],[-0.192624,51.494751],[-0.192602,51.494752],[-0.192512,51.494754],[-0.192199,51.49476],[-0.192137,51.494759],[-0.192131,51.494759],[-0.192109,51.494759],[-0.19209,51.494759],[-0.191814,51.494757],[-0.191772,51.494757],[-0.191767,51.494757],[-0.191498,51.494755],[-0.191426,51.494756],[-0.191414,51.494756],[-0.1914,51.494756],[-0.191116,51.49476],[-0.191103,51.49476],[-0.191104,51.494698],[-0.191108,51.494422],[-0.191109,51.494392],[-0.191109,51.494357],[-0.191111,51.494244],[-0.191111,51.494226],[-0.191112,51.494203],[-0.191112,51.494197],[-0.191073,51.494161],[-0.190991,51.494085],[-0.190986,51.494081],[-0.190922,51.494021]]]}},{"type":"Feature","properties":{"LSOA21CD":"E01002851","LSOA21NM":"Kensington and Chelsea 015D","MEAN_PTAL_":"6a","mean_AI":32.8800248158,"borough":"Kensington & Chelsea"},"geometry":{"type":"Polygon","coordinates":[[[-0.195024,51.493993],[-0.195024,51.493991],[-0.195019,51.493991],[-0.194984,51.493993],[-0.194848,51.494001],[-0.194817,51.494011],[-0.194587,51.493913],[-0.194579,51.493868],[-0.194408,51.493781],[-0.194323,51.493736],[-0.194332,51.493728],[-0.19438,51.493701],[-0.194378,51.493675],[-0.194377,51.493663],[-0.194403,51.493603],[-0.194383,51.493575],[-0.194377,51.493567],[-0.194344,51.493552],[-0.194336,51.493548],[-0.194349,51.493508],[-0.194272,51.493499],[-0.194271,51.493496],[-0.194265,51.493458],[-0.194256,51.493455],[-0.194249,51.493449],[-0.194229,51.493429],[-0.194222,51.493422],[-0.194215,51.493415],[-0.194218,51.493407],[-0.194165,51.493394],[-0.194086,51.493375],[-0.194083,51.493344],[-0.194037,51.493317],[-0.194225,51.493242],[-0.194357,51.493188],[-0.194354,51.493148],[-0.194321,51.493112],[-0.194247,51.49304],[-0.194168,51.492964],[-0.194141,51.492938],[-0.19416,51.492931],[-0.194158,51.492923],[-0.194209,51.492912],[-0.194222,51.492908],[-0.19449,51.492811],[-0.194536,51.492795],[-0.194531,51.492793],[-0.194358,51.492717],[-0.194414,51.49263],[-0.194415,51.49258],[-0.194326,51.492597],[-0.194159,51.492564],[-0.194154,51.492449],[-0.194172,51.492418],[-0.194175,51.492414],[-0.194137,51.492309],[-0.194134,51.492301],[-0.194123,51.492269],[-0.193878,51.49243],[-0.193723,51.492532],[-0.19369,51.49249],[-0.193687,51.492483],[-0.19365,51.492414],[-0.193658,51.49241],[-0.193804,51.492337],[-0.193746,51.492221],[-0.193687,51.492103],[-0.193721,51.492036],[-0.193737,51.492002],[-0.193731,51.491983],[-0.193729,51.491976],[-0.1939,51.491799],[-0.193897,51.491768],[-0.193905,51.49176],[-0.194046,51.491605],[-0.194079,51.491605],[-0.194269,51.491563],[-0.194795,51.491821],[-0.194598,51.491956],[-0.194626,51.491977],[-0.194664,51.492007],[-0.194703,51.491984],[-0.194684,51.491966],[-0.194701,51.491953],[-0.19489,51.491815],[-0.19501,51.491727],[-0.195069,51.491684],[-0.195046,51.491671],[-0.195029,51.491661],[-0.195093,51.491617],[-0.195138,51.491587],[-0.195157,51.4916],[-0.195175,51.491594],[-0.195491,51.49178],[-0.195586,51.491755],[-0.195606,51.49175],[-0.195393,51.491513],[-0.195518,51.491458],[-0.195623,51.491522],[-0.195755,51.491628],[-0.195801,51.491666],[-0.195805,51.491668],[-0.195917,51.491759],[-0.196061,51.491875],[-0.196056,51.491879],[-0.196071,51.491892],[-0.196078,51.491894],[-0.196088,51.491897],[-0.196112,51.491916],[-0.196173,51.491967],[-0.19648,51.492224],[-0.196464,51.492232],[-0.196382,51.492272],[-0.196145,51.49239],[-0.196062,51.492431],[-0.196055,51.492431],[-0.195923,51.492431],[-0.195873,51.492431],[-0.195781,51.492417],[-0.195741,51.492415],[-0.195557,51.492512],[-0.195563,51.492616],[-0.195492,51.492653],[-0.195495,51.492656],[-0.195656,51.492778],[-0.195698,51.49281],[-0.195823,51.492905],[-0.195842,51.492919],[-0.195851,51.492927],[-0.195897,51.492965],[-0.196061,51.493091],[-0.196135,51.493148],[-0.196173,51.493176],[-0.196221,51.49321],[-0.19624,51.493212],[-0.196257,51.493214],[-0.196302,51.493183],[-0.196394,51.493117],[-0.196433,51.493154],[-0.196483,51.493136],[-0.1967,51.493058],[-0.196777,51.493036],[-0.197109,51.492938],[-0.197247,51.492871],[-0.197386,51.492804],[-0.197427,51.492815],[-0.197457,51.492833],[-0.197484,51.492849],[-0.197504,51.492881],[-0.197518,51.492906],[-0.197508,51.492972],[-0.19744,51.493103],[-0.197493,51.493106],[-0.197556,51.493103],[-0.197593,51.493102],[-0.197685,51.493058],[-0.197704,51.493051],[-0.198053,51.492928],[-0.19806,51.492926],[-0.198056,51.492921],[-0.197942,51.492797],[-0.197931,51.492781],[-0.197925,51.492774],[-0.197921,51.49277],[-0.197883,51.492717],[-0.197859,51.492691],[-0.197838,51.492668],[-0.197821,51.492663],[-0.197744,51.492578],[-0.197761,51.492575],[-0.197938,51.492538],[-0.198221,51.492479],[-0.198298,51.492446],[-0.198297,51.492456],[-0.19827,51.492516],[-0.198269,51.492569],[-0.198295,51.492624],[-0.198388,51.492678],[-0.19857,51.492736],[-0.198626,51.492774],[-0.198695,51.492849],[-0.198748,51.492907],[-0.19883,51.492996],[-0.198876,51.493047],[-0.198984,51.493165],[-0.199025,51.493209],[-0.199178,51.493171],[-0.199243,51.493204],[-0.199074,51.493263],[-0.198558,51.493445],[-0.198484,51.493471],[-0.19846,51.49348],[-0.198443,51.493485],[-0.198068,51.493617],[-0.198013,51.493637],[-0.197979,51.493649],[-0.19795,51.493659],[-0.197896,51.493678],[-0.197887,51.493681],[-0.197857,51.493692],[-0.197737,51.493735],[-0.197713,51.493744],[-0.197702,51.493748],[-0.197648,51.493767],[-0.197547,51.493804],[-0.197531,51.49381],[-0.197454,51.493837],[-0.197424,51.493848],[-0.197408,51.493854],[-0.197378,51.493865],[-0.197348,51.493876],[-0.19731,51.493889],[-0.197285,51.493898],[-0.197278,51.493901],[-0.197182,51.493936],[-0.197096,51.493967],[-0.197044,51.493985],[-0.196964,51.494014],[-0.196924,51.494029],[-0.196875,51.494046],[-0.196842,51.494059],[-0.196726,51.4941],[-0.196178,51.494298],[-0.196139,51.494312],[-0.196083,51.494333],[-0.19601,51.494359],[-0.195982,51.494369],[-0.195761,51.494449],[-0.195628,51.494497],[-0.195449,51.494543],[-0.195443,51.494544],[-0.195334,51.494572],[-0.195221,51.494602],[-0.195193,51.494609],[-0.195135,51.494624],[-0.194912,51.494681],[-0.194768,51.494702],[-0.194723,51.494709],[-0.194645,51.49471],[-0.19446,51.494714],[-0.194401,51.494715],[-0.194403,51.494706],[-0.194438,51.494525],[-0.194477,51.494342],[-0.19452,51.494262],[-0.194496,51.494251],[-0.194497,51.494248],[-0.194512,51.494173],[-0.194517,51.494172],[-0.194617,51.494155],[-0.19464,51.49415],[-0.194806,51.494111],[-0.194935,51.49408],[-0.194949,51.494076],[-0.195062,51.494049],[-0.195039,51.494019],[-0.195027,51.494002],[-0.195025,51.493999],[-0.195024,51.493993]]]}},{"type":"Feature","properties":{"LSOA21CD":"E01002853","LSOA21NM":"Kensington and Chelsea 001B","MEAN_PTAL_":"4","mean_AI":15.042979388,"borough":"Kensington & Chelsea"},"geometry":{"type":"Polygon","coordinates":[[[-0.210856,51.523875],[-0.211106,51.523526],[-0.210895,51.523479],[-0.210714,51.523439],[-0.210515,51.523395],[-0.210379,51.523365],[-0.21033,51.523354],[-0.210251,51.523337],[-0.210128,51.523305],[-0.209923,51.523251],[-0.209918,51.523249],[-0.209825,51.523202],[-0.209679,51.52313],[-0.209516,51.523192],[-0.209508,51.523196],[-0.209488,51.523209],[-0.209478,51.523212],[-0.20921,51.523298],[-0.208903,51.523398],[-0.208728,51.523354],[-0.20864,51.523331],[-0.208471,51.523288],[-0.208474,51.523283],[-0.20849,51.523251],[-0.208349,51.523107],[-0.208343,51.523105],[-0.208331,51.5231],[-0.208331,51.523078],[-0.20833,51.523036],[-0.208329,51.522936],[-0.208344,51.522839],[-0.208353,51.522802],[-0.208409,51.522673],[-0.208423,51.522649],[-0.208427,51.522641],[-0.208595,51.5226],[-0.208591,51.522598],[-0.208422,51.522515],[-0.208296,51.522453],[-0.208315,51.52244],[-0.208443,51.522352],[-0.208461,51.52234],[-0.208515,51.522303],[-0.208542,51.522284],[-0.208661,51.522203],[-0.208702,51.522175],[-0.208739,51.522149],[-0.2088,51.522107],[-0.208819,51.522095],[-0.208856,51.522069],[-0.20892,51.522025],[-0.208931,51.522017],[-0.20897,51.521991],[-0.20904,51.521943],[-0.20907,51.521922],[-0.209124,51.521886],[-0.209197,51.521835],[-0.209237,51.521808],[-0.209314,51.521755],[-0.209317,51.521753],[-0.209321,51.52175],[-0.209355,51.521727],[-0.209403,51.521694],[-0.209451,51.521661],[-0.209492,51.521633],[-0.209508,51.521622],[-0.209531,51.521606],[-0.209595,51.521562],[-0.209625,51.521541],[-0.209672,51.52151],[-0.209729,51.52147],[-0.209733,51.521468],[-0.209762,51.521468],[-0.209796,51.521485],[-0.209844,51.521509],[-0.209871,51.521522],[-0.209903,51.521538],[-0.210115,51.521644],[-0.210151,51.521651],[-0.210164,51.521653],[-0.210173,51.521654],[-0.210186,51.52165],[-0.210202,51.521646],[-0.210458,51.521501],[-0.210496,51.52148],[-0.21056,51.521525],[-0.210671,51.52162],[-0.210679,51.521626],[-0.210803,51.521731],[-0.210979,51.521881],[-0.211013,51.52191],[-0.211076,51.521895],[-0.211083,51.521894],[-0.211096,51.521891],[-0.21161,51.521772],[-0.21171,51.521749],[-0.211927,51.521699],[-0.212042,51.521672],[-0.212068,51.521666],[-0.212092,51.521661],[-0.212125,51.521653],[-0.212324,51.521607],[-0.21242,51.521585],[-0.212486,51.521697],[-0.212527,51.521768],[-0.212558,51.521822],[-0.212572,51.521845],[-0.212582,51.521863],[-0.212591,51.521878],[-0.212631,51.521948],[-0.212661,51.522],[-0.212678,51.52203],[-0.212683,51.522037],[-0.212691,51.522051],[-0.212717,51.522097],[-0.212731,51.522122],[-0.212755,51.522162],[-0.212779,51.522203],[-0.212814,51.522264],[-0.212841,51.522312],[-0.212874,51.522369],[-0.212888,51.522392],[-0.21289,51.522396],[-0.212906,51.522424],[-0.212913,51.522435],[-0.212927,51.52246],[-0.212955,51.522508],[-0.212963,51.522522],[-0.212968,51.52253],[-0.212973,51.52254],[-0.213007,51.522598],[-0.213035,51.522647],[-0.213041,51.522657],[-0.213053,51.522679],[-0.213066,51.522701],[-0.213081,51.522727],[-0.213108,51.522773],[-0.213135,51.522821],[-0.213175,51.52289],[-0.213183,51.522904],[-0.213192,51.522919],[-0.213205,51.522942],[-0.213218,51.522964],[-0.213231,51.522987],[-0.213252,51.523023],[-0.213264,51.523045],[-0.213296,51.523102],[-0.213328,51.52316],[-0.213349,51.523196],[-0.213355,51.523207],[-0.213359,51.523214],[-0.213393,51.523274],[-0.213397,51.523283],[-0.213404,51.523295],[-0.213442,51.523362],[-0.213231,51.523403],[-0.213136,51.523421],[-0.212947,51.523457],[-0.212885,51.523568],[-0.212876,51.523584],[-0.21285,51.523596],[-0.212777,51.523571],[-0.212757,51.523574],[-0.212546,51.523599],[-0.212375,51.523621],[-0.21208,51.523653],[-0.212075,51.523654],[-0.211993,51.523603],[-0.211962,51.523607],[-0.211949,51.523609],[-0.211927,51.523607],[-0.211794,51.5236],[-0.211768,51.523612],[-0.211753,51.523621],[-0.211724,51.523629],[-0.211704,51.523632],[-0.211685,51.523641],[-0.211898,51.523701],[-0.212096,51.523756],[-0.212251,51.523799],[-0.212308,51.523812],[-0.212301,51.523825],[-0.212146,51.524114],[-0.212124,51.524155],[-0.212116,51.524154],[-0.211988,51.524126],[-0.211907,51.524109],[-0.211894,51.524106],[-0.211656,51.524053],[-0.211545,51.524028],[-0.211289,51.523971],[-0.211221,51.523956],[-0.211077,51.523924],[-0.210856,51.523875]]]}},{"type":"Feature","properties":{"LSOA21CD":"E01002856","LSOA21NM":"Kensington and Chelsea 004E","MEAN_PTAL_":"4","mean_AI":17.6444511398,"borough":"Kensington & Chelsea"},"geometry":{"type":"Polygon","coordinates":[[[-0.209621,51.520734],[-0.209479,51.520471],[-0.209457,51.520444],[-0.209431,51.520417],[-0.209475,51.520342],[-0.209488,51.520316],[-0.209497,51.520293],[-0.209554,51.520298],[-0.209625,51.520303],[-0.209712,51.520306],[-0.209813,51.520304],[-0.209843,51.520304],[-0.209891,51.5203],[-0.209983,51.520307],[-0.209997,51.52031],[-0.210261,51.520331],[-0.210272,51.520366],[-0.210325,51.520485],[-0.210351,51.520513],[-0.210506,51.520394],[-0.210555,51.520356],[-0.210436,51.520152],[-0.210405,51.520099],[-0.210359,51.52002],[-0.210356,51.520015],[-0.210147,51.519657],[-0.210036,51.519468],[-0.210021,51.519441],[-0.209991,51.519392],[-0.209851,51.519151],[-0.209844,51.519139],[-0.209839,51.519131],[-0.209834,51.519133],[-0.209703,51.519163],[-0.20957,51.519195],[-0.209442,51.519225],[-0.209375,51.519241],[-0.209354,51.519242],[-0.209144,51.519289],[-0.20899,51.519324],[-0.208637,51.519405],[-0.208591,51.519415],[-0.208471,51.519443],[-0.208447,51.519448],[-0.208306,51.51948],[-0.208175,51.51951],[-0.207989,51.519363],[-0.207992,51.519298],[-0.208004,51.51927],[-0.208029,51.519212],[-0.208064,51.519181],[-0.208039,51.51917],[-0.208019,51.51916],[-0.207957,51.519132],[-0.207895,51.519124],[-0.207839,51.519099],[-0.207783,51.519112],[-0.207741,51.51903],[-0.207673,51.518899],[-0.207664,51.518882],[-0.2076,51.518896],[-0.207506,51.518916],[-0.207401,51.518939],[-0.207353,51.518949],[-0.207368,51.518975],[-0.207456,51.51912],[-0.207494,51.519183],[-0.207501,51.519195],[-0.207529,51.51924],[-0.207586,51.519314],[-0.207601,51.519333],[-0.207621,51.519359],[-0.207635,51.519378],[-0.207719,51.519486],[-0.207739,51.519512],[-0.207765,51.519545],[-0.207782,51.519598],[-0.207787,51.5196],[-0.207718,51.51962],[-0.207624,51.519649],[-0.207478,51.519693],[-0.207328,51.519739],[-0.207155,51.519791],[-0.207153,51.519794],[-0.206934,51.51986],[-0.206851,51.519889],[-0.206821,51.5199],[-0.206812,51.519896],[-0.206806,51.519898],[-0.206801,51.519891],[-0.206755,51.519832],[-0.206721,51.519788],[-0.206576,51.519603],[-0.206524,51.519536],[-0.206426,51.519412],[-0.206333,51.519475],[-0.206254,51.519385],[-0.206276,51.519368],[-0.206837,51.519492],[-0.206868,51.519499],[-0.2069,51.519485],[-0.207027,51.519428],[-0.207061,51.519413],[-0.207075,51.519406],[-0.207147,51.519374],[-0.207106,51.519299],[-0.2071,51.519289],[-0.207013,51.51924],[-0.206968,51.519214],[-0.206668,51.519083],[-0.20653,51.519022],[-0.20644,51.519079],[-0.20639,51.519118],[-0.206152,51.519303],[-0.20597,51.519176],[-0.205996,51.519154],[-0.206092,51.51908],[-0.206094,51.519078],[-0.206137,51.519045],[-0.206182,51.51901],[-0.206251,51.518961],[-0.206303,51.518924],[-0.206333,51.518902],[-0.206476,51.518804],[-0.206568,51.518747],[-0.206574,51.518743],[-0.206595,51.51873],[-0.206607,51.518723],[-0.206669,51.518684],[-0.206911,51.518542],[-0.206919,51.518538],[-0.206991,51.5185],[-0.207078,51.518453],[-0.207155,51.518413],[-0.207194,51.518394],[-0.207223,51.51838],[-0.207445,51.518273],[-0.207543,51.518227],[-0.207728,51.518149],[-0.207774,51.518131],[-0.207834,51.518106],[-0.207858,51.518097],[-0.207914,51.518073],[-0.207939,51.518064],[-0.208023,51.518033],[-0.208079,51.518012],[-0.208206,51.517965],[-0.208261,51.517947],[-0.208303,51.517933],[-0.208325,51.517925],[-0.208432,51.517894],[-0.208437,51.517893],[-0.208449,51.517889],[-0.208486,51.517879],[-0.208555,51.517859],[-0.208707,51.517821],[-0.208791,51.517801],[-0.208845,51.517787],[-0.208891,51.517776],[-0.209009,51.517747],[-0.209025,51.517743],[-0.209148,51.517712],[-0.209155,51.517711],[-0.209183,51.517704],[-0.209413,51.517647],[-0.209725,51.517571],[-0.209749,51.517566],[-0.209837,51.517549],[-0.209896,51.517537],[-0.210038,51.51751],[-0.210148,51.517691],[-0.210185,51.517753],[-0.210214,51.517801],[-0.210234,51.517834],[-0.210341,51.518009],[-0.210344,51.518014],[-0.210387,51.518085],[-0.210405,51.518116],[-0.210455,51.518198],[-0.210491,51.518258],[-0.210538,51.518335],[-0.210564,51.518378],[-0.210582,51.518408],[-0.210598,51.518435],[-0.210621,51.518472],[-0.210627,51.518482],[-0.210665,51.518544],[-0.210672,51.518556],[-0.210689,51.518584],[-0.210693,51.518591],[-0.210704,51.518609],[-0.210734,51.518659],[-0.210757,51.518696],[-0.210774,51.518725],[-0.210812,51.518788],[-0.210816,51.518794],[-0.210839,51.518834],[-0.210869,51.518888],[-0.210874,51.518898],[-0.21088,51.518906],[-0.210948,51.519028],[-0.210952,51.519034],[-0.210983,51.51909],[-0.211012,51.519142],[-0.211015,51.519147],[-0.211023,51.519161],[-0.211035,51.519182],[-0.211041,51.519193],[-0.211074,51.519252],[-0.211089,51.519279],[-0.211099,51.519295],[-0.211101,51.5193],[-0.21112,51.519333],[-0.211124,51.519341],[-0.211131,51.519352],[-0.211149,51.519384],[-0.211155,51.519396],[-0.211191,51.519459],[-0.211197,51.51947],[-0.21121,51.519494],[-0.211246,51.519558],[-0.211259,51.519581],[-0.21127,51.5196],[-0.211287,51.51963],[-0.211301,51.519655],[-0.211331,51.519709],[-0.21135,51.519742],[-0.211357,51.519754],[-0.211359,51.519758],[-0.211396,51.519825],[-0.211402,51.519834],[-0.211405,51.519841],[-0.211422,51.51987],[-0.211426,51.519877],[-0.211443,51.519908],[-0.211454,51.519928],[-0.211457,51.519933],[-0.211466,51.519949],[-0.211535,51.520067],[-0.211549,51.52009],[-0.211558,51.520107],[-0.211566,51.52012],[-0.211578,51.52014],[-0.211638,51.520243],[-0.211644,51.520253],[-0.211663,51.520285],[-0.21167,51.520297],[-0.211671,51.5203],[-0.211701,51.520349],[-0.211709,51.520362],[-0.211716,51.520374],[-0.21173,51.520398],[-0.211733,51.520403],[-0.211767,51.52046],[-0.211789,51.520496],[-0.211794,51.520505],[-0.211862,51.520617],[-0.211866,51.520626],[-0.211921,51.520719],[-0.211926,51.520728],[-0.211949,51.520768],[-0.211972,51.520807],[-0.212014,51.520881],[-0.21203,51.520907],[-0.212053,51.520948],[-0.212055,51.520951],[-0.212074,51.520984],[-0.212093,51.521017],[-0.212128,51.521077],[-0.212145,51.521106],[-0.212153,51.521121],[-0.212155,51.521124],[-0.212162,51.521137],[-0.212182,51.521171],[-0.212207,51.521215],[-0.212209,51.521218],[-0.212217,51.521232],[-0.212238,51.521268],[-0.212241,51.521272],[-0.212262,51.521309],[-0.212273,51.521329],[-0.212301,51.521377],[-0.212303,51.52138],[-0.212313,51.521397],[-0.21232,51.52141],[-0.212329,51.521425],[-0.212353,51.521466],[-0.212363,51.521484],[-0.212419,51.521581],[-0.21242,51.521585],[-0.212324,51.521607],[-0.212125,51.521653],[-0.212092,51.521661],[-0.212068,51.521666],[-0.212042,51.521672],[-0.211927,51.521699],[-0.21171,51.521749],[-0.21161,51.521772],[-0.211096,51.521891],[-0.211083,51.521894],[-0.211076,51.521895],[-0.211013,51.52191],[-0.210979,51.521881],[-0.210803,51.521731],[-0.210679,51.521626],[-0.210671,51.52162],[-0.21056,51.521525],[-0.210496,51.52148],[-0.210489,51.521476],[-0.210401,51.52143],[-0.210317,51.521386],[-0.210231,51.521343],[-0.210224,51.52134],[-0.210217,51.521334],[-0.210212,51.521331],[-0.210189,51.521323],[-0.210114,51.521285],[-0.210053,51.521255],[-0.209913,51.521182],[-0.209762,51.521108],[-0.209737,51.521099],[-0.20967,51.521065],[-0.209663,51.521061],[-0.209648,51.521053],[-0.209717,51.521],[-0.209851,51.520897],[-0.209908,51.520853],[-0.209806,51.520824],[-0.20968,51.520789],[-0.209621,51.520734]]]}},{"type":"Feature","properties":{"LSOA21CD":"E01002858","LSOA21NM":"Kensington and Chelsea 014C","MEAN_PTAL_":"6a","mean_AI":27.6395419721,"borough":"Kensington & Chelsea"},"geometry":{"type":"Polygon","coordinates":[[[-0.165143,51.493778],[-0.164851,51.493724],[-0.164762,51.493786],[-0.164748,51.493794],[-0.164736,51.493801],[-0.164441,51.493976],[-0.164438,51.493978],[-0.16438,51.493937],[-0.164268,51.493855],[-0.164256,51.493846],[-0.164235,51.49383],[-0.164231,51.493827],[-0.164208,51.49381],[-0.164137,51.493759],[-0.164029,51.49368],[-0.16387,51.493564],[-0.163814,51.493526],[-0.163809,51.493521],[-0.163796,51.49351],[-0.163519,51.493307],[-0.163437,51.493248],[-0.163352,51.493185],[-0.163345,51.49318],[-0.163319,51.49316],[-0.163314,51.493157],[-0.163324,51.493149],[-0.163332,51.493152],[-0.163541,51.493019],[-0.163553,51.493011],[-0.16374,51.492892],[-0.163837,51.49283],[-0.163849,51.492822],[-0.16391,51.492783],[-0.163991,51.492731],[-0.164093,51.492667],[-0.164198,51.4926],[-0.164235,51.492576],[-0.164312,51.492526],[-0.16446,51.492433],[-0.164508,51.492402],[-0.164511,51.4924],[-0.164441,51.492368],[-0.164426,51.49236],[-0.164404,51.492351],[-0.164367,51.492334],[-0.164381,51.492337],[-0.164405,51.492304],[-0.164494,51.49218],[-0.164441,51.492064],[-0.164402,51.491977],[-0.164399,51.491972],[-0.164061,51.492167],[-0.164067,51.492172],[-0.164043,51.492186],[-0.164034,51.492183],[-0.16402,51.492191],[-0.163922,51.492146],[-0.163853,51.492114],[-0.163936,51.492062],[-0.163946,51.492023],[-0.16395,51.492021],[-0.163967,51.492012],[-0.163919,51.491762],[-0.163896,51.491659],[-0.16391,51.491609],[-0.163997,51.491541],[-0.164157,51.49162],[-0.164231,51.491658],[-0.164291,51.491688],[-0.164299,51.491683],[-0.164303,51.491685],[-0.164319,51.491695],[-0.164333,51.49171],[-0.164418,51.491753],[-0.164458,51.491773],[-0.164584,51.491845],[-0.164602,51.491855],[-0.164607,51.491858],[-0.164708,51.49189],[-0.164837,51.491944],[-0.164917,51.491974],[-0.164907,51.491955],[-0.164884,51.491916],[-0.164996,51.491834],[-0.165624,51.492042],[-0.165693,51.491992],[-0.165635,51.491873],[-0.16565,51.491865],[-0.165654,51.491862],[-0.165646,51.491857],[-0.165332,51.491651],[-0.165296,51.491627],[-0.165158,51.491537],[-0.165141,51.491525],[-0.165177,51.491503],[-0.165281,51.491439],[-0.165289,51.491434],[-0.16537,51.491384],[-0.165375,51.491381],[-0.165387,51.491373],[-0.165407,51.491361],[-0.165496,51.491306],[-0.165507,51.4913],[-0.165517,51.491294],[-0.165535,51.491284],[-0.165651,51.491218],[-0.165706,51.491186],[-0.165753,51.49116],[-0.165783,51.491173],[-0.165791,51.491168],[-0.165846,51.491202],[-0.165846,51.491219],[-0.16589,51.491228],[-0.166191,51.491411],[-0.166366,51.491518],[-0.166557,51.491595],[-0.166621,51.491621],[-0.166629,51.491616],[-0.166632,51.491619],[-0.166576,51.491656],[-0.166488,51.491725],[-0.166405,51.491789],[-0.166398,51.491794],[-0.166443,51.491809],[-0.166484,51.491905],[-0.166665,51.491981],[-0.166677,51.491989],[-0.166761,51.492048],[-0.166766,51.492051],[-0.166783,51.492063],[-0.16689,51.491984],[-0.166984,51.491914],[-0.167004,51.491927],[-0.167096,51.491988],[-0.16721,51.492062],[-0.167357,51.492159],[-0.167391,51.492181],[-0.167482,51.492241],[-0.167476,51.492246],[-0.167389,51.492326],[-0.167328,51.492383],[-0.167348,51.492399],[-0.167447,51.492416],[-0.167636,51.492343],[-0.167702,51.492385],[-0.167709,51.49239],[-0.167718,51.492395],[-0.16775,51.492416],[-0.168077,51.492631],[-0.168079,51.492632],[-0.168114,51.492639],[-0.168125,51.492645],[-0.168134,51.492651],[-0.16815,51.492661],[-0.168141,51.49267],[-0.168226,51.492722],[-0.168529,51.492905],[-0.16863,51.492967],[-0.168495,51.493041],[-0.168559,51.493145],[-0.168384,51.493313],[-0.168151,51.493537],[-0.16814,51.493547],[-0.168064,51.493461],[-0.16801,51.493399],[-0.168008,51.493397],[-0.167932,51.493371],[-0.167854,51.493333],[-0.167616,51.493217],[-0.167513,51.493359],[-0.167478,51.493407],[-0.167441,51.493459],[-0.16739,51.493445],[-0.167135,51.493374],[-0.167099,51.493364],[-0.166796,51.49327],[-0.166665,51.493229],[-0.166635,51.49322],[-0.166487,51.493174],[-0.166467,51.493193],[-0.166449,51.493209],[-0.166425,51.493232],[-0.166287,51.49336],[-0.166083,51.493551],[-0.166011,51.493618],[-0.165993,51.493635],[-0.165918,51.493705],[-0.165769,51.493825],[-0.165754,51.493837],[-0.165654,51.49392],[-0.16561,51.493957],[-0.165605,51.493961],[-0.165575,51.493987],[-0.165568,51.49399],[-0.165517,51.494004],[-0.165473,51.494013],[-0.165452,51.494016],[-0.165352,51.49403],[-0.165126,51.494061],[-0.165121,51.494062],[-0.165093,51.494065],[-0.165091,51.494059],[-0.165064,51.493939],[-0.165143,51.493778]]]}},{"type":"Feature","properties":{"LSOA21CD":"E01002860","LSOA21NM":"Kensington and Chelsea 012D","MEAN_PTAL_":"6a","mean_AI":27.8618370776,"borough":"Kensington & Chelsea"},"geometry":{"type":"Polygon","coordinates":[[[-0.162776,51.495544],[-0.162727,51.495367],[-0.162272,51.495475],[-0.162267,51.495476],[-0.16225,51.495464],[-0.162249,51.49546],[-0.162246,51.495408],[-0.162224,51.49539],[-0.162223,51.495385],[-0.162222,51.49533],[-0.162208,51.495322],[-0.162207,51.495314],[-0.162193,51.495248],[-0.162196,51.495244],[-0.162187,51.495182],[-0.16218,51.495178],[-0.162161,51.495111],[-0.162166,51.495102],[-0.162168,51.495099],[-0.162165,51.495065],[-0.162141,51.495047],[-0.162138,51.495045],[-0.162123,51.494952],[-0.162126,51.494946],[-0.162169,51.494872],[-0.161849,51.494907],[-0.161838,51.494864],[-0.161835,51.494855],[-0.161802,51.49474],[-0.161777,51.494656],[-0.161615,51.494741],[-0.161584,51.494728],[-0.161538,51.49465],[-0.161537,51.494644],[-0.161519,51.494581],[-0.161525,51.494572],[-0.161505,51.494504],[-0.161501,51.494502],[-0.161479,51.494492],[-0.161481,51.494485],[-0.161494,51.494417],[-0.161416,51.494368],[-0.16145,51.494334],[-0.161433,51.494255],[-0.161429,51.494252],[-0.161421,51.494247],[-0.161406,51.494194],[-0.161414,51.49418],[-0.161411,51.494175],[-0.161385,51.494133],[-0.161392,51.494093],[-0.16137,51.494076],[-0.161339,51.493976],[-0.161108,51.494],[-0.16101,51.49401],[-0.161014,51.493992],[-0.161049,51.493835],[-0.161167,51.493826],[-0.161244,51.493762],[-0.161247,51.493764],[-0.161316,51.493801],[-0.161424,51.493814],[-0.161437,51.49381],[-0.161589,51.493765],[-0.161588,51.493759],[-0.161573,51.493731],[-0.161475,51.493708],[-0.161225,51.493648],[-0.16122,51.493642],[-0.161166,51.493576],[-0.161202,51.493562],[-0.161228,51.493551],[-0.161211,51.493524],[-0.161258,51.493506],[-0.161245,51.493485],[-0.161155,51.493346],[-0.160902,51.492953],[-0.161079,51.492931],[-0.161116,51.492923],[-0.161247,51.492895],[-0.161252,51.492886],[-0.161342,51.492835],[-0.161424,51.492802],[-0.161473,51.492781],[-0.161519,51.492767],[-0.161623,51.492738],[-0.161633,51.492736],[-0.161757,51.49271],[-0.161821,51.492699],[-0.161881,51.492694],[-0.162002,51.492852],[-0.162094,51.492972],[-0.162114,51.492977],[-0.162406,51.493025],[-0.162414,51.493026],[-0.16244,51.493052],[-0.16245,51.493063],[-0.16248,51.493051],[-0.162473,51.493039],[-0.162579,51.493],[-0.162657,51.492971],[-0.162671,51.492966],[-0.162705,51.492953],[-0.162747,51.492937],[-0.162868,51.492893],[-0.16288,51.492886],[-0.162884,51.492889],[-0.162892,51.492886],[-0.162916,51.492876],[-0.162915,51.49288],[-0.162976,51.492919],[-0.162999,51.492929],[-0.163121,51.493017],[-0.163162,51.493047],[-0.163144,51.493024],[-0.163141,51.492994],[-0.163183,51.492979],[-0.16319,51.492972],[-0.163266,51.492908],[-0.16331,51.492886],[-0.163387,51.49287],[-0.163394,51.492862],[-0.163427,51.492831],[-0.163506,51.492795],[-0.163546,51.492785],[-0.16355,51.492777],[-0.163554,51.492767],[-0.163579,51.492739],[-0.163628,51.492705],[-0.163665,51.492692],[-0.163701,51.492678],[-0.163727,51.492673],[-0.163731,51.492666],[-0.163736,51.492656],[-0.163744,51.492642],[-0.163777,51.492616],[-0.163796,51.492601],[-0.163845,51.492579],[-0.163893,51.492569],[-0.163894,51.492566],[-0.163907,51.492538],[-0.163947,51.492504],[-0.163972,51.492459],[-0.163979,51.492458],[-0.163998,51.492456],[-0.164085,51.49247],[-0.164092,51.492475],[-0.164137,51.492502],[-0.164144,51.492506],[-0.164163,51.492559],[-0.164198,51.4926],[-0.164093,51.492667],[-0.163991,51.492731],[-0.16391,51.492783],[-0.163849,51.492822],[-0.163837,51.49283],[-0.16374,51.492892],[-0.163553,51.493011],[-0.163541,51.493019],[-0.163332,51.493152],[-0.163324,51.493149],[-0.163314,51.493157],[-0.163319,51.49316],[-0.163345,51.49318],[-0.163352,51.493185],[-0.163437,51.493248],[-0.163519,51.493307],[-0.163796,51.49351],[-0.163809,51.493521],[-0.163814,51.493526],[-0.16387,51.493564],[-0.164029,51.49368],[-0.164137,51.493759],[-0.164208,51.49381],[-0.164231,51.493827],[-0.164235,51.49383],[-0.164256,51.493846],[-0.164268,51.493855],[-0.16438,51.493937],[-0.164438,51.493978],[-0.164441,51.493976],[-0.164736,51.493801],[-0.164748,51.493794],[-0.164762,51.493786],[-0.164851,51.493724],[-0.165143,51.493778],[-0.165064,51.493939],[-0.165091,51.494059],[-0.165093,51.494065],[-0.165121,51.494062],[-0.165126,51.494061],[-0.165352,51.49403],[-0.165452,51.494016],[-0.165473,51.494013],[-0.165517,51.494004],[-0.165568,51.49399],[-0.165575,51.493987],[-0.165605,51.493961],[-0.16561,51.493957],[-0.165654,51.49392],[-0.165754,51.493837],[-0.165769,51.493825],[-0.165918,51.493705],[-0.165993,51.493635],[-0.166011,51.493618],[-0.166083,51.493551],[-0.166287,51.49336],[-0.166425,51.493232],[-0.166449,51.493209],[-0.166467,51.493193],[-0.166487,51.493174],[-0.166635,51.49322],[-0.166665,51.493229],[-0.166796,51.49327],[-0.167099,51.493364],[-0.167135,51.493374],[-0.16739,51.493445],[-0.167441,51.493459],[-0.167478,51.493407],[-0.167513,51.493359],[-0.167616,51.493217],[-0.167854,51.493333],[-0.167932,51.493371],[-0.168008,51.493397],[-0.16801,51.493399],[-0.168064,51.493461],[-0.16814,51.493547],[-0.168151,51.493537],[-0.168384,51.493313],[-0.168613,51.4934],[-0.168964,51.493537],[-0.168969,51.493537],[-0.168966,51.493546],[-0.168939,51.493616],[-0.168897,51.493723],[-0.168889,51.493723],[-0.168882,51.493723],[-0.168752,51.493714],[-0.168697,51.49371],[-0.168666,51.493707],[-0.168628,51.493703],[-0.168597,51.493699],[-0.168502,51.493688],[-0.168386,51.493678],[-0.168313,51.493671],[-0.168306,51.493679],[-0.168283,51.493703],[-0.168263,51.493725],[-0.168183,51.49381],[-0.168171,51.493823],[-0.168163,51.493831],[-0.168142,51.49385],[-0.16811,51.493879],[-0.16808,51.493906],[-0.168051,51.493932],[-0.16801,51.493962],[-0.167954,51.494003],[-0.167948,51.494008],[-0.167872,51.494062],[-0.167864,51.494069],[-0.167844,51.494083],[-0.167831,51.494092],[-0.167825,51.494097],[-0.167821,51.4941],[-0.167783,51.494127],[-0.16776,51.494144],[-0.167721,51.494172],[-0.167704,51.494185],[-0.167701,51.494187],[-0.167602,51.494259],[-0.167597,51.494262],[-0.167572,51.494283],[-0.16756,51.494292],[-0.167536,51.494311],[-0.167512,51.494331],[-0.167505,51.494336],[-0.167476,51.49436],[-0.167471,51.494363],[-0.167437,51.494391],[-0.167418,51.494406],[-0.16736,51.494452],[-0.167348,51.494461],[-0.167337,51.494471],[-0.167326,51.494479],[-0.167298,51.494501],[-0.167174,51.494597],[-0.167128,51.494633],[-0.16712,51.494639],[-0.16711,51.494646],[-0.167091,51.49466],[-0.167048,51.494692],[-0.167007,51.494722],[-0.166962,51.494756],[-0.16696,51.494758],[-0.166936,51.494776],[-0.166912,51.494793],[-0.166882,51.494816],[-0.166871,51.494823],[-0.166856,51.494835],[-0.166836,51.49485],[-0.166809,51.49487],[-0.166797,51.494878],[-0.166768,51.494899],[-0.166721,51.494933],[-0.166713,51.494938],[-0.1667,51.494948],[-0.166686,51.494958],[-0.16667,51.494969],[-0.166638,51.494991],[-0.166634,51.494994],[-0.166626,51.495],[-0.166598,51.49502],[-0.166577,51.495034],[-0.166572,51.495038],[-0.166538,51.495062],[-0.166532,51.495066],[-0.166522,51.495073],[-0.166507,51.495084],[-0.166498,51.495091],[-0.166487,51.495098],[-0.166472,51.495109],[-0.166457,51.495119],[-0.166438,51.495133],[-0.166431,51.495138],[-0.16642,51.495145],[-0.166394,51.495164],[-0.16633,51.495209],[-0.166327,51.495211],[-0.166322,51.495215],[-0.166269,51.495244],[-0.166245,51.495257],[-0.166209,51.495278],[-0.166187,51.49529],[-0.166151,51.49531],[-0.166134,51.49532],[-0.166079,51.495351],[-0.166058,51.495362],[-0.166019,51.495384],[-0.16601,51.495389],[-0.165941,51.495427],[-0.165927,51.495435],[-0.16592,51.495439],[-0.165907,51.495448],[-0.165873,51.495465],[-0.165824,51.495493],[-0.165806,51.495503],[-0.165771,51.495522],[-0.16574,51.49554],[-0.165716,51.495553],[-0.165699,51.495563],[-0.165685,51.49557],[-0.165627,51.495603],[-0.165623,51.495605],[-0.165617,51.495608],[-0.16557,51.495635],[-0.165553,51.495644],[-0.165524,51.49566],[-0.165512,51.495667],[-0.165492,51.495678],[-0.165479,51.495685],[-0.165471,51.49569],[-0.165438,51.495708],[-0.165426,51.495715],[-0.165394,51.495733],[-0.165378,51.495741],[-0.165349,51.495758],[-0.165292,51.495789],[-0.165289,51.495791],[-0.165272,51.495801],[-0.165264,51.495805],[-0.165228,51.495826],[-0.165215,51.495834],[-0.165205,51.495839],[-0.165176,51.495856],[-0.165173,51.495858],[-0.165085,51.495909],[-0.165043,51.495933],[-0.164965,51.495978],[-0.16486,51.496039],[-0.164802,51.496072],[-0.164795,51.496076],[-0.164791,51.496079],[-0.164715,51.496122],[-0.164689,51.496132],[-0.164682,51.496135],[-0.164677,51.496136],[-0.164668,51.49614],[-0.164632,51.496153],[-0.164592,51.496168],[-0.164531,51.496191],[-0.164521,51.4962],[-0.164493,51.496227],[-0.164437,51.49628],[-0.164425,51.496292],[-0.16438,51.496335],[-0.164323,51.49639],[-0.1643,51.496412],[-0.164154,51.496552],[-0.164096,51.49653],[-0.164082,51.496524],[-0.163992,51.496489],[-0.163962,51.496478],[-0.163931,51.496466],[-0.163879,51.496446],[-0.163865,51.49644],[-0.163727,51.496387],[-0.163596,51.496336],[-0.163502,51.4963],[-0.163465,51.496285],[-0.163423,51.49627],[-0.163409,51.496264],[-0.163363,51.496246],[-0.163072,51.496128],[-0.163053,51.49612],[-0.163041,51.496115],[-0.162957,51.49606],[-0.162929,51.496032],[-0.16292,51.496014],[-0.16291,51.495994],[-0.162876,51.495923],[-0.162869,51.495897],[-0.162859,51.495862],[-0.162822,51.495721],[-0.162821,51.495716],[-0.162819,51.495709],[-0.162776,51.495544]]]}},{"type":"Feature","properties":{"LSOA21CD":"E01002861","LSOA21NM":"Kensington and Chelsea 014D","MEAN_PTAL_":"6a","mean_AI":27.1233984055,"borough":"Kensington & Chelsea"},"geometry":{"type":"Polygon","coordinates":[[[-0.162094,51.492972],[-0.162002,51.492852],[-0.161881,51.492694],[-0.161928,51.492659],[-0.161897,51.492562],[-0.161889,51.492536],[-0.161887,51.492528],[-0.161877,51.49242],[-0.161884,51.492348],[-0.161887,51.492313],[-0.161916,51.492233],[-0.16199,51.492149],[-0.162096,51.492097],[-0.162213,51.492083],[-0.162236,51.492081],[-0.162331,51.492082],[-0.162388,51.492083],[-0.162405,51.492084],[-0.162411,51.492078],[-0.162466,51.492021],[-0.162488,51.492005],[-0.16258,51.491952],[-0.1626,51.491943],[-0.162483,51.491864],[-0.162421,51.491822],[-0.162602,51.491702],[-0.162509,51.491642],[-0.162392,51.491567],[-0.162476,51.49152],[-0.162517,51.491493],[-0.162478,51.491475],[-0.162466,51.49147],[-0.162156,51.491355],[-0.162123,51.491343],[-0.162116,51.491348],[-0.162105,51.491343],[-0.162088,51.491345],[-0.162076,51.491346],[-0.16204,51.491393],[-0.162026,51.49141],[-0.161983,51.491441],[-0.161966,51.491437],[-0.16187,51.491494],[-0.161799,51.491448],[-0.161776,51.491421],[-0.161791,51.491395],[-0.161741,51.491354],[-0.161736,51.49135],[-0.161569,51.491428],[-0.161541,51.491432],[-0.161483,51.491441],[-0.161478,51.491436],[-0.161464,51.49142],[-0.161457,51.491413],[-0.161413,51.491401],[-0.161405,51.491399],[-0.16139,51.491394],[-0.161372,51.491403],[-0.1613,51.49135],[-0.161269,51.491326],[-0.161253,51.491314],[-0.161237,51.491302],[-0.161232,51.491299],[-0.161212,51.491283],[-0.161139,51.491242],[-0.161135,51.49124],[-0.161091,51.491225],[-0.161109,51.491206],[-0.160895,51.491045],[-0.160882,51.491036],[-0.160896,51.49102],[-0.16091,51.491013],[-0.161104,51.490908],[-0.161152,51.490882],[-0.161174,51.490871],[-0.161223,51.490843],[-0.161313,51.490796],[-0.161433,51.490731],[-0.161493,51.490699],[-0.161555,51.490665],[-0.161568,51.490658],[-0.161646,51.490614],[-0.161685,51.490592],[-0.161719,51.490573],[-0.161784,51.490536],[-0.161835,51.490507],[-0.16198,51.490425],[-0.162011,51.490407],[-0.16204,51.490391],[-0.162048,51.490387],[-0.16215,51.490329],[-0.162282,51.490255],[-0.162293,51.490249],[-0.162367,51.490207],[-0.162463,51.490155],[-0.162471,51.490151],[-0.162549,51.490108],[-0.162665,51.490044],[-0.16275,51.489998],[-0.162789,51.489976],[-0.162932,51.489898],[-0.163042,51.489839],[-0.163053,51.489833],[-0.163175,51.489766],[-0.163196,51.489755],[-0.163248,51.489727],[-0.163324,51.489687],[-0.163346,51.489675],[-0.163361,51.489667],[-0.163379,51.489658],[-0.16339,51.489652],[-0.163531,51.489577],[-0.163554,51.489565],[-0.163584,51.489552],[-0.163634,51.489531],[-0.163742,51.489486],[-0.16404,51.489359],[-0.164074,51.489345],[-0.164081,51.489342],[-0.164115,51.489329],[-0.164266,51.489273],[-0.164426,51.489214],[-0.164498,51.489188],[-0.164525,51.489178],[-0.164676,51.489122],[-0.164759,51.489091],[-0.164941,51.489024],[-0.165005,51.489],[-0.165073,51.489124],[-0.165153,51.489273],[-0.165155,51.489277],[-0.16516,51.489286],[-0.165166,51.489298],[-0.165171,51.489307],[-0.165173,51.48931],[-0.165182,51.489328],[-0.165195,51.489352],[-0.165197,51.489355],[-0.165203,51.489365],[-0.165204,51.489368],[-0.165207,51.489374],[-0.165212,51.489382],[-0.165225,51.489407],[-0.165236,51.489428],[-0.165239,51.489434],[-0.165245,51.489444],[-0.165263,51.489477],[-0.165266,51.489483],[-0.165273,51.489497],[-0.165287,51.489523],[-0.165295,51.489537],[-0.165301,51.489548],[-0.165311,51.489568],[-0.16532,51.489584],[-0.165346,51.489631],[-0.165349,51.489637],[-0.165362,51.489661],[-0.165366,51.48967],[-0.165374,51.489684],[-0.165378,51.489692],[-0.165384,51.489703],[-0.165392,51.489718],[-0.16541,51.48975],[-0.165421,51.489772],[-0.165424,51.489777],[-0.165426,51.489781],[-0.165429,51.489786],[-0.165437,51.489801],[-0.165447,51.489821],[-0.165453,51.489831],[-0.165465,51.489853],[-0.165467,51.489857],[-0.165471,51.489865],[-0.165481,51.489882],[-0.165494,51.489906],[-0.165503,51.489923],[-0.165504,51.489926],[-0.16552,51.489956],[-0.165533,51.489979],[-0.165542,51.489996],[-0.165544,51.490001],[-0.165546,51.490004],[-0.165573,51.490054],[-0.165575,51.490058],[-0.165584,51.490074],[-0.165606,51.490115],[-0.165613,51.490129],[-0.165636,51.490171],[-0.165638,51.490174],[-0.165643,51.490184],[-0.165674,51.490242],[-0.165677,51.490247],[-0.16568,51.490253],[-0.16569,51.490272],[-0.165711,51.490311],[-0.165719,51.490325],[-0.165745,51.490373],[-0.16575,51.490383],[-0.165752,51.490386],[-0.165758,51.490398],[-0.165804,51.490484],[-0.165869,51.490605],[-0.165872,51.490609],[-0.16588,51.490624],[-0.165962,51.490613],[-0.165994,51.490609],[-0.165999,51.490608],[-0.166084,51.490598],[-0.166207,51.490582],[-0.16632,51.490576],[-0.166345,51.490575],[-0.166376,51.490573],[-0.16644,51.49057],[-0.166465,51.490569],[-0.166726,51.490564],[-0.166763,51.490563],[-0.166647,51.490632],[-0.166564,51.49068],[-0.166386,51.490786],[-0.166339,51.490814],[-0.166322,51.490825],[-0.16635,51.490843],[-0.166373,51.490857],[-0.166408,51.490879],[-0.166685,51.491055],[-0.16665,51.491083],[-0.166404,51.491282],[-0.166399,51.491288],[-0.166374,51.491319],[-0.166343,51.491321],[-0.166191,51.491411],[-0.16589,51.491228],[-0.165846,51.491219],[-0.165846,51.491202],[-0.165791,51.491168],[-0.165783,51.491173],[-0.165753,51.49116],[-0.165706,51.491186],[-0.165651,51.491218],[-0.165535,51.491284],[-0.165517,51.491294],[-0.165507,51.4913],[-0.165496,51.491306],[-0.165407,51.491361],[-0.165387,51.491373],[-0.165375,51.491381],[-0.16537,51.491384],[-0.165289,51.491434],[-0.165281,51.491439],[-0.165177,51.491503],[-0.165141,51.491525],[-0.165158,51.491537],[-0.165296,51.491627],[-0.165332,51.491651],[-0.165646,51.491857],[-0.165654,51.491862],[-0.16565,51.491865],[-0.165635,51.491873],[-0.165693,51.491992],[-0.165624,51.492042],[-0.164996,51.491834],[-0.164884,51.491916],[-0.164907,51.491955],[-0.164917,51.491974],[-0.164837,51.491944],[-0.164708,51.49189],[-0.164607,51.491858],[-0.164602,51.491855],[-0.164584,51.491845],[-0.164458,51.491773],[-0.164418,51.491753],[-0.164333,51.49171],[-0.164319,51.491695],[-0.164303,51.491685],[-0.164299,51.491683],[-0.164291,51.491688],[-0.164231,51.491658],[-0.164157,51.49162],[-0.163997,51.491541],[-0.16391,51.491609],[-0.163896,51.491659],[-0.163919,51.491762],[-0.163967,51.492012],[-0.16395,51.492021],[-0.163946,51.492023],[-0.163936,51.492062],[-0.163853,51.492114],[-0.163922,51.492146],[-0.16402,51.492191],[-0.164034,51.492183],[-0.164043,51.492186],[-0.164067,51.492172],[-0.164061,51.492167],[-0.164399,51.491972],[-0.164402,51.491977],[-0.164441,51.492064],[-0.164494,51.49218],[-0.164405,51.492304],[-0.164381,51.492337],[-0.164367,51.492334],[-0.164404,51.492351],[-0.164426,51.49236],[-0.164441,51.492368],[-0.164511,51.4924],[-0.164508,51.492402],[-0.16446,51.492433],[-0.164312,51.492526],[-0.164235,51.492576],[-0.164198,51.4926],[-0.164163,51.492559],[-0.164144,51.492506],[-0.164137,51.492502],[-0.164092,51.492475],[-0.164085,51.49247],[-0.163998,51.492456],[-0.163979,51.492458],[-0.163972,51.492459],[-0.163947,51.492504],[-0.163907,51.492538],[-0.163894,51.492566],[-0.163893,51.492569],[-0.163845,51.492579],[-0.163796,51.492601],[-0.163777,51.492616],[-0.163744,51.492642],[-0.163736,51.492656],[-0.163731,51.492666],[-0.163727,51.492673],[-0.163701,51.492678],[-0.163665,51.492692],[-0.163628,51.492705],[-0.163579,51.492739],[-0.163554,51.492767],[-0.16355,51.492777],[-0.163546,51.492785],[-0.163506,51.492795],[-0.163427,51.492831],[-0.163394,51.492862],[-0.163387,51.49287],[-0.16331,51.492886],[-0.163266,51.492908],[-0.16319,51.492972],[-0.163183,51.492979],[-0.163141,51.492994],[-0.163144,51.493024],[-0.163162,51.493047],[-0.163121,51.493017],[-0.162999,51.492929],[-0.162976,51.492919],[-0.162915,51.49288],[-0.162916,51.492876],[-0.162892,51.492886],[-0.162884,51.492889],[-0.16288,51.492886],[-0.162868,51.492893],[-0.162747,51.492937],[-0.162705,51.492953],[-0.162671,51.492966],[-0.162657,51.492971],[-0.162579,51.493],[-0.162473,51.493039],[-0.16248,51.493051],[-0.16245,51.493063],[-0.16244,51.493052],[-0.162414,51.493026],[-0.162406,51.493025],[-0.162114,51.492977],[-0.162094,51.492972]]]}},{"type":"Feature","properties":{"LSOA21CD":"E01002862","LSOA21NM":"Kensington and Chelsea 014E","MEAN_PTAL_":"6a","mean_AI":31.9849978602,"borough":"Kensington & Chelsea"},"geometry":{"type":"Polygon","coordinates":[[[-0.167702,51.492385],[-0.167636,51.492343],[-0.167447,51.492416],[-0.167348,51.492399],[-0.167328,51.492383],[-0.167389,51.492326],[-0.167476,51.492246],[-0.167482,51.492241],[-0.167391,51.492181],[-0.167357,51.492159],[-0.16721,51.492062],[-0.167096,51.491988],[-0.167004,51.491927],[-0.166984,51.491914],[-0.16689,51.491984],[-0.166783,51.492063],[-0.166766,51.492051],[-0.166761,51.492048],[-0.166677,51.491989],[-0.166665,51.491981],[-0.166484,51.491905],[-0.166443,51.491809],[-0.166398,51.491794],[-0.166405,51.491789],[-0.166488,51.491725],[-0.166576,51.491656],[-0.166632,51.491619],[-0.166629,51.491616],[-0.166621,51.491621],[-0.166557,51.491595],[-0.166366,51.491518],[-0.166191,51.491411],[-0.166343,51.491321],[-0.166374,51.491319],[-0.166399,51.491288],[-0.166404,51.491282],[-0.16665,51.491083],[-0.166685,51.491055],[-0.166408,51.490879],[-0.166373,51.490857],[-0.16635,51.490843],[-0.166322,51.490825],[-0.166339,51.490814],[-0.166386,51.490786],[-0.166564,51.49068],[-0.166647,51.490632],[-0.166763,51.490563],[-0.166862,51.490561],[-0.166876,51.49056],[-0.166881,51.49056],[-0.166888,51.49056],[-0.166896,51.49056],[-0.166901,51.490559],[-0.166918,51.490559],[-0.167116,51.490552],[-0.16725,51.490547],[-0.16726,51.490547],[-0.167267,51.490547],[-0.167294,51.490546],[-0.167403,51.49054],[-0.16752,51.490534],[-0.16767,51.490526],[-0.167775,51.490522],[-0.167785,51.490522],[-0.167999,51.490514],[-0.168019,51.490514],[-0.168062,51.490511],[-0.168124,51.490507],[-0.168256,51.490499],[-0.168265,51.4905],[-0.168294,51.490497],[-0.168323,51.490495],[-0.168347,51.490494],[-0.168409,51.49049],[-0.168484,51.490482],[-0.168595,51.490471],[-0.168658,51.490464],[-0.1688,51.49045],[-0.168807,51.490449],[-0.169218,51.490407],[-0.169228,51.490406],[-0.169443,51.490385],[-0.16951,51.490378],[-0.16973,51.490343],[-0.169754,51.490339],[-0.169766,51.490367],[-0.169779,51.490394],[-0.169799,51.490436],[-0.169816,51.490473],[-0.16982,51.490521],[-0.169821,51.49054],[-0.169822,51.490545],[-0.169819,51.490548],[-0.169772,51.490611],[-0.169767,51.490617],[-0.169762,51.490624],[-0.16976,51.490627],[-0.16974,51.490654],[-0.169723,51.490676],[-0.169603,51.490836],[-0.169591,51.49085],[-0.169575,51.490869],[-0.16957,51.490876],[-0.169551,51.490899],[-0.16948,51.490985],[-0.169473,51.490993],[-0.169438,51.491036],[-0.169353,51.491139],[-0.169347,51.491146],[-0.169311,51.491189],[-0.169189,51.491337],[-0.169176,51.491353],[-0.169133,51.491405],[-0.169126,51.491413],[-0.168966,51.491607],[-0.168947,51.491631],[-0.168943,51.491635],[-0.168823,51.491782],[-0.168773,51.491842],[-0.168687,51.491946],[-0.168628,51.492017],[-0.168601,51.492051],[-0.168534,51.492131],[-0.168528,51.492138],[-0.168478,51.492199],[-0.168471,51.492208],[-0.168502,51.492231],[-0.168507,51.492234],[-0.168985,51.492563],[-0.16899,51.492567],[-0.169001,51.492574],[-0.169053,51.492607],[-0.169059,51.492612],[-0.169086,51.492629],[-0.16916,51.492677],[-0.169381,51.49282],[-0.169397,51.49283],[-0.169431,51.492852],[-0.169667,51.493005],[-0.169705,51.49303],[-0.169658,51.493058],[-0.169515,51.49314],[-0.169489,51.493155],[-0.169317,51.493254],[-0.169263,51.493285],[-0.169241,51.493298],[-0.169237,51.4933],[-0.169093,51.49339],[-0.169072,51.493409],[-0.169015,51.49346],[-0.169001,51.49348],[-0.16899,51.493494],[-0.168982,51.493511],[-0.168972,51.493531],[-0.168969,51.493537],[-0.168964,51.493537],[-0.168613,51.4934],[-0.168384,51.493313],[-0.168559,51.493145],[-0.168495,51.493041],[-0.16863,51.492967],[-0.168529,51.492905],[-0.168226,51.492722],[-0.168141,51.49267],[-0.16815,51.492661],[-0.168134,51.492651],[-0.168125,51.492645],[-0.168114,51.492639],[-0.168079,51.492632],[-0.168077,51.492631],[-0.16775,51.492416],[-0.167718,51.492395],[-0.167709,51.49239],[-0.167702,51.492385]]]}},{"type":"Feature","properties":{"LSOA21CD":"E01002864","LSOA21NM":"Kensington and Chelsea 009A","MEAN_PTAL_":"3","mean_AI":14.5803786604,"borough":"Kensington & Chelsea"},"geometry":{"type":"Polygon","coordinates":[[[-0.202312,51.504205],[-0.20198,51.503867],[-0.201726,51.50392],[-0.201678,51.503838],[-0.201643,51.50378],[-0.201605,51.503717],[-0.201561,51.503642],[-0.201321,51.503375],[-0.201236,51.503281],[-0.201233,51.503276],[-0.201231,51.503271],[-0.201039,51.50293],[-0.200804,51.502512],[-0.20049,51.501968],[-0.200457,51.501911],[-0.200269,51.501597],[-0.20024,51.501548],[-0.200143,51.501387],[-0.200092,51.501303],[-0.199923,51.50106],[-0.199829,51.500925],[-0.199565,51.500546],[-0.19956,51.500539],[-0.200042,51.500393],[-0.200344,51.500353],[-0.200171,51.500255],[-0.200071,51.500155],[-0.199937,51.499688],[-0.199941,51.499686],[-0.200624,51.499341],[-0.200681,51.499142],[-0.200687,51.49912],[-0.200747,51.498914],[-0.201201,51.498788],[-0.20127,51.498769],[-0.201275,51.498767],[-0.201491,51.498707],[-0.201473,51.498683],[-0.201419,51.498613],[-0.201408,51.498599],[-0.201213,51.498347],[-0.201229,51.498341],[-0.201313,51.49831],[-0.20149,51.498244],[-0.20157,51.498214],[-0.201591,51.498206],[-0.201601,51.498203],[-0.201707,51.498163],[-0.201856,51.498108],[-0.201877,51.4981],[-0.201976,51.498063],[-0.201981,51.498061],[-0.202042,51.498038],[-0.202066,51.49803],[-0.202085,51.498022],[-0.202097,51.498018],[-0.202118,51.49801],[-0.202281,51.497948],[-0.202288,51.497945],[-0.202307,51.497938],[-0.202335,51.497927],[-0.202348,51.497922],[-0.202465,51.497877],[-0.202493,51.497867],[-0.20253,51.497852],[-0.202597,51.497826],[-0.202604,51.497824],[-0.202628,51.497814],[-0.2027,51.497787],[-0.202704,51.497786],[-0.202764,51.497763],[-0.202771,51.49776],[-0.202789,51.497753],[-0.202794,51.497751],[-0.202798,51.497749],[-0.202814,51.497743],[-0.202833,51.497736],[-0.202859,51.497726],[-0.202871,51.497722],[-0.202912,51.497706],[-0.202951,51.497691],[-0.202963,51.497686],[-0.202992,51.497675],[-0.203031,51.497661],[-0.203043,51.497656],[-0.203073,51.497644],[-0.203167,51.497608],[-0.203188,51.4976],[-0.203195,51.497598],[-0.203244,51.497579],[-0.203263,51.497572],[-0.203295,51.49756],[-0.203301,51.497557],[-0.203341,51.497542],[-0.203358,51.497536],[-0.203375,51.497529],[-0.203426,51.49751],[-0.203439,51.497505],[-0.203448,51.497502],[-0.203459,51.497498],[-0.203467,51.497495],[-0.203487,51.497488],[-0.203501,51.497484],[-0.203526,51.497475],[-0.203547,51.497468],[-0.203556,51.497465],[-0.203624,51.497441],[-0.203631,51.497439],[-0.203692,51.497418],[-0.203703,51.497414],[-0.20376,51.497394],[-0.203829,51.497371],[-0.204089,51.497281],[-0.204103,51.497276],[-0.204237,51.49723],[-0.204242,51.4973],[-0.204252,51.497435],[-0.204257,51.497501],[-0.204268,51.497643],[-0.204285,51.49765],[-0.204295,51.497654],[-0.204372,51.497627],[-0.20447,51.497724],[-0.20459,51.497843],[-0.204622,51.497874],[-0.204637,51.497865],[-0.204675,51.497901],[-0.204768,51.497989],[-0.2048,51.498019],[-0.204843,51.498059],[-0.204883,51.498098],[-0.204889,51.498146],[-0.20489,51.498153],[-0.204884,51.498167],[-0.204867,51.498197],[-0.204862,51.498205],[-0.204858,51.498217],[-0.204855,51.498227],[-0.204831,51.498235],[-0.204737,51.498358],[-0.204774,51.498407],[-0.204792,51.498425],[-0.204966,51.498597],[-0.205216,51.498579],[-0.205216,51.498573],[-0.205223,51.498419],[-0.205228,51.498423],[-0.205351,51.498539],[-0.205378,51.498565],[-0.20544,51.498623],[-0.205564,51.49874],[-0.205567,51.498743],[-0.205955,51.498584],[-0.205991,51.498569],[-0.206056,51.498617],[-0.206064,51.498614],[-0.206102,51.498627],[-0.206109,51.498635],[-0.206218,51.498593],[-0.206553,51.498462],[-0.20656,51.498468],[-0.206569,51.498475],[-0.206702,51.498588],[-0.206763,51.498608],[-0.207,51.498622],[-0.207003,51.498626],[-0.207069,51.498719],[-0.207347,51.498722],[-0.207405,51.498715],[-0.207411,51.498718],[-0.207562,51.498795],[-0.207569,51.498797],[-0.207943,51.49883],[-0.20797,51.498828],[-0.207964,51.498771],[-0.207963,51.498754],[-0.207965,51.498735],[-0.20803,51.498785],[-0.208071,51.498817],[-0.208266,51.498991],[-0.208308,51.498959],[-0.208351,51.49899],[-0.208356,51.498993],[-0.208474,51.499078],[-0.20855,51.499132],[-0.208641,51.499197],[-0.208696,51.499237],[-0.208736,51.499265],[-0.208774,51.499295],[-0.208906,51.4994],[-0.208936,51.499424],[-0.209027,51.499496],[-0.209063,51.499525],[-0.209085,51.499575],[-0.209212,51.499603],[-0.209535,51.499312],[-0.209583,51.499347],[-0.20973,51.499453],[-0.209858,51.499546],[-0.209914,51.499587],[-0.209813,51.499735],[-0.209789,51.499748],[-0.20978,51.499753],[-0.209694,51.499802],[-0.209685,51.49982],[-0.209155,51.499982],[-0.208956,51.500042],[-0.208951,51.500043],[-0.208944,51.500044],[-0.208834,51.500079],[-0.208825,51.500138],[-0.208822,51.500151],[-0.208778,51.500218],[-0.208769,51.500288],[-0.208678,51.500412],[-0.208704,51.500572],[-0.20819,51.500676],[-0.208188,51.500673],[-0.208133,51.500616],[-0.208091,51.500508],[-0.208072,51.50051],[-0.208037,51.500514],[-0.208034,51.500511],[-0.208021,51.500497],[-0.20742,51.500699],[-0.207417,51.500452],[-0.207412,51.500287],[-0.207292,51.500316],[-0.207141,51.500342],[-0.20707,51.500354],[-0.206764,51.500407],[-0.20666,51.500425],[-0.206575,51.50044],[-0.206506,51.500452],[-0.206479,51.500456],[-0.206372,51.500484],[-0.206216,51.500524],[-0.206155,51.50054],[-0.205985,51.500583],[-0.205965,51.500588],[-0.205935,51.500661],[-0.205935,51.500686],[-0.205935,51.50069],[-0.20596,51.500753],[-0.206005,51.50079],[-0.206011,51.500793],[-0.206074,51.500825],[-0.206079,51.500829],[-0.206143,51.50088],[-0.206139,51.500882],[-0.206052,51.500908],[-0.205709,51.501011],[-0.205799,51.501126],[-0.205822,51.501155],[-0.205843,51.501182],[-0.205951,51.501317],[-0.205973,51.501346],[-0.20601,51.501393],[-0.206025,51.501409],[-0.206114,51.501504],[-0.206121,51.501512],[-0.206199,51.501611],[-0.206258,51.501687],[-0.206317,51.501763],[-0.206356,51.501814],[-0.206406,51.501877],[-0.206443,51.501924],[-0.206522,51.502026],[-0.206533,51.50204],[-0.206612,51.502139],[-0.206677,51.502221],[-0.206713,51.502266],[-0.206748,51.502309],[-0.206812,51.502391],[-0.206917,51.502522],[-0.206968,51.502589],[-0.20702,51.502658],[-0.207074,51.502729],[-0.207161,51.502843],[-0.207164,51.502847],[-0.207211,51.502909],[-0.20732,51.503052],[-0.207455,51.503229],[-0.207485,51.503269],[-0.207549,51.503353],[-0.207491,51.503331],[-0.206969,51.503404],[-0.206732,51.503249],[-0.206626,51.503179],[-0.206562,51.503137],[-0.206314,51.503205],[-0.20579,51.503361],[-0.205162,51.503547],[-0.204902,51.503625],[-0.204815,51.50365],[-0.203806,51.503949],[-0.20369,51.503984],[-0.202616,51.504302],[-0.202421,51.50436],[-0.202401,51.504331],[-0.202312,51.504205]]]}},{"type":"Feature","properties":{"LSOA21CD":"E01002865","LSOA21NM":"Kensington and Chelsea 011E","MEAN_PTAL_":"4","mean_AI":17.4880537781,"borough":"Kensington & Chelsea"},"geometry":{"type":"Polygon","coordinates":[[[-0.201162,51.498366],[-0.201213,51.498347],[-0.201408,51.498599],[-0.201419,51.498613],[-0.201473,51.498683],[-0.201491,51.498707],[-0.201275,51.498767],[-0.20127,51.498769],[-0.201201,51.498788],[-0.200747,51.498914],[-0.200687,51.49912],[-0.200681,51.499142],[-0.200624,51.499341],[-0.199941,51.499686],[-0.199937,51.499688],[-0.200071,51.500155],[-0.200171,51.500255],[-0.200344,51.500353],[-0.200042,51.500393],[-0.19956,51.500539],[-0.199565,51.500546],[-0.199829,51.500925],[-0.199923,51.50106],[-0.200092,51.501303],[-0.200143,51.501387],[-0.20024,51.501548],[-0.200269,51.501597],[-0.200457,51.501911],[-0.20049,51.501968],[-0.200804,51.502512],[-0.200432,51.502563],[-0.200319,51.502576],[-0.200314,51.502576],[-0.200297,51.502578],[-0.200285,51.50258],[-0.200275,51.502581],[-0.20018,51.502592],[-0.199726,51.502644],[-0.19972,51.502645],[-0.1992,51.502704],[-0.199187,51.502706],[-0.198934,51.502735],[-0.198923,51.502736],[-0.198738,51.502757],[-0.198319,51.502805],[-0.198142,51.502826],[-0.197975,51.502845],[-0.197675,51.502879],[-0.197614,51.502886],[-0.197532,51.502885],[-0.197403,51.502884],[-0.197253,51.502877],[-0.197167,51.502873],[-0.197152,51.502872],[-0.197077,51.502868],[-0.197063,51.502867],[-0.196921,51.50285],[-0.196648,51.502818],[-0.196629,51.502814],[-0.196579,51.502802],[-0.196527,51.502786],[-0.196503,51.502778],[-0.196487,51.502771],[-0.196445,51.502751],[-0.196429,51.502742],[-0.196392,51.502719],[-0.196388,51.502716],[-0.196325,51.502665],[-0.196239,51.502573],[-0.196162,51.50249],[-0.196138,51.502464],[-0.196101,51.502424],[-0.196039,51.502358],[-0.195963,51.502276],[-0.19584,51.502145],[-0.195803,51.502104],[-0.195798,51.502099],[-0.195739,51.502036],[-0.195687,51.50198],[-0.195682,51.501974],[-0.195658,51.501948],[-0.195652,51.501942],[-0.195604,51.50189],[-0.195556,51.501838],[-0.19554,51.501821],[-0.195537,51.501818],[-0.195459,51.501735],[-0.195456,51.501731],[-0.195447,51.501721],[-0.195444,51.501718],[-0.195403,51.501674],[-0.195355,51.501623],[-0.195331,51.501597],[-0.195316,51.501581],[-0.195246,51.501505],[-0.195237,51.501495],[-0.195223,51.50148],[-0.195219,51.501476],[-0.195146,51.501398],[-0.195133,51.501384],[-0.195079,51.501326],[-0.195068,51.501314],[-0.195016,51.501258],[-0.194964,51.501202],[-0.194955,51.501193],[-0.194918,51.501152],[-0.194898,51.501131],[-0.194871,51.501103],[-0.194812,51.501039],[-0.194783,51.501007],[-0.194775,51.500998],[-0.194739,51.50096],[-0.194647,51.500861],[-0.194535,51.50074],[-0.194395,51.50059],[-0.194381,51.500573],[-0.194507,51.500527],[-0.194616,51.500487],[-0.194641,51.500478],[-0.194665,51.500469],[-0.194694,51.500458],[-0.194719,51.500449],[-0.194819,51.500412],[-0.19489,51.500387],[-0.194899,51.500383],[-0.194903,51.500382],[-0.194937,51.500369],[-0.195354,51.500226],[-0.195359,51.500224],[-0.195369,51.50022],[-0.195376,51.500218],[-0.195519,51.500168],[-0.195569,51.500151],[-0.195594,51.500142],[-0.195644,51.500125],[-0.195993,51.500004],[-0.196053,51.499984],[-0.196068,51.499978],[-0.196157,51.499947],[-0.196257,51.499913],[-0.196294,51.4999],[-0.196476,51.499837],[-0.196507,51.499827],[-0.196688,51.499764],[-0.196742,51.499745],[-0.196778,51.499733],[-0.196831,51.499715],[-0.196896,51.499692],[-0.19692,51.499684],[-0.19697,51.499666],[-0.197027,51.499647],[-0.197096,51.499623],[-0.197203,51.499586],[-0.197217,51.499581],[-0.197336,51.49954],[-0.197508,51.49948],[-0.197572,51.499458],[-0.197697,51.499415],[-0.197979,51.499309],[-0.19807,51.499275],[-0.198077,51.499272],[-0.198223,51.499217],[-0.198261,51.499203],[-0.198389,51.499155],[-0.198435,51.499138],[-0.198622,51.499067],[-0.198699,51.499038],[-0.198713,51.499034],[-0.198724,51.499031],[-0.198786,51.499012],[-0.198885,51.498982],[-0.198953,51.498961],[-0.199078,51.49893],[-0.199108,51.498924],[-0.199112,51.498923],[-0.199217,51.498899],[-0.199296,51.49888],[-0.199389,51.498863],[-0.199525,51.498836],[-0.199585,51.498825],[-0.199719,51.498799],[-0.199808,51.498782],[-0.200044,51.498736],[-0.200122,51.498721],[-0.200158,51.498711],[-0.20037,51.498653],[-0.200403,51.498643],[-0.200589,51.49858],[-0.200636,51.498562],[-0.200712,51.498534],[-0.200868,51.498476],[-0.201162,51.498366]]]}},{"type":"Feature","properties":{"LSOA21CD":"E01002866","LSOA21NM":"Kensington and Chelsea 009B","MEAN_PTAL_":"5","mean_AI":22.0911454058,"borough":"Kensington & Chelsea"},"geometry":{"type":"Polygon","coordinates":[[[-0.210861,51.504236],[-0.210803,51.504224],[-0.21078,51.504232],[-0.210776,51.504226],[-0.21077,51.504218],[-0.210642,51.504065],[-0.210582,51.503992],[-0.210566,51.503973],[-0.210507,51.503902],[-0.21041,51.503786],[-0.210354,51.503718],[-0.210322,51.50368],[-0.210286,51.503636],[-0.210203,51.503537],[-0.210199,51.503532],[-0.210153,51.503477],[-0.210123,51.503441],[-0.210034,51.503333],[-0.209961,51.503246],[-0.209952,51.503236],[-0.209942,51.503223],[-0.209932,51.503211],[-0.209852,51.503116],[-0.209819,51.503075],[-0.209747,51.502989],[-0.209726,51.502964],[-0.209687,51.502917],[-0.209655,51.502879],[-0.209594,51.502805],[-0.209543,51.502744],[-0.2095,51.502692],[-0.209497,51.502689],[-0.209415,51.50259],[-0.209253,51.502396],[-0.209215,51.50235],[-0.209129,51.502247],[-0.209057,51.50216],[-0.208941,51.502021],[-0.208911,51.501985],[-0.208888,51.501958],[-0.208814,51.501872],[-0.208774,51.501825],[-0.208671,51.501706],[-0.208646,51.501676],[-0.20857,51.501588],[-0.208552,51.501568],[-0.208518,51.501527],[-0.208505,51.501509],[-0.208481,51.501468],[-0.208469,51.501449],[-0.208449,51.501374],[-0.208448,51.501368],[-0.208418,51.501347],[-0.20841,51.501326],[-0.208377,51.501234],[-0.208362,51.501192],[-0.208344,51.501141],[-0.208315,51.50106],[-0.208313,51.501056],[-0.2083,51.501024],[-0.208274,51.500961],[-0.208271,51.500954],[-0.208236,51.50087],[-0.208226,51.500846],[-0.208188,51.500755],[-0.208183,51.500743],[-0.208178,51.500729],[-0.20816,51.500685],[-0.208144,51.500643],[-0.208133,51.500616],[-0.208188,51.500673],[-0.20819,51.500676],[-0.208704,51.500572],[-0.208678,51.500412],[-0.208769,51.500288],[-0.208778,51.500218],[-0.208822,51.500151],[-0.208825,51.500138],[-0.208834,51.500079],[-0.208944,51.500044],[-0.208951,51.500043],[-0.208956,51.500042],[-0.209155,51.499982],[-0.209685,51.49982],[-0.209694,51.499802],[-0.20978,51.499753],[-0.209789,51.499748],[-0.209813,51.499735],[-0.209914,51.499587],[-0.210298,51.499364],[-0.210128,51.499227],[-0.210058,51.499171],[-0.210056,51.499169],[-0.209965,51.499096],[-0.209877,51.499025],[-0.210241,51.49884],[-0.210274,51.498824],[-0.210349,51.498867],[-0.210369,51.498877],[-0.2104,51.498902],[-0.210616,51.499074],[-0.210673,51.49912],[-0.210734,51.499169],[-0.210791,51.499214],[-0.210807,51.499227],[-0.210877,51.499282],[-0.210919,51.499317],[-0.211015,51.499414],[-0.211021,51.499415],[-0.211048,51.499422],[-0.211175,51.499526],[-0.211245,51.499583],[-0.211328,51.499651],[-0.211368,51.499684],[-0.21141,51.499719],[-0.211598,51.499872],[-0.211673,51.499933],[-0.211791,51.499863],[-0.211826,51.499872],[-0.212139,51.499747],[-0.212287,51.499688],[-0.212346,51.499664],[-0.212313,51.499641],[-0.212084,51.499477],[-0.211806,51.499279],[-0.211715,51.499214],[-0.211911,51.499114],[-0.211974,51.499152],[-0.212019,51.499179],[-0.212092,51.499223],[-0.212102,51.499229],[-0.212166,51.499267],[-0.212258,51.499323],[-0.212267,51.499328],[-0.212368,51.499389],[-0.212398,51.499407],[-0.212432,51.499427],[-0.212451,51.499439],[-0.2125,51.499468],[-0.212553,51.4995],[-0.212585,51.499519],[-0.212615,51.499537],[-0.212652,51.499564],[-0.212661,51.499571],[-0.212709,51.499607],[-0.212724,51.499618],[-0.212775,51.499655],[-0.212791,51.499667],[-0.212833,51.499698],[-0.212838,51.499701],[-0.212907,51.499751],[-0.212912,51.499755],[-0.212917,51.499759],[-0.212925,51.499764],[-0.212966,51.499794],[-0.21297,51.499798],[-0.21298,51.499805],[-0.213029,51.499841],[-0.213039,51.499848],[-0.213044,51.499852],[-0.213069,51.499872],[-0.21309,51.49989],[-0.213093,51.499892],[-0.213134,51.499925],[-0.213151,51.49994],[-0.213162,51.499948],[-0.213193,51.499974],[-0.213242,51.500013],[-0.213305,51.500065],[-0.213313,51.500071],[-0.213318,51.500075],[-0.213348,51.500099],[-0.213351,51.500102],[-0.213354,51.500105],[-0.213439,51.500174],[-0.21346,51.50019],[-0.213466,51.500195],[-0.213475,51.500203],[-0.213525,51.500244],[-0.213555,51.500268],[-0.213574,51.500283],[-0.213681,51.50037],[-0.213693,51.50038],[-0.213767,51.500441],[-0.213772,51.500444],[-0.213834,51.500495],[-0.213848,51.500506],[-0.213861,51.500517],[-0.213869,51.500523],[-0.213911,51.500557],[-0.213994,51.500625],[-0.21402,51.500646],[-0.214066,51.500684],[-0.214106,51.500716],[-0.214131,51.500736],[-0.214149,51.500765],[-0.214178,51.500808],[-0.214183,51.500816],[-0.214232,51.500889],[-0.214295,51.500985],[-0.21432,51.501023],[-0.21433,51.501038],[-0.214356,51.501077],[-0.214379,51.501112],[-0.214384,51.501119],[-0.214398,51.501141],[-0.214407,51.501155],[-0.214418,51.501173],[-0.214426,51.501188],[-0.214458,51.501241],[-0.214467,51.501256],[-0.214481,51.50128],[-0.214483,51.501284],[-0.214498,51.50131],[-0.21452,51.501346],[-0.214532,51.501366],[-0.214535,51.501372],[-0.214538,51.501377],[-0.214541,51.501381],[-0.214586,51.501457],[-0.214592,51.501468],[-0.214614,51.501506],[-0.214635,51.501541],[-0.21468,51.501616],[-0.214683,51.501622],[-0.214686,51.501627],[-0.214697,51.501645],[-0.214709,51.501663],[-0.214724,51.501682],[-0.214768,51.501743],[-0.214777,51.501756],[-0.21478,51.501761],[-0.214809,51.501801],[-0.214828,51.501827],[-0.214832,51.501832],[-0.214853,51.501861],[-0.214862,51.501873],[-0.214886,51.501906],[-0.214918,51.501951],[-0.214923,51.501958],[-0.214931,51.501969],[-0.214937,51.501978],[-0.214967,51.502019],[-0.21505,51.502134],[-0.215069,51.50216],[-0.215072,51.502164],[-0.21508,51.502176],[-0.215092,51.502193],[-0.215165,51.502305],[-0.215167,51.502308],[-0.215235,51.502412],[-0.215229,51.502415],[-0.21507,51.502487],[-0.21495,51.502542],[-0.21483,51.502658],[-0.21481,51.502694],[-0.2148,51.502712],[-0.214694,51.502693],[-0.214621,51.502665],[-0.214551,51.502616],[-0.214437,51.502448],[-0.214342,51.502494],[-0.214044,51.502635],[-0.214016,51.502648],[-0.213992,51.50266],[-0.213869,51.502718],[-0.213828,51.502736],[-0.213822,51.502741],[-0.213758,51.502768],[-0.213735,51.502778],[-0.213609,51.502835],[-0.213136,51.503051],[-0.21281,51.503199],[-0.212771,51.503216],[-0.212685,51.503256],[-0.212669,51.503263],[-0.212241,51.503458],[-0.212192,51.503385],[-0.212056,51.503627],[-0.211374,51.503604],[-0.211292,51.50414],[-0.211224,51.504188],[-0.21116,51.504234],[-0.211186,51.504301],[-0.211031,51.50427],[-0.210861,51.504236]]]}},{"type":"Feature","properties":{"LSOA21CD":"E01002867","LSOA21NM":"Kensington and Chelsea 009C","MEAN_PTAL_":"4","mean_AI":15.9574049021,"borough":"Kensington & Chelsea"},"geometry":{"type":"Polygon","coordinates":[[[-0.211598,51.499872],[-0.21141,51.499719],[-0.211368,51.499684],[-0.211328,51.499651],[-0.211245,51.499583],[-0.211175,51.499526],[-0.211048,51.499422],[-0.211021,51.499415],[-0.211015,51.499414],[-0.210919,51.499317],[-0.210877,51.499282],[-0.210807,51.499227],[-0.210791,51.499214],[-0.210734,51.499169],[-0.210673,51.49912],[-0.210616,51.499074],[-0.2104,51.498902],[-0.210369,51.498877],[-0.210349,51.498867],[-0.210274,51.498824],[-0.210241,51.49884],[-0.209877,51.499025],[-0.209965,51.499096],[-0.210056,51.499169],[-0.210058,51.499171],[-0.210128,51.499227],[-0.210298,51.499364],[-0.209914,51.499587],[-0.209858,51.499546],[-0.20973,51.499453],[-0.209583,51.499347],[-0.209535,51.499312],[-0.209212,51.499603],[-0.209085,51.499575],[-0.209063,51.499525],[-0.209027,51.499496],[-0.208936,51.499424],[-0.208906,51.4994],[-0.208774,51.499295],[-0.208736,51.499265],[-0.208696,51.499237],[-0.208641,51.499197],[-0.20855,51.499132],[-0.208474,51.499078],[-0.208356,51.498993],[-0.208351,51.49899],[-0.208308,51.498959],[-0.208266,51.498991],[-0.208071,51.498817],[-0.20803,51.498785],[-0.207965,51.498735],[-0.207963,51.498754],[-0.207964,51.498771],[-0.20797,51.498828],[-0.207943,51.49883],[-0.207569,51.498797],[-0.207562,51.498795],[-0.207411,51.498718],[-0.207405,51.498715],[-0.207347,51.498722],[-0.207069,51.498719],[-0.207003,51.498626],[-0.207,51.498622],[-0.206763,51.498608],[-0.206702,51.498588],[-0.206569,51.498475],[-0.20656,51.498468],[-0.206553,51.498462],[-0.206218,51.498593],[-0.206109,51.498635],[-0.206102,51.498627],[-0.206064,51.498614],[-0.206056,51.498617],[-0.205991,51.498569],[-0.205955,51.498584],[-0.205567,51.498743],[-0.205564,51.49874],[-0.20544,51.498623],[-0.205378,51.498565],[-0.205351,51.498539],[-0.205228,51.498423],[-0.205223,51.498419],[-0.205216,51.498573],[-0.205216,51.498579],[-0.204966,51.498597],[-0.204792,51.498425],[-0.204774,51.498407],[-0.204737,51.498358],[-0.204831,51.498235],[-0.204855,51.498227],[-0.204858,51.498217],[-0.204862,51.498205],[-0.204867,51.498197],[-0.204884,51.498167],[-0.20489,51.498153],[-0.204889,51.498146],[-0.204883,51.498098],[-0.204843,51.498059],[-0.2048,51.498019],[-0.204768,51.497989],[-0.204675,51.497901],[-0.204637,51.497865],[-0.204622,51.497874],[-0.20459,51.497843],[-0.20447,51.497724],[-0.204372,51.497627],[-0.204295,51.497654],[-0.204285,51.49765],[-0.204268,51.497643],[-0.204257,51.497501],[-0.204252,51.497435],[-0.204242,51.4973],[-0.204237,51.49723],[-0.204264,51.497221],[-0.204273,51.497218],[-0.204489,51.497143],[-0.204501,51.497139],[-0.204506,51.497138],[-0.204513,51.497135],[-0.204597,51.497106],[-0.204656,51.497086],[-0.204774,51.497045],[-0.204786,51.497041],[-0.204823,51.497028],[-0.204956,51.496982],[-0.205014,51.496961],[-0.205033,51.496953],[-0.20516,51.496905],[-0.205459,51.496791],[-0.205809,51.496658],[-0.205836,51.496647],[-0.20584,51.496646],[-0.205862,51.496637],[-0.205961,51.4966],[-0.206165,51.496522],[-0.206222,51.4965],[-0.206321,51.496462],[-0.206327,51.49646],[-0.206373,51.496443],[-0.2064,51.496432],[-0.206503,51.496392],[-0.206576,51.496363],[-0.206638,51.496339],[-0.206697,51.496319],[-0.206732,51.496308],[-0.206774,51.496295],[-0.206864,51.496265],[-0.206882,51.49626],[-0.207002,51.496229],[-0.207107,51.496202],[-0.207175,51.496188],[-0.207365,51.496148],[-0.207403,51.496141],[-0.20743,51.496135],[-0.207669,51.496087],[-0.207748,51.49607],[-0.207769,51.496066],[-0.207978,51.496023],[-0.208186,51.49619],[-0.20824,51.496235],[-0.208351,51.496325],[-0.208358,51.496332],[-0.2084,51.496366],[-0.208477,51.496429],[-0.20852,51.496463],[-0.208788,51.496683],[-0.208841,51.496726],[-0.208944,51.49681],[-0.208977,51.496842],[-0.2091,51.496958],[-0.209123,51.496979],[-0.209408,51.497249],[-0.209412,51.497252],[-0.209429,51.497268],[-0.209445,51.497283],[-0.209565,51.497396],[-0.20957,51.497402],[-0.20969,51.49754],[-0.209899,51.497779],[-0.209912,51.497794],[-0.209962,51.497852],[-0.209973,51.497864],[-0.209983,51.497875],[-0.209992,51.497885],[-0.210029,51.497927],[-0.210225,51.498108],[-0.210248,51.498129],[-0.210312,51.498181],[-0.210331,51.498197],[-0.210366,51.498225],[-0.210429,51.498276],[-0.210432,51.498278],[-0.210476,51.498314],[-0.210486,51.498322],[-0.210542,51.498368],[-0.210556,51.498379],[-0.21056,51.498382],[-0.210573,51.498392],[-0.210589,51.498406],[-0.210595,51.498411],[-0.210729,51.498519],[-0.210791,51.498569],[-0.2108,51.498573],[-0.210854,51.498598],[-0.210857,51.4986],[-0.210871,51.498607],[-0.210928,51.498634],[-0.211013,51.498674],[-0.211021,51.498677],[-0.21106,51.498696],[-0.211074,51.498702],[-0.211145,51.498735],[-0.211169,51.498747],[-0.211205,51.498764],[-0.211237,51.498779],[-0.211307,51.498812],[-0.211338,51.498827],[-0.211398,51.498855],[-0.211456,51.498882],[-0.211465,51.498886],[-0.211554,51.498928],[-0.2116,51.49895],[-0.211615,51.498957],[-0.211669,51.498983],[-0.211704,51.498999],[-0.211727,51.49901],[-0.211773,51.499031],[-0.211811,51.499054],[-0.211836,51.499069],[-0.211896,51.499105],[-0.211911,51.499114],[-0.211715,51.499214],[-0.211806,51.499279],[-0.212084,51.499477],[-0.212313,51.499641],[-0.212346,51.499664],[-0.212287,51.499688],[-0.212139,51.499747],[-0.211826,51.499872],[-0.211791,51.499863],[-0.211673,51.499933],[-0.211598,51.499872]]]}},{"type":"Feature","properties":{"LSOA21CD":"E01002868","LSOA21NM":"Kensington and Chelsea 009D","MEAN_PTAL_":"4","mean_AI":19.1552835869,"borough":"Kensington & Chelsea"},"geometry":{"type":"Polygon","coordinates":[[[-0.201974,51.504389],[-0.20185,51.504126],[-0.201726,51.50392],[-0.20198,51.503867],[-0.202312,51.504205],[-0.202401,51.504331],[-0.202421,51.50436],[-0.202616,51.504302],[-0.20369,51.503984],[-0.203806,51.503949],[-0.204815,51.50365],[-0.204902,51.503625],[-0.205162,51.503547],[-0.20579,51.503361],[-0.206314,51.503205],[-0.206562,51.503137],[-0.206626,51.503179],[-0.206732,51.503249],[-0.206969,51.503404],[-0.207491,51.503331],[-0.207549,51.503353],[-0.207485,51.503269],[-0.207455,51.503229],[-0.20732,51.503052],[-0.207211,51.502909],[-0.207164,51.502847],[-0.207161,51.502843],[-0.207074,51.502729],[-0.20702,51.502658],[-0.206968,51.502589],[-0.206917,51.502522],[-0.206812,51.502391],[-0.206748,51.502309],[-0.206713,51.502266],[-0.206677,51.502221],[-0.206612,51.502139],[-0.206533,51.50204],[-0.206522,51.502026],[-0.206443,51.501924],[-0.206406,51.501877],[-0.206356,51.501814],[-0.206317,51.501763],[-0.206258,51.501687],[-0.206199,51.501611],[-0.206121,51.501512],[-0.206114,51.501504],[-0.206025,51.501409],[-0.20601,51.501393],[-0.205973,51.501346],[-0.205951,51.501317],[-0.205843,51.501182],[-0.205822,51.501155],[-0.205799,51.501126],[-0.205709,51.501011],[-0.206052,51.500908],[-0.206139,51.500882],[-0.206143,51.50088],[-0.206079,51.500829],[-0.206074,51.500825],[-0.206011,51.500793],[-0.206005,51.50079],[-0.20596,51.500753],[-0.205935,51.50069],[-0.205935,51.500686],[-0.205935,51.500661],[-0.205965,51.500588],[-0.205985,51.500583],[-0.206155,51.50054],[-0.206216,51.500524],[-0.206372,51.500484],[-0.206479,51.500456],[-0.206506,51.500452],[-0.206575,51.50044],[-0.20666,51.500425],[-0.206764,51.500407],[-0.20707,51.500354],[-0.207141,51.500342],[-0.207292,51.500316],[-0.207412,51.500287],[-0.207417,51.500452],[-0.20742,51.500699],[-0.208021,51.500497],[-0.208034,51.500511],[-0.208037,51.500514],[-0.208072,51.50051],[-0.208091,51.500508],[-0.208133,51.500616],[-0.208144,51.500643],[-0.20816,51.500685],[-0.208178,51.500729],[-0.208183,51.500743],[-0.208188,51.500755],[-0.208226,51.500846],[-0.208236,51.50087],[-0.208271,51.500954],[-0.208274,51.500961],[-0.2083,51.501024],[-0.208313,51.501056],[-0.208315,51.50106],[-0.208344,51.501141],[-0.208362,51.501192],[-0.208377,51.501234],[-0.20841,51.501326],[-0.208418,51.501347],[-0.208448,51.501368],[-0.208449,51.501374],[-0.208469,51.501449],[-0.208481,51.501468],[-0.208505,51.501509],[-0.208518,51.501527],[-0.208552,51.501568],[-0.20857,51.501588],[-0.208646,51.501676],[-0.208671,51.501706],[-0.208774,51.501825],[-0.208814,51.501872],[-0.208888,51.501958],[-0.208911,51.501985],[-0.208941,51.502021],[-0.209057,51.50216],[-0.209129,51.502247],[-0.209215,51.50235],[-0.209253,51.502396],[-0.209415,51.50259],[-0.209497,51.502689],[-0.2095,51.502692],[-0.209543,51.502744],[-0.209594,51.502805],[-0.209655,51.502879],[-0.209687,51.502917],[-0.209726,51.502964],[-0.209747,51.502989],[-0.209819,51.503075],[-0.209852,51.503116],[-0.209932,51.503211],[-0.209942,51.503223],[-0.209952,51.503236],[-0.209961,51.503246],[-0.210034,51.503333],[-0.210123,51.503441],[-0.210153,51.503477],[-0.210199,51.503532],[-0.210203,51.503537],[-0.210286,51.503636],[-0.210322,51.50368],[-0.210354,51.503718],[-0.21041,51.503786],[-0.210507,51.503902],[-0.210566,51.503973],[-0.210582,51.503992],[-0.210642,51.504065],[-0.21077,51.504218],[-0.210776,51.504226],[-0.21078,51.504232],[-0.210791,51.504245],[-0.210795,51.50425],[-0.210934,51.504436],[-0.210975,51.504485],[-0.211028,51.504548],[-0.210976,51.504569],[-0.21074,51.50466],[-0.21072,51.504668],[-0.210674,51.504691],[-0.21065,51.504703],[-0.210584,51.504746],[-0.210578,51.504752],[-0.210549,51.504782],[-0.210524,51.504808],[-0.210483,51.504863],[-0.210446,51.504922],[-0.210425,51.504956],[-0.210404,51.504991],[-0.210369,51.505079],[-0.210367,51.505088],[-0.210364,51.505092],[-0.210349,51.505118],[-0.210346,51.505124],[-0.210326,51.505131],[-0.210312,51.505136],[-0.210297,51.505141],[-0.210245,51.505152],[-0.210236,51.505154],[-0.210224,51.505158],[-0.210137,51.505187],[-0.21013,51.505189],[-0.210068,51.505207],[-0.210063,51.505208],[-0.210056,51.505212],[-0.209946,51.505262],[-0.20986,51.505295],[-0.209683,51.505347],[-0.209627,51.50536],[-0.20961,51.505362],[-0.20951,51.505459],[-0.20949,51.50554],[-0.209454,51.505687],[-0.20937,51.505808],[-0.209624,51.506086],[-0.209264,51.506174],[-0.209239,51.50618],[-0.209167,51.506198],[-0.209076,51.506221],[-0.20904,51.506229],[-0.209026,51.506233],[-0.208948,51.506252],[-0.208884,51.506268],[-0.208816,51.506284],[-0.208695,51.506314],[-0.208648,51.506326],[-0.208642,51.506327],[-0.208523,51.506357],[-0.208512,51.506359],[-0.2085,51.506362],[-0.208393,51.506389],[-0.208365,51.506396],[-0.208353,51.5064],[-0.208272,51.506423],[-0.208258,51.506427],[-0.208221,51.506437],[-0.208096,51.506473],[-0.208091,51.506474],[-0.207915,51.506524],[-0.207903,51.506527],[-0.207892,51.50653],[-0.207695,51.506586],[-0.207651,51.506599],[-0.207598,51.506614],[-0.207581,51.506618],[-0.207556,51.506625],[-0.207547,51.506627],[-0.207403,51.506664],[-0.20736,51.506675],[-0.207318,51.506686],[-0.207163,51.506726],[-0.207039,51.506759],[-0.206994,51.50677],[-0.206806,51.506819],[-0.206757,51.506832],[-0.206586,51.506876],[-0.20647,51.506906],[-0.20645,51.506912],[-0.206392,51.506928],[-0.206313,51.506951],[-0.20622,51.506977],[-0.206212,51.50698],[-0.206116,51.507007],[-0.206042,51.507028],[-0.205806,51.507095],[-0.205716,51.507121],[-0.205598,51.507155],[-0.205511,51.507179],[-0.205439,51.5072],[-0.205364,51.507221],[-0.2052,51.507268],[-0.205188,51.507272],[-0.205169,51.507277],[-0.205151,51.507282],[-0.205129,51.507288],[-0.204979,51.507331],[-0.204899,51.507354],[-0.204818,51.507377],[-0.2048,51.507382],[-0.204775,51.507389],[-0.204652,51.507424],[-0.204573,51.507446],[-0.204541,51.507456],[-0.204474,51.507475],[-0.204415,51.507491],[-0.204403,51.507495],[-0.204398,51.507496],[-0.204359,51.507507],[-0.204317,51.507519],[-0.204303,51.507523],[-0.204293,51.507526],[-0.204264,51.507534],[-0.204203,51.507551],[-0.20416,51.507563],[-0.204128,51.507573],[-0.204043,51.507596],[-0.204006,51.507607],[-0.20399,51.507612],[-0.203877,51.507643],[-0.203866,51.507646],[-0.20379,51.507668],[-0.203782,51.50767],[-0.203738,51.507683],[-0.203732,51.507667],[-0.203729,51.507662],[-0.203593,51.507364],[-0.203556,51.507283],[-0.203499,51.507157],[-0.203462,51.507076],[-0.203425,51.506995],[-0.203391,51.506947],[-0.203376,51.506925],[-0.203316,51.50684],[-0.203313,51.506836],[-0.203278,51.506768],[-0.203223,51.506659],[-0.203169,51.506554],[-0.203166,51.506549],[-0.203119,51.506425],[-0.203117,51.50642],[-0.203076,51.506312],[-0.203031,51.506194],[-0.202989,51.506084],[-0.202966,51.506023],[-0.202903,51.50592],[-0.202865,51.505858],[-0.202818,51.505789],[-0.202792,51.50575],[-0.202705,51.505623],[-0.202703,51.505619],[-0.202468,51.505152],[-0.202329,51.505034],[-0.202244,51.504962],[-0.201974,51.504389]]]}},{"type":"Feature","properties":{"LSOA21CD":"E01002869","LSOA21NM":"Kensington and Chelsea 009E","MEAN_PTAL_":"6a","mean_AI":35.8735943761,"borough":"Kensington & Chelsea"},"geometry":{"type":"Polygon","coordinates":[[[-0.210934,51.504436],[-0.210795,51.50425],[-0.210791,51.504245],[-0.21078,51.504232],[-0.210803,51.504224],[-0.210861,51.504236],[-0.211031,51.50427],[-0.211186,51.504301],[-0.21116,51.504234],[-0.211224,51.504188],[-0.211292,51.50414],[-0.211374,51.503604],[-0.212056,51.503627],[-0.212192,51.503385],[-0.212241,51.503458],[-0.212669,51.503263],[-0.212685,51.503256],[-0.212771,51.503216],[-0.21281,51.503199],[-0.213136,51.503051],[-0.213609,51.502835],[-0.213735,51.502778],[-0.213758,51.502768],[-0.213822,51.502741],[-0.213828,51.502736],[-0.213869,51.502718],[-0.213992,51.50266],[-0.214016,51.502648],[-0.214044,51.502635],[-0.214342,51.502494],[-0.214437,51.502448],[-0.214551,51.502616],[-0.214621,51.502665],[-0.214694,51.502693],[-0.2148,51.502712],[-0.21481,51.502694],[-0.21483,51.502658],[-0.21495,51.502542],[-0.21507,51.502487],[-0.215229,51.502415],[-0.215235,51.502412],[-0.215252,51.502438],[-0.215308,51.502523],[-0.21533,51.502557],[-0.215373,51.502623],[-0.215409,51.502679],[-0.215415,51.502685],[-0.215482,51.502756],[-0.215527,51.502805],[-0.215575,51.502856],[-0.215624,51.502909],[-0.215639,51.502925],[-0.215651,51.502938],[-0.215677,51.502966],[-0.215718,51.50301],[-0.215732,51.503025],[-0.215749,51.503043],[-0.215782,51.503079],[-0.215792,51.503089],[-0.215804,51.503102],[-0.215842,51.503143],[-0.215855,51.503157],[-0.215866,51.503169],[-0.215913,51.503219],[-0.215921,51.503228],[-0.215934,51.503242],[-0.215949,51.503258],[-0.216,51.503312],[-0.216025,51.503339],[-0.216063,51.50338],[-0.216109,51.50343],[-0.216114,51.503436],[-0.216125,51.503449],[-0.216144,51.50347],[-0.216223,51.503563],[-0.216241,51.503585],[-0.216246,51.503591],[-0.21626,51.503607],[-0.216266,51.503615],[-0.216293,51.503647],[-0.216295,51.503649],[-0.216325,51.503684],[-0.21636,51.503725],[-0.216363,51.50373],[-0.216376,51.503724],[-0.216431,51.5037],[-0.216461,51.503741],[-0.216498,51.503792],[-0.216514,51.503813],[-0.216518,51.503818],[-0.216557,51.503872],[-0.216567,51.503885],[-0.21658,51.503904],[-0.216585,51.503911],[-0.216609,51.503943],[-0.216693,51.504058],[-0.216699,51.504066],[-0.216701,51.504069],[-0.216705,51.504074],[-0.216714,51.504087],[-0.216734,51.504115],[-0.216816,51.504226],[-0.216837,51.504256],[-0.217017,51.504502],[-0.216925,51.504517],[-0.216919,51.504519],[-0.216803,51.504538],[-0.216728,51.50455],[-0.216522,51.504585],[-0.216331,51.504632],[-0.216027,51.504707],[-0.215918,51.504734],[-0.215599,51.504813],[-0.215482,51.504841],[-0.215401,51.504861],[-0.215376,51.504868],[-0.215177,51.504917],[-0.215111,51.504931],[-0.214888,51.504981],[-0.214873,51.504984],[-0.214433,51.505082],[-0.214122,51.505152],[-0.21398,51.505183],[-0.213935,51.505193],[-0.213371,51.505319],[-0.213072,51.50538],[-0.213015,51.505392],[-0.212898,51.505416],[-0.212841,51.505428],[-0.212585,51.505481],[-0.212564,51.505485],[-0.212478,51.505503],[-0.21247,51.505505],[-0.212377,51.505524],[-0.212311,51.505538],[-0.212305,51.505539],[-0.212266,51.505547],[-0.212226,51.505555],[-0.212192,51.505562],[-0.212167,51.505567],[-0.212035,51.505595],[-0.212018,51.505598],[-0.211911,51.505619],[-0.211859,51.50563],[-0.211793,51.505643],[-0.211787,51.505644],[-0.211774,51.505646],[-0.211759,51.505649],[-0.21175,51.505651],[-0.211709,51.505659],[-0.211668,51.505667],[-0.211505,51.5057],[-0.21137,51.505727],[-0.211285,51.505744],[-0.211192,51.505762],[-0.211119,51.505776],[-0.211084,51.505783],[-0.211063,51.505788],[-0.21095,51.50581],[-0.210884,51.505823],[-0.210679,51.505864],[-0.210631,51.505874],[-0.210556,51.505888],[-0.210432,51.505913],[-0.210332,51.505933],[-0.210197,51.50596],[-0.210156,51.505968],[-0.210075,51.505984],[-0.209995,51.506],[-0.209969,51.506005],[-0.209886,51.506021],[-0.209826,51.506036],[-0.209624,51.506086],[-0.20937,51.505808],[-0.209454,51.505687],[-0.20949,51.50554],[-0.20951,51.505459],[-0.20961,51.505362],[-0.209627,51.50536],[-0.209683,51.505347],[-0.20986,51.505295],[-0.209946,51.505262],[-0.210056,51.505212],[-0.210063,51.505208],[-0.210068,51.505207],[-0.21013,51.505189],[-0.210137,51.505187],[-0.210224,51.505158],[-0.210236,51.505154],[-0.210245,51.505152],[-0.210297,51.505141],[-0.210312,51.505136],[-0.210326,51.505131],[-0.210346,51.505124],[-0.210349,51.505118],[-0.210364,51.505092],[-0.210367,51.505088],[-0.210369,51.505079],[-0.210404,51.504991],[-0.210425,51.504956],[-0.210446,51.504922],[-0.210483,51.504863],[-0.210524,51.504808],[-0.210549,51.504782],[-0.210578,51.504752],[-0.210584,51.504746],[-0.21065,51.504703],[-0.210674,51.504691],[-0.21072,51.504668],[-0.21074,51.50466],[-0.210976,51.504569],[-0.211028,51.504548],[-0.210975,51.504485],[-0.210934,51.504436]]]}},{"type":"Feature","properties":{"LSOA21CD":"E01002870","LSOA21NM":"Kensington and Chelsea 005A","MEAN_PTAL_":"3","mean_AI":14.699736953,"borough":"Kensington & Chelsea"},"geometry":{"type":"Polygon","coordinates":[[[-0.217791,51.512376],[-0.217794,51.512325],[-0.217774,51.512329],[-0.217642,51.512361],[-0.217603,51.512371],[-0.217492,51.512397],[-0.217179,51.512473],[-0.217137,51.512483],[-0.217094,51.512493],[-0.216513,51.512639],[-0.216505,51.51264],[-0.216461,51.51265],[-0.216415,51.51266],[-0.216356,51.512672],[-0.21634,51.512676],[-0.216334,51.512666],[-0.216324,51.512649],[-0.216281,51.512574],[-0.216205,51.512441],[-0.216129,51.51231],[-0.216107,51.512272],[-0.216088,51.512239],[-0.216068,51.512203],[-0.216074,51.512201],[-0.216146,51.512186],[-0.216373,51.512137],[-0.216489,51.512112],[-0.216501,51.51211],[-0.216542,51.512101],[-0.216557,51.512086],[-0.21656,51.512084],[-0.216563,51.51208],[-0.216572,51.512072],[-0.216573,51.512066],[-0.216579,51.512034],[-0.216549,51.511992],[-0.216499,51.511923],[-0.216472,51.511884],[-0.216439,51.511839],[-0.21634,51.511702],[-0.216335,51.511695],[-0.216328,51.511685],[-0.216324,51.51168],[-0.216279,51.511617],[-0.216241,51.511562],[-0.216235,51.511554],[-0.216225,51.51154],[-0.216223,51.511536],[-0.216145,51.511424],[-0.216125,51.511395],[-0.216115,51.511381],[-0.216105,51.511366],[-0.216103,51.511363],[-0.216088,51.511341],[-0.216077,51.511325],[-0.216064,51.511307],[-0.216043,51.511276],[-0.216032,51.511261],[-0.216028,51.511255],[-0.216014,51.511234],[-0.216004,51.51122],[-0.216,51.511215],[-0.21599,51.511199],[-0.215968,51.511169],[-0.215959,51.511156],[-0.215957,51.511153],[-0.21591,51.511084],[-0.215904,51.511076],[-0.215876,51.511083],[-0.215609,51.511156],[-0.215601,51.511158],[-0.215503,51.511184],[-0.215496,51.511186],[-0.215277,51.511246],[-0.215221,51.511262],[-0.214984,51.511326],[-0.214911,51.511346],[-0.214867,51.511282],[-0.214839,51.511241],[-0.214771,51.511136],[-0.214758,51.511116],[-0.214748,51.511118],[-0.214698,51.511126],[-0.214639,51.511135],[-0.214313,51.511189],[-0.214279,51.511194],[-0.214264,51.511197],[-0.21412,51.51122],[-0.21411,51.511222],[-0.214104,51.511223],[-0.213982,51.511243],[-0.213931,51.511251],[-0.213915,51.511254],[-0.213904,51.511256],[-0.21386,51.511263],[-0.213852,51.511264],[-0.213836,51.511267],[-0.213781,51.511276],[-0.213734,51.511284],[-0.213721,51.511286],[-0.213689,51.511292],[-0.213645,51.511299],[-0.21357,51.511312],[-0.213534,51.511318],[-0.213481,51.511326],[-0.213363,51.511345],[-0.213353,51.511347],[-0.213282,51.511358],[-0.213188,51.511373],[-0.21313,51.511382],[-0.213068,51.511395],[-0.213126,51.511537],[-0.213142,51.511575],[-0.21315,51.511596],[-0.213174,51.511652],[-0.213179,51.511665],[-0.213195,51.511703],[-0.213207,51.511732],[-0.213215,51.511751],[-0.213217,51.511756],[-0.213235,51.511799],[-0.213245,51.511824],[-0.213249,51.511833],[-0.213272,51.511889],[-0.213275,51.511897],[-0.21328,51.511909],[-0.213285,51.511919],[-0.213318,51.511999],[-0.21332,51.512005],[-0.213333,51.512035],[-0.213344,51.512063],[-0.213347,51.512069],[-0.213331,51.512071],[-0.213317,51.512073],[-0.213297,51.512076],[-0.213038,51.512116],[-0.21302,51.512119],[-0.212954,51.512129],[-0.212824,51.512149],[-0.212813,51.51215],[-0.212402,51.512213],[-0.212491,51.512038],[-0.212497,51.512031],[-0.212505,51.512021],[-0.2125,51.512016],[-0.212408,51.511904],[-0.212399,51.511886],[-0.212304,51.511901],[-0.212256,51.5119],[-0.212258,51.511897],[-0.212387,51.511703],[-0.212451,51.511671],[-0.212462,51.511665],[-0.212458,51.511663],[-0.212434,51.511642],[-0.212421,51.511622],[-0.212416,51.511614],[-0.212384,51.511504],[-0.212356,51.511499],[-0.212329,51.511495],[-0.212279,51.511487],[-0.212277,51.511484],[-0.212098,51.511141],[-0.212096,51.511135],[-0.212097,51.511132],[-0.21214,51.511067],[-0.212186,51.511007],[-0.212224,51.510958],[-0.212619,51.510752],[-0.21262,51.510747],[-0.212623,51.510723],[-0.212643,51.51059],[-0.212673,51.510558],[-0.212721,51.510508],[-0.213023,51.510382],[-0.213036,51.510378],[-0.213065,51.510368],[-0.213069,51.510368],[-0.213941,51.51041],[-0.213974,51.510393],[-0.214043,51.510392],[-0.214251,51.510389],[-0.214247,51.510382],[-0.214221,51.51034],[-0.214188,51.510286],[-0.214153,51.510228],[-0.214138,51.510204],[-0.21413,51.510187],[-0.214127,51.510181],[-0.214138,51.510166],[-0.214179,51.510109],[-0.214183,51.510107],[-0.214312,51.510046],[-0.214553,51.509931],[-0.214558,51.509931],[-0.21473,51.509934],[-0.215101,51.50994],[-0.215106,51.509935],[-0.215109,51.509931],[-0.214932,51.509586],[-0.214929,51.509581],[-0.214934,51.509566],[-0.21493,51.50956],[-0.214851,51.509417],[-0.214847,51.509415],[-0.214805,51.50939],[-0.214804,51.509386],[-0.214756,51.50925],[-0.214732,51.509235],[-0.214727,51.509226],[-0.214646,51.509076],[-0.214646,51.509073],[-0.21468,51.50896],[-0.214734,51.50894],[-0.214738,51.508936],[-0.214805,51.508854],[-0.214816,51.508851],[-0.21486,51.508842],[-0.214939,51.508825],[-0.21493,51.508803],[-0.214929,51.508798],[-0.215033,51.508777],[-0.215038,51.508776],[-0.215076,51.508773],[-0.215119,51.508765],[-0.215136,51.508761],[-0.215226,51.508743],[-0.2153,51.508728],[-0.215369,51.508714],[-0.215454,51.508697],[-0.215522,51.508683],[-0.215604,51.508666],[-0.215646,51.508776],[-0.215652,51.50879],[-0.215746,51.509035],[-0.21578,51.50912],[-0.215785,51.50912],[-0.215812,51.509121],[-0.216057,51.509124],[-0.216063,51.509124],[-0.216065,51.509138],[-0.21607,51.509161],[-0.216212,51.509145],[-0.216219,51.509144],[-0.216312,51.509133],[-0.216406,51.509122],[-0.216415,51.509146],[-0.216441,51.509213],[-0.216579,51.509298],[-0.216586,51.509303],[-0.216652,51.509343],[-0.216671,51.509355],[-0.216792,51.509429],[-0.216855,51.509468],[-0.216853,51.50951],[-0.216852,51.509525],[-0.216849,51.509577],[-0.216846,51.509611],[-0.216845,51.509634],[-0.216844,51.509642],[-0.21685,51.509654],[-0.216855,51.509664],[-0.216871,51.509695],[-0.216885,51.509724],[-0.216888,51.509731],[-0.216912,51.509779],[-0.216914,51.509783],[-0.216915,51.509786],[-0.216919,51.509795],[-0.216925,51.50981],[-0.216926,51.509812],[-0.216929,51.509818],[-0.216942,51.509858],[-0.216943,51.509862],[-0.216947,51.509873],[-0.216948,51.509878],[-0.216949,51.509881],[-0.216962,51.509931],[-0.216963,51.509938],[-0.216966,51.509958],[-0.216967,51.509964],[-0.216969,51.509975],[-0.216974,51.510021],[-0.216975,51.51005],[-0.216976,51.510066],[-0.216976,51.510078],[-0.216975,51.510095],[-0.216972,51.510135],[-0.217041,51.510209],[-0.217049,51.510219],[-0.21712,51.510295],[-0.217175,51.510356],[-0.217178,51.510358],[-0.217182,51.510363],[-0.217204,51.510387],[-0.217379,51.510335],[-0.217456,51.510313],[-0.217468,51.51031],[-0.217476,51.510307],[-0.217485,51.510304],[-0.217497,51.510301],[-0.217514,51.510296],[-0.217532,51.51029],[-0.217568,51.51028],[-0.217577,51.510277],[-0.217622,51.510267],[-0.217663,51.510263],[-0.217669,51.510261],[-0.21777,51.510251],[-0.217817,51.510247],[-0.218029,51.510231],[-0.218026,51.510223],[-0.217975,51.510077],[-0.217949,51.510003],[-0.217911,51.509893],[-0.217896,51.509851],[-0.21788,51.509805],[-0.217865,51.509761],[-0.21801,51.509742],[-0.218087,51.509732],[-0.218097,51.509731],[-0.218214,51.509716],[-0.218313,51.509704],[-0.218337,51.5097],[-0.218444,51.509687],[-0.21855,51.509673],[-0.218679,51.509657],[-0.218822,51.509638],[-0.218927,51.509623],[-0.218979,51.509616],[-0.219063,51.509604],[-0.219185,51.509587],[-0.219185,51.509587],[-0.219251,51.509578],[-0.219262,51.509577],[-0.219277,51.509617],[-0.219446,51.510075],[-0.219449,51.510085],[-0.219494,51.510208],[-0.219505,51.510236],[-0.219536,51.510314],[-0.219547,51.510342],[-0.219563,51.510379],[-0.219621,51.510518],[-0.219631,51.510542],[-0.219746,51.510817],[-0.219767,51.510867],[-0.219812,51.510974],[-0.219845,51.511048],[-0.219859,51.51108],[-0.219914,51.511185],[-0.219983,51.511292],[-0.220018,51.511347],[-0.220115,51.511505],[-0.220186,51.511627],[-0.220245,51.51173],[-0.220179,51.511768],[-0.220165,51.511777],[-0.220006,51.511881],[-0.219963,51.511909],[-0.219897,51.511952],[-0.219643,51.512129],[-0.2195,51.512229],[-0.219352,51.512332],[-0.219171,51.512458],[-0.219135,51.512483],[-0.219026,51.512559],[-0.21873,51.512765],[-0.218727,51.512768],[-0.218672,51.512806],[-0.218562,51.51289],[-0.218492,51.512942],[-0.218454,51.512971],[-0.218407,51.513007],[-0.218099,51.51324],[-0.217948,51.513353],[-0.217917,51.513378],[-0.217745,51.513512],[-0.217745,51.513415],[-0.217746,51.513407],[-0.217746,51.513322],[-0.217746,51.513258],[-0.217746,51.513248],[-0.217746,51.513149],[-0.217746,51.513079],[-0.217746,51.512981],[-0.217748,51.512969],[-0.217749,51.51296],[-0.217758,51.512882],[-0.217773,51.512761],[-0.217778,51.51272],[-0.21778,51.512661],[-0.217789,51.512425],[-0.21779,51.512414],[-0.217791,51.512376]]]}},{"type":"Feature","properties":{"LSOA21CD":"E01002871","LSOA21NM":"Kensington and Chelsea 007B","MEAN_PTAL_":"5","mean_AI":22.8770694308,"borough":"Kensington & Chelsea"},"geometry":{"type":"Polygon","coordinates":[[[-0.209815,51.51055],[-0.209672,51.510516],[-0.209615,51.510531],[-0.209599,51.510522],[-0.209746,51.51048],[-0.20979,51.510458],[-0.209895,51.510431],[-0.209881,51.510414],[-0.209861,51.510392],[-0.209678,51.510189],[-0.209589,51.51009],[-0.209736,51.510011],[-0.209733,51.510008],[-0.209694,51.509964],[-0.209685,51.509955],[-0.209683,51.509952],[-0.20962,51.509881],[-0.209578,51.509834],[-0.209574,51.509829],[-0.20946,51.509701],[-0.209425,51.509654],[-0.20942,51.509652],[-0.209416,51.509641],[-0.209383,51.509596],[-0.209303,51.509487],[-0.209256,51.509424],[-0.209231,51.509391],[-0.209175,51.509314],[-0.209172,51.50931],[-0.209164,51.509298],[-0.209134,51.509255],[-0.209066,51.509156],[-0.209042,51.50912],[-0.208964,51.509006],[-0.208945,51.508978],[-0.208862,51.508857],[-0.208821,51.508799],[-0.208804,51.508774],[-0.208712,51.508672],[-0.208576,51.508547],[-0.208578,51.508553],[-0.208144,51.508694],[-0.208073,51.508656],[-0.208057,51.508646],[-0.207958,51.508671],[-0.207944,51.508675],[-0.207754,51.508722],[-0.207635,51.508756],[-0.207663,51.508713],[-0.207644,51.508687],[-0.207546,51.508556],[-0.207519,51.508531],[-0.207464,51.508496],[-0.207457,51.508492],[-0.207438,51.508482],[-0.207294,51.508435],[-0.207138,51.508408],[-0.207099,51.508339],[-0.207093,51.508327],[-0.207063,51.508291],[-0.206909,51.508257],[-0.206899,51.508251],[-0.206805,51.508194],[-0.206788,51.508183],[-0.206757,51.508165],[-0.206701,51.50813],[-0.206695,51.508126],[-0.206667,51.508048],[-0.206035,51.508094],[-0.206035,51.508099],[-0.206033,51.508156],[-0.205977,51.50811],[-0.205934,51.508101],[-0.205805,51.508081],[-0.205561,51.508152],[-0.20543,51.50819],[-0.205405,51.50821],[-0.205352,51.508253],[-0.205334,51.50828],[-0.205332,51.508283],[-0.205431,51.508337],[-0.205458,51.508352],[-0.205551,51.508424],[-0.205557,51.508433],[-0.205615,51.508527],[-0.205618,51.508532],[-0.20564,51.50862],[-0.205642,51.508626],[-0.205622,51.508744],[-0.205616,51.508756],[-0.205585,51.508816],[-0.205459,51.508849],[-0.205334,51.508881],[-0.205267,51.508884],[-0.205228,51.508797],[-0.205221,51.508788],[-0.204917,51.508383],[-0.204715,51.508409],[-0.204706,51.50841],[-0.2047,51.508402],[-0.20466,51.508414],[-0.204632,51.508422],[-0.204272,51.508527],[-0.204355,51.50855],[-0.204355,51.508555],[-0.204363,51.508638],[-0.204394,51.508738],[-0.204396,51.508741],[-0.204438,51.508795],[-0.204441,51.508798],[-0.204524,51.50887],[-0.204551,51.508887],[-0.204589,51.508911],[-0.204708,51.508962],[-0.204712,51.508964],[-0.204823,51.508998],[-0.204859,51.509006],[-0.204817,51.509084],[-0.204805,51.5091],[-0.2041,51.509297],[-0.204072,51.509305],[-0.204057,51.509283],[-0.204046,51.509268],[-0.204043,51.509263],[-0.204033,51.509249],[-0.203994,51.509191],[-0.203987,51.509182],[-0.203983,51.509176],[-0.203969,51.509156],[-0.20396,51.509143],[-0.20395,51.509128],[-0.203933,51.509103],[-0.203905,51.509063],[-0.20388,51.509026],[-0.203869,51.50901],[-0.203866,51.509006],[-0.203846,51.508977],[-0.203843,51.508973],[-0.203833,51.508959],[-0.203784,51.508886],[-0.203781,51.508883],[-0.203778,51.508879],[-0.203756,51.508846],[-0.203739,51.508822],[-0.203734,51.508814],[-0.203708,51.508777],[-0.203696,51.508759],[-0.203659,51.508705],[-0.203626,51.508657],[-0.20361,51.508635],[-0.203585,51.508599],[-0.203577,51.508586],[-0.203572,51.508579],[-0.203569,51.508576],[-0.203541,51.508536],[-0.203536,51.508529],[-0.203531,51.508522],[-0.203518,51.508504],[-0.203446,51.508403],[-0.203422,51.50837],[-0.203389,51.508322],[-0.203385,51.508317],[-0.203341,51.508256],[-0.203337,51.50825],[-0.203326,51.508234],[-0.203302,51.508201],[-0.203257,51.508138],[-0.203107,51.507927],[-0.203093,51.507908],[-0.203063,51.507867],[-0.203121,51.507851],[-0.203195,51.50783],[-0.203252,51.507815],[-0.203257,51.507814],[-0.203383,51.507779],[-0.203453,51.50776],[-0.203649,51.507707],[-0.203656,51.507705],[-0.203691,51.507696],[-0.203702,51.507693],[-0.203738,51.507683],[-0.203782,51.50767],[-0.20379,51.507668],[-0.203866,51.507646],[-0.203877,51.507643],[-0.20399,51.507612],[-0.204006,51.507607],[-0.204043,51.507596],[-0.204128,51.507573],[-0.20416,51.507563],[-0.204203,51.507551],[-0.204264,51.507534],[-0.204293,51.507526],[-0.204303,51.507523],[-0.204317,51.507519],[-0.204359,51.507507],[-0.204398,51.507496],[-0.204403,51.507495],[-0.204415,51.507491],[-0.204474,51.507475],[-0.204541,51.507456],[-0.204573,51.507446],[-0.204652,51.507424],[-0.204775,51.507389],[-0.2048,51.507382],[-0.204818,51.507377],[-0.204899,51.507354],[-0.204979,51.507331],[-0.205129,51.507288],[-0.205151,51.507282],[-0.205169,51.507277],[-0.205188,51.507272],[-0.2052,51.507268],[-0.205364,51.507221],[-0.205439,51.5072],[-0.205511,51.507179],[-0.205598,51.507155],[-0.205716,51.507121],[-0.205806,51.507095],[-0.206042,51.507028],[-0.206116,51.507007],[-0.206212,51.50698],[-0.20622,51.506977],[-0.206313,51.506951],[-0.206392,51.506928],[-0.20645,51.506912],[-0.20647,51.506906],[-0.206586,51.506876],[-0.206757,51.506832],[-0.206806,51.506819],[-0.206994,51.50677],[-0.207039,51.506759],[-0.207163,51.506726],[-0.207318,51.506686],[-0.20736,51.506675],[-0.207403,51.506664],[-0.207547,51.506627],[-0.207556,51.506625],[-0.207581,51.506618],[-0.207598,51.506614],[-0.207651,51.506599],[-0.207695,51.506586],[-0.207892,51.50653],[-0.207903,51.506527],[-0.207915,51.506524],[-0.208091,51.506474],[-0.208096,51.506473],[-0.208221,51.506437],[-0.208258,51.506427],[-0.208272,51.506423],[-0.208353,51.5064],[-0.208365,51.506396],[-0.208393,51.506389],[-0.2085,51.506362],[-0.208512,51.506359],[-0.208523,51.506357],[-0.208642,51.506327],[-0.208648,51.506326],[-0.208695,51.506314],[-0.208816,51.506284],[-0.208884,51.506268],[-0.208948,51.506252],[-0.209026,51.506233],[-0.20904,51.506229],[-0.209076,51.506221],[-0.209167,51.506198],[-0.209239,51.50618],[-0.209264,51.506174],[-0.209624,51.506086],[-0.209826,51.506036],[-0.209886,51.506021],[-0.209969,51.506005],[-0.209995,51.506],[-0.210075,51.505984],[-0.210156,51.505968],[-0.210197,51.50596],[-0.210332,51.505933],[-0.210432,51.505913],[-0.210556,51.505888],[-0.210631,51.505874],[-0.210634,51.505877],[-0.210964,51.506259],[-0.211075,51.506281],[-0.211092,51.506315],[-0.211384,51.506369],[-0.211389,51.50637],[-0.211412,51.506444],[-0.211413,51.506449],[-0.211475,51.506486],[-0.211497,51.506491],[-0.211515,51.506525],[-0.21154,51.506571],[-0.211569,51.506625],[-0.211593,51.506671],[-0.211598,51.506679],[-0.211622,51.506725],[-0.211627,51.506733],[-0.21165,51.506776],[-0.211651,51.506779],[-0.21167,51.506815],[-0.211694,51.506858],[-0.21172,51.506908],[-0.211727,51.50692],[-0.211747,51.506957],[-0.211767,51.506996],[-0.21178,51.50702],[-0.211793,51.50699],[-0.211804,51.506964],[-0.211864,51.506891],[-0.211979,51.506948],[-0.212031,51.506998],[-0.212054,51.50702],[-0.212107,51.507153],[-0.212108,51.507157],[-0.211901,51.507197],[-0.211878,51.507202],[-0.211856,51.507207],[-0.211762,51.507226],[-0.211754,51.507227],[-0.21173,51.507232],[-0.211679,51.507241],[-0.21166,51.507244],[-0.211622,51.507251],[-0.211617,51.507253],[-0.211608,51.507256],[-0.211593,51.507259],[-0.211566,51.507265],[-0.211555,51.507266],[-0.21149,51.50728],[-0.211485,51.507281],[-0.211478,51.507282],[-0.211441,51.50729],[-0.211527,51.507577],[-0.211528,51.50758],[-0.211459,51.507591],[-0.211435,51.507598],[-0.211418,51.507605],[-0.211408,51.507609],[-0.211281,51.507628],[-0.211244,51.507639],[-0.211226,51.507645],[-0.211206,51.507648],[-0.211062,51.507682],[-0.21105,51.507687],[-0.211042,51.507688],[-0.21097,51.507696],[-0.21088,51.507717],[-0.210867,51.507722],[-0.210837,51.507724],[-0.210831,51.507724],[-0.210738,51.507742],[-0.210703,51.507752],[-0.210695,51.507752],[-0.210672,51.507754],[-0.210575,51.507771],[-0.210521,51.507787],[-0.21051,51.507791],[-0.210451,51.507797],[-0.210357,51.507821],[-0.210334,51.507829],[-0.210319,51.507834],[-0.210246,51.507846],[-0.210208,51.507851],[-0.210156,51.507867],[-0.210066,51.507862],[-0.209978,51.507865],[-0.20996,51.507866],[-0.209901,51.507879],[-0.209887,51.507912],[-0.209877,51.507967],[-0.209889,51.508015],[-0.209915,51.508045],[-0.209948,51.50806],[-0.210145,51.508139],[-0.210169,51.508133],[-0.210184,51.508129],[-0.210256,51.50814],[-0.210299,51.508149],[-0.21034,51.50818],[-0.210426,51.508223],[-0.210435,51.508244],[-0.210414,51.508315],[-0.210495,51.508602],[-0.210451,51.508611],[-0.210293,51.508643],[-0.210267,51.508648],[-0.210249,51.508652],[-0.210207,51.50866],[-0.210251,51.508696],[-0.210313,51.508745],[-0.210317,51.508747],[-0.210322,51.508752],[-0.210406,51.508818],[-0.210416,51.508816],[-0.210437,51.508833],[-0.21043,51.508837],[-0.210458,51.508859],[-0.210618,51.508986],[-0.210677,51.509032],[-0.210682,51.509037],[-0.210752,51.509118],[-0.21095,51.509348],[-0.210981,51.509384],[-0.211,51.509406],[-0.21102,51.509429],[-0.211045,51.509458],[-0.211075,51.509493],[-0.211115,51.50954],[-0.211137,51.509565],[-0.211145,51.509574],[-0.211173,51.509609],[-0.211178,51.509615],[-0.211243,51.509694],[-0.211315,51.509783],[-0.211382,51.509881],[-0.211384,51.509883],[-0.211397,51.50992],[-0.211382,51.509928],[-0.211258,51.509959],[-0.211252,51.509961],[-0.211193,51.509975],[-0.21119,51.509972],[-0.211138,51.509972],[-0.211114,51.509972],[-0.211082,51.509987],[-0.210893,51.509797],[-0.210819,51.509762],[-0.210748,51.509749],[-0.210735,51.509747],[-0.210733,51.509752],[-0.210676,51.509841],[-0.210676,51.509846],[-0.210677,51.509908],[-0.210678,51.509913],[-0.21068,51.509918],[-0.210684,51.509929],[-0.210707,51.509963],[-0.210735,51.509989],[-0.210757,51.510009],[-0.210761,51.510012],[-0.210764,51.510014],[-0.210808,51.510043],[-0.210812,51.510044],[-0.210828,51.510052],[-0.21085,51.510059],[-0.210846,51.510076],[-0.210842,51.510083],[-0.210825,51.510116],[-0.210864,51.510173],[-0.210871,51.510183],[-0.210938,51.510282],[-0.21091,51.510301],[-0.210889,51.510314],[-0.210871,51.510339],[-0.210866,51.510344],[-0.210852,51.510339],[-0.210762,51.510306],[-0.21072,51.510239],[-0.210718,51.510236],[-0.210683,51.510242],[-0.210552,51.510266],[-0.210498,51.510275],[-0.210493,51.510273],[-0.21048,51.510276],[-0.210471,51.510278],[-0.210417,51.510293],[-0.210402,51.510297],[-0.210397,51.510298],[-0.210315,51.51032],[-0.210319,51.510325],[-0.210307,51.510332],[-0.210301,51.510335],[-0.21036,51.510421],[-0.21034,51.510473],[-0.210339,51.510476],[-0.210354,51.510513],[-0.210354,51.510533],[-0.210334,51.510578],[-0.210297,51.510617],[-0.210295,51.510621],[-0.21027,51.510659],[-0.210267,51.510664],[-0.210264,51.510691],[-0.20999,51.510622],[-0.209958,51.510584],[-0.209954,51.510583],[-0.209815,51.51055]]]}},{"type":"Feature","properties":{"LSOA21CD":"E01002872","LSOA21NM":"Kensington and Chelsea 005B","MEAN_PTAL_":"4","mean_AI":18.0668871063,"borough":"Kensington & Chelsea"},"geometry":{"type":"Polygon","coordinates":[[[-0.211817,51.512578],[-0.21181,51.51257],[-0.211766,51.512582],[-0.211725,51.512594],[-0.211442,51.512675],[-0.211441,51.512672],[-0.211437,51.512664],[-0.211368,51.512519],[-0.211366,51.512498],[-0.211361,51.512455],[-0.211393,51.512422],[-0.211492,51.51232],[-0.2115,51.512311],[-0.211494,51.51229],[-0.211489,51.512262],[-0.21149,51.512255],[-0.211356,51.512201],[-0.21129,51.512164],[-0.211265,51.512143],[-0.211222,51.512085],[-0.211212,51.51206],[-0.211202,51.512034],[-0.211201,51.512018],[-0.211161,51.511989],[-0.211118,51.511945],[-0.211079,51.511876],[-0.211072,51.511824],[-0.211088,51.511781],[-0.211022,51.511754],[-0.210888,51.511669],[-0.210847,51.511605],[-0.210845,51.511584],[-0.21084,51.511579],[-0.210794,51.511541],[-0.210789,51.511537],[-0.210718,51.511535],[-0.21059,51.511477],[-0.210549,51.511356],[-0.21025,51.511442],[-0.210227,51.511448],[-0.21019,51.511401],[-0.210153,51.511354],[-0.210134,51.511329],[-0.210128,51.511323],[-0.210117,51.511309],[-0.210087,51.51128],[-0.21008,51.51126],[-0.210049,51.511221],[-0.210021,51.511184],[-0.209966,51.511111],[-0.209936,51.511088],[-0.209931,51.511084],[-0.20992,51.511067],[-0.20993,51.511064],[-0.209982,51.511049],[-0.209995,51.511046],[-0.210312,51.510958],[-0.210364,51.510832],[-0.210354,51.51082],[-0.210347,51.510796],[-0.210317,51.510744],[-0.210306,51.510731],[-0.210304,51.510728],[-0.210274,51.510701],[-0.210267,51.510696],[-0.210264,51.510691],[-0.210267,51.510664],[-0.21027,51.510659],[-0.210295,51.510621],[-0.210297,51.510617],[-0.210334,51.510578],[-0.210354,51.510533],[-0.210354,51.510513],[-0.210339,51.510476],[-0.21034,51.510473],[-0.21036,51.510421],[-0.210301,51.510335],[-0.210307,51.510332],[-0.210319,51.510325],[-0.210315,51.51032],[-0.210397,51.510298],[-0.210402,51.510297],[-0.210417,51.510293],[-0.210471,51.510278],[-0.21048,51.510276],[-0.210493,51.510273],[-0.210498,51.510275],[-0.210552,51.510266],[-0.210683,51.510242],[-0.210718,51.510236],[-0.21072,51.510239],[-0.210762,51.510306],[-0.210852,51.510339],[-0.210866,51.510344],[-0.210871,51.510339],[-0.210889,51.510314],[-0.21091,51.510301],[-0.210938,51.510282],[-0.210871,51.510183],[-0.210864,51.510173],[-0.210825,51.510116],[-0.210842,51.510083],[-0.210846,51.510076],[-0.21085,51.510059],[-0.210828,51.510052],[-0.210812,51.510044],[-0.210808,51.510043],[-0.210764,51.510014],[-0.210761,51.510012],[-0.210757,51.510009],[-0.210735,51.509989],[-0.210707,51.509963],[-0.210684,51.509929],[-0.21068,51.509918],[-0.210678,51.509913],[-0.210677,51.509908],[-0.210676,51.509846],[-0.210676,51.509841],[-0.210733,51.509752],[-0.210735,51.509747],[-0.210748,51.509749],[-0.210819,51.509762],[-0.210893,51.509797],[-0.211082,51.509987],[-0.211114,51.509972],[-0.211138,51.509972],[-0.21119,51.509972],[-0.211193,51.509975],[-0.211252,51.509961],[-0.211258,51.509959],[-0.211382,51.509928],[-0.211397,51.50992],[-0.211384,51.509883],[-0.211382,51.509881],[-0.211315,51.509783],[-0.211243,51.509694],[-0.211178,51.509615],[-0.211173,51.509609],[-0.211145,51.509574],[-0.211137,51.509565],[-0.211115,51.50954],[-0.211075,51.509493],[-0.211045,51.509458],[-0.21102,51.509429],[-0.211,51.509406],[-0.210981,51.509384],[-0.21095,51.509348],[-0.210752,51.509118],[-0.210682,51.509037],[-0.210677,51.509032],[-0.210618,51.508986],[-0.210458,51.508859],[-0.21043,51.508837],[-0.210437,51.508833],[-0.210416,51.508816],[-0.210406,51.508818],[-0.210322,51.508752],[-0.210317,51.508747],[-0.210313,51.508745],[-0.210251,51.508696],[-0.210207,51.50866],[-0.210249,51.508652],[-0.210267,51.508648],[-0.210293,51.508643],[-0.210451,51.508611],[-0.210495,51.508602],[-0.210414,51.508315],[-0.210435,51.508244],[-0.210426,51.508223],[-0.21034,51.50818],[-0.210299,51.508149],[-0.210256,51.50814],[-0.210184,51.508129],[-0.210169,51.508133],[-0.210145,51.508139],[-0.209948,51.50806],[-0.209915,51.508045],[-0.209889,51.508015],[-0.209877,51.507967],[-0.209887,51.507912],[-0.209901,51.507879],[-0.20996,51.507866],[-0.209978,51.507865],[-0.210066,51.507862],[-0.210156,51.507867],[-0.210208,51.507851],[-0.210246,51.507846],[-0.210319,51.507834],[-0.210334,51.507829],[-0.210357,51.507821],[-0.210451,51.507797],[-0.21051,51.507791],[-0.210521,51.507787],[-0.210575,51.507771],[-0.210672,51.507754],[-0.210695,51.507752],[-0.210703,51.507752],[-0.210738,51.507742],[-0.210831,51.507724],[-0.210837,51.507724],[-0.210867,51.507722],[-0.21088,51.507717],[-0.21097,51.507696],[-0.211042,51.507688],[-0.21105,51.507687],[-0.211062,51.507682],[-0.211206,51.507648],[-0.211226,51.507645],[-0.211244,51.507639],[-0.211281,51.507628],[-0.211408,51.507609],[-0.211418,51.507605],[-0.211435,51.507598],[-0.211459,51.507591],[-0.211528,51.50758],[-0.211527,51.507577],[-0.211441,51.50729],[-0.211478,51.507282],[-0.211485,51.507281],[-0.21149,51.50728],[-0.211555,51.507266],[-0.211566,51.507265],[-0.211593,51.507259],[-0.211608,51.507256],[-0.211617,51.507253],[-0.211622,51.507251],[-0.21166,51.507244],[-0.211679,51.507241],[-0.21173,51.507232],[-0.211754,51.507227],[-0.211762,51.507226],[-0.211856,51.507207],[-0.211878,51.507202],[-0.211881,51.507207],[-0.211932,51.507293],[-0.211948,51.507326],[-0.21198,51.507394],[-0.212001,51.507436],[-0.212002,51.507439],[-0.212128,51.507384],[-0.212129,51.507379],[-0.212273,51.507406],[-0.212276,51.507411],[-0.212313,51.507474],[-0.212352,51.50754],[-0.212367,51.507565],[-0.212403,51.507627],[-0.212409,51.507638],[-0.212456,51.507717],[-0.212476,51.507751],[-0.212459,51.507757],[-0.212403,51.507777],[-0.212343,51.507883],[-0.212351,51.507885],[-0.212411,51.507896],[-0.212463,51.507905],[-0.212468,51.507908],[-0.212522,51.507935],[-0.212653,51.507965],[-0.212698,51.507961],[-0.212803,51.507948],[-0.213021,51.507922],[-0.21306,51.508001],[-0.213097,51.508075],[-0.213132,51.508068],[-0.213197,51.508155],[-0.213238,51.50823],[-0.213039,51.508298],[-0.213002,51.508311],[-0.213044,51.508381],[-0.213051,51.508393],[-0.213124,51.508514],[-0.213126,51.508517],[-0.213133,51.508539],[-0.213161,51.508633],[-0.213215,51.50881],[-0.213174,51.508815],[-0.213114,51.50883],[-0.213076,51.508835],[-0.213007,51.508851],[-0.213003,51.508852],[-0.212998,51.508854],[-0.212951,51.508861],[-0.212873,51.508879],[-0.212851,51.508881],[-0.21282,51.508888],[-0.21278,51.508896],[-0.212741,51.508901],[-0.212717,51.508906],[-0.212691,51.508915],[-0.212685,51.508917],[-0.212614,51.508928],[-0.212525,51.508953],[-0.212473,51.508973],[-0.212661,51.50925],[-0.21267,51.509263],[-0.212721,51.509253],[-0.212735,51.50925],[-0.212749,51.509248],[-0.2128,51.509237],[-0.212878,51.509222],[-0.212913,51.509215],[-0.213046,51.509188],[-0.213161,51.509165],[-0.213222,51.509152],[-0.213269,51.509143],[-0.213316,51.509133],[-0.213447,51.509107],[-0.21349,51.509098],[-0.213585,51.509079],[-0.213593,51.509078],[-0.21362,51.509072],[-0.21363,51.509091],[-0.213635,51.509101],[-0.213789,51.509069],[-0.213862,51.509053],[-0.213896,51.509046],[-0.213955,51.509034],[-0.213992,51.509026],[-0.214019,51.50902],[-0.214075,51.509008],[-0.214085,51.509006],[-0.214169,51.508988],[-0.214178,51.508986],[-0.214209,51.50898],[-0.214311,51.508958],[-0.214372,51.508945],[-0.214394,51.508941],[-0.214465,51.508926],[-0.214501,51.508918],[-0.21455,51.508908],[-0.21459,51.508899],[-0.214805,51.508854],[-0.214738,51.508936],[-0.214734,51.50894],[-0.21468,51.50896],[-0.214646,51.509073],[-0.214646,51.509076],[-0.214727,51.509226],[-0.214732,51.509235],[-0.214756,51.50925],[-0.214804,51.509386],[-0.214805,51.50939],[-0.214847,51.509415],[-0.214851,51.509417],[-0.21493,51.50956],[-0.214934,51.509566],[-0.214929,51.509581],[-0.214932,51.509586],[-0.215109,51.509931],[-0.215106,51.509935],[-0.215101,51.50994],[-0.21473,51.509934],[-0.214558,51.509931],[-0.214553,51.509931],[-0.214312,51.510046],[-0.214183,51.510107],[-0.214179,51.510109],[-0.214138,51.510166],[-0.214127,51.510181],[-0.21413,51.510187],[-0.214138,51.510204],[-0.214153,51.510228],[-0.214188,51.510286],[-0.214221,51.51034],[-0.214247,51.510382],[-0.214251,51.510389],[-0.214043,51.510392],[-0.213974,51.510393],[-0.213941,51.51041],[-0.213069,51.510368],[-0.213065,51.510368],[-0.213036,51.510378],[-0.213023,51.510382],[-0.212721,51.510508],[-0.212673,51.510558],[-0.212643,51.51059],[-0.212623,51.510723],[-0.21262,51.510747],[-0.212619,51.510752],[-0.212224,51.510958],[-0.212186,51.511007],[-0.21214,51.511067],[-0.212097,51.511132],[-0.212096,51.511135],[-0.212098,51.511141],[-0.212277,51.511484],[-0.212279,51.511487],[-0.212329,51.511495],[-0.212356,51.511499],[-0.212384,51.511504],[-0.212416,51.511614],[-0.212421,51.511622],[-0.212434,51.511642],[-0.212458,51.511663],[-0.212462,51.511665],[-0.212451,51.511671],[-0.212387,51.511703],[-0.212258,51.511897],[-0.212256,51.5119],[-0.212304,51.511901],[-0.212399,51.511886],[-0.212408,51.511904],[-0.2125,51.512016],[-0.212505,51.512021],[-0.212497,51.512031],[-0.212491,51.512038],[-0.212402,51.512213],[-0.212357,51.51222],[-0.212284,51.512231],[-0.212278,51.512232],[-0.212261,51.512234],[-0.212256,51.512235],[-0.212409,51.512598],[-0.21216,51.512639],[-0.212066,51.512655],[-0.211992,51.512679],[-0.211919,51.512703],[-0.211867,51.512639],[-0.211817,51.512578]]]}},{"type":"Feature","properties":{"LSOA21CD":"E01002873","LSOA21NM":"Kensington and Chelsea 007C","MEAN_PTAL_":"6a","mean_AI":34.2855785586,"borough":"Kensington & Chelsea"},"geometry":{"type":"Polygon","coordinates":[[[-0.212661,51.50925],[-0.212473,51.508973],[-0.212525,51.508953],[-0.212614,51.508928],[-0.212685,51.508917],[-0.212691,51.508915],[-0.212717,51.508906],[-0.212741,51.508901],[-0.21278,51.508896],[-0.21282,51.508888],[-0.212851,51.508881],[-0.212873,51.508879],[-0.212951,51.508861],[-0.212998,51.508854],[-0.213003,51.508852],[-0.213007,51.508851],[-0.213076,51.508835],[-0.213114,51.50883],[-0.213174,51.508815],[-0.213215,51.50881],[-0.213161,51.508633],[-0.213133,51.508539],[-0.213126,51.508517],[-0.213124,51.508514],[-0.213051,51.508393],[-0.213044,51.508381],[-0.213002,51.508311],[-0.213039,51.508298],[-0.213238,51.50823],[-0.213197,51.508155],[-0.213132,51.508068],[-0.213097,51.508075],[-0.21306,51.508001],[-0.213021,51.507922],[-0.212803,51.507948],[-0.212698,51.507961],[-0.212653,51.507965],[-0.212522,51.507935],[-0.212468,51.507908],[-0.212463,51.507905],[-0.212411,51.507896],[-0.212351,51.507885],[-0.212343,51.507883],[-0.212403,51.507777],[-0.212459,51.507757],[-0.212476,51.507751],[-0.212456,51.507717],[-0.212409,51.507638],[-0.212403,51.507627],[-0.212367,51.507565],[-0.212352,51.50754],[-0.212313,51.507474],[-0.212276,51.507411],[-0.212273,51.507406],[-0.212129,51.507379],[-0.212128,51.507384],[-0.212002,51.507439],[-0.212001,51.507436],[-0.21198,51.507394],[-0.211948,51.507326],[-0.211932,51.507293],[-0.211881,51.507207],[-0.211878,51.507202],[-0.211901,51.507197],[-0.212108,51.507157],[-0.212107,51.507153],[-0.212054,51.50702],[-0.212031,51.506998],[-0.211979,51.506948],[-0.211864,51.506891],[-0.211804,51.506964],[-0.211793,51.50699],[-0.21178,51.50702],[-0.211767,51.506996],[-0.211747,51.506957],[-0.211727,51.50692],[-0.21172,51.506908],[-0.211694,51.506858],[-0.21167,51.506815],[-0.211651,51.506779],[-0.21165,51.506776],[-0.211627,51.506733],[-0.211622,51.506725],[-0.211598,51.506679],[-0.211593,51.506671],[-0.211569,51.506625],[-0.21154,51.506571],[-0.211515,51.506525],[-0.211497,51.506491],[-0.211475,51.506486],[-0.211413,51.506449],[-0.211412,51.506444],[-0.211389,51.50637],[-0.211384,51.506369],[-0.211092,51.506315],[-0.211075,51.506281],[-0.210964,51.506259],[-0.210634,51.505877],[-0.210631,51.505874],[-0.210679,51.505864],[-0.210884,51.505823],[-0.21095,51.50581],[-0.211063,51.505788],[-0.211084,51.505783],[-0.211119,51.505776],[-0.211192,51.505762],[-0.211285,51.505744],[-0.21137,51.505727],[-0.211505,51.5057],[-0.211668,51.505667],[-0.211709,51.505659],[-0.21175,51.505651],[-0.211759,51.505649],[-0.211774,51.505646],[-0.211787,51.505644],[-0.211793,51.505643],[-0.211859,51.50563],[-0.211911,51.505619],[-0.212018,51.505598],[-0.212035,51.505595],[-0.212167,51.505567],[-0.212192,51.505562],[-0.212226,51.505555],[-0.212266,51.505547],[-0.212305,51.505539],[-0.212311,51.505538],[-0.212377,51.505524],[-0.21247,51.505505],[-0.212478,51.505503],[-0.212564,51.505485],[-0.212585,51.505481],[-0.212841,51.505428],[-0.212898,51.505416],[-0.213015,51.505392],[-0.213072,51.50538],[-0.213371,51.505319],[-0.213935,51.505193],[-0.21398,51.505183],[-0.214122,51.505152],[-0.214433,51.505082],[-0.214873,51.504984],[-0.214888,51.504981],[-0.215111,51.504931],[-0.215177,51.504917],[-0.215376,51.504868],[-0.215401,51.504861],[-0.215482,51.504841],[-0.215599,51.504813],[-0.215918,51.504734],[-0.216027,51.504707],[-0.216331,51.504632],[-0.216522,51.504585],[-0.216728,51.50455],[-0.216803,51.504538],[-0.216919,51.504519],[-0.216925,51.504517],[-0.217017,51.504502],[-0.217084,51.504599],[-0.217202,51.504768],[-0.217294,51.5049],[-0.217304,51.504915],[-0.217388,51.505035],[-0.217617,51.505365],[-0.217622,51.505373],[-0.21763,51.505383],[-0.217631,51.505388],[-0.217643,51.50544],[-0.217644,51.505444],[-0.217649,51.505467],[-0.217628,51.505472],[-0.217522,51.505502],[-0.217529,51.505512],[-0.217539,51.505526],[-0.217543,51.505533],[-0.217561,51.505562],[-0.217586,51.5056],[-0.217609,51.505635],[-0.217639,51.50568],[-0.21766,51.505713],[-0.217704,51.50578],[-0.217717,51.505802],[-0.217735,51.505834],[-0.217739,51.50584],[-0.217778,51.505907],[-0.217862,51.506051],[-0.217871,51.506065],[-0.217892,51.506104],[-0.217848,51.506113],[-0.21782,51.506119],[-0.217697,51.506145],[-0.217529,51.50618],[-0.217443,51.506199],[-0.217233,51.506244],[-0.217062,51.506279],[-0.216998,51.506292],[-0.216984,51.506294],[-0.216872,51.506316],[-0.216867,51.506317],[-0.216809,51.506328],[-0.216789,51.506331],[-0.216752,51.506338],[-0.216627,51.506362],[-0.216342,51.506417],[-0.216322,51.50642],[-0.216305,51.506383],[-0.216287,51.506344],[-0.216272,51.50631],[-0.216229,51.506318],[-0.216065,51.506345],[-0.216035,51.50635],[-0.215974,51.506361],[-0.215917,51.50637],[-0.215911,51.506371],[-0.215919,51.506393],[-0.215924,51.506406],[-0.215962,51.506505],[-0.215977,51.506547],[-0.21608,51.50675],[-0.216144,51.506878],[-0.216146,51.506882],[-0.216145,51.506944],[-0.216143,51.507024],[-0.216143,51.507033],[-0.21614,51.507166],[-0.216138,51.507206],[-0.216145,51.507396],[-0.216143,51.507409],[-0.216139,51.507431],[-0.216138,51.507434],[-0.216133,51.507466],[-0.216129,51.507471],[-0.216117,51.507484],[-0.216103,51.507498],[-0.216059,51.507521],[-0.216049,51.507522],[-0.215977,51.507531],[-0.215886,51.507525],[-0.215776,51.507516],[-0.215769,51.507517],[-0.215734,51.507521],[-0.215728,51.507522],[-0.215662,51.507536],[-0.215526,51.507564],[-0.215521,51.507565],[-0.215365,51.507597],[-0.215206,51.50764],[-0.2152,51.507642],[-0.215188,51.507645],[-0.215181,51.507649],[-0.215211,51.507713],[-0.215228,51.50775],[-0.215251,51.507801],[-0.215273,51.507849],[-0.215293,51.507891],[-0.215313,51.507935],[-0.215334,51.507981],[-0.215369,51.508057],[-0.215377,51.508079],[-0.215382,51.50809],[-0.215414,51.508174],[-0.215429,51.508214],[-0.21544,51.508242],[-0.215448,51.508261],[-0.215471,51.508321],[-0.215481,51.508346],[-0.215498,51.508392],[-0.215502,51.508401],[-0.215519,51.508445],[-0.21553,51.508475],[-0.215539,51.508497],[-0.215568,51.508572],[-0.215604,51.508666],[-0.215522,51.508683],[-0.215454,51.508697],[-0.215369,51.508714],[-0.2153,51.508728],[-0.215226,51.508743],[-0.215136,51.508761],[-0.215119,51.508765],[-0.215076,51.508773],[-0.215038,51.508776],[-0.215033,51.508777],[-0.214929,51.508798],[-0.21493,51.508803],[-0.214939,51.508825],[-0.21486,51.508842],[-0.214816,51.508851],[-0.214805,51.508854],[-0.21459,51.508899],[-0.21455,51.508908],[-0.214501,51.508918],[-0.214465,51.508926],[-0.214394,51.508941],[-0.214372,51.508945],[-0.214311,51.508958],[-0.214209,51.50898],[-0.214178,51.508986],[-0.214169,51.508988],[-0.214085,51.509006],[-0.214075,51.509008],[-0.214019,51.50902],[-0.213992,51.509026],[-0.213955,51.509034],[-0.213896,51.509046],[-0.213862,51.509053],[-0.213789,51.509069],[-0.213635,51.509101],[-0.21363,51.509091],[-0.21362,51.509072],[-0.213593,51.509078],[-0.213585,51.509079],[-0.21349,51.509098],[-0.213447,51.509107],[-0.213316,51.509133],[-0.213269,51.509143],[-0.213222,51.509152],[-0.213161,51.509165],[-0.213046,51.509188],[-0.212913,51.509215],[-0.212878,51.509222],[-0.2128,51.509237],[-0.212749,51.509248],[-0.212735,51.50925],[-0.212721,51.509253],[-0.21267,51.509263],[-0.212661,51.50925]]]}},{"type":"Feature","properties":{"LSOA21CD":"E01002874","LSOA21NM":"Kensington and Chelsea 007D","MEAN_PTAL_":"4","mean_AI":16.8650998515,"borough":"Kensington & Chelsea"},"geometry":{"type":"Polygon","coordinates":[[[-0.207044,51.513346],[-0.206956,51.513225],[-0.206798,51.513009],[-0.206756,51.512951],[-0.206787,51.512941],[-0.20704,51.512859],[-0.207173,51.512829],[-0.2072,51.512809],[-0.20725,51.512779],[-0.207305,51.512737],[-0.20733,51.512724],[-0.207369,51.5127],[-0.207383,51.512694],[-0.20744,51.512678],[-0.207489,51.512657],[-0.20756,51.512617],[-0.207621,51.51257],[-0.207631,51.512565],[-0.207657,51.512546],[-0.207726,51.512498],[-0.207768,51.512461],[-0.207777,51.51245],[-0.20779,51.512435],[-0.207797,51.512428],[-0.207836,51.512383],[-0.207886,51.512339],[-0.207905,51.512316],[-0.207927,51.512298],[-0.207934,51.512288],[-0.208017,51.512305],[-0.208257,51.512352],[-0.208471,51.512394],[-0.208566,51.512413],[-0.208604,51.51242],[-0.209257,51.512548],[-0.209247,51.512515],[-0.209622,51.512594],[-0.209634,51.512597],[-0.20964,51.512596],[-0.209681,51.512596],[-0.209785,51.512628],[-0.210008,51.512675],[-0.21004,51.512682],[-0.210063,51.512687],[-0.210071,51.512674],[-0.21009,51.51264],[-0.210095,51.512636],[-0.210102,51.51263],[-0.210183,51.512538],[-0.210474,51.512565],[-0.210477,51.512567],[-0.210484,51.512574],[-0.210535,51.512624],[-0.210565,51.512671],[-0.210574,51.512699],[-0.210571,51.512764],[-0.21057,51.512779],[-0.210573,51.512794],[-0.210575,51.512809],[-0.210575,51.512821],[-0.210578,51.512834],[-0.210578,51.512841],[-0.210578,51.512844],[-0.210577,51.512861],[-0.210577,51.512867],[-0.210583,51.512903],[-0.210573,51.512973],[-0.210574,51.512989],[-0.210576,51.513026],[-0.210581,51.513043],[-0.210581,51.513059],[-0.210719,51.513071],[-0.2108,51.513083],[-0.210906,51.513112],[-0.210973,51.513146],[-0.210976,51.513149],[-0.211024,51.513198],[-0.211082,51.513258],[-0.211116,51.513272],[-0.211206,51.513307],[-0.211273,51.513332],[-0.211388,51.513161],[-0.211424,51.51311],[-0.211529,51.513251],[-0.211558,51.513292],[-0.211679,51.513461],[-0.211686,51.513471],[-0.211725,51.513526],[-0.211729,51.51353],[-0.211797,51.513625],[-0.211822,51.513661],[-0.21183,51.513672],[-0.211748,51.513712],[-0.211743,51.513715],[-0.21174,51.513718],[-0.211723,51.513734],[-0.211718,51.513739],[-0.211677,51.513778],[-0.211665,51.513812],[-0.211649,51.513859],[-0.211635,51.513898],[-0.211627,51.513923],[-0.211624,51.513929],[-0.211606,51.51396],[-0.211603,51.513966],[-0.211578,51.514012],[-0.211567,51.514032],[-0.211562,51.514041],[-0.211537,51.514087],[-0.211533,51.514094],[-0.21153,51.514099],[-0.211521,51.514116],[-0.211511,51.514134],[-0.211501,51.514151],[-0.211498,51.514157],[-0.211484,51.514182],[-0.211475,51.5142],[-0.211452,51.514242],[-0.211449,51.514247],[-0.211433,51.514275],[-0.211431,51.514279],[-0.211429,51.514282],[-0.211404,51.514315],[-0.211402,51.514318],[-0.211399,51.514322],[-0.211361,51.514372],[-0.211358,51.514377],[-0.211353,51.514383],[-0.211343,51.514396],[-0.211332,51.514412],[-0.211326,51.514419],[-0.211318,51.51443],[-0.211311,51.51444],[-0.211307,51.514445],[-0.211296,51.514458],[-0.211289,51.514465],[-0.211272,51.514485],[-0.211252,51.514508],[-0.211235,51.514529],[-0.211224,51.514541],[-0.211213,51.514554],[-0.211204,51.514564],[-0.211197,51.514572],[-0.211169,51.514605],[-0.211158,51.514618],[-0.211147,51.514631],[-0.21113,51.51465],[-0.211128,51.514653],[-0.211112,51.514671],[-0.2111,51.514684],[-0.211096,51.514688],[-0.211089,51.514695],[-0.21108,51.514705],[-0.211058,51.514728],[-0.211046,51.514742],[-0.211042,51.514746],[-0.211033,51.514756],[-0.211008,51.514783],[-0.211003,51.514787],[-0.210989,51.514803],[-0.210981,51.51481],[-0.210969,51.514822],[-0.210961,51.514829],[-0.210935,51.514854],[-0.210928,51.51486],[-0.210903,51.514884],[-0.2109,51.514887],[-0.210895,51.514891],[-0.210805,51.514977],[-0.210793,51.51499],[-0.210787,51.514994],[-0.210783,51.514998],[-0.210743,51.515021],[-0.210716,51.515038],[-0.210646,51.515086],[-0.210618,51.515106],[-0.21057,51.51514],[-0.210544,51.515157],[-0.210474,51.515207],[-0.210423,51.515243],[-0.210397,51.51526],[-0.210357,51.515288],[-0.210337,51.515302],[-0.21033,51.515307],[-0.210228,51.515378],[-0.210169,51.51542],[-0.210155,51.51543],[-0.210145,51.515436],[-0.210093,51.515467],[-0.210082,51.515474],[-0.210013,51.515516],[-0.209966,51.515545],[-0.209939,51.515561],[-0.209884,51.515594],[-0.209869,51.515604],[-0.20978,51.515652],[-0.209757,51.515665],[-0.209727,51.515681],[-0.209707,51.515692],[-0.209682,51.515706],[-0.209676,51.515709],[-0.209665,51.515714],[-0.209645,51.515723],[-0.20963,51.51573],[-0.209583,51.515752],[-0.209506,51.515787],[-0.209376,51.515848],[-0.209356,51.515857],[-0.209303,51.515882],[-0.20908,51.515988],[-0.209013,51.51602],[-0.208982,51.516035],[-0.208967,51.516015],[-0.208956,51.515999],[-0.208877,51.515889],[-0.208846,51.515846],[-0.208802,51.515785],[-0.208774,51.515746],[-0.208738,51.515695],[-0.208715,51.515664],[-0.208702,51.515645],[-0.2087,51.515643],[-0.208577,51.515472],[-0.208524,51.515398],[-0.208509,51.515377],[-0.208407,51.515237],[-0.20839,51.515213],[-0.208338,51.515143],[-0.208317,51.515114],[-0.208272,51.515053],[-0.208251,51.515024],[-0.208201,51.514956],[-0.208171,51.514915],[-0.208154,51.514891],[-0.208115,51.514838],[-0.208072,51.514778],[-0.208068,51.514774],[-0.208032,51.514725],[-0.208022,51.51471],[-0.207993,51.514671],[-0.207965,51.514632],[-0.207937,51.514594],[-0.207891,51.514532],[-0.20773,51.514312],[-0.207686,51.514252],[-0.207684,51.514249],[-0.207569,51.514082],[-0.207567,51.514079],[-0.207529,51.514024],[-0.207521,51.514014],[-0.207423,51.513872],[-0.2074,51.513838],[-0.207349,51.513766],[-0.207332,51.513741],[-0.207294,51.513688],[-0.20724,51.513615],[-0.20716,51.513506],[-0.207094,51.513415],[-0.207091,51.513411],[-0.207082,51.513398],[-0.207079,51.513395],[-0.207072,51.513385],[-0.207044,51.513346]]]}},{"type":"Feature","properties":{"LSOA21CD":"E01002875","LSOA21NM":"Kensington and Chelsea 007E","MEAN_PTAL_":"4","mean_AI":18.4085128486,"borough":"Kensington & Chelsea"},"geometry":{"type":"Polygon","coordinates":[[[-0.210474,51.512565],[-0.210183,51.512538],[-0.210102,51.51263],[-0.210095,51.512636],[-0.21009,51.51264],[-0.210071,51.512674],[-0.210063,51.512687],[-0.21004,51.512682],[-0.210008,51.512675],[-0.209785,51.512628],[-0.209681,51.512596],[-0.20964,51.512596],[-0.209634,51.512597],[-0.209622,51.512594],[-0.209247,51.512515],[-0.209257,51.512548],[-0.208604,51.51242],[-0.208566,51.512413],[-0.208471,51.512394],[-0.208257,51.512352],[-0.208017,51.512305],[-0.207934,51.512288],[-0.207927,51.512298],[-0.207905,51.512316],[-0.207886,51.512339],[-0.207836,51.512383],[-0.207797,51.512428],[-0.20779,51.512435],[-0.207777,51.51245],[-0.207768,51.512461],[-0.207726,51.512498],[-0.207657,51.512546],[-0.207631,51.512565],[-0.207621,51.51257],[-0.20756,51.512617],[-0.207489,51.512657],[-0.20744,51.512678],[-0.207383,51.512694],[-0.207369,51.5127],[-0.20733,51.512724],[-0.207305,51.512737],[-0.20725,51.512779],[-0.2072,51.512809],[-0.207173,51.512829],[-0.20704,51.512859],[-0.206787,51.512941],[-0.206756,51.512951],[-0.206581,51.512712],[-0.206539,51.512655],[-0.206522,51.512632],[-0.206474,51.512566],[-0.206466,51.512555],[-0.20645,51.512533],[-0.206406,51.512473],[-0.206319,51.512353],[-0.206255,51.512266],[-0.206238,51.512244],[-0.206226,51.512227],[-0.206192,51.51218],[-0.206167,51.512146],[-0.20615,51.512123],[-0.206084,51.512033],[-0.206049,51.511985],[-0.206025,51.511952],[-0.205983,51.511895],[-0.205977,51.511887],[-0.205956,51.511858],[-0.205926,51.511817],[-0.205887,51.511763],[-0.205852,51.511716],[-0.205818,51.51167],[-0.205784,51.511623],[-0.205728,51.511546],[-0.205672,51.51147],[-0.205624,51.511404],[-0.205563,51.511321],[-0.205532,51.511279],[-0.205472,51.511197],[-0.20536,51.511043],[-0.205341,51.511018],[-0.205295,51.510955],[-0.205283,51.510939],[-0.205176,51.510793],[-0.205162,51.510774],[-0.20514,51.510743],[-0.205116,51.510711],[-0.205051,51.510626],[-0.205023,51.510589],[-0.204891,51.510416],[-0.20479,51.510285],[-0.204672,51.51013],[-0.204632,51.510078],[-0.204611,51.51005],[-0.204602,51.510039],[-0.204577,51.510006],[-0.204524,51.509937],[-0.204354,51.509714],[-0.204317,51.509663],[-0.204298,51.509633],[-0.204122,51.509377],[-0.204115,51.509367],[-0.20408,51.509318],[-0.204072,51.509305],[-0.2041,51.509297],[-0.204805,51.5091],[-0.204817,51.509084],[-0.204859,51.509006],[-0.204823,51.508998],[-0.204712,51.508964],[-0.204708,51.508962],[-0.204589,51.508911],[-0.204551,51.508887],[-0.204524,51.50887],[-0.204441,51.508798],[-0.204438,51.508795],[-0.204396,51.508741],[-0.204394,51.508738],[-0.204363,51.508638],[-0.204355,51.508555],[-0.204355,51.50855],[-0.204272,51.508527],[-0.204632,51.508422],[-0.20466,51.508414],[-0.2047,51.508402],[-0.204706,51.50841],[-0.204715,51.508409],[-0.204917,51.508383],[-0.205221,51.508788],[-0.205228,51.508797],[-0.205267,51.508884],[-0.205334,51.508881],[-0.205459,51.508849],[-0.205585,51.508816],[-0.205616,51.508756],[-0.205622,51.508744],[-0.205642,51.508626],[-0.20564,51.50862],[-0.205618,51.508532],[-0.205615,51.508527],[-0.205557,51.508433],[-0.205551,51.508424],[-0.205458,51.508352],[-0.205431,51.508337],[-0.205332,51.508283],[-0.205334,51.50828],[-0.205352,51.508253],[-0.205405,51.50821],[-0.20543,51.50819],[-0.205561,51.508152],[-0.205805,51.508081],[-0.205934,51.508101],[-0.205977,51.50811],[-0.206033,51.508156],[-0.206035,51.508099],[-0.206035,51.508094],[-0.206667,51.508048],[-0.206695,51.508126],[-0.206701,51.50813],[-0.206757,51.508165],[-0.206788,51.508183],[-0.206805,51.508194],[-0.206899,51.508251],[-0.206909,51.508257],[-0.207063,51.508291],[-0.207093,51.508327],[-0.207099,51.508339],[-0.207138,51.508408],[-0.207294,51.508435],[-0.207438,51.508482],[-0.207457,51.508492],[-0.207464,51.508496],[-0.207519,51.508531],[-0.207546,51.508556],[-0.207644,51.508687],[-0.207663,51.508713],[-0.207635,51.508756],[-0.207754,51.508722],[-0.207944,51.508675],[-0.207958,51.508671],[-0.208057,51.508646],[-0.208073,51.508656],[-0.208144,51.508694],[-0.208578,51.508553],[-0.208576,51.508547],[-0.208712,51.508672],[-0.208804,51.508774],[-0.208821,51.508799],[-0.208862,51.508857],[-0.208945,51.508978],[-0.208964,51.509006],[-0.209042,51.50912],[-0.209066,51.509156],[-0.209134,51.509255],[-0.209164,51.509298],[-0.209172,51.50931],[-0.209175,51.509314],[-0.209231,51.509391],[-0.209256,51.509424],[-0.209303,51.509487],[-0.209383,51.509596],[-0.209416,51.509641],[-0.20942,51.509652],[-0.209425,51.509654],[-0.20946,51.509701],[-0.209574,51.509829],[-0.209578,51.509834],[-0.20962,51.509881],[-0.209683,51.509952],[-0.209685,51.509955],[-0.209694,51.509964],[-0.209733,51.510008],[-0.209736,51.510011],[-0.209589,51.51009],[-0.209678,51.510189],[-0.209861,51.510392],[-0.209881,51.510414],[-0.209895,51.510431],[-0.20979,51.510458],[-0.209746,51.51048],[-0.209599,51.510522],[-0.209615,51.510531],[-0.209672,51.510516],[-0.209815,51.51055],[-0.209954,51.510583],[-0.209958,51.510584],[-0.20999,51.510622],[-0.210264,51.510691],[-0.210267,51.510696],[-0.210274,51.510701],[-0.210304,51.510728],[-0.210306,51.510731],[-0.210317,51.510744],[-0.210347,51.510796],[-0.210354,51.51082],[-0.210364,51.510832],[-0.210312,51.510958],[-0.209995,51.511046],[-0.209982,51.511049],[-0.20993,51.511064],[-0.20992,51.511067],[-0.209931,51.511084],[-0.209936,51.511088],[-0.209966,51.511111],[-0.210021,51.511184],[-0.210049,51.511221],[-0.21008,51.51126],[-0.210087,51.51128],[-0.210117,51.511309],[-0.210128,51.511323],[-0.210134,51.511329],[-0.210153,51.511354],[-0.21019,51.511401],[-0.210227,51.511448],[-0.21025,51.511442],[-0.210549,51.511356],[-0.21059,51.511477],[-0.210718,51.511535],[-0.210789,51.511537],[-0.210794,51.511541],[-0.21084,51.511579],[-0.210845,51.511584],[-0.210847,51.511605],[-0.210888,51.511669],[-0.211022,51.511754],[-0.211088,51.511781],[-0.211072,51.511824],[-0.211079,51.511876],[-0.211118,51.511945],[-0.211161,51.511989],[-0.211201,51.512018],[-0.211202,51.512034],[-0.211212,51.51206],[-0.211222,51.512085],[-0.211265,51.512143],[-0.21129,51.512164],[-0.211356,51.512201],[-0.21149,51.512255],[-0.211489,51.512262],[-0.211494,51.51229],[-0.2115,51.512311],[-0.211492,51.51232],[-0.211393,51.512422],[-0.211361,51.512455],[-0.211366,51.512498],[-0.211368,51.512519],[-0.211437,51.512664],[-0.211441,51.512672],[-0.211442,51.512675],[-0.21132,51.51271],[-0.211167,51.512754],[-0.211161,51.512756],[-0.211151,51.512759],[-0.211154,51.512763],[-0.211157,51.512766],[-0.211191,51.51281],[-0.211196,51.512816],[-0.211238,51.512871],[-0.21124,51.512874],[-0.211285,51.512931],[-0.211336,51.512996],[-0.211408,51.51309],[-0.211424,51.51311],[-0.211388,51.513161],[-0.211273,51.513332],[-0.211206,51.513307],[-0.211116,51.513272],[-0.211082,51.513258],[-0.211024,51.513198],[-0.210976,51.513149],[-0.210973,51.513146],[-0.210906,51.513112],[-0.2108,51.513083],[-0.210719,51.513071],[-0.210581,51.513059],[-0.210581,51.513043],[-0.210576,51.513026],[-0.210574,51.512989],[-0.210573,51.512973],[-0.210583,51.512903],[-0.210577,51.512867],[-0.210577,51.512861],[-0.210578,51.512844],[-0.210578,51.512841],[-0.210578,51.512834],[-0.210575,51.512821],[-0.210575,51.512809],[-0.210573,51.512794],[-0.21057,51.512779],[-0.210571,51.512764],[-0.210574,51.512699],[-0.210565,51.512671],[-0.210535,51.512624],[-0.210484,51.512574],[-0.210477,51.512567],[-0.210474,51.512565]]]}},{"type":"Feature","properties":{"LSOA21CD":"E01002876","LSOA21NM":"Kensington and Chelsea 003A","MEAN_PTAL_":"2","mean_AI":9.15632894094,"borough":"Kensington & Chelsea"},"geometry":{"type":"Polygon","coordinates":[[[-0.22039,51.519449],[-0.220225,51.519423],[-0.220147,51.519411],[-0.220072,51.519399],[-0.220055,51.519397],[-0.21995,51.51938],[-0.219945,51.519379],[-0.219837,51.519363],[-0.219831,51.519362],[-0.219693,51.51934],[-0.219674,51.519337],[-0.219584,51.519323],[-0.219549,51.519317],[-0.219478,51.519306],[-0.219427,51.519298],[-0.21929,51.519277],[-0.219144,51.519254],[-0.219122,51.51925],[-0.219015,51.519233],[-0.218999,51.519231],[-0.218922,51.519219],[-0.218842,51.519206],[-0.21883,51.519187],[-0.21876,51.519067],[-0.218739,51.519032],[-0.218666,51.518906],[-0.218636,51.518854],[-0.218622,51.518831],[-0.218604,51.518799],[-0.218575,51.51875],[-0.218536,51.518683],[-0.218478,51.518584],[-0.218466,51.518561],[-0.218961,51.518452],[-0.219001,51.518442],[-0.218998,51.518435],[-0.219009,51.518419],[-0.218982,51.518369],[-0.218933,51.51828],[-0.218922,51.518259],[-0.2189,51.518232],[-0.218876,51.518187],[-0.218873,51.518174],[-0.218865,51.518157],[-0.218836,51.518115],[-0.218832,51.518111],[-0.218812,51.518079],[-0.218802,51.518053],[-0.218781,51.518018],[-0.218776,51.518002],[-0.218771,51.517992],[-0.218765,51.517981],[-0.218757,51.517966],[-0.218755,51.51796],[-0.218713,51.517901],[-0.218701,51.517876],[-0.218696,51.517869],[-0.218675,51.517827],[-0.21867,51.51782],[-0.218648,51.51778],[-0.218642,51.517772],[-0.218617,51.517725],[-0.218614,51.517722],[-0.218589,51.517674],[-0.218581,51.517648],[-0.218565,51.517618],[-0.21856,51.517601],[-0.218552,51.517586],[-0.21855,51.517579],[-0.218511,51.51751],[-0.218509,51.517503],[-0.218506,51.517498],[-0.218506,51.517492],[-0.218483,51.5174],[-0.218453,51.517347],[-0.218451,51.517343],[-0.218667,51.5173],[-0.218904,51.517254],[-0.218932,51.517284],[-0.218937,51.517282],[-0.219385,51.517078],[-0.219393,51.517088],[-0.219399,51.517087],[-0.219931,51.517035],[-0.219915,51.516963],[-0.219884,51.516909],[-0.219871,51.516885],[-0.219896,51.51688],[-0.220141,51.516828],[-0.220491,51.516756],[-0.220945,51.516661],[-0.220973,51.516655],[-0.221006,51.516648],[-0.221907,51.516409],[-0.221967,51.516393],[-0.222011,51.516383],[-0.222017,51.516394],[-0.22208,51.516512],[-0.222155,51.516649],[-0.222154,51.516661],[-0.222123,51.516662],[-0.221846,51.516673],[-0.221784,51.516693],[-0.221742,51.516715],[-0.221717,51.516733],[-0.221629,51.516834],[-0.221655,51.516875],[-0.221672,51.516917],[-0.221676,51.516922],[-0.221679,51.516929],[-0.221692,51.516952],[-0.2217,51.516972],[-0.221709,51.516984],[-0.221747,51.517046],[-0.221763,51.517087],[-0.221765,51.517091],[-0.221777,51.517111],[-0.221787,51.517137],[-0.221789,51.517143],[-0.221832,51.517184],[-0.221857,51.517215],[-0.221893,51.517282],[-0.221902,51.517298],[-0.221914,51.517315],[-0.22192,51.517327],[-0.221959,51.517378],[-0.221961,51.517383],[-0.222015,51.517407],[-0.22209,51.517453],[-0.22212,51.517478],[-0.222147,51.517512],[-0.22217,51.517564],[-0.22218,51.517676],[-0.22219,51.517708],[-0.222235,51.517718],[-0.222243,51.51772],[-0.22234,51.517694],[-0.222679,51.517617],[-0.222685,51.517616],[-0.222712,51.517609],[-0.22275,51.517681],[-0.222761,51.517691],[-0.223252,51.517534],[-0.223255,51.517536],[-0.223257,51.517539],[-0.223286,51.517573],[-0.223305,51.517605],[-0.223314,51.517614],[-0.223353,51.51767],[-0.223354,51.517673],[-0.223378,51.517717],[-0.2234,51.517748],[-0.223421,51.517768],[-0.22344,51.517783],[-0.223444,51.517787],[-0.223453,51.517798],[-0.223463,51.517815],[-0.223508,51.517862],[-0.223521,51.51788],[-0.223535,51.517906],[-0.223564,51.517945],[-0.223581,51.517961],[-0.223614,51.518005],[-0.223618,51.518015],[-0.223636,51.518036],[-0.223656,51.518067],[-0.223674,51.518087],[-0.223699,51.518136],[-0.223707,51.518148],[-0.223949,51.518143],[-0.224038,51.518132],[-0.224046,51.518131],[-0.224218,51.518107],[-0.224233,51.518102],[-0.224342,51.51806],[-0.224585,51.517967],[-0.224681,51.517925],[-0.224699,51.517944],[-0.224703,51.517949],[-0.224725,51.517973],[-0.224881,51.51814],[-0.224907,51.518167],[-0.224967,51.518232],[-0.225011,51.518279],[-0.225018,51.518286],[-0.22502,51.518288],[-0.225079,51.518345],[-0.225141,51.518407],[-0.225203,51.518467],[-0.225206,51.51847],[-0.225251,51.518512],[-0.225416,51.518666],[-0.22544,51.518689],[-0.225522,51.518765],[-0.22561,51.518847],[-0.225617,51.518854],[-0.22564,51.518875],[-0.225649,51.518884],[-0.225655,51.518889],[-0.225667,51.5189],[-0.225702,51.518932],[-0.225715,51.518944],[-0.225776,51.518999],[-0.225813,51.519032],[-0.225854,51.519069],[-0.225872,51.519085],[-0.225885,51.519096],[-0.225976,51.519173],[-0.22598,51.519176],[-0.226026,51.519215],[-0.226049,51.519235],[-0.226126,51.5193],[-0.226201,51.519364],[-0.226226,51.519384],[-0.226343,51.519483],[-0.226374,51.519469],[-0.226379,51.519467],[-0.226385,51.519464],[-0.22646,51.519534],[-0.226547,51.519496],[-0.226571,51.519516],[-0.226606,51.519544],[-0.226614,51.519551],[-0.226593,51.519558],[-0.226467,51.519606],[-0.226461,51.519608],[-0.226415,51.519626],[-0.226339,51.519654],[-0.226331,51.519657],[-0.226221,51.519698],[-0.22621,51.519702],[-0.226201,51.519706],[-0.226081,51.519751],[-0.226064,51.519759],[-0.226059,51.519761],[-0.226031,51.519773],[-0.225905,51.519829],[-0.225894,51.519834],[-0.22586,51.519849],[-0.225835,51.51986],[-0.225827,51.519864],[-0.225683,51.519928],[-0.225633,51.51995],[-0.225565,51.51998],[-0.225496,51.52001],[-0.225491,51.520013],[-0.225426,51.520041],[-0.225405,51.52005],[-0.225343,51.520078],[-0.225277,51.520107],[-0.22517,51.520155],[-0.225124,51.520175],[-0.225094,51.520188],[-0.225034,51.520178],[-0.225023,51.520177],[-0.224908,51.520159],[-0.224829,51.520146],[-0.224728,51.52013],[-0.22469,51.520125],[-0.224654,51.520119],[-0.224608,51.520112],[-0.224601,51.520111],[-0.224555,51.520103],[-0.224507,51.520096],[-0.224468,51.52009],[-0.224401,51.520079],[-0.224273,51.520059],[-0.224209,51.520049],[-0.224182,51.520045],[-0.223932,51.520005],[-0.223889,51.519999],[-0.223748,51.519977],[-0.223653,51.519962],[-0.223503,51.519938],[-0.223498,51.519937],[-0.223418,51.519925],[-0.223229,51.519895],[-0.223149,51.519883],[-0.223114,51.519877],[-0.223088,51.519873],[-0.222948,51.519851],[-0.222944,51.51985],[-0.222924,51.519847],[-0.222873,51.519839],[-0.222788,51.519826],[-0.22276,51.519821],[-0.222682,51.519809],[-0.222667,51.519807],[-0.222612,51.519798],[-0.22257,51.519792],[-0.222546,51.519788],[-0.222433,51.51977],[-0.222404,51.519766],[-0.222394,51.519764],[-0.222266,51.519744],[-0.222198,51.519733],[-0.22217,51.519729],[-0.222051,51.51971],[-0.221999,51.519702],[-0.221938,51.519692],[-0.22173,51.51966],[-0.221724,51.519659],[-0.221441,51.519614],[-0.221357,51.519601],[-0.221295,51.519592],[-0.221011,51.519547],[-0.220836,51.519519],[-0.220774,51.51951],[-0.220695,51.519497],[-0.22063,51.519487],[-0.220585,51.51948],[-0.220579,51.519479],[-0.220461,51.51946],[-0.22039,51.519449]]]}},{"type":"Feature","properties":{"LSOA21CD":"E01002877","LSOA21NM":"Kensington and Chelsea 003B","MEAN_PTAL_":"3","mean_AI":12.3631157916,"borough":"Kensington & Chelsea"},"geometry":{"type":"Polygon","coordinates":[[[-0.217733,51.517273],[-0.217699,51.517213],[-0.217674,51.517169],[-0.217625,51.517082],[-0.217553,51.516954],[-0.217467,51.516801],[-0.217442,51.516756],[-0.217428,51.516729],[-0.217429,51.516722],[-0.217372,51.516729],[-0.217371,51.516741],[-0.217164,51.516785],[-0.21721,51.516752],[-0.217012,51.516616],[-0.217009,51.516608],[-0.216955,51.51647],[-0.216947,51.516411],[-0.216868,51.516418],[-0.216765,51.516418],[-0.216694,51.516411],[-0.216605,51.516393],[-0.216524,51.516367],[-0.216414,51.516316],[-0.216359,51.51628],[-0.216351,51.516001],[-0.216348,51.515889],[-0.216358,51.515877],[-0.21654,51.515843],[-0.216772,51.515811],[-0.216788,51.515805],[-0.216797,51.515808],[-0.216832,51.51582],[-0.216869,51.5159],[-0.216878,51.51592],[-0.216999,51.515922],[-0.2172,51.515925],[-0.21749,51.515893],[-0.217635,51.515876],[-0.217832,51.515853],[-0.217839,51.515852],[-0.217895,51.515846],[-0.21795,51.515841],[-0.217976,51.515839],[-0.218649,51.515788],[-0.218614,51.515718],[-0.218609,51.515708],[-0.218589,51.515667],[-0.218572,51.515637],[-0.21857,51.515634],[-0.218565,51.515626],[-0.218574,51.515597],[-0.21859,51.515542],[-0.218676,51.515247],[-0.218437,51.51526],[-0.21838,51.515251],[-0.218337,51.515241],[-0.218309,51.515222],[-0.218253,51.515168],[-0.218197,51.515131],[-0.218139,51.515123],[-0.218192,51.514999],[-0.21822,51.514984],[-0.218299,51.514941],[-0.218299,51.514933],[-0.2183,51.514538],[-0.2183,51.514526],[-0.218332,51.514491],[-0.218342,51.514479],[-0.218359,51.51446],[-0.218403,51.514411],[-0.218438,51.514398],[-0.218481,51.514382],[-0.21849,51.514377],[-0.218555,51.514341],[-0.218566,51.514284],[-0.218412,51.514187],[-0.2184,51.514182],[-0.218207,51.514109],[-0.218153,51.514088],[-0.218151,51.514083],[-0.218136,51.514049],[-0.218131,51.514039],[-0.218064,51.513783],[-0.218138,51.51374],[-0.218149,51.513734],[-0.218157,51.513729],[-0.218126,51.51373],[-0.217946,51.513737],[-0.217715,51.513747],[-0.217857,51.513615],[-0.217959,51.51352],[-0.218087,51.513401],[-0.217948,51.513353],[-0.218099,51.51324],[-0.218407,51.513007],[-0.218454,51.512971],[-0.218492,51.512942],[-0.218562,51.51289],[-0.218672,51.512806],[-0.218727,51.512768],[-0.21873,51.512765],[-0.219026,51.512559],[-0.219135,51.512483],[-0.219171,51.512458],[-0.219352,51.512332],[-0.2195,51.512229],[-0.219643,51.512129],[-0.219897,51.511952],[-0.219963,51.511909],[-0.220006,51.511881],[-0.220165,51.511777],[-0.220179,51.511768],[-0.220245,51.51173],[-0.220281,51.511789],[-0.220323,51.511862],[-0.220447,51.512095],[-0.220505,51.512204],[-0.220514,51.512222],[-0.220687,51.512499],[-0.220787,51.51266],[-0.220863,51.512781],[-0.221031,51.513052],[-0.221141,51.513259],[-0.221146,51.513269],[-0.221195,51.513362],[-0.221203,51.513376],[-0.221236,51.513439],[-0.221284,51.513529],[-0.221372,51.513697],[-0.221379,51.513706],[-0.221383,51.51371],[-0.221391,51.513721],[-0.221411,51.51375],[-0.221428,51.513782],[-0.221433,51.513794],[-0.221441,51.513813],[-0.221456,51.513896],[-0.221733,51.514332],[-0.221865,51.514531],[-0.221887,51.514564],[-0.222008,51.514746],[-0.222059,51.514816],[-0.222253,51.515085],[-0.222296,51.515139],[-0.222354,51.515215],[-0.222393,51.515265],[-0.222467,51.515361],[-0.22247,51.515365],[-0.222483,51.515382],[-0.222528,51.515441],[-0.222562,51.515484],[-0.22257,51.515495],[-0.222589,51.51552],[-0.222654,51.515603],[-0.222687,51.515646],[-0.222804,51.515792],[-0.222904,51.515916],[-0.2231,51.516149],[-0.223129,51.516184],[-0.223208,51.516277],[-0.223369,51.516468],[-0.223431,51.516536],[-0.223604,51.516728],[-0.223844,51.516994],[-0.223854,51.517005],[-0.223928,51.517087],[-0.224011,51.517178],[-0.224019,51.517187],[-0.224083,51.517258],[-0.224119,51.517298],[-0.22415,51.517333],[-0.224196,51.517383],[-0.224267,51.517462],[-0.2243,51.517498],[-0.224315,51.517514],[-0.224333,51.517535],[-0.224364,51.51757],[-0.224382,51.51759],[-0.224397,51.517607],[-0.224405,51.517615],[-0.224437,51.517651],[-0.224442,51.517656],[-0.224487,51.517707],[-0.224538,51.517764],[-0.224548,51.517776],[-0.224629,51.517866],[-0.224663,51.517904],[-0.224673,51.517915],[-0.224681,51.517925],[-0.224585,51.517967],[-0.224342,51.51806],[-0.224233,51.518102],[-0.224218,51.518107],[-0.224046,51.518131],[-0.224038,51.518132],[-0.223949,51.518143],[-0.223707,51.518148],[-0.223699,51.518136],[-0.223674,51.518087],[-0.223656,51.518067],[-0.223636,51.518036],[-0.223618,51.518015],[-0.223614,51.518005],[-0.223581,51.517961],[-0.223564,51.517945],[-0.223535,51.517906],[-0.223521,51.51788],[-0.223508,51.517862],[-0.223463,51.517815],[-0.223453,51.517798],[-0.223444,51.517787],[-0.22344,51.517783],[-0.223421,51.517768],[-0.2234,51.517748],[-0.223378,51.517717],[-0.223354,51.517673],[-0.223353,51.51767],[-0.223314,51.517614],[-0.223305,51.517605],[-0.223286,51.517573],[-0.223257,51.517539],[-0.223255,51.517536],[-0.223252,51.517534],[-0.222761,51.517691],[-0.22275,51.517681],[-0.222712,51.517609],[-0.222685,51.517616],[-0.222679,51.517617],[-0.22234,51.517694],[-0.222243,51.51772],[-0.222235,51.517718],[-0.22219,51.517708],[-0.22218,51.517676],[-0.22217,51.517564],[-0.222147,51.517512],[-0.22212,51.517478],[-0.22209,51.517453],[-0.222015,51.517407],[-0.221961,51.517383],[-0.221959,51.517378],[-0.22192,51.517327],[-0.221914,51.517315],[-0.221902,51.517298],[-0.221893,51.517282],[-0.221857,51.517215],[-0.221832,51.517184],[-0.221789,51.517143],[-0.221787,51.517137],[-0.221777,51.517111],[-0.221765,51.517091],[-0.221763,51.517087],[-0.221747,51.517046],[-0.221709,51.516984],[-0.2217,51.516972],[-0.221692,51.516952],[-0.221679,51.516929],[-0.221676,51.516922],[-0.221672,51.516917],[-0.221655,51.516875],[-0.221629,51.516834],[-0.221717,51.516733],[-0.221742,51.516715],[-0.221784,51.516693],[-0.221846,51.516673],[-0.222123,51.516662],[-0.222154,51.516661],[-0.222155,51.516649],[-0.22208,51.516512],[-0.222017,51.516394],[-0.222011,51.516383],[-0.221967,51.516393],[-0.221907,51.516409],[-0.221006,51.516648],[-0.220973,51.516655],[-0.220945,51.516661],[-0.220491,51.516756],[-0.220141,51.516828],[-0.219896,51.51688],[-0.219871,51.516885],[-0.219884,51.516909],[-0.219915,51.516963],[-0.219931,51.517035],[-0.219399,51.517087],[-0.219393,51.517088],[-0.219385,51.517078],[-0.218937,51.517282],[-0.218932,51.517284],[-0.218904,51.517254],[-0.218667,51.5173],[-0.218451,51.517343],[-0.218453,51.517347],[-0.218483,51.5174],[-0.218506,51.517492],[-0.218506,51.517498],[-0.218509,51.517503],[-0.218511,51.51751],[-0.21855,51.517579],[-0.218552,51.517586],[-0.21856,51.517601],[-0.218565,51.517618],[-0.218581,51.517648],[-0.218589,51.517674],[-0.218614,51.517722],[-0.218617,51.517725],[-0.218642,51.517772],[-0.218648,51.51778],[-0.21867,51.51782],[-0.218675,51.517827],[-0.218696,51.517869],[-0.218701,51.517876],[-0.218713,51.517901],[-0.218755,51.51796],[-0.218757,51.517966],[-0.218765,51.517981],[-0.218771,51.517992],[-0.218776,51.518002],[-0.218781,51.518018],[-0.218802,51.518053],[-0.218812,51.518079],[-0.218832,51.518111],[-0.218836,51.518115],[-0.218865,51.518157],[-0.218873,51.518174],[-0.218876,51.518187],[-0.2189,51.518232],[-0.218922,51.518259],[-0.218933,51.51828],[-0.218982,51.518369],[-0.219009,51.518419],[-0.218998,51.518435],[-0.219001,51.518442],[-0.218961,51.518452],[-0.218466,51.518561],[-0.218461,51.518555],[-0.218426,51.51849],[-0.218385,51.518417],[-0.218382,51.518411],[-0.218356,51.518364],[-0.218323,51.518304],[-0.218301,51.518264],[-0.218258,51.518187],[-0.218229,51.518134],[-0.218208,51.518095],[-0.218199,51.51808],[-0.218185,51.518053],[-0.21818,51.518044],[-0.21815,51.517991],[-0.218141,51.517974],[-0.218136,51.517965],[-0.218122,51.51794],[-0.218092,51.51789],[-0.21806,51.517835],[-0.218028,51.517779],[-0.218,51.517731],[-0.217986,51.517708],[-0.217967,51.517676],[-0.217959,51.517661],[-0.217944,51.517636],[-0.21785,51.517475],[-0.217814,51.517413],[-0.21781,51.517406],[-0.21778,51.517354],[-0.217775,51.517347],[-0.21776,51.517321],[-0.217733,51.517273]]]}},{"type":"Feature","properties":{"LSOA21CD":"E01002878","LSOA21NM":"Kensington and Chelsea 003C","MEAN_PTAL_":"4","mean_AI":17.8733285577,"borough":"Kensington & Chelsea"},"geometry":{"type":"Polygon","coordinates":[[[-0.212865,51.516773],[-0.212994,51.516718],[-0.213005,51.516713],[-0.213023,51.516705],[-0.21305,51.516693],[-0.213136,51.516656],[-0.213146,51.516651],[-0.213379,51.516543],[-0.213397,51.516534],[-0.213427,51.516519],[-0.213439,51.516512],[-0.213331,51.516451],[-0.213172,51.51636],[-0.213154,51.51635],[-0.213151,51.516348],[-0.213112,51.516325],[-0.213087,51.516311],[-0.213077,51.516305],[-0.212971,51.516245],[-0.212962,51.51624],[-0.21291,51.51621],[-0.212848,51.516175],[-0.212835,51.516167],[-0.212827,51.516163],[-0.212799,51.516147],[-0.212695,51.516087],[-0.212583,51.516024],[-0.21259,51.51602],[-0.212614,51.516008],[-0.212618,51.516011],[-0.212646,51.515993],[-0.212716,51.515965],[-0.212771,51.515926],[-0.21279,51.515912],[-0.212839,51.515868],[-0.212871,51.515839],[-0.212921,51.515794],[-0.213012,51.515713],[-0.213027,51.515699],[-0.213064,51.515666],[-0.213146,51.515592],[-0.213165,51.515575],[-0.213173,51.515568],[-0.213189,51.515554],[-0.213161,51.515542],[-0.213225,51.515484],[-0.213231,51.515476],[-0.213254,51.515446],[-0.213263,51.515434],[-0.213267,51.515423],[-0.21292,51.515261],[-0.212922,51.51525],[-0.21265,51.515134],[-0.212584,51.515167],[-0.212657,51.515084],[-0.212696,51.515039],[-0.212804,51.514914],[-0.212763,51.514899],[-0.212767,51.514892],[-0.212787,51.514895],[-0.212825,51.514899],[-0.212833,51.5149],[-0.213201,51.515039],[-0.213223,51.51505],[-0.213229,51.515053],[-0.213436,51.51508],[-0.213453,51.515071],[-0.213519,51.515038],[-0.213527,51.515034],[-0.21355,51.515018],[-0.213554,51.515016],[-0.213564,51.515009],[-0.213716,51.51499],[-0.213818,51.514978],[-0.213986,51.514824],[-0.214021,51.514803],[-0.21406,51.51478],[-0.214064,51.514777],[-0.214104,51.514745],[-0.214148,51.514728],[-0.214204,51.514705],[-0.214231,51.514695],[-0.214236,51.514693],[-0.214309,51.514679],[-0.214367,51.514668],[-0.214404,51.514673],[-0.215009,51.514749],[-0.215021,51.51475],[-0.215324,51.514789],[-0.215929,51.514865],[-0.215987,51.514872],[-0.216129,51.514889],[-0.216214,51.514899],[-0.216552,51.514938],[-0.216567,51.51494],[-0.216597,51.514944],[-0.216607,51.514945],[-0.216696,51.514955],[-0.216782,51.514965],[-0.216913,51.514981],[-0.21694,51.514984],[-0.216923,51.514989],[-0.21691,51.514994],[-0.21672,51.515066],[-0.216705,51.515072],[-0.216699,51.515072],[-0.216575,51.515081],[-0.216555,51.515084],[-0.216364,51.515039],[-0.215688,51.515354],[-0.215398,51.515317],[-0.21539,51.515322],[-0.215382,51.515326],[-0.21533,51.515312],[-0.215264,51.515366],[-0.215261,51.515368],[-0.215315,51.515384],[-0.215646,51.515488],[-0.215789,51.515535],[-0.216141,51.515636],[-0.216297,51.515733],[-0.216316,51.515745],[-0.216418,51.515782],[-0.216426,51.515785],[-0.216431,51.515786],[-0.216358,51.515877],[-0.216348,51.515889],[-0.216351,51.516001],[-0.216359,51.51628],[-0.216414,51.516316],[-0.216524,51.516367],[-0.216605,51.516393],[-0.216694,51.516411],[-0.216765,51.516418],[-0.216868,51.516418],[-0.216947,51.516411],[-0.216955,51.51647],[-0.217009,51.516608],[-0.217012,51.516616],[-0.21721,51.516752],[-0.217164,51.516785],[-0.217371,51.516741],[-0.217372,51.516729],[-0.217429,51.516722],[-0.217428,51.516729],[-0.217442,51.516756],[-0.217467,51.516801],[-0.217553,51.516954],[-0.217625,51.517082],[-0.217674,51.517169],[-0.217699,51.517213],[-0.217733,51.517273],[-0.21776,51.517321],[-0.217775,51.517347],[-0.21776,51.517351],[-0.217733,51.517357],[-0.217592,51.51739],[-0.21741,51.517433],[-0.217272,51.517465],[-0.217023,51.517523],[-0.217007,51.517526],[-0.21695,51.51754],[-0.216945,51.517541],[-0.21683,51.517568],[-0.216801,51.517574],[-0.216733,51.51759],[-0.216684,51.517602],[-0.216634,51.517613],[-0.216599,51.517621],[-0.21652,51.517639],[-0.216405,51.517664],[-0.216379,51.517669],[-0.21637,51.517671],[-0.216269,51.517694],[-0.216232,51.517702],[-0.216145,51.517721],[-0.215904,51.517773],[-0.215789,51.517799],[-0.215561,51.517848],[-0.215475,51.517867],[-0.215447,51.517874],[-0.215389,51.517887],[-0.215362,51.517893],[-0.215214,51.517926],[-0.215173,51.517935],[-0.215028,51.517968],[-0.214988,51.517977],[-0.214834,51.518011],[-0.214827,51.518013],[-0.214657,51.518051],[-0.214652,51.518052],[-0.214522,51.518081],[-0.21451,51.518084],[-0.214493,51.518088],[-0.214466,51.518094],[-0.214347,51.51812],[-0.214291,51.518133],[-0.214175,51.518159],[-0.21414,51.518167],[-0.214057,51.518186],[-0.213973,51.518204],[-0.213949,51.51821],[-0.213793,51.518245],[-0.213619,51.518284],[-0.213599,51.518288],[-0.213436,51.518324],[-0.213425,51.518327],[-0.21326,51.518364],[-0.213253,51.518365],[-0.213126,51.518394],[-0.21306,51.518409],[-0.212904,51.518444],[-0.212898,51.518445],[-0.212808,51.518465],[-0.212774,51.518473],[-0.212723,51.518484],[-0.212693,51.518491],[-0.212525,51.518528],[-0.212518,51.51853],[-0.212492,51.518536],[-0.212449,51.518545],[-0.212391,51.518558],[-0.212352,51.518567],[-0.212229,51.518595],[-0.212151,51.518612],[-0.212107,51.518622],[-0.211972,51.518652],[-0.211955,51.518656],[-0.211798,51.518691],[-0.211651,51.518724],[-0.211633,51.518728],[-0.211572,51.518741],[-0.211504,51.518757],[-0.21141,51.518777],[-0.211392,51.518782],[-0.211268,51.518809],[-0.211262,51.518811],[-0.210886,51.518895],[-0.210874,51.518898],[-0.210869,51.518888],[-0.210839,51.518834],[-0.210816,51.518794],[-0.210812,51.518788],[-0.210774,51.518725],[-0.210757,51.518696],[-0.210734,51.518659],[-0.210704,51.518609],[-0.210693,51.518591],[-0.210689,51.518584],[-0.210672,51.518556],[-0.210665,51.518544],[-0.210627,51.518482],[-0.210621,51.518472],[-0.210598,51.518435],[-0.210582,51.518408],[-0.210564,51.518378],[-0.210538,51.518335],[-0.210491,51.518258],[-0.210455,51.518198],[-0.210405,51.518116],[-0.210387,51.518085],[-0.210344,51.518014],[-0.210341,51.518009],[-0.210234,51.517834],[-0.210214,51.517801],[-0.210185,51.517753],[-0.210148,51.517691],[-0.210038,51.51751],[-0.210091,51.517497],[-0.210113,51.517492],[-0.210304,51.517447],[-0.210476,51.517407],[-0.210603,51.517378],[-0.210649,51.517367],[-0.21126,51.517224],[-0.211272,51.517221],[-0.211442,51.517182],[-0.21158,51.517149],[-0.211642,51.517136],[-0.211654,51.517133],[-0.211663,51.517132],[-0.211796,51.517103],[-0.211823,51.517097],[-0.211842,51.517093],[-0.211879,51.517085],[-0.211893,51.517082],[-0.2119,51.51708],[-0.211963,51.517067],[-0.21197,51.517065],[-0.212015,51.517055],[-0.212021,51.517054],[-0.212039,51.51705],[-0.212083,51.51704],[-0.212097,51.517036],[-0.212113,51.517031],[-0.212139,51.517024],[-0.212193,51.517007],[-0.212206,51.517003],[-0.212216,51.517],[-0.212261,51.516986],[-0.212297,51.516975],[-0.212335,51.516963],[-0.212362,51.516955],[-0.212366,51.516953],[-0.212381,51.516949],[-0.212395,51.516944],[-0.212425,51.516935],[-0.212434,51.516932],[-0.212488,51.516916],[-0.212495,51.516914],[-0.212503,51.516911],[-0.212522,51.516904],[-0.212548,51.516895],[-0.212601,51.516876],[-0.212619,51.516869],[-0.212702,51.51684],[-0.212714,51.516835],[-0.212736,51.516826],[-0.212865,51.516773]]]}},{"type":"Feature","properties":{"LSOA21CD":"E01002879","LSOA21NM":"Kensington and Chelsea 005C","MEAN_PTAL_":"4","mean_AI":15.240863311,"borough":"Kensington & Chelsea"},"geometry":{"type":"Polygon","coordinates":[[[-0.20908,51.515988],[-0.209303,51.515882],[-0.209356,51.515857],[-0.209376,51.515848],[-0.209506,51.515787],[-0.209583,51.515752],[-0.20963,51.51573],[-0.209645,51.515723],[-0.209665,51.515714],[-0.209676,51.515709],[-0.209682,51.515706],[-0.209707,51.515692],[-0.209727,51.515681],[-0.209757,51.515665],[-0.20978,51.515652],[-0.209869,51.515604],[-0.209884,51.515594],[-0.209939,51.515561],[-0.209966,51.515545],[-0.210013,51.515516],[-0.210082,51.515474],[-0.210093,51.515467],[-0.210145,51.515436],[-0.210155,51.51543],[-0.210169,51.51542],[-0.210228,51.515378],[-0.21033,51.515307],[-0.210337,51.515302],[-0.210357,51.515288],[-0.210397,51.51526],[-0.210423,51.515243],[-0.210474,51.515207],[-0.210544,51.515157],[-0.21057,51.51514],[-0.210618,51.515106],[-0.210646,51.515086],[-0.210716,51.515038],[-0.210743,51.515021],[-0.210783,51.514998],[-0.210787,51.514994],[-0.210793,51.51499],[-0.210805,51.514977],[-0.210895,51.514891],[-0.2109,51.514887],[-0.210903,51.514884],[-0.210928,51.51486],[-0.210935,51.514854],[-0.210961,51.514829],[-0.210969,51.514822],[-0.210981,51.51481],[-0.210989,51.514803],[-0.211003,51.514787],[-0.211008,51.514783],[-0.211033,51.514756],[-0.211042,51.514746],[-0.211046,51.514742],[-0.211058,51.514728],[-0.21108,51.514705],[-0.211089,51.514695],[-0.211096,51.514688],[-0.2111,51.514684],[-0.211112,51.514671],[-0.211128,51.514653],[-0.21113,51.51465],[-0.211147,51.514631],[-0.211158,51.514618],[-0.211169,51.514605],[-0.211197,51.514572],[-0.211204,51.514564],[-0.211213,51.514554],[-0.211224,51.514541],[-0.211235,51.514529],[-0.211252,51.514508],[-0.211272,51.514485],[-0.211289,51.514465],[-0.211296,51.514458],[-0.211307,51.514445],[-0.211311,51.51444],[-0.211318,51.51443],[-0.211326,51.514419],[-0.211332,51.514412],[-0.211343,51.514396],[-0.211353,51.514383],[-0.211358,51.514377],[-0.211361,51.514372],[-0.211399,51.514322],[-0.211402,51.514318],[-0.211404,51.514315],[-0.211429,51.514282],[-0.211431,51.514279],[-0.211433,51.514275],[-0.211449,51.514247],[-0.211452,51.514242],[-0.211475,51.5142],[-0.211484,51.514182],[-0.211498,51.514157],[-0.211501,51.514151],[-0.211511,51.514134],[-0.211521,51.514116],[-0.21153,51.514099],[-0.211533,51.514094],[-0.211537,51.514087],[-0.211562,51.514041],[-0.211567,51.514032],[-0.211578,51.514012],[-0.211603,51.513966],[-0.211606,51.51396],[-0.211624,51.513929],[-0.211627,51.513923],[-0.211635,51.513898],[-0.211649,51.513859],[-0.211665,51.513812],[-0.211677,51.513778],[-0.211718,51.513739],[-0.211723,51.513734],[-0.21174,51.513718],[-0.211743,51.513715],[-0.211748,51.513712],[-0.21183,51.513672],[-0.211822,51.513661],[-0.211797,51.513625],[-0.211729,51.51353],[-0.211725,51.513526],[-0.211686,51.513471],[-0.211679,51.513461],[-0.211558,51.513292],[-0.212184,51.513357],[-0.212697,51.51382],[-0.212723,51.513815],[-0.213009,51.51366],[-0.213029,51.51365],[-0.21301,51.513622],[-0.213004,51.513613],[-0.212833,51.513341],[-0.212807,51.513268],[-0.212794,51.513232],[-0.21281,51.513205],[-0.212854,51.513179],[-0.212912,51.513174],[-0.212941,51.513171],[-0.213157,51.513175],[-0.213308,51.513182],[-0.213385,51.513186],[-0.213419,51.513188],[-0.213656,51.5132],[-0.213675,51.513201],[-0.213747,51.513202],[-0.213755,51.513199],[-0.213805,51.513185],[-0.21382,51.513185],[-0.213893,51.513159],[-0.213934,51.513142],[-0.213899,51.513106],[-0.213873,51.513079],[-0.213946,51.512968],[-0.21402,51.512843],[-0.214028,51.51283],[-0.21406,51.512818],[-0.214126,51.512868],[-0.214146,51.512891],[-0.214153,51.512907],[-0.21421,51.513021],[-0.214217,51.513036],[-0.214392,51.512975],[-0.214434,51.51296],[-0.214463,51.512952],[-0.214443,51.512831],[-0.21444,51.512808],[-0.214428,51.512774],[-0.214426,51.512767],[-0.214418,51.512745],[-0.214403,51.512701],[-0.214391,51.512666],[-0.214375,51.51262],[-0.214367,51.512595],[-0.214362,51.512582],[-0.214364,51.512537],[-0.214393,51.512519],[-0.214452,51.512502],[-0.214481,51.512493],[-0.214683,51.512466],[-0.214695,51.512468],[-0.21474,51.512479],[-0.214749,51.51251],[-0.214749,51.512538],[-0.214742,51.512561],[-0.214746,51.51259],[-0.214742,51.512617],[-0.21474,51.512627],[-0.214742,51.512641],[-0.214735,51.512665],[-0.214739,51.512694],[-0.214735,51.51271],[-0.21474,51.512749],[-0.214732,51.512772],[-0.214727,51.512783],[-0.214732,51.512857],[-0.214736,51.512929],[-0.214737,51.512937],[-0.214928,51.512933],[-0.21494,51.512932],[-0.214947,51.512932],[-0.214956,51.512932],[-0.214956,51.512987],[-0.214956,51.513229],[-0.215004,51.513491],[-0.214991,51.513567],[-0.214992,51.513573],[-0.215015,51.513723],[-0.215022,51.513723],[-0.215043,51.513751],[-0.215076,51.513799],[-0.215066,51.513808],[-0.21499,51.513879],[-0.214944,51.513923],[-0.215038,51.514065],[-0.215077,51.514361],[-0.215125,51.514393],[-0.215236,51.514469],[-0.215229,51.514609],[-0.215324,51.514789],[-0.215021,51.51475],[-0.215009,51.514749],[-0.214404,51.514673],[-0.214367,51.514668],[-0.214309,51.514679],[-0.214236,51.514693],[-0.214231,51.514695],[-0.214204,51.514705],[-0.214148,51.514728],[-0.214104,51.514745],[-0.214064,51.514777],[-0.21406,51.51478],[-0.214021,51.514803],[-0.213986,51.514824],[-0.213818,51.514978],[-0.213716,51.51499],[-0.213564,51.515009],[-0.213554,51.515016],[-0.21355,51.515018],[-0.213527,51.515034],[-0.213519,51.515038],[-0.213453,51.515071],[-0.213436,51.51508],[-0.213229,51.515053],[-0.213223,51.51505],[-0.213201,51.515039],[-0.212833,51.5149],[-0.212825,51.514899],[-0.212787,51.514895],[-0.212767,51.514892],[-0.212763,51.514899],[-0.212804,51.514914],[-0.212696,51.515039],[-0.212657,51.515084],[-0.212584,51.515167],[-0.21265,51.515134],[-0.212922,51.51525],[-0.21292,51.515261],[-0.213267,51.515423],[-0.213263,51.515434],[-0.213254,51.515446],[-0.213231,51.515476],[-0.213225,51.515484],[-0.213161,51.515542],[-0.213189,51.515554],[-0.213173,51.515568],[-0.213165,51.515575],[-0.213146,51.515592],[-0.213064,51.515666],[-0.213027,51.515699],[-0.213012,51.515713],[-0.212921,51.515794],[-0.212871,51.515839],[-0.212839,51.515868],[-0.21279,51.515912],[-0.212771,51.515926],[-0.212716,51.515965],[-0.212646,51.515993],[-0.212618,51.516011],[-0.212614,51.516008],[-0.21259,51.51602],[-0.212583,51.516024],[-0.212575,51.516019],[-0.21243,51.516071],[-0.212414,51.516077],[-0.212316,51.516113],[-0.212237,51.516142],[-0.212203,51.516155],[-0.212154,51.516173],[-0.212148,51.516175],[-0.212097,51.516194],[-0.212036,51.516216],[-0.212031,51.516218],[-0.211993,51.516231],[-0.211988,51.516233],[-0.21192,51.516258],[-0.211916,51.516259],[-0.211839,51.516287],[-0.211835,51.516289],[-0.211753,51.516319],[-0.211732,51.516326],[-0.21167,51.516349],[-0.211578,51.516382],[-0.211574,51.516384],[-0.211556,51.51639],[-0.211535,51.516398],[-0.211471,51.516421],[-0.211454,51.516427],[-0.211332,51.516472],[-0.21132,51.516476],[-0.211285,51.516489],[-0.211259,51.516498],[-0.211184,51.516525],[-0.211105,51.516554],[-0.211081,51.516563],[-0.211068,51.516568],[-0.210993,51.516582],[-0.21093,51.516594],[-0.210912,51.516597],[-0.210794,51.51662],[-0.210788,51.516621],[-0.210755,51.516628],[-0.210672,51.516643],[-0.210655,51.516647],[-0.210619,51.516654],[-0.210607,51.516656],[-0.210594,51.516658],[-0.210555,51.516666],[-0.21051,51.516675],[-0.210471,51.516682],[-0.210384,51.516699],[-0.210377,51.5167],[-0.210348,51.516706],[-0.210233,51.51673],[-0.210137,51.516751],[-0.210127,51.516753],[-0.210104,51.516758],[-0.21001,51.516778],[-0.209869,51.516808],[-0.209652,51.516855],[-0.209648,51.516856],[-0.209631,51.51686],[-0.209598,51.516867],[-0.209593,51.516859],[-0.209559,51.516814],[-0.20955,51.516803],[-0.209533,51.51678],[-0.209455,51.516676],[-0.209425,51.516636],[-0.209365,51.516556],[-0.209322,51.516499],[-0.209309,51.516482],[-0.20927,51.51643],[-0.209263,51.51642],[-0.20925,51.516403],[-0.209241,51.516391],[-0.209175,51.516303],[-0.209173,51.5163],[-0.209164,51.516289],[-0.209161,51.516284],[-0.209131,51.516242],[-0.2091,51.516199],[-0.209086,51.51618],[-0.209075,51.516164],[-0.209045,51.516123],[-0.209014,51.51608],[-0.209005,51.516067],[-0.208982,51.516035],[-0.209013,51.51602],[-0.20908,51.515988]]]}},{"type":"Feature","properties":{"LSOA21CD":"E01002880","LSOA21NM":"Kensington and Chelsea 005D","MEAN_PTAL_":"3","mean_AI":12.5806406363,"borough":"Kensington & Chelsea"},"geometry":{"type":"Polygon","coordinates":[[[-0.216797,51.515808],[-0.216788,51.515805],[-0.216772,51.515811],[-0.21654,51.515843],[-0.216358,51.515877],[-0.216431,51.515786],[-0.216426,51.515785],[-0.216418,51.515782],[-0.216316,51.515745],[-0.216297,51.515733],[-0.216141,51.515636],[-0.215789,51.515535],[-0.215646,51.515488],[-0.215315,51.515384],[-0.215261,51.515368],[-0.215264,51.515366],[-0.21533,51.515312],[-0.215382,51.515326],[-0.21539,51.515322],[-0.215398,51.515317],[-0.215688,51.515354],[-0.216364,51.515039],[-0.216555,51.515084],[-0.216575,51.515081],[-0.216699,51.515072],[-0.216705,51.515072],[-0.21672,51.515066],[-0.21691,51.514994],[-0.216923,51.514989],[-0.21694,51.514984],[-0.216913,51.514981],[-0.216782,51.514965],[-0.216696,51.514955],[-0.216607,51.514945],[-0.216597,51.514944],[-0.216567,51.51494],[-0.216552,51.514938],[-0.216214,51.514899],[-0.216129,51.514889],[-0.215987,51.514872],[-0.215929,51.514865],[-0.215324,51.514789],[-0.215229,51.514609],[-0.215236,51.514469],[-0.215125,51.514393],[-0.215077,51.514361],[-0.215038,51.514065],[-0.214944,51.513923],[-0.21499,51.513879],[-0.215066,51.513808],[-0.215076,51.513799],[-0.215043,51.513751],[-0.215022,51.513723],[-0.215015,51.513723],[-0.214992,51.513573],[-0.215103,51.513503],[-0.215232,51.513421],[-0.215697,51.513378],[-0.215788,51.513431],[-0.215792,51.513426],[-0.215835,51.513372],[-0.215858,51.513224],[-0.215869,51.513148],[-0.215911,51.513076],[-0.216034,51.51299],[-0.216144,51.512916],[-0.216152,51.512828],[-0.216162,51.512796],[-0.216354,51.512748],[-0.216405,51.512699],[-0.216404,51.512686],[-0.216408,51.512684],[-0.216415,51.51266],[-0.216461,51.51265],[-0.216505,51.51264],[-0.216513,51.512639],[-0.217094,51.512493],[-0.217137,51.512483],[-0.217179,51.512473],[-0.217492,51.512397],[-0.217603,51.512371],[-0.217642,51.512361],[-0.217774,51.512329],[-0.217794,51.512325],[-0.217791,51.512376],[-0.21779,51.512414],[-0.217789,51.512425],[-0.21778,51.512661],[-0.217778,51.51272],[-0.217773,51.512761],[-0.217758,51.512882],[-0.217749,51.51296],[-0.217748,51.512969],[-0.217746,51.512981],[-0.217746,51.513079],[-0.217746,51.513149],[-0.217746,51.513248],[-0.217746,51.513258],[-0.217746,51.513322],[-0.217746,51.513407],[-0.217745,51.513415],[-0.217745,51.513512],[-0.217917,51.513378],[-0.217948,51.513353],[-0.218087,51.513401],[-0.217959,51.51352],[-0.217857,51.513615],[-0.217715,51.513747],[-0.217946,51.513737],[-0.218126,51.51373],[-0.218157,51.513729],[-0.218149,51.513734],[-0.218138,51.51374],[-0.218064,51.513783],[-0.218131,51.514039],[-0.218136,51.514049],[-0.218151,51.514083],[-0.218153,51.514088],[-0.218207,51.514109],[-0.2184,51.514182],[-0.218412,51.514187],[-0.218566,51.514284],[-0.218555,51.514341],[-0.21849,51.514377],[-0.218481,51.514382],[-0.218438,51.514398],[-0.218403,51.514411],[-0.218359,51.51446],[-0.218342,51.514479],[-0.218332,51.514491],[-0.2183,51.514526],[-0.2183,51.514538],[-0.218299,51.514933],[-0.218299,51.514941],[-0.21822,51.514984],[-0.218192,51.514999],[-0.218139,51.515123],[-0.218197,51.515131],[-0.218253,51.515168],[-0.218309,51.515222],[-0.218337,51.515241],[-0.21838,51.515251],[-0.218437,51.51526],[-0.218676,51.515247],[-0.21859,51.515542],[-0.218574,51.515597],[-0.218565,51.515626],[-0.21857,51.515634],[-0.218572,51.515637],[-0.218589,51.515667],[-0.218609,51.515708],[-0.218614,51.515718],[-0.218649,51.515788],[-0.217976,51.515839],[-0.21795,51.515841],[-0.217895,51.515846],[-0.217839,51.515852],[-0.217832,51.515853],[-0.217635,51.515876],[-0.21749,51.515893],[-0.2172,51.515925],[-0.216999,51.515922],[-0.216878,51.51592],[-0.216869,51.5159],[-0.216832,51.51582],[-0.216797,51.515808]]]}},{"type":"Feature","properties":{"LSOA21CD":"E01002881","LSOA21NM":"Kensington and Chelsea 005E","MEAN_PTAL_":"2","mean_AI":9.62468290554,"borough":"Kensington & Chelsea"},"geometry":{"type":"Polygon","coordinates":[[[-0.211529,51.513251],[-0.211424,51.51311],[-0.211408,51.51309],[-0.211336,51.512996],[-0.211285,51.512931],[-0.21124,51.512874],[-0.211238,51.512871],[-0.211196,51.512816],[-0.211191,51.51281],[-0.211157,51.512766],[-0.211154,51.512763],[-0.211151,51.512759],[-0.211161,51.512756],[-0.211167,51.512754],[-0.21132,51.51271],[-0.211442,51.512675],[-0.211725,51.512594],[-0.211766,51.512582],[-0.21181,51.51257],[-0.211817,51.512578],[-0.211867,51.512639],[-0.211919,51.512703],[-0.211992,51.512679],[-0.212066,51.512655],[-0.21216,51.512639],[-0.212409,51.512598],[-0.212256,51.512235],[-0.212261,51.512234],[-0.212278,51.512232],[-0.212284,51.512231],[-0.212357,51.51222],[-0.212402,51.512213],[-0.212813,51.51215],[-0.212824,51.512149],[-0.212954,51.512129],[-0.21302,51.512119],[-0.213038,51.512116],[-0.213297,51.512076],[-0.213317,51.512073],[-0.213331,51.512071],[-0.213347,51.512069],[-0.213344,51.512063],[-0.213333,51.512035],[-0.21332,51.512005],[-0.213318,51.511999],[-0.213285,51.511919],[-0.21328,51.511909],[-0.213275,51.511897],[-0.213272,51.511889],[-0.213249,51.511833],[-0.213245,51.511824],[-0.213235,51.511799],[-0.213217,51.511756],[-0.213215,51.511751],[-0.213207,51.511732],[-0.213195,51.511703],[-0.213179,51.511665],[-0.213174,51.511652],[-0.21315,51.511596],[-0.213142,51.511575],[-0.213126,51.511537],[-0.213068,51.511395],[-0.21313,51.511382],[-0.213188,51.511373],[-0.213282,51.511358],[-0.213353,51.511347],[-0.213363,51.511345],[-0.213481,51.511326],[-0.213534,51.511318],[-0.21357,51.511312],[-0.213645,51.511299],[-0.213689,51.511292],[-0.213721,51.511286],[-0.213734,51.511284],[-0.213781,51.511276],[-0.213836,51.511267],[-0.213852,51.511264],[-0.21386,51.511263],[-0.213904,51.511256],[-0.213915,51.511254],[-0.213931,51.511251],[-0.213982,51.511243],[-0.214104,51.511223],[-0.21411,51.511222],[-0.21412,51.51122],[-0.214264,51.511197],[-0.214279,51.511194],[-0.214313,51.511189],[-0.214639,51.511135],[-0.214698,51.511126],[-0.214748,51.511118],[-0.214758,51.511116],[-0.214771,51.511136],[-0.214839,51.511241],[-0.214867,51.511282],[-0.214911,51.511346],[-0.214984,51.511326],[-0.215221,51.511262],[-0.215277,51.511246],[-0.215496,51.511186],[-0.215503,51.511184],[-0.215601,51.511158],[-0.215609,51.511156],[-0.215876,51.511083],[-0.215904,51.511076],[-0.21591,51.511084],[-0.215957,51.511153],[-0.215959,51.511156],[-0.215968,51.511169],[-0.21599,51.511199],[-0.216,51.511215],[-0.216004,51.51122],[-0.216014,51.511234],[-0.216028,51.511255],[-0.216032,51.511261],[-0.216043,51.511276],[-0.216064,51.511307],[-0.216077,51.511325],[-0.216088,51.511341],[-0.216103,51.511363],[-0.216105,51.511366],[-0.216115,51.511381],[-0.216125,51.511395],[-0.216145,51.511424],[-0.216223,51.511536],[-0.216225,51.51154],[-0.216235,51.511554],[-0.216241,51.511562],[-0.216279,51.511617],[-0.216324,51.51168],[-0.216328,51.511685],[-0.216335,51.511695],[-0.21634,51.511702],[-0.216439,51.511839],[-0.216472,51.511884],[-0.216499,51.511923],[-0.216549,51.511992],[-0.216579,51.512034],[-0.216573,51.512066],[-0.216572,51.512072],[-0.216563,51.51208],[-0.21656,51.512084],[-0.216557,51.512086],[-0.216542,51.512101],[-0.216501,51.51211],[-0.216489,51.512112],[-0.216373,51.512137],[-0.216146,51.512186],[-0.216074,51.512201],[-0.216068,51.512203],[-0.216088,51.512239],[-0.216107,51.512272],[-0.216129,51.51231],[-0.216205,51.512441],[-0.216281,51.512574],[-0.216324,51.512649],[-0.216334,51.512666],[-0.21634,51.512676],[-0.216356,51.512672],[-0.216415,51.51266],[-0.216408,51.512684],[-0.216404,51.512686],[-0.216405,51.512699],[-0.216354,51.512748],[-0.216162,51.512796],[-0.216152,51.512828],[-0.216144,51.512916],[-0.216034,51.51299],[-0.215911,51.513076],[-0.215869,51.513148],[-0.215858,51.513224],[-0.215835,51.513372],[-0.215792,51.513426],[-0.215788,51.513431],[-0.215697,51.513378],[-0.215232,51.513421],[-0.215103,51.513503],[-0.214992,51.513573],[-0.214991,51.513567],[-0.215004,51.513491],[-0.214956,51.513229],[-0.214956,51.512987],[-0.214956,51.512932],[-0.214947,51.512932],[-0.21494,51.512932],[-0.214928,51.512933],[-0.214737,51.512937],[-0.214736,51.512929],[-0.214732,51.512857],[-0.214727,51.512783],[-0.214732,51.512772],[-0.21474,51.512749],[-0.214735,51.51271],[-0.214739,51.512694],[-0.214735,51.512665],[-0.214742,51.512641],[-0.21474,51.512627],[-0.214742,51.512617],[-0.214746,51.51259],[-0.214742,51.512561],[-0.214749,51.512538],[-0.214749,51.51251],[-0.21474,51.512479],[-0.214695,51.512468],[-0.214683,51.512466],[-0.214481,51.512493],[-0.214452,51.512502],[-0.214393,51.512519],[-0.214364,51.512537],[-0.214362,51.512582],[-0.214367,51.512595],[-0.214375,51.51262],[-0.214391,51.512666],[-0.214403,51.512701],[-0.214418,51.512745],[-0.214426,51.512767],[-0.214428,51.512774],[-0.21444,51.512808],[-0.214443,51.512831],[-0.214463,51.512952],[-0.214434,51.51296],[-0.214392,51.512975],[-0.214217,51.513036],[-0.21421,51.513021],[-0.214153,51.512907],[-0.214146,51.512891],[-0.214126,51.512868],[-0.21406,51.512818],[-0.214028,51.51283],[-0.21402,51.512843],[-0.213946,51.512968],[-0.213873,51.513079],[-0.213899,51.513106],[-0.213934,51.513142],[-0.213893,51.513159],[-0.21382,51.513185],[-0.213805,51.513185],[-0.213755,51.513199],[-0.213747,51.513202],[-0.213675,51.513201],[-0.213656,51.5132],[-0.213419,51.513188],[-0.213385,51.513186],[-0.213308,51.513182],[-0.213157,51.513175],[-0.212941,51.513171],[-0.212912,51.513174],[-0.212854,51.513179],[-0.21281,51.513205],[-0.212794,51.513232],[-0.212807,51.513268],[-0.212833,51.513341],[-0.213004,51.513613],[-0.21301,51.513622],[-0.213029,51.51365],[-0.213009,51.51366],[-0.212723,51.513815],[-0.212697,51.51382],[-0.212184,51.513357],[-0.211558,51.513292],[-0.211529,51.513251]]]}},{"type":"Feature","properties":{"LSOA21CD":"E01002882","LSOA21NM":"Kensington and Chelsea 006A","MEAN_PTAL_":"5","mean_AI":23.9104412732,"borough":"Kensington & Chelsea"},"geometry":{"type":"Polygon","coordinates":[[[-0.201948,51.512884],[-0.201898,51.512881],[-0.20187,51.512887],[-0.201863,51.512888],[-0.201743,51.5128],[-0.201738,51.512796],[-0.201754,51.512758],[-0.20168,51.512741],[-0.20151,51.512701],[-0.201572,51.512558],[-0.2016,51.512558],[-0.20166,51.512558],[-0.201454,51.512447],[-0.201336,51.512396],[-0.201311,51.512418],[-0.201284,51.512428],[-0.201273,51.512423],[-0.201247,51.512439],[-0.201238,51.512444],[-0.201067,51.512505],[-0.200953,51.512545],[-0.20093,51.512553],[-0.20074,51.512334],[-0.200848,51.512282],[-0.200875,51.512269],[-0.200924,51.512245],[-0.200802,51.51219],[-0.200806,51.512155],[-0.200886,51.512139],[-0.201053,51.512106],[-0.201069,51.512098],[-0.201135,51.512034],[-0.20114,51.512026],[-0.20111,51.511995],[-0.201044,51.511959],[-0.200985,51.511943],[-0.200975,51.511928],[-0.200942,51.511907],[-0.200923,51.511896],[-0.200848,51.511871],[-0.200781,51.511841],[-0.200752,51.511836],[-0.200724,51.511825],[-0.20071,51.511819],[-0.200973,51.511583],[-0.200573,51.511398],[-0.200558,51.511392],[-0.20054,51.511383],[-0.200269,51.511258],[-0.200114,51.511186],[-0.200092,51.511176],[-0.200085,51.511173],[-0.200048,51.511155],[-0.199937,51.511098],[-0.199908,51.511084],[-0.199988,51.51104],[-0.20006,51.511],[-0.200085,51.510987],[-0.2001,51.510979],[-0.200438,51.510795],[-0.200717,51.510682],[-0.200769,51.510668],[-0.201561,51.510447],[-0.202015,51.51032],[-0.202028,51.510316],[-0.202142,51.510284],[-0.202946,51.51006],[-0.203117,51.510011],[-0.203322,51.509951],[-0.2037,51.509842],[-0.204273,51.509676],[-0.204317,51.509663],[-0.204354,51.509714],[-0.204524,51.509937],[-0.204577,51.510006],[-0.204602,51.510039],[-0.204611,51.51005],[-0.204632,51.510078],[-0.204672,51.51013],[-0.20479,51.510285],[-0.204891,51.510416],[-0.205023,51.510589],[-0.205051,51.510626],[-0.205116,51.510711],[-0.20514,51.510743],[-0.205162,51.510774],[-0.205176,51.510793],[-0.205283,51.510939],[-0.205295,51.510955],[-0.205341,51.511018],[-0.20536,51.511043],[-0.205472,51.511197],[-0.205532,51.511279],[-0.205563,51.511321],[-0.205624,51.511404],[-0.205672,51.51147],[-0.205728,51.511546],[-0.205784,51.511623],[-0.205818,51.51167],[-0.205852,51.511716],[-0.205887,51.511763],[-0.205926,51.511817],[-0.205956,51.511858],[-0.205977,51.511887],[-0.205983,51.511895],[-0.206025,51.511952],[-0.206049,51.511985],[-0.206084,51.512033],[-0.20615,51.512123],[-0.206167,51.512146],[-0.206192,51.51218],[-0.206226,51.512227],[-0.206238,51.512244],[-0.206255,51.512266],[-0.206319,51.512353],[-0.206406,51.512473],[-0.20645,51.512533],[-0.206466,51.512555],[-0.206373,51.512581],[-0.206222,51.512624],[-0.206186,51.512634],[-0.206155,51.512642],[-0.206142,51.512646],[-0.206067,51.512667],[-0.206052,51.512671],[-0.205949,51.5127],[-0.205939,51.512703],[-0.205916,51.51271],[-0.205874,51.512722],[-0.2058,51.512742],[-0.205793,51.512744],[-0.205691,51.512773],[-0.20565,51.512784],[-0.205599,51.512799],[-0.205547,51.512813],[-0.205504,51.512825],[-0.205496,51.512828],[-0.20549,51.512829],[-0.205442,51.512843],[-0.205422,51.512848],[-0.205416,51.51285],[-0.205391,51.512857],[-0.205373,51.512862],[-0.205258,51.512895],[-0.205244,51.512899],[-0.205234,51.512901],[-0.20519,51.512914],[-0.205163,51.512921],[-0.205072,51.512947],[-0.205066,51.512949],[-0.20499,51.51297],[-0.204975,51.512974],[-0.204964,51.512977],[-0.204947,51.512982],[-0.204929,51.512987],[-0.204877,51.513002],[-0.204806,51.513022],[-0.204782,51.513028],[-0.204757,51.513035],[-0.204749,51.513038],[-0.204731,51.513043],[-0.204705,51.51305],[-0.204667,51.513061],[-0.20466,51.513062],[-0.204627,51.513072],[-0.204559,51.513091],[-0.204475,51.513115],[-0.204275,51.513171],[-0.204252,51.513177],[-0.20423,51.513183],[-0.20414,51.513209],[-0.204105,51.513219],[-0.204021,51.513242],[-0.203899,51.513276],[-0.203868,51.513285],[-0.203819,51.513299],[-0.203751,51.513318],[-0.20371,51.51333],[-0.20363,51.513352],[-0.203615,51.513356],[-0.20361,51.513358],[-0.203532,51.51338],[-0.203464,51.513399],[-0.203436,51.513406],[-0.203409,51.513414],[-0.203331,51.513436],[-0.203206,51.513471],[-0.203185,51.513477],[-0.203092,51.513506],[-0.202992,51.513536],[-0.202972,51.513543],[-0.202675,51.513634],[-0.202667,51.513637],[-0.202576,51.513665],[-0.202344,51.513736],[-0.202302,51.513749],[-0.202087,51.513815],[-0.202043,51.513829],[-0.202029,51.513833],[-0.201878,51.51388],[-0.201774,51.513912],[-0.201503,51.513995],[-0.201483,51.514002],[-0.201453,51.514011],[-0.201427,51.514019],[-0.2011,51.513716],[-0.200964,51.51359],[-0.200935,51.513563],[-0.200991,51.513537],[-0.201012,51.513527],[-0.201315,51.513385],[-0.201345,51.513371],[-0.201383,51.513353],[-0.201408,51.513342],[-0.201461,51.513317],[-0.201534,51.513283],[-0.201542,51.513279],[-0.201593,51.513255],[-0.201648,51.513229],[-0.201738,51.513187],[-0.20176,51.513177],[-0.201779,51.513168],[-0.201879,51.513121],[-0.201952,51.513087],[-0.20201,51.51306],[-0.202021,51.513055],[-0.20198,51.512973],[-0.201982,51.512965],[-0.201997,51.512911],[-0.201948,51.512884]]]}},{"type":"Feature","properties":{"LSOA21CD":"E01002883","LSOA21NM":"Kensington and Chelsea 006B","MEAN_PTAL_":"6a","mean_AI":28.6843487767,"borough":"Kensington & Chelsea"},"geometry":{"type":"Polygon","coordinates":[[[-0.198699,51.511226],[-0.198495,51.511132],[-0.198492,51.511134],[-0.198483,51.51113],[-0.198477,51.511127],[-0.19848,51.511125],[-0.198368,51.511076],[-0.198316,51.511053],[-0.198267,51.511032],[-0.198196,51.511012],[-0.198162,51.511012],[-0.198147,51.511014],[-0.198138,51.511016],[-0.19813,51.511017],[-0.198111,51.511018],[-0.198086,51.51102],[-0.198081,51.511021],[-0.198,51.511031],[-0.197994,51.511033],[-0.197982,51.511036],[-0.197959,51.511041],[-0.197936,51.511043],[-0.197927,51.511045],[-0.197867,51.511051],[-0.197871,51.511057],[-0.197848,51.511061],[-0.197657,51.511093],[-0.19764,51.511096],[-0.197631,51.511098],[-0.197602,51.511102],[-0.197574,51.51105],[-0.197548,51.511002],[-0.197544,51.510991],[-0.197526,51.510936],[-0.197496,51.510849],[-0.197482,51.510779],[-0.197481,51.510776],[-0.197458,51.510662],[-0.197429,51.510521],[-0.197267,51.50973],[-0.197282,51.509712],[-0.197295,51.509717],[-0.19731,51.509722],[-0.197354,51.509723],[-0.197365,51.509719],[-0.197412,51.509705],[-0.197414,51.509699],[-0.197422,51.509678],[-0.197428,51.509661],[-0.19763,51.509715],[-0.197642,51.509718],[-0.19767,51.509727],[-0.197727,51.509741],[-0.19787,51.509775],[-0.197984,51.509784],[-0.198014,51.509787],[-0.198192,51.509805],[-0.198296,51.509815],[-0.19833,51.509818],[-0.198346,51.509819],[-0.198545,51.509829],[-0.198566,51.50983],[-0.198589,51.509831],[-0.198801,51.509832],[-0.198818,51.509527],[-0.198831,51.5093],[-0.198831,51.509285],[-0.198855,51.509259],[-0.198734,51.509182],[-0.198646,51.509201],[-0.198639,51.509152],[-0.198621,51.509163],[-0.198526,51.509219],[-0.198424,51.509244],[-0.198359,51.509254],[-0.198244,51.509272],[-0.19817,51.509272],[-0.198008,51.509274],[-0.198004,51.509274],[-0.197977,51.509267],[-0.197922,51.509253],[-0.19786,51.509231],[-0.197842,51.509223],[-0.197508,51.509069],[-0.197511,51.508907],[-0.197512,51.508858],[-0.197604,51.508846],[-0.19776,51.508824],[-0.197785,51.508821],[-0.197965,51.5088],[-0.197999,51.508797],[-0.198186,51.508776],[-0.19836,51.508758],[-0.19843,51.508751],[-0.198538,51.508741],[-0.198589,51.508736],[-0.198611,51.508734],[-0.198826,51.508716],[-0.198832,51.508716],[-0.198918,51.508708],[-0.199009,51.508702],[-0.199014,51.508702],[-0.199109,51.508695],[-0.199226,51.508687],[-0.199319,51.508681],[-0.19933,51.50868],[-0.199349,51.508678],[-0.199501,51.508668],[-0.199616,51.50866],[-0.199698,51.508654],[-0.19977,51.508649],[-0.199806,51.508647],[-0.19982,51.508646],[-0.200005,51.508633],[-0.200044,51.50863],[-0.2001,51.508626],[-0.200144,51.508623],[-0.200181,51.50862],[-0.200193,51.50862],[-0.200346,51.508613],[-0.200372,51.50861],[-0.200391,51.508608],[-0.200453,51.508602],[-0.200546,51.508584],[-0.200557,51.508582],[-0.200596,51.508572],[-0.200675,51.508551],[-0.200684,51.508548],[-0.200705,51.508541],[-0.200869,51.508487],[-0.200877,51.508485],[-0.200988,51.508448],[-0.201031,51.508434],[-0.20107,51.508421],[-0.201138,51.508398],[-0.201182,51.508384],[-0.201229,51.508368],[-0.201306,51.508343],[-0.201411,51.508308],[-0.201443,51.508297],[-0.201448,51.508296],[-0.201471,51.508291],[-0.20149,51.508287],[-0.201538,51.508275],[-0.201559,51.508271],[-0.201639,51.508252],[-0.201776,51.50822],[-0.201843,51.508205],[-0.201995,51.50817],[-0.202071,51.508152],[-0.202083,51.508149],[-0.202097,51.508146],[-0.202175,51.508128],[-0.202185,51.508125],[-0.202271,51.508098],[-0.202338,51.508078],[-0.202439,51.508046],[-0.202484,51.508032],[-0.202617,51.507991],[-0.202657,51.507978],[-0.202704,51.507963],[-0.202717,51.50796],[-0.202742,51.507953],[-0.202991,51.507886],[-0.203038,51.507873],[-0.203063,51.507867],[-0.203093,51.507908],[-0.203107,51.507927],[-0.203257,51.508138],[-0.203302,51.508201],[-0.203326,51.508234],[-0.203337,51.50825],[-0.203341,51.508256],[-0.203385,51.508317],[-0.203389,51.508322],[-0.203422,51.50837],[-0.203446,51.508403],[-0.203518,51.508504],[-0.203531,51.508522],[-0.203536,51.508529],[-0.203541,51.508536],[-0.203569,51.508576],[-0.203572,51.508579],[-0.203577,51.508586],[-0.203585,51.508599],[-0.20361,51.508635],[-0.203626,51.508657],[-0.203659,51.508705],[-0.203696,51.508759],[-0.203708,51.508777],[-0.203734,51.508814],[-0.203739,51.508822],[-0.203756,51.508846],[-0.203778,51.508879],[-0.203781,51.508883],[-0.203784,51.508886],[-0.203833,51.508959],[-0.203843,51.508973],[-0.203846,51.508977],[-0.203866,51.509006],[-0.203869,51.50901],[-0.20388,51.509026],[-0.203905,51.509063],[-0.203933,51.509103],[-0.20395,51.509128],[-0.20396,51.509143],[-0.203969,51.509156],[-0.203983,51.509176],[-0.203987,51.509182],[-0.203994,51.509191],[-0.204033,51.509249],[-0.204043,51.509263],[-0.204046,51.509268],[-0.204057,51.509283],[-0.204072,51.509305],[-0.20408,51.509318],[-0.204115,51.509367],[-0.204122,51.509377],[-0.204298,51.509633],[-0.204317,51.509663],[-0.204273,51.509676],[-0.2037,51.509842],[-0.203322,51.509951],[-0.203117,51.510011],[-0.202946,51.51006],[-0.202142,51.510284],[-0.202028,51.510316],[-0.202015,51.51032],[-0.201561,51.510447],[-0.200769,51.510668],[-0.200717,51.510682],[-0.200438,51.510795],[-0.2001,51.510979],[-0.200085,51.510987],[-0.20006,51.511],[-0.199988,51.51104],[-0.199908,51.511084],[-0.199937,51.511098],[-0.200048,51.511155],[-0.200085,51.511173],[-0.200092,51.511176],[-0.200114,51.511186],[-0.200269,51.511258],[-0.20054,51.511383],[-0.200558,51.511392],[-0.200573,51.511398],[-0.200973,51.511583],[-0.20071,51.511819],[-0.200724,51.511825],[-0.200752,51.511836],[-0.200781,51.511841],[-0.200848,51.511871],[-0.200923,51.511896],[-0.200942,51.511907],[-0.200975,51.511928],[-0.200985,51.511943],[-0.201044,51.511959],[-0.20111,51.511995],[-0.20114,51.512026],[-0.201135,51.512034],[-0.201069,51.512098],[-0.201053,51.512106],[-0.200886,51.512139],[-0.200806,51.512155],[-0.200802,51.51219],[-0.2008,51.512214],[-0.200786,51.512219],[-0.200713,51.512245],[-0.200673,51.512272],[-0.200625,51.512303],[-0.200562,51.512345],[-0.200554,51.51235],[-0.20054,51.512367],[-0.200469,51.512383],[-0.200401,51.512413],[-0.200378,51.512423],[-0.200356,51.512438],[-0.200315,51.512446],[-0.200161,51.512391],[-0.200136,51.512361],[-0.200134,51.512354],[-0.200134,51.51235],[-0.200062,51.512293],[-0.200057,51.512278],[-0.20005,51.512274],[-0.200019,51.512253],[-0.199987,51.512231],[-0.199982,51.512228],[-0.199981,51.512223],[-0.199961,51.512186],[-0.19996,51.512183],[-0.199906,51.512165],[-0.199832,51.512081],[-0.199841,51.512059],[-0.199695,51.511956],[-0.199694,51.511942],[-0.199692,51.511939],[-0.199641,51.511907],[-0.199633,51.511904],[-0.199571,51.51188],[-0.199566,51.511878],[-0.199547,51.511873],[-0.199523,51.511852],[-0.199518,51.511849],[-0.199471,51.51182],[-0.199466,51.511818],[-0.199417,51.511802],[-0.199401,51.511796],[-0.199384,51.511794],[-0.199336,51.51176],[-0.199329,51.511758],[-0.199285,51.51174],[-0.199268,51.511739],[-0.199217,51.511734],[-0.199142,51.511681],[-0.199337,51.511519],[-0.199269,51.511488],[-0.199138,51.511427],[-0.199089,51.511405],[-0.199027,51.511377],[-0.198982,51.511356],[-0.198957,51.511344],[-0.19888,51.511309],[-0.198813,51.511278],[-0.19876,51.511254],[-0.198699,51.511226]]]}},{"type":"Feature","properties":{"LSOA21CD":"E01002887","LSOA21NM":"Kensington and Chelsea 010A","MEAN_PTAL_":"6a","mean_AI":29.7022336487,"borough":"Kensington & Chelsea"},"geometry":{"type":"Polygon","coordinates":[[[-0.182764,51.498262],[-0.18275,51.498261],[-0.182655,51.498328],[-0.182581,51.498438],[-0.182568,51.498457],[-0.182563,51.49847],[-0.182453,51.498368],[-0.182443,51.498358],[-0.182349,51.498315],[-0.18233,51.498307],[-0.182222,51.498305],[-0.182215,51.498305],[-0.182134,51.498359],[-0.182127,51.498364],[-0.182042,51.498479],[-0.182037,51.498486],[-0.182028,51.498476],[-0.182015,51.498464],[-0.18196,51.498419],[-0.18195,51.49841],[-0.181814,51.498345],[-0.181809,51.498343],[-0.18172,51.498346],[-0.18171,51.498346],[-0.181703,51.49835],[-0.181697,51.498354],[-0.181608,51.49835],[-0.181576,51.498348],[-0.181544,51.498332],[-0.181486,51.498361],[-0.18147,51.498369],[-0.181425,51.498367],[-0.181409,51.498366],[-0.18137,51.49838],[-0.181365,51.498382],[-0.181252,51.498362],[-0.181246,51.498358],[-0.181254,51.498251],[-0.181245,51.498249],[-0.181277,51.498247],[-0.181286,51.498245],[-0.181308,51.498241],[-0.181328,51.49824],[-0.181339,51.49824],[-0.181349,51.498239],[-0.181358,51.498238],[-0.181446,51.498231],[-0.181483,51.498228],[-0.181491,51.498229],[-0.181512,51.498232],[-0.181557,51.498229],[-0.18159,51.498224],[-0.181629,51.498218],[-0.181681,51.498214],[-0.18169,51.498213],[-0.181705,51.498212],[-0.181751,51.498209],[-0.181769,51.498208],[-0.181787,51.498206],[-0.181881,51.4982],[-0.181893,51.498199],[-0.182026,51.498189],[-0.182094,51.498184],[-0.182104,51.498184],[-0.1822,51.498177],[-0.182289,51.49817],[-0.182304,51.498169],[-0.182391,51.498163],[-0.18242,51.498161],[-0.182516,51.498154],[-0.182536,51.498152],[-0.182627,51.498146],[-0.182638,51.498145],[-0.182661,51.498143],[-0.182728,51.498138],[-0.18274,51.498138],[-0.182819,51.498132],[-0.182832,51.498131],[-0.182885,51.498127],[-0.18291,51.498125],[-0.182944,51.498123],[-0.183055,51.498115],[-0.183071,51.498114],[-0.183127,51.49811],[-0.1832,51.498104],[-0.183232,51.498102],[-0.183227,51.498072],[-0.183197,51.498053],[-0.183088,51.497987],[-0.183088,51.497983],[-0.183115,51.497742],[-0.183163,51.497727],[-0.183171,51.497728],[-0.183166,51.497701],[-0.183163,51.497679],[-0.183139,51.497561],[-0.183142,51.497556],[-0.183132,51.497524],[-0.183088,51.49738],[-0.183084,51.497373],[-0.182934,51.497422],[-0.182818,51.497415],[-0.18277,51.497477],[-0.182735,51.497446],[-0.182617,51.49742],[-0.182614,51.497425],[-0.18253,51.497458],[-0.182432,51.497388],[-0.182384,51.497388],[-0.18235,51.497472],[-0.182316,51.497469],[-0.182251,51.497465],[-0.182248,51.497469],[-0.182161,51.497493],[-0.182154,51.497484],[-0.182104,51.497476],[-0.182046,51.497469],[-0.182,51.497494],[-0.181957,51.497517],[-0.181915,51.497442],[-0.181803,51.497507],[-0.181672,51.497373],[-0.181665,51.497366],[-0.181699,51.497358],[-0.181732,51.497247],[-0.181747,51.497195],[-0.181785,51.497191],[-0.181803,51.497189],[-0.181914,51.497181],[-0.182025,51.497171],[-0.182029,51.497168],[-0.182145,51.497165],[-0.182132,51.497111],[-0.182066,51.496842],[-0.181394,51.4969],[-0.181393,51.496895],[-0.181361,51.496898],[-0.181349,51.496899],[-0.18135,51.496895],[-0.18135,51.496886],[-0.181342,51.496856],[-0.181319,51.496762],[-0.181262,51.496529],[-0.181242,51.496451],[-0.181189,51.496234],[-0.181094,51.496243],[-0.180922,51.49626],[-0.1809,51.496345],[-0.18069,51.496359],[-0.180635,51.496316],[-0.180634,51.496252],[-0.180634,51.496238],[-0.180634,51.496227],[-0.180679,51.496202],[-0.180601,51.496144],[-0.180598,51.496089],[-0.180652,51.496031],[-0.180644,51.496028],[-0.180592,51.495979],[-0.180579,51.495923],[-0.180599,51.495895],[-0.180639,51.495838],[-0.180756,51.495781],[-0.180546,51.495692],[-0.180633,51.495543],[-0.180465,51.495476],[-0.180264,51.495327],[-0.180211,51.495262],[-0.180207,51.495257],[-0.180276,51.495252],[-0.180472,51.495237],[-0.180524,51.495233],[-0.18073,51.495218],[-0.180975,51.495199],[-0.181039,51.495194],[-0.181139,51.495187],[-0.181156,51.495186],[-0.181188,51.495183],[-0.181447,51.495164],[-0.181513,51.495159],[-0.181598,51.495153],[-0.181606,51.495152],[-0.181628,51.49515],[-0.181659,51.495148],[-0.181735,51.495142],[-0.181743,51.495142],[-0.181953,51.495126],[-0.18197,51.495125],[-0.181999,51.495123],[-0.182138,51.495112],[-0.182191,51.495108],[-0.182281,51.495101],[-0.18232,51.495099],[-0.182367,51.495095],[-0.18245,51.495089],[-0.182473,51.495087],[-0.18267,51.495073],[-0.182734,51.495069],[-0.182834,51.495062],[-0.182865,51.495059],[-0.183017,51.495049],[-0.183263,51.495032],[-0.183274,51.49503],[-0.183434,51.495019],[-0.183784,51.494995],[-0.183865,51.49531],[-0.183624,51.495445],[-0.183607,51.495455],[-0.183349,51.495689],[-0.1834,51.495774],[-0.183394,51.495783],[-0.183325,51.495889],[-0.183356,51.495889],[-0.183695,51.495888],[-0.183787,51.495886],[-0.183933,51.495882],[-0.183979,51.495881],[-0.184061,51.495878],[-0.184047,51.495871],[-0.183957,51.495826],[-0.183928,51.495811],[-0.184028,51.495574],[-0.18409,51.495428],[-0.184276,51.495444],[-0.184311,51.495446],[-0.184323,51.495447],[-0.184503,51.495838],[-0.184505,51.495843],[-0.184397,51.495868],[-0.184387,51.49587],[-0.184563,51.495866],[-0.18469,51.495863],[-0.184733,51.495862],[-0.184955,51.495856],[-0.184968,51.495875],[-0.185021,51.495874],[-0.185021,51.495855],[-0.185019,51.495834],[-0.185015,51.495792],[-0.18534,51.495633],[-0.185342,51.49563],[-0.185438,51.495501],[-0.185442,51.495496],[-0.185453,51.495501],[-0.185567,51.495548],[-0.185725,51.495628],[-0.185998,51.495766],[-0.186009,51.495772],[-0.186117,51.495827],[-0.18606,51.49587],[-0.186013,51.495906],[-0.186012,51.495951],[-0.186005,51.495985],[-0.186004,51.495995],[-0.185995,51.496041],[-0.185939,51.496025],[-0.185887,51.49601],[-0.185848,51.496016],[-0.185837,51.496017],[-0.185806,51.496044],[-0.185795,51.496053],[-0.185651,51.496116],[-0.185634,51.496124],[-0.18559,51.49625],[-0.185594,51.496254],[-0.1856,51.496256],[-0.185678,51.496286],[-0.185753,51.496314],[-0.185766,51.496312],[-0.18577,51.496311],[-0.185785,51.496308],[-0.185791,51.496304],[-0.185825,51.496283],[-0.185936,51.496285],[-0.18602,51.496318],[-0.186042,51.496339],[-0.186056,51.496353],[-0.185958,51.49639],[-0.185897,51.49651],[-0.185831,51.49664],[-0.185371,51.496613],[-0.185117,51.496598],[-0.185117,51.496614],[-0.185117,51.496634],[-0.185072,51.496783],[-0.185041,51.496777],[-0.185007,51.496777],[-0.184998,51.496891],[-0.18499,51.496996],[-0.184846,51.497003],[-0.184418,51.497049],[-0.184405,51.497056],[-0.184365,51.497077],[-0.184361,51.497079],[-0.184454,51.497315],[-0.184512,51.497316],[-0.184536,51.497302],[-0.184606,51.497306],[-0.184611,51.497303],[-0.184643,51.497286],[-0.184693,51.497293],[-0.184705,51.497288],[-0.184725,51.497281],[-0.184776,51.497291],[-0.184794,51.497384],[-0.184794,51.497387],[-0.184779,51.49739],[-0.18473,51.497386],[-0.184724,51.497387],[-0.184671,51.497397],[-0.184661,51.497398],[-0.184632,51.497396],[-0.184626,51.497396],[-0.184584,51.497404],[-0.184549,51.497403],[-0.184533,51.497403],[-0.184472,51.497419],[-0.184452,51.497432],[-0.184449,51.497434],[-0.184367,51.497443],[-0.184353,51.497445],[-0.184324,51.497444],[-0.184278,51.497444],[-0.184229,51.497443],[-0.184166,51.497442],[-0.184124,51.497441],[-0.184055,51.497448],[-0.183992,51.49737],[-0.183786,51.497429],[-0.183818,51.497509],[-0.183818,51.497514],[-0.183819,51.497523],[-0.183744,51.497534],[-0.183752,51.497615],[-0.183752,51.497618],[-0.183753,51.497624],[-0.183755,51.497642],[-0.18375,51.497703],[-0.183742,51.497819],[-0.183738,51.49787],[-0.183719,51.498143],[-0.183719,51.498148],[-0.183716,51.498183],[-0.183705,51.498339],[-0.183689,51.498559],[-0.183631,51.498563],[-0.183419,51.49858],[-0.183314,51.498589],[-0.183312,51.498577],[-0.183243,51.498574],[-0.183219,51.498569],[-0.183142,51.498551],[-0.183107,51.49854],[-0.183125,51.498482],[-0.183013,51.498374],[-0.182972,51.498335],[-0.182863,51.498273],[-0.182855,51.498268],[-0.182764,51.498262]]]}},{"type":"Feature","properties":{"LSOA21CD":"E01002888","LSOA21NM":"Kensington and Chelsea 013E","MEAN_PTAL_":"6a","mean_AI":25.2281315858,"borough":"Kensington & Chelsea"},"geometry":{"type":"Polygon","coordinates":[[[-0.188239,51.497484],[-0.188185,51.497436],[-0.188145,51.497439],[-0.1881,51.497418],[-0.188051,51.497396],[-0.187936,51.497322],[-0.187747,51.497312],[-0.187655,51.497365],[-0.187645,51.49737],[-0.187638,51.497375],[-0.187628,51.497369],[-0.187491,51.497345],[-0.187396,51.497368],[-0.187389,51.497372],[-0.187317,51.497375],[-0.187314,51.497373],[-0.187296,51.497364],[-0.187211,51.497354],[-0.18718,51.49736],[-0.187175,51.497361],[-0.18711,51.49735],[-0.18708,51.497359],[-0.187075,51.49736],[-0.18702,51.497351],[-0.186979,51.497356],[-0.186921,51.49734],[-0.186878,51.497352],[-0.186874,51.497353],[-0.186817,51.497345],[-0.186763,51.497356],[-0.186758,51.497357],[-0.186722,51.497339],[-0.186627,51.497347],[-0.186599,51.497356],[-0.186594,51.497358],[-0.186551,51.497334],[-0.186452,51.497339],[-0.186445,51.497339],[-0.18643,51.497329],[-0.186339,51.497327],[-0.186331,51.49733],[-0.186322,51.497333],[-0.186274,51.497328],[-0.186199,51.497362],[-0.186194,51.497365],[-0.186166,51.497338],[-0.18607,51.497325],[-0.18599,51.497325],[-0.185984,51.497325],[-0.185979,51.497321],[-0.185884,51.49732],[-0.185878,51.497326],[-0.185874,51.49733],[-0.185771,51.497304],[-0.185767,51.497303],[-0.185761,51.497302],[-0.185676,51.497304],[-0.185668,51.497305],[-0.185615,51.4973],[-0.18552,51.497317],[-0.185515,51.497317],[-0.185495,51.4973],[-0.185439,51.497306],[-0.18543,51.497307],[-0.185401,51.497292],[-0.185368,51.497301],[-0.185362,51.497303],[-0.185295,51.497288],[-0.185234,51.497278],[-0.185221,51.497276],[-0.185071,51.497323],[-0.185074,51.497382],[-0.185074,51.497388],[-0.185075,51.49741],[-0.185011,51.497412],[-0.185006,51.497412],[-0.185011,51.497385],[-0.185001,51.497384],[-0.184975,51.497383],[-0.18498,51.497261],[-0.184919,51.497258],[-0.184776,51.497291],[-0.184725,51.497281],[-0.184705,51.497288],[-0.184693,51.497293],[-0.184643,51.497286],[-0.184611,51.497303],[-0.184606,51.497306],[-0.184536,51.497302],[-0.184512,51.497316],[-0.184454,51.497315],[-0.184361,51.497079],[-0.184365,51.497077],[-0.184405,51.497056],[-0.184418,51.497049],[-0.184846,51.497003],[-0.18499,51.496996],[-0.184998,51.496891],[-0.185007,51.496777],[-0.185041,51.496777],[-0.185072,51.496783],[-0.185117,51.496634],[-0.185117,51.496614],[-0.185117,51.496598],[-0.185371,51.496613],[-0.185831,51.49664],[-0.185897,51.49651],[-0.185958,51.49639],[-0.186056,51.496353],[-0.186042,51.496339],[-0.18602,51.496318],[-0.185936,51.496285],[-0.185825,51.496283],[-0.185791,51.496304],[-0.185785,51.496308],[-0.18577,51.496311],[-0.185766,51.496312],[-0.185753,51.496314],[-0.185678,51.496286],[-0.1856,51.496256],[-0.185594,51.496254],[-0.18559,51.49625],[-0.185634,51.496124],[-0.185651,51.496116],[-0.185795,51.496053],[-0.185806,51.496044],[-0.185837,51.496017],[-0.185848,51.496016],[-0.185887,51.49601],[-0.185939,51.496025],[-0.185995,51.496041],[-0.186004,51.495995],[-0.186005,51.495985],[-0.186012,51.495951],[-0.186013,51.495906],[-0.18606,51.49587],[-0.186117,51.495827],[-0.186009,51.495772],[-0.185998,51.495766],[-0.185725,51.495628],[-0.185567,51.495548],[-0.185453,51.495501],[-0.185442,51.495496],[-0.185438,51.495501],[-0.185342,51.49563],[-0.18534,51.495633],[-0.185015,51.495792],[-0.185019,51.495834],[-0.185021,51.495855],[-0.185021,51.495874],[-0.184968,51.495875],[-0.184955,51.495856],[-0.184733,51.495862],[-0.18469,51.495863],[-0.184563,51.495866],[-0.184387,51.49587],[-0.184397,51.495868],[-0.184505,51.495843],[-0.184503,51.495838],[-0.184323,51.495447],[-0.184311,51.495446],[-0.184276,51.495444],[-0.18409,51.495428],[-0.184028,51.495574],[-0.183928,51.495811],[-0.183957,51.495826],[-0.184047,51.495871],[-0.184061,51.495878],[-0.183979,51.495881],[-0.183933,51.495882],[-0.183787,51.495886],[-0.183695,51.495888],[-0.183356,51.495889],[-0.183325,51.495889],[-0.183394,51.495783],[-0.1834,51.495774],[-0.183349,51.495689],[-0.183607,51.495455],[-0.183624,51.495445],[-0.183865,51.49531],[-0.183784,51.494995],[-0.18421,51.494964],[-0.184342,51.494955],[-0.184446,51.494947],[-0.184703,51.494929],[-0.184913,51.494914],[-0.184934,51.494913],[-0.185231,51.494892],[-0.185269,51.494889],[-0.185369,51.494882],[-0.185567,51.494868],[-0.185942,51.494842],[-0.186002,51.494837],[-0.186145,51.494827],[-0.186225,51.494821],[-0.18623,51.49482],[-0.186239,51.494819],[-0.186406,51.494806],[-0.186615,51.494789],[-0.186705,51.494782],[-0.186889,51.494767],[-0.186985,51.494759],[-0.186994,51.494758],[-0.187123,51.494748],[-0.187179,51.494743],[-0.187209,51.494741],[-0.187369,51.494728],[-0.187428,51.494723],[-0.187452,51.494721],[-0.187461,51.49472],[-0.187674,51.494703],[-0.187737,51.494698],[-0.187755,51.494696],[-0.18777,51.494695],[-0.187889,51.494685],[-0.187992,51.494677],[-0.188012,51.494675],[-0.18804,51.494673],[-0.188086,51.494673],[-0.188209,51.494674],[-0.188278,51.494675],[-0.188452,51.494687],[-0.188569,51.494691],[-0.188596,51.494692],[-0.188721,51.494697],[-0.188952,51.494706],[-0.189041,51.494709],[-0.189168,51.494714],[-0.189176,51.494714],[-0.189387,51.494722],[-0.189406,51.494722],[-0.189439,51.494724],[-0.189474,51.494725],[-0.189511,51.494726],[-0.189868,51.49474],[-0.189903,51.494741],[-0.189887,51.494752],[-0.189727,51.494865],[-0.189719,51.49487],[-0.189658,51.494913],[-0.189628,51.494933],[-0.189602,51.494952],[-0.189537,51.494997],[-0.189495,51.495031],[-0.189437,51.49508],[-0.189375,51.495131],[-0.189326,51.495171],[-0.189317,51.495178],[-0.189296,51.495196],[-0.189257,51.495222],[-0.189182,51.495273],[-0.189139,51.495303],[-0.189099,51.49533],[-0.189077,51.495346],[-0.189053,51.495362],[-0.189034,51.495375],[-0.188998,51.495429],[-0.188996,51.495432],[-0.188951,51.495499],[-0.188789,51.49574],[-0.188781,51.495752],[-0.188766,51.495776],[-0.188755,51.495791],[-0.188682,51.495931],[-0.188676,51.495941],[-0.188642,51.496006],[-0.188613,51.496128],[-0.188601,51.496178],[-0.188596,51.496196],[-0.188593,51.496208],[-0.18859,51.496222],[-0.188557,51.496356],[-0.188619,51.496348],[-0.188611,51.496374],[-0.188609,51.496381],[-0.188511,51.496429],[-0.188491,51.496438],[-0.188484,51.496439],[-0.18837,51.496425],[-0.188255,51.496387],[-0.188248,51.496385],[-0.188066,51.496521],[-0.18806,51.496525],[-0.188023,51.496608],[-0.188029,51.49666],[-0.188036,51.496729],[-0.18804,51.496732],[-0.188383,51.496723],[-0.188452,51.496721],[-0.188596,51.496718],[-0.18871,51.496715],[-0.188776,51.496713],[-0.18879,51.496722],[-0.188809,51.496813],[-0.188818,51.496863],[-0.188836,51.496949],[-0.188862,51.497084],[-0.188804,51.497087],[-0.188798,51.497094],[-0.188791,51.497102],[-0.188787,51.497108],[-0.188784,51.497111],[-0.188787,51.497115],[-0.188872,51.497236],[-0.188834,51.49728],[-0.188832,51.497283],[-0.188716,51.497335],[-0.188708,51.497349],[-0.18848,51.497317],[-0.188346,51.497315],[-0.188339,51.497341],[-0.188335,51.497358],[-0.188321,51.497407],[-0.188308,51.497457],[-0.188306,51.497464],[-0.188303,51.497486],[-0.188297,51.497551],[-0.188287,51.49755],[-0.188279,51.49755],[-0.188252,51.497548],[-0.188254,51.49752],[-0.188255,51.497514],[-0.188255,51.49751],[-0.188239,51.497484]]]}},{"type":"Feature","properties":{"LSOA21CD":"E01002889","LSOA21NM":"Kensington and Chelsea 010B","MEAN_PTAL_":"4","mean_AI":18.9120453533,"borough":"Kensington & Chelsea"},"geometry":{"type":"Polygon","coordinates":[[[-0.187908,51.502382],[-0.187762,51.502365],[-0.187745,51.502363],[-0.187601,51.502334],[-0.187507,51.502324],[-0.187377,51.502309],[-0.187358,51.502306],[-0.187145,51.502282],[-0.18703,51.502269],[-0.186874,51.502251],[-0.186838,51.502247],[-0.186511,51.502209],[-0.186479,51.502205],[-0.186397,51.502196],[-0.186364,51.502192],[-0.186354,51.502191],[-0.186268,51.502181],[-0.186096,51.502168],[-0.185913,51.502138],[-0.185882,51.502131],[-0.185843,51.502122],[-0.185823,51.502117],[-0.185816,51.502116],[-0.185802,51.502112],[-0.185662,51.502069],[-0.185595,51.502057],[-0.185384,51.502017],[-0.185196,51.501981],[-0.18505,51.501953],[-0.185027,51.501675],[-0.18503,51.50167],[-0.184997,51.501233],[-0.185004,51.501253],[-0.185018,51.501278],[-0.18521,51.501417],[-0.185547,51.50139],[-0.185709,51.501377],[-0.185782,51.501411],[-0.185782,51.501361],[-0.185779,51.501154],[-0.185778,51.5011],[-0.185869,51.501101],[-0.186048,51.501104],[-0.186172,51.501081],[-0.186207,51.501065],[-0.186224,51.501067],[-0.186359,51.501085],[-0.186364,51.501086],[-0.186368,51.501087],[-0.186368,51.501111],[-0.186464,51.501187],[-0.186599,51.501207],[-0.186607,51.501195],[-0.186686,51.501146],[-0.186704,51.501146],[-0.186758,51.501146],[-0.186781,51.501135],[-0.186794,51.501095],[-0.186823,51.500999],[-0.186831,51.500971],[-0.186956,51.500918],[-0.186993,51.500902],[-0.187008,51.500837],[-0.18743,51.501064],[-0.187437,51.501068],[-0.187451,51.501065],[-0.187465,51.501059],[-0.187437,51.500995],[-0.187348,51.500885],[-0.187345,51.500865],[-0.187276,51.500784],[-0.187271,51.500779],[-0.187276,51.500777],[-0.187299,51.500767],[-0.187474,51.500768],[-0.187495,51.500768],[-0.187494,51.500707],[-0.187493,51.500681],[-0.187489,51.500681],[-0.187545,51.500647],[-0.187545,51.500637],[-0.187543,51.500588],[-0.187555,51.500579],[-0.187555,51.500574],[-0.187551,51.500526],[-0.187564,51.500516],[-0.187571,51.500502],[-0.187603,51.500429],[-0.187598,51.50043],[-0.187424,51.500458],[-0.18734,51.500505],[-0.187328,51.500512],[-0.187233,51.500537],[-0.187194,51.500521],[-0.187204,51.500508],[-0.187278,51.500407],[-0.187422,51.500367],[-0.187429,51.500361],[-0.187456,51.500338],[-0.187447,51.500333],[-0.187393,51.500302],[-0.187439,51.50022],[-0.187527,51.500243],[-0.187618,51.500229],[-0.187631,51.500224],[-0.187685,51.500202],[-0.1877,51.500192],[-0.187792,51.500131],[-0.187798,51.500139],[-0.187857,51.500228],[-0.187867,51.500236],[-0.187878,51.500246],[-0.18787,51.500305],[-0.187953,51.500316],[-0.188212,51.500352],[-0.188277,51.500361],[-0.188401,51.500378],[-0.188529,51.500396],[-0.188524,51.500382],[-0.188515,51.500359],[-0.188507,51.500339],[-0.1885,51.500321],[-0.188456,51.500208],[-0.188447,51.500157],[-0.188439,51.500145],[-0.188439,51.500134],[-0.188451,51.500105],[-0.188453,51.500075],[-0.188456,51.500045],[-0.18847,51.500035],[-0.188481,51.500028],[-0.188535,51.499997],[-0.188555,51.499985],[-0.188605,51.499963],[-0.1887,51.500012],[-0.188746,51.500051],[-0.188764,51.500067],[-0.188773,51.500078],[-0.18879,51.500098],[-0.188833,51.500179],[-0.188845,51.500201],[-0.188806,51.500252],[-0.189091,51.50036],[-0.189108,51.500367],[-0.189122,51.500377],[-0.189218,51.500444],[-0.189187,51.500323],[-0.189143,51.500178],[-0.18923,51.500145],[-0.189245,51.50014],[-0.189251,51.500135],[-0.18934,51.500066],[-0.189353,51.500064],[-0.189495,51.500015],[-0.189541,51.499993],[-0.189553,51.499987],[-0.189651,51.499923],[-0.189701,51.499876],[-0.189764,51.499847],[-0.189791,51.499826],[-0.189966,51.499768],[-0.190105,51.499721],[-0.190221,51.499652],[-0.190284,51.499758],[-0.190312,51.499776],[-0.190323,51.499775],[-0.190442,51.49976],[-0.190835,51.499649],[-0.190836,51.49964],[-0.190836,51.499631],[-0.190711,51.499513],[-0.190684,51.499476],[-0.190656,51.49944],[-0.190616,51.499349],[-0.190738,51.49924],[-0.190756,51.499224],[-0.190761,51.49922],[-0.19078,51.499203],[-0.190794,51.499079],[-0.190888,51.499017],[-0.191183,51.499241],[-0.191529,51.499132],[-0.191781,51.499052],[-0.19179,51.498973],[-0.191841,51.49896],[-0.192017,51.498917],[-0.192117,51.498893],[-0.192261,51.498858],[-0.192286,51.4989],[-0.192298,51.498919],[-0.19238,51.499061],[-0.192387,51.499072],[-0.19239,51.499078],[-0.192397,51.499089],[-0.192409,51.499109],[-0.192417,51.499123],[-0.192458,51.499194],[-0.19258,51.499404],[-0.192586,51.499413],[-0.192589,51.499418],[-0.192598,51.499435],[-0.192603,51.499443],[-0.192629,51.499487],[-0.192633,51.499495],[-0.192676,51.499568],[-0.192778,51.499743],[-0.19281,51.499798],[-0.192813,51.499802],[-0.192984,51.500096],[-0.193107,51.500306],[-0.193129,51.500345],[-0.193132,51.500349],[-0.193155,51.500388],[-0.193204,51.500473],[-0.193208,51.500481],[-0.19323,51.500517],[-0.193262,51.500572],[-0.193408,51.500823],[-0.19343,51.50086],[-0.193431,51.500863],[-0.193434,51.500867],[-0.19346,51.500914],[-0.193442,51.500921],[-0.193325,51.500966],[-0.193219,51.501007],[-0.193099,51.501054],[-0.193052,51.501072],[-0.192873,51.501142],[-0.192774,51.50118],[-0.192669,51.501228],[-0.192584,51.501266],[-0.192547,51.501283],[-0.192503,51.501303],[-0.192304,51.501392],[-0.192092,51.501488],[-0.191983,51.501537],[-0.191915,51.501568],[-0.191855,51.501595],[-0.191766,51.501635],[-0.191696,51.501666],[-0.191637,51.501693],[-0.191566,51.50173],[-0.191513,51.501757],[-0.191438,51.501796],[-0.191427,51.501801],[-0.191392,51.501819],[-0.191348,51.501842],[-0.191329,51.501851],[-0.191261,51.501886],[-0.19119,51.501911],[-0.191165,51.50192],[-0.19116,51.501922],[-0.191048,51.501961],[-0.191025,51.501969],[-0.190973,51.501988],[-0.190948,51.501997],[-0.19094,51.501999],[-0.190935,51.502001],[-0.190902,51.502011],[-0.190886,51.502016],[-0.190866,51.502022],[-0.190843,51.502029],[-0.190814,51.502038],[-0.190692,51.502075],[-0.190526,51.502102],[-0.190238,51.502147],[-0.190164,51.502157],[-0.190147,51.50216],[-0.189898,51.502194],[-0.189867,51.502198],[-0.189771,51.502216],[-0.189703,51.502228],[-0.189659,51.502236],[-0.189643,51.502239],[-0.189541,51.502257],[-0.18953,51.502259],[-0.189502,51.502266],[-0.189498,51.502267],[-0.189355,51.502303],[-0.189339,51.502307],[-0.189216,51.502337],[-0.189102,51.50236],[-0.189095,51.502361],[-0.189038,51.50237],[-0.188959,51.502382],[-0.188822,51.502395],[-0.188807,51.502396],[-0.188759,51.502398],[-0.188613,51.502403],[-0.188598,51.502402],[-0.18857,51.5024],[-0.188515,51.502395],[-0.188487,51.502393],[-0.188481,51.502392],[-0.188465,51.502391],[-0.188403,51.502385],[-0.188376,51.502387],[-0.188367,51.502387],[-0.188244,51.502394],[-0.18822,51.502395],[-0.188111,51.502396],[-0.188101,51.502396],[-0.188075,51.502395],[-0.187999,51.502392],[-0.187908,51.502382]]]}},{"type":"Feature","properties":{"LSOA21CD":"E01002890","LSOA21NM":"Kensington and Chelsea 010C","MEAN_PTAL_":"5","mean_AI":22.8053972392,"borough":"Kensington & Chelsea"},"geometry":{"type":"Polygon","coordinates":[[[-0.186224,51.501067],[-0.186207,51.501065],[-0.186172,51.501081],[-0.186048,51.501104],[-0.185869,51.501101],[-0.185778,51.5011],[-0.185779,51.501154],[-0.185743,51.50116],[-0.18572,51.501082],[-0.185712,51.50102],[-0.185711,51.501008],[-0.185711,51.501004],[-0.185712,51.501],[-0.185695,51.500878],[-0.185688,51.500863],[-0.185644,51.500778],[-0.18564,51.500772],[-0.18553,51.500663],[-0.185167,51.500674],[-0.185154,51.500674],[-0.18511,51.500648],[-0.185024,51.500597],[-0.18502,51.500595],[-0.184961,51.500519],[-0.184938,51.500516],[-0.184928,51.500385],[-0.184925,51.500353],[-0.184917,51.500259],[-0.184912,51.500196],[-0.184898,51.500027],[-0.184893,51.499966],[-0.184893,51.499963],[-0.184886,51.499877],[-0.184883,51.499836],[-0.184878,51.499773],[-0.184875,51.499737],[-0.184872,51.499708],[-0.184868,51.499659],[-0.184864,51.499652],[-0.184853,51.499593],[-0.184853,51.499564],[-0.184847,51.499566],[-0.18482,51.499559],[-0.184718,51.499562],[-0.184685,51.499564],[-0.184571,51.499568],[-0.184551,51.499569],[-0.184535,51.49957],[-0.184528,51.49957],[-0.184465,51.499564],[-0.184413,51.499559],[-0.184359,51.499558],[-0.184327,51.499558],[-0.184257,51.499557],[-0.184245,51.499557],[-0.184185,51.499559],[-0.18415,51.49956],[-0.184147,51.499538],[-0.184065,51.499509],[-0.18406,51.499501],[-0.184046,51.49946],[-0.184055,51.499402],[-0.184063,51.499384],[-0.1841,51.499347],[-0.184177,51.499302],[-0.184204,51.499316],[-0.184214,51.499322],[-0.184321,51.499357],[-0.184335,51.499358],[-0.184419,51.499363],[-0.184427,51.499361],[-0.184457,51.499354],[-0.184523,51.499358],[-0.184537,51.499354],[-0.184541,51.499353],[-0.184637,51.499348],[-0.184644,51.499346],[-0.184753,51.499308],[-0.184715,51.499245],[-0.184562,51.499202],[-0.184552,51.499199],[-0.184533,51.499198],[-0.184492,51.499187],[-0.184481,51.499184],[-0.18444,51.49918],[-0.184436,51.499179],[-0.184308,51.499162],[-0.184256,51.49916],[-0.18425,51.49916],[-0.184235,51.499161],[-0.184227,51.499161],[-0.184221,51.499154],[-0.184224,51.499112],[-0.184226,51.499097],[-0.184223,51.499088],[-0.184177,51.498936],[-0.184168,51.49893],[-0.184139,51.498912],[-0.184127,51.498904],[-0.184126,51.498901],[-0.184125,51.498893],[-0.184216,51.498792],[-0.184187,51.498776],[-0.184134,51.498749],[-0.184065,51.498713],[-0.184007,51.498683],[-0.183972,51.498665],[-0.183953,51.498655],[-0.183931,51.498643],[-0.183848,51.498611],[-0.183761,51.498578],[-0.183749,51.498575],[-0.183734,51.498591],[-0.18369,51.498589],[-0.183689,51.498559],[-0.183705,51.498339],[-0.183716,51.498183],[-0.183719,51.498148],[-0.183719,51.498143],[-0.183738,51.49787],[-0.183742,51.497819],[-0.18375,51.497703],[-0.183755,51.497642],[-0.183753,51.497624],[-0.183752,51.497618],[-0.183752,51.497615],[-0.183744,51.497534],[-0.183819,51.497523],[-0.183818,51.497514],[-0.183818,51.497509],[-0.183786,51.497429],[-0.183992,51.49737],[-0.184055,51.497448],[-0.184124,51.497441],[-0.184166,51.497442],[-0.184229,51.497443],[-0.184278,51.497444],[-0.184324,51.497444],[-0.184353,51.497445],[-0.184367,51.497443],[-0.184449,51.497434],[-0.184452,51.497432],[-0.184472,51.497419],[-0.184533,51.497403],[-0.184549,51.497403],[-0.184584,51.497404],[-0.184626,51.497396],[-0.184632,51.497396],[-0.184661,51.497398],[-0.184671,51.497397],[-0.184724,51.497387],[-0.18473,51.497386],[-0.184779,51.49739],[-0.184794,51.497387],[-0.184794,51.497384],[-0.184776,51.497291],[-0.184919,51.497258],[-0.18498,51.497261],[-0.184975,51.497383],[-0.185001,51.497384],[-0.185011,51.497385],[-0.185006,51.497412],[-0.185011,51.497412],[-0.185075,51.49741],[-0.185074,51.497388],[-0.185074,51.497382],[-0.185071,51.497323],[-0.185221,51.497276],[-0.185234,51.497278],[-0.185295,51.497288],[-0.185362,51.497303],[-0.185368,51.497301],[-0.185401,51.497292],[-0.18543,51.497307],[-0.185439,51.497306],[-0.185495,51.4973],[-0.185515,51.497317],[-0.18552,51.497317],[-0.185615,51.4973],[-0.185668,51.497305],[-0.185676,51.497304],[-0.185761,51.497302],[-0.185767,51.497303],[-0.185771,51.497304],[-0.185874,51.49733],[-0.185878,51.497326],[-0.185884,51.49732],[-0.185979,51.497321],[-0.185984,51.497325],[-0.18599,51.497325],[-0.18607,51.497325],[-0.186166,51.497338],[-0.186194,51.497365],[-0.186199,51.497362],[-0.186274,51.497328],[-0.186322,51.497333],[-0.186331,51.49733],[-0.186339,51.497327],[-0.18643,51.497329],[-0.186445,51.497339],[-0.186452,51.497339],[-0.186551,51.497334],[-0.186594,51.497358],[-0.186599,51.497356],[-0.186627,51.497347],[-0.186722,51.497339],[-0.186758,51.497357],[-0.186763,51.497356],[-0.186817,51.497345],[-0.186874,51.497353],[-0.186878,51.497352],[-0.186921,51.49734],[-0.186979,51.497356],[-0.18702,51.497351],[-0.187075,51.49736],[-0.18708,51.497359],[-0.18711,51.49735],[-0.187175,51.497361],[-0.18718,51.49736],[-0.187211,51.497354],[-0.187296,51.497364],[-0.187314,51.497373],[-0.187317,51.497375],[-0.187389,51.497372],[-0.187396,51.497368],[-0.187491,51.497345],[-0.187628,51.497369],[-0.187638,51.497375],[-0.187645,51.49737],[-0.187655,51.497365],[-0.187747,51.497312],[-0.187936,51.497322],[-0.188051,51.497396],[-0.1881,51.497418],[-0.188145,51.497439],[-0.188185,51.497436],[-0.188239,51.497484],[-0.188255,51.49751],[-0.188255,51.497514],[-0.188254,51.49752],[-0.188252,51.497548],[-0.188279,51.49755],[-0.188287,51.49755],[-0.188297,51.497551],[-0.188303,51.497486],[-0.188306,51.497464],[-0.188308,51.497457],[-0.188321,51.497407],[-0.188335,51.497358],[-0.188339,51.497341],[-0.188346,51.497315],[-0.18848,51.497317],[-0.188708,51.497349],[-0.188716,51.497335],[-0.188832,51.497283],[-0.188834,51.49728],[-0.188872,51.497236],[-0.188787,51.497115],[-0.188784,51.497111],[-0.188787,51.497108],[-0.188791,51.497102],[-0.188798,51.497094],[-0.188804,51.497087],[-0.188862,51.497084],[-0.188836,51.496949],[-0.188818,51.496863],[-0.188809,51.496813],[-0.18879,51.496722],[-0.188776,51.496713],[-0.18871,51.496715],[-0.188596,51.496718],[-0.188452,51.496721],[-0.188383,51.496723],[-0.18804,51.496732],[-0.188036,51.496729],[-0.188029,51.49666],[-0.188023,51.496608],[-0.18806,51.496525],[-0.188066,51.496521],[-0.188248,51.496385],[-0.188255,51.496387],[-0.18837,51.496425],[-0.188484,51.496439],[-0.188491,51.496438],[-0.188511,51.496429],[-0.188609,51.496381],[-0.188611,51.496374],[-0.188619,51.496348],[-0.18864,51.496345],[-0.188748,51.496332],[-0.188765,51.496329],[-0.188803,51.496324],[-0.188838,51.49632],[-0.188921,51.496309],[-0.188969,51.496303],[-0.189004,51.496299],[-0.189019,51.496297],[-0.189028,51.496332],[-0.18903,51.496338],[-0.189035,51.496354],[-0.18905,51.496409],[-0.189064,51.496459],[-0.189066,51.496465],[-0.189087,51.496541],[-0.189088,51.496545],[-0.189097,51.496578],[-0.189104,51.496605],[-0.189108,51.496619],[-0.189119,51.49666],[-0.189137,51.496723],[-0.189155,51.496788],[-0.189156,51.496793],[-0.189157,51.496797],[-0.189159,51.496803],[-0.18916,51.496807],[-0.189169,51.496837],[-0.189178,51.496871],[-0.189181,51.496883],[-0.189193,51.496926],[-0.189197,51.496941],[-0.189205,51.496969],[-0.189224,51.497039],[-0.189232,51.497065],[-0.189292,51.497073],[-0.189299,51.497088],[-0.189311,51.497114],[-0.189318,51.497127],[-0.189321,51.497136],[-0.189346,51.497189],[-0.189354,51.497207],[-0.189369,51.497239],[-0.189359,51.497239],[-0.189352,51.49724],[-0.189309,51.497243],[-0.189285,51.497245],[-0.189288,51.49728],[-0.189289,51.497286],[-0.18929,51.497305],[-0.189298,51.497379],[-0.189302,51.497429],[-0.189303,51.497433],[-0.189306,51.497472],[-0.189307,51.497477],[-0.189311,51.497523],[-0.189312,51.497528],[-0.189315,51.497558],[-0.189315,51.497566],[-0.189317,51.497579],[-0.189319,51.497607],[-0.18932,51.497612],[-0.189324,51.497659],[-0.189325,51.497668],[-0.189328,51.497693],[-0.189328,51.4977],[-0.189331,51.497723],[-0.189331,51.497733],[-0.189332,51.497741],[-0.189335,51.497773],[-0.189336,51.497779],[-0.189337,51.497787],[-0.189337,51.497796],[-0.18934,51.497824],[-0.189343,51.497857],[-0.189383,51.497891],[-0.189405,51.497911],[-0.189424,51.497927],[-0.189432,51.497934],[-0.189431,51.497947],[-0.189423,51.498],[-0.189413,51.498071],[-0.189409,51.4981],[-0.1894,51.498165],[-0.18943,51.498164],[-0.189618,51.498162],[-0.189742,51.49816],[-0.18982,51.498159],[-0.189918,51.498158],[-0.189928,51.498158],[-0.190023,51.498157],[-0.190034,51.498157],[-0.190065,51.498156],[-0.190071,51.498156],[-0.190079,51.498156],[-0.190329,51.498153],[-0.190345,51.498153],[-0.19051,51.498151],[-0.190596,51.49815],[-0.191076,51.498144],[-0.191164,51.498244],[-0.191254,51.498348],[-0.191316,51.498421],[-0.19179,51.498973],[-0.191781,51.499052],[-0.191529,51.499132],[-0.191183,51.499241],[-0.190888,51.499017],[-0.190794,51.499079],[-0.19078,51.499203],[-0.190761,51.49922],[-0.190756,51.499224],[-0.190738,51.49924],[-0.190616,51.499349],[-0.190656,51.49944],[-0.190684,51.499476],[-0.190711,51.499513],[-0.190836,51.499631],[-0.190836,51.49964],[-0.190835,51.499649],[-0.190442,51.49976],[-0.190323,51.499775],[-0.190312,51.499776],[-0.190284,51.499758],[-0.190221,51.499652],[-0.190105,51.499721],[-0.189966,51.499768],[-0.189791,51.499826],[-0.189764,51.499847],[-0.189701,51.499876],[-0.189651,51.499923],[-0.189553,51.499987],[-0.189541,51.499993],[-0.189495,51.500015],[-0.189353,51.500064],[-0.18934,51.500066],[-0.189251,51.500135],[-0.189245,51.50014],[-0.18923,51.500145],[-0.189143,51.500178],[-0.189187,51.500323],[-0.189218,51.500444],[-0.189122,51.500377],[-0.189108,51.500367],[-0.189091,51.50036],[-0.188806,51.500252],[-0.188845,51.500201],[-0.188833,51.500179],[-0.18879,51.500098],[-0.188773,51.500078],[-0.188764,51.500067],[-0.188746,51.500051],[-0.1887,51.500012],[-0.188605,51.499963],[-0.188555,51.499985],[-0.188535,51.499997],[-0.188481,51.500028],[-0.18847,51.500035],[-0.188456,51.500045],[-0.188453,51.500075],[-0.188451,51.500105],[-0.188439,51.500134],[-0.188439,51.500145],[-0.188447,51.500157],[-0.188456,51.500208],[-0.1885,51.500321],[-0.188507,51.500339],[-0.188515,51.500359],[-0.188524,51.500382],[-0.188529,51.500396],[-0.188401,51.500378],[-0.188277,51.500361],[-0.188212,51.500352],[-0.187953,51.500316],[-0.18787,51.500305],[-0.187878,51.500246],[-0.187867,51.500236],[-0.187857,51.500228],[-0.187798,51.500139],[-0.187792,51.500131],[-0.1877,51.500192],[-0.187685,51.500202],[-0.187631,51.500224],[-0.187618,51.500229],[-0.187527,51.500243],[-0.187439,51.50022],[-0.187393,51.500302],[-0.187447,51.500333],[-0.187456,51.500338],[-0.187429,51.500361],[-0.187422,51.500367],[-0.187278,51.500407],[-0.187204,51.500508],[-0.187194,51.500521],[-0.187233,51.500537],[-0.187328,51.500512],[-0.18734,51.500505],[-0.187424,51.500458],[-0.187598,51.50043],[-0.187603,51.500429],[-0.187571,51.500502],[-0.187564,51.500516],[-0.187551,51.500526],[-0.187555,51.500574],[-0.187555,51.500579],[-0.187543,51.500588],[-0.187545,51.500637],[-0.187545,51.500647],[-0.187489,51.500681],[-0.187493,51.500681],[-0.187494,51.500707],[-0.187495,51.500768],[-0.187474,51.500768],[-0.187299,51.500767],[-0.187276,51.500777],[-0.187271,51.500779],[-0.187276,51.500784],[-0.187345,51.500865],[-0.187348,51.500885],[-0.187437,51.500995],[-0.187465,51.501059],[-0.187451,51.501065],[-0.187437,51.501068],[-0.18743,51.501064],[-0.187008,51.500837],[-0.186993,51.500902],[-0.186956,51.500918],[-0.186831,51.500971],[-0.186823,51.500999],[-0.186794,51.501095],[-0.186781,51.501135],[-0.186758,51.501146],[-0.186704,51.501146],[-0.186686,51.501146],[-0.186607,51.501195],[-0.186599,51.501207],[-0.186464,51.501187],[-0.186368,51.501111],[-0.186368,51.501087],[-0.186364,51.501086],[-0.186359,51.501085],[-0.186224,51.501067]]]}},{"type":"Feature","properties":{"LSOA21CD":"E01002893","LSOA21NM":"Kensington and Chelsea 017C","MEAN_PTAL_":"6a","mean_AI":29.3100630206,"borough":"Kensington & Chelsea"},"geometry":{"type":"Polygon","coordinates":[[[-0.188736,51.487861],[-0.188632,51.487758],[-0.1886,51.487727],[-0.188543,51.487672],[-0.188447,51.48758],[-0.188339,51.487476],[-0.188225,51.487367],[-0.188225,51.487363],[-0.188214,51.48735],[-0.188185,51.487328],[-0.188105,51.487252],[-0.188079,51.487226],[-0.187919,51.487073],[-0.187852,51.487009],[-0.187781,51.486941],[-0.187773,51.486933],[-0.187566,51.486737],[-0.187559,51.48673],[-0.187589,51.486713],[-0.187843,51.486561],[-0.187825,51.486546],[-0.187635,51.486264],[-0.187712,51.486218],[-0.187721,51.486189],[-0.187722,51.48618],[-0.187726,51.486138],[-0.187721,51.486115],[-0.187721,51.486112],[-0.187779,51.486048],[-0.187469,51.4859],[-0.187424,51.485889],[-0.187402,51.485884],[-0.18736,51.485874],[-0.187352,51.485865],[-0.187253,51.485792],[-0.187199,51.485721],[-0.187192,51.485699],[-0.187198,51.485597],[-0.187038,51.48559],[-0.186915,51.485597],[-0.186904,51.485595],[-0.186745,51.485524],[-0.186675,51.485392],[-0.186672,51.485387],[-0.186572,51.485456],[-0.186538,51.485427],[-0.18625,51.485604],[-0.186227,51.485587],[-0.186223,51.485575],[-0.18618,51.485546],[-0.186142,51.485519],[-0.186117,51.485502],[-0.18611,51.485497],[-0.186046,51.485448],[-0.185989,51.485403],[-0.185964,51.485385],[-0.185932,51.48536],[-0.185894,51.485331],[-0.185813,51.485269],[-0.185732,51.485206],[-0.185681,51.485167],[-0.185649,51.485145],[-0.185629,51.485128],[-0.185533,51.485062],[-0.185523,51.485046],[-0.185509,51.485035],[-0.185514,51.485031],[-0.185509,51.485023],[-0.185626,51.484963],[-0.185629,51.484961],[-0.18568,51.48493],[-0.185943,51.484768],[-0.185947,51.48476],[-0.185954,51.484755],[-0.185992,51.484734],[-0.185996,51.484731],[-0.186062,51.484694],[-0.186079,51.484681],[-0.186088,51.484674],[-0.186112,51.484664],[-0.186144,51.484646],[-0.186242,51.484627],[-0.186326,51.484611],[-0.186524,51.484869],[-0.186847,51.484657],[-0.18707,51.4848],[-0.187096,51.484816],[-0.187111,51.484826],[-0.187151,51.484843],[-0.187466,51.48468],[-0.187593,51.48477],[-0.187607,51.484761],[-0.187621,51.484752],[-0.187624,51.48475],[-0.187637,51.484757],[-0.187629,51.484762],[-0.187449,51.484872],[-0.187356,51.484928],[-0.187323,51.484949],[-0.187312,51.484947],[-0.187306,51.484951],[-0.187312,51.484955],[-0.187453,51.485044],[-0.187494,51.48507],[-0.187536,51.485096],[-0.187774,51.485247],[-0.187792,51.485234],[-0.188019,51.485071],[-0.18807,51.485035],[-0.188089,51.485048],[-0.188137,51.485134],[-0.188144,51.485153],[-0.188143,51.485167],[-0.188214,51.485183],[-0.188519,51.48527],[-0.188547,51.485278],[-0.188636,51.485304],[-0.188715,51.485265],[-0.188717,51.485219],[-0.188812,51.485275],[-0.188869,51.485218],[-0.188985,51.485101],[-0.18906,51.485026],[-0.189107,51.485038],[-0.189086,51.48506],[-0.189117,51.485112],[-0.189154,51.485126],[-0.189159,51.485127],[-0.18915,51.48516],[-0.18922,51.485179],[-0.189219,51.485189],[-0.189239,51.485243],[-0.189459,51.485342],[-0.189543,51.485333],[-0.189597,51.485317],[-0.189864,51.485615],[-0.190059,51.485798],[-0.191041,51.48538],[-0.191099,51.485355],[-0.191737,51.485083],[-0.191832,51.485043],[-0.192546,51.484825],[-0.192551,51.48483],[-0.192586,51.484866],[-0.19261,51.484891],[-0.192657,51.484939],[-0.192702,51.484985],[-0.19275,51.485035],[-0.19282,51.485105],[-0.192892,51.485179],[-0.192929,51.485217],[-0.192932,51.48522],[-0.192944,51.485231],[-0.192959,51.485245],[-0.193169,51.485445],[-0.193172,51.485448],[-0.193229,51.4855],[-0.193263,51.485529],[-0.193319,51.485577],[-0.193323,51.48558],[-0.193564,51.485786],[-0.193597,51.485814],[-0.193637,51.485845],[-0.193927,51.486076],[-0.193884,51.486089],[-0.193664,51.486157],[-0.1919,51.486737],[-0.191131,51.486973],[-0.190967,51.487176],[-0.190936,51.487204],[-0.190926,51.487213],[-0.190682,51.487024],[-0.190655,51.487003],[-0.190298,51.487208],[-0.190279,51.4872],[-0.190251,51.487208],[-0.190247,51.48721],[-0.190219,51.487218],[-0.19024,51.487239],[-0.190089,51.4873],[-0.190093,51.487309],[-0.190158,51.487333],[-0.190152,51.48736],[-0.190226,51.487413],[-0.190235,51.487415],[-0.190276,51.487492],[-0.190289,51.487492],[-0.190297,51.487493],[-0.190366,51.48755],[-0.190404,51.487557],[-0.190409,51.487594],[-0.190411,51.487604],[-0.190469,51.487636],[-0.190463,51.48766],[-0.190539,51.487707],[-0.190567,51.487712],[-0.190572,51.487763],[-0.190625,51.487788],[-0.190633,51.487792],[-0.190629,51.487823],[-0.190538,51.487853],[-0.190509,51.487827],[-0.190444,51.487769],[-0.190386,51.487718],[-0.19013,51.487817],[-0.190119,51.487821],[-0.19005,51.487848],[-0.18999,51.487786],[-0.189301,51.488091],[-0.189096,51.488181],[-0.189082,51.488188],[-0.189071,51.488192],[-0.188858,51.487982],[-0.188736,51.487861]]]}},{"type":"Feature","properties":{"LSOA21CD":"E01002894","LSOA21NM":"Kensington and Chelsea 017D","MEAN_PTAL_":"6a","mean_AI":34.7413596066,"borough":"Kensington & Chelsea"},"geometry":{"type":"Polygon","coordinates":[[[-0.190684,51.490963],[-0.190676,51.490951],[-0.190666,51.490954],[-0.19046,51.490656],[-0.190444,51.490633],[-0.190535,51.490604],[-0.190505,51.490515],[-0.190534,51.490466],[-0.190354,51.490377],[-0.19034,51.49037],[-0.190331,51.490363],[-0.19031,51.490335],[-0.190284,51.490264],[-0.190264,51.490207],[-0.190213,51.490205],[-0.190139,51.490204],[-0.190079,51.490223],[-0.189896,51.490282],[-0.189884,51.490269],[-0.189785,51.490151],[-0.189759,51.49012],[-0.189749,51.490123],[-0.18954,51.490207],[-0.189528,51.490212],[-0.189497,51.49017],[-0.18947,51.490134],[-0.189454,51.490125],[-0.189394,51.490088],[-0.189401,51.490078],[-0.189406,51.490045],[-0.189408,51.49003],[-0.189409,51.490018],[-0.18926,51.489825],[-0.189265,51.489749],[-0.189245,51.48972],[-0.189229,51.489697],[-0.189213,51.489674],[-0.189197,51.489651],[-0.189288,51.489601],[-0.189332,51.489576],[-0.189347,51.489567],[-0.189314,51.489287],[-0.18931,51.489248],[-0.18923,51.489171],[-0.189223,51.489169],[-0.189195,51.489159],[-0.189116,51.489132],[-0.189024,51.48901],[-0.188986,51.488968],[-0.188914,51.488886],[-0.188845,51.488809],[-0.188549,51.488876],[-0.188478,51.488892],[-0.188315,51.488928],[-0.188285,51.488825],[-0.188219,51.488603],[-0.188224,51.488576],[-0.188714,51.488354],[-0.18905,51.488202],[-0.189071,51.488192],[-0.189082,51.488188],[-0.189096,51.488181],[-0.189301,51.488091],[-0.18999,51.487786],[-0.19005,51.487848],[-0.190119,51.487821],[-0.19013,51.487817],[-0.190386,51.487718],[-0.190444,51.487769],[-0.190509,51.487827],[-0.190538,51.487853],[-0.190629,51.487823],[-0.190633,51.487792],[-0.190625,51.487788],[-0.190572,51.487763],[-0.190567,51.487712],[-0.190539,51.487707],[-0.190463,51.48766],[-0.190469,51.487636],[-0.190411,51.487604],[-0.190409,51.487594],[-0.190404,51.487557],[-0.190366,51.48755],[-0.190297,51.487493],[-0.190289,51.487492],[-0.190276,51.487492],[-0.190235,51.487415],[-0.190226,51.487413],[-0.190152,51.48736],[-0.190158,51.487333],[-0.190093,51.487309],[-0.190089,51.4873],[-0.19024,51.487239],[-0.190219,51.487218],[-0.190247,51.48721],[-0.190251,51.487208],[-0.190279,51.4872],[-0.190298,51.487208],[-0.190655,51.487003],[-0.190682,51.487024],[-0.190926,51.487213],[-0.190936,51.487204],[-0.190967,51.487176],[-0.191131,51.486973],[-0.1919,51.486737],[-0.193664,51.486157],[-0.193884,51.486089],[-0.193927,51.486076],[-0.193981,51.486119],[-0.194,51.486134],[-0.194029,51.486156],[-0.194044,51.486168],[-0.194089,51.486203],[-0.194122,51.486228],[-0.194218,51.486302],[-0.194244,51.486323],[-0.194295,51.486362],[-0.194445,51.486475],[-0.19446,51.486486],[-0.194472,51.486495],[-0.194501,51.486514],[-0.194533,51.486536],[-0.194552,51.48655],[-0.194633,51.486605],[-0.194657,51.486622],[-0.194693,51.486645],[-0.194697,51.486647],[-0.19475,51.486679],[-0.194801,51.486711],[-0.19489,51.486766],[-0.194928,51.486787],[-0.195093,51.486884],[-0.195154,51.486916],[-0.195203,51.486944],[-0.195259,51.486973],[-0.195302,51.486997],[-0.195527,51.487124],[-0.195778,51.487267],[-0.195939,51.487358],[-0.195964,51.487373],[-0.195292,51.487615],[-0.195127,51.487675],[-0.195078,51.487692],[-0.19448,51.487908],[-0.194471,51.487911],[-0.194454,51.487917],[-0.194343,51.487957],[-0.194289,51.487977],[-0.194266,51.487986],[-0.194142,51.488033],[-0.194034,51.488074],[-0.193906,51.488124],[-0.193871,51.488138],[-0.19383,51.488153],[-0.193812,51.48816],[-0.193657,51.48822],[-0.193592,51.488244],[-0.193571,51.488252],[-0.193481,51.488286],[-0.193394,51.488319],[-0.193381,51.488324],[-0.19337,51.488328],[-0.193304,51.488353],[-0.193265,51.488368],[-0.193204,51.488392],[-0.192819,51.48854],[-0.192723,51.488576],[-0.192541,51.488646],[-0.192453,51.488679],[-0.192329,51.488727],[-0.192294,51.48874],[-0.192149,51.488795],[-0.192081,51.488822],[-0.192032,51.48884],[-0.191838,51.488915],[-0.191776,51.488938],[-0.191694,51.48897],[-0.191568,51.489014],[-0.191479,51.489045],[-0.191447,51.489056],[-0.191414,51.489068],[-0.1912,51.489143],[-0.191162,51.489156],[-0.191147,51.489162],[-0.191133,51.489166],[-0.191071,51.489188],[-0.190978,51.489221],[-0.19086,51.489262],[-0.190844,51.489268],[-0.190836,51.489271],[-0.190803,51.489282],[-0.190759,51.489297],[-0.190709,51.489315],[-0.190651,51.489335],[-0.190585,51.489359],[-0.190492,51.489392],[-0.190443,51.489409],[-0.19042,51.489417],[-0.190325,51.489454],[-0.190299,51.489465],[-0.190259,51.489481],[-0.190217,51.489495],[-0.190181,51.489507],[-0.190136,51.489522],[-0.19013,51.489524],[-0.190133,51.489527],[-0.190182,51.489575],[-0.190285,51.489676],[-0.190294,51.489685],[-0.190314,51.489704],[-0.190382,51.489772],[-0.190406,51.489795],[-0.19041,51.489799],[-0.190419,51.489807],[-0.190457,51.489848],[-0.190487,51.48988],[-0.190545,51.489942],[-0.190551,51.489948],[-0.190651,51.490054],[-0.190672,51.490076],[-0.190694,51.490098],[-0.190709,51.490115],[-0.19073,51.490136],[-0.190739,51.490148],[-0.190776,51.490197],[-0.190803,51.490231],[-0.190859,51.490304],[-0.190864,51.490312],[-0.190908,51.490369],[-0.190922,51.490387],[-0.19094,51.49041],[-0.190954,51.490428],[-0.190987,51.490489],[-0.19099,51.490495],[-0.191015,51.490542],[-0.191022,51.490555],[-0.191024,51.490557],[-0.191058,51.490615],[-0.19108,51.490652],[-0.191091,51.490671],[-0.191106,51.490695],[-0.191117,51.490714],[-0.191123,51.490725],[-0.191162,51.490791],[-0.191167,51.490798],[-0.191175,51.490811],[-0.191054,51.490847],[-0.190877,51.490896],[-0.190721,51.49095],[-0.190684,51.490963]]]}},{"type":"Feature","properties":{"LSOA21CD":"E01002896","LSOA21NM":"Kensington and Chelsea 020C","MEAN_PTAL_":"6a","mean_AI":26.1900291722,"borough":"Kensington & Chelsea"},"geometry":{"type":"Polygon","coordinates":[[[-0.184798,51.488188],[-0.184773,51.488176],[-0.184736,51.488179],[-0.184703,51.488181],[-0.184653,51.488176],[-0.18463,51.488176],[-0.184472,51.488176],[-0.184464,51.488176],[-0.18445,51.488173],[-0.184124,51.488161],[-0.183787,51.488008],[-0.183747,51.48803],[-0.183719,51.488043],[-0.183446,51.488176],[-0.183463,51.488145],[-0.183434,51.48812],[-0.1832,51.487913],[-0.183189,51.487813],[-0.183194,51.487809],[-0.183212,51.487794],[-0.183254,51.487761],[-0.183171,51.487653],[-0.183237,51.487639],[-0.183269,51.487629],[-0.183405,51.487586],[-0.183412,51.487586],[-0.183428,51.487587],[-0.183551,51.487569],[-0.183638,51.487545],[-0.183682,51.487533],[-0.183764,51.487491],[-0.183773,51.487483],[-0.183783,51.487472],[-0.183916,51.48743],[-0.183935,51.487423],[-0.183942,51.487419],[-0.18406,51.487342],[-0.184064,51.487339],[-0.184075,51.487332],[-0.184128,51.487333],[-0.184174,51.48731],[-0.184246,51.487274],[-0.184317,51.487239],[-0.184372,51.487225],[-0.184409,51.487217],[-0.184442,51.487216],[-0.184449,51.487211],[-0.184473,51.487194],[-0.18457,51.48713],[-0.184583,51.487111],[-0.184614,51.487066],[-0.184632,51.487034],[-0.184708,51.486989],[-0.184727,51.486978],[-0.184737,51.486971],[-0.184852,51.486924],[-0.184859,51.486917],[-0.184863,51.486915],[-0.184907,51.486886],[-0.184912,51.486884],[-0.184922,51.486879],[-0.184982,51.486845],[-0.185068,51.48684],[-0.185096,51.486833],[-0.18511,51.486829],[-0.185115,51.486828],[-0.185283,51.48667],[-0.185296,51.48667],[-0.185122,51.486563],[-0.184941,51.486451],[-0.1849,51.486424],[-0.184892,51.486419],[-0.184878,51.486411],[-0.184838,51.486386],[-0.184765,51.486342],[-0.184542,51.486207],[-0.184535,51.486208],[-0.184529,51.486199],[-0.184516,51.486178],[-0.184481,51.486156],[-0.184472,51.48615],[-0.184496,51.486084],[-0.1845,51.486073],[-0.184447,51.485934],[-0.184445,51.485926],[-0.184439,51.485923],[-0.184429,51.485916],[-0.18411,51.485907],[-0.184097,51.485911],[-0.184077,51.485906],[-0.184068,51.485902],[-0.184056,51.485908],[-0.184048,51.485903],[-0.183995,51.485869],[-0.183984,51.485861],[-0.1839,51.485807],[-0.183897,51.485805],[-0.183809,51.485749],[-0.183721,51.485692],[-0.183616,51.485624],[-0.183559,51.485588],[-0.183529,51.485569],[-0.18345,51.485518],[-0.183444,51.485514],[-0.183392,51.48548],[-0.183388,51.485478],[-0.18324,51.485383],[-0.183234,51.485379],[-0.183186,51.485348],[-0.183177,51.485342],[-0.183167,51.485343],[-0.183138,51.485319],[-0.183135,51.485315],[-0.18311,51.4853],[-0.182998,51.485227],[-0.182995,51.485225],[-0.182945,51.485193],[-0.182922,51.485179],[-0.182777,51.485085],[-0.182688,51.485028],[-0.182665,51.485013],[-0.183197,51.48472],[-0.183365,51.484624],[-0.183383,51.484619],[-0.183507,51.484562],[-0.183584,51.484527],[-0.183599,51.48452],[-0.183625,51.484507],[-0.183704,51.484467],[-0.183718,51.48446],[-0.183752,51.484443],[-0.183761,51.484439],[-0.183797,51.484419],[-0.18387,51.484378],[-0.183921,51.48435],[-0.18394,51.484339],[-0.183979,51.484315],[-0.184045,51.484275],[-0.18405,51.484272],[-0.184061,51.484265],[-0.184075,51.484257],[-0.184078,51.484255],[-0.184089,51.484248],[-0.184133,51.484219],[-0.184267,51.484132],[-0.184273,51.484128],[-0.18428,51.484123],[-0.184291,51.484116],[-0.184303,51.484108],[-0.184355,51.484149],[-0.184453,51.484224],[-0.184626,51.484357],[-0.184837,51.48452],[-0.184857,51.484535],[-0.18491,51.484576],[-0.184922,51.484585],[-0.184951,51.484566],[-0.184948,51.484556],[-0.185044,51.484503],[-0.18508,51.484484],[-0.18515,51.484438],[-0.185331,51.484322],[-0.185375,51.484293],[-0.185373,51.484298],[-0.185357,51.484325],[-0.18535,51.484336],[-0.185342,51.484349],[-0.185349,51.484361],[-0.185383,51.484489],[-0.185429,51.484535],[-0.185512,51.484563],[-0.185596,51.484574],[-0.18559,51.4846],[-0.185604,51.484648],[-0.18565,51.484701],[-0.185742,51.484733],[-0.185947,51.48476],[-0.185943,51.484768],[-0.18568,51.48493],[-0.185629,51.484961],[-0.185626,51.484963],[-0.185509,51.485023],[-0.185514,51.485031],[-0.185509,51.485035],[-0.185523,51.485046],[-0.185533,51.485062],[-0.185629,51.485128],[-0.185649,51.485145],[-0.185681,51.485167],[-0.185732,51.485206],[-0.185813,51.485269],[-0.185894,51.485331],[-0.185932,51.48536],[-0.185964,51.485385],[-0.185989,51.485403],[-0.186046,51.485448],[-0.18611,51.485497],[-0.186117,51.485502],[-0.186142,51.485519],[-0.18618,51.485546],[-0.186223,51.485575],[-0.186227,51.485587],[-0.18625,51.485604],[-0.186538,51.485427],[-0.186572,51.485456],[-0.186672,51.485387],[-0.186675,51.485392],[-0.186745,51.485524],[-0.186904,51.485595],[-0.186915,51.485597],[-0.187038,51.48559],[-0.187198,51.485597],[-0.187192,51.485699],[-0.187199,51.485721],[-0.187253,51.485792],[-0.187352,51.485865],[-0.18736,51.485874],[-0.187402,51.485884],[-0.187424,51.485889],[-0.187469,51.4859],[-0.187779,51.486048],[-0.187721,51.486112],[-0.187721,51.486115],[-0.187726,51.486138],[-0.187722,51.48618],[-0.187721,51.486189],[-0.187712,51.486218],[-0.187635,51.486264],[-0.187825,51.486546],[-0.187843,51.486561],[-0.187589,51.486713],[-0.187559,51.48673],[-0.187566,51.486737],[-0.187773,51.486933],[-0.187781,51.486941],[-0.187852,51.487009],[-0.187919,51.487073],[-0.188079,51.487226],[-0.188105,51.487252],[-0.188185,51.487328],[-0.188214,51.48735],[-0.188225,51.487363],[-0.188225,51.487367],[-0.188339,51.487476],[-0.188447,51.48758],[-0.188543,51.487672],[-0.1886,51.487727],[-0.188632,51.487758],[-0.188736,51.487861],[-0.188858,51.487982],[-0.189071,51.488192],[-0.18905,51.488202],[-0.188714,51.488354],[-0.188224,51.488576],[-0.188206,51.488584],[-0.188162,51.488592],[-0.188104,51.488591],[-0.188076,51.488582],[-0.188048,51.488563],[-0.187646,51.488208],[-0.187603,51.48817],[-0.187067,51.48841],[-0.187062,51.48842],[-0.186974,51.488452],[-0.186946,51.488465],[-0.186937,51.488465],[-0.186914,51.488474],[-0.186917,51.488477],[-0.186748,51.488553],[-0.186576,51.48863],[-0.186443,51.488685],[-0.18643,51.488691],[-0.186535,51.488795],[-0.186568,51.488828],[-0.186714,51.488963],[-0.186871,51.489109],[-0.186874,51.489112],[-0.186915,51.489141],[-0.186924,51.489156],[-0.186927,51.489166],[-0.186522,51.48927],[-0.186512,51.489272],[-0.186503,51.489269],[-0.186446,51.489253],[-0.186383,51.489173],[-0.18619,51.489114],[-0.186011,51.489091],[-0.185987,51.489086],[-0.185963,51.489083],[-0.185926,51.489077],[-0.185785,51.48904],[-0.185749,51.489034],[-0.185744,51.489034],[-0.185681,51.488981],[-0.185527,51.488889],[-0.185436,51.488846],[-0.185421,51.488719],[-0.185306,51.48859],[-0.18526,51.48855],[-0.185171,51.488495],[-0.185158,51.48848],[-0.185024,51.488324],[-0.185009,51.488312],[-0.185,51.488306],[-0.184942,51.488272],[-0.18491,51.488257],[-0.184892,51.488249],[-0.184798,51.488188]]]}},{"type":"Feature","properties":{"LSOA21CD":"E01002897","LSOA21NM":"Kensington and Chelsea 020D","MEAN_PTAL_":"5","mean_AI":20.6291178163,"borough":"Kensington & Chelsea"},"geometry":{"type":"Polygon","coordinates":[[[-0.189864,51.485615],[-0.189597,51.485317],[-0.189543,51.485333],[-0.189459,51.485342],[-0.189239,51.485243],[-0.189219,51.485189],[-0.18922,51.485179],[-0.18915,51.48516],[-0.189159,51.485127],[-0.189154,51.485126],[-0.189117,51.485112],[-0.189086,51.48506],[-0.189107,51.485038],[-0.18906,51.485026],[-0.188985,51.485101],[-0.188869,51.485218],[-0.188812,51.485275],[-0.188717,51.485219],[-0.188715,51.485265],[-0.188636,51.485304],[-0.188547,51.485278],[-0.188519,51.48527],[-0.188214,51.485183],[-0.188143,51.485167],[-0.188144,51.485153],[-0.188137,51.485134],[-0.188089,51.485048],[-0.18807,51.485035],[-0.188019,51.485071],[-0.187792,51.485234],[-0.187774,51.485247],[-0.187536,51.485096],[-0.187494,51.48507],[-0.187453,51.485044],[-0.187312,51.484955],[-0.187306,51.484951],[-0.187312,51.484947],[-0.187323,51.484949],[-0.187356,51.484928],[-0.187449,51.484872],[-0.187629,51.484762],[-0.187637,51.484757],[-0.187624,51.48475],[-0.187621,51.484752],[-0.187607,51.484761],[-0.187593,51.48477],[-0.187466,51.48468],[-0.187151,51.484843],[-0.187111,51.484826],[-0.187096,51.484816],[-0.18707,51.4848],[-0.186847,51.484657],[-0.186524,51.484869],[-0.186326,51.484611],[-0.186242,51.484627],[-0.186144,51.484646],[-0.186112,51.484664],[-0.186088,51.484674],[-0.186079,51.484681],[-0.186062,51.484694],[-0.185996,51.484731],[-0.185992,51.484734],[-0.185954,51.484755],[-0.185947,51.48476],[-0.185742,51.484733],[-0.18565,51.484701],[-0.185604,51.484648],[-0.18559,51.4846],[-0.185596,51.484574],[-0.185512,51.484563],[-0.185429,51.484535],[-0.185383,51.484489],[-0.185349,51.484361],[-0.185342,51.484349],[-0.18535,51.484336],[-0.185357,51.484325],[-0.185373,51.484298],[-0.185375,51.484293],[-0.185331,51.484322],[-0.18515,51.484438],[-0.18508,51.484484],[-0.185044,51.484503],[-0.184948,51.484556],[-0.184951,51.484566],[-0.184922,51.484585],[-0.18491,51.484576],[-0.184857,51.484535],[-0.184837,51.48452],[-0.184626,51.484357],[-0.184453,51.484224],[-0.184355,51.484149],[-0.184303,51.484108],[-0.184342,51.484083],[-0.18435,51.484077],[-0.184382,51.484056],[-0.184406,51.484041],[-0.18445,51.484012],[-0.184519,51.483967],[-0.184535,51.483956],[-0.184544,51.48395],[-0.184565,51.483937],[-0.184619,51.483901],[-0.184626,51.483897],[-0.184669,51.483869],[-0.184676,51.483864],[-0.184692,51.483854],[-0.184717,51.483838],[-0.184735,51.483825],[-0.18474,51.483822],[-0.184854,51.483748],[-0.184885,51.483728],[-0.184982,51.483664],[-0.185,51.483652],[-0.185052,51.483618],[-0.185159,51.483549],[-0.185228,51.483504],[-0.185272,51.483475],[-0.185278,51.483471],[-0.185378,51.483406],[-0.185415,51.483381],[-0.185438,51.483366],[-0.185441,51.483364],[-0.185451,51.483358],[-0.185494,51.48333],[-0.185603,51.483258],[-0.185618,51.483248],[-0.185644,51.483232],[-0.185744,51.483166],[-0.185756,51.483159],[-0.185802,51.483132],[-0.185813,51.483125],[-0.185918,51.483062],[-0.185978,51.483026],[-0.186036,51.482987],[-0.186075,51.482962],[-0.186116,51.482934],[-0.186157,51.482907],[-0.18619,51.482883],[-0.186306,51.482799],[-0.186313,51.482795],[-0.186409,51.482719],[-0.186418,51.482712],[-0.18644,51.482694],[-0.186459,51.482677],[-0.186518,51.482623],[-0.186591,51.482556],[-0.186601,51.482548],[-0.186621,51.482529],[-0.186642,51.482506],[-0.186696,51.482449],[-0.186704,51.48244],[-0.18674,51.482396],[-0.186755,51.482377],[-0.186774,51.482354],[-0.186779,51.482348],[-0.186845,51.482267],[-0.186908,51.48219],[-0.187014,51.482071],[-0.187035,51.482047],[-0.187146,51.481922],[-0.187155,51.481913],[-0.187216,51.481844],[-0.187298,51.481751],[-0.187325,51.481721],[-0.18738,51.48166],[-0.187463,51.481566],[-0.18751,51.481513],[-0.187582,51.481457],[-0.187657,51.4814],[-0.187664,51.481394],[-0.18772,51.481351],[-0.187777,51.481307],[-0.187815,51.481277],[-0.187846,51.481253],[-0.187859,51.481244],[-0.187866,51.481239],[-0.188,51.481144],[-0.188029,51.481123],[-0.188038,51.481117],[-0.188088,51.481081],[-0.188242,51.480972],[-0.188257,51.480961],[-0.188263,51.480967],[-0.188276,51.480979],[-0.188318,51.481019],[-0.18833,51.48103],[-0.188439,51.481135],[-0.188537,51.48123],[-0.188596,51.481286],[-0.188602,51.481292],[-0.188678,51.481366],[-0.1887,51.481387],[-0.188711,51.481397],[-0.188777,51.481461],[-0.188798,51.481481],[-0.188805,51.481488],[-0.18885,51.481531],[-0.18886,51.481541],[-0.188882,51.481562],[-0.188924,51.481602],[-0.188983,51.481659],[-0.189017,51.481692],[-0.189033,51.481705],[-0.189038,51.48171],[-0.18905,51.48172],[-0.189058,51.481726],[-0.189495,51.482087],[-0.190133,51.482634],[-0.190198,51.482684],[-0.190422,51.482861],[-0.190619,51.483028],[-0.190636,51.483042],[-0.190772,51.483165],[-0.190789,51.483181],[-0.190828,51.483217],[-0.19084,51.483228],[-0.191002,51.483384],[-0.191019,51.483401],[-0.191028,51.483411],[-0.19107,51.483453],[-0.191143,51.483528],[-0.191191,51.483577],[-0.191302,51.4837],[-0.191367,51.483773],[-0.191379,51.483784],[-0.191424,51.483824],[-0.191447,51.483844],[-0.191662,51.484035],[-0.191698,51.484068],[-0.191751,51.484039],[-0.191762,51.484034],[-0.191797,51.484019],[-0.191939,51.484192],[-0.191974,51.484235],[-0.192006,51.484274],[-0.192171,51.484442],[-0.192263,51.484536],[-0.19237,51.484645],[-0.192412,51.484688],[-0.192479,51.484756],[-0.192546,51.484825],[-0.191832,51.485043],[-0.191737,51.485083],[-0.191099,51.485355],[-0.191041,51.48538],[-0.190059,51.485798],[-0.189864,51.485615]]]}},{"type":"Feature","properties":{"LSOA21CD":"E01002898","LSOA21NM":"Kensington and Chelsea 017E","MEAN_PTAL_":"6a","mean_AI":30.0105893977,"borough":"Kensington & Chelsea"},"geometry":{"type":"Polygon","coordinates":[[[-0.188069,51.491053],[-0.187964,51.490925],[-0.187956,51.490928],[-0.187856,51.490956],[-0.187803,51.490972],[-0.187686,51.491005],[-0.18768,51.491007],[-0.187626,51.491023],[-0.187536,51.491049],[-0.1875,51.491059],[-0.187313,51.491113],[-0.187269,51.491126],[-0.187262,51.491128],[-0.187186,51.49115],[-0.187081,51.49118],[-0.187055,51.491187],[-0.186877,51.491239],[-0.186718,51.491285],[-0.186703,51.491289],[-0.186632,51.491309],[-0.186628,51.49131],[-0.186588,51.491264],[-0.186538,51.491207],[-0.18648,51.491139],[-0.186438,51.491091],[-0.186383,51.491027],[-0.186381,51.491025],[-0.186275,51.490903],[-0.186235,51.490857],[-0.186189,51.490804],[-0.186115,51.490717],[-0.186058,51.490653],[-0.186025,51.490662],[-0.186018,51.490664],[-0.185921,51.490691],[-0.185916,51.490693],[-0.185701,51.490753],[-0.185618,51.490774],[-0.185445,51.490816],[-0.185352,51.490839],[-0.185268,51.49086],[-0.185176,51.490882],[-0.185157,51.490887],[-0.185042,51.490915],[-0.185028,51.490918],[-0.184946,51.490931],[-0.1849,51.490937],[-0.184885,51.490938],[-0.184859,51.49094],[-0.184807,51.490943],[-0.184768,51.490945],[-0.184743,51.490945],[-0.184731,51.490944],[-0.184713,51.490944],[-0.184688,51.490943],[-0.184666,51.490942],[-0.184644,51.49094],[-0.184614,51.490938],[-0.184604,51.490937],[-0.184577,51.490934],[-0.184462,51.490922],[-0.18442,51.490918],[-0.184378,51.490913],[-0.184281,51.490903],[-0.184226,51.490897],[-0.184206,51.490895],[-0.184156,51.49089],[-0.184111,51.490885],[-0.184088,51.490882],[-0.184068,51.49088],[-0.183981,51.490871],[-0.183976,51.490871],[-0.183934,51.490866],[-0.183831,51.490855],[-0.183814,51.490853],[-0.183769,51.490849],[-0.183723,51.490844],[-0.183612,51.490832],[-0.183529,51.490823],[-0.183523,51.490822],[-0.183518,51.490822],[-0.183464,51.490816],[-0.18338,51.490807],[-0.183294,51.490798],[-0.183143,51.490782],[-0.183101,51.490778],[-0.183081,51.490754],[-0.183055,51.490724],[-0.183037,51.490702],[-0.183027,51.49069],[-0.182974,51.490628],[-0.182971,51.490624],[-0.182967,51.49062],[-0.18295,51.490599],[-0.182915,51.490558],[-0.1829,51.490541],[-0.18288,51.490517],[-0.182847,51.490479],[-0.182838,51.490467],[-0.182834,51.490463],[-0.182787,51.490408],[-0.182779,51.490398],[-0.18277,51.490388],[-0.182735,51.490347],[-0.182722,51.490331],[-0.182718,51.490327],[-0.182708,51.490315],[-0.182703,51.490309],[-0.1827,51.490305],[-0.182696,51.490301],[-0.182682,51.490286],[-0.182676,51.49028],[-0.182657,51.490259],[-0.18265,51.490251],[-0.182615,51.490214],[-0.182597,51.490194],[-0.182593,51.490189],[-0.182563,51.490157],[-0.182558,51.490152],[-0.182542,51.490135],[-0.182537,51.490129],[-0.182517,51.490108],[-0.182481,51.490069],[-0.182475,51.490063],[-0.182473,51.49006],[-0.182469,51.490055],[-0.182463,51.49005],[-0.182454,51.490039],[-0.182451,51.490037],[-0.182432,51.490016],[-0.182421,51.490003],[-0.182409,51.489991],[-0.182403,51.489984],[-0.182396,51.489977],[-0.182385,51.489965],[-0.182383,51.489963],[-0.182378,51.489958],[-0.182353,51.489931],[-0.182348,51.489925],[-0.182337,51.489914],[-0.182307,51.489881],[-0.182296,51.489869],[-0.182258,51.489828],[-0.182249,51.489818],[-0.182237,51.489805],[-0.182227,51.489795],[-0.182223,51.48979],[-0.18222,51.489787],[-0.182176,51.48974],[-0.18217,51.489733],[-0.182158,51.489719],[-0.182145,51.489705],[-0.182129,51.489688],[-0.182122,51.489681],[-0.182091,51.489647],[-0.182252,51.489591],[-0.182543,51.48949],[-0.182626,51.489508],[-0.182629,51.489511],[-0.182647,51.489527],[-0.182662,51.48954],[-0.182653,51.489554],[-0.182637,51.489581],[-0.182608,51.489678],[-0.182608,51.489681],[-0.182609,51.489686],[-0.182617,51.489712],[-0.182635,51.489737],[-0.18271,51.48978],[-0.182793,51.489807],[-0.182802,51.489808],[-0.182834,51.489814],[-0.182823,51.489843],[-0.182819,51.489854],[-0.182816,51.489901],[-0.182816,51.489912],[-0.182836,51.489958],[-0.182878,51.490002],[-0.182899,51.490012],[-0.182903,51.490014],[-0.183006,51.490085],[-0.183038,51.490107],[-0.18305,51.49011],[-0.183129,51.490127],[-0.183174,51.490134],[-0.183198,51.490137],[-0.183205,51.490125],[-0.183212,51.490123],[-0.183223,51.49012],[-0.183269,51.490108],[-0.183479,51.490054],[-0.183491,51.490051],[-0.183521,51.490008],[-0.183575,51.489889],[-0.183589,51.489882],[-0.183618,51.489868],[-0.183615,51.489859],[-0.183511,51.489745],[-0.183506,51.489744],[-0.183494,51.489736],[-0.183426,51.489696],[-0.18338,51.489669],[-0.183352,51.489613],[-0.183342,51.489593],[-0.183326,51.489585],[-0.18332,51.489581],[-0.183232,51.489519],[-0.183174,51.489478],[-0.183166,51.489473],[-0.183156,51.489455],[-0.183168,51.48945],[-0.183258,51.489409],[-0.183606,51.48925],[-0.183629,51.48924],[-0.1836,51.489214],[-0.183508,51.489128],[-0.183502,51.489122],[-0.183433,51.489058],[-0.183397,51.489011],[-0.183365,51.488967],[-0.18333,51.488921],[-0.18331,51.488895],[-0.183257,51.488773],[-0.183213,51.488671],[-0.183165,51.48856],[-0.183084,51.488365],[-0.183064,51.488317],[-0.18306,51.488306],[-0.183084,51.488294],[-0.183115,51.488279],[-0.183121,51.488276],[-0.183148,51.488263],[-0.18328,51.488197],[-0.183434,51.48812],[-0.183463,51.488145],[-0.183446,51.488176],[-0.183719,51.488043],[-0.183747,51.48803],[-0.183787,51.488008],[-0.184124,51.488161],[-0.18445,51.488173],[-0.184464,51.488176],[-0.184472,51.488176],[-0.18463,51.488176],[-0.184653,51.488176],[-0.184703,51.488181],[-0.184736,51.488179],[-0.184773,51.488176],[-0.184798,51.488188],[-0.184892,51.488249],[-0.18491,51.488257],[-0.184942,51.488272],[-0.185,51.488306],[-0.185009,51.488312],[-0.185024,51.488324],[-0.185158,51.48848],[-0.185171,51.488495],[-0.18526,51.48855],[-0.185306,51.48859],[-0.185421,51.488719],[-0.185436,51.488846],[-0.185527,51.488889],[-0.185681,51.488981],[-0.185744,51.489034],[-0.185749,51.489034],[-0.185785,51.48904],[-0.185926,51.489077],[-0.185963,51.489083],[-0.185987,51.489086],[-0.186011,51.489091],[-0.18619,51.489114],[-0.186383,51.489173],[-0.186446,51.489253],[-0.186503,51.489269],[-0.186512,51.489272],[-0.186522,51.48927],[-0.186927,51.489166],[-0.186924,51.489156],[-0.186915,51.489141],[-0.186874,51.489112],[-0.186871,51.489109],[-0.186714,51.488963],[-0.186568,51.488828],[-0.186535,51.488795],[-0.18643,51.488691],[-0.186443,51.488685],[-0.186576,51.48863],[-0.186748,51.488553],[-0.186917,51.488477],[-0.186914,51.488474],[-0.186937,51.488465],[-0.186946,51.488465],[-0.186974,51.488452],[-0.187062,51.48842],[-0.187067,51.48841],[-0.187603,51.48817],[-0.187646,51.488208],[-0.188048,51.488563],[-0.188076,51.488582],[-0.188104,51.488591],[-0.188162,51.488592],[-0.188206,51.488584],[-0.188224,51.488576],[-0.188219,51.488603],[-0.188285,51.488825],[-0.188315,51.488928],[-0.188478,51.488892],[-0.188549,51.488876],[-0.188845,51.488809],[-0.188914,51.488886],[-0.188986,51.488968],[-0.189024,51.48901],[-0.189116,51.489132],[-0.189195,51.489159],[-0.189223,51.489169],[-0.18923,51.489171],[-0.18931,51.489248],[-0.189314,51.489287],[-0.189347,51.489567],[-0.189332,51.489576],[-0.189288,51.489601],[-0.189197,51.489651],[-0.189213,51.489674],[-0.189229,51.489697],[-0.189245,51.48972],[-0.189265,51.489749],[-0.18926,51.489825],[-0.189409,51.490018],[-0.189408,51.49003],[-0.189406,51.490045],[-0.189401,51.490078],[-0.189394,51.490088],[-0.189454,51.490125],[-0.18947,51.490134],[-0.189497,51.49017],[-0.189528,51.490212],[-0.18954,51.490207],[-0.189749,51.490123],[-0.189759,51.49012],[-0.189785,51.490151],[-0.189884,51.490269],[-0.189896,51.490282],[-0.190079,51.490223],[-0.190139,51.490204],[-0.190213,51.490205],[-0.190264,51.490207],[-0.190284,51.490264],[-0.19031,51.490335],[-0.190331,51.490363],[-0.19034,51.49037],[-0.190354,51.490377],[-0.190534,51.490466],[-0.190505,51.490515],[-0.190535,51.490604],[-0.190444,51.490633],[-0.19046,51.490656],[-0.190666,51.490954],[-0.190676,51.490951],[-0.190684,51.490963],[-0.190674,51.490966],[-0.190644,51.490976],[-0.190638,51.490978],[-0.190352,51.491076],[-0.190042,51.491175],[-0.190009,51.491185],[-0.18987,51.491229],[-0.189817,51.491246],[-0.189756,51.491265],[-0.189725,51.491274],[-0.189704,51.491281],[-0.189698,51.491283],[-0.189611,51.49131],[-0.189512,51.49134],[-0.189358,51.491387],[-0.189336,51.491393],[-0.18931,51.491401],[-0.189292,51.491407],[-0.189191,51.49144],[-0.18907,51.491479],[-0.18903,51.491492],[-0.189019,51.491495],[-0.188917,51.491528],[-0.188898,51.491534],[-0.188836,51.491554],[-0.188793,51.491567],[-0.188785,51.49157],[-0.188578,51.491634],[-0.188555,51.491641],[-0.188551,51.491636],[-0.188524,51.491604],[-0.188436,51.491497],[-0.188402,51.491456],[-0.188379,51.491428],[-0.188363,51.491408],[-0.188233,51.491252],[-0.188191,51.4912],[-0.188069,51.491053]]]}},{"type":"Feature","properties":{"LSOA21CD":"E01002899","LSOA21NM":"Kensington and Chelsea 018A","MEAN_PTAL_":"3","mean_AI":14.9347383288,"borough":"Kensington & Chelsea"},"geometry":{"type":"Polygon","coordinates":[[[-0.166555,51.487934],[-0.166555,51.487932],[-0.166336,51.487932],[-0.166333,51.487931],[-0.16617,51.48782],[-0.166167,51.487817],[-0.16616,51.487801],[-0.166158,51.487796],[-0.166099,51.487747],[-0.166087,51.487729],[-0.166075,51.487713],[-0.166073,51.48771],[-0.166063,51.487703],[-0.166034,51.487683],[-0.166012,51.48766],[-0.16601,51.487657],[-0.166003,51.487642],[-0.165993,51.487629],[-0.165983,51.487615],[-0.165979,51.48761],[-0.165976,51.487602],[-0.165974,51.487595],[-0.165932,51.487554],[-0.165926,51.487548],[-0.165917,51.487538],[-0.165907,51.487527],[-0.165901,51.48752],[-0.165887,51.487492],[-0.165879,51.487485],[-0.165847,51.48744],[-0.165838,51.487435],[-0.165836,51.487432],[-0.165812,51.487406],[-0.165804,51.487383],[-0.165798,51.487378],[-0.165752,51.487331],[-0.165745,51.487317],[-0.165731,51.487289],[-0.165727,51.487286],[-0.165722,51.487282],[-0.165685,51.487252],[-0.165679,51.487247],[-0.16567,51.487238],[-0.165654,51.487223],[-0.165639,51.487194],[-0.165635,51.487191],[-0.165608,51.48717],[-0.165605,51.487166],[-0.165572,51.487121],[-0.16557,51.487114],[-0.165568,51.487111],[-0.165564,51.487106],[-0.165553,51.487089],[-0.165547,51.487084],[-0.16551,51.486976],[-0.165509,51.486971],[-0.165492,51.486948],[-0.165474,51.486933],[-0.165468,51.486929],[-0.165452,51.486903],[-0.165437,51.486891],[-0.165434,51.486888],[-0.165415,51.486857],[-0.16538,51.486825],[-0.165373,51.486813],[-0.16537,51.48681],[-0.165342,51.486786],[-0.165335,51.48678],[-0.165327,51.486765],[-0.1653,51.48674],[-0.165294,51.486735],[-0.165287,51.486721],[-0.165247,51.486684],[-0.165207,51.486646],[-0.165233,51.486625],[-0.165241,51.486611],[-0.165252,51.486561],[-0.16525,51.486555],[-0.165265,51.486507],[-0.165242,51.48646],[-0.165097,51.486393],[-0.165073,51.486382],[-0.165064,51.486378],[-0.165043,51.486368],[-0.165063,51.486353],[-0.165147,51.486261],[-0.165077,51.48622],[-0.164868,51.486204],[-0.164873,51.486199],[-0.164901,51.486168],[-0.164927,51.486158],[-0.164985,51.486135],[-0.164942,51.486119],[-0.164889,51.486101],[-0.164818,51.48609],[-0.164791,51.486092],[-0.164692,51.486087],[-0.164631,51.486075],[-0.164659,51.486059],[-0.164697,51.486039],[-0.164893,51.485934],[-0.164913,51.485923],[-0.164874,51.485931],[-0.16483,51.485939],[-0.164809,51.485919],[-0.164731,51.485843],[-0.164691,51.48583],[-0.164674,51.485806],[-0.164652,51.485799],[-0.164623,51.485791],[-0.16462,51.485768],[-0.16462,51.485764],[-0.164616,51.485715],[-0.164578,51.485689],[-0.16458,51.485684],[-0.164596,51.485648],[-0.164546,51.485612],[-0.164363,51.485582],[-0.164337,51.485581],[-0.164236,51.485587],[-0.164241,51.485594],[-0.164255,51.485612],[-0.164254,51.48563],[-0.16425,51.485637],[-0.164224,51.485675],[-0.164196,51.485691],[-0.164186,51.485697],[-0.164181,51.485678],[-0.164176,51.485656],[-0.164168,51.485606],[-0.164166,51.485593],[-0.164143,51.485597],[-0.164132,51.485598],[-0.164085,51.485595],[-0.164066,51.485592],[-0.164015,51.485551],[-0.164013,51.485549],[-0.163997,51.485541],[-0.163941,51.48549],[-0.16395,51.485428],[-0.163994,51.485426],[-0.164059,51.485465],[-0.164134,51.48542],[-0.164138,51.485419],[-0.164491,51.485202],[-0.16456,51.48516],[-0.164576,51.48515],[-0.164618,51.485143],[-0.164709,51.485127],[-0.164924,51.485091],[-0.16508,51.485065],[-0.165113,51.485059],[-0.165359,51.485018],[-0.165359,51.485014],[-0.165373,51.485014],[-0.165386,51.485013],[-0.165798,51.484944],[-0.165865,51.484933],[-0.165896,51.484928],[-0.166017,51.485118],[-0.166039,51.485152],[-0.166052,51.485171],[-0.166098,51.485165],[-0.166103,51.485172],[-0.166131,51.485166],[-0.166257,51.485139],[-0.166433,51.485101],[-0.16651,51.485084],[-0.166571,51.485071],[-0.166655,51.485053],[-0.166857,51.485009],[-0.166872,51.485006],[-0.166887,51.485002],[-0.166901,51.484997],[-0.166918,51.485002],[-0.166972,51.485016],[-0.166986,51.485035],[-0.167021,51.485078],[-0.167042,51.485105],[-0.167068,51.485173],[-0.167093,51.485169],[-0.16711,51.485189],[-0.167113,51.485194],[-0.167191,51.485317],[-0.167175,51.485352],[-0.16716,51.48537],[-0.167116,51.485387],[-0.167087,51.485396],[-0.166925,51.485445],[-0.166907,51.48545],[-0.16639,51.485604],[-0.166343,51.485618],[-0.166401,51.485723],[-0.166406,51.485723],[-0.166629,51.485724],[-0.166689,51.485743],[-0.166828,51.485711],[-0.166848,51.485705],[-0.167073,51.485641],[-0.16716,51.485616],[-0.167369,51.485555],[-0.16767,51.485468],[-0.167671,51.485471],[-0.167676,51.48548],[-0.167677,51.485485],[-0.167681,51.485512],[-0.167685,51.485515],[-0.167708,51.485527],[-0.167758,51.485566],[-0.167761,51.485568],[-0.167803,51.485613],[-0.167822,51.485654],[-0.167826,51.485678],[-0.16783,51.485708],[-0.167826,51.485734],[-0.167832,51.485735],[-0.167893,51.485755],[-0.167909,51.485762],[-0.167923,51.485769],[-0.167949,51.485782],[-0.16801,51.485826],[-0.168013,51.485829],[-0.168026,51.485843],[-0.16803,51.485848],[-0.168041,51.485867],[-0.168045,51.485871],[-0.168053,51.485878],[-0.168098,51.485915],[-0.168102,51.485918],[-0.168126,51.485957],[-0.168129,51.485973],[-0.168133,51.485995],[-0.168135,51.486005],[-0.168131,51.486061],[-0.16813,51.486092],[-0.168119,51.486114],[-0.168115,51.48612],[-0.168118,51.486126],[-0.16813,51.486156],[-0.168136,51.486171],[-0.168137,51.486176],[-0.168146,51.486214],[-0.168368,51.486135],[-0.168377,51.486146],[-0.168408,51.486181],[-0.168448,51.486228],[-0.168478,51.486263],[-0.168518,51.486309],[-0.168561,51.486359],[-0.168579,51.48638],[-0.168629,51.486438],[-0.168657,51.48647],[-0.168697,51.486516],[-0.168441,51.486625],[-0.168454,51.486625],[-0.16847,51.486625],[-0.168539,51.486626],[-0.168618,51.486637],[-0.168917,51.486675],[-0.168923,51.486679],[-0.169124,51.486798],[-0.169218,51.48676],[-0.169246,51.486749],[-0.169269,51.486749],[-0.169387,51.486785],[-0.169468,51.486799],[-0.169535,51.486824],[-0.169303,51.486565],[-0.16917,51.486416],[-0.169176,51.486407],[-0.169194,51.486373],[-0.169398,51.486313],[-0.169357,51.486268],[-0.16934,51.486249],[-0.169399,51.486225],[-0.169413,51.486239],[-0.169421,51.486247],[-0.169435,51.486262],[-0.169472,51.4863],[-0.169494,51.486323],[-0.169517,51.486346],[-0.169525,51.486355],[-0.169566,51.486397],[-0.169591,51.486423],[-0.16961,51.486442],[-0.16964,51.486474],[-0.169663,51.486496],[-0.169668,51.486502],[-0.169732,51.486567],[-0.169818,51.486656],[-0.16983,51.486668],[-0.169897,51.486737],[-0.16991,51.486751],[-0.170008,51.486852],[-0.170059,51.486904],[-0.170102,51.486949],[-0.170104,51.486951],[-0.170107,51.486954],[-0.170109,51.486956],[-0.169846,51.487051],[-0.169765,51.48708],[-0.169752,51.487084],[-0.169713,51.487098],[-0.169612,51.487134],[-0.169579,51.487147],[-0.16957,51.48715],[-0.169533,51.487163],[-0.169255,51.487263],[-0.169215,51.487277],[-0.169187,51.487288],[-0.168911,51.487387],[-0.168902,51.48739],[-0.168741,51.487449],[-0.168731,51.487452],[-0.1687,51.487463],[-0.168666,51.487475],[-0.168642,51.487485],[-0.168619,51.487493],[-0.16859,51.487505],[-0.168558,51.487517],[-0.168543,51.487523],[-0.168514,51.487535],[-0.168408,51.487581],[-0.168397,51.487586],[-0.168366,51.487599],[-0.168358,51.487603],[-0.168289,51.487637],[-0.168227,51.487668],[-0.168179,51.487692],[-0.168174,51.487694],[-0.168058,51.487752],[-0.168039,51.48776],[-0.167914,51.487812],[-0.167868,51.487831],[-0.167863,51.487833],[-0.167721,51.487892],[-0.167704,51.487899],[-0.167581,51.48795],[-0.167562,51.487958],[-0.167555,51.487961],[-0.167529,51.487972],[-0.16739,51.48803],[-0.167358,51.488043],[-0.167319,51.488059],[-0.167147,51.48813],[-0.16711,51.488146],[-0.167031,51.488179],[-0.166908,51.48823],[-0.166896,51.488235],[-0.16666,51.488332],[-0.166577,51.488367],[-0.166514,51.488393],[-0.166354,51.48846],[-0.16633,51.488469],[-0.166179,51.488297],[-0.16616,51.488227],[-0.166153,51.488203],[-0.16653,51.48808],[-0.166555,51.487934]]]}},{"type":"Feature","properties":{"LSOA21CD":"E01002900","LSOA21NM":"Kensington and Chelsea 018B","MEAN_PTAL_":"2","mean_AI":6.6483791359,"borough":"Kensington & Chelsea"},"geometry":{"type":"Polygon","coordinates":[[[-0.169269,51.486749],[-0.169246,51.486749],[-0.169218,51.48676],[-0.169124,51.486798],[-0.168923,51.486679],[-0.168917,51.486675],[-0.168618,51.486637],[-0.168539,51.486626],[-0.16847,51.486625],[-0.168454,51.486625],[-0.168441,51.486625],[-0.168697,51.486516],[-0.168657,51.48647],[-0.168629,51.486438],[-0.168579,51.48638],[-0.168561,51.486359],[-0.168518,51.486309],[-0.168478,51.486263],[-0.168448,51.486228],[-0.168408,51.486181],[-0.168377,51.486146],[-0.168368,51.486135],[-0.168146,51.486214],[-0.168137,51.486176],[-0.168136,51.486171],[-0.16813,51.486156],[-0.168118,51.486126],[-0.168115,51.48612],[-0.168119,51.486114],[-0.16813,51.486092],[-0.168131,51.486061],[-0.168135,51.486005],[-0.168133,51.485995],[-0.168129,51.485973],[-0.168126,51.485957],[-0.168102,51.485918],[-0.168098,51.485915],[-0.168053,51.485878],[-0.168045,51.485871],[-0.168041,51.485867],[-0.16803,51.485848],[-0.168026,51.485843],[-0.168013,51.485829],[-0.16801,51.485826],[-0.167949,51.485782],[-0.167923,51.485769],[-0.167909,51.485762],[-0.167893,51.485755],[-0.167832,51.485735],[-0.167826,51.485734],[-0.16783,51.485708],[-0.167826,51.485678],[-0.167822,51.485654],[-0.167803,51.485613],[-0.167761,51.485568],[-0.167758,51.485566],[-0.167708,51.485527],[-0.167685,51.485515],[-0.167681,51.485512],[-0.167677,51.485485],[-0.167676,51.48548],[-0.167671,51.485471],[-0.16767,51.485468],[-0.167369,51.485555],[-0.16716,51.485616],[-0.167073,51.485641],[-0.166848,51.485705],[-0.166828,51.485711],[-0.166689,51.485743],[-0.166629,51.485724],[-0.166406,51.485723],[-0.166401,51.485723],[-0.166343,51.485618],[-0.16639,51.485604],[-0.166907,51.48545],[-0.166925,51.485445],[-0.167087,51.485396],[-0.167116,51.485387],[-0.16716,51.48537],[-0.167175,51.485352],[-0.167191,51.485317],[-0.167113,51.485194],[-0.16711,51.485189],[-0.167093,51.485169],[-0.167068,51.485173],[-0.167042,51.485105],[-0.167021,51.485078],[-0.166986,51.485035],[-0.166972,51.485016],[-0.166918,51.485002],[-0.166901,51.484997],[-0.166887,51.485002],[-0.166872,51.485006],[-0.166857,51.485009],[-0.166655,51.485053],[-0.166571,51.485071],[-0.16651,51.485084],[-0.166433,51.485101],[-0.166257,51.485139],[-0.166131,51.485166],[-0.166103,51.485172],[-0.166098,51.485165],[-0.166052,51.485171],[-0.166039,51.485152],[-0.166017,51.485118],[-0.165896,51.484928],[-0.165865,51.484933],[-0.165798,51.484944],[-0.165386,51.485013],[-0.165373,51.485014],[-0.165359,51.485014],[-0.165359,51.485018],[-0.165113,51.485059],[-0.16508,51.485065],[-0.164924,51.485091],[-0.164709,51.485127],[-0.164618,51.485143],[-0.164576,51.48515],[-0.16456,51.48516],[-0.164491,51.485202],[-0.164138,51.485419],[-0.164134,51.48542],[-0.164059,51.485465],[-0.163994,51.485426],[-0.16395,51.485428],[-0.163954,51.485402],[-0.163891,51.485364],[-0.163732,51.485265],[-0.163584,51.485172],[-0.163533,51.485141],[-0.163518,51.48514],[-0.163503,51.485139],[-0.163433,51.485178],[-0.163399,51.485189],[-0.163322,51.485215],[-0.163249,51.485272],[-0.16321,51.48532],[-0.163207,51.485324],[-0.163199,51.485338],[-0.163188,51.485358],[-0.163167,51.485424],[-0.163185,51.485541],[-0.16314,51.485526],[-0.162957,51.485467],[-0.162546,51.485246],[-0.162534,51.485239],[-0.162399,51.48535],[-0.162378,51.485367],[-0.162322,51.485412],[-0.162234,51.485482],[-0.162163,51.485539],[-0.162112,51.48558],[-0.162036,51.485641],[-0.162011,51.48566],[-0.161955,51.485705],[-0.161887,51.48576],[-0.161878,51.485767],[-0.161837,51.4858],[-0.161793,51.485835],[-0.161783,51.485843],[-0.161629,51.485733],[-0.161608,51.485718],[-0.161584,51.485702],[-0.161519,51.485759],[-0.161512,51.485764],[-0.161356,51.485785],[-0.161344,51.485785],[-0.161313,51.48589],[-0.161534,51.48604],[-0.161545,51.486047],[-0.161487,51.48608],[-0.161385,51.486137],[-0.161375,51.486137],[-0.16133,51.486106],[-0.161288,51.486075],[-0.161086,51.485932],[-0.161046,51.485904],[-0.161005,51.485875],[-0.160979,51.485856],[-0.160842,51.485759],[-0.160803,51.485732],[-0.160765,51.485705],[-0.160676,51.485641],[-0.160641,51.485617],[-0.160147,51.485267],[-0.160093,51.485228],[-0.160134,51.485299],[-0.160092,51.485268],[-0.159769,51.485416],[-0.159654,51.485327],[-0.159552,51.485247],[-0.159318,51.485065],[-0.159238,51.485003],[-0.159187,51.484973],[-0.159162,51.484958],[-0.158994,51.484859],[-0.15899,51.484857],[-0.158986,51.484859],[-0.158982,51.484853],[-0.158977,51.48485],[-0.158971,51.484846],[-0.158868,51.484907],[-0.158768,51.484967],[-0.15874,51.484983],[-0.15872,51.484995],[-0.158413,51.484756],[-0.158439,51.484743],[-0.15842,51.484728],[-0.158517,51.484676],[-0.158532,51.484668],[-0.158558,51.484653],[-0.158561,51.484651],[-0.158563,51.484645],[-0.158577,51.484606],[-0.158548,51.484508],[-0.158527,51.484434],[-0.158506,51.484437],[-0.158195,51.48448],[-0.157933,51.484515],[-0.157929,51.484516],[-0.157369,51.484594],[-0.157006,51.484644],[-0.156912,51.484657],[-0.156216,51.484749],[-0.156079,51.484667],[-0.155731,51.48445],[-0.15475,51.483841],[-0.154996,51.483811],[-0.155168,51.48379],[-0.155508,51.483749],[-0.157182,51.48352],[-0.157404,51.483489],[-0.157606,51.483461],[-0.157834,51.48343],[-0.157956,51.483414],[-0.158224,51.483386],[-0.15849,51.483373],[-0.158571,51.483369],[-0.15888,51.48331],[-0.158896,51.483307],[-0.159403,51.483232],[-0.15966,51.483194],[-0.159718,51.483185],[-0.159743,51.483182],[-0.160323,51.483096],[-0.160546,51.483068],[-0.160634,51.483059],[-0.160904,51.483046],[-0.161491,51.48302],[-0.161498,51.483019],[-0.161526,51.483016],[-0.16255,51.482922],[-0.162699,51.482913],[-0.163078,51.48289],[-0.163262,51.482865],[-0.163415,51.482836],[-0.163562,51.482802],[-0.164025,51.482666],[-0.1645,51.482655],[-0.164775,51.482638],[-0.164799,51.482637],[-0.165325,51.482567],[-0.165441,51.482552],[-0.16556,51.482536],[-0.16595,51.482484],[-0.166011,51.482476],[-0.166365,51.48243],[-0.166759,51.482385],[-0.166774,51.482415],[-0.166788,51.48244],[-0.166871,51.482597],[-0.166978,51.482818],[-0.167042,51.482949],[-0.167159,51.483192],[-0.16719,51.483258],[-0.167207,51.483291],[-0.167272,51.483428],[-0.16728,51.483448],[-0.167309,51.483521],[-0.167313,51.483532],[-0.167322,51.483553],[-0.167333,51.483584],[-0.167358,51.483613],[-0.167366,51.483623],[-0.167377,51.483637],[-0.167401,51.483665],[-0.167459,51.483734],[-0.167502,51.483793],[-0.167547,51.483852],[-0.167555,51.483863],[-0.167562,51.483873],[-0.167573,51.483887],[-0.167608,51.483934],[-0.167618,51.483947],[-0.167651,51.483991],[-0.167716,51.484078],[-0.167754,51.484129],[-0.16776,51.484137],[-0.167785,51.484171],[-0.167789,51.484176],[-0.167808,51.484202],[-0.167853,51.484261],[-0.167939,51.484376],[-0.167943,51.484382],[-0.167984,51.484437],[-0.167996,51.484452],[-0.168008,51.484468],[-0.16801,51.484472],[-0.168027,51.484494],[-0.168052,51.484527],[-0.168105,51.484598],[-0.168114,51.484609],[-0.168128,51.484628],[-0.168136,51.48464],[-0.168172,51.484689],[-0.168178,51.484697],[-0.168223,51.484758],[-0.168237,51.484778],[-0.168241,51.484783],[-0.168245,51.484789],[-0.168259,51.484807],[-0.168266,51.484817],[-0.168289,51.484848],[-0.168293,51.484854],[-0.168304,51.484868],[-0.168309,51.484875],[-0.168339,51.484914],[-0.168381,51.48497],[-0.168405,51.485001],[-0.168418,51.485019],[-0.168432,51.485037],[-0.168436,51.485041],[-0.168441,51.485049],[-0.168445,51.485054],[-0.168458,51.48507],[-0.168506,51.485134],[-0.16851,51.485139],[-0.168514,51.485144],[-0.168551,51.485193],[-0.168587,51.48524],[-0.16859,51.485243],[-0.168634,51.485302],[-0.168648,51.48532],[-0.168666,51.485344],[-0.168697,51.485385],[-0.168708,51.485399],[-0.16871,51.485401],[-0.168727,51.485423],[-0.168736,51.485436],[-0.168753,51.485458],[-0.168763,51.485471],[-0.168771,51.485482],[-0.168789,51.485506],[-0.168803,51.485523],[-0.168813,51.485537],[-0.168822,51.485548],[-0.168851,51.485588],[-0.168854,51.485592],[-0.168866,51.485607],[-0.168871,51.485614],[-0.168876,51.485622],[-0.168898,51.485651],[-0.168901,51.485655],[-0.168918,51.485677],[-0.168931,51.485695],[-0.16895,51.485719],[-0.168966,51.485741],[-0.16897,51.485747],[-0.169001,51.485789],[-0.169005,51.485794],[-0.16902,51.485813],[-0.169029,51.485825],[-0.169031,51.485828],[-0.169033,51.485831],[-0.169061,51.485864],[-0.169078,51.485884],[-0.169084,51.485892],[-0.169104,51.485915],[-0.169115,51.485928],[-0.169122,51.485936],[-0.169128,51.485943],[-0.16913,51.485946],[-0.169133,51.485949],[-0.169145,51.485963],[-0.169156,51.485975],[-0.169162,51.485981],[-0.169167,51.485986],[-0.169182,51.486002],[-0.16921,51.486031],[-0.169214,51.486035],[-0.169222,51.486043],[-0.169264,51.486086],[-0.169274,51.486096],[-0.169283,51.486105],[-0.16929,51.486113],[-0.169302,51.486126],[-0.169306,51.48613],[-0.169343,51.486167],[-0.169369,51.486194],[-0.169374,51.486199],[-0.169399,51.486225],[-0.16934,51.486249],[-0.169357,51.486268],[-0.169398,51.486313],[-0.169194,51.486373],[-0.169176,51.486407],[-0.16917,51.486416],[-0.169303,51.486565],[-0.169535,51.486824],[-0.169468,51.486799],[-0.169387,51.486785],[-0.169269,51.486749]]]}},{"type":"Feature","properties":{"LSOA21CD":"E01002903","LSOA21NM":"Kensington and Chelsea 018E","MEAN_PTAL_":"4","mean_AI":18.8700478699,"borough":"Kensington & Chelsea"},"geometry":{"type":"Polygon","coordinates":[[[-0.160266,51.490109],[-0.160181,51.490055],[-0.160062,51.489979],[-0.159926,51.489893],[-0.15989,51.489871],[-0.159859,51.489851],[-0.159854,51.489848],[-0.159786,51.489805],[-0.159569,51.489667],[-0.159576,51.489662],[-0.159696,51.489582],[-0.159774,51.489531],[-0.159868,51.489468],[-0.159871,51.489466],[-0.160045,51.489351],[-0.160031,51.489341],[-0.160044,51.489332],[-0.160061,51.48934],[-0.160072,51.489333],[-0.160249,51.489215],[-0.160317,51.48917],[-0.160335,51.489158],[-0.160385,51.489125],[-0.160407,51.48911],[-0.160561,51.489008],[-0.160576,51.489016],[-0.160586,51.48901],[-0.160579,51.488996],[-0.160584,51.488993],[-0.16069,51.488923],[-0.160707,51.488912],[-0.160842,51.488823],[-0.160913,51.488777],[-0.160923,51.488771],[-0.160981,51.488733],[-0.161104,51.488654],[-0.161136,51.488633],[-0.161226,51.488575],[-0.161302,51.488526],[-0.161373,51.48848],[-0.161418,51.488451],[-0.161468,51.488418],[-0.161502,51.488396],[-0.161505,51.488394],[-0.161653,51.488299],[-0.161695,51.488271],[-0.161705,51.488265],[-0.161793,51.488208],[-0.161844,51.488175],[-0.16195,51.488106],[-0.161972,51.488092],[-0.161982,51.488086],[-0.161995,51.488077],[-0.162005,51.488083],[-0.162015,51.488089],[-0.162327,51.488275],[-0.162349,51.488288],[-0.162349,51.488283],[-0.162362,51.488269],[-0.162413,51.488215],[-0.162413,51.488212],[-0.162424,51.488169],[-0.162512,51.488112],[-0.162529,51.488108],[-0.162606,51.488091],[-0.162624,51.488091],[-0.162626,51.488085],[-0.162654,51.488003],[-0.162724,51.487974],[-0.162729,51.487968],[-0.162776,51.487912],[-0.162793,51.487913],[-0.16281,51.487912],[-0.162864,51.487907],[-0.162875,51.487899],[-0.162949,51.487845],[-0.162956,51.48784],[-0.162982,51.487801],[-0.162995,51.487801],[-0.163046,51.487802],[-0.163053,51.487799],[-0.163116,51.487779],[-0.163123,51.487774],[-0.163159,51.48775],[-0.16317,51.487738],[-0.163204,51.487698],[-0.163217,51.487696],[-0.163321,51.487674],[-0.163347,51.487664],[-0.163354,51.487661],[-0.163393,51.487631],[-0.163407,51.487614],[-0.16343,51.487585],[-0.163431,51.487581],[-0.163452,51.487521],[-0.163453,51.487505],[-0.163469,51.487505],[-0.163646,51.487507],[-0.163665,51.487503],[-0.163693,51.487496],[-0.163699,51.487494],[-0.163775,51.487463],[-0.163788,51.487455],[-0.163793,51.487452],[-0.163834,51.487413],[-0.1639,51.487401],[-0.163922,51.487393],[-0.163941,51.487387],[-0.16399,51.487361],[-0.163993,51.487332],[-0.163744,51.48715],[-0.163707,51.487156],[-0.163673,51.487162],[-0.163617,51.487194],[-0.163571,51.48722],[-0.163531,51.487192],[-0.163234,51.486985],[-0.163126,51.48691],[-0.163109,51.486898],[-0.163092,51.486908],[-0.163085,51.486912],[-0.163021,51.486948],[-0.16287,51.487032],[-0.162863,51.487029],[-0.162823,51.487052],[-0.162707,51.486976],[-0.162634,51.486928],[-0.162494,51.486837],[-0.16249,51.486836],[-0.162486,51.486833],[-0.162462,51.486815],[-0.162396,51.486772],[-0.162344,51.486739],[-0.162338,51.486733],[-0.162325,51.486725],[-0.162592,51.486565],[-0.162602,51.486558],[-0.162608,51.486558],[-0.16262,51.486556],[-0.162624,51.486552],[-0.162638,51.486537],[-0.162698,51.4865],[-0.162775,51.486453],[-0.162731,51.48646],[-0.162717,51.486439],[-0.162687,51.486394],[-0.162679,51.486382],[-0.162619,51.486338],[-0.162563,51.486319],[-0.162508,51.486313],[-0.162477,51.486313],[-0.162468,51.486313],[-0.162413,51.486282],[-0.162406,51.486273],[-0.162365,51.486225],[-0.162353,51.486181],[-0.162338,51.486128],[-0.162349,51.486115],[-0.162677,51.486076],[-0.16275,51.485979],[-0.162768,51.485957],[-0.162784,51.485964],[-0.162846,51.485992],[-0.16288,51.485971],[-0.162974,51.485915],[-0.162988,51.485924],[-0.163024,51.485948],[-0.163059,51.485997],[-0.163108,51.48606],[-0.16312,51.486074],[-0.163137,51.486069],[-0.163151,51.486064],[-0.163201,51.486033],[-0.163224,51.486007],[-0.16323,51.486004],[-0.163255,51.485995],[-0.16328,51.485978],[-0.163337,51.485939],[-0.163363,51.48593],[-0.163405,51.485906],[-0.163441,51.485881],[-0.163452,51.485876],[-0.163471,51.485868],[-0.1635,51.485844],[-0.163503,51.485841],[-0.163531,51.485823],[-0.163546,51.485819],[-0.163584,51.485796],[-0.163597,51.485788],[-0.163599,51.485786],[-0.163627,51.485767],[-0.163641,51.485763],[-0.163825,51.485648],[-0.1639,51.485601],[-0.163997,51.485541],[-0.164013,51.485549],[-0.164015,51.485551],[-0.164066,51.485592],[-0.164085,51.485595],[-0.164132,51.485598],[-0.164143,51.485597],[-0.164166,51.485593],[-0.164168,51.485606],[-0.164176,51.485656],[-0.164181,51.485678],[-0.164186,51.485697],[-0.164196,51.485691],[-0.164224,51.485675],[-0.16425,51.485637],[-0.164254,51.48563],[-0.164255,51.485612],[-0.164241,51.485594],[-0.164236,51.485587],[-0.164337,51.485581],[-0.164363,51.485582],[-0.164546,51.485612],[-0.164596,51.485648],[-0.16458,51.485684],[-0.164578,51.485689],[-0.164616,51.485715],[-0.16462,51.485764],[-0.16462,51.485768],[-0.164623,51.485791],[-0.164652,51.485799],[-0.164674,51.485806],[-0.164691,51.48583],[-0.164731,51.485843],[-0.164809,51.485919],[-0.16483,51.485939],[-0.164874,51.485931],[-0.164913,51.485923],[-0.164893,51.485934],[-0.164697,51.486039],[-0.164659,51.486059],[-0.164631,51.486075],[-0.164692,51.486087],[-0.164791,51.486092],[-0.164818,51.48609],[-0.164889,51.486101],[-0.164942,51.486119],[-0.164985,51.486135],[-0.164927,51.486158],[-0.164901,51.486168],[-0.164873,51.486199],[-0.164868,51.486204],[-0.165077,51.48622],[-0.165147,51.486261],[-0.165063,51.486353],[-0.165043,51.486368],[-0.165064,51.486378],[-0.165073,51.486382],[-0.165097,51.486393],[-0.165242,51.48646],[-0.165265,51.486507],[-0.16525,51.486555],[-0.165252,51.486561],[-0.165241,51.486611],[-0.165233,51.486625],[-0.165207,51.486646],[-0.165247,51.486684],[-0.165287,51.486721],[-0.165294,51.486735],[-0.1653,51.48674],[-0.165327,51.486765],[-0.165335,51.48678],[-0.165342,51.486786],[-0.16537,51.48681],[-0.165373,51.486813],[-0.16538,51.486825],[-0.165415,51.486857],[-0.165434,51.486888],[-0.165437,51.486891],[-0.165452,51.486903],[-0.165468,51.486929],[-0.165474,51.486933],[-0.165492,51.486948],[-0.165509,51.486971],[-0.16551,51.486976],[-0.165547,51.487084],[-0.165553,51.487089],[-0.165564,51.487106],[-0.165568,51.487111],[-0.16557,51.487114],[-0.165572,51.487121],[-0.165605,51.487166],[-0.165608,51.48717],[-0.165635,51.487191],[-0.165639,51.487194],[-0.165654,51.487223],[-0.16567,51.487238],[-0.165679,51.487247],[-0.165685,51.487252],[-0.165722,51.487282],[-0.165727,51.487286],[-0.165731,51.487289],[-0.165745,51.487317],[-0.165752,51.487331],[-0.165798,51.487378],[-0.165804,51.487383],[-0.165812,51.487406],[-0.165836,51.487432],[-0.165838,51.487435],[-0.165847,51.48744],[-0.165879,51.487485],[-0.165887,51.487492],[-0.165901,51.48752],[-0.165907,51.487527],[-0.165917,51.487538],[-0.165926,51.487548],[-0.165932,51.487554],[-0.165974,51.487595],[-0.165976,51.487602],[-0.165979,51.48761],[-0.165983,51.487615],[-0.165993,51.487629],[-0.166003,51.487642],[-0.16601,51.487657],[-0.166012,51.48766],[-0.166034,51.487683],[-0.166063,51.487703],[-0.166073,51.48771],[-0.166075,51.487713],[-0.166087,51.487729],[-0.166099,51.487747],[-0.166158,51.487796],[-0.16616,51.487801],[-0.166167,51.487817],[-0.16617,51.48782],[-0.166333,51.487931],[-0.166336,51.487932],[-0.166555,51.487932],[-0.166555,51.487934],[-0.16653,51.48808],[-0.166153,51.488203],[-0.16616,51.488227],[-0.166179,51.488297],[-0.16633,51.488469],[-0.166326,51.48847],[-0.166291,51.488486],[-0.166287,51.488487],[-0.166221,51.488515],[-0.16619,51.488528],[-0.166068,51.488578],[-0.166025,51.488596],[-0.16584,51.488673],[-0.16575,51.48871],[-0.165686,51.488737],[-0.165665,51.488746],[-0.165468,51.488828],[-0.165351,51.488876],[-0.165233,51.488925],[-0.165128,51.48896],[-0.165111,51.488965],[-0.165005,51.489],[-0.164941,51.489024],[-0.164759,51.489091],[-0.164676,51.489122],[-0.164525,51.489178],[-0.164498,51.489188],[-0.164426,51.489214],[-0.164266,51.489273],[-0.164115,51.489329],[-0.164081,51.489342],[-0.164074,51.489345],[-0.16404,51.489359],[-0.163742,51.489486],[-0.163634,51.489531],[-0.163584,51.489552],[-0.163554,51.489565],[-0.163531,51.489577],[-0.16339,51.489652],[-0.163379,51.489658],[-0.163361,51.489667],[-0.163346,51.489675],[-0.163324,51.489687],[-0.163248,51.489727],[-0.163196,51.489755],[-0.163175,51.489766],[-0.163053,51.489833],[-0.163042,51.489839],[-0.162932,51.489898],[-0.162789,51.489976],[-0.16275,51.489998],[-0.162665,51.490044],[-0.162549,51.490108],[-0.162471,51.490151],[-0.162463,51.490155],[-0.162367,51.490207],[-0.16183,51.490084],[-0.161698,51.490053],[-0.161598,51.490048],[-0.161522,51.490054],[-0.161417,51.49011],[-0.1614,51.490119],[-0.161383,51.490129],[-0.161376,51.490132],[-0.161231,51.490101],[-0.160981,51.49017],[-0.160846,51.490352],[-0.160769,51.490455],[-0.160628,51.490347],[-0.160594,51.490321],[-0.160519,51.490272],[-0.160499,51.490259],[-0.160468,51.490238],[-0.160426,51.490211],[-0.160414,51.490204],[-0.160403,51.490196],[-0.160283,51.49012],[-0.160266,51.490109]]]}},{"type":"Feature","properties":{"LSOA21CD":"E01002904","LSOA21NM":"Kensington and Chelsea 002A","MEAN_PTAL_":"1b","mean_AI":3.0342251857,"borough":"Kensington & Chelsea"},"geometry":{"type":"Polygon","coordinates":[[[-0.219767,51.524804],[-0.219776,51.524732],[-0.219798,51.524545],[-0.219791,51.524479],[-0.219666,51.52423],[-0.219578,51.524056],[-0.219527,51.523952],[-0.21961,51.523915],[-0.219649,51.523897],[-0.219696,51.523876],[-0.219782,51.523839],[-0.2198,51.523831],[-0.219814,51.523842],[-0.219879,51.523891],[-0.220007,51.524151],[-0.220077,51.524197],[-0.220119,51.524225],[-0.220219,51.524262],[-0.220606,51.524313],[-0.220678,51.524323],[-0.220871,51.52428],[-0.220935,51.524266],[-0.220983,51.524256],[-0.221201,51.524214],[-0.221477,51.524155],[-0.221678,51.524116],[-0.221986,51.524055],[-0.221976,51.524038],[-0.221887,51.523871],[-0.221866,51.523832],[-0.221845,51.523794],[-0.22181,51.523728],[-0.221775,51.523663],[-0.221761,51.523636],[-0.221742,51.523602],[-0.221672,51.523472],[-0.22165,51.523429],[-0.221708,51.523417],[-0.222474,51.523259],[-0.222623,51.523228],[-0.222594,51.523177],[-0.222591,51.523171],[-0.222556,51.52311],[-0.222484,51.522989],[-0.222666,51.523036],[-0.222697,51.523023],[-0.222843,51.522961],[-0.22285,51.522961],[-0.223014,51.52295],[-0.223188,51.522914],[-0.22319,51.522912],[-0.223309,51.522658],[-0.223696,51.522747],[-0.223823,51.522776],[-0.223845,51.522786],[-0.223858,51.522791],[-0.22353,51.523067],[-0.223524,51.523073],[-0.223582,51.523084],[-0.223701,51.523103],[-0.224092,51.52317],[-0.224184,51.523138],[-0.224352,51.523146],[-0.224358,51.52315],[-0.224456,51.523213],[-0.224464,51.523227],[-0.224628,51.523196],[-0.224698,51.523341],[-0.224769,51.523488],[-0.224794,51.523539],[-0.224614,51.52358],[-0.224746,51.523753],[-0.224753,51.52386],[-0.224756,51.52389],[-0.224805,51.523929],[-0.224812,51.523934],[-0.224818,51.523939],[-0.224851,51.524023],[-0.224856,51.524044],[-0.22487,51.524095],[-0.224871,51.524098],[-0.224821,51.524133],[-0.224783,51.52416],[-0.224783,51.524163],[-0.22479,51.524205],[-0.224805,51.524205],[-0.225031,51.524205],[-0.225152,51.524206],[-0.225153,51.524218],[-0.225172,51.524361],[-0.225174,51.524371],[-0.225186,51.524388],[-0.225202,51.524412],[-0.225214,51.524428],[-0.225246,51.524455],[-0.225245,51.524459],[-0.225243,51.524467],[-0.225237,51.524504],[-0.225237,51.524517],[-0.225237,51.524545],[-0.225241,51.524552],[-0.225253,51.524578],[-0.225274,51.524621],[-0.225283,51.524638],[-0.225326,51.524678],[-0.225318,51.524807],[-0.225314,51.524859],[-0.225731,51.524858],[-0.226075,51.524857],[-0.226229,51.524856],[-0.226383,51.524856],[-0.226387,51.524797],[-0.226596,51.524796],[-0.227171,51.524794],[-0.227183,51.524853],[-0.227184,51.524857],[-0.227248,51.525169],[-0.227266,51.525269],[-0.227275,51.525318],[-0.227306,51.525535],[-0.227351,51.525841],[-0.227139,51.525836],[-0.226856,51.525828],[-0.226534,51.525819],[-0.226358,51.525814],[-0.226078,51.525804],[-0.225778,51.525792],[-0.225427,51.525775],[-0.225247,51.525766],[-0.225139,51.525761],[-0.224647,51.525738],[-0.22407,51.525701],[-0.223965,51.525694],[-0.223938,51.525693],[-0.223406,51.525656],[-0.22337,51.525654],[-0.223325,51.52565],[-0.222819,51.525612],[-0.222749,51.525607],[-0.222623,51.525597],[-0.222527,51.52559],[-0.222393,51.52558],[-0.222256,51.52557],[-0.222107,51.525559],[-0.222091,51.525557],[-0.221391,51.525496],[-0.221349,51.525492],[-0.221186,51.525478],[-0.220962,51.525458],[-0.220861,51.52545],[-0.220711,51.525436],[-0.220586,51.525426],[-0.220527,51.525419],[-0.220329,51.525397],[-0.220276,51.525392],[-0.220168,51.52538],[-0.220116,51.525374],[-0.219924,51.525353],[-0.219837,51.525344],[-0.219743,51.525334],[-0.219751,51.525056],[-0.219767,51.524808],[-0.219767,51.524804]]]}},{"type":"Feature","properties":{"LSOA21CD":"E01002905","LSOA21NM":"Kensington and Chelsea 002B","MEAN_PTAL_":"3","mean_AI":14.6662964424,"borough":"Kensington & Chelsea"},"geometry":{"type":"Polygon","coordinates":[[[-0.21402,51.524414],[-0.213967,51.524315],[-0.213867,51.524129],[-0.213862,51.52412],[-0.21386,51.524117],[-0.213854,51.524105],[-0.21382,51.524043],[-0.21381,51.524024],[-0.21379,51.523986],[-0.21377,51.52395],[-0.213741,51.523895],[-0.213738,51.523889],[-0.213732,51.523878],[-0.213725,51.523864],[-0.213719,51.523853],[-0.213716,51.523849],[-0.213687,51.523797],[-0.213666,51.523759],[-0.213631,51.523698],[-0.213582,51.52361],[-0.213579,51.523606],[-0.213577,51.523602],[-0.213561,51.523572],[-0.213493,51.523452],[-0.213489,51.523445],[-0.213442,51.523362],[-0.213404,51.523295],[-0.213397,51.523283],[-0.213393,51.523274],[-0.213359,51.523214],[-0.213355,51.523207],[-0.213349,51.523196],[-0.213328,51.52316],[-0.213296,51.523102],[-0.213264,51.523045],[-0.213252,51.523023],[-0.213231,51.522987],[-0.213218,51.522964],[-0.213205,51.522942],[-0.213192,51.522919],[-0.213183,51.522904],[-0.213175,51.52289],[-0.213135,51.522821],[-0.213108,51.522773],[-0.213081,51.522727],[-0.213066,51.522701],[-0.213053,51.522679],[-0.213041,51.522657],[-0.213035,51.522647],[-0.213007,51.522598],[-0.212973,51.52254],[-0.212968,51.52253],[-0.212963,51.522522],[-0.212955,51.522508],[-0.212927,51.52246],[-0.212913,51.522435],[-0.212906,51.522424],[-0.21289,51.522396],[-0.212888,51.522392],[-0.212874,51.522369],[-0.212841,51.522312],[-0.212814,51.522264],[-0.212779,51.522203],[-0.212755,51.522162],[-0.212731,51.522122],[-0.212717,51.522097],[-0.212691,51.522051],[-0.212683,51.522037],[-0.212678,51.52203],[-0.212661,51.522],[-0.212631,51.521948],[-0.212591,51.521878],[-0.212582,51.521863],[-0.212572,51.521845],[-0.212558,51.521822],[-0.212527,51.521768],[-0.212486,51.521697],[-0.21242,51.521585],[-0.212419,51.521581],[-0.212363,51.521484],[-0.212353,51.521466],[-0.212329,51.521425],[-0.21232,51.52141],[-0.212313,51.521397],[-0.212303,51.52138],[-0.212301,51.521377],[-0.212273,51.521329],[-0.212262,51.521309],[-0.212241,51.521272],[-0.212238,51.521268],[-0.212217,51.521232],[-0.212209,51.521218],[-0.212207,51.521215],[-0.212182,51.521171],[-0.212162,51.521137],[-0.212155,51.521124],[-0.212153,51.521121],[-0.212145,51.521106],[-0.212128,51.521077],[-0.212093,51.521017],[-0.212074,51.520984],[-0.212055,51.520951],[-0.212053,51.520948],[-0.21203,51.520907],[-0.212014,51.520881],[-0.211972,51.520807],[-0.211949,51.520768],[-0.211926,51.520728],[-0.211921,51.520719],[-0.211866,51.520626],[-0.211899,51.520619],[-0.212292,51.52053],[-0.212337,51.52052],[-0.212347,51.520518],[-0.21238,51.520511],[-0.21239,51.520508],[-0.212641,51.520451],[-0.212698,51.52044],[-0.212765,51.520425],[-0.212769,51.520425],[-0.212805,51.520418],[-0.212845,51.520409],[-0.212879,51.520403],[-0.212888,51.520401],[-0.213354,51.5203],[-0.213634,51.520236],[-0.213668,51.520228],[-0.213697,51.520222],[-0.213802,51.520198],[-0.214058,51.520139],[-0.21407,51.520135],[-0.214095,51.52013],[-0.214101,51.52013],[-0.21412,51.520124],[-0.214154,51.520114],[-0.214371,51.520065],[-0.214437,51.52005],[-0.214497,51.520037],[-0.21457,51.52002],[-0.214729,51.519985],[-0.214814,51.519965],[-0.214968,51.519931],[-0.214974,51.519929],[-0.215031,51.519917],[-0.215281,51.51986],[-0.215652,51.519777],[-0.215799,51.519744],[-0.216011,51.519696],[-0.216064,51.519684],[-0.216218,51.519649],[-0.216626,51.519557],[-0.216784,51.519522],[-0.217007,51.519471],[-0.217146,51.51944],[-0.21716,51.519437],[-0.217296,51.519406],[-0.217444,51.519378],[-0.217443,51.519374],[-0.217395,51.519251],[-0.217371,51.519187],[-0.217318,51.519053],[-0.217317,51.519049],[-0.217352,51.519057],[-0.217366,51.519057],[-0.217395,51.519048],[-0.217403,51.519044],[-0.217425,51.519031],[-0.217455,51.519004],[-0.217455,51.518987],[-0.217456,51.518968],[-0.21789,51.519038],[-0.217897,51.519038],[-0.217884,51.519056],[-0.217957,51.519067],[-0.217963,51.519068],[-0.217989,51.519072],[-0.218046,51.519081],[-0.218095,51.519089],[-0.218152,51.519098],[-0.218202,51.519113],[-0.218208,51.519113],[-0.218201,51.51914],[-0.21815,51.519338],[-0.218163,51.519359],[-0.218191,51.519404],[-0.21819,51.519426],[-0.218209,51.519439],[-0.218215,51.519442],[-0.218464,51.519839],[-0.218501,51.519897],[-0.218513,51.519916],[-0.218538,51.519956],[-0.218592,51.520041],[-0.218729,51.52026],[-0.21873,51.520264],[-0.218697,51.52027],[-0.218637,51.520281],[-0.21822,51.520361],[-0.218221,51.520366],[-0.218235,51.520421],[-0.218236,51.520429],[-0.218158,51.520444],[-0.218163,51.520454],[-0.218185,51.520491],[-0.218216,51.520545],[-0.21825,51.520604],[-0.218302,51.520693],[-0.218328,51.520738],[-0.218439,51.520929],[-0.218507,51.521048],[-0.218431,51.521042],[-0.217725,51.520993],[-0.217627,51.520997],[-0.217622,51.520999],[-0.217018,51.521177],[-0.217216,51.521703],[-0.217117,51.521754],[-0.216745,51.521946],[-0.216341,51.521867],[-0.215895,51.521977],[-0.215982,51.522125],[-0.215999,51.522154],[-0.216083,51.522297],[-0.216086,51.522301],[-0.216151,51.522412],[-0.216235,51.522556],[-0.216258,51.522593],[-0.216303,51.522665],[-0.216333,51.522719],[-0.216383,51.52281],[-0.21642,51.522872],[-0.216422,51.522875],[-0.216519,51.523037],[-0.21657,51.523128],[-0.216572,51.523131],[-0.216667,51.5233],[-0.216694,51.523354],[-0.2167,51.523366],[-0.2168,51.523558],[-0.216844,51.523633],[-0.216842,51.523638],[-0.216849,51.523652],[-0.216854,51.523654],[-0.216862,51.523671],[-0.216874,51.5237],[-0.216935,51.523817],[-0.216926,51.523819],[-0.216855,51.523835],[-0.216703,51.523869],[-0.216605,51.523891],[-0.216297,51.523961],[-0.215896,51.524052],[-0.21567,51.524103],[-0.215682,51.524121],[-0.215806,51.524294],[-0.215863,51.524313],[-0.215977,51.52435],[-0.216172,51.524371],[-0.216178,51.524372],[-0.216193,51.524372],[-0.216758,51.524431],[-0.216831,51.524439],[-0.216927,51.524449],[-0.217061,51.524463],[-0.217088,51.524466],[-0.217206,51.524478],[-0.217267,51.524484],[-0.21734,51.524492],[-0.217437,51.524502],[-0.217587,51.524518],[-0.218012,51.524562],[-0.218028,51.524564],[-0.218605,51.524624],[-0.218629,51.524628],[-0.218633,51.524629],[-0.218776,51.524654],[-0.218962,51.524711],[-0.219119,51.52474],[-0.219411,51.524771],[-0.219524,51.524782],[-0.219642,51.524795],[-0.219767,51.524808],[-0.219751,51.525056],[-0.219743,51.525334],[-0.219721,51.525331],[-0.2197,51.525329],[-0.219671,51.525326],[-0.21871,51.525221],[-0.218458,51.525189],[-0.218354,51.525176],[-0.217993,51.52513],[-0.217976,51.525128],[-0.217821,51.525108],[-0.217541,51.525073],[-0.217431,51.525059],[-0.217418,51.525057],[-0.217318,51.525045],[-0.21719,51.525029],[-0.217169,51.525026],[-0.217069,51.525011],[-0.216863,51.52498],[-0.216727,51.52496],[-0.216673,51.524952],[-0.216382,51.524909],[-0.215695,51.524808],[-0.215261,51.524731],[-0.215214,51.524722],[-0.215128,51.524707],[-0.215121,51.524706],[-0.215092,51.524701],[-0.214965,51.524678],[-0.214911,51.524669],[-0.21486,51.52466],[-0.214744,51.524641],[-0.214731,51.524639],[-0.214557,51.52461],[-0.214404,51.524585],[-0.214372,51.52458],[-0.214328,51.524573],[-0.214142,51.524542],[-0.214084,51.524533],[-0.21408,51.524526],[-0.21402,51.524414]]]}},{"type":"Feature","properties":{"LSOA21CD":"E01002906","LSOA21NM":"Kensington and Chelsea 002C","MEAN_PTAL_":"3","mean_AI":10.431068001,"borough":"Kensington & Chelsea"},"geometry":{"type":"Polygon","coordinates":[[[-0.216758,51.524431],[-0.216193,51.524372],[-0.216178,51.524372],[-0.216172,51.524371],[-0.215977,51.52435],[-0.215863,51.524313],[-0.215806,51.524294],[-0.215682,51.524121],[-0.21567,51.524103],[-0.215896,51.524052],[-0.216297,51.523961],[-0.216605,51.523891],[-0.216703,51.523869],[-0.216855,51.523835],[-0.216926,51.523819],[-0.216935,51.523817],[-0.216874,51.5237],[-0.216862,51.523671],[-0.216854,51.523654],[-0.216849,51.523652],[-0.216842,51.523638],[-0.216844,51.523633],[-0.2168,51.523558],[-0.2167,51.523366],[-0.216694,51.523354],[-0.216667,51.5233],[-0.216572,51.523131],[-0.21657,51.523128],[-0.216519,51.523037],[-0.216422,51.522875],[-0.21642,51.522872],[-0.216383,51.52281],[-0.216333,51.522719],[-0.216303,51.522665],[-0.216258,51.522593],[-0.216235,51.522556],[-0.216151,51.522412],[-0.216086,51.522301],[-0.216083,51.522297],[-0.215999,51.522154],[-0.215982,51.522125],[-0.215895,51.521977],[-0.216341,51.521867],[-0.216745,51.521946],[-0.217117,51.521754],[-0.217216,51.521703],[-0.217018,51.521177],[-0.217622,51.520999],[-0.217627,51.520997],[-0.217725,51.520993],[-0.218431,51.521042],[-0.218507,51.521048],[-0.218439,51.520929],[-0.218328,51.520738],[-0.218302,51.520693],[-0.21825,51.520604],[-0.218216,51.520545],[-0.218185,51.520491],[-0.218163,51.520454],[-0.218158,51.520444],[-0.218236,51.520429],[-0.218235,51.520421],[-0.218221,51.520366],[-0.21822,51.520361],[-0.218637,51.520281],[-0.218697,51.52027],[-0.21873,51.520264],[-0.218729,51.52026],[-0.218592,51.520041],[-0.218538,51.519956],[-0.218513,51.519916],[-0.218501,51.519897],[-0.218464,51.519839],[-0.218215,51.519442],[-0.218209,51.519439],[-0.21819,51.519426],[-0.218191,51.519404],[-0.218163,51.519359],[-0.21815,51.519338],[-0.218201,51.51914],[-0.218208,51.519113],[-0.218202,51.519113],[-0.218152,51.519098],[-0.218095,51.519089],[-0.218046,51.519081],[-0.217989,51.519072],[-0.217963,51.519068],[-0.217957,51.519067],[-0.217884,51.519056],[-0.217897,51.519038],[-0.217933,51.518991],[-0.217805,51.518866],[-0.217848,51.518815],[-0.217876,51.518695],[-0.218199,51.518622],[-0.218409,51.518574],[-0.218466,51.518561],[-0.218478,51.518584],[-0.218536,51.518683],[-0.218575,51.51875],[-0.218604,51.518799],[-0.218622,51.518831],[-0.218636,51.518854],[-0.218666,51.518906],[-0.218739,51.519032],[-0.21876,51.519067],[-0.21883,51.519187],[-0.218842,51.519206],[-0.218922,51.519219],[-0.218999,51.519231],[-0.219015,51.519233],[-0.219122,51.51925],[-0.219144,51.519254],[-0.21929,51.519277],[-0.219427,51.519298],[-0.219478,51.519306],[-0.219549,51.519317],[-0.219584,51.519323],[-0.219674,51.519337],[-0.219693,51.51934],[-0.219831,51.519362],[-0.219837,51.519363],[-0.219945,51.519379],[-0.21995,51.51938],[-0.220055,51.519397],[-0.220072,51.519399],[-0.220147,51.519411],[-0.220225,51.519423],[-0.22039,51.519449],[-0.220461,51.51946],[-0.220579,51.519479],[-0.220585,51.51948],[-0.22063,51.519487],[-0.220695,51.519497],[-0.220774,51.51951],[-0.220836,51.519519],[-0.221011,51.519547],[-0.221295,51.519592],[-0.221357,51.519601],[-0.221441,51.519614],[-0.221564,51.519831],[-0.2217,51.520068],[-0.221332,51.520163],[-0.220975,51.520102],[-0.221153,51.520394],[-0.221236,51.520529],[-0.221251,51.520554],[-0.221265,51.520577],[-0.221275,51.520593],[-0.22136,51.520732],[-0.221399,51.520796],[-0.221441,51.520864],[-0.221455,51.520888],[-0.221468,51.520909],[-0.221474,51.520918],[-0.221493,51.520914],[-0.221693,51.520874],[-0.221872,51.520837],[-0.221963,51.520819],[-0.222055,51.520801],[-0.222063,51.520814],[-0.222096,51.52087],[-0.222105,51.520873],[-0.222184,51.520917],[-0.22219,51.520928],[-0.222193,51.520932],[-0.222236,51.521007],[-0.222262,51.521053],[-0.222285,51.521093],[-0.222315,51.521146],[-0.222318,51.521152],[-0.222321,51.521156],[-0.22232,51.52116],[-0.22232,51.521163],[-0.222329,51.52117],[-0.222342,51.521192],[-0.222361,51.521226],[-0.22242,51.521327],[-0.222447,51.521373],[-0.222518,51.521494],[-0.222559,51.521565],[-0.222584,51.521607],[-0.222628,51.521683],[-0.222668,51.521752],[-0.222681,51.521744],[-0.222702,51.52176],[-0.222727,51.521779],[-0.222846,51.521872],[-0.222993,51.521986],[-0.222986,51.521994],[-0.222971,51.522025],[-0.222898,51.522174],[-0.222897,51.52218],[-0.222871,51.522188],[-0.222835,51.522196],[-0.222773,51.522215],[-0.222756,51.522225],[-0.222747,51.522231],[-0.222654,51.522267],[-0.222647,51.522272],[-0.222578,51.522302],[-0.222546,51.522311],[-0.222541,51.522313],[-0.222529,51.522318],[-0.22247,51.522337],[-0.222445,51.522344],[-0.222353,51.522385],[-0.222339,51.522388],[-0.222323,51.522394],[-0.222268,51.522418],[-0.222236,51.522441],[-0.222182,51.522534],[-0.22222,51.522688],[-0.222299,51.522675],[-0.222308,51.522691],[-0.222379,51.522811],[-0.222484,51.522989],[-0.222556,51.52311],[-0.222591,51.523171],[-0.222594,51.523177],[-0.222623,51.523228],[-0.222474,51.523259],[-0.221708,51.523417],[-0.22165,51.523429],[-0.221672,51.523472],[-0.221742,51.523602],[-0.221761,51.523636],[-0.221775,51.523663],[-0.22181,51.523728],[-0.221845,51.523794],[-0.221866,51.523832],[-0.221887,51.523871],[-0.221976,51.524038],[-0.221986,51.524055],[-0.221678,51.524116],[-0.221477,51.524155],[-0.221201,51.524214],[-0.220983,51.524256],[-0.220935,51.524266],[-0.220871,51.52428],[-0.220678,51.524323],[-0.220606,51.524313],[-0.220219,51.524262],[-0.220119,51.524225],[-0.220077,51.524197],[-0.220007,51.524151],[-0.219879,51.523891],[-0.219814,51.523842],[-0.2198,51.523831],[-0.219782,51.523839],[-0.219696,51.523876],[-0.219649,51.523897],[-0.21961,51.523915],[-0.219527,51.523952],[-0.219578,51.524056],[-0.219666,51.52423],[-0.219791,51.524479],[-0.219798,51.524545],[-0.219776,51.524732],[-0.219767,51.524804],[-0.219767,51.524808],[-0.219642,51.524795],[-0.219524,51.524782],[-0.219411,51.524771],[-0.219119,51.52474],[-0.218962,51.524711],[-0.218776,51.524654],[-0.218633,51.524629],[-0.218629,51.524628],[-0.218605,51.524624],[-0.218028,51.524564],[-0.218012,51.524562],[-0.217587,51.524518],[-0.217437,51.524502],[-0.21734,51.524492],[-0.217267,51.524484],[-0.217206,51.524478],[-0.217088,51.524466],[-0.217061,51.524463],[-0.216927,51.524449],[-0.216831,51.524439],[-0.216758,51.524431]]]}},{"type":"Feature","properties":{"LSOA21CD":"E01002907","LSOA21NM":"Kensington and Chelsea 002D","MEAN_PTAL_":"2","mean_AI":5.35779937589,"borough":"Kensington & Chelsea"},"geometry":{"type":"Polygon","coordinates":[[[-0.225153,51.524218],[-0.225152,51.524206],[-0.225031,51.524205],[-0.224805,51.524205],[-0.22479,51.524205],[-0.224783,51.524163],[-0.224783,51.52416],[-0.224821,51.524133],[-0.224871,51.524098],[-0.22487,51.524095],[-0.224856,51.524044],[-0.224851,51.524023],[-0.224818,51.523939],[-0.224812,51.523934],[-0.224805,51.523929],[-0.224756,51.52389],[-0.224753,51.52386],[-0.224746,51.523753],[-0.224614,51.52358],[-0.224794,51.523539],[-0.224769,51.523488],[-0.224698,51.523341],[-0.224628,51.523196],[-0.224464,51.523227],[-0.224456,51.523213],[-0.224358,51.52315],[-0.224352,51.523146],[-0.224184,51.523138],[-0.224092,51.52317],[-0.223701,51.523103],[-0.223582,51.523084],[-0.223524,51.523073],[-0.22353,51.523067],[-0.223858,51.522791],[-0.223845,51.522786],[-0.223823,51.522776],[-0.223696,51.522747],[-0.223309,51.522658],[-0.223272,51.522581],[-0.2233,51.522556],[-0.22339,51.522505],[-0.223439,51.522485],[-0.223512,51.522462],[-0.223553,51.522449],[-0.223601,51.522439],[-0.223499,51.522453],[-0.223635,51.522428],[-0.223662,51.522423],[-0.223682,51.522419],[-0.223738,51.522409],[-0.22403,51.522355],[-0.224178,51.522328],[-0.224218,51.522321],[-0.224365,51.522294],[-0.224464,51.522275],[-0.224514,51.522266],[-0.224524,51.522286],[-0.224563,51.522286],[-0.224649,51.522462],[-0.224709,51.522585],[-0.224775,51.522719],[-0.224796,51.522759],[-0.224952,51.522808],[-0.224967,51.522801],[-0.225182,51.522703],[-0.225286,51.522656],[-0.225433,51.522589],[-0.225229,51.522504],[-0.224787,51.522322],[-0.224814,51.522296],[-0.224804,51.522213],[-0.224883,51.522198],[-0.225107,51.522157],[-0.225275,51.522126],[-0.225265,51.522108],[-0.22515,51.521902],[-0.225151,51.521887],[-0.225162,51.521886],[-0.225356,51.521895],[-0.225691,51.522004],[-0.225633,51.521839],[-0.225636,51.521774],[-0.225648,51.521739],[-0.225659,51.52171],[-0.225663,51.521698],[-0.225738,51.521607],[-0.225766,51.521581],[-0.225771,51.521574],[-0.225781,51.521558],[-0.225792,51.521538],[-0.225867,51.521419],[-0.22588,51.521392],[-0.225897,51.521369],[-0.225936,51.521312],[-0.225982,51.521321],[-0.226079,51.521344],[-0.226128,51.521353],[-0.226137,51.521355],[-0.226226,51.521378],[-0.226291,51.521392],[-0.226308,51.521399],[-0.226519,51.521441],[-0.226539,51.521447],[-0.226648,51.521457],[-0.226695,51.521438],[-0.227066,51.521254],[-0.227125,51.5213],[-0.227146,51.521295],[-0.227216,51.521354],[-0.227362,51.521479],[-0.227432,51.521539],[-0.227424,51.521542],[-0.227505,51.521609],[-0.227392,51.521661],[-0.227257,51.521724],[-0.227242,51.521731],[-0.22715,51.521773],[-0.227064,51.521813],[-0.226966,51.521858],[-0.226919,51.52188],[-0.226805,51.521932],[-0.226798,51.521936],[-0.226763,51.521951],[-0.226742,51.521961],[-0.226706,51.521977],[-0.226706,51.521993],[-0.22671,51.522354],[-0.226707,51.522402],[-0.226707,51.522421],[-0.226695,51.522669],[-0.226695,51.522673],[-0.226687,51.522845],[-0.226687,51.522851],[-0.226679,51.523024],[-0.226678,51.523029],[-0.22667,51.523209],[-0.22667,51.523214],[-0.226662,51.523384],[-0.226661,51.523392],[-0.226654,51.523542],[-0.226654,51.523548],[-0.226644,51.523775],[-0.226641,51.523827],[-0.226635,51.523955],[-0.226627,51.524139],[-0.226626,51.524143],[-0.226623,51.524209],[-0.226618,51.524328],[-0.226616,51.524369],[-0.22661,51.524503],[-0.226609,51.524508],[-0.226596,51.524796],[-0.226387,51.524797],[-0.226383,51.524856],[-0.226229,51.524856],[-0.226075,51.524857],[-0.225731,51.524858],[-0.225314,51.524859],[-0.225318,51.524807],[-0.225326,51.524678],[-0.225283,51.524638],[-0.225274,51.524621],[-0.225253,51.524578],[-0.225241,51.524552],[-0.225237,51.524545],[-0.225237,51.524517],[-0.225237,51.524504],[-0.225243,51.524467],[-0.225245,51.524459],[-0.225246,51.524455],[-0.225214,51.524428],[-0.225202,51.524412],[-0.225186,51.524388],[-0.225174,51.524371],[-0.225172,51.524361],[-0.225153,51.524218]]]}},{"type":"Feature","properties":{"LSOA21CD":"E01002908","LSOA21NM":"Kensington and Chelsea 003D","MEAN_PTAL_":"2","mean_AI":7.45528205907,"borough":"Kensington & Chelsea"},"geometry":{"type":"Polygon","coordinates":[[[-0.222308,51.522691],[-0.222299,51.522675],[-0.22222,51.522688],[-0.222182,51.522534],[-0.222236,51.522441],[-0.222268,51.522418],[-0.222323,51.522394],[-0.222339,51.522388],[-0.222353,51.522385],[-0.222445,51.522344],[-0.22247,51.522337],[-0.222529,51.522318],[-0.222541,51.522313],[-0.222546,51.522311],[-0.222578,51.522302],[-0.222647,51.522272],[-0.222654,51.522267],[-0.222747,51.522231],[-0.222756,51.522225],[-0.222773,51.522215],[-0.222835,51.522196],[-0.222871,51.522188],[-0.222897,51.52218],[-0.222898,51.522174],[-0.222971,51.522025],[-0.222986,51.521994],[-0.222993,51.521986],[-0.222846,51.521872],[-0.222727,51.521779],[-0.222702,51.52176],[-0.222681,51.521744],[-0.222668,51.521752],[-0.222628,51.521683],[-0.222584,51.521607],[-0.222559,51.521565],[-0.222518,51.521494],[-0.222447,51.521373],[-0.22242,51.521327],[-0.222361,51.521226],[-0.222342,51.521192],[-0.222329,51.52117],[-0.22232,51.521163],[-0.22232,51.52116],[-0.222321,51.521156],[-0.222318,51.521152],[-0.222315,51.521146],[-0.222285,51.521093],[-0.222262,51.521053],[-0.222236,51.521007],[-0.222193,51.520932],[-0.22219,51.520928],[-0.222184,51.520917],[-0.222105,51.520873],[-0.222096,51.52087],[-0.222063,51.520814],[-0.222055,51.520801],[-0.221963,51.520819],[-0.221872,51.520837],[-0.221693,51.520874],[-0.221493,51.520914],[-0.221474,51.520918],[-0.221468,51.520909],[-0.221455,51.520888],[-0.221441,51.520864],[-0.221399,51.520796],[-0.22136,51.520732],[-0.221275,51.520593],[-0.221265,51.520577],[-0.221251,51.520554],[-0.221236,51.520529],[-0.221153,51.520394],[-0.220975,51.520102],[-0.221332,51.520163],[-0.2217,51.520068],[-0.221564,51.519831],[-0.221441,51.519614],[-0.221724,51.519659],[-0.22173,51.51966],[-0.221938,51.519692],[-0.221999,51.519702],[-0.222051,51.51971],[-0.22217,51.519729],[-0.222198,51.519733],[-0.222266,51.519744],[-0.222394,51.519764],[-0.222404,51.519766],[-0.222433,51.51977],[-0.222546,51.519788],[-0.22257,51.519792],[-0.222612,51.519798],[-0.222667,51.519807],[-0.222682,51.519809],[-0.22276,51.519821],[-0.222788,51.519826],[-0.222873,51.519839],[-0.222924,51.519847],[-0.222944,51.51985],[-0.222948,51.519851],[-0.223088,51.519873],[-0.223114,51.519877],[-0.223149,51.519883],[-0.223229,51.519895],[-0.223418,51.519925],[-0.223498,51.519937],[-0.223503,51.519938],[-0.223653,51.519962],[-0.223748,51.519977],[-0.223889,51.519999],[-0.223932,51.520005],[-0.224182,51.520045],[-0.224209,51.520049],[-0.224273,51.520059],[-0.224401,51.520079],[-0.224468,51.52009],[-0.224507,51.520096],[-0.224555,51.520103],[-0.224601,51.520111],[-0.224608,51.520112],[-0.224654,51.520119],[-0.22469,51.520125],[-0.224728,51.52013],[-0.224829,51.520146],[-0.224908,51.520159],[-0.225023,51.520177],[-0.225034,51.520178],[-0.225094,51.520188],[-0.225124,51.520175],[-0.22517,51.520155],[-0.225277,51.520107],[-0.225343,51.520078],[-0.225405,51.52005],[-0.225426,51.520041],[-0.225491,51.520013],[-0.225496,51.52001],[-0.225565,51.51998],[-0.225633,51.51995],[-0.225683,51.519928],[-0.225827,51.519864],[-0.225835,51.51986],[-0.22586,51.519849],[-0.225894,51.519834],[-0.225905,51.519829],[-0.226031,51.519773],[-0.226059,51.519761],[-0.226064,51.519759],[-0.226081,51.519751],[-0.226201,51.519706],[-0.22621,51.519702],[-0.226221,51.519698],[-0.226331,51.519657],[-0.226339,51.519654],[-0.226415,51.519626],[-0.226461,51.519608],[-0.226467,51.519606],[-0.226593,51.519558],[-0.226614,51.519551],[-0.226637,51.519569],[-0.22668,51.519603],[-0.226604,51.519633],[-0.226684,51.519716],[-0.226647,51.519738],[-0.226702,51.519774],[-0.226749,51.519813],[-0.226831,51.519882],[-0.226861,51.519908],[-0.226896,51.519937],[-0.226935,51.51997],[-0.226974,51.520003],[-0.226988,51.520014],[-0.22703,51.52005],[-0.227066,51.52008],[-0.227119,51.520125],[-0.227151,51.520152],[-0.227194,51.520188],[-0.227294,51.520272],[-0.227326,51.520299],[-0.22739,51.520353],[-0.227425,51.520382],[-0.227453,51.520406],[-0.227522,51.520464],[-0.227557,51.520493],[-0.227604,51.520532],[-0.227644,51.520566],[-0.227715,51.520626],[-0.227784,51.520684],[-0.227823,51.520716],[-0.227868,51.520754],[-0.227871,51.520757],[-0.227918,51.520796],[-0.227927,51.520804],[-0.227961,51.520833],[-0.227969,51.520839],[-0.22808,51.520933],[-0.228095,51.520946],[-0.228141,51.520984],[-0.228231,51.52106],[-0.228277,51.521099],[-0.228055,51.521198],[-0.228051,51.521286],[-0.228049,51.521343],[-0.228048,51.521358],[-0.227947,51.521405],[-0.227922,51.521416],[-0.227891,51.52143],[-0.227688,51.521524],[-0.227618,51.521557],[-0.227557,51.521585],[-0.227505,51.521609],[-0.227424,51.521542],[-0.227432,51.521539],[-0.227362,51.521479],[-0.227216,51.521354],[-0.227146,51.521295],[-0.227125,51.5213],[-0.227066,51.521254],[-0.226695,51.521438],[-0.226648,51.521457],[-0.226539,51.521447],[-0.226519,51.521441],[-0.226308,51.521399],[-0.226291,51.521392],[-0.226226,51.521378],[-0.226137,51.521355],[-0.226128,51.521353],[-0.226079,51.521344],[-0.225982,51.521321],[-0.225936,51.521312],[-0.225897,51.521369],[-0.22588,51.521392],[-0.225867,51.521419],[-0.225792,51.521538],[-0.225781,51.521558],[-0.225771,51.521574],[-0.225766,51.521581],[-0.225738,51.521607],[-0.225663,51.521698],[-0.225659,51.52171],[-0.225648,51.521739],[-0.225636,51.521774],[-0.225633,51.521839],[-0.225691,51.522004],[-0.225356,51.521895],[-0.225162,51.521886],[-0.225151,51.521887],[-0.22515,51.521902],[-0.225265,51.522108],[-0.225275,51.522126],[-0.225107,51.522157],[-0.224883,51.522198],[-0.224804,51.522213],[-0.224814,51.522296],[-0.224787,51.522322],[-0.225229,51.522504],[-0.225433,51.522589],[-0.225286,51.522656],[-0.225182,51.522703],[-0.224967,51.522801],[-0.224952,51.522808],[-0.224796,51.522759],[-0.224775,51.522719],[-0.224709,51.522585],[-0.224649,51.522462],[-0.224563,51.522286],[-0.224524,51.522286],[-0.224514,51.522266],[-0.224464,51.522275],[-0.224365,51.522294],[-0.224218,51.522321],[-0.224178,51.522328],[-0.22403,51.522355],[-0.223738,51.522409],[-0.223682,51.522419],[-0.223662,51.522423],[-0.223635,51.522428],[-0.223499,51.522453],[-0.223601,51.522439],[-0.223553,51.522449],[-0.223512,51.522462],[-0.223439,51.522485],[-0.22339,51.522505],[-0.2233,51.522556],[-0.223272,51.522581],[-0.223309,51.522658],[-0.22319,51.522912],[-0.223188,51.522914],[-0.223014,51.52295],[-0.22285,51.522961],[-0.222843,51.522961],[-0.222697,51.523023],[-0.222666,51.523036],[-0.222484,51.522989],[-0.222379,51.522811],[-0.222308,51.522691]]]}},{"type":"Feature","properties":{"LSOA21CD":"E01002909","LSOA21NM":"Kensington and Chelsea 003E","MEAN_PTAL_":"4","mean_AI":16.9110997491,"borough":"Kensington & Chelsea"},"geometry":{"type":"Polygon","coordinates":[[[-0.211767,51.52046],[-0.211733,51.520403],[-0.21173,51.520398],[-0.211716,51.520374],[-0.211709,51.520362],[-0.211701,51.520349],[-0.211671,51.5203],[-0.21167,51.520297],[-0.211663,51.520285],[-0.211644,51.520253],[-0.211638,51.520243],[-0.211578,51.52014],[-0.211566,51.52012],[-0.211558,51.520107],[-0.211549,51.52009],[-0.211535,51.520067],[-0.211466,51.519949],[-0.211457,51.519933],[-0.211454,51.519928],[-0.211443,51.519908],[-0.211426,51.519877],[-0.211422,51.51987],[-0.211405,51.519841],[-0.211402,51.519834],[-0.211396,51.519825],[-0.211359,51.519758],[-0.211357,51.519754],[-0.21135,51.519742],[-0.211331,51.519709],[-0.211301,51.519655],[-0.211287,51.51963],[-0.21127,51.5196],[-0.211259,51.519581],[-0.211246,51.519558],[-0.21121,51.519494],[-0.211197,51.51947],[-0.211191,51.519459],[-0.211155,51.519396],[-0.211149,51.519384],[-0.211131,51.519352],[-0.211124,51.519341],[-0.21112,51.519333],[-0.211101,51.5193],[-0.211099,51.519295],[-0.211089,51.519279],[-0.211074,51.519252],[-0.211041,51.519193],[-0.211035,51.519182],[-0.211023,51.519161],[-0.211015,51.519147],[-0.211012,51.519142],[-0.210983,51.51909],[-0.210952,51.519034],[-0.210948,51.519028],[-0.21088,51.518906],[-0.210874,51.518898],[-0.210886,51.518895],[-0.211262,51.518811],[-0.211268,51.518809],[-0.211392,51.518782],[-0.21141,51.518777],[-0.211504,51.518757],[-0.211572,51.518741],[-0.211633,51.518728],[-0.211651,51.518724],[-0.211798,51.518691],[-0.211955,51.518656],[-0.211972,51.518652],[-0.212107,51.518622],[-0.212151,51.518612],[-0.212229,51.518595],[-0.212352,51.518567],[-0.212391,51.518558],[-0.212449,51.518545],[-0.212492,51.518536],[-0.212518,51.51853],[-0.212525,51.518528],[-0.212693,51.518491],[-0.212723,51.518484],[-0.212774,51.518473],[-0.212808,51.518465],[-0.212898,51.518445],[-0.212904,51.518444],[-0.21306,51.518409],[-0.213126,51.518394],[-0.213253,51.518365],[-0.21326,51.518364],[-0.213425,51.518327],[-0.213436,51.518324],[-0.213599,51.518288],[-0.213619,51.518284],[-0.213793,51.518245],[-0.213949,51.51821],[-0.213973,51.518204],[-0.214057,51.518186],[-0.21414,51.518167],[-0.214175,51.518159],[-0.214291,51.518133],[-0.214347,51.51812],[-0.214466,51.518094],[-0.214493,51.518088],[-0.21451,51.518084],[-0.214522,51.518081],[-0.214652,51.518052],[-0.214657,51.518051],[-0.214827,51.518013],[-0.214834,51.518011],[-0.214988,51.517977],[-0.215028,51.517968],[-0.215173,51.517935],[-0.215214,51.517926],[-0.215362,51.517893],[-0.215389,51.517887],[-0.215447,51.517874],[-0.215475,51.517867],[-0.215561,51.517848],[-0.215789,51.517799],[-0.215904,51.517773],[-0.216145,51.517721],[-0.216232,51.517702],[-0.216269,51.517694],[-0.21637,51.517671],[-0.216379,51.517669],[-0.216405,51.517664],[-0.21652,51.517639],[-0.216599,51.517621],[-0.216634,51.517613],[-0.216684,51.517602],[-0.216733,51.51759],[-0.216801,51.517574],[-0.21683,51.517568],[-0.216945,51.517541],[-0.21695,51.51754],[-0.217007,51.517526],[-0.217023,51.517523],[-0.217272,51.517465],[-0.21741,51.517433],[-0.217592,51.51739],[-0.217733,51.517357],[-0.21776,51.517351],[-0.217775,51.517347],[-0.21778,51.517354],[-0.21781,51.517406],[-0.217814,51.517413],[-0.21785,51.517475],[-0.217944,51.517636],[-0.217959,51.517661],[-0.217967,51.517676],[-0.217986,51.517708],[-0.218,51.517731],[-0.218028,51.517779],[-0.21806,51.517835],[-0.218092,51.51789],[-0.218122,51.51794],[-0.218136,51.517965],[-0.218141,51.517974],[-0.21815,51.517991],[-0.21818,51.518044],[-0.218185,51.518053],[-0.218199,51.51808],[-0.218208,51.518095],[-0.218229,51.518134],[-0.218258,51.518187],[-0.218301,51.518264],[-0.218323,51.518304],[-0.218356,51.518364],[-0.218382,51.518411],[-0.218385,51.518417],[-0.218426,51.51849],[-0.218461,51.518555],[-0.218466,51.518561],[-0.218409,51.518574],[-0.218199,51.518622],[-0.217876,51.518695],[-0.217848,51.518815],[-0.217805,51.518866],[-0.217933,51.518991],[-0.217897,51.519038],[-0.21789,51.519038],[-0.217456,51.518968],[-0.217455,51.518987],[-0.217455,51.519004],[-0.217425,51.519031],[-0.217403,51.519044],[-0.217395,51.519048],[-0.217366,51.519057],[-0.217352,51.519057],[-0.217317,51.519049],[-0.217318,51.519053],[-0.217371,51.519187],[-0.217395,51.519251],[-0.217443,51.519374],[-0.217444,51.519378],[-0.217296,51.519406],[-0.21716,51.519437],[-0.217146,51.51944],[-0.217007,51.519471],[-0.216784,51.519522],[-0.216626,51.519557],[-0.216218,51.519649],[-0.216064,51.519684],[-0.216011,51.519696],[-0.215799,51.519744],[-0.215652,51.519777],[-0.215281,51.51986],[-0.215031,51.519917],[-0.214974,51.519929],[-0.214968,51.519931],[-0.214814,51.519965],[-0.214729,51.519985],[-0.21457,51.52002],[-0.214497,51.520037],[-0.214437,51.52005],[-0.214371,51.520065],[-0.214154,51.520114],[-0.21412,51.520124],[-0.214101,51.52013],[-0.214095,51.52013],[-0.21407,51.520135],[-0.214058,51.520139],[-0.213802,51.520198],[-0.213697,51.520222],[-0.213668,51.520228],[-0.213634,51.520236],[-0.213354,51.5203],[-0.212888,51.520401],[-0.212879,51.520403],[-0.212845,51.520409],[-0.212805,51.520418],[-0.212769,51.520425],[-0.212765,51.520425],[-0.212698,51.52044],[-0.212641,51.520451],[-0.21239,51.520508],[-0.21238,51.520511],[-0.212347,51.520518],[-0.212337,51.52052],[-0.212292,51.52053],[-0.211899,51.520619],[-0.211866,51.520626],[-0.211862,51.520617],[-0.211794,51.520505],[-0.211789,51.520496],[-0.211767,51.52046]]]}},{"type":"Feature","properties":{"LSOA21CD":"E01002910","LSOA21NM":"Kensington and Chelsea 019C","MEAN_PTAL_":"5","mean_AI":24.5026224396,"borough":"Kensington & Chelsea"},"geometry":{"type":"Polygon","coordinates":[[[-0.170881,51.486675],[-0.170979,51.486636],[-0.171254,51.486526],[-0.171305,51.486505],[-0.171384,51.486474],[-0.171393,51.48647],[-0.171679,51.486356],[-0.17179,51.486311],[-0.171997,51.486228],[-0.17203,51.486215],[-0.172084,51.486194],[-0.172173,51.486158],[-0.17232,51.486099],[-0.172405,51.486065],[-0.172609,51.485984],[-0.172616,51.485981],[-0.17269,51.485951],[-0.172707,51.485944],[-0.172838,51.485892],[-0.172883,51.485874],[-0.173027,51.485816],[-0.173057,51.485805],[-0.173145,51.485894],[-0.173406,51.485921],[-0.173546,51.485935],[-0.173534,51.48598],[-0.173472,51.486008],[-0.173488,51.486026],[-0.173505,51.486045],[-0.173287,51.486116],[-0.173244,51.486131],[-0.173238,51.486161],[-0.173237,51.486165],[-0.173267,51.486205],[-0.173276,51.48622],[-0.173287,51.486236],[-0.173311,51.486272],[-0.173331,51.486303],[-0.173339,51.486314],[-0.173382,51.486372],[-0.173428,51.486432],[-0.173433,51.486439],[-0.173447,51.486457],[-0.173459,51.486474],[-0.173523,51.486559],[-0.173586,51.486643],[-0.173631,51.486703],[-0.173663,51.486684],[-0.173673,51.486679],[-0.173676,51.486677],[-0.1737,51.48667],[-0.173821,51.486634],[-0.174038,51.486564],[-0.174052,51.486559],[-0.174076,51.486552],[-0.174082,51.486531],[-0.174078,51.486528],[-0.173955,51.486456],[-0.173947,51.486451],[-0.173882,51.486377],[-0.173881,51.486374],[-0.173876,51.48634],[-0.17388,51.486339],[-0.174015,51.486292],[-0.174018,51.486289],[-0.174033,51.486273],[-0.174042,51.486271],[-0.174131,51.486249],[-0.174142,51.486242],[-0.174146,51.486242],[-0.174152,51.486242],[-0.174235,51.486238],[-0.174306,51.486202],[-0.174333,51.486189],[-0.174344,51.486188],[-0.174366,51.486186],[-0.17442,51.486143],[-0.174424,51.486142],[-0.174505,51.486109],[-0.174523,51.486108],[-0.174558,51.486104],[-0.174562,51.486102],[-0.1746,51.486079],[-0.174651,51.486067],[-0.174661,51.486067],[-0.174785,51.486033],[-0.174793,51.486024],[-0.174821,51.485992],[-0.174827,51.485989],[-0.174901,51.485956],[-0.174985,51.485947],[-0.175082,51.485895],[-0.17509,51.485884],[-0.175096,51.485876],[-0.175101,51.485874],[-0.175186,51.485844],[-0.17519,51.485845],[-0.175301,51.485886],[-0.175308,51.485891],[-0.17533,51.485906],[-0.175353,51.485936],[-0.17537,51.485959],[-0.175381,51.485974],[-0.175466,51.486087],[-0.175475,51.486099],[-0.175498,51.48613],[-0.175676,51.486366],[-0.175755,51.48634],[-0.176058,51.486242],[-0.17606,51.486239],[-0.176076,51.486236],[-0.176095,51.48623],[-0.176098,51.486233],[-0.176168,51.486311],[-0.176346,51.486487],[-0.176375,51.486487],[-0.176429,51.486538],[-0.176432,51.48654],[-0.176534,51.4865],[-0.17679,51.4864],[-0.176826,51.486387],[-0.176893,51.486431],[-0.177006,51.486505],[-0.177008,51.486515],[-0.177106,51.486587],[-0.17711,51.48659],[-0.177111,51.486593],[-0.177162,51.486672],[-0.177168,51.486673],[-0.177233,51.486699],[-0.17724,51.486702],[-0.177366,51.486791],[-0.177375,51.486829],[-0.177376,51.486834],[-0.177098,51.486999],[-0.177093,51.487002],[-0.17713,51.487039],[-0.177158,51.487066],[-0.177234,51.48712],[-0.177258,51.487137],[-0.177294,51.487162],[-0.177424,51.487255],[-0.177437,51.487264],[-0.177534,51.487333],[-0.177581,51.487367],[-0.177647,51.487413],[-0.177684,51.487439],[-0.177778,51.487486],[-0.177784,51.487511],[-0.177788,51.487514],[-0.177831,51.487544],[-0.177973,51.487644],[-0.178112,51.487744],[-0.178097,51.487753],[-0.178081,51.487763],[-0.178069,51.487771],[-0.17799,51.487823],[-0.177977,51.487831],[-0.177959,51.487842],[-0.17791,51.487874],[-0.177844,51.487917],[-0.177779,51.487959],[-0.177711,51.488003],[-0.177656,51.488039],[-0.177585,51.488085],[-0.177579,51.488089],[-0.177522,51.488126],[-0.177516,51.48813],[-0.177505,51.488137],[-0.177447,51.488175],[-0.177387,51.488213],[-0.177311,51.488263],[-0.177305,51.488267],[-0.177234,51.488313],[-0.177161,51.48836],[-0.177073,51.488417],[-0.176944,51.488501],[-0.176885,51.488539],[-0.176871,51.488548],[-0.17671,51.488653],[-0.176696,51.488662],[-0.176562,51.488752],[-0.176524,51.488778],[-0.176459,51.488823],[-0.176453,51.488826],[-0.176446,51.488831],[-0.17643,51.488842],[-0.176354,51.488894],[-0.176332,51.488908],[-0.176318,51.488918],[-0.176295,51.488933],[-0.17629,51.488937],[-0.176267,51.488952],[-0.1762,51.488997],[-0.176182,51.48901],[-0.176161,51.489023],[-0.17613,51.489045],[-0.17612,51.489051],[-0.17608,51.489078],[-0.176066,51.489088],[-0.176036,51.489108],[-0.176029,51.489113],[-0.176019,51.48912],[-0.176014,51.489123],[-0.176004,51.48913],[-0.175986,51.489142],[-0.175979,51.489147],[-0.175957,51.489162],[-0.17592,51.489187],[-0.175911,51.489193],[-0.175881,51.489214],[-0.17585,51.489234],[-0.175759,51.489296],[-0.175699,51.489336],[-0.175693,51.48934],[-0.175683,51.489347],[-0.175657,51.489365],[-0.175639,51.489377],[-0.175519,51.489457],[-0.175511,51.489462],[-0.175493,51.489473],[-0.175459,51.489496],[-0.175432,51.489514],[-0.175356,51.489564],[-0.175353,51.489566],[-0.175302,51.489601],[-0.17526,51.489628],[-0.175246,51.489637],[-0.175214,51.489659],[-0.175207,51.489664],[-0.175087,51.489743],[-0.175061,51.48976],[-0.175009,51.489795],[-0.174982,51.489813],[-0.174961,51.489826],[-0.174811,51.489926],[-0.174775,51.48995],[-0.174673,51.490017],[-0.174558,51.490094],[-0.174546,51.490102],[-0.174486,51.490141],[-0.174126,51.49038],[-0.174059,51.490425],[-0.173901,51.490529],[-0.173895,51.490533],[-0.173739,51.490637],[-0.173735,51.490634],[-0.173433,51.490399],[-0.173324,51.490313],[-0.173301,51.490295],[-0.173119,51.490152],[-0.17298,51.490042],[-0.172882,51.489965],[-0.172926,51.489946],[-0.172931,51.489944],[-0.173014,51.489909],[-0.173131,51.48986],[-0.173153,51.489851],[-0.173287,51.489794],[-0.173383,51.489754],[-0.173388,51.489752],[-0.173434,51.489743],[-0.173427,51.489735],[-0.173438,51.489731],[-0.173314,51.489588],[-0.173284,51.489554],[-0.173232,51.489494],[-0.173214,51.489473],[-0.173196,51.489454],[-0.173172,51.489426],[-0.173149,51.489401],[-0.173046,51.489285],[-0.173026,51.489262],[-0.172984,51.489215],[-0.172936,51.489161],[-0.172875,51.489092],[-0.172814,51.489024],[-0.172786,51.488993],[-0.172753,51.488955],[-0.172708,51.488905],[-0.172686,51.488881],[-0.172628,51.488816],[-0.172537,51.488714],[-0.172511,51.488684],[-0.172451,51.488617],[-0.172328,51.488479],[-0.172299,51.488446],[-0.17221,51.488346],[-0.172184,51.488317],[-0.172074,51.488199],[-0.172015,51.488131],[-0.172001,51.488115],[-0.17191,51.488012],[-0.171806,51.487893],[-0.171728,51.487804],[-0.17167,51.487738],[-0.171585,51.48764],[-0.171395,51.487423],[-0.171379,51.487405],[-0.171377,51.487403],[-0.171339,51.487359],[-0.1713,51.487314],[-0.17109,51.487075],[-0.170923,51.486884],[-0.170777,51.486717],[-0.170805,51.486705],[-0.170833,51.486694],[-0.170869,51.48668],[-0.170881,51.486675]]]}},{"type":"Feature","properties":{"LSOA21CD":"E01002911","LSOA21NM":"Kensington and Chelsea 019D","MEAN_PTAL_":"4","mean_AI":19.3336974859,"borough":"Kensington & Chelsea"},"geometry":{"type":"Polygon","coordinates":[[[-0.176893,51.486431],[-0.176826,51.486387],[-0.17679,51.4864],[-0.176534,51.4865],[-0.176432,51.48654],[-0.176429,51.486538],[-0.176375,51.486487],[-0.176346,51.486487],[-0.176168,51.486311],[-0.176098,51.486233],[-0.176095,51.48623],[-0.176076,51.486236],[-0.17606,51.486239],[-0.176058,51.486242],[-0.175755,51.48634],[-0.175676,51.486366],[-0.175498,51.48613],[-0.175475,51.486099],[-0.175466,51.486087],[-0.175381,51.485974],[-0.17537,51.485959],[-0.175353,51.485936],[-0.17533,51.485906],[-0.175308,51.485891],[-0.175301,51.485886],[-0.17519,51.485845],[-0.175186,51.485844],[-0.175101,51.485874],[-0.175096,51.485876],[-0.17509,51.485884],[-0.175082,51.485895],[-0.174985,51.485947],[-0.174901,51.485956],[-0.174827,51.485989],[-0.174821,51.485992],[-0.174793,51.486024],[-0.174785,51.486033],[-0.174661,51.486067],[-0.174651,51.486067],[-0.1746,51.486079],[-0.174562,51.486102],[-0.174558,51.486104],[-0.174523,51.486108],[-0.174505,51.486109],[-0.174424,51.486142],[-0.17442,51.486143],[-0.174366,51.486186],[-0.174344,51.486188],[-0.174333,51.486189],[-0.174306,51.486202],[-0.174235,51.486238],[-0.174152,51.486242],[-0.174146,51.486242],[-0.174142,51.486242],[-0.174131,51.486249],[-0.174042,51.486271],[-0.174033,51.486273],[-0.174018,51.486289],[-0.174015,51.486292],[-0.17388,51.486339],[-0.173876,51.48634],[-0.173881,51.486374],[-0.173882,51.486377],[-0.173947,51.486451],[-0.173955,51.486456],[-0.174078,51.486528],[-0.174082,51.486531],[-0.174076,51.486552],[-0.174052,51.486559],[-0.174038,51.486564],[-0.173821,51.486634],[-0.1737,51.48667],[-0.173676,51.486677],[-0.173673,51.486679],[-0.173663,51.486684],[-0.173631,51.486703],[-0.173586,51.486643],[-0.173523,51.486559],[-0.173459,51.486474],[-0.173447,51.486457],[-0.173433,51.486439],[-0.173428,51.486432],[-0.173382,51.486372],[-0.173339,51.486314],[-0.173331,51.486303],[-0.173311,51.486272],[-0.173287,51.486236],[-0.173276,51.48622],[-0.173267,51.486205],[-0.173237,51.486165],[-0.173238,51.486161],[-0.173244,51.486131],[-0.173287,51.486116],[-0.173505,51.486045],[-0.173488,51.486026],[-0.173472,51.486008],[-0.173534,51.48598],[-0.173546,51.485935],[-0.173406,51.485921],[-0.173145,51.485894],[-0.173057,51.485805],[-0.173075,51.485797],[-0.173128,51.485775],[-0.173184,51.485751],[-0.173195,51.485746],[-0.173241,51.485727],[-0.173311,51.485698],[-0.173324,51.485692],[-0.173359,51.485677],[-0.173376,51.48567],[-0.173408,51.485656],[-0.17345,51.485638],[-0.173454,51.485637],[-0.173472,51.485629],[-0.17353,51.485604],[-0.173592,51.485578],[-0.173608,51.485571],[-0.173625,51.485564],[-0.173695,51.485534],[-0.173706,51.485529],[-0.17371,51.485527],[-0.173746,51.48551],[-0.173776,51.485496],[-0.173789,51.48549],[-0.173797,51.485486],[-0.173893,51.48544],[-0.173932,51.485421],[-0.173971,51.485401],[-0.174003,51.485384],[-0.174058,51.485355],[-0.174076,51.485345],[-0.174149,51.485307],[-0.174177,51.485294],[-0.174405,51.485185],[-0.174452,51.485163],[-0.174486,51.485146],[-0.174493,51.485143],[-0.174532,51.485124],[-0.174619,51.485083],[-0.174679,51.485054],[-0.174721,51.485034],[-0.17482,51.484987],[-0.17487,51.484963],[-0.174937,51.484931],[-0.174965,51.484917],[-0.174976,51.484911],[-0.175039,51.484878],[-0.175143,51.484825],[-0.175161,51.484815],[-0.175166,51.484813],[-0.175191,51.4848],[-0.175364,51.484711],[-0.175382,51.484701],[-0.17545,51.484666],[-0.175503,51.484641],[-0.175509,51.484638],[-0.175532,51.484627],[-0.175759,51.484517],[-0.175768,51.484513],[-0.17578,51.484507],[-0.175793,51.484501],[-0.176069,51.484367],[-0.176083,51.484361],[-0.176095,51.484355],[-0.17611,51.484348],[-0.176128,51.484339],[-0.176135,51.484335],[-0.176257,51.484276],[-0.176267,51.484272],[-0.176328,51.484242],[-0.176436,51.48419],[-0.176496,51.484161],[-0.176606,51.484108],[-0.176641,51.484091],[-0.176693,51.484066],[-0.17675,51.484038],[-0.176773,51.484027],[-0.176832,51.483999],[-0.176893,51.48397],[-0.176943,51.483946],[-0.176999,51.483918],[-0.177016,51.48391],[-0.17708,51.483879],[-0.177091,51.483874],[-0.177105,51.483867],[-0.177123,51.483858],[-0.177117,51.483849],[-0.17708,51.483795],[-0.176988,51.48366],[-0.176982,51.483651],[-0.17698,51.483647],[-0.17695,51.48358],[-0.176948,51.483575],[-0.176946,51.483571],[-0.176938,51.483553],[-0.176937,51.483543],[-0.176933,51.483501],[-0.176935,51.483493],[-0.176936,51.483472],[-0.176937,51.483461],[-0.17694,51.483451],[-0.176941,51.483444],[-0.176942,51.483441],[-0.176944,51.483436],[-0.176965,51.483385],[-0.176976,51.483359],[-0.177016,51.483342],[-0.17704,51.483331],[-0.177085,51.483312],[-0.177116,51.483298],[-0.177125,51.483294],[-0.177159,51.48328],[-0.177217,51.483254],[-0.177287,51.483224],[-0.177311,51.483213],[-0.177383,51.483182],[-0.177405,51.483172],[-0.177486,51.483137],[-0.177491,51.483135],[-0.177495,51.483133],[-0.177574,51.483099],[-0.177602,51.483086],[-0.177629,51.483075],[-0.17765,51.483066],[-0.177728,51.483031],[-0.177732,51.48303],[-0.177759,51.483018],[-0.177788,51.483005],[-0.177804,51.482998],[-0.177809,51.482996],[-0.177882,51.482965],[-0.177891,51.48296],[-0.177896,51.482958],[-0.177957,51.482932],[-0.178024,51.482903],[-0.17804,51.482896],[-0.178101,51.482869],[-0.178125,51.482859],[-0.17815,51.482848],[-0.178196,51.482828],[-0.178225,51.482815],[-0.178236,51.48281],[-0.178258,51.482801],[-0.178263,51.482799],[-0.178273,51.482794],[-0.178317,51.482775],[-0.178331,51.482769],[-0.178349,51.482761],[-0.178389,51.482744],[-0.178413,51.482733],[-0.178431,51.482725],[-0.178456,51.482715],[-0.178475,51.482706],[-0.178528,51.482683],[-0.17854,51.482678],[-0.178565,51.482667],[-0.178594,51.482654],[-0.1786,51.482652],[-0.178609,51.482648],[-0.178622,51.482642],[-0.178683,51.482615],[-0.178693,51.482611],[-0.178722,51.482599],[-0.178728,51.482596],[-0.178742,51.48259],[-0.178756,51.482584],[-0.178787,51.48257],[-0.178806,51.482562],[-0.178924,51.482511],[-0.178933,51.482506],[-0.178943,51.482502],[-0.179029,51.482472],[-0.179095,51.482448],[-0.179112,51.482442],[-0.17912,51.48244],[-0.179157,51.482426],[-0.179228,51.482397],[-0.179289,51.482371],[-0.179303,51.482364],[-0.179398,51.482317],[-0.179436,51.482299],[-0.179452,51.482315],[-0.179524,51.482382],[-0.17955,51.482407],[-0.179619,51.482471],[-0.179666,51.482515],[-0.179668,51.482507],[-0.179674,51.482459],[-0.179737,51.482435],[-0.179809,51.482418],[-0.179932,51.482407],[-0.179965,51.482409],[-0.179976,51.482401],[-0.180047,51.48235],[-0.180097,51.482328],[-0.180276,51.482318],[-0.180369,51.482327],[-0.180461,51.482336],[-0.180457,51.48227],[-0.18045,51.482246],[-0.180448,51.48224],[-0.180457,51.482231],[-0.180464,51.482238],[-0.180469,51.482243],[-0.180561,51.482332],[-0.180587,51.482354],[-0.180599,51.482365],[-0.180658,51.482415],[-0.180664,51.48242],[-0.180667,51.482424],[-0.180715,51.482471],[-0.180721,51.482478],[-0.18084,51.482596],[-0.180864,51.48262],[-0.18091,51.482665],[-0.180924,51.482679],[-0.180933,51.482688],[-0.180973,51.482728],[-0.18099,51.482745],[-0.181015,51.48277],[-0.181029,51.482783],[-0.181048,51.482802],[-0.181084,51.482838],[-0.181095,51.482849],[-0.181165,51.482919],[-0.18118,51.482934],[-0.18123,51.482984],[-0.181284,51.483037],[-0.181368,51.483121],[-0.181396,51.483149],[-0.181402,51.483155],[-0.181396,51.483159],[-0.181267,51.483144],[-0.181228,51.483098],[-0.180852,51.483094],[-0.180822,51.483093],[-0.180813,51.483093],[-0.180562,51.483363],[-0.180566,51.483373],[-0.18056,51.48338],[-0.180552,51.483388],[-0.180544,51.483395],[-0.18048,51.483438],[-0.180462,51.48345],[-0.180422,51.483471],[-0.180394,51.483486],[-0.180388,51.483488],[-0.180111,51.483425],[-0.179966,51.483389],[-0.17992,51.48345],[-0.17991,51.483462],[-0.179814,51.483513],[-0.179567,51.483544],[-0.179561,51.483545],[-0.179561,51.483558],[-0.179562,51.483562],[-0.179524,51.483589],[-0.179425,51.483679],[-0.179419,51.483684],[-0.179344,51.48371],[-0.179337,51.483713],[-0.179296,51.483717],[-0.179189,51.483699],[-0.179182,51.483698],[-0.179138,51.483777],[-0.179132,51.483788],[-0.179129,51.483793],[-0.179103,51.483804],[-0.179118,51.483838],[-0.179195,51.484014],[-0.17907,51.484064],[-0.179075,51.484086],[-0.179078,51.484093],[-0.179065,51.484099],[-0.179079,51.484114],[-0.179049,51.484125],[-0.179031,51.484106],[-0.178985,51.484058],[-0.178958,51.48403],[-0.178935,51.484006],[-0.178882,51.48395],[-0.178848,51.483914],[-0.178828,51.483893],[-0.17878,51.483843],[-0.178772,51.483834],[-0.178712,51.483771],[-0.178708,51.483767],[-0.178697,51.483756],[-0.178671,51.483728],[-0.178656,51.483712],[-0.178628,51.483683],[-0.178601,51.483654],[-0.178591,51.483644],[-0.178578,51.483632],[-0.178568,51.483628],[-0.178528,51.483634],[-0.178501,51.483635],[-0.178334,51.48364],[-0.178323,51.483641],[-0.178271,51.483658],[-0.178262,51.483661],[-0.178204,51.483706],[-0.1782,51.483711],[-0.178189,51.483727],[-0.178184,51.483734],[-0.178164,51.483825],[-0.178156,51.48384],[-0.178154,51.483845],[-0.178148,51.483852],[-0.178097,51.483921],[-0.178092,51.483927],[-0.177744,51.483895],[-0.177736,51.483894],[-0.177686,51.483912],[-0.177682,51.483914],[-0.177622,51.484033],[-0.177619,51.48404],[-0.177582,51.484048],[-0.177537,51.484054],[-0.177579,51.484085],[-0.177651,51.48414],[-0.177658,51.484146],[-0.177719,51.484191],[-0.177777,51.484235],[-0.177824,51.48427],[-0.177853,51.484292],[-0.177882,51.484314],[-0.177906,51.484333],[-0.177999,51.484403],[-0.178032,51.484427],[-0.178067,51.484454],[-0.178099,51.484478],[-0.178142,51.484511],[-0.178178,51.484538],[-0.178253,51.484595],[-0.178428,51.484727],[-0.178574,51.484837],[-0.178452,51.484894],[-0.178283,51.484973],[-0.178236,51.484994],[-0.178209,51.485007],[-0.1782,51.485011],[-0.178264,51.485033],[-0.178331,51.485073],[-0.1783,51.485092],[-0.178273,51.485109],[-0.178369,51.485391],[-0.178372,51.4854],[-0.178387,51.485395],[-0.178471,51.485367],[-0.178502,51.485357],[-0.178513,51.485346],[-0.178636,51.485221],[-0.178731,51.485307],[-0.178735,51.48531],[-0.178789,51.485413],[-0.17879,51.48542],[-0.178808,51.485519],[-0.17881,51.485525],[-0.178857,51.485525],[-0.178897,51.485525],[-0.178971,51.485551],[-0.179045,51.485557],[-0.179125,51.485574],[-0.17917,51.485583],[-0.179198,51.485602],[-0.179206,51.485608],[-0.17925,51.485693],[-0.179252,51.485706],[-0.179253,51.485715],[-0.179236,51.485797],[-0.179235,51.485803],[-0.179093,51.485775],[-0.179071,51.48577],[-0.178959,51.485785],[-0.17895,51.485786],[-0.178885,51.485814],[-0.178877,51.485818],[-0.178787,51.485909],[-0.178751,51.485903],[-0.17887,51.485989],[-0.178874,51.485993],[-0.178879,51.485996],[-0.178888,51.486002],[-0.178996,51.48608],[-0.179053,51.486121],[-0.179233,51.486251],[-0.179273,51.486225],[-0.17929,51.486205],[-0.179301,51.486147],[-0.179256,51.48602],[-0.179322,51.485943],[-0.179347,51.485916],[-0.179357,51.485919],[-0.179401,51.485934],[-0.179414,51.485941],[-0.179553,51.486012],[-0.179555,51.486016],[-0.179583,51.486056],[-0.179693,51.486108],[-0.179706,51.486159],[-0.179737,51.48621],[-0.179805,51.486249],[-0.17983,51.486258],[-0.179829,51.486261],[-0.179826,51.486266],[-0.179724,51.486347],[-0.179596,51.486343],[-0.179555,51.486347],[-0.179539,51.486348],[-0.179531,51.486354],[-0.179479,51.486393],[-0.179468,51.486394],[-0.179431,51.486395],[-0.179448,51.486407],[-0.179457,51.486413],[-0.179504,51.486445],[-0.179552,51.486478],[-0.179756,51.486618],[-0.179753,51.486621],[-0.179646,51.48669],[-0.179579,51.486733],[-0.179558,51.48675],[-0.179505,51.486794],[-0.179547,51.486813],[-0.179559,51.486821],[-0.17943,51.4869],[-0.179411,51.486911],[-0.179353,51.486947],[-0.179214,51.487033],[-0.179173,51.487058],[-0.1791,51.487102],[-0.179,51.487167],[-0.178967,51.487189],[-0.17896,51.487193],[-0.178914,51.487223],[-0.178861,51.487257],[-0.178856,51.487261],[-0.178606,51.487423],[-0.178546,51.487462],[-0.178543,51.487464],[-0.178441,51.48753],[-0.178437,51.487532],[-0.178324,51.487606],[-0.178308,51.487616],[-0.178229,51.487667],[-0.178211,51.487679],[-0.178181,51.487698],[-0.178112,51.487744],[-0.177973,51.487644],[-0.177831,51.487544],[-0.177788,51.487514],[-0.177784,51.487511],[-0.177778,51.487486],[-0.177684,51.487439],[-0.177647,51.487413],[-0.177581,51.487367],[-0.177534,51.487333],[-0.177437,51.487264],[-0.177424,51.487255],[-0.177294,51.487162],[-0.177258,51.487137],[-0.177234,51.48712],[-0.177158,51.487066],[-0.17713,51.487039],[-0.177093,51.487002],[-0.177098,51.486999],[-0.177376,51.486834],[-0.177375,51.486829],[-0.177366,51.486791],[-0.17724,51.486702],[-0.177233,51.486699],[-0.177168,51.486673],[-0.177162,51.486672],[-0.177111,51.486593],[-0.17711,51.48659],[-0.177106,51.486587],[-0.177008,51.486515],[-0.177006,51.486505],[-0.176893,51.486431]]]}},{"type":"Feature","properties":{"LSOA21CD":"E01002912","LSOA21NM":"Kensington and Chelsea 020E","MEAN_PTAL_":"4","mean_AI":16.132475219,"borough":"Kensington & Chelsea"},"geometry":{"type":"Polygon","coordinates":[[[-0.179555,51.486347],[-0.179596,51.486343],[-0.179724,51.486347],[-0.179826,51.486266],[-0.179829,51.486261],[-0.17983,51.486258],[-0.179805,51.486249],[-0.179737,51.48621],[-0.179706,51.486159],[-0.179693,51.486108],[-0.179583,51.486056],[-0.179555,51.486016],[-0.179553,51.486012],[-0.179414,51.485941],[-0.179401,51.485934],[-0.179357,51.485919],[-0.179347,51.485916],[-0.179322,51.485943],[-0.179256,51.48602],[-0.179301,51.486147],[-0.17929,51.486205],[-0.179273,51.486225],[-0.179233,51.486251],[-0.179053,51.486121],[-0.178996,51.48608],[-0.178888,51.486002],[-0.178879,51.485996],[-0.178874,51.485993],[-0.17887,51.485989],[-0.178751,51.485903],[-0.178787,51.485909],[-0.178877,51.485818],[-0.178885,51.485814],[-0.17895,51.485786],[-0.178959,51.485785],[-0.179071,51.48577],[-0.179093,51.485775],[-0.179235,51.485803],[-0.179236,51.485797],[-0.179253,51.485715],[-0.179252,51.485706],[-0.17925,51.485693],[-0.179206,51.485608],[-0.179198,51.485602],[-0.17917,51.485583],[-0.179125,51.485574],[-0.179045,51.485557],[-0.178971,51.485551],[-0.178897,51.485525],[-0.178857,51.485525],[-0.17881,51.485525],[-0.178808,51.485519],[-0.17879,51.48542],[-0.178789,51.485413],[-0.178735,51.48531],[-0.178731,51.485307],[-0.178636,51.485221],[-0.178513,51.485346],[-0.178502,51.485357],[-0.178471,51.485367],[-0.178387,51.485395],[-0.178372,51.4854],[-0.178369,51.485391],[-0.178273,51.485109],[-0.1783,51.485092],[-0.178331,51.485073],[-0.178264,51.485033],[-0.1782,51.485011],[-0.178209,51.485007],[-0.178236,51.484994],[-0.178283,51.484973],[-0.178452,51.484894],[-0.178574,51.484837],[-0.178428,51.484727],[-0.178253,51.484595],[-0.178178,51.484538],[-0.178142,51.484511],[-0.178099,51.484478],[-0.178067,51.484454],[-0.178032,51.484427],[-0.177999,51.484403],[-0.177906,51.484333],[-0.177882,51.484314],[-0.177853,51.484292],[-0.177824,51.48427],[-0.177777,51.484235],[-0.177719,51.484191],[-0.177658,51.484146],[-0.177651,51.48414],[-0.177579,51.484085],[-0.177537,51.484054],[-0.177582,51.484048],[-0.177619,51.48404],[-0.177622,51.484033],[-0.177682,51.483914],[-0.177686,51.483912],[-0.177736,51.483894],[-0.177744,51.483895],[-0.178092,51.483927],[-0.178097,51.483921],[-0.178148,51.483852],[-0.178154,51.483845],[-0.178156,51.48384],[-0.178164,51.483825],[-0.178184,51.483734],[-0.178189,51.483727],[-0.1782,51.483711],[-0.178204,51.483706],[-0.178262,51.483661],[-0.178271,51.483658],[-0.178323,51.483641],[-0.178334,51.48364],[-0.178501,51.483635],[-0.178528,51.483634],[-0.178568,51.483628],[-0.178578,51.483632],[-0.178591,51.483644],[-0.178601,51.483654],[-0.178628,51.483683],[-0.178656,51.483712],[-0.178671,51.483728],[-0.178697,51.483756],[-0.178708,51.483767],[-0.178712,51.483771],[-0.178772,51.483834],[-0.17878,51.483843],[-0.178828,51.483893],[-0.178848,51.483914],[-0.178882,51.48395],[-0.178935,51.484006],[-0.178958,51.48403],[-0.178985,51.484058],[-0.179031,51.484106],[-0.179049,51.484125],[-0.179079,51.484114],[-0.179065,51.484099],[-0.179078,51.484093],[-0.179075,51.484086],[-0.17907,51.484064],[-0.179195,51.484014],[-0.179118,51.483838],[-0.179103,51.483804],[-0.179129,51.483793],[-0.179132,51.483788],[-0.179138,51.483777],[-0.179182,51.483698],[-0.179189,51.483699],[-0.179296,51.483717],[-0.179337,51.483713],[-0.179344,51.48371],[-0.179419,51.483684],[-0.179425,51.483679],[-0.179524,51.483589],[-0.179562,51.483562],[-0.179561,51.483558],[-0.179561,51.483545],[-0.179567,51.483544],[-0.179814,51.483513],[-0.17991,51.483462],[-0.17992,51.48345],[-0.179966,51.483389],[-0.180111,51.483425],[-0.180388,51.483488],[-0.180394,51.483486],[-0.180422,51.483471],[-0.180462,51.48345],[-0.18048,51.483438],[-0.180544,51.483395],[-0.180552,51.483388],[-0.18056,51.48338],[-0.180566,51.483373],[-0.180562,51.483363],[-0.180813,51.483093],[-0.180822,51.483093],[-0.180852,51.483094],[-0.181228,51.483098],[-0.181267,51.483144],[-0.181396,51.483159],[-0.181402,51.483155],[-0.18142,51.483173],[-0.181436,51.483167],[-0.181579,51.483111],[-0.18157,51.483098],[-0.181545,51.483063],[-0.181539,51.483054],[-0.18152,51.483028],[-0.181603,51.482978],[-0.181627,51.483002],[-0.181646,51.482995],[-0.181646,51.482997],[-0.181668,51.483003],[-0.181712,51.483016],[-0.181753,51.483045],[-0.181767,51.483078],[-0.181768,51.483081],[-0.181789,51.483088],[-0.181824,51.483126],[-0.18183,51.483132],[-0.181832,51.483183],[-0.18182,51.483206],[-0.181856,51.483223],[-0.181859,51.483226],[-0.181886,51.48325],[-0.181891,51.483254],[-0.181944,51.483346],[-0.182036,51.483506],[-0.18208,51.483433],[-0.182138,51.483336],[-0.182125,51.48318],[-0.182124,51.483171],[-0.182137,51.483123],[-0.182145,51.483123],[-0.182185,51.483126],[-0.182247,51.483147],[-0.182413,51.483204],[-0.18242,51.483219],[-0.182422,51.483222],[-0.182473,51.483254],[-0.182476,51.483292],[-0.182481,51.483295],[-0.182606,51.483358],[-0.182605,51.483377],[-0.182609,51.483378],[-0.182779,51.483427],[-0.182782,51.483435],[-0.182831,51.483451],[-0.182874,51.483517],[-0.182882,51.48353],[-0.182871,51.483592],[-0.183013,51.483616],[-0.183071,51.483711],[-0.183089,51.483739],[-0.183074,51.483787],[-0.183084,51.483794],[-0.183163,51.483861],[-0.183185,51.48388],[-0.183186,51.483888],[-0.183256,51.483983],[-0.183258,51.483985],[-0.18327,51.483994],[-0.183295,51.484024],[-0.183477,51.484008],[-0.183646,51.483992],[-0.183672,51.483989],[-0.183678,51.483985],[-0.183747,51.483911],[-0.183797,51.483885],[-0.18379,51.483878],[-0.183729,51.483817],[-0.18372,51.483818],[-0.183596,51.483695],[-0.18355,51.48365],[-0.183517,51.483617],[-0.183479,51.483579],[-0.183464,51.483565],[-0.18344,51.483542],[-0.183418,51.48352],[-0.183301,51.483404],[-0.183224,51.483329],[-0.183071,51.483178],[-0.18306,51.483167],[-0.183071,51.48316],[-0.183387,51.482952],[-0.183406,51.482939],[-0.183506,51.483026],[-0.183612,51.483123],[-0.183613,51.483154],[-0.183639,51.483163],[-0.183727,51.483208],[-0.183759,51.483243],[-0.183771,51.483254],[-0.183822,51.483283],[-0.183884,51.483332],[-0.18391,51.483387],[-0.183947,51.483388],[-0.184006,51.48339],[-0.18417,51.483435],[-0.184384,51.483346],[-0.184434,51.483318],[-0.184424,51.483308],[-0.184364,51.483246],[-0.184359,51.483236],[-0.18435,51.483222],[-0.184537,51.48315],[-0.184569,51.483105],[-0.18463,51.483019],[-0.184939,51.483093],[-0.185018,51.483112],[-0.185027,51.483114],[-0.185036,51.483117],[-0.185071,51.48311],[-0.185078,51.48309],[-0.185102,51.483013],[-0.18511,51.483011],[-0.185122,51.483007],[-0.185411,51.482911],[-0.185414,51.482908],[-0.185423,51.482905],[-0.18573,51.482788],[-0.185963,51.482699],[-0.185857,51.482668],[-0.185562,51.482625],[-0.185501,51.482617],[-0.185497,51.482615],[-0.185399,51.482563],[-0.185387,51.482556],[-0.185308,51.482486],[-0.185165,51.48246],[-0.185158,51.482444],[-0.185136,51.482397],[-0.185122,51.482368],[-0.185119,51.482367],[-0.185036,51.482327],[-0.18502,51.48232],[-0.184963,51.482294],[-0.184958,51.482288],[-0.184957,51.482276],[-0.184956,51.482272],[-0.184869,51.482203],[-0.184841,51.48218],[-0.184828,51.48217],[-0.184835,51.482135],[-0.1847,51.482006],[-0.184715,51.482001],[-0.1849,51.481936],[-0.184861,51.481904],[-0.1849,51.481887],[-0.184913,51.481882],[-0.184856,51.481833],[-0.184814,51.481796],[-0.184803,51.481787],[-0.184748,51.48174],[-0.184709,51.481706],[-0.184653,51.481657],[-0.184626,51.481634],[-0.184551,51.481569],[-0.184486,51.481512],[-0.184388,51.481428],[-0.184199,51.481513],[-0.184192,51.481516],[-0.184159,51.481531],[-0.184096,51.481471],[-0.184083,51.481459],[-0.183966,51.481348],[-0.183996,51.481341],[-0.184059,51.481328],[-0.184106,51.481342],[-0.184346,51.48131],[-0.184628,51.481274],[-0.18466,51.481301],[-0.184768,51.481393],[-0.184792,51.481413],[-0.184956,51.481552],[-0.185103,51.481677],[-0.185107,51.481681],[-0.185366,51.481901],[-0.185402,51.481932],[-0.18552,51.482032],[-0.185551,51.482058],[-0.185561,51.482067],[-0.185786,51.482257],[-0.185973,51.482416],[-0.185982,51.482424],[-0.186083,51.482508],[-0.186331,51.482715],[-0.186335,51.482719],[-0.186339,51.482715],[-0.186409,51.482719],[-0.186313,51.482795],[-0.186306,51.482799],[-0.18619,51.482883],[-0.186157,51.482907],[-0.186116,51.482934],[-0.186075,51.482962],[-0.186036,51.482987],[-0.185978,51.483026],[-0.185918,51.483062],[-0.185813,51.483125],[-0.185802,51.483132],[-0.185756,51.483159],[-0.185744,51.483166],[-0.185644,51.483232],[-0.185618,51.483248],[-0.185603,51.483258],[-0.185494,51.48333],[-0.185451,51.483358],[-0.185441,51.483364],[-0.185438,51.483366],[-0.185415,51.483381],[-0.185378,51.483406],[-0.185278,51.483471],[-0.185272,51.483475],[-0.185228,51.483504],[-0.185159,51.483549],[-0.185052,51.483618],[-0.185,51.483652],[-0.184982,51.483664],[-0.184885,51.483728],[-0.184854,51.483748],[-0.18474,51.483822],[-0.184735,51.483825],[-0.184717,51.483838],[-0.184692,51.483854],[-0.184676,51.483864],[-0.184669,51.483869],[-0.184626,51.483897],[-0.184619,51.483901],[-0.184565,51.483937],[-0.184544,51.48395],[-0.184535,51.483956],[-0.184519,51.483967],[-0.18445,51.484012],[-0.184406,51.484041],[-0.184382,51.484056],[-0.18435,51.484077],[-0.184342,51.484083],[-0.184303,51.484108],[-0.184291,51.484116],[-0.18428,51.484123],[-0.184273,51.484128],[-0.184267,51.484132],[-0.184133,51.484219],[-0.184089,51.484248],[-0.184078,51.484255],[-0.184075,51.484257],[-0.184061,51.484265],[-0.18405,51.484272],[-0.184045,51.484275],[-0.183979,51.484315],[-0.18394,51.484339],[-0.183921,51.48435],[-0.18387,51.484378],[-0.183797,51.484419],[-0.183761,51.484439],[-0.183752,51.484443],[-0.183718,51.48446],[-0.183704,51.484467],[-0.183625,51.484507],[-0.183599,51.48452],[-0.183584,51.484527],[-0.183507,51.484562],[-0.183383,51.484619],[-0.183365,51.484624],[-0.183197,51.48472],[-0.182665,51.485013],[-0.182506,51.485101],[-0.182495,51.485107],[-0.182367,51.485178],[-0.182269,51.485232],[-0.182173,51.485285],[-0.182067,51.485343],[-0.182053,51.485351],[-0.181999,51.485381],[-0.181965,51.4854],[-0.181952,51.485407],[-0.181856,51.48546],[-0.181837,51.48547],[-0.18164,51.485576],[-0.181627,51.485583],[-0.181488,51.485659],[-0.181388,51.485712],[-0.181339,51.485739],[-0.181322,51.485748],[-0.181304,51.485758],[-0.181296,51.485763],[-0.181213,51.485812],[-0.181161,51.485843],[-0.181136,51.485858],[-0.181113,51.485871],[-0.181107,51.485875],[-0.181066,51.485899],[-0.18105,51.485909],[-0.181007,51.485934],[-0.181002,51.485937],[-0.18098,51.48595],[-0.180968,51.485957],[-0.180957,51.485963],[-0.180912,51.48599],[-0.18075,51.48609],[-0.180743,51.486094],[-0.180701,51.486119],[-0.180683,51.48613],[-0.180673,51.486137],[-0.180651,51.486151],[-0.180472,51.48626],[-0.180441,51.486279],[-0.180433,51.486284],[-0.180428,51.486287],[-0.180406,51.486301],[-0.180386,51.486313],[-0.180379,51.486317],[-0.180368,51.486324],[-0.180282,51.486377],[-0.180221,51.486414],[-0.180218,51.486416],[-0.180086,51.486497],[-0.180002,51.486549],[-0.179993,51.486554],[-0.179974,51.486566],[-0.179969,51.486569],[-0.179956,51.486577],[-0.179867,51.486632],[-0.179722,51.486721],[-0.179715,51.486725],[-0.179698,51.486736],[-0.17966,51.486759],[-0.179559,51.486821],[-0.179547,51.486813],[-0.179505,51.486794],[-0.179558,51.48675],[-0.179579,51.486733],[-0.179646,51.48669],[-0.179753,51.486621],[-0.179756,51.486618],[-0.179552,51.486478],[-0.179504,51.486445],[-0.179457,51.486413],[-0.179448,51.486407],[-0.179431,51.486395],[-0.179468,51.486394],[-0.179479,51.486393],[-0.179531,51.486354],[-0.179539,51.486348],[-0.179555,51.486347]]]}},{"type":"Feature","properties":{"LSOA21CD":"E01002913","LSOA21NM":"Kensington and Chelsea 021E","MEAN_PTAL_":"4","mean_AI":15.5307026185,"borough":"Kensington & Chelsea"},"geometry":{"type":"Polygon","coordinates":[[[-0.183163,51.483861],[-0.183084,51.483794],[-0.183074,51.483787],[-0.183089,51.483739],[-0.183071,51.483711],[-0.183013,51.483616],[-0.182871,51.483592],[-0.182882,51.48353],[-0.182874,51.483517],[-0.182831,51.483451],[-0.182782,51.483435],[-0.182779,51.483427],[-0.182609,51.483378],[-0.182605,51.483377],[-0.182606,51.483358],[-0.182481,51.483295],[-0.182476,51.483292],[-0.182473,51.483254],[-0.182422,51.483222],[-0.18242,51.483219],[-0.182413,51.483204],[-0.182247,51.483147],[-0.182185,51.483126],[-0.182145,51.483123],[-0.182137,51.483123],[-0.182124,51.483171],[-0.182125,51.48318],[-0.182138,51.483336],[-0.18208,51.483433],[-0.182036,51.483506],[-0.181944,51.483346],[-0.181891,51.483254],[-0.181886,51.48325],[-0.181859,51.483226],[-0.181856,51.483223],[-0.18182,51.483206],[-0.181832,51.483183],[-0.18183,51.483132],[-0.181824,51.483126],[-0.181789,51.483088],[-0.181768,51.483081],[-0.181767,51.483078],[-0.181753,51.483045],[-0.181712,51.483016],[-0.181668,51.483003],[-0.181646,51.482997],[-0.181646,51.482995],[-0.181627,51.483002],[-0.181603,51.482978],[-0.18152,51.483028],[-0.181539,51.483054],[-0.181545,51.483063],[-0.18157,51.483098],[-0.181579,51.483111],[-0.181436,51.483167],[-0.18142,51.483173],[-0.181402,51.483155],[-0.181396,51.483149],[-0.181368,51.483121],[-0.181284,51.483037],[-0.18123,51.482984],[-0.18118,51.482934],[-0.181165,51.482919],[-0.181095,51.482849],[-0.181084,51.482838],[-0.181048,51.482802],[-0.181029,51.482783],[-0.181015,51.48277],[-0.18099,51.482745],[-0.180973,51.482728],[-0.180933,51.482688],[-0.180924,51.482679],[-0.18091,51.482665],[-0.180864,51.48262],[-0.18084,51.482596],[-0.180721,51.482478],[-0.180715,51.482471],[-0.180667,51.482424],[-0.180664,51.48242],[-0.180658,51.482415],[-0.180599,51.482365],[-0.180587,51.482354],[-0.180561,51.482332],[-0.180469,51.482243],[-0.180464,51.482238],[-0.180457,51.482231],[-0.180448,51.48224],[-0.18045,51.482246],[-0.180457,51.48227],[-0.180461,51.482336],[-0.180369,51.482327],[-0.180276,51.482318],[-0.180097,51.482328],[-0.180047,51.48235],[-0.179976,51.482401],[-0.179965,51.482409],[-0.179932,51.482407],[-0.179809,51.482418],[-0.179737,51.482435],[-0.179674,51.482459],[-0.179668,51.482507],[-0.179666,51.482515],[-0.179619,51.482471],[-0.17955,51.482407],[-0.179524,51.482382],[-0.179452,51.482315],[-0.179436,51.482299],[-0.179505,51.482264],[-0.179525,51.482254],[-0.179715,51.482181],[-0.17977,51.48216],[-0.179803,51.482147],[-0.17985,51.482129],[-0.179866,51.482123],[-0.17994,51.482094],[-0.179946,51.482093],[-0.17996,51.482088],[-0.18,51.482074],[-0.180031,51.482064],[-0.180045,51.482059],[-0.180215,51.482002],[-0.180221,51.482001],[-0.180228,51.481998],[-0.180238,51.481995],[-0.180252,51.481991],[-0.18033,51.481969],[-0.180356,51.481961],[-0.180444,51.481935],[-0.180499,51.481921],[-0.180575,51.481902],[-0.180593,51.481898],[-0.1806,51.481896],[-0.180843,51.481835],[-0.180861,51.48183],[-0.180928,51.481813],[-0.180932,51.481812],[-0.181047,51.481784],[-0.181221,51.48174],[-0.181244,51.481734],[-0.181356,51.481706],[-0.181498,51.48167],[-0.181524,51.481663],[-0.181578,51.48165],[-0.181704,51.481618],[-0.181769,51.481602],[-0.18197,51.481551],[-0.181981,51.481548],[-0.18209,51.481521],[-0.182098,51.481519],[-0.182322,51.481462],[-0.182329,51.481461],[-0.182408,51.481442],[-0.18251,51.481419],[-0.18254,51.481412],[-0.182645,51.481388],[-0.182684,51.481378],[-0.182753,51.48136],[-0.18279,51.48135],[-0.182822,51.481341],[-0.182826,51.48134],[-0.182853,51.481333],[-0.182892,51.481322],[-0.182922,51.481313],[-0.182929,51.481311],[-0.182955,51.481304],[-0.182979,51.481297],[-0.182991,51.481293],[-0.183087,51.481265],[-0.183231,51.481223],[-0.183263,51.481213],[-0.183282,51.481208],[-0.183303,51.481201],[-0.183311,51.481199],[-0.183323,51.481195],[-0.183351,51.481185],[-0.183437,51.481155],[-0.183491,51.481135],[-0.183509,51.481129],[-0.183519,51.481125],[-0.183571,51.481106],[-0.183673,51.48107],[-0.183681,51.481067],[-0.183689,51.481064],[-0.183728,51.48105],[-0.183733,51.481048],[-0.183771,51.481035],[-0.183865,51.481001],[-0.183988,51.480956],[-0.183998,51.480953],[-0.184016,51.480946],[-0.184163,51.480894],[-0.184168,51.480892],[-0.184175,51.480889],[-0.184253,51.480861],[-0.184275,51.480853],[-0.184315,51.480839],[-0.184406,51.480806],[-0.184461,51.480787],[-0.184488,51.480778],[-0.184789,51.480674],[-0.184817,51.480664],[-0.184891,51.480636],[-0.185159,51.480536],[-0.185332,51.48047],[-0.185682,51.480315],[-0.185755,51.480282],[-0.185848,51.480236],[-0.185945,51.480188],[-0.18596,51.48018],[-0.186386,51.479948],[-0.186428,51.479925],[-0.186527,51.479872],[-0.186538,51.479865],[-0.186702,51.479769],[-0.186705,51.479767],[-0.186737,51.479792],[-0.186788,51.479832],[-0.186855,51.479886],[-0.186859,51.479889],[-0.186892,51.479918],[-0.187022,51.480036],[-0.187057,51.480065],[-0.187066,51.480072],[-0.187098,51.480099],[-0.187106,51.480105],[-0.187132,51.480127],[-0.187135,51.480129],[-0.187197,51.480181],[-0.187264,51.480233],[-0.187276,51.480243],[-0.1873,51.480262],[-0.18731,51.480269],[-0.187342,51.480294],[-0.187364,51.480311],[-0.18738,51.480323],[-0.187386,51.480328],[-0.18739,51.480331],[-0.187401,51.480339],[-0.187549,51.480447],[-0.187553,51.48045],[-0.187566,51.480459],[-0.187578,51.480468],[-0.187593,51.480478],[-0.18771,51.480559],[-0.187753,51.480589],[-0.187787,51.480613],[-0.187935,51.480715],[-0.187975,51.480743],[-0.187996,51.480757],[-0.188006,51.480764],[-0.188105,51.480832],[-0.188172,51.480879],[-0.188246,51.480951],[-0.188257,51.480961],[-0.188242,51.480972],[-0.188088,51.481081],[-0.188038,51.481117],[-0.188029,51.481123],[-0.188,51.481144],[-0.187866,51.481239],[-0.187859,51.481244],[-0.187846,51.481253],[-0.187815,51.481277],[-0.187777,51.481307],[-0.18772,51.481351],[-0.187664,51.481394],[-0.187657,51.4814],[-0.187582,51.481457],[-0.18751,51.481513],[-0.187463,51.481566],[-0.18738,51.48166],[-0.187325,51.481721],[-0.187298,51.481751],[-0.187216,51.481844],[-0.187155,51.481913],[-0.187146,51.481922],[-0.187035,51.482047],[-0.187014,51.482071],[-0.186908,51.48219],[-0.186845,51.482267],[-0.186779,51.482348],[-0.186774,51.482354],[-0.186755,51.482377],[-0.18674,51.482396],[-0.186704,51.48244],[-0.186696,51.482449],[-0.186642,51.482506],[-0.186621,51.482529],[-0.186601,51.482548],[-0.186591,51.482556],[-0.186518,51.482623],[-0.186459,51.482677],[-0.18644,51.482694],[-0.186418,51.482712],[-0.186409,51.482719],[-0.186339,51.482715],[-0.186335,51.482719],[-0.186331,51.482715],[-0.186083,51.482508],[-0.185982,51.482424],[-0.185973,51.482416],[-0.185786,51.482257],[-0.185561,51.482067],[-0.185551,51.482058],[-0.18552,51.482032],[-0.185402,51.481932],[-0.185366,51.481901],[-0.185107,51.481681],[-0.185103,51.481677],[-0.184956,51.481552],[-0.184792,51.481413],[-0.184768,51.481393],[-0.18466,51.481301],[-0.184628,51.481274],[-0.184346,51.48131],[-0.184106,51.481342],[-0.184059,51.481328],[-0.183996,51.481341],[-0.183966,51.481348],[-0.184083,51.481459],[-0.184096,51.481471],[-0.184159,51.481531],[-0.184192,51.481516],[-0.184199,51.481513],[-0.184388,51.481428],[-0.184486,51.481512],[-0.184551,51.481569],[-0.184626,51.481634],[-0.184653,51.481657],[-0.184709,51.481706],[-0.184748,51.48174],[-0.184803,51.481787],[-0.184814,51.481796],[-0.184856,51.481833],[-0.184913,51.481882],[-0.1849,51.481887],[-0.184861,51.481904],[-0.1849,51.481936],[-0.184715,51.482001],[-0.1847,51.482006],[-0.184835,51.482135],[-0.184828,51.48217],[-0.184841,51.48218],[-0.184869,51.482203],[-0.184956,51.482272],[-0.184957,51.482276],[-0.184958,51.482288],[-0.184963,51.482294],[-0.18502,51.48232],[-0.185036,51.482327],[-0.185119,51.482367],[-0.185122,51.482368],[-0.185136,51.482397],[-0.185158,51.482444],[-0.185165,51.48246],[-0.185308,51.482486],[-0.185387,51.482556],[-0.185399,51.482563],[-0.185497,51.482615],[-0.185501,51.482617],[-0.185562,51.482625],[-0.185857,51.482668],[-0.185963,51.482699],[-0.18573,51.482788],[-0.185423,51.482905],[-0.185414,51.482908],[-0.185411,51.482911],[-0.185122,51.483007],[-0.18511,51.483011],[-0.185102,51.483013],[-0.185078,51.48309],[-0.185071,51.48311],[-0.185036,51.483117],[-0.185027,51.483114],[-0.185018,51.483112],[-0.184939,51.483093],[-0.18463,51.483019],[-0.184569,51.483105],[-0.184537,51.48315],[-0.18435,51.483222],[-0.184359,51.483236],[-0.184364,51.483246],[-0.184424,51.483308],[-0.184434,51.483318],[-0.184384,51.483346],[-0.18417,51.483435],[-0.184006,51.48339],[-0.183947,51.483388],[-0.18391,51.483387],[-0.183884,51.483332],[-0.183822,51.483283],[-0.183771,51.483254],[-0.183759,51.483243],[-0.183727,51.483208],[-0.183639,51.483163],[-0.183613,51.483154],[-0.183612,51.483123],[-0.183506,51.483026],[-0.183406,51.482939],[-0.183387,51.482952],[-0.183071,51.48316],[-0.18306,51.483167],[-0.183071,51.483178],[-0.183224,51.483329],[-0.183301,51.483404],[-0.183418,51.48352],[-0.18344,51.483542],[-0.183464,51.483565],[-0.183479,51.483579],[-0.183517,51.483617],[-0.18355,51.48365],[-0.183596,51.483695],[-0.18372,51.483818],[-0.183729,51.483817],[-0.18379,51.483878],[-0.183797,51.483885],[-0.183747,51.483911],[-0.183678,51.483985],[-0.183672,51.483989],[-0.183646,51.483992],[-0.183477,51.484008],[-0.183295,51.484024],[-0.18327,51.483994],[-0.183258,51.483985],[-0.183256,51.483983],[-0.183186,51.483888],[-0.183185,51.48388],[-0.183163,51.483861]]]}},{"type":"Feature","properties":{"LSOA21CD":"E01002914","LSOA21NM":"Kensington and Chelsea 019E","MEAN_PTAL_":"6a","mean_AI":31.5953043323,"borough":"Kensington & Chelsea"},"geometry":{"type":"Polygon","coordinates":[[[-0.170179,51.490346],[-0.170086,51.490255],[-0.169944,51.49029],[-0.169922,51.490296],[-0.169905,51.4903],[-0.169895,51.490303],[-0.169799,51.490328],[-0.169794,51.490329],[-0.169754,51.490339],[-0.16973,51.490343],[-0.16951,51.490378],[-0.169443,51.490385],[-0.169228,51.490406],[-0.169218,51.490407],[-0.168807,51.490449],[-0.1688,51.49045],[-0.168658,51.490464],[-0.168595,51.490471],[-0.168484,51.490482],[-0.168409,51.49049],[-0.168347,51.490494],[-0.168323,51.490495],[-0.168294,51.490497],[-0.168265,51.4905],[-0.168256,51.490499],[-0.168124,51.490507],[-0.168062,51.490511],[-0.168019,51.490514],[-0.167999,51.490514],[-0.167785,51.490522],[-0.167775,51.490522],[-0.16767,51.490526],[-0.16752,51.490534],[-0.167403,51.49054],[-0.167294,51.490546],[-0.167267,51.490547],[-0.16726,51.490547],[-0.16725,51.490547],[-0.167116,51.490552],[-0.166918,51.490559],[-0.166901,51.490559],[-0.166896,51.49056],[-0.166888,51.49056],[-0.166881,51.49056],[-0.166876,51.49056],[-0.166862,51.490561],[-0.166763,51.490563],[-0.166726,51.490564],[-0.166465,51.490569],[-0.16644,51.49057],[-0.166376,51.490573],[-0.166345,51.490575],[-0.16632,51.490576],[-0.166207,51.490582],[-0.166084,51.490598],[-0.165999,51.490608],[-0.165994,51.490609],[-0.165962,51.490613],[-0.16588,51.490624],[-0.165872,51.490609],[-0.165869,51.490605],[-0.165804,51.490484],[-0.165758,51.490398],[-0.165752,51.490386],[-0.16575,51.490383],[-0.165745,51.490373],[-0.165719,51.490325],[-0.165711,51.490311],[-0.16569,51.490272],[-0.16568,51.490253],[-0.165677,51.490247],[-0.165674,51.490242],[-0.165643,51.490184],[-0.165638,51.490174],[-0.165636,51.490171],[-0.165613,51.490129],[-0.165606,51.490115],[-0.165584,51.490074],[-0.165575,51.490058],[-0.165573,51.490054],[-0.165546,51.490004],[-0.165544,51.490001],[-0.165542,51.489996],[-0.165533,51.489979],[-0.16552,51.489956],[-0.165504,51.489926],[-0.165503,51.489923],[-0.165494,51.489906],[-0.165481,51.489882],[-0.165471,51.489865],[-0.165467,51.489857],[-0.165465,51.489853],[-0.165453,51.489831],[-0.165447,51.489821],[-0.165437,51.489801],[-0.165429,51.489786],[-0.165426,51.489781],[-0.165424,51.489777],[-0.165421,51.489772],[-0.16541,51.48975],[-0.165392,51.489718],[-0.165384,51.489703],[-0.165378,51.489692],[-0.165374,51.489684],[-0.165366,51.48967],[-0.165362,51.489661],[-0.165349,51.489637],[-0.165346,51.489631],[-0.16532,51.489584],[-0.165311,51.489568],[-0.165301,51.489548],[-0.165295,51.489537],[-0.165287,51.489523],[-0.165273,51.489497],[-0.165266,51.489483],[-0.165263,51.489477],[-0.165245,51.489444],[-0.165239,51.489434],[-0.165236,51.489428],[-0.165225,51.489407],[-0.165212,51.489382],[-0.165207,51.489374],[-0.165204,51.489368],[-0.165203,51.489365],[-0.165197,51.489355],[-0.165195,51.489352],[-0.165182,51.489328],[-0.165173,51.48931],[-0.165171,51.489307],[-0.165166,51.489298],[-0.16516,51.489286],[-0.165155,51.489277],[-0.165153,51.489273],[-0.165073,51.489124],[-0.165005,51.489],[-0.165111,51.488965],[-0.165128,51.48896],[-0.165233,51.488925],[-0.165351,51.488876],[-0.165468,51.488828],[-0.165665,51.488746],[-0.165686,51.488737],[-0.16575,51.48871],[-0.16584,51.488673],[-0.166025,51.488596],[-0.166068,51.488578],[-0.16619,51.488528],[-0.166221,51.488515],[-0.166287,51.488487],[-0.166291,51.488486],[-0.166326,51.48847],[-0.16633,51.488469],[-0.166354,51.48846],[-0.166514,51.488393],[-0.166577,51.488367],[-0.16666,51.488332],[-0.166896,51.488235],[-0.166908,51.48823],[-0.167031,51.488179],[-0.16711,51.488146],[-0.167147,51.48813],[-0.167319,51.488059],[-0.167358,51.488043],[-0.16739,51.48803],[-0.167529,51.487972],[-0.167555,51.487961],[-0.167562,51.487958],[-0.167581,51.48795],[-0.167704,51.487899],[-0.167721,51.487892],[-0.167863,51.487833],[-0.167868,51.487831],[-0.167914,51.487812],[-0.168039,51.48776],[-0.168058,51.487752],[-0.168174,51.487694],[-0.168179,51.487692],[-0.168227,51.487668],[-0.168289,51.487637],[-0.168358,51.487603],[-0.168366,51.487599],[-0.168397,51.487586],[-0.168408,51.487581],[-0.168514,51.487535],[-0.168543,51.487523],[-0.168558,51.487517],[-0.16859,51.487505],[-0.168619,51.487493],[-0.168642,51.487485],[-0.168666,51.487475],[-0.1687,51.487463],[-0.168731,51.487452],[-0.168741,51.487449],[-0.168902,51.48739],[-0.168911,51.487387],[-0.169187,51.487288],[-0.169215,51.487277],[-0.169255,51.487263],[-0.169533,51.487163],[-0.16957,51.48715],[-0.169579,51.487147],[-0.169612,51.487134],[-0.169713,51.487098],[-0.169752,51.487084],[-0.169765,51.48708],[-0.169846,51.487051],[-0.170109,51.486956],[-0.170337,51.486875],[-0.170437,51.486839],[-0.170544,51.4868],[-0.170576,51.486789],[-0.170624,51.486772],[-0.17076,51.486723],[-0.170777,51.486717],[-0.170923,51.486884],[-0.17109,51.487075],[-0.1713,51.487314],[-0.171339,51.487359],[-0.171377,51.487403],[-0.171379,51.487405],[-0.171395,51.487423],[-0.171585,51.48764],[-0.17167,51.487738],[-0.171728,51.487804],[-0.171806,51.487893],[-0.17191,51.488012],[-0.172001,51.488115],[-0.172015,51.488131],[-0.172074,51.488199],[-0.172184,51.488317],[-0.17221,51.488346],[-0.172299,51.488446],[-0.172328,51.488479],[-0.172451,51.488617],[-0.172511,51.488684],[-0.172537,51.488714],[-0.172628,51.488816],[-0.172686,51.488881],[-0.172708,51.488905],[-0.172753,51.488955],[-0.172786,51.488993],[-0.172814,51.489024],[-0.172875,51.489092],[-0.172936,51.489161],[-0.172984,51.489215],[-0.173026,51.489262],[-0.173046,51.489285],[-0.173149,51.489401],[-0.173172,51.489426],[-0.173196,51.489454],[-0.173214,51.489473],[-0.173232,51.489494],[-0.173284,51.489554],[-0.173314,51.489588],[-0.173438,51.489731],[-0.173427,51.489735],[-0.173434,51.489743],[-0.173388,51.489752],[-0.173383,51.489754],[-0.173287,51.489794],[-0.173153,51.489851],[-0.173131,51.48986],[-0.173014,51.489909],[-0.172931,51.489944],[-0.172926,51.489946],[-0.172882,51.489965],[-0.17298,51.490042],[-0.173119,51.490152],[-0.173301,51.490295],[-0.173324,51.490313],[-0.173433,51.490399],[-0.173735,51.490634],[-0.173739,51.490637],[-0.173622,51.49071],[-0.173614,51.490715],[-0.173371,51.490867],[-0.173298,51.490912],[-0.173067,51.491057],[-0.172957,51.491126],[-0.172936,51.491139],[-0.172928,51.491144],[-0.172863,51.491185],[-0.172836,51.491201],[-0.172794,51.491228],[-0.172657,51.491313],[-0.172639,51.491324],[-0.172604,51.491347],[-0.172579,51.491362],[-0.172545,51.491384],[-0.172525,51.491396],[-0.172456,51.491439],[-0.17243,51.491455],[-0.172413,51.491466],[-0.172385,51.491484],[-0.172314,51.491528],[-0.172282,51.491548],[-0.17225,51.491568],[-0.17222,51.491587],[-0.172165,51.491621],[-0.172146,51.491633],[-0.172119,51.49165],[-0.172089,51.491669],[-0.172033,51.491704],[-0.171975,51.49174],[-0.17197,51.491743],[-0.171933,51.491767],[-0.171872,51.491804],[-0.171854,51.491814],[-0.171774,51.491863],[-0.171742,51.491833],[-0.171737,51.491829],[-0.171694,51.491788],[-0.171673,51.491769],[-0.171623,51.491722],[-0.171524,51.49163],[-0.171508,51.491615],[-0.171479,51.491587],[-0.171437,51.491548],[-0.17138,51.491495],[-0.17136,51.491476],[-0.171349,51.491466],[-0.171339,51.491457],[-0.171248,51.49137],[-0.171233,51.491356],[-0.171221,51.491344],[-0.171211,51.491335],[-0.171193,51.491317],[-0.171176,51.491301],[-0.171172,51.491297],[-0.171132,51.491259],[-0.17113,51.491257],[-0.1711,51.491229],[-0.171096,51.491224],[-0.171093,51.491222],[-0.171089,51.491218],[-0.171073,51.491203],[-0.171011,51.491145],[-0.171003,51.491138],[-0.171,51.491135],[-0.170997,51.491133],[-0.170977,51.491114],[-0.170919,51.49106],[-0.170914,51.491056],[-0.170896,51.491039],[-0.170886,51.49103],[-0.17088,51.491024],[-0.170837,51.490984],[-0.170832,51.49098],[-0.17081,51.490959],[-0.170786,51.490937],[-0.170744,51.490898],[-0.170661,51.490822],[-0.170652,51.490813],[-0.170639,51.490799],[-0.170631,51.490793],[-0.170626,51.490788],[-0.170587,51.490748],[-0.170569,51.490731],[-0.170535,51.490697],[-0.170518,51.49068],[-0.170501,51.490664],[-0.170499,51.490661],[-0.17048,51.490643],[-0.170458,51.490621],[-0.170455,51.490618],[-0.170409,51.490572],[-0.170399,51.490563],[-0.170389,51.490553],[-0.17032,51.490485],[-0.170312,51.490477],[-0.170276,51.490442],[-0.170256,51.490422],[-0.170179,51.490346]]]}},{"type":"Feature","properties":{"LSOA21CD":"E01035484","LSOA21NM":"Hammersmith and Fulham 001F","MEAN_PTAL_":"3","mean_AI":10.4804754253,"borough":"Kensington & Chelsea"},"geometry":{"type":"Polygon","coordinates":[[[-0.23414,51.525498],[-0.234025,51.525487],[-0.23401,51.525487],[-0.233752,51.525465],[-0.233047,51.525058],[-0.233051,51.524942],[-0.232981,51.524905],[-0.232895,51.524876],[-0.232781,51.524839],[-0.232753,51.524829],[-0.23271,51.524829],[-0.232695,51.524828],[-0.232532,51.524835],[-0.232445,51.524838],[-0.232363,51.524841],[-0.232189,51.524875],[-0.232105,51.524888],[-0.232029,51.524899],[-0.231943,51.524907],[-0.229272,51.525021],[-0.228824,51.52504],[-0.228709,51.525029],[-0.228623,51.52501],[-0.22844,51.524908],[-0.228383,51.52488],[-0.228368,51.524876],[-0.228312,51.524861],[-0.228269,51.524851],[-0.228153,51.52485],[-0.227375,51.524852],[-0.227231,51.524853],[-0.227183,51.524853],[-0.227171,51.524794],[-0.226596,51.524796],[-0.226609,51.524508],[-0.22661,51.524503],[-0.226616,51.524369],[-0.226618,51.524328],[-0.226623,51.524209],[-0.226626,51.524143],[-0.226627,51.524139],[-0.226635,51.523955],[-0.226641,51.523827],[-0.226644,51.523775],[-0.226654,51.523548],[-0.226654,51.523542],[-0.226661,51.523392],[-0.226662,51.523384],[-0.22667,51.523214],[-0.22667,51.523209],[-0.226678,51.523029],[-0.226679,51.523024],[-0.226687,51.522851],[-0.226687,51.522845],[-0.226695,51.522673],[-0.226695,51.522669],[-0.226707,51.522421],[-0.226707,51.522402],[-0.22671,51.522354],[-0.226706,51.521993],[-0.226706,51.521977],[-0.226742,51.521961],[-0.226763,51.521951],[-0.226798,51.521936],[-0.226805,51.521932],[-0.226919,51.52188],[-0.226966,51.521858],[-0.227064,51.521813],[-0.22715,51.521773],[-0.227242,51.521731],[-0.227257,51.521724],[-0.227392,51.521661],[-0.227505,51.521609],[-0.227557,51.521585],[-0.227618,51.521557],[-0.227688,51.521524],[-0.227891,51.52143],[-0.227922,51.521416],[-0.227947,51.521405],[-0.228048,51.521358],[-0.228049,51.521343],[-0.228051,51.521286],[-0.228055,51.521198],[-0.228277,51.521099],[-0.228231,51.52106],[-0.228141,51.520984],[-0.228095,51.520946],[-0.22808,51.520933],[-0.227969,51.520839],[-0.227961,51.520833],[-0.227927,51.520804],[-0.227918,51.520796],[-0.227871,51.520757],[-0.227868,51.520754],[-0.227823,51.520716],[-0.227784,51.520684],[-0.227715,51.520626],[-0.227644,51.520566],[-0.227604,51.520532],[-0.227557,51.520493],[-0.227522,51.520464],[-0.227453,51.520406],[-0.227425,51.520382],[-0.22739,51.520353],[-0.227326,51.520299],[-0.227294,51.520272],[-0.227194,51.520188],[-0.227151,51.520152],[-0.227119,51.520125],[-0.227066,51.52008],[-0.22703,51.52005],[-0.226988,51.520014],[-0.226974,51.520003],[-0.226935,51.51997],[-0.226896,51.519937],[-0.226861,51.519908],[-0.226831,51.519882],[-0.226749,51.519813],[-0.226702,51.519774],[-0.226647,51.519738],[-0.226684,51.519716],[-0.226604,51.519633],[-0.22668,51.519603],[-0.226637,51.519569],[-0.226614,51.519551],[-0.226606,51.519544],[-0.226571,51.519516],[-0.226547,51.519496],[-0.22646,51.519534],[-0.226385,51.519464],[-0.226379,51.519467],[-0.226374,51.519469],[-0.226343,51.519483],[-0.226226,51.519384],[-0.226201,51.519364],[-0.226126,51.5193],[-0.226049,51.519235],[-0.226026,51.519215],[-0.22598,51.519176],[-0.225976,51.519173],[-0.225885,51.519096],[-0.225872,51.519085],[-0.225854,51.519069],[-0.225813,51.519032],[-0.225776,51.518999],[-0.225715,51.518944],[-0.225702,51.518932],[-0.225667,51.5189],[-0.225655,51.518889],[-0.225649,51.518884],[-0.22564,51.518875],[-0.225617,51.518854],[-0.22561,51.518847],[-0.225522,51.518765],[-0.22544,51.518689],[-0.225416,51.518666],[-0.225251,51.518512],[-0.225206,51.51847],[-0.225203,51.518467],[-0.225141,51.518407],[-0.225079,51.518345],[-0.22502,51.518288],[-0.225018,51.518286],[-0.225011,51.518279],[-0.224967,51.518232],[-0.224907,51.518167],[-0.224881,51.51814],[-0.224725,51.517973],[-0.224703,51.517949],[-0.224699,51.517944],[-0.224681,51.517925],[-0.224673,51.517915],[-0.224663,51.517904],[-0.224629,51.517866],[-0.224548,51.517776],[-0.224538,51.517764],[-0.224487,51.517707],[-0.224442,51.517656],[-0.224437,51.517651],[-0.224405,51.517615],[-0.224397,51.517607],[-0.224382,51.51759],[-0.224364,51.51757],[-0.224333,51.517535],[-0.224315,51.517514],[-0.2243,51.517498],[-0.224267,51.517462],[-0.224196,51.517383],[-0.22415,51.517333],[-0.224119,51.517298],[-0.224083,51.517258],[-0.224019,51.517187],[-0.224011,51.517178],[-0.223928,51.517087],[-0.223854,51.517005],[-0.223844,51.516994],[-0.223604,51.516728],[-0.223431,51.516536],[-0.223369,51.516468],[-0.223208,51.516277],[-0.223129,51.516184],[-0.2231,51.516149],[-0.222904,51.515916],[-0.222804,51.515792],[-0.222687,51.515646],[-0.222654,51.515603],[-0.222589,51.51552],[-0.222855,51.515505],[-0.222982,51.515497],[-0.22343,51.515471],[-0.223763,51.51544],[-0.223966,51.515413],[-0.224091,51.515483],[-0.224627,51.515785],[-0.224805,51.515867],[-0.224815,51.515871],[-0.22525,51.516028],[-0.22544,51.516093],[-0.225481,51.516112],[-0.225543,51.516139],[-0.22565,51.516185],[-0.225664,51.51619],[-0.225731,51.516215],[-0.225786,51.516233],[-0.225898,51.516269],[-0.22593,51.516279],[-0.225949,51.516285],[-0.226144,51.516343],[-0.226193,51.516359],[-0.226229,51.51637],[-0.226338,51.516402],[-0.226355,51.516408],[-0.226573,51.516685],[-0.226956,51.516579],[-0.22697,51.516575],[-0.227109,51.516831],[-0.227577,51.516476],[-0.227607,51.516461],[-0.22767,51.516629],[-0.227767,51.516883],[-0.227943,51.516851],[-0.228032,51.516836],[-0.228116,51.516822],[-0.228269,51.516798],[-0.228432,51.516486],[-0.228438,51.516475],[-0.228597,51.51646],[-0.228776,51.516503],[-0.228847,51.516453],[-0.228932,51.516395],[-0.228989,51.516389],[-0.229083,51.516324],[-0.229121,51.516297],[-0.229151,51.516278],[-0.229309,51.516287],[-0.229318,51.516313],[-0.22932,51.516317],[-0.229331,51.516342],[-0.229345,51.516375],[-0.229476,51.516387],[-0.2295,51.516391],[-0.229603,51.516413],[-0.229628,51.516375],[-0.229654,51.516333],[-0.229658,51.516328],[-0.229625,51.516309],[-0.229623,51.516257],[-0.229568,51.516253],[-0.229342,51.516234],[-0.229308,51.516231],[-0.229117,51.5162],[-0.228943,51.516172],[-0.228841,51.516156],[-0.228706,51.516134],[-0.228699,51.516133],[-0.228483,51.516098],[-0.228296,51.516068],[-0.228139,51.516043],[-0.228068,51.516052],[-0.227838,51.51608],[-0.227805,51.516084],[-0.227775,51.516088],[-0.22762,51.516108],[-0.227479,51.516125],[-0.227498,51.516175],[-0.227397,51.51611],[-0.227374,51.51609],[-0.227279,51.515988],[-0.226638,51.516025],[-0.226615,51.515979],[-0.226543,51.515833],[-0.226448,51.515696],[-0.22642,51.515669],[-0.226329,51.515407],[-0.22629,51.515316],[-0.226287,51.51531],[-0.22625,51.515227],[-0.226251,51.515205],[-0.226251,51.515199],[-0.226241,51.515205],[-0.226236,51.515208],[-0.226222,51.515207],[-0.226193,51.515207],[-0.226106,51.515215],[-0.226105,51.515211],[-0.226068,51.515097],[-0.226154,51.51509],[-0.226177,51.51509],[-0.226226,51.515091],[-0.226284,51.515083],[-0.226245,51.514983],[-0.226115,51.51499],[-0.226088,51.514945],[-0.226049,51.514827],[-0.226015,51.514602],[-0.225961,51.514502],[-0.225823,51.514347],[-0.225819,51.514335],[-0.225797,51.514275],[-0.225753,51.514149],[-0.225727,51.514076],[-0.225704,51.514011],[-0.225667,51.513904],[-0.225553,51.513678],[-0.225507,51.513587],[-0.225451,51.51346],[-0.225317,51.513158],[-0.225295,51.513107],[-0.22523,51.512969],[-0.225212,51.512931],[-0.225209,51.512923],[-0.225202,51.512908],[-0.225202,51.51289],[-0.225241,51.512878],[-0.225246,51.512876],[-0.22525,51.512875],[-0.225407,51.512826],[-0.225421,51.512821],[-0.225605,51.512775],[-0.22582,51.51272],[-0.225982,51.512679],[-0.225993,51.512677],[-0.226357,51.512584],[-0.226443,51.512563],[-0.226483,51.512553],[-0.226527,51.512541],[-0.226522,51.512526],[-0.226449,51.512324],[-0.226583,51.512293],[-0.226595,51.512291],[-0.226627,51.512286],[-0.226654,51.512282],[-0.226705,51.512274],[-0.226776,51.512264],[-0.22687,51.51225],[-0.226929,51.512224],[-0.226943,51.512215],[-0.226959,51.512197],[-0.22696,51.51217],[-0.226933,51.512125],[-0.226926,51.51212],[-0.226683,51.511931],[-0.226681,51.511927],[-0.226708,51.511912],[-0.226988,51.511754],[-0.226998,51.511754],[-0.227069,51.511753],[-0.227073,51.511747],[-0.227104,51.511705],[-0.227118,51.511689],[-0.227158,51.511641],[-0.227167,51.51163],[-0.227343,51.511514],[-0.22743,51.511472],[-0.227484,51.511449],[-0.227736,51.511341],[-0.228192,51.511665],[-0.228207,51.511676],[-0.228297,51.51174],[-0.228308,51.511748],[-0.228312,51.511751],[-0.227885,51.511992],[-0.227874,51.511998],[-0.227717,51.512086],[-0.227519,51.512197],[-0.227438,51.512243],[-0.227379,51.512276],[-0.227363,51.512285],[-0.227443,51.512304],[-0.2275,51.512316],[-0.22751,51.512319],[-0.227633,51.512353],[-0.227699,51.512375],[-0.227704,51.512377],[-0.22773,51.512386],[-0.227748,51.512393],[-0.227808,51.512418],[-0.227956,51.512493],[-0.228049,51.512548],[-0.228055,51.512552],[-0.228187,51.512632],[-0.228771,51.513058],[-0.228798,51.513078],[-0.229108,51.513304],[-0.229119,51.513312],[-0.229334,51.513469],[-0.229338,51.513472],[-0.229378,51.513501],[-0.229384,51.513505],[-0.229517,51.513596],[-0.22952,51.513598],[-0.229594,51.513648],[-0.229684,51.51371],[-0.229772,51.51377],[-0.229854,51.513826],[-0.229959,51.513897],[-0.230007,51.513931],[-0.23002,51.513948],[-0.230036,51.513969],[-0.23006,51.514001],[-0.230069,51.514013],[-0.230069,51.51404],[-0.230069,51.514052],[-0.230069,51.514055],[-0.230069,51.514058],[-0.230069,51.51407],[-0.230068,51.514189],[-0.230068,51.514198],[-0.230068,51.514246],[-0.230069,51.514266],[-0.23007,51.514271],[-0.230074,51.514338],[-0.230075,51.514344],[-0.230077,51.514376],[-0.230077,51.514379],[-0.23008,51.514431],[-0.230084,51.514496],[-0.230087,51.514528],[-0.230078,51.514584],[-0.230071,51.514627],[-0.230068,51.514646],[-0.230062,51.514775],[-0.230061,51.514817],[-0.230059,51.514851],[-0.230083,51.514849],[-0.230173,51.514841],[-0.230188,51.514839],[-0.230303,51.514829],[-0.230323,51.514827],[-0.230368,51.514823],[-0.23039,51.514821],[-0.230417,51.514818],[-0.230433,51.514817],[-0.23064,51.514797],[-0.230656,51.514796],[-0.230669,51.514795],[-0.230674,51.514819],[-0.230681,51.514852],[-0.230707,51.51485],[-0.230721,51.514849],[-0.230742,51.514978],[-0.231136,51.515059],[-0.231141,51.515064],[-0.231204,51.515125],[-0.231212,51.515133],[-0.231234,51.515144],[-0.231237,51.515146],[-0.231233,51.515196],[-0.231232,51.515202],[-0.231224,51.515214],[-0.231219,51.515229],[-0.23121,51.51525],[-0.231208,51.515255],[-0.231205,51.515286],[-0.231203,51.515303],[-0.231203,51.515307],[-0.231216,51.515336],[-0.231226,51.515415],[-0.231227,51.515422],[-0.231156,51.515449],[-0.231147,51.515453],[-0.231108,51.51546],[-0.231095,51.515462],[-0.23083,51.515451],[-0.23082,51.51545],[-0.230815,51.515445],[-0.230819,51.515468],[-0.230843,51.515624],[-0.230847,51.515648],[-0.230851,51.515673],[-0.230985,51.515675],[-0.231026,51.515676],[-0.231077,51.515681],[-0.231105,51.515684],[-0.231067,51.516007],[-0.231075,51.516083],[-0.231173,51.516096],[-0.231192,51.516098],[-0.231204,51.5161],[-0.23135,51.516135],[-0.231412,51.516153],[-0.231427,51.516158],[-0.231466,51.516173],[-0.23169,51.51626],[-0.231701,51.516264],[-0.23171,51.516422],[-0.231712,51.516462],[-0.231714,51.516492],[-0.231744,51.517057],[-0.231581,51.517355],[-0.231246,51.51797],[-0.231633,51.518195],[-0.232355,51.518618],[-0.234252,51.520878],[-0.235899,51.522042],[-0.238312,51.522075],[-0.239031,51.522427],[-0.23921,51.522515],[-0.239247,51.522534],[-0.239522,51.522674],[-0.239836,51.522862],[-0.239857,51.522875],[-0.240126,51.523038],[-0.240361,51.523186],[-0.24052,51.523288],[-0.241523,51.523941],[-0.241796,51.524123],[-0.242284,51.524447],[-0.242271,51.524524],[-0.241989,51.524581],[-0.240929,51.524772],[-0.240189,51.524896],[-0.239248,51.525034],[-0.238464,51.525149],[-0.237681,51.525245],[-0.236393,51.525388],[-0.236031,51.525418],[-0.235931,51.525417],[-0.235787,51.525405],[-0.235701,51.525395],[-0.235572,51.525375],[-0.235442,51.525364],[-0.23537,51.525363],[-0.235298,51.525371],[-0.235224,51.525391],[-0.235007,51.525448],[-0.234771,51.525472],[-0.234763,51.525473],[-0.234699,51.52548],[-0.23463,51.525487],[-0.234414,51.525502],[-0.234284,51.5255],[-0.23414,51.525498]]]}},{"type":"Feature","properties":{"LSOA21CD":"E01035485","LSOA21NM":"Hammersmith and Fulham 001G","MEAN_PTAL_":"6a","mean_AI":27.5350582148,"borough":"Kensington & Chelsea"},"geometry":{"type":"Polygon","coordinates":[[[-0.22767,51.516629],[-0.227607,51.516461],[-0.227577,51.516476],[-0.227109,51.516831],[-0.22697,51.516575],[-0.226956,51.516579],[-0.226573,51.516685],[-0.226355,51.516408],[-0.226338,51.516402],[-0.226229,51.51637],[-0.226193,51.516359],[-0.226144,51.516343],[-0.225949,51.516285],[-0.22593,51.516279],[-0.225898,51.516269],[-0.225786,51.516233],[-0.225731,51.516215],[-0.225664,51.51619],[-0.22565,51.516185],[-0.225543,51.516139],[-0.225481,51.516112],[-0.22544,51.516093],[-0.22525,51.516028],[-0.224815,51.515871],[-0.224805,51.515867],[-0.224627,51.515785],[-0.224091,51.515483],[-0.223966,51.515413],[-0.223763,51.51544],[-0.22343,51.515471],[-0.222982,51.515497],[-0.222855,51.515505],[-0.222589,51.51552],[-0.22257,51.515495],[-0.222562,51.515484],[-0.222528,51.515441],[-0.222483,51.515382],[-0.22247,51.515365],[-0.222467,51.515361],[-0.222393,51.515265],[-0.222354,51.515215],[-0.222296,51.515139],[-0.222253,51.515085],[-0.222059,51.514816],[-0.222008,51.514746],[-0.221887,51.514564],[-0.221865,51.514531],[-0.221733,51.514332],[-0.221456,51.513896],[-0.221441,51.513813],[-0.221433,51.513794],[-0.221428,51.513782],[-0.221411,51.51375],[-0.221391,51.513721],[-0.221383,51.51371],[-0.221379,51.513706],[-0.221372,51.513697],[-0.221284,51.513529],[-0.221236,51.513439],[-0.221203,51.513376],[-0.221195,51.513362],[-0.221146,51.513269],[-0.221141,51.513259],[-0.221031,51.513052],[-0.220863,51.512781],[-0.220787,51.51266],[-0.220687,51.512499],[-0.220514,51.512222],[-0.220505,51.512204],[-0.220447,51.512095],[-0.220323,51.511862],[-0.220281,51.511789],[-0.220245,51.51173],[-0.220379,51.511654],[-0.220432,51.511624],[-0.220526,51.511577],[-0.220602,51.511539],[-0.220655,51.511512],[-0.221069,51.511307],[-0.221407,51.511174],[-0.221433,51.511163],[-0.221634,51.511084],[-0.221758,51.511035],[-0.222288,51.510809],[-0.222569,51.510689],[-0.222756,51.510609],[-0.222767,51.510603],[-0.223142,51.510418],[-0.223211,51.510384],[-0.223282,51.510344],[-0.223545,51.510197],[-0.22367,51.510123],[-0.223797,51.510047],[-0.223803,51.510044],[-0.223822,51.510032],[-0.223951,51.509951],[-0.224015,51.509906],[-0.224091,51.509853],[-0.224102,51.509845],[-0.224233,51.509753],[-0.224346,51.509659],[-0.22452,51.509531],[-0.224546,51.509512],[-0.22455,51.509509],[-0.224575,51.509491],[-0.224575,51.509746],[-0.224575,51.510151],[-0.224575,51.510325],[-0.224575,51.51035],[-0.224575,51.51044],[-0.224574,51.510475],[-0.224574,51.510531],[-0.224573,51.510593],[-0.224577,51.51066],[-0.224578,51.510675],[-0.224583,51.510755],[-0.224583,51.510759],[-0.224593,51.510822],[-0.224607,51.510917],[-0.224608,51.510926],[-0.224617,51.510981],[-0.224669,51.511291],[-0.224675,51.511323],[-0.224685,51.511383],[-0.224741,51.511627],[-0.224753,51.511678],[-0.224784,51.511808],[-0.224784,51.511811],[-0.224801,51.511883],[-0.224804,51.511895],[-0.224817,51.511887],[-0.224826,51.511882],[-0.224838,51.511876],[-0.224856,51.511866],[-0.224934,51.511823],[-0.22494,51.511819],[-0.224946,51.511816],[-0.225222,51.511664],[-0.225228,51.51166],[-0.225287,51.511628],[-0.225297,51.511622],[-0.22531,51.511615],[-0.225348,51.511594],[-0.225356,51.511589],[-0.225402,51.511564],[-0.225417,51.511556],[-0.225439,51.511544],[-0.225449,51.511538],[-0.225516,51.511501],[-0.225528,51.511495],[-0.225544,51.511486],[-0.225565,51.511474],[-0.225582,51.511465],[-0.225636,51.511435],[-0.22564,51.511433],[-0.225646,51.511429],[-0.225742,51.511376],[-0.225748,51.511373],[-0.22579,51.51135],[-0.225805,51.511341],[-0.225836,51.511324],[-0.225852,51.511315],[-0.225859,51.511312],[-0.225921,51.511278],[-0.225974,51.511248],[-0.225951,51.51123],[-0.225916,51.511203],[-0.225903,51.511193],[-0.225897,51.511188],[-0.225906,51.511183],[-0.225921,51.511175],[-0.226182,51.511034],[-0.226235,51.511006],[-0.226466,51.510882],[-0.226554,51.510834],[-0.226569,51.510827],[-0.226607,51.510806],[-0.226717,51.510747],[-0.226809,51.510698],[-0.226823,51.51069],[-0.226996,51.510812],[-0.227021,51.51083],[-0.227247,51.510992],[-0.227719,51.511328],[-0.227736,51.511341],[-0.227484,51.511449],[-0.22743,51.511472],[-0.227343,51.511514],[-0.227167,51.51163],[-0.227158,51.511641],[-0.227118,51.511689],[-0.227104,51.511705],[-0.227073,51.511747],[-0.227069,51.511753],[-0.226998,51.511754],[-0.226988,51.511754],[-0.226708,51.511912],[-0.226681,51.511927],[-0.226683,51.511931],[-0.226926,51.51212],[-0.226933,51.512125],[-0.22696,51.51217],[-0.226959,51.512197],[-0.226943,51.512215],[-0.226929,51.512224],[-0.22687,51.51225],[-0.226776,51.512264],[-0.226705,51.512274],[-0.226654,51.512282],[-0.226627,51.512286],[-0.226595,51.512291],[-0.226583,51.512293],[-0.226449,51.512324],[-0.226522,51.512526],[-0.226527,51.512541],[-0.226483,51.512553],[-0.226443,51.512563],[-0.226357,51.512584],[-0.225993,51.512677],[-0.225982,51.512679],[-0.22582,51.51272],[-0.225605,51.512775],[-0.225421,51.512821],[-0.225407,51.512826],[-0.22525,51.512875],[-0.225246,51.512876],[-0.225241,51.512878],[-0.225202,51.51289],[-0.225202,51.512908],[-0.225209,51.512923],[-0.225212,51.512931],[-0.22523,51.512969],[-0.225295,51.513107],[-0.225317,51.513158],[-0.225451,51.51346],[-0.225507,51.513587],[-0.225553,51.513678],[-0.225667,51.513904],[-0.225704,51.514011],[-0.225727,51.514076],[-0.225753,51.514149],[-0.225797,51.514275],[-0.225819,51.514335],[-0.225823,51.514347],[-0.225961,51.514502],[-0.226015,51.514602],[-0.226049,51.514827],[-0.226088,51.514945],[-0.226115,51.51499],[-0.226245,51.514983],[-0.226284,51.515083],[-0.226226,51.515091],[-0.226177,51.51509],[-0.226154,51.51509],[-0.226068,51.515097],[-0.226105,51.515211],[-0.226106,51.515215],[-0.226193,51.515207],[-0.226222,51.515207],[-0.226236,51.515208],[-0.226241,51.515205],[-0.226251,51.515199],[-0.226251,51.515205],[-0.22625,51.515227],[-0.226287,51.51531],[-0.22629,51.515316],[-0.226329,51.515407],[-0.22642,51.515669],[-0.226448,51.515696],[-0.226543,51.515833],[-0.226615,51.515979],[-0.226638,51.516025],[-0.227279,51.515988],[-0.227374,51.51609],[-0.227397,51.51611],[-0.227498,51.516175],[-0.227479,51.516125],[-0.22762,51.516108],[-0.227775,51.516088],[-0.227805,51.516084],[-0.227838,51.51608],[-0.228068,51.516052],[-0.228139,51.516043],[-0.228296,51.516068],[-0.228483,51.516098],[-0.228699,51.516133],[-0.228706,51.516134],[-0.228841,51.516156],[-0.228943,51.516172],[-0.229117,51.5162],[-0.229308,51.516231],[-0.229342,51.516234],[-0.229568,51.516253],[-0.229623,51.516257],[-0.229625,51.516309],[-0.229658,51.516328],[-0.229654,51.516333],[-0.229628,51.516375],[-0.229603,51.516413],[-0.2295,51.516391],[-0.229476,51.516387],[-0.229345,51.516375],[-0.229331,51.516342],[-0.22932,51.516317],[-0.229318,51.516313],[-0.229309,51.516287],[-0.229151,51.516278],[-0.229121,51.516297],[-0.229083,51.516324],[-0.228989,51.516389],[-0.228932,51.516395],[-0.228847,51.516453],[-0.228776,51.516503],[-0.228597,51.51646],[-0.228438,51.516475],[-0.228432,51.516486],[-0.228269,51.516798],[-0.228116,51.516822],[-0.228032,51.516836],[-0.227943,51.516851],[-0.227767,51.516883],[-0.22767,51.516629]]]}},{"type":"Feature","properties":{"LSOA21CD":"E01035713","LSOA21NM":"Kensington and Chelsea 016F","MEAN_PTAL_":"6a","mean_AI":35.9178907821,"borough":"Kensington & Chelsea"},"geometry":{"type":"Polygon","coordinates":[[[-0.176211,51.494535],[-0.176099,51.494531],[-0.176082,51.494548],[-0.176054,51.494564],[-0.176025,51.494573],[-0.175982,51.494581],[-0.175939,51.494572],[-0.175928,51.494564],[-0.175911,51.494553],[-0.175898,51.494545],[-0.175883,51.494535],[-0.175883,51.494522],[-0.175883,51.494515],[-0.175884,51.494509],[-0.175885,51.494472],[-0.175901,51.494445],[-0.175956,51.494412],[-0.175974,51.494401],[-0.175907,51.494175],[-0.175898,51.494146],[-0.175898,51.494144],[-0.175886,51.494103],[-0.175871,51.494103],[-0.175804,51.494107],[-0.175779,51.494097],[-0.175783,51.494085],[-0.175788,51.494074],[-0.175815,51.494066],[-0.175917,51.494041],[-0.17596,51.494032],[-0.17601,51.494003],[-0.176013,51.494001],[-0.176019,51.493997],[-0.175976,51.493954],[-0.176204,51.493869],[-0.176206,51.493826],[-0.176145,51.493794],[-0.176082,51.493788],[-0.175943,51.4938],[-0.175992,51.493752],[-0.17601,51.49372],[-0.176011,51.493716],[-0.176022,51.49365],[-0.17594,51.493608],[-0.175904,51.493575],[-0.175951,51.49354],[-0.175877,51.493499],[-0.17583,51.493473],[-0.175855,51.493301],[-0.175893,51.493283],[-0.175898,51.493256],[-0.17576,51.493313],[-0.175641,51.493362],[-0.175634,51.493368],[-0.175597,51.493397],[-0.175581,51.493414],[-0.175537,51.493458],[-0.175551,51.493468],[-0.175536,51.493475],[-0.175513,51.493484],[-0.175509,51.493486],[-0.17548,51.493498],[-0.175463,51.493494],[-0.175424,51.493497],[-0.175362,51.493501],[-0.17535,51.493504],[-0.175275,51.493518],[-0.175198,51.493553],[-0.175068,51.493613],[-0.175023,51.493633],[-0.174952,51.493666],[-0.174887,51.493678],[-0.174854,51.493685],[-0.174734,51.493707],[-0.174523,51.493743],[-0.174509,51.493745],[-0.174308,51.493778],[-0.174286,51.493782],[-0.17414,51.493806],[-0.17405,51.493822],[-0.173931,51.493844],[-0.173821,51.493864],[-0.173792,51.493864],[-0.173798,51.493858],[-0.173808,51.49385],[-0.173817,51.493847],[-0.173825,51.493843],[-0.173848,51.493822],[-0.173841,51.493812],[-0.173852,51.493793],[-0.173853,51.493766],[-0.173852,51.493758],[-0.173847,51.493739],[-0.173841,51.493712],[-0.173814,51.493657],[-0.173815,51.493648],[-0.173689,51.493547],[-0.173661,51.493525],[-0.173632,51.493501],[-0.173532,51.493421],[-0.173506,51.493399],[-0.173293,51.493227],[-0.173204,51.493155],[-0.173145,51.493107],[-0.173005,51.492993],[-0.172847,51.492864],[-0.172774,51.492805],[-0.172546,51.492619],[-0.172392,51.492493],[-0.172384,51.492486],[-0.172372,51.492477],[-0.172253,51.492378],[-0.17212,51.492267],[-0.172044,51.492203],[-0.172082,51.492298],[-0.171658,51.492464],[-0.171645,51.492445],[-0.171643,51.492441],[-0.171617,51.492381],[-0.171601,51.492368],[-0.171592,51.492356],[-0.171592,51.492352],[-0.171608,51.492272],[-0.171602,51.492253],[-0.171592,51.492218],[-0.171534,51.492175],[-0.17143,51.492151],[-0.17132,51.492126],[-0.171282,51.492104],[-0.171301,51.492092],[-0.171387,51.492046],[-0.171593,51.491923],[-0.171623,51.491905],[-0.171667,51.491879],[-0.171695,51.49186],[-0.171737,51.491829],[-0.171742,51.491833],[-0.171774,51.491863],[-0.171854,51.491814],[-0.171872,51.491804],[-0.171933,51.491767],[-0.17197,51.491743],[-0.171975,51.49174],[-0.172033,51.491704],[-0.172089,51.491669],[-0.172119,51.49165],[-0.172146,51.491633],[-0.172165,51.491621],[-0.17222,51.491587],[-0.17225,51.491568],[-0.172282,51.491548],[-0.172314,51.491528],[-0.172385,51.491484],[-0.172413,51.491466],[-0.17243,51.491455],[-0.172456,51.491439],[-0.172525,51.491396],[-0.172545,51.491384],[-0.172579,51.491362],[-0.172604,51.491347],[-0.172639,51.491324],[-0.172657,51.491313],[-0.172794,51.491228],[-0.172836,51.491201],[-0.172863,51.491185],[-0.172928,51.491144],[-0.172936,51.491139],[-0.172957,51.491126],[-0.173067,51.491057],[-0.173298,51.490912],[-0.173371,51.490867],[-0.173614,51.490715],[-0.173622,51.49071],[-0.173739,51.490637],[-0.173895,51.490533],[-0.173901,51.490529],[-0.174059,51.490425],[-0.174126,51.49038],[-0.174486,51.490141],[-0.174546,51.490102],[-0.174558,51.490094],[-0.174673,51.490017],[-0.174775,51.48995],[-0.174811,51.489926],[-0.174961,51.489826],[-0.174982,51.489813],[-0.175009,51.489795],[-0.175061,51.48976],[-0.175087,51.489743],[-0.175207,51.489664],[-0.175214,51.489659],[-0.175246,51.489637],[-0.17526,51.489628],[-0.175302,51.489601],[-0.175353,51.489566],[-0.175356,51.489564],[-0.175432,51.489514],[-0.175459,51.489496],[-0.175493,51.489473],[-0.175511,51.489462],[-0.175519,51.489457],[-0.175639,51.489377],[-0.17585,51.489542],[-0.175861,51.489551],[-0.175922,51.489598],[-0.175934,51.489607],[-0.175937,51.48961],[-0.175949,51.489619],[-0.175957,51.489626],[-0.176027,51.48968],[-0.176043,51.489693],[-0.176068,51.489713],[-0.176079,51.489722],[-0.176083,51.489725],[-0.176103,51.48974],[-0.176113,51.489748],[-0.176116,51.489751],[-0.176136,51.489766],[-0.176146,51.489774],[-0.176174,51.489796],[-0.176177,51.489798],[-0.176185,51.489805],[-0.176206,51.489821],[-0.176213,51.489827],[-0.176221,51.489833],[-0.176253,51.489858],[-0.17627,51.489871],[-0.176296,51.489892],[-0.176321,51.489911],[-0.176351,51.489935],[-0.176399,51.489972],[-0.176406,51.489978],[-0.176428,51.489995],[-0.176443,51.490007],[-0.176459,51.490019],[-0.176463,51.490022],[-0.176518,51.490066],[-0.176527,51.490073],[-0.176545,51.490087],[-0.176557,51.490096],[-0.17661,51.490137],[-0.17662,51.490146],[-0.176641,51.490162],[-0.17666,51.490177],[-0.176663,51.490179],[-0.176674,51.490188],[-0.176736,51.490236],[-0.1768,51.490287],[-0.176828,51.490308],[-0.176838,51.490316],[-0.176849,51.490325],[-0.176866,51.490338],[-0.176896,51.490362],[-0.176911,51.490375],[-0.176978,51.490435],[-0.177052,51.490502],[-0.177089,51.490536],[-0.177141,51.490583],[-0.177186,51.490626],[-0.177205,51.490645],[-0.177227,51.49067],[-0.177267,51.490715],[-0.177276,51.490726],[-0.177305,51.490758],[-0.177325,51.49078],[-0.177375,51.490838],[-0.177442,51.490914],[-0.177508,51.49099],[-0.177512,51.490994],[-0.177586,51.490957],[-0.178307,51.490604],[-0.178328,51.490593],[-0.178548,51.490485],[-0.178554,51.490482],[-0.178895,51.490315],[-0.179013,51.490257],[-0.179059,51.490234],[-0.179173,51.490179],[-0.179195,51.490168],[-0.179198,51.490172],[-0.179231,51.490213],[-0.179243,51.490229],[-0.179251,51.490239],[-0.179296,51.490295],[-0.179304,51.490305],[-0.179377,51.490397],[-0.179384,51.490406],[-0.1794,51.490426],[-0.17946,51.490501],[-0.179494,51.490544],[-0.1795,51.490551],[-0.179516,51.490572],[-0.179578,51.49065],[-0.179593,51.490668],[-0.179607,51.490686],[-0.17963,51.490716],[-0.17966,51.490753],[-0.179671,51.490767],[-0.179681,51.490779],[-0.179692,51.490794],[-0.179734,51.490846],[-0.179796,51.490924],[-0.179827,51.490964],[-0.179865,51.491011],[-0.179875,51.491024],[-0.179949,51.491117],[-0.179978,51.491153],[-0.180056,51.491251],[-0.180063,51.49126],[-0.180072,51.491272],[-0.180079,51.49128],[-0.179867,51.491359],[-0.17985,51.491366],[-0.179842,51.49137],[-0.179758,51.491404],[-0.17972,51.491419],[-0.179604,51.491466],[-0.179596,51.491469],[-0.179561,51.491483],[-0.179526,51.4915],[-0.179517,51.491504],[-0.17934,51.491589],[-0.179318,51.491599],[-0.179313,51.491601],[-0.17922,51.491648],[-0.179197,51.491659],[-0.179154,51.491681],[-0.179149,51.491684],[-0.178874,51.491821],[-0.178814,51.491851],[-0.178807,51.491855],[-0.178714,51.491901],[-0.178531,51.491993],[-0.178404,51.492057],[-0.178384,51.492066],[-0.178392,51.492105],[-0.178412,51.492214],[-0.178441,51.492364],[-0.178442,51.492368],[-0.178449,51.492404],[-0.178464,51.492484],[-0.178485,51.492595],[-0.178511,51.492732],[-0.178513,51.492741],[-0.178525,51.492801],[-0.178556,51.492964],[-0.178566,51.49302],[-0.178592,51.493155],[-0.178608,51.493238],[-0.178617,51.493287],[-0.178638,51.493395],[-0.178644,51.493428],[-0.178653,51.493471],[-0.178655,51.493485],[-0.178657,51.493493],[-0.178664,51.49353],[-0.178666,51.493543],[-0.178673,51.493579],[-0.178681,51.493616],[-0.178726,51.493834],[-0.178727,51.493837],[-0.17873,51.493851],[-0.178763,51.494014],[-0.178777,51.494082],[-0.178795,51.494169],[-0.1788,51.494193],[-0.17881,51.494241],[-0.178812,51.494251],[-0.178822,51.494299],[-0.178825,51.494313],[-0.17883,51.494334],[-0.178847,51.494417],[-0.17886,51.494482],[-0.178862,51.494488],[-0.178863,51.494494],[-0.178864,51.494502],[-0.178869,51.494527],[-0.178885,51.4946],[-0.17889,51.494625],[-0.178892,51.494635],[-0.178893,51.494639],[-0.178894,51.494645],[-0.178895,51.494649],[-0.178905,51.4947],[-0.178915,51.494746],[-0.178918,51.494762],[-0.17892,51.494772],[-0.178929,51.494813],[-0.178939,51.494865],[-0.17896,51.494962],[-0.178965,51.49499],[-0.179,51.495156],[-0.179013,51.49522],[-0.179027,51.495288],[-0.179032,51.495314],[-0.179036,51.495332],[-0.179039,51.495345],[-0.179081,51.495521],[-0.179095,51.495586],[-0.179123,51.495725],[-0.179139,51.495802],[-0.179178,51.495993],[-0.179182,51.496009],[-0.179193,51.496061],[-0.179197,51.496082],[-0.179207,51.496133],[-0.179225,51.496218],[-0.179231,51.49625],[-0.179243,51.496306],[-0.179252,51.496352],[-0.179265,51.496414],[-0.179278,51.496476],[-0.179281,51.496489],[-0.179299,51.496579],[-0.179329,51.496724],[-0.179344,51.496798],[-0.179358,51.496865],[-0.179395,51.497044],[-0.179397,51.497053],[-0.179419,51.497158],[-0.179468,51.4974],[-0.179484,51.497476],[-0.179525,51.497674],[-0.179544,51.497767],[-0.179547,51.49778],[-0.179428,51.497789],[-0.178545,51.497854],[-0.17853,51.497855],[-0.177632,51.497921],[-0.177297,51.497946],[-0.177277,51.497947],[-0.176311,51.498018],[-0.176269,51.498021],[-0.175812,51.498055],[-0.17565,51.498067],[-0.174891,51.498123],[-0.174429,51.498157],[-0.174094,51.498181],[-0.174081,51.498119],[-0.174072,51.498073],[-0.174061,51.498023],[-0.174038,51.49791],[-0.174009,51.497768],[-0.173975,51.497601],[-0.173962,51.497535],[-0.173964,51.49749],[-0.173878,51.497111],[-0.175639,51.496996],[-0.175655,51.496995],[-0.175644,51.496896],[-0.175645,51.496887],[-0.175659,51.496878],[-0.175674,51.49687],[-0.175782,51.49686],[-0.176165,51.496827],[-0.176104,51.496239],[-0.176198,51.495952],[-0.176334,51.495537],[-0.176337,51.495528],[-0.17641,51.495305],[-0.176436,51.495066],[-0.176424,51.494883],[-0.176422,51.494849],[-0.17641,51.494807],[-0.176412,51.494798],[-0.176422,51.494723],[-0.176496,51.494547],[-0.176295,51.494539],[-0.176211,51.494535]]]}},{"type":"Feature","properties":{"LSOA21CD":"E01035714","LSOA21NM":"Kensington and Chelsea 020F","MEAN_PTAL_":"5","mean_AI":20.7633518669,"borough":"Kensington & Chelsea"},"geometry":{"type":"Polygon","coordinates":[[[-0.17585,51.489542],[-0.175639,51.489377],[-0.175657,51.489365],[-0.175683,51.489347],[-0.175693,51.48934],[-0.175699,51.489336],[-0.175759,51.489296],[-0.17585,51.489234],[-0.175881,51.489214],[-0.175911,51.489193],[-0.17592,51.489187],[-0.175957,51.489162],[-0.175979,51.489147],[-0.175986,51.489142],[-0.176004,51.48913],[-0.176014,51.489123],[-0.176019,51.48912],[-0.176029,51.489113],[-0.176036,51.489108],[-0.176066,51.489088],[-0.17608,51.489078],[-0.17612,51.489051],[-0.17613,51.489045],[-0.176161,51.489023],[-0.176182,51.48901],[-0.1762,51.488997],[-0.176267,51.488952],[-0.17629,51.488937],[-0.176295,51.488933],[-0.176318,51.488918],[-0.176332,51.488908],[-0.176354,51.488894],[-0.17643,51.488842],[-0.176446,51.488831],[-0.176453,51.488826],[-0.176459,51.488823],[-0.176524,51.488778],[-0.176562,51.488752],[-0.176696,51.488662],[-0.17671,51.488653],[-0.176871,51.488548],[-0.176885,51.488539],[-0.176944,51.488501],[-0.177073,51.488417],[-0.177161,51.48836],[-0.177234,51.488313],[-0.177305,51.488267],[-0.177311,51.488263],[-0.177387,51.488213],[-0.177447,51.488175],[-0.177505,51.488137],[-0.177516,51.48813],[-0.177522,51.488126],[-0.177579,51.488089],[-0.177585,51.488085],[-0.177656,51.488039],[-0.177711,51.488003],[-0.177779,51.487959],[-0.177844,51.487917],[-0.17791,51.487874],[-0.177959,51.487842],[-0.177977,51.487831],[-0.17799,51.487823],[-0.178069,51.487771],[-0.178081,51.487763],[-0.178097,51.487753],[-0.178112,51.487744],[-0.178181,51.487698],[-0.178211,51.487679],[-0.178229,51.487667],[-0.178308,51.487616],[-0.178324,51.487606],[-0.178437,51.487532],[-0.178441,51.48753],[-0.178543,51.487464],[-0.178546,51.487462],[-0.178606,51.487423],[-0.178856,51.487261],[-0.178861,51.487257],[-0.178914,51.487223],[-0.17896,51.487193],[-0.178967,51.487189],[-0.179,51.487167],[-0.1791,51.487102],[-0.179173,51.487058],[-0.179214,51.487033],[-0.179353,51.486947],[-0.179411,51.486911],[-0.17943,51.4869],[-0.179559,51.486821],[-0.17966,51.486759],[-0.179698,51.486736],[-0.179715,51.486725],[-0.179722,51.486721],[-0.179867,51.486632],[-0.179956,51.486577],[-0.179969,51.486569],[-0.179974,51.486566],[-0.179993,51.486554],[-0.180002,51.486549],[-0.180086,51.486497],[-0.180218,51.486416],[-0.180221,51.486414],[-0.180282,51.486377],[-0.180368,51.486324],[-0.180379,51.486317],[-0.180386,51.486313],[-0.180406,51.486301],[-0.180428,51.486287],[-0.180433,51.486284],[-0.180441,51.486279],[-0.180472,51.48626],[-0.180651,51.486151],[-0.180673,51.486137],[-0.180683,51.48613],[-0.180701,51.486119],[-0.180743,51.486094],[-0.18075,51.48609],[-0.180912,51.48599],[-0.180957,51.485963],[-0.180968,51.485957],[-0.18098,51.48595],[-0.181002,51.485937],[-0.181007,51.485934],[-0.18105,51.485909],[-0.181066,51.485899],[-0.181107,51.485875],[-0.181113,51.485871],[-0.181136,51.485858],[-0.181161,51.485843],[-0.181213,51.485812],[-0.181296,51.485763],[-0.181304,51.485758],[-0.181322,51.485748],[-0.181339,51.485739],[-0.181388,51.485712],[-0.181488,51.485659],[-0.181627,51.485583],[-0.18164,51.485576],[-0.181837,51.48547],[-0.181856,51.48546],[-0.181952,51.485407],[-0.181965,51.4854],[-0.181999,51.485381],[-0.182053,51.485351],[-0.182067,51.485343],[-0.182173,51.485285],[-0.182269,51.485232],[-0.182367,51.485178],[-0.182495,51.485107],[-0.182506,51.485101],[-0.182665,51.485013],[-0.182688,51.485028],[-0.182777,51.485085],[-0.182922,51.485179],[-0.182945,51.485193],[-0.182995,51.485225],[-0.182998,51.485227],[-0.18311,51.4853],[-0.183135,51.485315],[-0.183138,51.485319],[-0.183167,51.485343],[-0.183177,51.485342],[-0.183186,51.485348],[-0.183234,51.485379],[-0.18324,51.485383],[-0.183388,51.485478],[-0.183392,51.48548],[-0.183444,51.485514],[-0.18345,51.485518],[-0.183529,51.485569],[-0.183559,51.485588],[-0.183616,51.485624],[-0.183721,51.485692],[-0.183809,51.485749],[-0.183897,51.485805],[-0.1839,51.485807],[-0.183984,51.485861],[-0.183995,51.485869],[-0.184048,51.485903],[-0.184056,51.485908],[-0.184068,51.485902],[-0.184077,51.485906],[-0.184097,51.485911],[-0.18411,51.485907],[-0.184429,51.485916],[-0.184439,51.485923],[-0.184445,51.485926],[-0.184447,51.485934],[-0.1845,51.486073],[-0.184496,51.486084],[-0.184472,51.48615],[-0.184481,51.486156],[-0.184516,51.486178],[-0.184529,51.486199],[-0.184535,51.486208],[-0.184542,51.486207],[-0.184765,51.486342],[-0.184838,51.486386],[-0.184878,51.486411],[-0.184892,51.486419],[-0.1849,51.486424],[-0.184941,51.486451],[-0.185122,51.486563],[-0.185296,51.48667],[-0.185283,51.48667],[-0.185115,51.486828],[-0.18511,51.486829],[-0.185096,51.486833],[-0.185068,51.48684],[-0.184982,51.486845],[-0.184922,51.486879],[-0.184912,51.486884],[-0.184907,51.486886],[-0.184863,51.486915],[-0.184859,51.486917],[-0.184852,51.486924],[-0.184737,51.486971],[-0.184727,51.486978],[-0.184708,51.486989],[-0.184632,51.487034],[-0.184614,51.487066],[-0.184583,51.487111],[-0.18457,51.48713],[-0.184473,51.487194],[-0.184449,51.487211],[-0.184442,51.487216],[-0.184409,51.487217],[-0.184372,51.487225],[-0.184317,51.487239],[-0.184246,51.487274],[-0.184174,51.48731],[-0.184128,51.487333],[-0.184075,51.487332],[-0.184064,51.487339],[-0.18406,51.487342],[-0.183942,51.487419],[-0.183935,51.487423],[-0.183916,51.48743],[-0.183783,51.487472],[-0.183773,51.487483],[-0.183764,51.487491],[-0.183682,51.487533],[-0.183638,51.487545],[-0.183551,51.487569],[-0.183428,51.487587],[-0.183412,51.487586],[-0.183405,51.487586],[-0.183269,51.487629],[-0.183237,51.487639],[-0.183171,51.487653],[-0.183254,51.487761],[-0.183212,51.487794],[-0.183194,51.487809],[-0.183189,51.487813],[-0.1832,51.487913],[-0.183434,51.48812],[-0.18328,51.488197],[-0.183148,51.488263],[-0.183121,51.488276],[-0.183115,51.488279],[-0.183084,51.488294],[-0.18306,51.488306],[-0.183064,51.488317],[-0.183084,51.488365],[-0.183165,51.48856],[-0.183213,51.488671],[-0.183257,51.488773],[-0.18331,51.488895],[-0.18333,51.488921],[-0.183365,51.488967],[-0.183397,51.489011],[-0.183433,51.489058],[-0.183502,51.489122],[-0.183508,51.489128],[-0.1836,51.489214],[-0.183629,51.48924],[-0.183606,51.48925],[-0.183258,51.489409],[-0.183168,51.48945],[-0.183156,51.489455],[-0.183166,51.489473],[-0.183174,51.489478],[-0.183232,51.489519],[-0.18332,51.489581],[-0.183326,51.489585],[-0.183342,51.489593],[-0.183352,51.489613],[-0.18338,51.489669],[-0.183426,51.489696],[-0.183494,51.489736],[-0.183506,51.489744],[-0.183511,51.489745],[-0.183615,51.489859],[-0.183618,51.489868],[-0.183589,51.489882],[-0.183575,51.489889],[-0.183521,51.490008],[-0.183491,51.490051],[-0.183479,51.490054],[-0.183269,51.490108],[-0.183223,51.49012],[-0.183212,51.490123],[-0.183205,51.490125],[-0.183198,51.490137],[-0.183174,51.490134],[-0.183129,51.490127],[-0.18305,51.49011],[-0.183038,51.490107],[-0.183006,51.490085],[-0.182903,51.490014],[-0.182899,51.490012],[-0.182878,51.490002],[-0.182836,51.489958],[-0.182816,51.489912],[-0.182816,51.489901],[-0.182819,51.489854],[-0.182823,51.489843],[-0.182834,51.489814],[-0.182802,51.489808],[-0.182793,51.489807],[-0.18271,51.48978],[-0.182635,51.489737],[-0.182617,51.489712],[-0.182609,51.489686],[-0.182608,51.489681],[-0.182608,51.489678],[-0.182637,51.489581],[-0.182653,51.489554],[-0.182662,51.48954],[-0.182647,51.489527],[-0.182629,51.489511],[-0.182626,51.489508],[-0.182543,51.48949],[-0.182252,51.489591],[-0.182091,51.489647],[-0.182065,51.489619],[-0.182061,51.489615],[-0.182037,51.48959],[-0.181985,51.489533],[-0.181981,51.489528],[-0.18195,51.489496],[-0.181942,51.489487],[-0.18186,51.489398],[-0.181833,51.489369],[-0.181804,51.489337],[-0.181799,51.489332],[-0.181781,51.489313],[-0.181779,51.48931],[-0.181771,51.489301],[-0.181764,51.489294],[-0.181724,51.489251],[-0.181664,51.489186],[-0.181657,51.489178],[-0.181638,51.489158],[-0.181628,51.489147],[-0.18159,51.489106],[-0.18154,51.489052],[-0.181511,51.489021],[-0.181506,51.489015],[-0.181502,51.489012],[-0.181414,51.488916],[-0.18141,51.488912],[-0.181274,51.488765],[-0.181271,51.488761],[-0.181258,51.488748],[-0.181242,51.48873],[-0.18122,51.488711],[-0.18121,51.488702],[-0.181108,51.48861],[-0.181087,51.488591],[-0.181066,51.488573],[-0.181058,51.488566],[-0.181054,51.488563],[-0.181041,51.488551],[-0.181035,51.488547],[-0.181027,51.48854],[-0.180836,51.488545],[-0.180726,51.488566],[-0.180703,51.48857],[-0.180567,51.488627],[-0.180627,51.488746],[-0.180608,51.488754],[-0.180536,51.488796],[-0.180523,51.488804],[-0.180518,51.488807],[-0.18051,51.488812],[-0.18049,51.488824],[-0.179992,51.489089],[-0.179979,51.489095],[-0.179941,51.489115],[-0.179931,51.489121],[-0.179926,51.489111],[-0.179921,51.48911],[-0.179889,51.489041],[-0.179852,51.488962],[-0.179836,51.488931],[-0.179826,51.488917],[-0.179789,51.488872],[-0.179791,51.488869],[-0.1797,51.488749],[-0.179664,51.488719],[-0.179647,51.488705],[-0.179641,51.488701],[-0.179408,51.488582],[-0.17939,51.488573],[-0.179383,51.488578],[-0.179061,51.488787],[-0.178972,51.488845],[-0.178287,51.48929],[-0.178356,51.489322],[-0.178348,51.489329],[-0.178569,51.489448],[-0.178592,51.48946],[-0.17861,51.489454],[-0.178759,51.489409],[-0.178844,51.489391],[-0.178845,51.489382],[-0.179044,51.489321],[-0.179066,51.489347],[-0.179115,51.489405],[-0.179173,51.489417],[-0.179179,51.489418],[-0.179158,51.489462],[-0.179184,51.489493],[-0.179209,51.489521],[-0.179241,51.489562],[-0.179295,51.489572],[-0.179308,51.489628],[-0.179301,51.48964],[-0.179355,51.489685],[-0.17908,51.489781],[-0.179033,51.489797],[-0.178951,51.489826],[-0.178923,51.489836],[-0.17895,51.48987],[-0.178969,51.489893],[-0.179195,51.490168],[-0.179173,51.490179],[-0.179059,51.490234],[-0.179013,51.490257],[-0.178895,51.490315],[-0.178554,51.490482],[-0.178548,51.490485],[-0.178328,51.490593],[-0.178307,51.490604],[-0.177586,51.490957],[-0.177512,51.490994],[-0.177508,51.49099],[-0.177442,51.490914],[-0.177375,51.490838],[-0.177325,51.49078],[-0.177305,51.490758],[-0.177276,51.490726],[-0.177267,51.490715],[-0.177227,51.49067],[-0.177205,51.490645],[-0.177186,51.490626],[-0.177141,51.490583],[-0.177089,51.490536],[-0.177052,51.490502],[-0.176978,51.490435],[-0.176911,51.490375],[-0.176896,51.490362],[-0.176866,51.490338],[-0.176849,51.490325],[-0.176838,51.490316],[-0.176828,51.490308],[-0.1768,51.490287],[-0.176736,51.490236],[-0.176674,51.490188],[-0.176663,51.490179],[-0.17666,51.490177],[-0.176641,51.490162],[-0.17662,51.490146],[-0.17661,51.490137],[-0.176557,51.490096],[-0.176545,51.490087],[-0.176527,51.490073],[-0.176518,51.490066],[-0.176463,51.490022],[-0.176459,51.490019],[-0.176443,51.490007],[-0.176428,51.489995],[-0.176406,51.489978],[-0.176399,51.489972],[-0.176351,51.489935],[-0.176321,51.489911],[-0.176296,51.489892],[-0.17627,51.489871],[-0.176253,51.489858],[-0.176221,51.489833],[-0.176213,51.489827],[-0.176206,51.489821],[-0.176185,51.489805],[-0.176177,51.489798],[-0.176174,51.489796],[-0.176146,51.489774],[-0.176136,51.489766],[-0.176116,51.489751],[-0.176113,51.489748],[-0.176103,51.48974],[-0.176083,51.489725],[-0.176079,51.489722],[-0.176068,51.489713],[-0.176043,51.489693],[-0.176027,51.48968],[-0.175957,51.489626],[-0.175949,51.489619],[-0.175937,51.48961],[-0.175934,51.489607],[-0.175922,51.489598],[-0.175861,51.489551],[-0.17585,51.489542]]]}}]}